SERIAL_NO|CARD_NO|GETON_YMD|GETON_TM|TRANSACTION_ID|TR_MEANS_TYPE|TRANSF_CNT|BUS_ROUTE_ID|BUS_CO_ID|BUS_CAR_ID|USR_TYPE|DRVN_START_YMD|DRVN_START_TM|GETON_BUS_STTN_ID|GETOFF_YMD|GETOFF_TM|GETOFF_BUS_STTN_ID|YSR_CNT|GETON_PAY|GETOFF_PAY|DRVR_ID|GETON_CALC_YMD|GETOFF_CALC_YMD|ETL_TYPE|ETL_DATE
343832|0000000757847972              |20220525|082300|003|675|1|30300055|130010014|130753209|1|20220525|073035|8001349|20220525|082533|8002343|1|0|0|      |20220525|20220525|0603|2022-06-05 07:04:47
343834|0000000643242929              |20220525|134618|006|676|1|30300037|130010006|130752049|1|20220525|133559|8001349|20220525|134926|8002343|1|0|0|      |20220525|20220525|0603|2022-06-05 07:04:47
343836|0000000903841070              |20220525|184928|020|676|1|30300037|130010006|130752038|1|20220525|145432|8001349|20220525|185424|8002343|1|0|0|      |20220525|20220525|0603|2022-06-05 07:04:47
343838|0000000777422916              |20220525|190756|025|676|1|30300037|130010006|130752040|1|20220525|171905|8001349|20220525|191259|8002343|1|0|0|      |20220525|20220525|0603|2022-06-05 07:04:47
343840|0000000776224542              |20220525|095924|015|676|1|30300037|130010006|130752062|1|20220525|093931|8001349|20220525|100228|8002343|1|0|0|      |20220525|20220525|0603|2022-06-05 07:04:47
343842|0000000679724729              |20220525|104218|019|675|1|30300055|130010014|130753512|1|20220525|095326|8001349|20220525|104657|8002343|1|0|0|      |20220525|20220525|0603|2022-06-05 07:04:47
343844|0000000629254644              |20220525|124959|005|675|1|30300055|130010014|130753229|1|20220525|120519|8001349|20220525|125414|8002343|1|0|0|      |20220525|20220525|0603|2022-06-05 07:04:47
343846|0000000770863293              |20220525|140217|006|675|1|30300055|130010014|130753268|1|20220525|055538|8001349|20220525|140651|8002343|1|0|0|      |20220525|20220525|0603|2022-06-05 07:04:47
343848|0000000638781700              |20220525|162859|020|676|2|30300037|130010006|130752014|1|20220525|161714|8001349|20220525|163322|8002343|1|0|0|      |20220525|20220525|0603|2022-06-05 07:04:47
343850|0000000740489048              |20220525|171032|016|676|1|30300037|130010006|130759004|1|20220525|165818|8001349|20220525|171542|8002343|1|0|0|      |20220525|20220525|0603|2022-06-05 07:04:47
343852|0000000629380223              |20220525|185712|019|676|1|30300037|130010006|130752027|1|20220525|184724|8001349|20220525|190021|8002343|1|0|0|      |20220525|20220525|0603|2022-06-05 07:04:47
343854|0000000741534541              |20220525|204355|013|675|1|30300055|130010014|130753252|1|20220525|180227|8001349|20220525|204904|8002343|1|0|0|      |20220525|20220525|0603|2022-06-05 07:04:47
344261|0000000698620801              |20220525|194844|014|675|0|30300075|130010005|130759270|1|20220525|174148|8002296|20220525|195021|8002307|1|1250|0|      |20220525|20220525|0603|2022-06-05 07:04:47
344263|0000000693712313              |20220525|140549|009|675|0|30300055|130010014|130753250|1|20220525|135737|8002093|20220525|144716|8002156|1|1250|0|      |20220525|20220525|0603|2022-06-05 07:04:47
344265|0000000400213754              |20220525|134120|021|675|0|30300081|130010011|130759571|1|20220525|125617|8002969|20220525|140554|8070006|1|1250|0|      |20220525|20220525|0603|2022-06-05 07:04:47
344267|0000000693129161              |20220525|120759|006|675|1|30300056|130010012|130753307|1|20220525|114759|8001590|20220525|123623|8001707|1|150|0|      |20220525|20220525|0603|2022-06-05 07:04:47
344269|0000000797579668              |20220525|200821|020|676|0|30300087|130010015|130759621|1|20220525|193706|8001949|20220525|205258|8002134|1|1250|0|      |20220525|20220525|0603|2022-06-05 07:04:47
344271|0000000781699223              |20220525|201804|018|676|0|30300039|130010005|130759263|1|20220525|195657|8002405|20220525|203651|8001922|1|1250|0|      |20220525|20220525|0603|2022-06-05 07:04:47
344273|0000000400129527              |20220525|062248|017|675|0|30300056|130010012|130753315|1|20220525|051104|8005909|20220525|063233|8002410|1|1250|0|      |20220525|20220525|0603|2022-06-05 07:04:47
344275|0000001110291675              |20220525|222546|026|676|0|30300036|130010012|130753372|1|20220524|052359|8002376|20220525|225309|8001587|1|1250|0|      |20220525|20220525|0603|2022-06-05 07:04:47
344277|0000000793864119              |20220525|072602|018|676|0|30300036|130010011|130759520|1|20220525|070314|8002596|20220525|074432|8002757|1|1250|0|      |20220525|20220525|0603|2022-06-05 07:04:47
344279|0000000785000245              |20220525|112916|023|675|0|30300081|130010011|130759506|1|20220525|111956|8001589|20220525|114657|8001629|1|1250|0|      |20220525|20220525|0603|2022-06-05 07:04:47
344281|0000000785638100              |20220525|121110|009|675|0|30300056|130010012|130753308|1|20220525|100034|8002915|20220525|123839|8001589|1|1250|0|      |20220525|20220525|0603|2022-06-05 07:04:47
344283|0000000788582835              |20220525|135016|003|676|0|30300039|130010005|130759212|4|20220525|125820|8002493|20220525|140435|8002921|1|750|0|      |20220525|20220525|0603|2022-06-05 07:04:47
339527|0000000921620255              |20220525|123819|024|676|1|30300037|130010006|130752024|1|20220525|120600|8001534|20220525|132955|8002921|1|0|0|      |20220525|20220525|0603|2022-06-05 07:04:47
339934|0000000751037558              |20220525|184817|020|675|1|30300078|130010008|130752166|1|20220525|175827|8002231|20220525|185023|8001360|1|0|0|      |20220525|20220525|0603|2022-06-05 07:04:47
339936|0000000655958580              |20220525|190755|029|675|1|30300078|130010008|130752169|1|20220525|124420|8002231|20220525|190822|8001360|1|0|0|      |20220525|20220525|0603|2022-06-05 07:04:47
339938|0000000725505651              |20220525|230252|020|675|1|30300078|130010008|130752163|1|20220525|222701|8002231|20220525|230402|8001360|1|0|0|      |20220525|20220525|0603|2022-06-05 07:04:47
339940|0000000675920152              |20220525|095136|011|676|1|30300043|130010015|130759677|1|20220525|083022|8005590|20220525|095235|8005588|1|0|0|      |20220525|20220525|0603|2022-06-05 07:04:47
339942|0000000732147864              |20220525|212405|026|676|1|30300131|130010008|130752722|1|20220525|205831|8070011|20220525|214019|8002814|1|0|0|      |20220525|20220525|0603|2022-06-05 07:04:47
339944|0000000921137801              |20220525|070918|015|675|1|30300079|130010009|130759128|1|20220525|063550|8002802|20220525|072438|8001654|1|0|0|      |20220525|20220525|0603|2022-06-05 07:04:47
339946|0000000918077763              |20220525|085433|010|676|1|30300043|130010015|130759601|1|20220525|072015|8005590|20220525|085522|8005588|1|0|0|      |20220525|20220525|0603|2022-06-05 07:04:47
339948|0000000768451211              |20220525|094555|022|676|1|30300038|130010014|130753505|1|20220525|083617|8002635|20220525|100303|8001401|1|0|0|      |20220525|20220525|0603|2022-06-05 07:04:47
339950|0000000722466317              |20220525|204831|002|676|1|30300038|130010014|130753214|1|20220525|194046|8002635|20220525|210359|8001401|1|0|0|      |20220525|20220525|0603|2022-06-05 07:04:47
339952|0000000910205512              |20220525|071301|017|676|1|30300068|130010006|130752030|1|20220525|052518|8001096|20220525|072707|8002228|1|0|0|      |20220525|20220525|0603|2022-06-05 07:04:47
339954|0000000904485221              |20220525|105655|009|676|1|30300068|130010006|130759025|1|20220525|103504|8001096|20220525|111012|8002228|1|0|0|      |20220525|20220525|0603|2022-06-05 07:04:47
339956|0000000711273727              |20220525|203913|008|675|1|30300053|130010002|130752395|1|20220525|201529|8001029|20220525|204830|8002966|1|0|0|      |20220525|20220525|0603|2022-06-05 07:04:47
339958|0000000400182848              |20220525|114428|001|675|0|30300082|130010001|130759739|1|20220525|112747|8002440|20220525|114905|8001397|1|1250|0|      |20220525|20220525|0603|2022-06-05 07:04:47
339960|0000000186469912              |20220525|121601|010|675|0|30300047|130010001|130759702|1|20220525|115416|8002542|20220525|125654|8002737|1|1250|0|      |20220525|20220525|0603|2022-06-05 07:04:47
340367|0000000713323207              |20220525|184358|027|679|0|30300063|130010001|130759406|1|20220525|165511|8002854|20220525|190403|8001364|1|1250|0|      |20220525|20220525|0603|2022-06-05 07:04:47
340369|0000000725974984              |20220525|210429|027|675|0|30300144|130010012|130753382|1|20220525|141516|8001872|20220525|210736|8001996|1|1250|0|      |20220525|20220525|0603|2022-06-05 07:04:47
340371|0000000743772766              |20220525|055837|027|675|0|30300045|130010006|130752043|1|20220525|053515|8003043|20220525|061227|8001296|1|1250|0|      |20220525|20220525|0603|2022-06-05 07:04:47
340373|0000000774011052              |20220525|071935|001|675|0|30300081|130010011|130759506|1|20220525|065419|8002217|20220525|075058|8002753|1|1250|0|      |20220525|20220525|0603|2022-06-05 07:04:47
340375|0000000768639430              |20220525|074503|002|675|0|30300045|130010006|130759002|1|20220525|055759|8002846|20220525|074616|8001952|1|1250|0|      |20220525|20220525|0603|2022-06-05 07:04:47
340377|0000000764456507              |20220525|080145|029|675|0|30300075|130010005|130759264|1|20220525|063252|8001352|20220525|082719|8002986|1|1250|0|      |20220525|20220525|0603|2022-06-05 07:04:47
340379|0000000601221332              |20220525|075256|014|674|0|30300002|130010007|130759315|1|20220525|070605|8002881|20220525|081408|8002139|1|1250|0|      |20220525|20220525|0603|2022-06-05 07:04:47
340381|0000000763606380              |20220525|084238|005|675|0|30300108|130010007|130759344|1|20220525|083655|8002735|20220525|085204|8002492|1|1250|0|      |20220525|20220525|0603|2022-06-05 07:04:47
340383|0000000625851839              |20220525|083744|002|675|0|30300096|130010006|130752026|1|20220525|071204|8001232|20220525|085027|8001324|1|1250|0|      |20220525|20220525|0603|2022-06-05 07:04:47
340385|0000000600581551              |20220525|085921|020|675|0|30300108|130010007|130759344|1|20220525|083655|8001282|20220525|092857|8001878|1|1250|0|      |20220525|20220525|0603|2022-06-05 07:04:47
340387|0000000711432062              |20220525|094727|016|675|0|30300108|130010007|130759303|1|20220525|085823|8002142|20220525|095721|8007064|1|1250|0|      |20220525|20220525|0603|2022-06-05 07:04:47
340389|0000000773628867              |20220525|105726|009|675|0|30300062|130010008|130752129|1|20220525|093048|8001923|20220525|110854|8001318|1|1250|0|      |20220525|20220525|0603|2022-06-05 07:04:47
340391|0000000742161786              |20220525|142854|021|675|0|30300064|130010015|130759637|1|20220525|133412|8001979|20220525|143425|8007514|1|1250|0|      |20220525|20220525|0603|2022-06-05 07:04:47
340771|0000000646973186              |20220525|185034|017|675|0|30300047|130010001|130759430|1|20220525|165821|8070017|20220525|185848|8001009|1|1250|0|      |20220525|20220525|0603|2022-06-05 07:04:47
340773|0000000721188037              |20220525|194822|031|675|0|30300047|130010001|130759438|1|20220525|193855|8002411|20220525|195152|8005993|1|1250|0|      |20220525|20220525|0603|2022-06-05 07:04:47
340775|0000000465972620              |20220525|091125|023|678|0|30300074|130010014|130753237|1|20220525|051442|8001096|20220525|093206|8001749|1|1250|0|      |20220525|20220525|0603|2022-06-05 07:04:47
340777|0000000905265035              |20220525|080721|011|677|0|30300129|130010009|130759163|1|20220525|080434|8002941|20220525|083229|8007166|1|1250|0|      |20220525|20220525|0603|2022-06-05 07:04:47
340779|0000000772964130              |20220525|123856|018|675|0|30300058|130010004|130752259|1|20220525|111348|8005895|20220525|125905|8001419|1|1250|0|      |20220525|20220525|0603|2022-06-05 07:04:47
340781|0000000900304852              |20220525|191626|010|674|0|30300002|130010007|130759336|1|20220525|190519|8001284|20220525|195757|8001096|1|1250|0|      |20220525|20220525|0603|2022-06-05 07:04:47
340783|0000000626136240              |20220525|071206|014|675|0|30300059|130010004|130752260|1|20220525|065521|8001665|20220525|073812|8002814|1|1250|0|      |20220525|20220525|0603|2022-06-05 07:04:47
340785|0000000716823516              |20220525|174346|015|675|0|30300046|130010002|130752379|1|20220525|170324|8002596|20220525|181302|8001028|1|1250|0|      |20220525|20220525|0603|2022-06-05 07:04:47
340787|0000000741831263              |20220525|181159|010|681|0|30300042|130010009|130759136|1|20220525|175742|8002633|20220525|183424|8002279|1|1250|0|      |20220525|20220525|0603|2022-06-05 07:04:47
336526|0000000751925318              |20220525|202357|009|675|0|30300075|130010005|130759211|1|20220525|185003|8002825|20220525|204855|8001097|1|1250|0|      |20220525|20220525|0603|2022-06-05 07:04:47
336528|0000000761618661              |20220525|092348|010|675|0|30300065|130010004|130752234|1|20220525|085857|8007017|20220525|093717|8001348|1|1250|0|      |20220525|20220525|0603|2022-06-05 07:04:47
336530|0000000909184404              |20220525|161137|016|675|0|30300065|130010004|130752242|1|20220525|154559|8007017|20220525|162529|8001348|1|1250|0|      |20220525|20220525|0603|2022-06-05 07:04:47
336937|0000000906113058              |20220525|182036|014|676|0|30300089|130010011|130759504|1|20220525|144555|8001656|20220525|183156|8003048|1|1250|0|      |20220525|20220525|0603|2022-06-05 07:04:47
336939|0000000743549160              |20220525|084444|013|675|0|30300103|130010013|130759826|1|20220525|043420|8002048|20220525|085553|8005551|1|1250|0|      |20220525|20220525|0603|2022-06-05 07:04:47
336941|0000000725506330              |20220525|164708|030|675|0|30300079|130010009|130759173|1|20220525|134326|8002311|20220525|165700|8001532|1|1250|0|      |20220525|20220525|0603|2022-06-05 07:04:47
336943|0000000763785028              |20220525|194111|014|675|0|30300103|130010013|130759832|1|20220525|173209|8005551|20220525|200611|8002048|1|1250|0|      |20220525|20220525|0603|2022-06-05 07:04:47
336945|0000000903104483              |20220525|161918|015|675|0|30300083|130010001|130759478|1|20220525|152619|8001855|20220525|163010|8001277|1|1250|0|      |20220525|20220525|0603|2022-06-05 07:04:47
336947|0000000724756196              |20220525|144730|030|675|0|30300062|130010008|130752129|1|20220525|142807|8001078|20220525|150832|8001939|1|1250|0|      |20220525|20220525|0603|2022-06-05 07:04:47
336949|0000000910247918              |20220525|181721|002|675|0|30300062|130010008|130752137|1|20220525|174448|8001078|20220525|183859|8001939|1|1250|0|      |20220525|20220525|0603|2022-06-05 07:04:47
336951|0000000774043537              |20220525|210917|013|675|0|30300062|130010008|130752162|1|20220525|203635|8001078|20220525|212714|8001939|1|1250|0|      |20220525|20220525|0603|2022-06-05 07:04:47
336953|0000000778109617              |20220525|075330|031|675|0|30300049|130010004|130752287|1|20220525|060352|8002966|20220525|080145|8002754|1|1250|0|      |20220525|20220525|0603|2022-06-05 07:04:47
336955|0000000722277640              |20220525|085255|025|676|0|30300072|130010001|130759434|1|20220525|075822|8002075|20220525|090630|8002558|1|1250|0|      |20220525|20220525|0603|2022-06-05 07:04:47
336957|0000000749678312              |20220525|083305|005|675|0|30300077|130010006|130752064|1|20220525|081748|8001495|20220525|085041|8002733|1|1250|0|      |20220525|20220525|0603|2022-06-05 07:04:47
336959|0000000903005475              |20220525|083313|006|675|0|30300077|130010006|130752064|1|20220525|081748|8001495|20220525|085104|8002733|1|1250|0|      |20220525|20220525|0603|2022-06-05 07:04:47
336961|0000000700981920              |20220525|124134|022|675|0|30300077|130010006|130752054|1|20220525|122720|8001495|20220525|130019|8002733|1|1250|0|      |20220525|20220525|0603|2022-06-05 07:04:47
336963|0000000754907052              |20220525|191250|017|676|0|30300036|130010011|130759532|1|20220525|164049|8002382|20220525|191831|8002997|1|1250|0|      |20220525|20220525|0603|2022-06-05 07:04:47
337370|0000000903608872              |20220525|114857|009|676|1|30300041|130010012|130753312|1|20220525|113236|8001096|20220525|115722|8002649|1|0|0|      |20220525|20220525|0603|2022-06-05 07:04:47
337372|0000000900701260              |20220525|134704|017|676|1|30300041|130010012|130753318|1|20220525|131746|8001096|20220525|135702|8002649|1|0|0|      |20220525|20220525|0603|2022-06-05 07:04:47
337374|0000000912620304              |20220525|160543|002|676|1|30300041|130010012|130753324|1|20220525|154737|8001096|20220525|161706|8002649|1|0|0|      |20220525|20220525|0603|2022-06-05 07:04:47
337376|0000000719475417              |20220525|081146|026|676|1|30300037|130010006|130752002|1|20220525|074402|8001534|20220525|084634|8001296|1|0|0|      |20220525|20220525|0603|2022-06-05 07:04:47
337378|0000000713503100              |20220525|122149|020|676|1|30300070|130010004|130752228|1|20220525|112022|8001421|20220525|124030|8002826|1|0|0|      |20220525|20220525|0603|2022-06-05 07:04:47
337380|0000000758930804              |20220525|121700|010|676|1|30300037|130010006|130752011|1|20220525|060255|8001534|20220525|124943|8001296|1|0|0|      |20220525|20220525|0603|2022-06-05 07:04:47
337382|0000000707265322              |20220525|131209|020|676|1|30300070|130010004|130752254|1|20220525|121653|8001421|20220525|132830|8002826|1|0|0|      |20220525|20220525|0603|2022-06-05 07:04:47
337384|0000000909425277              |20220525|140821|015|676|1|30300070|130010004|130752605|1|20220525|131054|8001421|20220525|142646|8002826|1|0|0|      |20220525|20220525|0603|2022-06-05 07:04:47
337386|0000000606749145              |20220525|153438|027|676|2|30300070|130010004|130752226|1|20220525|143700|8001421|20220525|155433|8002826|1|0|0|      |20220525|20220525|0603|2022-06-05 07:04:47
337388|0000000671587834              |20220525|185038|017|676|1|30300070|130010004|130752201|1|20220525|173912|8001421|20220525|190846|8002826|1|0|0|      |20220525|20220525|0603|2022-06-05 07:04:47
337390|0000000755072048              |20220525|084251|003|674|1|30300100|130010002|130752383|1|20220525|083310|8001529|20220525|091432|8001158|1|0|0|      |20220525|20220525|0603|2022-06-05 07:04:47
337392|0000000724772998              |20220525|184800|020|674|1|30300100|130010002|130752344|1|20220525|175228|8001529|20220525|192354|8001158|1|0|0|      |20220525|20220525|0603|2022-06-05 07:04:47
337394|0000000672263269              |20220525|155606|006|674|1|30300002|130010007|130759323|1|20220525|154023|8001792|20220525|160252|8002437|1|0|0|      |20220525|20220525|0603|2022-06-05 07:04:47
337801|0000000777136495              |20220525|173358|020|675|1|30300056|130010012|130753331|1|20220525|162917|8001494|20220525|173615|8001482|1|0|0|      |20220525|20220525|0603|2022-06-05 07:04:47
337803|0000000660866559              |20220525|184623|016|675|1|30300083|130010001|130759426|1|20220525|132143|8001494|20220525|184753|8001482|1|0|0|      |20220525|20220525|0603|2022-06-05 07:04:47
337805|0000000779921634              |20220525|212547|023|675|1|30300083|130010001|130759771|1|20220525|205152|8001494|20220525|212803|8001482|1|0|0|      |20220525|20220525|0603|2022-06-05 07:04:47
337807|0000000743403540              |20220525|223117|029|675|1|30300055|130010014|130753259|1|20220525|221502|8001554|20220525|223200|8002063|1|0|0|      |20220525|20220525|0603|2022-06-05 07:04:47
337809|0000000743189582              |20220525|194725|013|675|1|30300055|130010014|130753266|1|20220525|192551|8001554|20220525|194953|8002063|1|0|0|      |20220525|20220525|0603|2022-06-05 07:04:47
337811|0000000742523058              |20220525|173729|024|675|1|30300055|130010014|130753211|1|20220525|171236|8001554|20220525|173811|8002063|1|0|0|      |20220525|20220525|0603|2022-06-05 07:04:47
337813|0000000722890789              |20220525|105501|004|675|1|30300081|130010011|130759570|1|20220525|060543|8001005|20220525|110426|8002615|1|0|0|      |20220525|20220525|0603|2022-06-05 07:04:47
332211|0000000728690179              |20220525|105502|002|676|0|30300037|130010006|130752005|1|20220525|101811|8001005|20220525|105929|8002235|1|1250|0|      |20220525|20220525|0603|2022-06-05 07:04:47
332213|0000000765024271              |20220525|141526|019|675|0|30300081|130010011|130759523|1|20220525|134029|8001005|20220525|141857|8002235|1|1250|0|      |20220525|20220525|0603|2022-06-05 07:04:47
332215|0000000910509678              |20220525|213638|007|676|0|30300037|130010006|130759004|1|20220525|204214|8001296|20220525|214143|8002411|1|1250|0|      |20220525|20220525|0603|2022-06-05 07:04:47
332217|0000000725956659              |20220525|152643|001|675|0|30300067|130010001|130759412|1|20220525|125807|8002635|20220525|154709|8005875|1|1250|0|      |20220525|20220525|0603|2022-06-05 07:04:47
332219|0000000777399859              |20220525|062311|016|674|0|30300104|130010002|130752504|1|20220525|055611|8005997|20220525|063548|8001567|1|1250|0|      |20220525|20220525|0603|2022-06-05 07:04:47
332626|0000000762636521              |20220525|055138|014|675|0|30300075|130010005|130759221|1|20220525|053232|8001381|20220525|060321|8001417|1|1250|0|      |20220525|20220525|0603|2022-06-05 07:04:47
332628|0000000742326186              |20220525|081633|016|675|0|30300075|130010005|130759211|1|20220525|065001|8001381|20220525|082907|8001417|1|1250|0|      |20220525|20220525|0603|2022-06-05 07:04:47
332630|0000000771824488              |20220525|193338|004|675|0|30300047|130010001|130759718|1|20220525|173523|8002544|20220525|194354|8001828|1|1250|0|      |20220525|20220525|0603|2022-06-05 07:04:47
332632|0000000762403452              |20220525|070149|006|675|0|30300075|130010005|130759226|1|20220525|064638|8001381|20220525|071311|8001417|1|1250|0|      |20220525|20220525|0603|2022-06-05 07:04:47
332634|0000000743191775              |20220525|221153|026|675|0|30300077|130010006|130752064|1|20220525|215202|8001528|20220525|223428|8001737|1|1250|0|      |20220525|20220525|0603|2022-06-05 07:04:47
332636|0000000650228048              |20220525|094939|008|676|0|30300054|130010007|130759360|1|20220525|094032|8002916|20220525|095540|8001762|1|1250|0|      |20220525|20220525|0603|2022-06-05 07:04:47
332638|0000000918021998              |20220525|181232|007|675|0|30300075|130010005|130759221|1|20220525|163352|8001381|20220525|182449|8001417|1|1250|0|      |20220525|20220525|0603|2022-06-05 07:04:47
332640|0000000906149292              |20220525|080709|015|676|0|30300036|130010012|130753372|1|20220524|052359|8070036|20220525|081339|8001681|1|1250|0|      |20220525|20220525|0603|2022-06-05 07:04:47
332642|0000000713442764              |20220525|134900|013|675|0|30300075|130010005|130759270|1|20220525|121340|8001381|20220525|140301|8001417|1|1250|0|      |20220525|20220525|0603|2022-06-05 07:04:47
332644|0000000723283313              |20220525|071913|006|674|0|30300104|130010002|130752341|1|20220525|065515|8070011|20220525|074044|8002453|1|1250|0|      |20220525|20220525|0603|2022-06-05 07:04:47
332646|0000000655569357              |20220525|080337|022|674|0|30300104|130010002|130752333|1|20220525|074211|8070011|20220525|082825|8002453|1|1250|0|      |20220525|20220525|0603|2022-06-05 07:04:47
332648|0000000918291705              |20220525|080821|014|674|0|30300104|130010002|130752504|1|20220525|074928|8070011|20220525|083658|8002453|1|1250|0|      |20220525|20220525|0603|2022-06-05 07:04:47
332650|0000000774050518              |20220525|081927|017|674|0|30300104|130010002|130752300|1|20220525|075711|8070011|20220525|084352|8002453|1|1250|0|      |20220525|20220525|0603|2022-06-05 07:04:47
332652|0000000662084329              |20220525|170334|024|674|0|30300104|130010002|130752303|1|20220525|163709|8070011|20220525|172215|8002453|1|1250|0|      |20220525|20220525|0603|2022-06-05 07:04:47
333059|0000000779481619              |20220525|155956|020|675|0|30300056|130010012|130753325|1|20220525|155345|8005991|20220525|160951|8007480|1|1250|0|      |20220525|20220525|0603|2022-06-05 07:04:47
333061|0000000759766475              |20220525|115310|023|675|0|30300047|130010001|130759723|1|20220525|114635|8001193|20220525|115926|8002411|1|1250|0|      |20220525|20220525|0603|2022-06-05 07:04:47
333063|0000000921095829              |20220525|123806|002|675|0|30300047|130010001|130759705|1|20220525|122358|8001193|20220525|124125|8002411|1|1250|0|      |20220525|20220525|0603|2022-06-05 07:04:47
333065|0000000718275444              |20220525|130742|009|675|0|30300047|130010001|130759702|1|20220525|130304|8001193|20220525|131142|8002411|1|1250|0|      |20220525|20220525|0603|2022-06-05 07:04:47
334805|0000000721123167              |20220525|215302|014|676|0|30300054|130010007|130759352|1|20220525|211100|8002452|20220525|220419|8001707|1|1250|0|      |20220525|20220525|0603|2022-06-05 07:04:47
334807|0000000673016541              |20220525|075235|022|675|0|30300083|130010001|130759478|1|20220525|062123|8001854|20220525|075954|8002723|1|1250|0|      |20220525|20220525|0603|2022-06-05 07:04:47
334809|0000000749268785              |20220525|214742|022|675|0|30300127|130010004|130752244|1|20220525|205317|8001028|20220525|215316|8007286|1|1250|0|      |20220525|20220525|0603|2022-06-05 07:04:47
334811|0000000904699983              |20220525|075444|012|674|0|30300104|130010002|130752346|1|20220525|072555|8070018|20220525|075810|8001028|1|1250|0|      |20220525|20220525|0603|2022-06-05 07:04:47
334813|0000000763905777              |20220525|090344|018|674|0|30300104|130010002|130752343|1|20220525|083237|8070018|20220525|090710|8001028|1|1250|0|      |20220525|20220525|0603|2022-06-05 07:04:47
334815|0000000766204185              |20220525|120643|030|674|0|30300104|130010002|130752346|1|20220525|113825|8070018|20220525|121341|8001028|1|1250|0|      |20220525|20220525|0603|2022-06-05 07:04:47
334817|0000000737178901              |20220525|210340|021|676|0|30300087|130010008|130752158|1|20220525|205329|8002544|20220525|210751|8002966|1|1250|0|      |20220525|20220525|0603|2022-06-05 07:04:47
334819|0000000900083357              |20220525|075425|004|675|0|30300060|130010014|130753504|1|20220525|065959|8002757|20220525|080231|8002276|1|1250|0|      |20220525|20220525|0603|2022-06-05 07:04:47
334821|0000000757594057              |20220525|085353|011|676|0|30300087|130010015|130759679|1|20220525|074608|8002757|20220525|090237|8002276|1|1250|0|      |20220525|20220525|0603|2022-06-05 07:04:47
334823|0000000918321387              |20220525|063822|018|675|0|30300079|130010009|130759173|1|20220525|061900|8001854|20220525|064547|8002723|1|1250|0|      |20220525|20220525|0603|2022-06-05 07:04:47
334825|0000000762374185              |20220525|062148|031|674|0|30300104|130010002|130752505|1|20220525|055617|8070018|20220525|062555|8001028|1|1250|0|      |20220525|20220525|0603|2022-06-05 07:04:47
334827|0000000708123043              |20220525|083257|019|674|0|30300104|130010002|130752507|1|20220525|062359|8070018|20220525|083651|8001028|1|1250|0|      |20220525|20220525|0603|2022-06-05 07:04:47
334829|0000000628093404              |20220525|093644|004|674|0|30300104|130010002|130752314|1|20220525|090759|8070018|20220525|094042|8001028|1|1250|0|      |20220525|20220525|0603|2022-06-05 07:04:47
335236|0000000725356197              |20220525|065333|019|675|0|30300049|130010004|130752287|1|20220525|060352|8001714|20220525|065945|8001927|1|1250|0|      |20220525|20220525|0603|2022-06-05 07:04:47
353539|0000000766772375              |20220525|160814|013|676|0|30300054|130010007|130759386|1|20220525|154737|8001304|20220525|163124|8002468|1|1250|0|      |20220525|20220525|0603|2022-06-05 07:04:47
353541|0000000667079832              |20220525|142800|030|675|0|30300046|130010002|130752366|1|20220525|140744|8001117|20220525|153037|8001676|1|1250|0|      |20220525|20220525|0603|2022-06-05 07:04:47
353543|0000000665835727              |20220525|083732|007|676|0|30300071|130010009|130759180|1|20220525|070155|8002897|20220525|084420|8001207|1|1250|0|      |20220525|20220525|0603|2022-06-05 07:04:47
353545|0000000611003836              |20220525|104937|030|676|0|30300071|130010009|130759146|1|20220525|100842|8002425|20220525|105858|8002231|1|1250|0|      |20220525|20220525|0603|2022-06-05 07:04:47
353547|0000000715754431              |20220525|162634|007|676|0|30300068|130010006|130752015|1|20220525|162451|8007156|20220525|170111|8002642|1|1250|0|      |20220525|20220525|0603|2022-06-05 07:04:47
353549|0000000741533603              |20220525|092700|010|675|0|30300108|130010007|130759305|1|20220525|091310|8002410|20220525|100434|8003071|1|1250|0|      |20220525|20220525|0603|2022-06-05 07:04:47
353551|0000000732552098              |20220525|163222|015|675|0|30300055|130010014|130753252|1|20220525|140621|8002887|20220525|170057|8001611|1|1250|0|      |20220525|20220525|0603|2022-06-05 07:04:47
353553|0000000906720010              |20220525|164410|002|676|0|30300037|130010006|130759024|1|20220525|164056|8003003|20220525|172937|8003006|1|1250|0|      |20220525|20220525|0603|2022-06-05 07:04:47
353555|0000000634601209              |20220525|172506|005|676|0|30300041|130010012|130753326|1|20220525|160000|8005993|20220525|173507|8070030|1|1250|0|      |20220525|20220525|0603|2022-06-05 07:04:47
353557|0000000668598176              |20220525|060013|009|675|0|30300047|130010001|130759438|1|20220525|055810|8002941|20220525|062821|8002544|1|1250|0|      |20220525|20220525|0603|2022-06-05 07:04:47
353559|0000000918227692              |20220525|223513|010|676|0|30300090|130010005|130759218|1|20220525|215603|8002814|20220525|225122|8001296|1|1250|0|      |20220525|20220525|0603|2022-06-05 07:04:47
353615|0000000668598176              |20220525|162822|010|675|0|30300047|130010001|130759723|1|20220525|160616|8002545|20220525|170957|8002737|1|1250|0|      |20220525|20220525|0603|2022-06-05 07:04:47
353617|0000000918408750              |20220525|175405|012|675|0|30300101|130010002|130752309|1|20220525|172530|8002543|20220525|181424|8007011|1|1250|0|      |20220525|20220525|0603|2022-06-05 07:04:47
353619|0000000741297367              |20220525|055326|017|676|0|30300087|130010015|130759633|1|20220525|054003|8002544|20220525|061524|8002851|1|1250|0|      |20220525|20220525|0603|2022-06-05 07:04:47
353621|0000000672490749              |20220525|121118|019|675|0|30300076|130010014|130753216|1|20220525|120230|8001784|20220525|124315|8001376|1|1250|0|      |20220525|20220525|0603|2022-06-05 07:04:47
353623|0000000743098481              |20220525|202401|013|676|0|30300086|130010013|130759829|1|20220525|184833|8001413|20220525|204349|8001744|1|1250|0|      |20220525|20220525|0603|2022-06-05 07:04:47
353625|0000000725956109              |20220525|133754|018|676|0|30300039|130010005|130759224|1|20220525|130218|8001922|20220525|133956|8001649|1|1250|0|      |20220525|20220525|0603|2022-06-05 07:04:47
353627|0000000712714418              |20220525|112409|002|676|0|30300071|130010009|130759150|1|20220525|105522|8006006|20220525|115824|8002571|1|1250|0|      |20220525|20220525|0603|2022-06-05 07:04:47
353629|0000000704218629              |20220525|151749|001|675|0|30300055|130010014|130753211|1|20220525|151141|8001827|20220525|160640|8002343|1|1250|0|      |20220525|20220525|0603|2022-06-05 07:04:47
353631|0000000662456430              |20220525|174201|012|676|0|30300071|130010009|130759102|1|20220525|172353|8001792|20220525|181218|8001949|1|1250|0|      |20220525|20220525|0603|2022-06-05 07:04:47
353633|0000000655960222              |20220525|211039|016|675|0|30300101|130010002|130752304|1|20220525|210416|8001915|20220525|213225|8001648|1|1250|0|      |20220525|20220525|0603|2022-06-05 07:04:47
353635|0000000754996045              |20220525|201346|022|675|0|30300079|130010009|130759129|1|20220525|125134|8002454|20220525|204612|8001198|1|1250|0|      |20220525|20220525|0603|2022-06-05 07:04:47
353637|0000000746516731              |20220525|092444|015|675|0|30300049|130010004|130752276|1|20220525|083418|8001588|20220525|095122|8001934|1|1250|0|      |20220525|20220525|0603|2022-06-05 07:04:47
353639|0000000753622349              |20220525|172323|024|675|0|30300082|130010001|130759413|1|20220525|150750|8005581|20220525|175111|8001929|1|1250|0|      |20220525|20220525|0603|2022-06-05 07:04:47
353641|0000000627135303              |20220525|070223|019|676|0|30300090|130010005|130759216|1|20220525|060459|8002906|20220525|071103|8001536|1|1250|0|      |20220525|20220525|0603|2022-06-05 07:04:47
353697|0000000655960222              |20220525|180516|015|680|0|30300021|130010002|130752555|1|20220525|175813|8002545|20220525|181817|8001584|1|1250|0|      |20220525|20220525|0603|2022-06-05 07:04:47
353699|0000000600951710              |20220525|205656|015|675|0|30300053|130010002|130752369|1|20220525|192334|8001735|20220525|211316|8001083|1|1250|0|      |20220525|20220525|0603|2022-06-05 07:04:47
353701|0000000771971102              |20220525|172352|016|675|0|30300075|130010005|130759211|1|20220525|154558|8002825|20220525|175048|8003022|1|1250|0|      |20220525|20220525|0603|2022-06-05 07:04:47
353703|0000000741746234              |20220525|140947|002|676|0|30300086|130010013|130759801|1|20220525|134122|8001314|20220525|143338|8002464|1|1250|0|      |20220525|20220525|0603|2022-06-05 07:04:47
353705|0000000917926192              |20220525|213526|005|675|0|30300053|130010002|130752395|1|20220525|211054|8001587|20220525|220859|8002574|1|1250|0|      |20220525|20220525|0603|2022-06-05 07:04:47
353707|0000000918313901              |20220525|191543|011|675|0|30300060|130010014|130753241|1|20220525|181915|8006006|20220525|200127|8002329|1|1250|0|      |20220525|20220525|0603|2022-06-05 07:04:47
353709|0000000645210138              |20220525|185759|013|676|0|30300072|130010001|130759706|1|20220525|183607|8002453|20220525|192501|8002899|1|1250|0|      |20220525|20220525|0603|2022-06-05 07:04:47
353711|0000000742484585              |20220525|200433|016|675|0|30300050|130010007|130759368|1|20220525|193317|8001193|20220525|203301|8002849|1|1250|0|      |20220525|20220525|0603|2022-06-05 07:04:47
353713|0000000610643991              |20220525|165431|021|676|0|30300088|130010002|130752364|1|20220525|161738|8002402|20220525|165540|8001590|1|1250|0|      |20220525|20220525|0603|2022-06-05 07:04:47
353715|0000000905878357              |20220525|172458|003|675|0|30300046|130010002|130752379|1|20220525|170324|8007066|20220525|181257|8001028|1|1250|0|      |20220525|20220525|0603|2022-06-05 07:04:47
353717|0000000903821692              |20220525|083250|009|675|0|30300067|130010001|130759481|1|20220525|075450|8002149|20220525|091118|8001725|1|1250|0|      |20220525|20220525|0603|2022-06-05 07:04:47
353719|0000000746441155              |20220525|143004|019|676|0|30300088|130010002|130752317|1|20220525|142324|8001753|20220525|144255|8001631|1|1250|0|      |20220525|20220525|0603|2022-06-05 07:04:47
354598|0000000722852267              |20220525|094010|031|675|0|30300053|130010002|130752387|1|20220525|091005|8002965|20220525|095606|8002106|1|1250|0|      |20220525|20220525|0603|2022-06-05 07:04:47
354600|0000000719993454              |20220525|071654|004|675|0|30300055|130010014|130753266|1|20220525|062003|8001553|20220525|072915|8002259|1|1250|0|      |20220525|20220525|0603|2022-06-05 07:04:47
354602|0000000723165613              |20220525|164853|013|676|0|30300072|130010001|130759434|1|20220525|163131|8002814|20220525|170757|8002607|1|1250|0|      |20220525|20220525|0603|2022-06-05 07:04:47
354604|0000000773360636              |20220525|073800|021|675|0|30300075|130010005|130759226|1|20220525|064638|8002218|20220525|075158|8002259|1|1250|0|      |20220525|20220525|0603|2022-06-05 07:04:47
354606|0000000726919335              |20220525|090711|004|675|0|30300075|130010005|130759203|1|20220525|065935|8002218|20220525|092051|8002259|1|1250|0|      |20220525|20220525|0603|2022-06-05 07:04:47
354662|0000000751570294              |20220525|115927|008|675|0|30300064|130010015|130759623|1|20220525|112123|8002454|20220525|121151|8001626|1|1250|0|      |20220525|20220525|0603|2022-06-05 07:04:47
354664|0000000727686063              |20220525|132705|006|675|0|30300064|130010015|130759644|1|20220525|124638|8002454|20220525|133712|8001626|1|1250|0|      |20220525|20220525|0603|2022-06-05 07:04:47
354666|0000000750620291              |20220525|170816|007|675|0|30300064|130010015|130759623|1|20220525|134616|8002454|20220525|171849|8001626|1|1250|0|      |20220525|20220525|0603|2022-06-05 07:04:47
354668|0000000741166290              |20220525|063355|019|675|0|30300067|130010001|130759726|1|20220525|060907|8001042|20220525|064739|8001412|1|1250|0|      |20220525|20220525|0603|2022-06-05 07:04:47
354670|0000000742765269              |20220525|120111|021|675|0|30300067|130010001|130759731|1|20220525|113236|8001042|20220525|121402|8001412|1|1250|0|      |20220525|20220525|0603|2022-06-05 07:04:47
354672|0000000908405577              |20220525|134027|028|675|0|30300077|130010006|130752013|1|20220525|132543|8002581|20220525|135436|8001934|1|1250|0|      |20220525|20220525|0603|2022-06-05 07:04:47
354674|0000000903201395              |20220525|184612|010|676|0|30300043|130010015|130759615|1|20220525|172017|8002850|20220525|185227|8001296|1|1250|0|      |20220525|20220525|0603|2022-06-05 07:04:47
354676|0000000725907120              |20220525|171327|017|675|0|30300094|130010012|130753329|1|20220525|165400|8005520|20220525|172830|8002851|1|1250|0|      |20220525|20220525|0603|2022-06-05 07:04:47
354678|0000000659286818              |20220525|180915|008|675|0|30300067|130010001|130759742|1|20220525|174612|8001467|20220525|182254|8002822|1|1250|0|      |20220525|20220525|0603|2022-06-05 07:04:47
354680|0000000903103413              |20220525|063552|020|676|0|30300043|130010015|130759616|1|20220525|055505|8001748|20220525|064157|8001964|1|1250|0|      |20220525|20220525|0603|2022-06-05 07:04:47
354682|0000000717610578              |20220525|161901|020|675|0|30300047|130010001|130759702|1|20220525|153202|8001488|20220525|162625|8001828|1|1250|0|      |20220525|20220525|0603|2022-06-05 07:04:47
354684|0000000755879552              |20220525|103645|016|675|0|30300067|130010001|130759735|1|20220525|101907|8001467|20220525|105128|8002822|1|1250|0|      |20220525|20220525|0603|2022-06-05 07:04:47
354686|0000000770602513              |20220525|134704|015|676|0|30300051|130010008|130752128|1|20220525|124544|8002629|20220525|135747|8001090|1|1250|0|      |20220525|20220525|0603|2022-06-05 07:04:47
354688|0000000717592490              |20220525|072220|024|675|0|30300061|130010015|130759617|1|20220525|064321|8002789|20220525|073156|8002942|1|1250|0|      |20220525|20220525|0603|2022-06-05 07:04:47
354744|0000000461820853              |20220525|214808|029|676|0|30300068|130010006|130759025|1|20220525|213313|8002971|20220525|220127|8002778|1|1250|0|      |20220525|20220525|0603|2022-06-05 07:04:47
354746|0000000610717392              |20220525|155214|007|675|0|30300055|130010014|130753249|1|20220525|143720|8005646|20220525|160124|8002926|1|1250|0|      |20220525|20220525|0603|2022-06-05 07:04:47
354748|0000000918056972              |20220525|103706|016|675|0|30300082|130010001|130759703|1|20220525|055946|8002440|20220525|104549|8001790|1|1250|0|      |20220525|20220525|0603|2022-06-05 07:04:47
354750|0000000909680618              |20220525|082156|010|676|0|30300040|130010007|130759389|1|20220525|074321|8002935|20220525|083015|8002954|1|1250|0|      |20220525|20220525|0603|2022-06-05 07:04:47
354752|0000000700701798              |20220525|115744|008|676|0|30300090|130010005|130759219|1|20220525|112838|8002935|20220525|120752|8002954|1|1250|0|      |20220525|20220525|0603|2022-06-05 07:04:47
354754|0000000909348376              |20220525|160531|003|676|0|30300040|130010013|130759802|1|20220525|135754|8002935|20220525|161047|8002954|1|1250|0|      |20220525|20220525|0603|2022-06-05 07:04:47
354756|0000000636279025              |20220525|174631|004|675|0|30300061|130010015|130759612|1|20220525|171423|8005561|20220525|175206|8002432|1|1250|0|      |20220525|20220525|0603|2022-06-05 07:04:47
354758|0000000776506872              |20220525|182331|022|675|0|30300064|130010015|130759624|1|20220525|175411|8001414|20220525|183046|8002483|1|1250|0|      |20220525|20220525|0603|2022-06-05 07:04:47
354760|0000000644921605              |20220525|080936|022|675|0|30300058|130010004|130752257|1|20220525|070503|8001515|20220525|082144|8001553|1|1250|0|      |20220525|20220525|0603|2022-06-05 07:04:47
354762|0000000910273650              |20220525|211332|017|676|0|30300089|130010011|130759518|1|20220525|205234|8001478|20220525|211732|8001634|1|1250|0|      |20220525|20220525|0603|2022-06-05 07:04:47
354764|0000000709569072              |20220525|084532|022|675|0|30300101|130010002|130752304|1|20220525|074621|8007011|20220525|085401|8001924|1|1250|0|      |20220525|20220525|0603|2022-06-05 07:04:47
354766|0000000651877585              |20220525|105208|031|675|0|30300058|130010004|130752291|1|20220525|103922|8001852|20220525|110331|8001934|1|1250|0|      |20220525|20220525|0603|2022-06-05 07:04:47
354768|0000000740925128              |20220525|113445|016|675|0|30300058|130010004|130752259|1|20220525|111348|8001852|20220525|114406|8001934|1|1250|0|      |20220525|20220525|0603|2022-06-05 07:04:47
354851|0000000904979716              |20220525|072947|029|675|0|30300076|130010014|130753239|1|20220525|053737|8001936|20220525|073813|8001139|1|1250|0|      |20220525|20220525|0603|2022-06-05 07:04:47
354853|0000000770543964              |20220525|074244|021|675|0|30300079|130010009|130759175|1|20220525|064056|8002312|20220525|074750|8001744|1|1250|0|      |20220525|20220525|0603|2022-06-05 07:04:47
354855|0000000768646045              |20220525|091226|008|675|0|30300079|130010009|130759129|1|20220525|055800|8002312|20220525|091704|8001744|1|1250|0|      |20220525|20220525|0603|2022-06-05 07:04:47
354857|0000000904106306              |20220525|184658|017|675|0|30300079|130010009|130759129|1|20220525|125134|8002312|20220525|185330|8001744|1|1250|0|      |20220525|20220525|0603|2022-06-05 07:04:47
354859|0000000764176279              |20220525|164504|020|674|0|30300002|130010007|130759334|1|20220525|154317|8001721|20220525|171336|8002743|1|1250|0|      |20220525|20220525|0603|2022-06-05 07:04:47
350311|0000000711155211              |20220525|173143|011|676|1|30300072|130010001|130759434|1|20220525|163131|8001349|~       |      |~      |1|0|0|      |20220525|~       |0603|2022-06-05 07:04:47
350313|0000000670907394              |20220525|184116|001|676|1|30300130|130010008|130752149|1|20220525|175954|8001349|~       |      |~      |1|0|0|      |20220525|~       |0603|2022-06-05 07:04:47
350315|0000000711403921              |20220525|193146|008|676|1|30300037|130010006|130752031|1|20220525|174059|8001349|~       |      |~      |1|0|0|      |20220525|~       |0603|2022-06-05 07:04:47
350317|0000000758275974              |20220525|211023|002|676|1|30300072|130010001|130759434|1|20220525|201224|8001349|~       |      |~      |1|0|0|      |20220525|~       |0603|2022-06-05 07:04:47
350319|0000000729801029              |20220525|211528|023|676|1|30300130|130010008|130752148|1|20220525|203940|8001349|~       |      |~      |1|0|0|      |20220525|~       |0603|2022-06-05 07:04:47
350321|0000000702716735              |20220525|222430|016|676|1|30300037|130010006|130752027|1|20220525|221812|8001349|~       |      |~      |1|0|0|      |20220525|~       |0603|2022-06-05 07:04:47
350323|0000000677594857              |20220525|072343|009|676|0|30300037|130010006|130752039|1|20220525|071320|8001349|~       |      |~      |1|1250|0|      |20220525|~       |0603|2022-06-05 07:04:47
350325|0000000736996561              |20220525|084923|013|675|0|30300055|130010014|130753227|1|20220525|062426|8001349|~       |      |~      |1|1250|0|      |20220525|~       |0603|2022-06-05 07:04:47
350327|0000000741301181              |20220525|083908|027|676|0|30300072|130010001|130759711|1|20220525|072706|8001349|~       |      |~      |1|1250|0|      |20220525|~       |0603|2022-06-05 07:04:47
354770|0000000707875531              |20220525|174204|012|675|0|30300058|130010004|130752290|1|20220525|135809|8001852|20220525|175237|8001934|1|1250|0|      |20220525|20220525|0603|2022-06-05 07:04:47
354772|0000000905069003              |20220525|193639|028|675|0|30300058|130010004|130752247|1|20220525|191331|8001852|20220525|194532|8001934|1|1250|0|      |20220525|20220525|0603|2022-06-05 07:04:47
354774|0000000764220965              |20220525|071644|016|674|0|30300100|130010002|130752508|1|20220525|070659|8001153|20220525|073722|8001934|1|1250|0|      |20220525|20220525|0603|2022-06-05 07:04:47
354776|0000000648966442              |20220525|101103|020|674|0|30300100|130010002|130752382|1|20220525|100231|8001153|20220525|103358|8001934|1|1250|0|      |20220525|20220525|0603|2022-06-05 07:04:47
354778|0000000903879153              |20220525|134606|026|675|0|30300061|130010015|130759647|1|20220525|125738|8001940|20220525|135918|8002723|1|1250|0|      |20220525|20220525|0603|2022-06-05 07:04:47
354780|0000000765379978              |20220525|071556|025|675|0|30300061|130010015|130759646|1|20220525|054132|8001940|20220525|072409|8002723|1|1250|0|      |20220525|20220525|0603|2022-06-05 07:04:47
354782|0000000465055431              |20220525|123155|025|675|0|30300047|130010001|130759718|1|20220525|120514|8001013|20220525|123943|8007177|1|1250|0|      |20220525|20220525|0603|2022-06-05 07:04:47
354784|0000000774453424              |20220525|192807|021|676|0|30300086|130010013|130759800|1|20220525|173348|8001097|20220525|193715|8001532|1|1250|0|      |20220525|20220525|0603|2022-06-05 07:04:47
354786|0000000668811837              |20220525|125823|025|675|0|30300081|130010011|130759511|1|20220525|112306|8002453|20220525|132053|8001583|1|1250|0|      |20220525|20220525|0603|2022-06-05 07:04:47
354788|0000000735891269              |20220525|162857|027|675|0|30300081|130010011|130759511|1|20220525|143614|8002453|20220525|165116|8001583|1|1250|0|      |20220525|20220525|0603|2022-06-05 07:04:47
354790|0000000910706552              |20220525|131840|031|676|0|30300051|130010008|130752142|1|20220525|123758|8001715|20220525|132308|8002119|1|1250|0|      |20220525|20220525|0603|2022-06-05 07:04:47
354792|0000000904212760              |20220525|084532|025|675|0|30300078|130010008|130752163|1|20220525|082133|8002100|20220525|090630|8001875|1|1250|0|      |20220525|20220525|0603|2022-06-05 07:04:47
354794|0000000900333012              |20220525|094159|003|675|0|30300078|130010008|130752166|1|20220525|090927|8002100|20220525|100136|8001875|1|1250|0|      |20220525|20220525|0603|2022-06-05 07:04:47
354796|0000000707336020              |20220525|182625|003|680|0|30300052|130010002|130752329|1|20220525|150703|8005052|20220525|184241|8005204|1|1250|0|      |20220525|20220525|0603|2022-06-05 07:04:47
354879|0000000678327489              |20220525|073314|005|674|0|30300100|130010002|130752381|1|20220525|072017|8007042|20220525|075727|8001083|1|1250|0|      |20220525|20220525|0603|2022-06-05 07:04:47
354881|0000000734579603              |20220525|180801|016|680|0|30300052|130010002|130752337|1|20220525|174259|8007042|20220525|183438|8001083|1|1250|0|      |20220525|20220525|0603|2022-06-05 07:04:47
354883|0000000726060170              |20220525|174350|005|674|0|30300100|130010002|130752382|1|20220525|173025|8007042|20220525|180636|8001083|1|1250|0|      |20220525|20220525|0603|2022-06-05 07:04:47
354885|0000000702870263              |20220525|082837|003|675|0|30300078|130010008|130752163|1|20220525|082133|8001430|20220525|084529|8002100|1|1250|0|      |20220525|20220525|0603|2022-06-05 07:04:47
354887|0000000910080099              |20220525|194757|012|675|0|30300078|130010008|130752163|1|20220525|194158|8001430|20220525|195444|8002100|1|1250|0|      |20220525|20220525|0603|2022-06-05 07:04:47
354889|0000000765769216              |20220525|093835|020|674|0|30300002|130010007|130759306|1|20220525|083857|8001721|20220525|100426|8002743|1|1250|0|      |20220525|20220525|0603|2022-06-05 07:04:47
354891|0000000700915836              |20220525|101603|002|675|0|30300048|130010006|130752060|1|20220525|095725|8001056|20220525|103348|8002492|1|1250|0|      |20220525|20220525|0603|2022-06-05 07:04:47
354893|0000000904818931              |20220525|075648|029|675|0|30300045|130010006|130752012|1|20220525|072420|8002984|20220525|075924|8002377|1|1250|0|      |20220525|20220525|0603|2022-06-05 07:04:47
354895|0000000767076336              |20220525|204437|025|676|0|30300037|130010006|130752035|1|20220525|201654|8002984|20220525|204558|8002377|1|1250|0|      |20220525|20220525|0603|2022-06-05 07:04:47
354897|0000000740689268              |20220525|134556|022|675|0|30300078|130010008|130752170|1|20220525|130619|8001875|20220525|135834|8001627|1|1250|0|      |20220525|20220525|0603|2022-06-05 07:04:47
354899|0000000677497518              |20220525|142853|015|675|0|30300078|130010008|130752712|1|20220525|135047|8001875|20220525|143829|8001627|1|1250|0|      |20220525|20220525|0603|2022-06-05 07:04:47
354901|0000000905033240              |20220525|153018|004|675|0|30300078|130010008|130752168|1|20220525|145224|8001875|20220525|154232|8001627|1|1250|0|      |20220525|20220525|0603|2022-06-05 07:04:47
354903|0000000776031142              |20220525|214137|004|675|0|30300078|130010008|130752169|1|20220525|124420|8001875|20220525|215604|8001627|1|1250|0|      |20220525|20220525|0603|2022-06-05 07:04:47
355013|0000000772205702              |20220525|072247|010|674|0|30300002|130010007|130759331|1|20220525|071518|8002050|20220525|074339|8002133|1|1250|0|      |20220525|20220525|0603|2022-06-05 07:04:47
346628|0000000741998413              |20220525|102726|025|676|0|30300089|130010011|130759574|1|20220525|092115|8003048|20220525|103917|8002468|1|1250|0|      |20220525|20220525|0603|2022-06-05 07:04:47
346630|0000000712121069              |20220525|191003|012|676|0|30300089|130010011|130759577|1|20220525|132234|8003048|20220525|192309|8002468|1|1250|0|      |20220525|20220525|0603|2022-06-05 07:04:47
346632|0000000740706214              |20220525|182844|017|676|0|30300037|130010006|130752014|1|20220525|182311|8002923|20220525|184341|8002412|1|1250|0|      |20220525|20220525|0603|2022-06-05 07:04:47
346634|0000000771418774              |20220525|064031|003|676|0|30300051|130010008|130752112|1|20220525|061846|8001117|20220525|071420|8001418|1|1250|0|      |20220525|20220525|0603|2022-06-05 07:04:47
346636|0000000777574035              |20220525|180312|002|676|0|30300051|130010008|130752153|1|20220525|173519|8001117|20220525|184051|8001418|1|1250|0|      |20220525|20220525|0603|2022-06-05 07:04:47
346638|0000000776389011              |20220525|130256|018|676|0|30300051|130010008|130752110|1|20220525|123712|8001117|20220525|134315|8001418|1|1250|0|      |20220525|20220525|0603|2022-06-05 07:04:47
346640|0000000738416505              |20220525|140534|028|676|0|30300051|130010008|130752134|1|20220525|134113|8001117|20220525|144443|8001418|1|1250|0|      |20220525|20220525|0603|2022-06-05 07:04:47
346642|0000000778044224              |20220525|130252|027|676|0|30300051|130010008|130752110|1|20220525|123712|8001117|20220525|134256|8001418|1|1250|0|      |20220525|20220525|0603|2022-06-05 07:04:47
346644|0000000633739787              |20220525|164243|002|676|0|30300038|130010014|130753524|1|20220525|160017|8002605|20220525|170135|8001051|1|1250|0|      |20220525|20220525|0603|2022-06-05 07:04:47
346646|0000000917956990              |20220525|184549|016|676|0|30300037|130010006|130752044|1|20220525|160829|8005517|20220525|190316|8003006|1|1250|0|      |20220525|20220525|0603|2022-06-05 07:04:47
346648|0000000779319325              |20220525|212943|009|676|0|30300040|130010007|130759359|1|20220525|210951|8002898|20220525|214243|8007275|1|1250|0|      |20220525|20220525|0603|2022-06-05 07:04:47
348297|0000000740715669              |20220525|091651|026|675|0|30300050|130010007|130759372|1|20220525|082237|8002399|20220525|094327|8001332|1|1250|0|      |20220525|20220525|0603|2022-06-05 07:04:47
348299|0000000600704598              |20220525|110806|031|675|0|30300091|130010013|130759811|1|20220525|104515|8002840|20220525|113324|8002947|1|1250|0|      |20220525|20220525|0603|2022-06-05 07:04:47
348301|0000000723145683              |20220525|132312|002|675|0|30300096|130010006|130752026|1|20220525|131432|8005879|20220525|133846|8005600|1|1250|0|      |20220525|20220525|0603|2022-06-05 07:04:47
348303|0000000703667004              |20220525|133639|017|675|0|30300091|130010013|130759881|1|20220525|114341|8002946|20220525|140344|8002139|1|1250|0|      |20220525|20220525|0603|2022-06-05 07:04:47
348305|0000000711807852              |20220525|160248|013|675|0|30300091|130010013|130759817|1|20220525|153529|8002258|20220525|162125|8001516|1|1250|0|      |20220525|20220525|0603|2022-06-05 07:04:47
348307|0000000645312660              |20220525|153334|030|675|0|30300091|130010013|130759814|1|20220525|132924|8001086|20220525|160105|8002139|1|1250|0|      |20220525|20220525|0603|2022-06-05 07:04:47
348309|0000000707919338              |20220525|162454|029|675|0|30300062|130010008|130752133|1|20220525|150638|8001325|20220525|164624|8001587|1|1250|0|      |20220525|20220525|0603|2022-06-05 07:04:47
348311|0000000756641821              |20220525|173341|014|675|0|30300048|130010006|130752067|1|20220525|172740|8002381|20220525|175344|8001056|1|1250|0|      |20220525|20220525|0603|2022-06-05 07:04:47
348313|0000000906253635              |20220525|174905|008|676|0|30300131|130010008|130752707|1|20220525|174544|8002087|20220525|182407|8001117|1|1250|0|      |20220525|20220525|0603|2022-06-05 07:04:47
348315|0000000609435183              |20220525|180811|012|676|0|30300131|130010008|130752701|1|20220525|180730|8002089|20220525|185141|8070018|1|1250|0|      |20220525|20220525|0603|2022-06-05 07:04:47
348317|0000000918247734              |20220525|184711|030|681|0|30300042|130010009|130759140|1|20220525|182458|8002641|20220525|190510|8001062|1|1250|0|      |20220525|20220525|0603|2022-06-05 07:04:47
348319|0000000641893248              |20220525|181254|002|675|0|30300060|130010014|130753230|1|20220525|134250|8001099|20220525|190844|8001240|1|1250|0|      |20220525|20220525|0603|2022-06-05 07:04:47
348321|0000000762897018              |20220525|190630|017|675|0|30300078|130010008|130752171|1|20220525|181914|8001427|20220525|191037|8002217|1|1250|0|      |20220525|20220525|0603|2022-06-05 07:04:47
348323|0000000776908638              |20220525|222521|026|675|0|30300091|130010013|130759877|1|20220525|220824|8002840|20220525|225039|8001085|1|1250|0|      |20220525|20220525|0603|2022-06-05 07:04:47
348568|0000000654487980              |20220525|094127|008|675|0|30300091|130010013|130759821|1|20220525|073831|8002946|20220525|100944|8001474|1|1250|0|      |20220525|20220525|0603|2022-06-05 07:04:47
348570|0000000778421527              |20220525|104843|025|675|0|30300079|130010009|130759120|1|20220525|052934|8002040|20220525|110945|8001539|1|1250|0|      |20220525|20220525|0603|2022-06-05 07:04:47
348572|0000000747589046              |20220525|121711|013|676|0|30300086|130010013|130759875|1|20220525|115908|8001599|20220525|122214|8001632|1|1250|0|      |20220525|20220525|0603|2022-06-05 07:04:47
348574|0000000677669868              |20220525|130145|006|676|0|30300043|130010015|130759601|1|20220525|124006|8001724|20220525|131256|8002650|1|1250|0|      |20220525|20220525|0603|2022-06-05 07:04:47
348576|0000000611745151              |20220525|135650|005|676|0|30300043|130010015|130759630|1|20220525|131229|8002888|20220525|135923|8001748|1|1250|0|      |20220525|20220525|0603|2022-06-05 07:04:47
348578|0000000777785456              |20220525|144627|025|681|0|30300042|130010009|130759181|1|20220525|143319|8001184|20220525|145847|8001596|1|1250|0|      |20220525|20220525|0603|2022-06-05 07:04:47
348580|0000000705780430              |20220525|164405|027|675|0|30300146|130010008|130752167|1|20220525|164348|8001641|20220525|170728|8007405|1|1250|0|      |20220525|20220525|0603|2022-06-05 07:04:47
348582|0000000769995691              |20220525|174835|023|676|0|30300087|130010015|130759641|1|20220525|165739|8001831|20220525|181559|8001238|1|1250|0|      |20220525|20220525|0603|2022-06-05 07:04:47
348584|0000000631721734              |20220525|181346|030|676|0|30300051|130010008|130752119|1|20220525|171045|8002629|20220525|183536|8005878|1|1250|0|      |20220525|20220525|0603|2022-06-05 07:04:47
348586|0000000703667004              |20220525|190518|018|675|0|30300091|130010013|130759881|1|20220525|184312|8001838|20220525|192928|8002906|1|1250|0|      |20220525|20220525|0603|2022-06-05 07:04:47
348588|0000000766713729              |20220525|192513|021|675|0|30300062|130010008|130752131|1|20220525|192246|8002882|20220525|200132|8001669|1|1250|0|      |20220525|20220525|0603|2022-06-05 07:04:47
348590|0000000918252683              |20220525|220557|001|676|0|30300131|130010008|130752722|1|20220525|205831|8002161|20220525|222445|8007284|1|1250|0|      |20220525|20220525|0603|2022-06-05 07:04:47
342167|0000000759571507              |20220525|161315|016|676|0|30300040|130010007|130759388|1|20220525|161136|8002941|20220525|163159|8002757|1|1250|0|      |20220525|20220525|0603|2022-06-05 07:04:47
342169|0000000772234069              |20220525|081750|002|680|0|30300052|130010006|130752056|1|20220525|061854|8002118|20220525|083510|8002629|1|1250|0|      |20220525|20220525|0603|2022-06-05 07:04:47
342171|0000000779890539              |20220525|065318|001|676|0|30300051|130010008|130752112|1|20220525|061846|8002118|20220525|070932|8002629|1|1250|0|      |20220525|20220525|0603|2022-06-05 07:04:47
342173|0000000764247187              |20220525|063910|004|674|0|30300100|130010002|130752397|1|20220525|061902|8002118|20220525|065320|8002629|1|1250|0|      |20220525|20220525|0603|2022-06-05 07:04:47
343180|0000000644667333              |20220525|195527|005|676|1|30300041|130010012|130753316|1|20220525|185031|8001097|20220525|200154|8001401|1|0|0|      |20220525|20220525|0603|2022-06-05 07:04:47
343182|0000000777116998              |20220525|180259|011|675|1|30300082|130010001|130759471|1|20220525|175329|8001989|20220525|181151|8001573|1|0|0|      |20220525|20220525|0603|2022-06-05 07:04:47
343184|0000000903460631              |20220525|142742|014|675|1|30300082|130010001|130759471|1|20220525|141932|8001989|20220525|143251|8001573|1|0|0|      |20220525|20220525|0603|2022-06-05 07:04:47
343186|0000000720051239              |20220525|103816|025|676|1|30300054|130010007|130759382|1|20220525|100045|8002453|20220525|105009|8002202|1|0|0|      |20220525|20220525|0603|2022-06-05 07:04:47
343188|0000000772173461              |20220525|103819|009|676|1|30300054|130010007|130759382|1|20220525|100045|8002453|20220525|105014|8002202|1|0|0|      |20220525|20220525|0603|2022-06-05 07:04:47
343190|0000000778319284              |20220525|083319|022|676|1|30300041|130010012|130753309|1|20220525|071432|8001097|20220525|084119|8001401|1|0|0|      |20220525|20220525|0603|2022-06-05 07:04:47
343192|0000000708065446              |20220525|084849|014|676|1|30300041|130010012|130753316|1|20220525|073417|8001097|20220525|085522|8001401|1|0|0|      |20220525|20220525|0603|2022-06-05 07:04:47
343194|0000000607646266              |20220525|084618|016|676|1|30300040|130010013|130759815|1|20220525|073607|8001097|20220525|085235|8001401|1|0|0|      |20220525|20220525|0603|2022-06-05 07:04:47
343196|0000000767842197              |20220525|092555|022|676|1|30300041|130010012|130753370|1|20220525|081859|8001097|20220525|093223|8001401|1|0|0|      |20220525|20220525|0603|2022-06-05 07:04:47
343198|0000000743086917              |20220525|093711|016|676|1|30300040|130010007|130759365|1|20220525|083314|8001097|20220525|094406|8001401|1|0|0|      |20220525|20220525|0603|2022-06-05 07:04:47
343200|0000000918172560              |20220525|093712|015|676|1|30300041|130010012|130753320|1|20220525|075341|8001097|20220525|094325|8001401|1|0|0|      |20220525|20220525|0603|2022-06-05 07:04:47
343202|0000000759602559              |20220525|122752|030|676|1|30300041|130010012|130753327|1|20220525|112332|8001097|20220525|123325|8001401|1|0|0|      |20220525|20220525|0603|2022-06-05 07:04:47
343204|0000000743018319              |20220525|124621|019|676|1|30300041|130010012|130753332|1|20220525|114624|8001097|20220525|125302|8001401|1|0|0|      |20220525|20220525|0603|2022-06-05 07:04:47
343206|0000000771692459              |20220525|125155|011|676|1|30300040|130010007|130759365|1|20220525|115225|8001097|20220525|125801|8001401|1|0|0|      |20220525|20220525|0603|2022-06-05 07:04:47
343586|0000000725162101              |20220525|205833|003|676|2|30300039|130010005|130759267|1|20220525|200951|8002974|20220525|210531|9002077|1|0|0|      |20220525|20220525|0603|2022-06-05 07:04:47
343588|0000000723121836              |20220525|114205|002|676|1|30300041|130010012|130753327|1|20220525|112332|8002412|20220525|115320|8001287|1|0|0|      |20220525|20220525|0603|2022-06-05 07:04:47
343590|0000000917932206              |20220525|132055|014|676|1|30300090|130010005|130759225|1|20220525|064720|8002412|20220525|133318|8001287|1|150|0|      |20220525|20220525|0603|2022-06-05 07:04:47
343592|0000000461413200              |20220525|074928|016|675|1|30300082|130010001|130759703|1|20220525|055946|8002558|20220525|080059|8005563|1|0|0|      |20220525|20220525|0603|2022-06-05 07:04:47
343594|0000000745106414              |20220525|091452|020|675|1|30300082|130010001|130759417|1|20220525|075217|8002558|20220525|092830|8005563|1|0|0|      |20220525|20220525|0603|2022-06-05 07:04:47
343596|0000000716509237              |20220525|192743|008|675|1|30300082|130010001|130759739|1|20220525|181435|8002558|20220525|193837|8005563|1|0|0|      |20220525|20220525|0603|2022-06-05 07:04:47
343598|0000000662473912              |20220525|070400|008|675|1|30300082|130010001|130759770|1|20220525|060557|8002558|20220525|071312|8005563|1|0|0|      |20220525|20220525|0603|2022-06-05 07:04:47
343600|0000000742609460              |20220525|205028|003|675|1|30300082|130010001|130759471|1|20220525|194930|8002558|20220525|205738|8005563|1|0|0|      |20220525|20220525|0603|2022-06-05 07:04:47
343602|0000000903819555              |20220525|083004|005|676|1|30300068|130010006|130752028|1|20220525|064843|8002231|20220525|083900|8002994|1|0|0|      |20220525|20220525|0603|2022-06-05 07:04:47
343604|0000000765559449              |20220525|061635|017|675|1|30300146|130010008|130752711|1|20220525|060311|8001960|20220525|062959|8001079|1|0|0|      |20220525|20220525|0603|2022-06-05 07:04:47
343606|0000000918083806              |20220525|190313|011|676|1|30300041|130010012|130753316|1|20220525|185031|8002412|20220525|191445|8001287|1|0|0|      |20220525|20220525|0603|2022-06-05 07:04:47
343608|0000000903877073              |20220525|204806|017|676|1|30300041|130010012|130753305|1|20220525|203006|8002412|20220525|205936|8001287|1|0|0|      |20220525|20220525|0603|2022-06-05 07:04:47
343610|0000000774411596              |20220525|083247|005|676|2|30300090|130010005|130759260|1|20220525|072828|8002411|20220525|084403|8007156|1|0|0|      |20220525|20220525|0603|2022-06-05 07:04:47
344017|0000000788346551              |20220525|083715|008|676|0|30300041|130010012|130753320|1|20220525|075341|8005991|20220525|090918|8002851|1|1250|0|      |20220525|20220525|0603|2022-06-05 07:04:47
344019|0000000789138390              |20220525|082531|022|675|0|30300066|130010015|130759675|1|20220525|053510|8001857|20220525|084551|8002733|1|1250|0|      |20220525|20220525|0603|2022-06-05 07:04:47
344021|0000000785794768              |20220525|065457|010|675|0|30300060|130010014|130753215|1|20220525|061515|8001239|20220525|071700|8001005|1|1250|0|      |20220525|20220525|0603|2022-06-05 07:04:47
344023|0000000792915624              |20220525|175714|019|676|0|30300086|130010013|130759808|1|20220525|175336|8005898|20220525|191116|8002454|1|1250|0|      |20220525|20220525|0603|2022-06-05 07:04:47
344025|0000000789799283              |20220525|075814|002|676|0|30300086|130010013|130759879|1|20220525|053639|8001634|20220525|080330|8001631|1|1250|0|      |20220525|20220525|0603|2022-06-05 07:04:47
344027|0000000487387046              |20220525|135342|017|675|0|30300064|130010015|130759626|1|20220525|122849|8001414|20220525|141354|8001254|1|1250|0|      |20220525|20220525|0603|2022-06-05 07:04:47
338848|0000000900338016              |20220525|082538|014|674|0|30300100|130010002|130752362|1|20220525|081306|8001081|20220525|084616|8001927|1|1250|0|      |20220525|20220525|0603|2022-06-05 07:05:11
338850|0000000710504016              |20220525|091344|026|674|0|30300100|130010002|130752508|1|20220525|090053|8001081|20220525|093122|8001927|1|1250|0|      |20220525|20220525|0603|2022-06-05 07:05:11
338852|0000000776855985              |20220525|185005|004|674|0|30300100|130010002|130752359|1|20220525|183903|8001081|20220525|190847|8001927|1|1250|0|      |20220525|20220525|0603|2022-06-05 07:05:11
339259|0000000727028118              |20220525|162352|028|675|1|30300055|130010014|130753266|1|20220525|152720|8001412|20220525|162628|8001529|1|0|0|      |20220525|20220525|0603|2022-06-05 07:05:11
339261|0000000732026560              |20220525|183012|022|675|1|30300055|130010014|130753234|1|20220525|173435|8001412|20220525|183147|8001529|1|0|0|      |20220525|20220525|0603|2022-06-05 07:05:11
339263|0000000921895742              |20220525|213902|001|675|1|30300067|130010001|130759424|1|20220525|210148|8001412|20220525|214113|8001529|1|0|0|      |20220525|20220525|0603|2022-06-05 07:05:11
339265|0000000624138930              |20220525|194103|012|676|1|30300038|130010014|130753502|1|20220525|185730|8002734|20220525|195811|8002913|1|0|0|      |20220525|20220525|0603|2022-06-05 07:05:11
339267|0000000777586301              |20220525|214149|013|676|1|30300038|130010014|130753202|1|20220525|191542|8002734|20220525|215532|8002913|1|0|0|      |20220525|20220525|0603|2022-06-05 07:05:11
339269|0000000616951129              |20220525|175604|004|679|1|30300063|130010001|130759417|1|20220525|172755|8002634|20220525|181043|8001244|1|0|0|      |20220525|20220525|0603|2022-06-05 07:05:11
339271|0000000773107674              |20220525|205557|030|676|1|30300071|130010009|130759139|1|20220525|131025|8002231|20220525|211040|8002252|1|0|0|      |20220525|20220525|0603|2022-06-05 07:05:11
339273|0000000728296220              |20220525|182020|016|674|1|30300104|130010002|130752341|1|20220525|180625|8001062|20220525|184545|8001014|1|0|0|      |20220525|20220525|0603|2022-06-05 07:05:11
339275|0000000777302041              |20220525|182403|001|676|1|30300054|130010007|130759378|1|20220525|181057|8001556|20220525|184934|8001922|1|0|0|      |20220525|20220525|0603|2022-06-05 07:05:11
339277|0000000779912031              |20220525|144739|004|674|1|30300104|130010002|130752343|1|20220525|143758|8001062|20220525|151116|8001014|1|0|0|      |20220525|20220525|0603|2022-06-05 07:05:11
339279|0000000908021035              |20220525|184916|012|676|0|30300131|130010008|130752722|4|20220525|183002|8001079|20220525|190046|8007367|1|750|0|      |20220525|20220525|0603|2022-06-05 07:05:11
339281|0000000776051306              |20220525|065826|009|675|0|30300067|130010001|130759473|4|20220525|064804|8002379|20220525|072302|8001408|1|750|0|      |20220525|20220525|0603|2022-06-05 07:05:11
339283|0000000726486116              |20220525|182204|008|676|1|30300087|130010015|130759629|1|20220525|173725|8002453|20220525|184406|8002235|1|0|0|      |20220525|20220525|0603|2022-06-05 07:05:11
339285|0000000766285444              |20220525|081013|026|675|1|30300049|130010004|130752237|1|20220525|073622|8002721|20220525|082529|8001902|1|0|0|      |20220525|20220525|0603|2022-06-05 07:05:11
339692|0000000706497063              |20220525|182458|008|675|1|30300048|130010006|130759010|1|20220525|173056|8001590|20220525|182829|8001596|1|150|0|      |20220525|20220525|0603|2022-06-05 07:05:11
339694|0000000722650639              |20220525|113520|031|676|1|30300090|130010005|130759205|1|20220525|093813|8001568|20220525|114808|8002953|1|0|0|      |20220525|20220525|0603|2022-06-05 07:05:11
339696|0000000727073477              |20220525|164150|004|676|1|30300090|130010005|130759207|1|20220525|144909|8001568|20220525|165521|8002953|1|0|0|      |20220525|20220525|0603|2022-06-05 07:05:11
339698|0000000922004674              |20220525|203257|003|676|1|30300071|130010009|130759139|1|20220525|131025|8001432|20220525|204219|8002468|1|0|0|      |20220525|20220525|0603|2022-06-05 07:05:11
339700|0000000909951832              |20220525|095606|008|676|1|30300043|130010015|130759601|1|20220525|091801|8002648|20220525|100121|8001405|1|0|0|      |20220525|20220525|0603|2022-06-05 07:05:11
339702|0000000641716913              |20220525|083613|020|675|1|30300055|130010014|130753204|1|20220525|082018|8006007|20220525|085104|8001500|1|0|0|      |20220525|20220525|0603|2022-06-05 07:05:11
339704|0000000764079031              |20220525|120128|017|676|1|30300043|130010015|130759603|1|20220525|111912|8002648|20220525|120617|8001405|1|0|0|      |20220525|20220525|0603|2022-06-05 07:05:11
339706|0000000754319753              |20220525|170035|013|676|1|30300087|130010015|130759631|1|20220525|155511|8002425|20220525|171836|8002965|1|0|0|      |20220525|20220525|0603|2022-06-05 07:05:11
339708|0000000918090534              |20220525|134536|029|676|1|30300037|130010006|130752035|1|20220525|124213|8001037|20220525|134816|8002339|1|0|0|      |20220525|20220525|0603|2022-06-05 07:05:11
339710|0000000662017650              |20220525|194315|030|676|1|30300037|130010006|130752074|1|20220525|183511|8001037|20220525|194552|8002339|1|0|0|      |20220525|20220525|0603|2022-06-05 07:05:11
339712|0000000917985144              |20220525|192747|010|676|1|30300071|130010009|130759176|1|20220525|180047|8001791|20220525|193621|8002823|1|0|0|      |20220525|20220525|0603|2022-06-05 07:05:11
339714|0000000754716906              |20220525|143621|031|676|1|30300087|130010015|130759622|1|20220525|133735|8002425|20220525|145037|8002965|1|0|0|      |20220525|20220525|0603|2022-06-05 07:05:11
339716|0000000622998255              |20220525|073213|024|676|1|30300089|130010011|130759575|1|20220525|065848|8002814|20220525|074741|8001658|1|0|0|      |20220525|20220525|0603|2022-06-05 07:05:11
340123|0000000697646172              |20220525|152910|030|676|0|30300054|130010007|130759349|1|20220525|145606|8001089|20220525|155929|8001555|1|1250|0|      |20220525|20220525|0603|2022-06-05 07:05:11
340125|0000000699725061              |20220525|173158|021|675|0|30300055|130010014|130753267|1|20220525|154102|8001848|20220525|183728|8001553|1|1250|0|      |20220525|20220525|0603|2022-06-05 07:05:11
340127|0000000400189235              |20220525|192434|012|675|0|30300047|130010001|130759732|1|20220525|190435|8003099|20220525|194415|8002544|2|2500|0|      |20220525|20220525|0603|2022-06-05 07:05:11
340129|0000000691968178              |20220525|075258|021|676|0|30300130|130010008|130752146|1|20220525|070849|8002340|20220525|081513|8001041|1|1250|0|      |20220525|20220525|0603|2022-06-05 07:05:11
340131|0000000789134180              |20220525|084126|021|676|0|30300072|130010001|130759724|1|20220525|065637|8001063|20220525|085420|8001575|1|1250|0|      |20220525|20220525|0603|2022-06-05 07:05:11
340133|0000000400121151              |20220525|093343|019|675|0|30300055|130010014|130753221|1|20220525|090142|8002893|20220525|102921|8007041|1|1250|0|      |20220525|20220525|0603|2022-06-05 07:05:11
340135|0000000694284007              |20220525|121133|007|676|0|30300087|130010008|130752155|1|20220525|111350|8002235|20220525|123610|8001474|1|1250|0|      |20220525|20220525|0603|2022-06-05 07:05:11
335422|0000000776832661              |20220525|183400|019|676|1|30300069|130010001|130759428|1|20220525|174605|8002970|20220525|183801|8007369|1|0|0|      |20220525|20220525|0603|2022-06-05 07:05:11
335424|0000000908099283              |20220525|191027|014|675|0|30300108|130010007|130759316|4|20220525|190404|8003070|20220525|192354|8001273|1|750|0|      |20220525|20220525|0603|2022-06-05 07:05:11
335831|0000000903790205              |20220525|105358|029|675|1|30300055|130010014|130753212|1|20220525|064336|8002635|20220525|110356|8001548|1|0|0|      |20220525|20220525|0603|2022-06-05 07:05:11
335833|0000000918439830              |20220525|183422|006|675|1|30300055|130010014|130753205|1|20220525|160637|8002635|20220525|184808|8001548|1|0|0|      |20220525|20220525|0603|2022-06-05 07:05:11
335835|0000000762939894              |20220525|221035|012|675|1|30300055|130010014|130753267|1|20220525|213636|8002635|20220525|221852|8001548|1|0|0|      |20220525|20220525|0603|2022-06-05 07:05:11
335837|0000000733384808              |20220525|182709|022|676|2|30300093|130010004|130752272|1|20220525|174048|8001096|20220525|183213|8002311|1|0|0|      |20220525|20220525|0603|2022-06-05 07:05:11
335839|0000000678998248              |20220525|130549|019|676|1|30300037|130010006|130759011|1|20220525|122511|8001096|20220525|130809|8002311|1|0|0|      |20220525|20220525|0603|2022-06-05 07:05:11
335841|0000000767156451              |20220525|195148|001|676|1|30300093|130010004|130752214|1|20220525|171837|8001096|20220525|195339|8002311|1|0|0|      |20220525|20220525|0603|2022-06-05 07:05:11
335843|0000000921552278              |20220525|092840|016|680|2|30300052|130010006|130752025|1|20220525|053342|8001028|20220525|093050|8001526|1|0|0|      |20220525|20220525|0603|2022-06-05 07:05:11
335845|0000000771851886              |20220525|093353|019|675|1|30300101|130010002|130752304|1|20220525|085522|8001028|20220525|093436|8001526|1|0|0|      |20220525|20220525|0603|2022-06-05 07:05:11
335847|0000000709321227              |20220525|175740|019|675|2|30300053|130010002|130752369|1|20220525|160156|8001028|20220525|175821|8001526|1|0|0|      |20220525|20220525|0603|2022-06-05 07:05:11
335849|0000000908250998              |20220525|193716|026|675|1|30300053|130010002|130752328|1|20220525|184912|8001028|20220525|193922|8001526|1|0|0|      |20220525|20220525|0603|2022-06-05 07:05:11
335851|0000000626180273              |20220525|080623|012|674|1|30300002|130010007|130759315|1|20220525|070605|8002259|20220525|082040|8002134|1|0|0|      |20220525|20220525|0603|2022-06-05 07:05:11
335853|0000000674877433              |20220525|145150|001|674|1|30300002|130010007|130759338|1|20220525|122101|8002259|20220525|150340|8002134|1|0|0|      |20220525|20220525|0603|2022-06-05 07:05:11
335855|0000000633151687              |20220525|200127|024|674|1|30300002|130010007|130759319|1|20220525|190909|8002259|20220525|201009|8002134|1|0|0|      |20220525|20220525|0603|2022-06-05 07:05:11
336262|0000000908405821              |20220525|173113|023|674|0|30300100|130010002|130752397|1|20220525|172425|8002351|20220525|181056|8002629|1|1250|0|      |20220525|20220525|0603|2022-06-05 07:05:11
336264|0000000745086353              |20220525|221005|017|674|0|30300100|130010002|130752362|1|20220525|220436|8002351|20220525|223704|8002629|1|1250|0|      |20220525|20220525|0603|2022-06-05 07:05:11
336266|0000000773714014              |20220525|185343|014|676|0|30300088|130010002|130752512|1|20220525|181801|8002412|20220525|191330|8001293|1|1250|0|      |20220525|20220525|0603|2022-06-05 07:05:11
336268|0000000906357356              |20220525|115856|017|675|0|30300101|130010002|130752304|1|20220525|112439|8001707|20220525|121731|8002106|1|1250|0|      |20220525|20220525|0603|2022-06-05 07:05:11
336270|0000000774802588              |20220525|115902|021|675|0|30300101|130010002|130752304|1|20220525|112439|8001707|20220525|121704|8002106|1|1250|0|      |20220525|20220525|0603|2022-06-05 07:05:11
336272|0000000768265148              |20220525|161455|005|675|0|30300101|130010002|130752309|1|20220525|154355|8001707|20220525|164139|8002106|1|1250|0|      |20220525|20220525|0603|2022-06-05 07:05:11
336274|0000000774595696              |20220525|165139|027|675|0|30300101|130010002|130752396|1|20220525|151910|8001707|20220525|171146|8002106|1|1250|0|      |20220525|20220525|0603|2022-06-05 07:05:11
336276|0000000618612801              |20220525|095825|014|675|0|30300058|130010004|130752295|1|20220525|062815|8002947|20220525|102050|8002605|1|1250|0|      |20220525|20220525|0603|2022-06-05 07:05:11
336278|0000000742442807              |20220525|140310|002|675|0|30300058|130010004|130752222|1|20220525|113823|8002947|20220525|142635|8002605|1|1250|0|      |20220525|20220525|0603|2022-06-05 07:05:11
336280|0000000761552305              |20220525|160431|031|675|0|30300081|130010011|130759582|1|20220525|142814|8001063|20220525|163141|8002615|1|1250|0|      |20220525|20220525|0603|2022-06-05 07:05:11
336282|0000000910682796              |20220525|220201|016|675|0|30300058|130010004|130752288|1|20220525|203257|8002947|20220525|221700|8002605|1|1250|0|      |20220525|20220525|0603|2022-06-05 07:05:11
336284|0000000772565730              |20220525|102248|011|676|0|30300037|130010006|130759021|1|20220525|062455|8002075|20220525|104422|8002411|1|1250|0|      |20220525|20220525|0603|2022-06-05 07:05:11
336286|0000000610575018              |20220525|170313|007|676|0|30300037|130010006|130752014|1|20220525|161714|8002075|20220525|172344|8002411|1|1250|0|      |20220525|20220525|0603|2022-06-05 07:05:11
336288|0000000718842886              |20220525|101928|028|675|0|30300055|130010014|130753227|1|20220525|062426|8001554|20220525|104638|8001412|1|1250|0|      |20220525|20220525|0603|2022-06-05 07:05:11
336695|0000000601761585              |20220525|130128|024|675|0|30300082|130010001|130759413|1|20220525|121556|8001931|20220525|131331|8001075|1|1250|0|      |20220525|20220525|0603|2022-06-05 07:05:11
336697|0000000766554968              |20220525|143248|001|676|0|30300073|130010009|130759161|1|20220525|141741|8002149|20220525|143629|8002357|1|1250|0|      |20220525|20220525|0603|2022-06-05 07:05:11
336699|0000000719977588              |20220525|105030|022|675|0|30300064|130010015|130759642|1|20220525|065939|8007154|20220525|110655|8002635|1|1250|0|      |20220525|20220525|0603|2022-06-05 07:05:11
336701|0000000778642591              |20220525|171731|011|675|0|30300076|130010014|130753510|1|20220525|164627|8001527|20220525|173705|8001937|1|1250|0|      |20220525|20220525|0603|2022-06-05 07:05:11
336703|0000000705162335              |20220525|075653|026|675|0|30300079|130010009|130759118|1|20220525|072609|8002032|20220525|083208|8001744|1|1250|0|      |20220525|20220525|0603|2022-06-05 07:05:11
336705|0000000768392846              |20220525|074905|020|675|0|30300108|130010007|130759317|1|20220525|071056|8006002|20220525|075845|8002142|1|1250|0|      |20220525|20220525|0603|2022-06-05 07:05:11
336707|0000000732160645              |20220525|063225|014|675|0|30300065|130010004|130752269|1|20220525|062942|8001453|20220525|064729|8002988|1|1250|0|      |20220525|20220525|0603|2022-06-05 07:05:11
336709|0000000776688796              |20220525|072400|021|675|0|30300060|130010014|130753507|1|20220525|072049|8001453|20220525|073428|8001099|1|1250|0|      |20220525|20220525|0603|2022-06-05 07:05:11
353737|0000000732443263              |20220525|140600|001|675|0|30300059|130010004|130752246|1|20220525|060717|8001664|20220525|140948|8001853|1|1250|0|      |20220525|20220525|0603|2022-06-05 07:05:11
331449|0000000630802724              |20220525|075141|028|676|0|30300040|130010013|130759802|1|20220525|072115|8002869|20220525|080933|8007276|1|1250|0|      |20220525|20220525|0603|2022-06-05 07:05:11
331451|0000000614794429              |20220525|075526|009|676|0|30300040|130010013|130759822|1|20220525|074750|8001193|20220525|084638|8002904|1|1250|0|      |20220525|20220525|0603|2022-06-05 07:05:11
331453|0000000741836592              |20220525|092208|023|676|0|30300040|130010013|130759834|1|20220525|065514|8001062|20220525|093951|8002939|1|1250|0|      |20220525|20220525|0603|2022-06-05 07:05:11
331455|0000000742383728              |20220525|110901|019|676|0|30300040|130010013|130759834|1|20220525|102337|8007280|20220525|111555|8001407|1|1250|0|      |20220525|20220525|0603|2022-06-05 07:05:11
331457|0000000765990887              |20220525|120015|019|676|0|30300040|130010013|130759834|1|20220525|102337|8001040|20220525|123458|8002954|1|1250|0|      |20220525|20220525|0603|2022-06-05 07:05:11
331459|0000000742809455              |20220525|115424|027|676|0|30300040|130010013|130759804|1|20220525|102931|8001891|20220525|120854|8001036|1|1250|0|      |20220525|20220525|0603|2022-06-05 07:05:11
331461|0000000752278308              |20220525|125359|027|676|0|30300040|130010013|130759804|1|20220525|102931|8001426|20220525|125822|8003032|1|1250|0|      |20220525|20220525|0603|2022-06-05 07:05:11
331463|0000000769615536              |20220525|132126|028|676|0|30300040|130010013|130759872|1|20220525|105744|8001056|20220525|133625|8001192|1|1250|0|      |20220525|20220525|0603|2022-06-05 07:05:11
331465|0000000917888524              |20220525|133211|002|676|0|30300040|130010013|130759818|1|20220525|112414|8001109|20220525|135937|8002997|1|1250|0|      |20220525|20220525|0603|2022-06-05 07:05:11
331467|0000000765990887              |20220525|142144|020|676|0|30300040|130010013|130759804|1|20220525|134504|8002953|20220525|145826|8001034|1|1250|0|      |20220525|20220525|0603|2022-06-05 07:05:11
331469|0000000614794429              |20220525|155018|010|676|0|30300040|130010013|130759802|1|20220525|135754|8002905|20220525|163558|8001192|1|1250|0|      |20220525|20220525|0603|2022-06-05 07:05:11
331471|0000000906112897              |20220525|172142|027|676|0|30300040|130010013|130759871|1|20220525|164759|8001074|20220525|172441|8002760|1|1250|0|      |20220525|20220525|0603|2022-06-05 07:05:11
331473|0000000903866209              |20220525|175107|019|676|0|30300040|130010013|130759871|1|20220525|164759|8002904|20220525|180505|8001533|1|1250|0|      |20220525|20220525|0603|2022-06-05 07:05:11
331475|0000000626577713              |20220525|203536|020|676|0|30300040|130010013|130759834|1|20220525|202937|8001193|20220525|210045|8002953|1|1250|0|      |20220525|20220525|0603|2022-06-05 07:05:11
332384|0000000903949489              |20220525|162649|028|675|0|30300058|130010004|130752294|1|20220525|143024|8001085|20220525|165810|8001935|1|1250|0|      |20220525|20220525|0603|2022-06-05 07:05:11
332386|0000000717745577              |20220525|174928|002|675|0|30300058|130010004|130752222|1|20220525|160901|8001085|20220525|182300|8001935|1|1250|0|      |20220525|20220525|0603|2022-06-05 07:05:11
332388|0000000736916245              |20220525|145559|004|676|0|30300036|130010012|130753333|1|20220525|144033|8002376|20220525|151900|8001054|1|1250|0|      |20220525|20220525|0603|2022-06-05 07:05:11
332390|0000000770195208              |20220525|131931|003|674|0|30300002|130010007|130759311|1|20220525|122658|8001721|20220525|133525|8001419|1|1250|0|      |20220525|20220525|0603|2022-06-05 07:05:11
332392|0000000740480686              |20220525|144738|013|674|0|30300002|130010007|130759322|1|20220525|135731|8001721|20220525|150236|8001419|1|1250|0|      |20220525|20220525|0603|2022-06-05 07:05:11
332394|0000000906419279              |20220525|173230|005|674|0|30300002|130010007|130759313|1|20220525|163654|8001721|20220525|175023|8001419|1|1250|0|      |20220525|20220525|0603|2022-06-05 07:05:11
332396|0000000705317141              |20220525|182628|022|674|0|30300002|130010007|130759321|1|20220525|173453|8001721|20220525|184801|8001419|1|1250|0|      |20220525|20220525|0603|2022-06-05 07:05:11
332398|0000000768815014              |20220525|161526|015|675|0|30300091|130010013|130759817|1|20220525|153529|8002616|20220525|162349|8001085|1|1250|0|      |20220525|20220525|0603|2022-06-05 07:05:11
332400|0000000903407245              |20220525|164851|019|675|0|30300091|130010013|130759876|1|20220525|160100|8002616|20220525|165614|8001085|1|1250|0|      |20220525|20220525|0603|2022-06-05 07:05:11
332402|0000000716969613              |20220525|091148|013|675|0|30300094|130010014|130753608|1|20220525|075718|8002997|20220525|091849|8002737|1|1250|0|      |20220525|20220525|0603|2022-06-05 07:05:11
332404|0000000441543088              |20220525|105635|002|675|0|30300080|130010009|130759130|1|20220525|061645|8002063|20220525|110320|8001096|1|1250|0|      |20220525|20220525|0603|2022-06-05 07:05:11
332406|0000000633730643              |20220525|172428|012|675|0|30300080|130010009|130759103|1|20220525|125416|8002063|20220525|173208|8001096|1|1250|0|      |20220525|20220525|0603|2022-06-05 07:05:11
332408|0000000677262177              |20220525|214438|019|675|0|30300080|130010009|130759130|1|20220525|205557|8002063|20220525|215206|8001096|1|1250|0|      |20220525|20220525|0603|2022-06-05 07:05:11
332815|0000000750964332              |20220525|133608|020|676|0|30300036|130010011|130759510|1|20220525|095349|8002376|20220525|134220|8005928|1|1250|0|      |20220525|20220525|0603|2022-06-05 07:05:11
332817|0000000741645872              |20220525|062040|001|676|0|30300087|130010015|130759636|1|20220525|061220|8002541|20220525|062754|8002118|1|1250|0|      |20220525|20220525|0603|2022-06-05 07:05:11
332819|0000000745114441              |20220525|083827|015|675|0|30300079|130010009|130759120|1|20220525|052934|8002541|20220525|084543|8002118|1|1250|0|      |20220525|20220525|0603|2022-06-05 07:05:11
332821|0000000700440402              |20220525|133229|005|676|0|30300087|130010015|130759631|1|20220525|132026|8002541|20220525|134033|8002118|1|1250|0|      |20220525|20220525|0603|2022-06-05 07:05:11
332823|0000000728304057              |20220525|181413|024|675|0|30300079|130010009|130759120|1|20220525|134415|8002541|20220525|182138|8002118|1|1250|0|      |20220525|20220525|0603|2022-06-05 07:05:11
332825|0000000641420600              |20220525|054844|023|675|0|30300060|130010014|130753522|1|20220525|053522|8001237|20220525|060101|8002453|1|1250|0|      |20220525|20220525|0603|2022-06-05 07:05:11
332827|0000000760506213              |20220525|082441|014|676|0|30300087|130010008|130752123|1|20220525|075339|8001237|20220525|084303|8002453|1|1250|0|      |20220525|20220525|0603|2022-06-05 07:05:11
332829|0000000756062194              |20220525|112534|008|676|0|30300087|130010015|130759622|1|20220525|110012|8001237|20220525|113649|8002453|1|1250|0|      |20220525|20220525|0603|2022-06-05 07:05:11
332831|0000000909383460              |20220525|140224|012|675|0|30300053|130010002|130752319|1|20220525|131837|8001237|20220525|141423|8002453|1|1250|0|      |20220525|20220525|0603|2022-06-05 07:05:11
354823|0000000758202383              |20220525|082334|023|675|0|30300053|130010002|130752328|1|20220525|080119|8001156|20220525|082713|8001081|1|1250|0|      |20220525|20220525|0603|2022-06-05 07:05:11
354906|0000000903104483              |20220525|093750|014|676|0|30300087|130010015|130759636|1|20220525|081255|8001276|20220525|094053|8001494|1|1250|0|      |20220525|20220525|0603|2022-06-05 07:05:11
354908|0000000717610167              |20220525|072007|011|675|0|30300075|130010005|130759213|1|20220525|060447|8002615|20220525|073335|8002259|1|1250|0|      |20220525|20220525|0603|2022-06-05 07:05:11
354910|0000000740431053              |20220525|155832|011|675|0|30300075|130010005|130759208|1|20220525|134424|8002615|20220525|160936|8002259|1|1250|0|      |20220525|20220525|0603|2022-06-05 07:05:11
354912|0000000743190027              |20220525|172101|027|675|0|30300096|130010006|130752057|1|20220525|164449|8002884|20220525|173819|8001922|1|1250|0|      |20220525|20220525|0603|2022-06-05 07:05:11
354914|0000000760103180              |20220525|193211|022|675|0|30300096|130010006|130752022|1|20220525|185624|8002884|20220525|194254|8001922|1|1250|0|      |20220525|20220525|0603|2022-06-05 07:05:11
354916|0000000903160292              |20220525|085151|016|676|0|30300043|130010015|130759632|1|20220525|080859|8001428|20220525|085550|8002602|1|1250|0|      |20220525|20220525|0603|2022-06-05 07:05:11
354918|0000000609099014              |20220525|171814|030|676|0|30300040|130010007|130759380|1|20220525|163638|8002763|20220525|173514|8001056|1|1250|0|      |20220525|20220525|0603|2022-06-05 07:05:11
354920|0000000905855149              |20220525|165116|014|676|0|30300043|130010015|130759613|1|20220525|161358|8001428|20220525|165309|8002602|1|1250|0|      |20220525|20220525|0603|2022-06-05 07:05:11
354922|0000000654926628              |20220525|082343|001|676|0|30300090|130010005|130759201|1|20220525|053434|8002869|20220525|083947|8002906|1|1250|0|      |20220525|20220525|0603|2022-06-05 07:05:11
354924|0000000904036320              |20220525|101434|005|675|0|30300065|130010004|130752258|1|20220525|053618|8001095|20220525|102736|8005871|1|1250|0|      |20220525|20220525|0603|2022-06-05 07:05:11
354926|0000000661296186              |20220525|194714|030|676|0|30300087|130010015|130759621|1|20220525|193706|8001199|20220525|200028|8001239|1|1250|0|      |20220525|20220525|0603|2022-06-05 07:05:11
354928|0000000903932485              |20220525|081230|016|674|0|30300002|130010007|130759337|1|20220525|071649|8002464|20220525|083745|8005994|1|1250|0|      |20220525|20220525|0603|2022-06-05 07:05:11
354930|0000000725946915              |20220525|163045|014|674|0|30300002|130010007|130759308|1|20220525|154452|8002464|20220525|165504|8005994|1|1250|0|      |20220525|20220525|0603|2022-06-05 07:05:11
331476|0000000748432940              |20220525|205828|005|676|0|30300040|130010013|130759834|1|20220525|202937|8001075|20220525|210642|8001655|1|1250|0|      |20220525|20220525|0603|2022-06-05 07:05:11
331478|0000000724212060              |20220525|225244|010|676|0|30300040|130010013|130759804|1|20220525|203741|8001192|20220525|225608|8002939|1|1250|0|      |20220525|20220525|0603|2022-06-05 07:05:11
331480|0000000918211260              |20220525|103336|012|676|0|30300040|130010007|130759380|1|20220525|100748|8001085|20220525|111605|8003032|1|1250|0|      |20220525|20220525|0603|2022-06-05 07:05:11
331482|0000000741563904              |20220525|103843|027|676|0|30300040|130010007|130759373|1|20220525|103826|8001891|20220525|104845|8001534|1|1250|0|      |20220525|20220525|0603|2022-06-05 07:05:11
331484|0000000725017446              |20220525|104309|003|676|0|30300040|130010007|130759366|1|20220525|101641|8002905|20220525|104611|8007277|1|1250|0|      |20220525|20220525|0603|2022-06-05 07:05:11
331486|0000000764944431              |20220525|181031|011|676|0|30300040|130010007|130759388|1|20220525|173923|8002240|20220525|181336|8007277|1|1250|0|      |20220525|20220525|0603|2022-06-05 07:05:11
331488|0000000777111229              |20220525|181028|023|676|0|30300040|130010007|130759388|1|20220525|173923|8002240|20220525|185949|8002997|1|1250|0|      |20220525|20220525|0603|2022-06-05 07:05:11
331490|0000000906031388              |20220525|055354|009|676|0|30300040|130010013|130759815|1|20220525|055027|8002893|20220525|061939|8002870|1|1250|0|      |20220525|20220525|0603|2022-06-05 07:05:11
331492|0000000741731584              |20220525|071605|016|676|0|30300040|130010013|130759873|1|20220525|071144|8002941|20220525|073512|8002425|1|1250|0|      |20220525|20220525|0603|2022-06-05 07:05:11
331494|0000000740550311              |20220525|070602|031|676|0|30300040|130010007|130759364|1|20220525|064046|8001074|20220525|072122|8007280|1|1250|0|      |20220525|20220525|0603|2022-06-05 07:05:11
331496|0000000775883306              |20220525|080944|023|676|0|30300040|130010007|130759364|1|20220525|075524|8001040|20220525|085019|8001275|1|1250|0|      |20220525|20220525|0603|2022-06-05 07:05:11
331498|0000000725392330              |20220525|092049|031|676|0|30300040|130010007|130759380|1|20220525|084403|8002759|20220525|093758|8001407|1|1250|0|      |20220525|20220525|0603|2022-06-05 07:05:11
331500|0000000741383288              |20220525|093303|028|676|0|30300040|130010007|130759367|1|20220525|085854|8002760|20220525|095448|8002904|1|1250|0|      |20220525|20220525|0603|2022-06-05 07:05:11
331502|0000000630720373              |20220525|124220|017|676|0|30300040|130010013|130759815|1|20220525|110504|8001040|20220525|125902|8007275|1|1250|0|      |20220525|20220525|0603|2022-06-05 07:05:11
332411|0000000725608672              |20220525|093504|001|676|0|30300090|130010005|130759216|1|20220525|060459|8002538|20220525|094426|8001078|1|1250|0|      |20220525|20220525|0603|2022-06-05 07:05:11
332413|0000000903201947              |20220525|130119|022|676|0|30300090|130010005|130759207|1|20220525|061946|8002538|20220525|130858|8001078|1|1250|0|      |20220525|20220525|0603|2022-06-05 07:05:11
332415|0000000663841711              |20220525|174852|008|676|0|30300090|130010005|130759225|1|20220525|153521|8002538|20220525|175841|8001078|1|1250|0|      |20220525|20220525|0603|2022-06-05 07:05:11
332417|0000000705892977              |20220525|165955|009|675|0|30300078|130010008|130752166|1|20220525|162131|8007279|20220525|170610|8002218|1|1250|0|      |20220525|20220525|0603|2022-06-05 07:05:11
332419|0000000740414592              |20220525|145838|027|676|0|30300043|130010015|130759613|1|20220525|144621|8007325|20220525|152211|8001250|1|1250|0|      |20220525|20220525|0603|2022-06-05 07:05:11
332421|0000000741710692              |20220525|065439|028|674|0|30300002|130010007|130759319|1|20220525|051240|8001721|20220525|070711|8001419|1|1250|0|      |20220525|20220525|0603|2022-06-05 07:05:11
332423|0000000735670367              |20220525|083426|007|674|0|30300002|130010007|130759304|1|20220525|073427|8001721|20220525|085236|8001419|1|1250|0|      |20220525|20220525|0603|2022-06-05 07:05:11
332425|0000000741221976              |20220525|095430|026|674|0|30300002|130010007|130759307|1|20220525|085903|8001721|20220525|101249|8001419|1|1250|0|      |20220525|20220525|0603|2022-06-05 07:05:11
332427|0000000614722175              |20220525|110857|026|674|0|30300002|130010007|130759325|1|20220525|101759|8001721|20220525|112214|8001419|1|1250|0|      |20220525|20220525|0603|2022-06-05 07:05:11
355570|0000000741834043              |20220525|152745|022|676|0|30300089|130010011|130759526|1|20220525|141751|8005505|20220525|154036|8001314|1|1250|0|      |20220525|20220525|0603|2022-06-05 07:05:11
355572|0000000742397803              |20220525|115416|025|676|0|30300041|130010012|130753310|1|20220525|110603|8002967|20220525|120712|8001296|1|1250|0|      |20220525|20220525|0603|2022-06-05 07:05:11
355574|0000000778642566              |20220525|125000|003|676|0|30300036|130010012|130753311|1|20220525|063316|8002278|20220525|125905|8002603|1|1250|0|      |20220525|20220525|0603|2022-06-05 07:05:11
355576|0000000778310658              |20220525|134338|003|676|0|30300054|130010007|130759362|1|20220525|133545|8001857|20220525|135641|8002831|1|1250|0|      |20220525|20220525|0603|2022-06-05 07:05:11
355578|0000000743350450              |20220525|082216|013|676|0|30300051|130010008|130752134|1|20220525|082125|9007010|20220525|085057|8001929|1|1250|0|      |20220525|20220525|0603|2022-06-05 07:05:11
355742|0000000903219465              |20220525|213538|029|676|0|30300041|130010012|130753318|1|20220525|191526|8001569|20220525|214948|8002961|1|1250|0|      |20220525|20220525|0603|2022-06-05 07:05:11
355744|0000000903556684              |20220525|055114|021|676|0|30300088|130010002|130752361|1|20220525|052849|8002673|20220525|061216|8001590|1|1250|0|      |20220525|20220525|0603|2022-06-05 07:05:11
355746|0000000771283286              |20220525|080537|023|676|0|30300041|130010012|130753313|1|20220525|075010|8001040|20220525|084636|8001077|1|1250|0|      |20220525|20220525|0603|2022-06-05 07:05:11
355748|0000000777110977              |20220525|204703|026|676|0|30300090|130010005|130759218|1|20220525|183919|8002953|20220525|205128|8001655|1|1250|0|      |20220525|20220525|0603|2022-06-05 07:05:11
355750|0000000900003071              |20220525|173856|018|676|0|30300041|130010012|130753316|1|20220525|142030|8001569|20220525|175255|8002961|1|1250|0|      |20220525|20220525|0603|2022-06-05 07:05:11
355752|0000000621587884              |20220525|204243|012|676|0|30300041|130010012|130753306|1|20220525|194541|8001569|20220525|210159|8002961|1|1250|0|      |20220525|20220525|0603|2022-06-05 07:05:11
355754|0000000763340239              |20220525|213532|018|676|0|30300041|130010012|130753318|1|20220525|191526|8001569|20220525|214946|8002961|1|1250|0|      |20220525|20220525|0603|2022-06-05 07:05:11
355756|0000000777209813              |20220525|173521|024|676|0|30300090|130010005|130759218|1|20220525|152104|8002953|20220525|174103|8001655|1|1250|0|      |20220525|20220525|0603|2022-06-05 07:05:11
355758|0000000725710892              |20220525|081805|027|676|0|30300037|130010006|130752044|1|20220525|064631|8005881|20220525|083617|8001096|1|1250|0|      |20220525|20220525|0603|2022-06-05 07:05:11
355760|0000000630907999              |20220525|162623|015|676|0|30300037|130010006|130752014|1|20220525|161714|8005881|20220525|164535|8001096|1|1250|0|      |20220525|20220525|0603|2022-06-05 07:05:11
355762|0000000918475376              |20220525|205844|002|676|0|30300093|130010004|130752219|1|20220525|195748|8002208|20220525|211641|8001586|1|1250|0|      |20220525|20220525|0603|2022-06-05 07:05:11
355764|0000000903888203              |20220525|121028|009|676|0|30300051|130010008|130752102|1|20220525|115547|8001291|20220525|125519|8002437|1|1250|0|      |20220525|20220525|0603|2022-06-05 07:05:11
355766|0000000770018019              |20220525|080654|008|676|0|30300093|130010004|130752213|1|20220525|053654|8002208|20220525|082148|8001586|1|1250|0|      |20220525|20220525|0603|2022-06-05 07:05:11
355768|0000000725153626              |20220525|132119|029|676|0|30300040|130010013|130759815|1|20220525|110504|8001380|20220525|133132|8003032|1|1250|0|      |20220525|20220525|0603|2022-06-05 07:05:11
355770|0000000918374092              |20220525|210452|008|676|0|30300038|130010014|130753246|1|20220525|200212|8002628|20220525|212627|8001401|1|1250|0|      |20220525|20220525|0603|2022-06-05 07:05:11
355772|0000000636633528              |20220525|190921|025|676|0|30300038|130010014|130753247|1|20220525|175735|8002793|20220525|193236|8003032|1|1250|0|      |20220525|20220525|0603|2022-06-05 07:05:11
355774|0000000726030372              |20220525|180008|018|676|0|30300087|130010008|130752155|1|20220525|175427|8002131|20220525|183704|8001398|1|1250|0|      |20220525|20220525|0603|2022-06-05 07:05:11
355776|0000000741577856              |20220525|073145|001|676|0|30300070|130010004|130752605|1|20220525|071521|8002820|20220525|074511|8002289|1|1250|0|      |20220525|20220525|0603|2022-06-05 07:05:11
355778|0000000734806586              |20220525|151619|003|676|0|30300073|130010009|130759183|1|20220525|150658|8002818|20220525|152457|8002357|1|1250|0|      |20220525|20220525|0603|2022-06-05 07:05:11
355780|0000000918009096              |20220525|170503|019|676|0|30300054|130010007|130759384|1|20220525|161739|8001055|20220525|172155|8002585|1|1250|0|      |20220525|20220525|0603|2022-06-05 07:05:11
355782|0000000458384608              |20220525|074524|014|676|0|30300038|130010014|130753246|1|20220525|070351|8001050|20220525|080001|8002733|1|1250|0|      |20220525|20220525|0603|2022-06-05 07:05:11
355784|0000000918212091              |20220525|153211|006|676|0|30300087|130010008|130752159|1|20220525|152319|8002131|20220525|160002|8001398|1|1250|0|      |20220525|20220525|0603|2022-06-05 07:05:11
355786|0000000906490756              |20220525|055001|004|676|0|30300038|130010014|130753262|1|20220525|053822|8002793|20220525|061308|8003032|1|1250|0|      |20220525|20220525|0603|2022-06-05 07:05:11
355788|0000000778065898              |20220525|162255|005|676|0|30300051|130010008|130752128|1|20220525|160930|8001291|20220525|171013|8002437|1|1250|0|      |20220525|20220525|0603|2022-06-05 07:05:11
355790|0000000763339971              |20220525|205846|003|676|0|30300093|130010004|130752219|1|20220525|195748|8002208|20220525|211617|8001586|1|1250|0|      |20220525|20220525|0603|2022-06-05 07:05:11
355792|0000000743172512              |20220525|124737|013|676|0|30300068|130010006|130752009|1|20220525|123206|8002183|20220525|125723|8001263|1|1250|0|      |20220525|20220525|0603|2022-06-05 07:05:11
355794|0000000662146032              |20220525|155841|028|676|0|30300087|130010015|130759621|1|20220525|151214|8002088|20220525|162229|8003012|1|1250|0|      |20220525|20220525|0603|2022-06-05 07:05:11
331503|0000000725967250              |20220525|135126|005|676|0|30300040|130010007|130759380|1|20220525|132617|8002905|20220525|143326|8005516|1|1250|0|      |20220525|20220525|0603|2022-06-05 07:05:11
331505|0000000743773067              |20220525|160311|018|676|0|30300040|130010013|130759872|1|20220525|140943|8001406|20220525|160821|8007275|1|1250|0|      |20220525|20220525|0603|2022-06-05 07:05:11
331507|0000000906031388              |20220525|162034|010|676|0|30300040|130010007|130759343|1|20220525|154920|8002953|20220525|170210|8002894|1|1250|0|      |20220525|20220525|0603|2022-06-05 07:05:11
331509|0000000675447942              |20220525|170522|018|676|0|30300040|130010007|130759380|1|20220525|163638|8007277|20220525|170747|8007279|1|1250|0|      |20220525|20220525|0603|2022-06-05 07:05:11
331511|0000000746566406              |20220525|180200|022|676|0|30300040|130010007|130759367|1|20220525|165812|8001426|20220525|181146|8002997|1|1250|0|      |20220525|20220525|0603|2022-06-05 07:05:11
351978|0000000724345127              |20220525|124601|003|676|0|30300070|130010004|130752238|1|20220525|115125|8001421|20220525|125840|8001379|1|1250|0|      |20220525|20220525|0603|2022-06-05 07:05:11
351980|0000000741405633              |20220525|195956|030|676|0|30300070|130010004|130752228|1|20220525|185652|8001421|20220525|200956|8001379|1|1250|0|      |20220525|20220525|0603|2022-06-05 07:05:11
351982|0000000741309702              |20220525|080459|011|675|0|30300082|130010001|130759736|1|20220525|060609|8001934|20220525|082816|8001572|1|1250|0|      |20220525|20220525|0603|2022-06-05 07:05:11
351984|0000000741537953              |20220525|083612|024|676|0|30300040|130010013|130759830|1|20220525|081340|8001596|20220525|085438|8001074|1|1250|0|      |20220525|20220525|0603|2022-06-05 07:05:11
351986|0000000771260072              |20220525|101750|031|676|0|30300040|130010007|130759364|1|20220525|100417|8001596|20220525|103212|8001074|1|1250|0|      |20220525|20220525|0603|2022-06-05 07:05:11
351988|0000000900658655              |20220525|131037|012|675|0|30300055|130010014|130753267|1|20220525|130021|8001846|20220525|132845|8001927|1|1250|0|      |20220525|20220525|0603|2022-06-05 07:05:11
351990|0000000754812706              |20220525|184847|029|675|0|30300055|130010014|130753209|1|20220525|130602|8001846|20220525|190453|8001927|1|1250|0|      |20220525|20220525|0603|2022-06-05 07:05:11
351992|0000000741538560              |20220525|175602|010|675|0|30300076|130010014|130753235|1|20220525|153311|8002627|20220525|182046|8002825|1|1250|0|      |20220525|20220525|0603|2022-06-05 07:05:11
351994|0000000725853621              |20220525|102208|021|679|0|30300063|130010001|130759773|1|20220525|095117|8001253|20220525|102847|8002980|1|1250|0|      |20220525|20220525|0603|2022-06-05 07:05:11
352050|0000000745175299              |20220525|070353|021|674|0|30300100|130010002|130752336|1|20220525|065144|8001935|20220525|072824|8001916|1|1250|0|      |20220525|20220525|0603|2022-06-05 07:05:11
352052|0000000671289319              |20220525|161055|009|674|0|30300100|130010002|130752362|1|20220525|145940|8001935|20220525|163753|8001916|1|1250|0|      |20220525|20220525|0603|2022-06-05 07:05:11
352054|0000000736188731              |20220525|210607|001|674|0|30300100|130010002|130752509|1|20220525|151422|8001935|20220525|212836|8001916|1|1250|0|      |20220525|20220525|0603|2022-06-05 07:05:11
352056|0000000642306158              |20220525|172138|012|675|0|30300060|130010014|130753215|1|20220525|170952|8002578|20220525|175509|8002969|1|1250|0|      |20220525|20220525|0603|2022-06-05 07:05:11
352058|0000000743271468              |20220525|085844|027|674|0|30300104|130010002|130752341|1|20220525|085330|8001960|20220525|090342|8001081|1|1250|0|      |20220525|20220525|0603|2022-06-05 07:05:11
352060|0000000722597350              |20220525|114612|027|675|0|30300067|130010001|130759707|1|20220525|105945|8002630|20220525|120118|8002649|1|1250|0|      |20220525|20220525|0603|2022-06-05 07:05:11
352062|0000000608683053              |20220525|091309|025|679|0|30300063|130010001|130759486|1|20220525|090319|8002309|20220525|092319|8002634|1|1250|0|      |20220525|20220525|0603|2022-06-05 07:05:11
352064|0000000905459917              |20220525|223519|007|675|0|30300092|130010013|130759810|1|20220525|222028|8001555|20220525|223856|8002091|1|1250|0|      |20220525|20220525|0603|2022-06-05 07:05:11
352066|0000000761656664              |20220525|164602|007|675|0|30300095|130010005|130759202|1|20220525|163435|8002119|20220525|165548|8001100|1|1250|0|      |20220525|20220525|0603|2022-06-05 07:05:11
352068|0000000618001486              |20220525|212743|013|675|0|30300067|130010001|130759473|1|20220525|204211|8002630|20220525|213507|8002649|1|1250|0|      |20220525|20220525|0603|2022-06-05 07:05:11
352070|0000000908105996              |20220525|114537|001|675|0|30300091|130010013|130759828|1|20220525|093951|8002566|20220525|120328|8002127|1|1250|0|      |20220525|20220525|0603|2022-06-05 07:05:11
352072|0000000740894523              |20220525|162622|020|675|0|30300055|130010014|130753205|1|20220525|160637|8001986|20220525|163747|8001612|1|1250|0|      |20220525|20220525|0603|2022-06-05 07:05:11
352074|0000000660877280              |20220525|170814|021|675|0|30300067|130010001|130759707|1|20220525|144727|8001990|20220525|171943|8002356|1|1250|0|      |20220525|20220525|0603|2022-06-05 07:05:11
352130|0000000743778655              |20220525|135104|017|676|0|30300051|130010008|130752130|1|20220525|130636|8001940|20220525|141208|8001418|1|1250|0|      |20220525|20220525|0603|2022-06-05 07:05:11
352132|0000000743516203              |20220525|211438|028|676|0|30300089|130010011|130759513|1|20220525|130925|8007490|20220525|213225|8002532|1|1250|0|      |20220525|20220525|0603|2022-06-05 07:05:11
352134|0000000742467448              |20220525|210733|023|676|0|30300037|130010006|130759004|1|20220525|204214|8001096|20220525|214128|8002411|1|1250|0|      |20220525|20220525|0603|2022-06-05 07:05:11
352136|0000000726001346              |20220525|224431|007|676|0|30300041|130010012|130753323|1|20220525|221117|8002969|20220525|225823|8002850|1|1250|0|      |20220525|20220525|0603|2022-06-05 07:05:11
352138|0000000769482810              |20220525|075847|006|676|0|30300043|130010015|130759616|1|20220525|070626|8002649|20220525|080910|8002717|1|1250|0|      |20220525|20220525|0603|2022-06-05 07:05:11
352140|0000000776002074              |20220525|180702|017|676|0|30300054|130010007|130759384|1|20220525|174630|8002977|20220525|182022|8001645|1|1250|0|      |20220525|20220525|0603|2022-06-05 07:05:11
352142|0000000658816899              |20220525|071226|027|676|0|30300072|130010001|130759427|1|20220525|064407|8001005|20220525|071821|8005960|1|1250|0|      |20220525|20220525|0603|2022-06-05 07:05:11
352144|0000000725342664              |20220525|155825|015|676|0|30300037|130010006|130759016|1|20220525|141141|8001005|20220525|160633|8005960|1|1250|0|      |20220525|20220525|0603|2022-06-05 07:05:11
352146|0000000733551272              |20220525|145752|006|676|0|30300071|130010009|130759174|1|20220525|124400|8001183|20220525|151215|8001587|1|1250|0|      |20220525|20220525|0603|2022-06-05 07:05:11
352148|0000000743327564              |20220525|095627|030|676|0|30300041|130010012|130753321|1|20220525|082936|8002650|20220525|100230|8002994|1|1250|0|      |20220525|20220525|0603|2022-06-05 07:05:11
352150|0000000763302369              |20220525|203429|011|676|0|30300090|130010005|130759215|1|20220525|131645|8002464|20220525|204154|8002658|1|1250|0|      |20220525|20220525|0603|2022-06-05 07:05:11
352152|0000000778622476              |20220525|112203|022|676|0|30300054|130010007|130759378|1|20220525|111919|8001285|20220525|113044|8001556|1|1250|0|      |20220525|20220525|0603|2022-06-05 07:05:11
352154|0000000921341063              |20220525|085504|024|676|0|30300041|130010012|130753318|1|20220525|075800|8002650|20220525|085953|8002994|1|1250|0|      |20220525|20220525|0603|2022-06-05 07:05:11
352156|0000000920918147              |20220525|075621|020|676|0|30300051|130010008|130752106|1|20220525|070926|8001915|20220525|080637|8001372|1|1250|0|      |20220525|20220525|0603|2022-06-05 07:05:11
352185|0000000763199339              |20220525|163153|007|676|0|30300051|130010008|130752100|1|20220525|162808|9007010|20220525|163449|8001534|1|1250|0|      |20220525|20220525|0603|2022-06-05 07:05:11
378808|0000000918451426              |20220525|085942|001|832|0|30300128|130710001|130759910|1|20220525|041226|8007294|20220525|093553|8001420|1|1700|300|      |20220525|20220525|0603|2022-06-05 07:05:11
378810|0000000677718579              |20220525|145048|028|832|0|30300128|130710001|130759923|1|20220525|065836|8007294|20220525|152800|8001420|1|1700|300|      |20220525|20220525|0603|2022-06-05 07:05:11
378812|0000000771590786              |20220525|095435|015|832|0|30300128|130710001|130759929|1|20220525|062312|8007412|20220525|104503|3056003|1|1700|300|      |20220525|20220525|0603|2022-06-05 07:05:11
378814|0000000764191218              |20220525|122357|003|832|0|30300128|130710001|130759920|1|20220525|070002|8007412|20220525|131353|3056003|1|1700|300|      |20220525|20220525|0603|2022-06-05 07:05:11
378816|0000000742217757              |20220525|160714|001|832|0|30300128|130710001|130759919|1|20220525|063501|8007412|20220525|165533|3062006|1|1700|300|      |20220525|20220525|0603|2022-06-05 07:05:11
378818|0000000903790502              |20220525|203057|001|832|0|30300128|130710001|130759927|1|20220525|061010|8007412|20220525|211515|3062006|1|1700|300|      |20220525|20220525|0603|2022-06-05 07:05:11
378820|0000000646097519              |20220525|210610|004|832|0|30300128|130710001|130759931|1|20220525|061628|8007412|20220525|215250|3062006|1|1700|300|      |20220525|20220525|0603|2022-06-05 07:05:11
378903|0000000645047436              |20220525|124522|001|832|0|30300128|130710001|130759912|1|20220525|051625|8007080|20220525|133731|8001420|1|1700|300|      |20220525|20220525|0603|2022-06-05 07:05:11
378905|0000000672184470              |20220525|061822|019|832|0|30300128|130710001|130759911|1|20220525|053102|8007292|20220525|065204|8001420|1|1700|300|      |20220525|20220525|0603|2022-06-05 07:05:11
378907|0000000761044306              |20220525|072013|012|832|0|30300128|130710001|130759918|1|20220525|054720|8007296|20220525|074950|8007280|1|1700|300|      |20220525|20220525|0603|2022-06-05 07:05:11
378909|0000000610808994              |20220525|094708|001|832|0|30300128|130710001|130759914|1|20220525|053137|8007292|20220525|101609|8001420|1|1700|300|      |20220525|20220525|0603|2022-06-05 07:05:11
378911|0000000669851237              |20220525|120921|011|832|0|30300128|130710001|130759931|1|20220525|061628|8007296|20220525|123732|8007280|1|1700|300|      |20220525|20220525|0603|2022-06-05 07:05:11
378913|0000000621985739              |20220525|111741|003|832|0|30300128|130710001|130759925|1|20220525|054149|8007292|20220525|115442|8001420|1|1700|300|      |20220525|20220525|0603|2022-06-05 07:05:11
378915|0000000757288725              |20220525|114627|001|832|0|30300128|130710001|130759930|1|20220525|061515|8007080|20220525|124019|8007268|1|1700|300|      |20220525|20220525|0603|2022-06-05 07:05:11
378917|0000000757298197              |20220525|142303|008|832|0|30300128|130710001|130759930|1|20220525|061515|8007289|20220525|150000|3014014|1|1700|300|      |20220525|20220525|0603|2022-06-05 07:05:11
378919|0000000764946347              |20220525|142335|002|832|0|30300128|130710001|130759922|1|20220525|061954|8007080|20220525|150706|8007280|1|1700|300|      |20220525|20220525|0603|2022-06-05 07:05:11
378921|0000000750387295              |20220525|161930|001|832|0|30300128|130710001|130759932|1|20220525|052259|8007296|20220525|165111|8007280|1|1700|300|      |20220525|20220525|0603|2022-06-05 07:05:11
378923|0000000721351413              |20220525|172752|001|832|0|30300128|130710001|130759916|1|20220525|062657|8007294|20220525|174145|8007290|1|1700|300|      |20220525|20220525|0603|2022-06-05 07:05:11
378925|0000000753387281              |20220525|172514|009|832|0|30300128|130710001|130759917|1|20220525|054948|8007080|20220525|181117|8007280|1|1700|300|      |20220525|20220525|0603|2022-06-05 07:05:11
378927|0000000769007495              |20220525|171456|008|832|0|30300128|130710001|130759913|1|20220525|053348|8007292|20220525|174949|8001420|1|1700|300|      |20220525|20220525|0603|2022-06-05 07:05:11
378929|0000000904039564              |20220525|182741|001|832|0|30300128|130710001|130759910|1|20220525|142931|8007289|20220525|184227|8007295|1|1700|300|      |20220525|20220525|0603|2022-06-05 07:05:11
379039|0000000776681193              |20220525|162411|008|675|0|30300050|130010007|130759342|4|20220525|162114|8001318|20220525|163958|8002052|1|750|0|      |20220525|20220525|0603|2022-06-05 07:05:11
379041|0000000726257675              |20220525|134509|026|676|1|30300088|130010002|130752356|1|20220525|111544|8001318|20220525|143052|8002351|1|150|0|      |20220525|20220525|0603|2022-06-05 07:05:11
379043|0000000908744035              |20220525|182531|004|676|0|30300088|130010002|130752374|4|20220525|173855|8001318|20220525|185318|8002960|1|750|0|      |20220525|20220525|0603|2022-06-05 07:05:11
379045|0000000606972106              |20220525|105407|006|676|1|30300043|130010015|130759601|1|20220525|104609|8001835|20220525|112215|8002602|1|0|0|      |20220525|20220525|0603|2022-06-05 07:05:11
379047|0000000701847770              |20220525|171518|008|676|1|30300043|130010015|130759609|1|20220525|170823|8001835|20220525|175015|8002730|1|0|0|      |20220525|20220525|0603|2022-06-05 07:05:11
379049|0000000746265872              |20220525|223513|030|676|1|30300043|130010015|130759689|1|20220525|222256|8001835|20220525|225135|8002887|1|0|0|      |20220525|20220525|0603|2022-06-05 07:05:11
379051|0000000744963763              |20220525|080432|013|676|1|30300071|130010009|130759174|1|20220525|075210|8001318|20220525|085844|8001791|1|0|0|      |20220525|20220525|0603|2022-06-05 07:05:11
379053|0000000911300866              |20220525|162406|001|675|0|30300050|130010007|130759342|4|20220525|162114|8001318|20220525|164646|8002376|1|750|0|      |20220525|20220525|0603|2022-06-05 07:05:11
379055|0000000752796619              |20220525|160006|011|675|1|30300050|130010007|130759309|1|20220525|155640|8001318|20220525|163739|8007541|1|0|0|      |20220525|20220525|0603|2022-06-05 07:05:11
379057|0000000741193412              |20220525|174015|019|676|1|30300071|130010009|130759149|1|20220525|121600|8001318|20220525|180557|8006006|1|0|0|      |20220525|20220525|0603|2022-06-05 07:05:11
379059|0000000612969390              |20220525|183617|027|676|1|30300071|130010009|130759180|1|20220525|133605|8001318|20220525|190308|8001078|1|0|0|      |20220525|20220525|0603|2022-06-05 07:05:11
379061|0000000750492911              |20220525|152913|019|675|1|30300065|130010004|130752234|4|20220525|151958|8001835|20220525|155933|8002728|1|0|0|      |20220525|20220525|0603|2022-06-05 07:05:11
379063|0000000735710075              |20220525|183327|007|675|3|30300145|130010014|130753606|1|20220525|172655|8001318|20220525|190431|8002412|1|0|0|      |20220525|20220525|0603|2022-06-05 07:05:11
379200|0000000720361746              |20220525|190651|016|675|1|30300055|130010014|130753208|1|20220525|182105|8002635|20220525|192640|8002064|1|0|0|      |20220525|20220525|0603|2022-06-05 07:05:11
379202|0000000767261422              |20220525|080637|028|675|2|30300081|130010011|130759571|1|20220525|062228|8002088|20220525|084222|8001986|1|0|0|      |20220525|20220525|0603|2022-06-05 07:05:11
379204|0000000918214158              |20220525|122512|012|675|2|30300081|130010011|130759514|1|20220525|120014|8002088|20220525|125408|8001986|1|0|0|      |20220525|20220525|0603|2022-06-05 07:05:11
373147|0000000900946589              |20220525|084843|008|676|0|30300036|130010011|130759503|1|20220525|080628|8001062|20220525|085522|8001388|1|1250|0|      |20220525|20220525|0603|2022-06-05 07:05:11
373149|0000000743447641              |20220525|081746|031|676|0|30300137|130010004|130752600|1|20220525|074235|8001492|20220525|082732|8002733|1|1250|0|      |20220525|20220525|0603|2022-06-05 07:05:11
373151|0000000622133469              |20220525|120318|005|676|0|30300039|130010005|130759217|1|20220525|060047|8002557|20220525|121108|8002872|1|1250|0|      |20220525|20220525|0603|2022-06-05 07:05:11
373153|0000000742617929              |20220525|173300|013|676|0|30300039|130010005|130759224|1|20220525|154845|8001182|20220525|175051|8002495|1|1250|0|      |20220525|20220525|0603|2022-06-05 07:05:11
373155|0000000766198184              |20220525|182156|023|676|0|30300130|130010008|130752149|1|20220525|175954|8001927|20220525|185258|8002304|1|1250|0|      |20220525|20220525|0603|2022-06-05 07:05:11
373157|0000000707130964              |20220525|204928|024|676|0|30300039|130010005|130759212|1|20220525|202522|8002399|20220525|210851|8001570|1|1250|0|      |20220525|20220525|0603|2022-06-05 07:05:11
373159|0000000732780483              |20220525|054853|031|676|0|30300087|130010015|130759633|1|20220525|054003|8002541|20220525|061213|8001074|1|1250|0|      |20220525|20220525|0603|2022-06-05 07:05:11
373566|0000000747618218              |20220525|153417|018|676|0|30300069|130010001|130759715|1|20220525|152601|8001998|20220525|162645|8001039|1|1250|0|      |20220525|20220525|0603|2022-06-05 07:05:11
373568|0000000676505129              |20220525|171030|028|676|0|30300090|130010005|130759219|1|20220525|150316|8002760|20220525|172943|8003006|1|1250|0|      |20220525|20220525|0603|2022-06-05 07:05:11
373570|0000000903913776              |20220525|171816|013|676|0|30300088|130010002|130752315|1|20220525|161741|8002955|20220525|173526|8002960|1|1250|0|      |20220525|20220525|0603|2022-06-05 07:05:11
373572|0000000903779583              |20220525|172409|005|676|0|30300070|130010004|130752605|1|20220525|171019|8002753|20220525|175041|8001869|1|1250|0|      |20220525|20220525|0603|2022-06-05 07:05:11
373574|0000000744151580              |20220525|175215|027|676|0|30300068|130010006|130759025|1|20220525|161923|8002779|20220525|181811|8001533|1|1250|0|      |20220525|20220525|0603|2022-06-05 07:05:11
373576|0000000612385887              |20220525|174148|010|676|0|30300071|130010009|130759149|1|20220525|121600|8003045|20220525|180751|8002757|1|1250|0|      |20220525|20220525|0603|2022-06-05 07:05:11
373578|0000000730640027              |20220525|165404|007|676|0|30300088|130010002|130752317|1|20220525|164625|8002352|20220525|182137|8001632|1|1250|0|      |20220525|20220525|0603|2022-06-05 07:05:11
373580|0000000744867827              |20220525|181622|007|676|0|30300069|130010001|130759428|1|20220525|174605|8001941|20220525|183047|8002648|1|1250|0|      |20220525|20220525|0603|2022-06-05 07:05:11
373582|0000000743120613              |20220525|183603|014|676|0|30300130|130010008|130752718|1|20220525|183255|8002447|20220525|185554|8002341|1|1250|0|      |20220525|20220525|0603|2022-06-05 07:05:11
373584|0000000741524616              |20220525|180738|007|676|0|30300088|130010006|130752001|1|20220525|144610|8001299|20220525|184234|8002048|1|1250|0|      |20220525|20220525|0603|2022-06-05 07:05:11
373586|0000000776723312              |20220525|181108|027|676|0|30300073|130010009|130759117|1|20220525|164144|8002745|20220525|191007|8001420|1|1250|0|      |20220525|20220525|0603|2022-06-05 07:05:11
373588|0000000776023263              |20220525|180748|030|676|0|30300131|130010008|130752701|1|20220525|180730|8002089|20220525|191403|8001217|1|1250|0|      |20220525|20220525|0603|2022-06-05 07:05:11
373590|0000000771335227              |20220525|181802|009|676|0|30300069|130010001|130759704|1|20220525|150007|8002971|20220525|190322|8001710|1|1250|0|      |20220525|20220525|0603|2022-06-05 07:05:11
373997|0000000741492688              |20220525|211416|014|676|0|30300086|130010013|130759801|1|20220525|210752|8005897|20220525|212938|8001633|1|1250|0|      |20220525|20220525|0603|2022-06-05 07:05:11
373999|0000000903258843              |20220525|060355|019|676|0|30300093|130010004|130752250|1|20220525|053553|8001374|20220525|061356|8002537|1|1250|0|      |20220525|20220525|0603|2022-06-05 07:05:11
374001|0000000903822954              |20220525|062844|014|676|0|30300051|130010008|130752108|1|20220525|061937|8001992|20220525|063832|8002605|1|1250|0|      |20220525|20220525|0603|2022-06-05 07:05:11
374003|0000000903837363              |20220525|074248|003|676|0|30300087|130010015|130759629|1|20220525|070747|8001560|20220525|074438|8001398|1|1250|0|      |20220525|20220525|0603|2022-06-05 07:05:11
374005|0000000918039973              |20220525|070447|011|676|0|30300037|130010006|130752062|1|20220525|063734|8002311|20220525|073805|8002403|1|1250|0|      |20220525|20220525|0603|2022-06-05 07:05:11
374007|0000000903809536              |20220525|080246|020|676|0|30300087|130010015|130759621|1|20220525|065139|8002209|20220525|081726|8001242|1|1250|0|      |20220525|20220525|0603|2022-06-05 07:05:11
374009|0000000710124045              |20220525|082957|024|676|0|30300070|130010004|130752201|1|20220525|054931|8005946|20220525|085016|8001049|1|1250|0|      |20220525|20220525|0603|2022-06-05 07:05:11
374011|0000000677927715              |20220525|080120|025|676|0|30300051|130010008|130752106|1|20220525|070926|8001157|20220525|083801|8001927|1|1250|0|      |20220525|20220525|0603|2022-06-05 07:05:11
374013|0000000661100755              |20220525|103312|003|676|0|30300054|130010007|130759382|1|20220525|100045|8002160|20220525|111056|8002911|1|1250|0|      |20220525|20220525|0603|2022-06-05 07:05:11
374015|0000000903076715              |20220525|113010|018|676|0|30300051|130010008|130752113|1|20220525|112721|8002950|20220525|121301|8001028|1|1250|0|      |20220525|20220525|0603|2022-06-05 07:05:11
374017|0000000778751767              |20220525|170034|013|676|0|30300093|130010004|130752213|1|20220525|053654|8005941|20220525|180146|8002310|1|1250|0|      |20220525|20220525|0603|2022-06-05 07:05:11
374019|0000000726099584              |20220525|180236|006|676|0|30300087|130010015|130759610|1|20220525|170803|8001724|20220525|183009|8001240|1|1250|0|      |20220525|20220525|0603|2022-06-05 07:05:11
374021|0000000921355292              |20220525|174645|030|676|0|30300054|130010007|130759386|1|20220525|172014|8001084|20220525|184930|8001286|1|1250|0|      |20220525|20220525|0603|2022-06-05 07:05:11
374023|0000000733047755              |20220525|182104|016|676|0|30300093|130010004|130752215|1|20220525|174414|8007394|20220525|185558|8002607|1|1250|0|      |20220525|20220525|0603|2022-06-05 07:05:11
374430|0000000774563591              |20220525|174238|010|676|0|30300069|130010001|130759751|1|20220525|172841|8001096|20220525|182157|8001134|1|1250|0|      |20220525|20220525|0603|2022-06-05 07:05:11
374432|0000000744208804              |20220525|173101|024|675|0|30300075|130010005|130759222|1|20220525|170801|8002616|20220525|173304|8002080|1|1250|0|      |20220525|20220525|0603|2022-06-05 07:05:11
374434|0000000772573281              |20220525|090451|010|674|0|30300100|130010002|130752362|1|20220525|081306|8001348|20220525|094456|8001584|1|1250|0|      |20220525|20220525|0603|2022-06-05 07:05:11
365010|0000000764779909              |20220525|211005|007|676|0|30300054|130010007|130759386|1|20220525|204425|8007011|20220525|214409|8002910|1|1250|0|      |20220525|20220525|0603|2022-06-05 07:05:11
365012|0000000921210543              |20220525|130934|006|675|0|30300045|130010006|130752043|1|20220525|112511|8003072|20220525|140451|8001730|1|1250|0|      |20220525|20220525|0603|2022-06-05 07:05:11
365014|0000000903808876              |20220525|112056|003|675|0|30300047|130010001|130759433|1|20220525|050806|8001192|20220525|112506|8002736|1|1250|0|      |20220525|20220525|0603|2022-06-05 07:05:11
365016|0000000757087381              |20220525|100631|005|675|0|30300053|130010002|130752384|1|20220525|084321|8006006|20220525|104004|8001083|1|1250|0|      |20220525|20220525|0603|2022-06-05 07:05:11
365018|0000000720851666              |20220525|181804|028|676|0|30300037|130010006|130752005|1|20220525|175522|8002997|20220525|184358|8003006|1|1250|0|      |20220525|20220525|0603|2022-06-05 07:05:11
365020|0000000756244741              |20220525|184635|007|675|0|30300066|130010015|130759606|1|20220525|181921|8001792|20220525|190610|8005646|1|1250|0|      |20220525|20220525|0603|2022-06-05 07:05:11
365022|0000000771179581              |20220525|210212|020|676|0|30300071|130010009|130759146|1|20220525|191349|8002468|20220525|213105|8002252|1|1250|0|      |20220525|20220525|0603|2022-06-05 07:05:11
365024|0000000769017586              |20220525|225253|016|675|0|30300049|130010004|130752287|1|20220525|220509|8001056|20220525|231303|8005857|1|1250|0|      |20220525|20220525|0603|2022-06-05 07:05:11
365026|0000000677855207              |20220525|150750|018|675|0|30300047|130010001|130759705|1|20220525|145216|8001193|20220525|151718|8001773|1|1250|0|      |20220525|20220525|0603|2022-06-05 07:05:11
365028|0000000759641023              |20220525|181231|005|676|0|30300088|130010002|130752371|1|20220525|172044|8001318|20220525|184740|8002410|1|1250|0|      |20220525|20220525|0603|2022-06-05 07:05:11
366129|0000000918042476              |20220525|215150|019|675|0|30300047|130010001|130759718|1|20220525|202249|8003101|20220525|220709|8001488|1|1250|0|      |20220525|20220525|0603|2022-06-05 07:05:11
366131|0000000650932004              |20220525|225423|008|675|0|30300047|130010001|130759705|1|20220525|221508|8003100|20220525|230324|8005516|1|1250|0|      |20220525|20220525|0603|2022-06-05 07:05:11
366133|0000000735439121              |20220525|230351|002|675|0|30300047|130010001|130759430|1|20220525|222655|8005991|20220525|231526|8005516|1|1250|0|      |20220525|20220525|0603|2022-06-05 07:05:11
366135|0000000766753134              |20220525|122407|031|675|0|30300053|130010002|130752328|1|20220525|120545|8002757|20220525|130020|8001786|1|1250|0|      |20220525|20220525|0603|2022-06-05 07:05:11
366137|0000000900500978              |20220525|064517|010|675|0|30300053|130010002|130752376|1|20220525|060356|8001950|20220525|064731|8002279|1|1250|0|      |20220525|20220525|0603|2022-06-05 07:05:11
366139|0000000725707363              |20220525|083113|013|675|0|30300047|130010001|130759723|1|20220525|074923|8005991|20220525|084825|8005516|1|1250|0|      |20220525|20220525|0603|2022-06-05 07:05:11
366141|0000000749291311              |20220525|090837|006|675|0|30300047|130010001|130759433|1|20220525|050806|8002183|20220525|092043|8002544|1|1250|0|      |20220525|20220525|0603|2022-06-05 07:05:11
366143|0000000719810133              |20220525|110102|003|675|0|30300047|130010001|130759723|1|20220525|103946|8002542|20220525|110306|8003053|1|1250|0|      |20220525|20220525|0603|2022-06-05 07:05:11
366145|0000000655372234              |20220525|121400|015|675|0|30300047|130010001|130759415|1|20220525|120108|8002411|20220525|122808|8070017|1|1250|0|      |20220525|20220525|0603|2022-06-05 07:05:11
366147|0000000741623587              |20220525|121123|019|675|0|30300047|130010001|130759415|1|20220525|120108|8002961|20220525|125220|8007031|1|1250|0|      |20220525|20220525|0603|2022-06-05 07:05:11
366149|0000000900602868              |20220525|161327|028|675|0|30300047|130010001|130759438|1|20220525|153241|8005991|20220525|162730|8005516|1|1250|0|      |20220525|20220525|0603|2022-06-05 07:05:11
366151|0000000654624731              |20220525|170027|001|675|0|30300047|130010001|130759438|1|20220525|164220|8005993|20220525|170721|8070029|1|1250|0|      |20220525|20220525|0603|2022-06-05 07:05:11
366153|0000000903370682              |20220525|174445|029|675|0|30300047|130010001|130759702|1|20220525|172053|8002542|20220525|181936|8002939|1|1250|0|      |20220525|20220525|0603|2022-06-05 07:05:11
366155|0000000730784057              |20220525|190927|013|675|0|30300047|130010001|130759732|1|20220525|190435|8002735|20220525|192553|8005992|1|1250|0|      |20220525|20220525|0603|2022-06-05 07:05:11
366562|0000000743788588              |20220525|082332|018|675|0|30300062|130010008|130752704|1|20220525|074954|8002278|20220525|084354|8001851|1|1250|0|      |20220525|20220525|0603|2022-06-05 07:05:11
366564|0000000742922042              |20220525|094735|012|675|0|30300062|130010008|130752131|1|20220525|090621|8001380|20220525|101120|8001318|1|1250|0|      |20220525|20220525|0603|2022-06-05 07:05:11
366566|0000000760686746              |20220525|093810|017|675|0|30300079|130010009|130759134|1|20220525|073338|8002602|20220525|094331|8002039|1|1250|0|      |20220525|20220525|0603|2022-06-05 07:05:11
366568|0000000777821047              |20220525|125542|023|675|0|30300062|130010008|130752131|1|20220525|120708|8002814|20220525|130544|8002202|1|1250|0|      |20220525|20220525|0603|2022-06-05 07:05:11
366570|0000000740127286              |20220525|145440|010|675|0|30300062|130010008|130752162|1|20220525|134302|8001923|20220525|145717|8002202|1|1250|0|      |20220525|20220525|0603|2022-06-05 07:05:11
366572|0000000906106125              |20220525|160551|019|675|0|30300079|130010009|130759123|1|20220525|154609|8002310|20220525|161413|8005548|1|1250|0|      |20220525|20220525|0603|2022-06-05 07:05:11
366574|0000000918156141              |20220525|171936|023|675|0|30300062|130010008|130752135|1|20220525|124541|8002882|20220525|175746|8002845|1|1250|0|      |20220525|20220525|0603|2022-06-05 07:05:11
366576|0000000773419747              |20220525|171151|006|675|0|30300079|130010009|130759123|1|20220525|170555|8007446|20220525|175030|8002628|1|1250|0|      |20220525|20220525|0603|2022-06-05 07:05:11
366578|0000000763204327              |20220525|182358|024|675|0|30300062|130010008|130752133|1|20220525|175051|8001938|20220525|183319|8001949|1|1250|0|      |20220525|20220525|0603|2022-06-05 07:05:11
366580|0000000663731476              |20220525|181139|014|675|0|30300062|130010008|130752137|1|20220525|174448|8001568|20220525|184236|8002795|1|1250|0|      |20220525|20220525|0603|2022-06-05 07:05:11
366582|0000000900500978              |20220525|182939|011|675|0|30300062|130010008|130752162|1|20220525|180127|8001989|20220525|184720|8002758|1|1250|0|      |20220525|20220525|0603|2022-06-05 07:05:11
366584|0000000757432892              |20220525|185442|024|675|0|30300079|130010009|130759118|1|20220525|181351|8002313|20220525|185815|8002309|1|1250|0|      |20220525|20220525|0603|2022-06-05 07:05:11
366586|0000000607400083              |20220525|190011|019|675|0|30300062|130010008|130752721|1|20220525|184922|8002203|20220525|191153|8001078|1|1250|0|      |20220525|20220525|0603|2022-06-05 07:05:11
357816|0000000723544656              |20220525|144032|013|675|1|30300047|130010001|130759723|1|20220525|143024|8002721|20220525|145024|8005992|1|0|0|      |20220525|20220525|0603|2022-06-05 07:05:11
357818|0000000726187706              |20220525|171318|002|675|1|30300047|130010001|130759433|1|20220525|155003|8002721|20220525|172233|8005992|1|0|0|      |20220525|20220525|0603|2022-06-05 07:05:11
358225|0000000749678312              |20220525|085233|005|676|1|30300038|130010014|130753500|1|20220525|070831|8002733|20220525|090325|8002635|1|0|0|      |20220525|20220525|0603|2022-06-05 07:05:11
358227|0000000734925942              |20220525|075117|023|676|1|30300040|130010013|130759804|1|20220525|070255|8007280|20220525|075737|8001407|1|0|0|      |20220525|20220525|0603|2022-06-05 07:05:11
358229|0000000918320865              |20220525|152801|005|676|2|30300040|130010013|130759818|1|20220525|144039|8007280|20220525|153414|8001407|1|0|0|      |20220525|20220525|0603|2022-06-05 07:05:11
358231|0000000759449913              |20220525|172506|016|676|1|30300040|130010007|130759364|1|20220525|163633|8007280|20220525|173257|8001407|1|0|0|      |20220525|20220525|0603|2022-06-05 07:05:11
358233|0000000771489299              |20220525|183439|028|676|1|30300040|130010013|130759815|1|20220525|174009|8007280|20220525|184336|8001407|1|0|0|      |20220525|20220525|0603|2022-06-05 07:05:11
358235|0000000771855611              |20220525|185020|004|676|1|30300040|130010013|130759822|1|20220525|174949|8007280|20220525|185929|8001407|1|0|0|      |20220525|20220525|0603|2022-06-05 07:05:11
358237|0000000729432614              |20220525|194838|031|676|1|30300040|130010007|130759367|1|20220525|185352|8007280|20220525|195434|8001407|1|0|0|      |20220525|20220525|0603|2022-06-05 07:05:11
358239|0000000712653270              |20220525|224636|028|676|1|30300040|130010007|130759380|1|20220525|220443|8007280|20220525|225247|8001407|1|0|0|      |20220525|20220525|0603|2022-06-05 07:05:11
358241|0000000735872486              |20220525|224643|019|676|1|30300040|130010007|130759380|1|20220525|220443|8007280|20220525|225317|8001407|1|0|0|      |20220525|20220525|0603|2022-06-05 07:05:11
358243|0000000921999522              |20220525|192954|003|676|1|30300040|130010007|130759373|1|20220525|190639|8001054|20220525|193905|8002760|1|0|0|      |20220525|20220525|0603|2022-06-05 07:05:11
358245|0000000772065006              |20220525|060112|014|676|1|30300040|130010007|130759367|1|20220525|054411|8001054|20220525|061102|8002760|1|0|0|      |20220525|20220525|0603|2022-06-05 07:05:11
358247|0000000743715400              |20220525|111549|011|676|1|30300068|130010006|130759026|1|20220525|105850|8001096|20220525|113607|8002793|1|0|0|      |20220525|20220525|0603|2022-06-05 07:05:11
358249|0000000766652029              |20220525|140123|009|676|1|30300068|130010006|130759026|1|20220525|105850|8001096|20220525|142049|8002793|1|0|0|      |20220525|20220525|0603|2022-06-05 07:05:11
358725|0000000746602370              |20220525|202314|007|676|0|30300037|130010006|130759021|1|20220525|121810|8002559|20220525|203642|8002906|1|1250|0|      |20220525|20220525|0603|2022-06-05 07:05:11
358727|0000000762922290              |20220525|080740|005|675|0|30300061|130010015|130759648|1|20220525|064437|8001717|20220525|082327|8002723|1|1250|0|      |20220525|20220525|0603|2022-06-05 07:05:11
358729|0000000751056440              |20220525|081050|023|677|0|30300129|130010009|130759126|1|20220525|071813|8007340|20220525|082524|8005928|1|1250|0|      |20220525|20220525|0603|2022-06-05 07:05:11
358731|0000000741371018              |20220525|181258|006|676|0|30300037|130010006|130752002|1|20220525|164918|8002559|20220525|183131|8002906|1|1250|0|      |20220525|20220525|0603|2022-06-05 07:05:11
358733|0000000778847106              |20220525|095808|021|675|0|30300061|130010015|130759647|1|20220525|091535|8001717|20220525|101551|8002723|1|1250|0|      |20220525|20220525|0603|2022-06-05 07:05:11
358735|0000000762653615              |20220525|075723|003|676|0|30300071|130010009|130759186|1|20220525|071306|8001949|20220525|080509|8001567|1|1250|0|      |20220525|20220525|0603|2022-06-05 07:05:11
358737|0000000777098761              |20220525|083921|019|675|0|30300053|130010002|130752398|1|20220525|074153|8001949|20220525|084931|8001567|1|1250|0|      |20220525|20220525|0603|2022-06-05 07:05:11
358739|0000000608851672              |20220525|145456|023|676|0|30300071|130010009|130759102|1|20220525|140021|8001949|20220525|150248|8001567|1|1250|0|      |20220525|20220525|0603|2022-06-05 07:05:11
358741|0000000918347488              |20220525|182914|006|675|0|30300053|130010002|130752387|1|20220525|172633|8001949|20220525|184007|8001567|1|1250|0|      |20220525|20220525|0603|2022-06-05 07:05:11
358743|0000000777106684              |20220525|194555|003|675|0|30300047|130010001|130759408|1|20220525|191438|8003101|20220525|200551|8001847|1|1250|0|      |20220525|20220525|0603|2022-06-05 07:05:11
358745|0000000921802695              |20220525|204905|026|675|0|30300047|130010001|130759415|1|20220525|202650|8003101|20220525|211025|8001847|1|1250|0|      |20220525|20220525|0603|2022-06-05 07:05:11
358747|0000000737152980              |20220525|080139|023|676|0|30300043|130010015|130759630|1|20220525|063307|8005876|20220525|081032|8001362|1|1250|0|      |20220525|20220525|0603|2022-06-05 07:05:11
358749|0000000725675159              |20220525|185532|005|675|0|30300079|130010009|130759118|1|20220525|181351|8002316|20220525|185808|8002309|1|1250|0|      |20220525|20220525|0603|2022-06-05 07:05:11
358751|0000000609920158              |20220525|180707|020|675|0|30300079|130010009|130759148|1|20220525|141947|8002316|20220525|181241|8002309|1|1250|0|      |20220525|20220525|0603|2022-06-05 07:05:11
359158|0000000744848271              |20220525|160222|022|676|0|30300073|130010009|130759161|1|20220525|141741|8001922|20220525|161215|8001576|1|1250|0|      |20220525|20220525|0603|2022-06-05 07:05:11
359160|0000000733854029              |20220525|222259|010|676|0|30300073|130010009|130759122|1|20220525|220359|8001922|20220525|223027|8001576|1|1250|0|      |20220525|20220525|0603|2022-06-05 07:05:11
359162|0000000903215376              |20220525|163811|013|675|0|30300067|130010001|130759735|1|20220525|140439|8002437|20220525|165513|8002449|1|1250|0|      |20220525|20220525|0603|2022-06-05 07:05:11
359164|0000000747476730              |20220525|215053|001|675|0|30300067|130010001|130759777|1|20220525|192535|8002437|20220525|220525|8002449|1|1250|0|      |20220525|20220525|0603|2022-06-05 07:05:11
359166|0000000700006345              |20220525|061454|005|675|0|30300053|130010002|130752394|1|20220525|052105|8002118|20220525|061614|8001491|1|1250|0|      |20220525|20220525|0603|2022-06-05 07:05:11
359168|0000000910083139              |20220525|143817|003|675|0|30300053|130010002|130752387|1|20220525|140557|8002118|20220525|144129|8001491|1|1250|0|      |20220525|20220525|0603|2022-06-05 07:05:11
359170|0000000908425946              |20220525|163604|002|675|0|30300053|130010002|130752369|1|20220525|160156|8002118|20220525|163848|8001491|1|1250|0|      |20220525|20220525|0603|2022-06-05 07:05:11
359172|0000000753123485              |20220525|120841|012|676|0|30300072|130010001|130759421|1|20220525|115056|8001412|20220525|121622|8001970|1|1250|0|      |20220525|20220525|0603|2022-06-05 07:05:11
379701|0000000761850736              |20220525|163039|029|676|0|30300037|130010006|130759004|4|20220525|152602|8002339|20220525|163337|8002488|1|750|0|      |20220525|20220525|0603|2022-06-05 07:05:11
379703|0000000731475795              |20220525|073250|001|674|2|30300002|130010007|130759331|1|20220525|071518|8001230|20220525|080017|8002093|1|0|0|      |20220525|20220525|0603|2022-06-05 07:05:11
379705|0000000918347996              |20220525|110550|010|676|1|30300041|130010012|130753305|1|20220525|104458|8002971|20220525|112832|8001077|1|0|0|      |20220525|20220525|0603|2022-06-05 07:05:11
379707|0000000908743078              |20220525|150111|028|675|0|30300055|130010014|130753238|4|20220525|142023|8002339|20220525|152745|8001929|1|750|0|      |20220525|20220525|0603|2022-06-05 07:05:11
379709|0000000777452483              |20220525|162549|006|676|0|30300041|130010012|130753306|4|20220525|155715|8002971|20220525|163958|8002969|1|750|0|      |20220525|20220525|0603|2022-06-05 07:05:11
379711|0000000904613556              |20220525|183105|023|675|1|30300055|130010014|130753228|1|20220525|135509|8002339|20220525|183319|8002488|1|0|0|      |20220525|20220525|0603|2022-06-05 07:05:11
379929|0000000741915327              |20220525|135732|025|676|1|30300037|130010006|130752038|1|20220525|125323|8002559|20220525|143302|8003054|1|0|0|      |20220525|20220525|0603|2022-06-05 07:05:11
379931|0000000903632249              |20220525|213635|027|675|1|30300053|130010002|130752395|1|20220525|211054|8002276|20220525|215718|8001526|1|0|0|      |20220525|20220525|0603|2022-06-05 07:05:11
379933|0000000750876411              |20220525|074421|019|676|1|30300068|130010006|130752015|1|20220525|071610|8002228|20220525|080100|8001962|1|0|0|      |20220525|20220525|0603|2022-06-05 07:05:11
379935|0000000745743117              |20220525|184404|010|676|1|30300068|130010006|130752036|1|20220525|181232|8002228|20220525|191129|8007177|1|0|0|      |20220525|20220525|0603|2022-06-05 07:05:11
379937|0000000770333458              |20220525|072138|005|676|1|30300088|130010002|130752370|1|20220525|064742|8001169|20220525|080628|8001586|1|0|0|      |20220525|20220525|0603|2022-06-05 07:05:11
379939|0000000770203366              |20220525|070459|006|676|1|30300088|130010002|130752315|1|20220525|063346|8001169|20220525|080444|8003020|1|0|0|      |20220525|20220525|0603|2022-06-05 07:05:11
379941|0000000745356269              |20220525|080755|016|675|2|30300045|130010006|130759002|1|20220525|055759|8007540|20220525|082904|8003073|1|0|0|      |20220525|20220525|0603|2022-06-05 07:05:11
379943|0000000742947816              |20220525|131749|012|676|1|30300037|130010006|130752024|1|20220525|120600|8007540|20220525|132947|8002921|1|0|0|      |20220525|20220525|0603|2022-06-05 07:05:11
379945|0000000716148425              |20220525|163127|013|675|1|30300046|130010002|130752379|1|20220525|152719|8001269|20220525|164648|8005554|1|0|0|      |20220525|20220525|0603|2022-06-05 07:05:11
379947|0000000777091645              |20220525|182225|017|675|1|30300046|130010002|130752353|1|20220525|165904|8001676|20220525|182432|8007161|1|0|0|      |20220525|20220525|0603|2022-06-05 07:05:11
379949|0000000726907172              |20220525|174137|019|676|1|30300088|130010002|130752315|1|20220525|161741|8001220|20220525|180645|8005858|1|0|0|      |20220525|20220525|0603|2022-06-05 07:05:11
379951|0000000778695559              |20220525|190305|019|675|1|30300046|130010002|130752347|1|20220525|174005|8005902|20220525|191111|8007161|1|0|0|      |20220525|20220525|0603|2022-06-05 07:05:11
379953|0000000903855913              |20220525|202840|022|675|1|30300046|130010002|130752342|1|20220525|200458|8002210|20220525|210735|8002365|1|0|0|      |20220525|20220525|0603|2022-06-05 07:05:11
379955|0000000756064127              |20220525|072709|012|674|0|30300104|130010002|130752314|4|20220525|070911|8001426|20220525|075453|8002681|1|750|0|      |20220525|20220525|0603|2022-06-05 07:05:11
380207|0000000904171686              |20220525|124428|018|675|0|30300049|130010004|130752240|1|20220525|114202|8002434|20220525|125112|8001930|1|1250|0|      |20220525|20220525|0603|2022-06-05 07:05:11
380209|0000000903656225              |20220525|130912|001|675|0|30300049|130010004|130752264|1|20220525|115206|8002434|20220525|131704|8001930|1|1250|0|      |20220525|20220525|0603|2022-06-05 07:05:11
380211|0000000725817293              |20220525|110533|015|675|0|30300048|130010006|130752069|1|20220525|094525|8001389|20220525|111546|8002814|1|1250|0|      |20220525|20220525|0603|2022-06-05 07:05:11
380213|0000000741240226              |20220525|124750|013|675|0|30300082|130010001|130759772|1|20220525|124120|8001395|20220525|125207|8002559|1|1250|0|      |20220525|20220525|0603|2022-06-05 07:05:11
380215|0000000900693852              |20220525|182431|007|675|0|30300082|130010001|130759770|1|20220525|130546|8001395|20220525|183210|8002559|1|1250|0|      |20220525|20220525|0603|2022-06-05 07:05:11
380217|0000000742382495              |20220525|094222|010|676|0|30300037|130010006|130752039|1|20220525|085849|8002235|20220525|094847|8002906|1|1250|0|      |20220525|20220525|0603|2022-06-05 07:05:11
380219|0000000721047070              |20220525|210600|010|675|0|30300080|130010009|130759145|1|20220525|120602|8001460|20220525|211411|8002243|1|1250|0|      |20220525|20220525|0603|2022-06-05 07:05:11
380221|0000000724616780              |20220525|171621|008|676|0|30300037|130010006|130759024|1|20220525|164056|8002559|20220525|172924|8002235|1|1250|0|      |20220525|20220525|0603|2022-06-05 07:05:11
380223|0000000667825311              |20220525|151212|027|676|0|30300037|130010006|130752044|1|20220525|143637|8002559|20220525|152049|8002235|1|1250|0|      |20220525|20220525|0603|2022-06-05 07:05:11
380225|0000000765796230              |20220525|124820|016|676|0|30300037|130010006|130759021|1|20220525|121810|8002559|20220525|125631|8002235|1|1250|0|      |20220525|20220525|0603|2022-06-05 07:05:11
380227|0000000903645136              |20220525|201939|009|675|0|30300108|130010007|130759356|1|20220525|201647|8007065|20220525|202603|8003068|1|1250|0|      |20220525|20220525|0603|2022-06-05 07:05:11
380229|0000000730299155              |20220525|175643|008|675|0|30300080|130010009|130759152|1|20220525|164954|8001460|20220525|180757|8002243|1|1250|0|      |20220525|20220525|0603|2022-06-05 07:05:11
380231|0000000911312838              |20220525|145142|003|676|0|30300087|130010008|130752123|1|20220525|144358|8002131|20220525|150410|8002093|1|1250|0|      |20220525|20220525|0603|2022-06-05 07:05:11
380503|0000000749138730              |20220525|083519|031|675|0|30300055|130010014|130753265|1|20220525|055709|8002345|20220525|085454|8002001|1|1250|0|      |20220525|20220525|0603|2022-06-05 07:05:11
380505|0000000726167587              |20220525|163928|014|675|0|30300055|130010014|130753218|1|20220525|161322|8001554|20220525|170927|8001529|1|1250|0|      |20220525|20220525|0603|2022-06-05 07:05:11
380507|0000000665660638              |20220525|061223|017|675|0|30300046|130010002|130752379|1|20220525|053851|8001371|20220525|061920|8002681|1|1250|0|      |20220525|20220525|0603|2022-06-05 07:05:11
380509|0000000630381639              |20220525|083915|017|677|0|30300129|130010009|130759101|1|20220525|064051|8001282|20220525|085204|8007019|1|1250|0|      |20220525|20220525|0603|2022-06-05 07:05:11
374953|0000000668427450              |20220525|174435|024|675|0|30300053|130010002|130752386|1|20220525|160640|8002276|20220525|174605|8001951|1|1250|0|      |20220525|20220525|0603|2022-06-05 07:05:12
374955|0000000674808433              |20220525|104322|030|675|0|30300053|130010002|130752378|1|20220525|101613|8001525|20220525|111547|8002453|1|1250|0|      |20220525|20220525|0603|2022-06-05 07:05:12
374957|0000000743010548              |20220525|074707|018|676|0|30300038|130010014|130753246|1|20220525|070351|8002790|20220525|075914|8002733|1|1250|0|      |20220525|20220525|0603|2022-06-05 07:05:12
374959|0000000906777204              |20220525|081226|013|675|0|30300077|130010006|130752042|1|20220525|075418|8001784|20220525|084242|8002603|1|1250|0|      |20220525|20220525|0603|2022-06-05 07:05:12
374961|0000000707261971              |20220525|085159|008|676|0|30300038|130010014|130753502|1|20220525|081436|8002917|20220525|085527|8001133|1|1250|0|      |20220525|20220525|0603|2022-06-05 07:05:12
374963|0000000661326049              |20220525|085059|030|675|0|30300058|130010004|130752291|1|20220525|083200|8005895|20220525|093536|8002916|1|1250|0|      |20220525|20220525|0603|2022-06-05 07:05:12
374965|0000000722188937              |20220525|123007|025|675|0|30300053|130010002|130752387|1|20220525|120020|8001730|20220525|130745|8001579|1|1250|0|      |20220525|20220525|0603|2022-06-05 07:05:12
374967|0000000743526467              |20220525|115154|025|675|0|30300046|130010002|130752379|1|20220525|113519|8001372|20220525|123155|8002722|1|1250|0|      |20220525|20220525|0603|2022-06-05 07:05:12
375374|0000000677894961              |20220525|172141|006|675|0|30300079|130010009|130759129|1|20220525|125134|8002724|20220525|174351|8007445|1|1250|0|      |20220525|20220525|0603|2022-06-05 07:05:12
375376|0000000779166143              |20220525|143226|019|675|0|30300046|130010002|130752321|1|20220525|120236|8002411|20220525|150756|8001217|1|1250|0|      |20220525|20220525|0603|2022-06-05 07:05:12
375378|0000000904523686              |20220525|080257|017|675|0|30300053|130010002|130752387|1|20220525|075233|8002674|20220525|090635|8002814|1|1250|0|      |20220525|20220525|0603|2022-06-05 07:05:12
375380|0000000626375936              |20220525|134905|026|676|0|30300051|130010008|130752114|1|20220525|131407|8002544|20220525|141609|8002437|1|1250|0|      |20220525|20220525|0603|2022-06-05 07:05:12
375382|0000000679021815              |20220525|073821|001|675|0|30300058|130010004|130752292|1|20220525|051624|8005914|20220525|080803|8002603|1|1250|0|      |20220525|20220525|0603|2022-06-05 07:05:12
375384|0000000725953201              |20220525|093425|010|675|0|30300053|130010002|130752368|1|20220525|090016|8002543|20220525|095808|8001074|1|1250|0|      |20220525|20220525|0603|2022-06-05 07:05:12
375386|0000000708016340              |20220525|120117|019|675|0|30300082|130010001|130759728|1|20220525|061902|8001044|20220525|120324|8001397|1|1250|0|      |20220525|20220525|0603|2022-06-05 07:05:12
375388|0000000626138229              |20220525|142816|018|675|0|30300079|130010009|130759129|1|20220525|125134|8002545|20220525|143402|8007445|1|1250|0|      |20220525|20220525|0603|2022-06-05 07:05:12
375390|0000000657851170              |20220525|153756|023|675|0|30300046|130010002|130752379|1|20220525|152719|8001291|20220525|163442|8002211|1|1250|0|      |20220525|20220525|0603|2022-06-05 07:05:12
375392|0000000905095858              |20220525|190109|015|675|0|30300049|130010004|130752233|1|20220525|162428|8001206|20220525|191833|8001596|1|1250|0|      |20220525|20220525|0603|2022-06-05 07:05:12
375394|0000000726116400              |20220525|082005|014|675|0|30300058|130010004|130752290|1|20220525|081236|8001982|20220525|091600|8001851|1|1250|0|      |20220525|20220525|0603|2022-06-05 07:05:12
375396|0000000676182965              |20220525|194135|026|676|0|30300087|130010008|130752123|1|20220525|184450|8006006|20220525|200039|8001730|1|1250|0|      |20220525|20220525|0603|2022-06-05 07:05:12
375398|0000000759127879              |20220525|220727|006|675|0|30300047|130010001|130759408|1|20220525|215438|8002721|20220525|224145|8001828|1|1250|0|      |20220525|20220525|0603|2022-06-05 07:05:12
375400|0000000725147817              |20220525|065111|027|675|0|30300056|130010012|130753308|1|20220525|061924|8070030|20220525|072744|8001204|1|1250|0|      |20220525|20220525|0603|2022-06-05 07:05:12
376504|0000000903772897              |20220525|152353|003|832|1|30300128|130710001|130759913|1|20220525|053348|8007279|20220525|154922|8007295|1|450|300|      |20220525|20220525|0603|2022-06-05 07:05:12
376506|0000000723986762              |20220525|150903|022|832|1|30300128|130710001|130759913|1|20220525|053348|8005504|20220525|160240|3056003|1|450|300|      |20220525|20220525|0603|2022-06-05 07:05:12
376508|0000000774753752              |20220525|150915|030|832|1|30300128|130710001|130759913|1|20220525|053348|8005504|20220525|155947|3062006|1|450|300|      |20220525|20220525|0603|2022-06-05 07:05:12
376510|0000000743764693              |20220525|151053|015|832|1|30300128|130710001|130759913|1|20220525|053348|8007412|20220525|155639|3053005|1|450|300|      |20220525|20220525|0603|2022-06-05 07:05:12
376512|0000000903338696              |20220525|151425|022|832|1|30300128|130710001|130759913|1|20220525|053348|8007269|20220525|155920|3062006|1|450|300|      |20220525|20220525|0603|2022-06-05 07:05:12
376514|0000000605999027              |20220525|152041|028|832|1|30300128|130710001|130759913|1|20220525|053348|8007275|20220525|155759|3054003|1|450|300|      |20220525|20220525|0603|2022-06-05 07:05:12
376516|0000000770899693              |20220525|153454|014|832|0|30300128|130710001|130759913|1|20220525|053348|8007289|20220525|155742|3054003|1|1700|300|      |20220525|20220525|0603|2022-06-05 07:05:12
376518|0000000743243386              |20220525|153503|019|832|0|30300128|130710001|130759913|1|20220525|053348|8007289|20220525|155053|8007297|1|1700|300|      |20220525|20220525|0603|2022-06-05 07:05:12
376520|0000000900494322              |20220525|185648|011|832|1|30300128|130710001|130759913|1|20220525|053348|8007289|20220525|192424|8007053|1|450|300|      |20220525|20220525|0603|2022-06-05 07:05:12
376522|0000000769044219              |20220525|185702|023|832|0|30300128|130710001|130759913|1|20220525|053348|8007289|20220525|191739|8007299|1|1700|300|      |20220525|20220525|0603|2022-06-05 07:05:12
376524|0000000661097275              |20220525|185709|029|832|0|30300128|130710001|130759913|1|20220525|053348|8007289|20220525|191858|8007052|1|1700|300|      |20220525|20220525|0603|2022-06-05 07:05:12
376526|0000000772607248              |20220525|183433|011|832|1|30300128|130710001|130759913|1|20220525|053348|8007412|20220525|192429|8007053|1|450|300|      |20220525|20220525|0603|2022-06-05 07:05:12
376528|0000000742879230              |20220525|183451|008|832|0|30300128|130710001|130759913|1|20220525|053348|8007412|20220525|192159|3054003|1|1700|300|      |20220525|20220525|0603|2022-06-05 07:05:12
376935|0000000907949775              |20220525|055419|014|675|1|30300080|130010009|130759152|1|20220525|054429|8005881|20220525|063218|8002385|1|0|0|      |20220525|20220525|0603|2022-06-05 07:05:12
376937|0000000757244417              |20220525|194030|023|675|1|30300096|130010006|130752022|1|20220525|185624|8001922|20220525|194752|8002554|1|0|0|      |20220525|20220525|0603|2022-06-05 07:05:12
367531|0000000757432934              |20220525|185358|026|676|1|30300090|130010005|130759260|1|20220525|140937|8002411|20220525|190733|8001641|1|0|0|      |20220525|20220525|0603|2022-06-05 07:05:12
369143|0000000637212650              |20220525|223336|020|676|1|30300043|130010015|130759613|1|20220525|214954|8001789|20220525|223935|8002253|1|0|0|      |20220525|20220525|0603|2022-06-05 07:05:12
369145|0000000774518122              |20220525|135055|008|675|1|30300055|130010014|130753206|1|20220525|115609|8002888|20220525|135804|8001929|1|0|0|      |20220525|20220525|0603|2022-06-05 07:05:12
369147|0000000904823209              |20220525|195611|023|675|1|30300055|130010014|130753251|1|20220525|181138|8002888|20220525|200248|8001929|1|0|0|      |20220525|20220525|0603|2022-06-05 07:05:12
369149|0000000719730570              |20220525|125502|003|675|1|30300047|130010001|130759705|1|20220525|122358|8003101|20220525|125922|8070017|1|0|0|      |20220525|20220525|0603|2022-06-05 07:05:12
369151|0000000708278689              |20220525|172645|016|676|1|30300051|130010008|130752113|1|20220525|164700|8001489|20220525|173109|8002434|1|0|0|      |20220525|20220525|0603|2022-06-05 07:05:12
369153|0000000642111709              |20220525|213546|030|676|1|30300051|130010008|130752147|1|20220525|204210|8002995|20220525|214046|8001090|1|0|0|      |20220525|20220525|0603|2022-06-05 07:05:12
369155|0000000631402754              |20220525|124617|018|675|1|30300077|130010006|130752054|1|20220525|122720|8001489|20220525|125215|8002434|1|0|0|      |20220525|20220525|0603|2022-06-05 07:05:12
369157|0000000630474450              |20220525|103612|005|678|1|30300074|130110001|130745022|1|20220524|060850|8002571|20220525|104053|8002823|1|0|0|      |20220525|20220525|0603|2022-06-05 07:05:12
369159|0000000758776937              |20220525|122819|022|680|1|30300026|130010014|130753603|1|20220525|120701|8002571|20220525|123305|8002823|1|0|0|      |20220525|20220525|0603|2022-06-05 07:05:12
369161|0000000903903209              |20220525|070359|009|675|1|30300047|130010001|130759415|1|20220525|064020|8003101|20220525|070756|8070017|1|0|0|      |20220525|20220525|0603|2022-06-05 07:05:12
369163|0000000909043091              |20220525|151520|004|676|0|30300073|130010009|130759122|4|20220525|144302|8001394|20220525|152225|8001890|1|750|0|      |20220525|20220525|0603|2022-06-05 07:05:12
369165|0000000661170154              |20220525|080512|021|675|1|30300053|130010002|130752386|1|20220525|070717|8002453|20220525|081207|8002554|1|0|0|      |20220525|20220525|0603|2022-06-05 07:05:12
369167|0000000741905516              |20220525|153157|025|675|1|30300049|130010004|130752237|1|20220525|150206|8002721|20220525|153444|8002960|1|0|0|      |20220525|20220525|0603|2022-06-05 07:05:12
369169|0000000903955638              |20220525|163855|011|676|3|30300088|130010002|130752361|1|20220525|153451|8002721|20220525|164111|8002960|1|0|0|      |20220525|20220525|0603|2022-06-05 07:05:12
369576|0000000678042707              |20220525|100331|010|675|1|30300065|130010004|130752242|1|20220525|060556|8001418|20220525|101919|8001458|1|0|0|      |20220525|20220525|0603|2022-06-05 07:05:12
369578|0000000709682021              |20220525|172553|026|675|1|30300064|130010015|130759673|1|20220525|170452|8002635|20220525|173839|8002690|1|0|0|      |20220525|20220525|0603|2022-06-05 07:05:12
369580|0000000736061865              |20220525|075017|008|679|1|30300063|130010001|130759410|1|20220525|054853|8001412|20220525|080751|8002951|1|0|0|      |20220525|20220525|0603|2022-06-05 07:05:12
369582|0000000735147355              |20220525|141110|007|679|1|30300063|130010001|130759787|1|20220525|131012|8001412|20220525|142627|8002951|1|0|0|      |20220525|20220525|0603|2022-06-05 07:05:12
369584|0000000720782525              |20220525|190646|027|679|1|30300063|130010001|130759740|1|20220525|181036|8001412|20220525|192211|8002951|1|0|0|      |20220525|20220525|0603|2022-06-05 07:05:12
369586|0000000736129440              |20220525|080229|010|676|1|30300037|130010006|130752027|1|20220525|073037|8002608|20220525|083439|8002961|1|0|0|      |20220525|20220525|0603|2022-06-05 07:05:12
369588|0000000661663857              |20220525|083704|015|676|1|30300037|130010006|130752011|1|20220525|060255|8002608|20220525|090743|8002961|1|0|0|      |20220525|20220525|0603|2022-06-05 07:05:12
369590|0000000673808683              |20220525|105619|009|676|1|30300037|130010006|130752039|1|20220525|102413|8002608|20220525|112214|8002961|1|0|0|      |20220525|20220525|0603|2022-06-05 07:05:12
369592|0000000755504661              |20220525|172234|025|676|1|30300037|130010006|130759012|1|20220525|151147|8002608|20220525|175001|8002961|1|0|0|      |20220525|20220525|0603|2022-06-05 07:05:12
369594|0000000746555947              |20220525|182403|030|676|1|30300037|130010006|130759021|1|20220525|121810|8002608|20220525|185259|8002961|1|0|0|      |20220525|20220525|0603|2022-06-05 07:05:12
369596|0000000752684028              |20220525|214018|031|676|1|30300037|130010006|130752050|1|20220525|155158|8002608|20220525|220335|8002961|1|0|0|      |20220525|20220525|0603|2022-06-05 07:05:12
369598|0000000725806816              |20220525|103354|013|674|1|30300100|130010002|130752503|1|20220525|091038|8002542|20220525|104634|8002352|1|0|0|      |20220525|20220525|0603|2022-06-05 07:05:12
369600|0000000719012523              |20220525|163419|016|674|1|30300100|130010002|130752397|1|20220525|155746|8002542|20220525|164720|8002352|1|0|0|      |20220525|20220525|0603|2022-06-05 07:05:12
370007|0000000758565240              |20220525|122049|030|675|0|30300055|130010014|130753227|1|20220525|062426|8002340|20220525|125202|8002259|1|1250|0|      |20220525|20220525|0603|2022-06-05 07:05:12
370009|0000000743305458              |20220525|072806|010|676|0|30300038|130010014|130753508|1|20220525|064712|8002605|20220525|074218|8001049|1|1250|0|      |20220525|20220525|0603|2022-06-05 07:05:12
370011|0000000742929481              |20220525|123122|005|676|0|30300071|130010009|130759106|1|20220525|122453|8001318|20220525|124959|8001989|1|1250|0|      |20220525|20220525|0603|2022-06-05 07:05:12
370013|0000000736052766              |20220525|132721|027|676|0|30300090|130010005|130759219|1|20220525|112838|8002425|20220525|140124|8001536|1|1250|0|      |20220525|20220525|0603|2022-06-05 07:05:12
370015|0000000911172240              |20220525|090142|027|676|0|30300038|130010014|130753503|1|20220525|074831|8003044|20220525|092535|8002628|1|1250|0|      |20220525|20220525|0603|2022-06-05 07:05:12
370017|0000000753489794              |20220525|080451|027|675|0|30300053|130010002|130752378|1|20220525|072209|8001277|20220525|080828|8001731|1|1250|0|      |20220525|20220525|0603|2022-06-05 07:05:12
370019|0000000701634481              |20220525|083109|007|675|0|30300091|130010013|130759816|1|20220525|065948|8002156|20220525|085112|8002904|1|1250|0|      |20220525|20220525|0603|2022-06-05 07:05:12
370021|0000000638786587              |20220525|083111|017|675|0|30300053|130010002|130752394|1|20220525|052105|8001218|20220525|091427|8001949|1|1250|0|      |20220525|20220525|0603|2022-06-05 07:05:12
370023|0000000903930240              |20220525|142252|003|675|0|30300053|130010002|130752328|1|20220525|141406|8001580|20220525|150707|8001237|1|1250|0|      |20220525|20220525|0603|2022-06-05 07:05:12
360647|0000000768899143              |20220525|164059|007|674|0|30300002|130010007|130759308|1|20220525|154452|8002880|20220525|170858|8001789|1|1250|0|      |20220525|20220525|0603|2022-06-05 07:05:12
360649|0000000766708062              |20220525|190809|010|676|0|30300054|130010007|130759351|1|20220525|184523|8002977|20220525|192658|8001089|1|1250|0|      |20220525|20220525|0603|2022-06-05 07:05:12
360651|0000000770736743              |20220525|113854|004|675|0|30300101|130010002|130752325|1|20220525|060748|8001707|20220525|115004|8002542|1|1250|0|      |20220525|20220525|0603|2022-06-05 07:05:12
360653|0000000673603064              |20220525|100000|001|675|0|30300060|130010014|130753522|1|20220525|073948|8001868|20220525|101710|8001074|1|1250|0|      |20220525|20220525|0603|2022-06-05 07:05:12
360655|0000000762836236              |20220525|165019|001|675|0|30300060|130010014|130753244|1|20220525|134825|8001868|20220525|170420|8002279|1|1250|0|      |20220525|20220525|0603|2022-06-05 07:05:12
360657|0000000751784591              |20220525|190040|011|675|0|30300060|130010014|130753523|1|20220525|162221|8001868|20220525|191640|8001949|1|1250|0|      |20220525|20220525|0603|2022-06-05 07:05:12
361064|0000000908697708              |20220525|192041|001|676|0|30300088|130010002|130752361|1|20220525|180104|8002048|20220525|193355|8002133|1|1250|0|      |20220525|20220525|0603|2022-06-05 07:05:12
361066|0000000734096925              |20220525|204423|001|676|0|30300088|130010002|130752356|1|20220525|192700|8001586|20220525|210349|8002133|1|1250|0|      |20220525|20220525|0603|2022-06-05 07:05:12
361068|0000000659474769              |20220525|082306|002|675|0|30300049|130010004|130752237|1|20220525|073622|8001053|20220525|085534|8001934|1|1250|0|      |20220525|20220525|0603|2022-06-05 07:05:12
361070|0000000778393188              |20220525|160043|016|675|0|30300058|130010004|130752202|1|20220525|154422|8005640|20220525|161625|8001934|1|1250|0|      |20220525|20220525|0603|2022-06-05 07:05:12
361072|0000000618833192              |20220525|170012|021|675|0|30300058|130010004|130752266|1|20220525|164030|8002707|20220525|171324|8001934|1|1250|0|      |20220525|20220525|0603|2022-06-05 07:05:12
361074|0000000748629162              |20220525|081702|001|675|0|30300082|130010001|130759772|1|20220525|073703|8001410|20220525|082226|8001934|1|1250|0|      |20220525|20220525|0603|2022-06-05 07:05:12
361076|0000000709074864              |20220525|172259|001|675|0|30300082|130010001|130759770|1|20220525|130546|8005977|20220525|173159|8001934|1|1250|0|      |20220525|20220525|0603|2022-06-05 07:05:12
361078|0000000735752263              |20220525|071316|001|675|0|30300066|130010015|130759687|1|20220525|070309|8001280|20220525|073149|8001934|1|1250|0|      |20220525|20220525|0603|2022-06-05 07:05:12
361080|0000000912720602              |20220525|155028|001|675|0|30300077|130010006|130759018|1|20220525|154312|8001258|20220525|161018|8001934|1|1250|0|      |20220525|20220525|0603|2022-06-05 07:05:12
361082|0000000918249339              |20220525|080906|017|675|0|30300092|130010013|130759831|1|20220525|070103|8002777|20220525|081349|8002134|1|1250|0|      |20220525|20220525|0603|2022-06-05 07:05:12
361084|0000000775995093              |20220525|081232|001|680|0|30300118|130010011|130759524|1|20220525|052740|8002475|20220525|083443|8002133|1|1250|0|      |20220525|20220525|0603|2022-06-05 07:05:12
361086|0000000720070170              |20220525|072721|014|676|0|30300051|130010008|130752134|1|20220525|065355|8002544|20220525|074848|8002437|1|1250|0|      |20220525|20220525|0603|2022-06-05 07:05:12
361088|0000000648168573              |20220525|142603|001|676|0|30300070|130010004|130752201|1|20220525|054931|8002638|20220525|142946|8002437|1|1250|0|      |20220525|20220525|0603|2022-06-05 07:05:12
361090|0000000918449199              |20220525|174355|001|676|0|30300070|130010004|130752605|1|20220525|171019|8001240|20220525|181804|8002437|1|1250|0|      |20220525|20220525|0603|2022-06-05 07:05:12
361497|0000000906845005              |20220525|220659|001|676|0|30300089|130010011|130759573|1|20220525|215013|8001478|20220525|220914|8001313|1|1250|0|      |20220525|20220525|0603|2022-06-05 07:05:12
361499|0000000749560553              |20220525|063908|001|676|0|30300089|130010011|130759527|1|20220525|055611|8002208|20220525|065438|8005505|1|1250|0|      |20220525|20220525|0603|2022-06-05 07:05:12
361501|0000000666133417              |20220525|082348|027|676|0|30300038|130010014|130753525|1|20220525|071641|8002913|20220525|082732|8003043|1|1250|0|      |20220525|20220525|0603|2022-06-05 07:05:12
361503|0000000903968391              |20220525|100540|001|676|0|30300038|130010014|130753247|1|20220525|085701|8002913|20220525|100633|8001132|1|1250|0|      |20220525|20220525|0603|2022-06-05 07:05:12
361505|0000000722220499              |20220525|112036|001|676|0|30300089|130010011|130759527|1|20220525|055611|8001309|20220525|113539|8002139|1|1250|0|      |20220525|20220525|0603|2022-06-05 07:05:12
361507|0000000672203438              |20220525|141741|021|676|0|30300038|130010014|130753220|1|20220525|132257|8002778|20220525|144501|8001775|1|1250|0|      |20220525|20220525|0603|2022-06-05 07:05:12
361509|0000000769391153              |20220525|150921|004|676|0|30300038|130010014|130753502|1|20220525|144948|8003131|20220525|151946|8001527|1|1250|0|      |20220525|20220525|0603|2022-06-05 07:05:12
361511|0000000900827363              |20220525|164445|002|676|0|30300038|130010014|130753508|1|20220525|154934|8002778|20220525|170311|8001056|1|1250|0|      |20220525|20220525|0603|2022-06-05 07:05:12
361513|0000000911173558              |20220525|174723|015|676|0|30300089|130010011|130759522|1|20220525|134402|8001378|20220525|180421|8001990|1|1250|0|      |20220525|20220525|0603|2022-06-05 07:05:12
361515|0000000921813803              |20220525|183129|001|676|0|30300038|130010014|130753220|1|20220525|173353|8001540|20220525|185053|8001051|1|1250|0|      |20220525|20220525|0603|2022-06-05 07:05:12
361517|0000000773208431              |20220525|185838|007|676|0|30300038|130010014|130753200|1|20220525|185243|8002923|20220525|191041|8001703|1|1250|0|      |20220525|20220525|0603|2022-06-05 07:05:12
361519|0000000758351528              |20220525|202443|004|676|0|30300038|130010014|130753247|1|20220525|201607|8002589|20220525|203914|8001596|1|1250|0|      |20220525|20220525|0603|2022-06-05 07:05:12
361521|0000000738512088              |20220525|205332|012|676|0|30300038|130010014|130753255|1|20220525|202745|8001389|20220525|210029|8001059|1|1250|0|      |20220525|20220525|0603|2022-06-05 07:05:12
362519|0000000672955330              |20220525|211325|022|675|0|30300046|130010002|130752305|1|20220525|132859|8001525|20220525|222038|8007020|1|1250|0|      |20220525|20220525|0603|2022-06-05 07:05:12
362521|0000000628754172              |20220525|070156|020|675|0|30300049|130010004|130752289|1|20220525|061809|8001588|20220525|072459|8001934|1|1250|0|      |20220525|20220525|0603|2022-06-05 07:05:12
362523|0000000909625041              |20220525|160656|002|676|0|30300051|130010008|130752107|1|20220525|154215|8001117|20220525|164742|8002437|1|1250|0|      |20220525|20220525|0603|2022-06-05 07:05:12
362525|0000000905478236              |20220525|200059|015|676|0|30300037|130010006|130752011|1|20220525|135458|8001534|20220525|202247|8002558|1|1250|0|      |20220525|20220525|0603|2022-06-05 07:05:12
384479|0000000741375651              |20220525|105456|002|675|1|30300058|130010004|130752247|1|20220525|055158|8001875|20220525|110651|8001855|1|0|0|      |20220525|20220525|0603|2022-06-05 07:05:12
384481|0000000441108466              |20220525|171233|026|676|1|30300038|130010014|130753201|1|20220525|120323|8002358|20220525|174304|8001051|1|0|0|      |20220525|20220525|0603|2022-06-05 07:05:12
384483|0000000921892441              |20220525|183846|008|675|1|30300083|130010001|130759480|1|20220525|174809|8002724|20220525|185200|8001483|1|0|0|      |20220525|20220525|0603|2022-06-05 07:05:12
384485|0000000735266582              |20220525|122213|004|675|1|30300047|130010001|130759702|1|20220525|115416|8070011|20220525|123453|8005991|1|0|0|      |20220525|20220525|0603|2022-06-05 07:05:12
384487|0000000753549738              |20220525|223338|001|676|1|30300131|130010008|130752708|1|20220525|220514|8070018|20220525|224539|8007282|1|0|0|      |20220525|20220525|0603|2022-06-05 07:05:12
384489|0000000760051812              |20220525|082235|026|675|1|30300092|130010013|130759824|1|20220525|073049|8002131|20220525|083102|8001433|1|0|0|      |20220525|20220525|0603|2022-06-05 07:05:12
384491|0000000918231368              |20220525|195158|020|675|1|30300047|130010001|130759415|1|20220525|192114|8070011|20220525|200436|8005991|1|0|0|      |20220525|20220525|0603|2022-06-05 07:05:12
384493|0000000664153606              |20220525|171030|030|676|1|30300088|130010002|130752364|1|20220525|161738|8001299|20220525|174420|8002048|1|0|0|      |20220525|20220525|0603|2022-06-05 07:05:12
384495|0000000637581439              |20220525|155121|008|675|1|30300058|130010004|130752290|1|20220525|135809|8001875|20220525|161117|8001855|1|0|0|      |20220525|20220525|0603|2022-06-05 07:05:12
384497|0000000911281595              |20220525|221915|014|675|1|30300083|130010001|130759789|4|20220525|141054|8001791|20220525|222853|8001382|1|0|0|      |20220525|20220525|0603|2022-06-05 07:05:12
384499|0000000777739261              |20220525|151519|016|675|0|30300096|130010006|130752057|4|20220525|144353|8001311|20220525|152749|8001332|1|750|0|      |20220525|20220525|0603|2022-06-05 07:05:12
384501|0000000732833642              |20220525|164700|011|675|1|30300058|130010004|130752263|1|20220525|125655|8002707|20220525|165412|9007040|1|0|0|      |20220525|20220525|0603|2022-06-05 07:05:12
384503|0000000742519423              |20220525|121342|002|676|1|30300041|130010012|130753304|1|20220525|102352|8001096|20220525|123056|8002703|1|0|0|      |20220525|20220525|0603|2022-06-05 07:05:12
384505|0000000606652566              |20220525|181904|015|676|1|30300041|130010012|130753321|1|20220525|162314|8001096|20220525|184107|8002703|1|0|0|      |20220525|20220525|0603|2022-06-05 07:05:12
384507|0000000742615425              |20220525|093902|021|676|1|30300051|130010008|130752108|1|20220525|093456|8001534|20220525|100049|8001929|1|0|0|      |20220525|20220525|0603|2022-06-05 07:05:12
384509|0000000741164525              |20220525|092338|018|676|1|30300072|130010001|130759432|1|20220525|085141|8002235|20220525|093750|8002899|1|0|0|      |20220525|20220525|0603|2022-06-05 07:05:12
384511|0000000619660855              |20220525|162151|006|675|1|30300091|130010013|130759805|1|20220525|154815|8002093|20220525|163813|8002613|1|0|0|      |20220525|20220525|0603|2022-06-05 07:05:12
384513|0000000910471109              |20220525|114625|026|676|1|30300051|130010008|130752113|1|20220525|112721|8002454|20220525|121831|8001079|1|0|0|      |20220525|20220525|0603|2022-06-05 07:05:12
384515|0000000742808559              |20220525|193449|028|675|1|30300091|130010013|130759811|1|20220525|175025|8001647|20220525|195545|8002614|1|0|0|      |20220525|20220525|0603|2022-06-05 07:05:12
384517|0000000730116092              |20220525|190340|018|676|1|30300090|130010005|130759205|1|20220525|125921|8003006|20220525|191259|8002611|1|0|0|      |20220525|20220525|0603|2022-06-05 07:05:12
384519|0000000772065006              |20220525|151750|015|674|1|30300104|130010002|130752300|1|20220525|141915|8001062|20220525|154251|8001028|1|0|0|      |20220525|20220525|0603|2022-06-05 07:05:12
384521|0000000903263070              |20220525|093903|015|674|1|30300104|130010002|130752355|1|20220525|064602|8001062|20220525|100434|8001028|1|0|0|      |20220525|20220525|0603|2022-06-05 07:05:12
384523|0000000909291827              |20220525|220328|005|675|1|30300091|130010013|130759828|1|20220525|201527|8007271|20220525|220855|8001086|1|0|0|      |20220525|20220525|0603|2022-06-05 07:05:12
384525|0000000638426207              |20220525|202623|004|674|1|30300104|130010002|130752341|1|20220525|201557|8001062|20220525|205259|8001028|1|0|0|      |20220525|20220525|0603|2022-06-05 07:05:12
384527|0000000903558439              |20220525|121025|001|675|1|30300049|130010004|130752289|1|20220525|111728|8005909|20220525|122128|8002412|1|0|0|      |20220525|20220525|0603|2022-06-05 07:05:12
384529|0000000904706693              |20220525|195614|026|675|1|30300145|130010014|130753600|1|20220525|192457|8001293|20220525|200140|8002490|1|0|0|      |20220525|20220525|0603|2022-06-05 07:05:12
384531|0000000906573869              |20220525|132009|024|675|1|30300081|130010011|130759515|1|20220525|114446|8002453|20220525|135612|8001986|1|0|0|      |20220525|20220525|0603|2022-06-05 07:05:12
384533|0000000759221337              |20220525|180711|014|675|1|30300081|130010011|130759571|1|20220525|161347|8002453|20220525|184614|8001986|1|0|0|      |20220525|20220525|0603|2022-06-05 07:05:12
384535|0000000768009043              |20220525|211854|015|675|1|30300081|130010011|130759571|1|20220525|192710|8002453|20220525|215109|8001986|1|0|0|      |20220525|20220525|0603|2022-06-05 07:05:12
384537|0000000648631870              |20220525|184922|031|675|3|30300047|130010001|130759702|1|20220525|183238|8002721|20220525|191329|8070018|1|0|0|      |20220525|20220525|0603|2022-06-05 07:05:12
384539|0000000921254025              |20220525|191610|015|675|1|30300047|130010001|130759732|1|20220525|190435|8002721|20220525|193624|8070018|1|0|0|      |20220525|20220525|0603|2022-06-05 07:05:12
384541|0000000629089824              |20220525|091845|009|676|1|30300069|130010001|130759715|1|20220525|090812|8001096|20220525|093235|8002636|1|0|0|      |20220525|20220525|0603|2022-06-05 07:05:12
384543|0000000903486713              |20220525|102310|012|676|1|30300068|130010006|130752036|1|20220525|100850|8001096|20220525|103504|8001543|1|0|0|      |20220525|20220525|0603|2022-06-05 07:05:12
384545|0000000644921489              |20220525|155400|007|676|1|30300037|130010006|130752002|1|20220525|152021|8001096|20220525|162944|8002721|1|0|0|      |20220525|20220525|0603|2022-06-05 07:05:12
384547|0000000760172538              |20220525|180117|004|676|1|30300069|130010001|130759704|1|20220525|150007|8001096|20220525|185849|8003043|1|0|0|      |20220525|20220525|0603|2022-06-05 07:05:12
384549|0000000732819392              |20220525|100052|011|674|1|30300100|130010002|130752344|1|20220525|093059|8001493|20220525|101700|8002352|1|0|0|      |20220525|20220525|0603|2022-06-05 07:05:12
384551|0000000670107543              |20220525|174014|014|675|1|30300058|130010004|130752202|1|20220525|154422|8001875|20220525|181009|8002706|1|0|0|      |20220525|20220525|0603|2022-06-05 07:05:12
379583|0000000763639512              |20220525|113326|030|676|2|30300087|130010008|130752158|1|20220525|103651|8002757|20220525|120753|8007445|1|0|0|      |20220525|20220525|0603|2022-06-05 07:05:12
379585|0000000776728089              |20220525|153623|002|675|1|30300062|130010008|130752162|1|20220525|150434|8002757|20220525|155503|8002795|1|0|0|      |20220525|20220525|0603|2022-06-05 07:05:12
379587|0000000669425853              |20220525|205730|029|676|2|30300071|130010009|130759144|1|20220525|120023|8002757|20220525|211221|8002231|1|0|0|      |20220525|20220525|0603|2022-06-05 07:05:12
379589|0000000645314197              |20220525|083744|006|676|1|30300130|130010008|130752146|1|20220525|082521|8002823|20220525|084947|8002341|1|0|0|      |20220525|20220525|0603|2022-06-05 07:05:12
379591|0000000910458539              |20220525|103204|011|676|1|30300130|130010008|130752138|1|20220525|102450|8002823|20220525|104320|8002341|1|0|0|      |20220525|20220525|0603|2022-06-05 07:05:12
379593|0000000650009620              |20220525|163806|005|680|1|30300026|130010014|130753604|1|20220525|160651|8002823|20220525|165410|8001448|1|0|0|      |20220525|20220525|0603|2022-06-05 07:05:12
379595|0000000917957657              |20220525|175528|010|678|1|30300074|130010014|130753219|1|20220525|170236|8002823|20220525|180622|8003009|1|0|0|      |20220525|20220525|0603|2022-06-05 07:05:12
379597|0000000713115139              |20220525|075859|002|675|1|30300064|130010015|130759638|1|20220525|073142|8001414|20220525|082630|8005538|1|0|0|      |20220525|20220525|0603|2022-06-05 07:05:12
379599|0000000768817597              |20220525|130043|005|675|1|30300064|130010015|130759638|1|20220525|123251|8001414|20220525|131940|8001357|1|0|0|      |20220525|20220525|0603|2022-06-05 07:05:12
379601|0000000710678739              |20220525|175414|030|675|2|30300067|130010001|130759777|1|20220525|152853|8001414|20220525|182835|8001832|1|0|0|      |20220525|20220525|0603|2022-06-05 07:05:12
379603|0000000725738061              |20220525|192429|008|676|1|30300038|130010014|130753508|1|20220525|181006|8001414|20220525|193821|8001443|1|0|0|      |20220525|20220525|0603|2022-06-05 07:05:12
379794|0000000736377517              |20220525|192912|027|675|1|30300083|130010001|130759480|1|20220525|191459|8001494|20220525|193233|8001653|1|0|0|      |20220525|20220525|0603|2022-06-05 07:05:12
379796|0000000754940242              |20220525|223828|013|675|1|30300056|130010012|130753315|1|20220525|214656|8001494|20220525|225224|8001281|1|0|0|      |20220525|20220525|0603|2022-06-05 07:05:12
379798|0000000767439062              |20220525|174902|028|675|1|30300084|130010001|130759760|1|20220525|165938|8002888|20220525|181328|8001254|1|0|0|      |20220525|20220525|0603|2022-06-05 07:05:12
379800|0000000777855702              |20220525|181743|024|675|2|30300079|130010009|130759173|1|20220525|134326|8002888|20220525|184958|8007445|1|0|0|      |20220525|20220525|0603|2022-06-05 07:05:12
379802|0000000903432605              |20220525|142118|004|675|2|30300061|130010015|130759617|1|20220525|140134|8002888|20220525|142337|8002802|1|0|0|      |20220525|20220525|0603|2022-06-05 07:05:12
379804|0000000732001500              |20220525|143440|009|675|2|30300057|130010001|130759758|1|20220525|140623|8002888|20220525|145706|8001847|1|0|0|      |20220525|20220525|0603|2022-06-05 07:05:12
379806|0000000724938836              |20220525|191352|029|676|1|30300043|130010015|130759613|1|20220525|182049|8002888|20220525|193126|8001357|1|0|0|      |20220525|20220525|0603|2022-06-05 07:05:12
379808|0000000760299484              |20220525|082842|021|676|1|30300037|130010006|130752074|1|20220525|082800|8005504|20220525|084104|8001349|1|0|0|      |20220525|20220525|0603|2022-06-05 07:05:12
379810|0000000910423848              |20220525|171206|023|676|1|30300043|130010015|130759632|1|20220525|165755|8002984|20220525|180312|8001244|1|0|0|      |20220525|20220525|0603|2022-06-05 07:05:12
379812|0000000646145163              |20220525|214053|009|676|1|30300037|130010006|130752073|1|20220525|213059|8005504|20220525|214642|8001349|1|0|0|      |20220525|20220525|0603|2022-06-05 07:05:12
379814|0000000761741136              |20220525|220858|018|676|1|30300043|130010015|130759607|1|20220525|215919|8002984|20220525|225724|8001834|1|0|0|      |20220525|20220525|0603|2022-06-05 07:05:12
379816|0000000720711037              |20220525|152111|027|674|1|30300002|130010007|130759320|1|20220525|150651|8001792|20220525|152447|8002251|1|0|0|      |20220525|20220525|0603|2022-06-05 07:05:12
379818|0000000766989168              |20220525|062647|001|676|1|30300071|130010009|130759149|1|20220525|060848|8001792|20220525|064850|8002279|1|0|0|      |20220525|20220525|0603|2022-06-05 07:05:12
379820|0000000921767627              |20220525|123033|017|676|1|30300089|130010011|130759578|1|20220525|122715|8005504|20220525|124618|8002703|1|0|0|      |20220525|20220525|0603|2022-06-05 07:05:12
380039|0000000911809300              |20220525|221542|007|675|0|30300053|130010002|130752377|1|20220525|215705|8002108|~       |      |~      |1|1250|0|      |20220525|~       |0603|2022-06-05 07:05:12
380041|0000000743743405              |20220525|164612|029|675|0|30300101|130010002|130752311|1|20220525|163009|8002108|~       |      |~      |1|1250|0|      |20220525|~       |0603|2022-06-05 07:05:12
380043|0000000663673117              |20220525|165031|023|676|0|30300037|130010006|130752072|1|20220525|152745|8006001|~       |      |~      |1|1250|0|      |20220525|~       |0603|2022-06-05 07:05:12
380045|0000000732268585              |20220525|083346|009|676|0|30300037|130010006|130752049|1|20220525|080138|8006001|~       |      |~      |1|1250|0|      |20220525|~       |0603|2022-06-05 07:05:12
380047|0000000749941812              |20220525|081835|027|676|0|30300037|130010006|130752007|1|20220525|075110|8006001|~       |      |~      |1|1250|0|      |20220525|~       |0603|2022-06-05 07:05:12
380049|0000000909843080              |20220525|170411|005|676|1|30300037|130010006|130752035|4|20220525|163134|8006001|~       |      |~      |1|0|0|      |20220525|~       |0603|2022-06-05 07:05:12
380051|0000000752307888              |20220525|181626|011|676|0|30300037|130010006|130752031|1|20220525|174059|8006001|~       |      |~      |1|1250|0|      |20220525|~       |0603|2022-06-05 07:05:12
380053|0000000741380336              |20220525|201208|004|676|1|30300037|130010006|130752050|1|20220525|155158|8006001|~       |      |~      |1|0|0|      |20220525|~       |0603|2022-06-05 07:05:12
380055|0000000731547855              |20220525|112520|017|675|0|30300045|130010006|130752055|1|20220525|104155|8006001|~       |      |~      |1|1250|0|      |20220525|~       |0603|2022-06-05 07:05:12
380057|0000000655956747              |20220525|093615|008|676|1|30300037|130010006|130752053|1|20220525|090726|8006001|~       |      |~      |1|0|0|      |20220525|~       |0603|2022-06-05 07:05:12
380059|0000000903031892              |20220525|075549|017|676|0|30300037|130010006|130759016|1|20220525|072850|8006001|~       |      |~      |1|1250|0|      |20220525|~       |0603|2022-06-05 07:05:12
380061|0000000765347513              |20220525|072517|013|676|0|30300037|130010006|130752074|1|20220525|070211|8006001|~       |      |~      |1|1250|0|      |20220525|~       |0603|2022-06-05 07:05:12
373776|0000000903868613              |20220525|215741|016|676|0|30300043|130010015|130759601|1|20220525|210530|8003008|20220525|220354|8001296|1|1250|0|      |20220525|20220525|0603|2022-06-05 07:05:12
373778|0000000776251131              |20220525|220031|017|676|0|30300040|130010013|130759871|1|20220525|201800|8001406|20220525|221913|8002954|1|1250|0|      |20220525|20220525|0603|2022-06-05 07:05:12
373780|0000000741591098              |20220525|224042|007|676|0|30300073|130010009|130759141|1|20220525|210246|8002895|20220525|230102|8003006|1|1250|0|      |20220525|20220525|0603|2022-06-05 07:05:12
374187|0000000613756092              |20220525|150855|008|676|0|30300037|130010006|130752037|1|20220525|143252|8001096|20220525|150937|8002311|1|1250|0|      |20220525|20220525|0603|2022-06-05 07:05:12
374189|0000000918236767              |20220525|183922|011|676|0|30300037|130010006|130752035|1|20220525|180459|8001096|20220525|191053|8005921|1|1250|0|      |20220525|20220525|0603|2022-06-05 07:05:12
374191|0000000903811026              |20220525|061851|023|675|0|30300047|130010001|130759430|1|20220525|061147|8001827|20220525|064813|8003100|1|1250|0|      |20220525|20220525|0603|2022-06-05 07:05:12
374193|0000000757417255              |20220525|121347|003|676|0|30300037|130010006|130752050|1|20220525|121142|8002920|20220525|125245|8002906|1|1250|0|      |20220525|20220525|0603|2022-06-05 07:05:12
374195|0000000903637389              |20220525|133545|020|676|0|30300037|130010006|130752027|1|20220525|133326|8002920|20220525|142346|8002313|1|1250|0|      |20220525|20220525|0603|2022-06-05 07:05:12
374197|0000000703650887              |20220525|153256|007|676|0|30300039|130010005|130759214|1|20220525|144924|8002920|20220525|160305|8001183|1|1250|0|      |20220525|20220525|0603|2022-06-05 07:05:12
374199|0000000776454974              |20220525|170547|001|675|0|30300045|130010006|130752047|1|20220525|170044|8002920|20220525|180043|8001714|1|1250|0|      |20220525|20220525|0603|2022-06-05 07:05:12
374201|0000000910385086              |20220525|180845|030|676|0|30300037|130010006|130752011|1|20220525|135458|8002920|20220525|183009|8002984|1|1250|0|      |20220525|20220525|0603|2022-06-05 07:05:12
374203|0000000708716337              |20220525|205335|001|676|0|30300037|130010006|130752040|1|20220525|204845|8002920|20220525|211149|8002984|1|1250|0|      |20220525|20220525|0603|2022-06-05 07:05:12
374205|0000000629591839              |20220525|221304|024|676|0|30300039|130010005|130759262|1|20220525|220428|8002920|20220525|223648|8001922|1|1250|0|      |20220525|20220525|0603|2022-06-05 07:05:12
374207|0000000762675863              |20220525|223302|023|676|0|30300038|130010014|130753200|1|20220525|222642|8002920|20220525|232239|8002628|1|1250|0|      |20220525|20220525|0603|2022-06-05 07:05:12
374209|0000000732467872              |20220525|064701|030|675|0|30300049|130010004|130752289|1|20220525|061809|8002960|20220525|072453|8001934|1|1250|0|      |20220525|20220525|0603|2022-06-05 07:05:12
374211|0000000628890948              |20220525|090451|020|675|0|30300145|130010014|130753527|1|20220525|085437|8002960|20220525|093140|8007419|1|1250|0|      |20220525|20220525|0603|2022-06-05 07:05:12
374618|0000000741171350              |20220525|162541|025|676|0|30300088|130010002|130752512|1|20220525|154857|8001585|20220525|170601|8002410|1|1250|0|      |20220525|20220525|0603|2022-06-05 07:05:12
374620|0000000716153109              |20220525|093707|030|676|0|30300088|130010002|130752374|1|20220525|092308|8001753|20220525|094720|8002848|1|1250|0|      |20220525|20220525|0603|2022-06-05 07:05:12
374622|0000000906137890              |20220525|092858|019|676|0|30300072|130010001|130759749|1|20220525|084856|8002881|20220525|095218|8002452|1|1250|0|      |20220525|20220525|0603|2022-06-05 07:05:12
374624|0000000918117804              |20220525|103429|015|680|0|30300009|130010002|130752349|1|20220525|101819|8003035|20220525|105441|8001492|1|1250|0|      |20220525|20220525|0603|2022-06-05 07:05:12
374626|0000000709135671              |20220525|184503|003|676|0|30300069|130010001|130759715|1|20220525|182546|8001059|20220525|185607|8001587|1|1250|0|      |20220525|20220525|0603|2022-06-05 07:05:12
374628|0000000707270948              |20220525|123006|006|674|0|30300100|130010002|130752367|1|20220525|112029|8001929|20220525|130033|8001944|1|1250|0|      |20220525|20220525|0603|2022-06-05 07:05:12
374630|0000000632787408              |20220525|090805|003|675|0|30300062|130010008|130752137|1|20220525|085415|8001922|20220525|094418|8001855|1|1250|0|      |20220525|20220525|0603|2022-06-05 07:05:12
374632|0000000700141612              |20220525|184211|021|676|0|30300070|130010004|130752226|1|20220525|183929|8003101|20220525|184606|8007178|1|1250|0|      |20220525|20220525|0603|2022-06-05 07:05:12
374634|0000000761455718              |20220525|104104|012|676|0|30300043|130010015|130759615|1|20220525|102504|8001358|20220525|111830|8002717|1|1250|0|      |20220525|20220525|0603|2022-06-05 07:05:12
374636|0000000774736729              |20220525|160821|011|675|0|30300066|130010015|130759687|1|20220525|154018|8002733|20220525|163630|8001254|1|1250|0|      |20220525|20220525|0603|2022-06-05 07:05:12
374638|0000000600601690              |20220525|073524|017|675|0|30300061|130010015|130759647|1|20220525|070833|8002433|20220525|080730|8001993|1|1250|0|      |20220525|20220525|0603|2022-06-05 07:05:12
374640|0000000703628094              |20220525|155210|023|675|0|30300065|130010004|130752242|1|20220525|154559|8005876|20220525|160546|8002443|1|1250|0|      |20220525|20220525|0603|2022-06-05 07:05:12
374642|0000000463958718              |20220525|091846|024|675|0|30300045|130010006|130752047|1|20220525|085637|8001952|20220525|094726|8002142|1|1250|0|      |20220525|20220525|0603|2022-06-05 07:05:12
374644|0000000705995624              |20220525|105420|024|676|0|30300070|130010004|130752210|1|20220525|070243|8001646|20220525|113322|8002437|1|1250|0|      |20220525|20220525|0603|2022-06-05 07:05:12
375051|0000000772592029              |20220525|181837|011|675|0|30300065|130010004|130752234|1|20220525|172317|8005875|20220525|182632|8001254|1|1250|0|      |20220525|20220525|0603|2022-06-05 07:05:12
375053|0000000746146269              |20220525|193647|014|675|0|30300065|130010004|130752281|1|20220525|192910|8002460|20220525|201906|8001094|1|1250|0|      |20220525|20220525|0603|2022-06-05 07:05:12
375055|0000000746712267              |20220525|181724|019|675|0|30300048|130010006|130752068|1|20220525|180004|8001078|20220525|184135|8002492|1|1250|0|      |20220525|20220525|0603|2022-06-05 07:05:12
375057|0000000700956491              |20220525|163919|019|674|0|30300100|130010002|130752344|1|20220525|153216|8001935|20220525|170913|8002677|1|1250|0|      |20220525|20220525|0603|2022-06-05 07:05:12
375059|0000000903371957              |20220525|210904|030|674|0|30300104|130010002|130752505|1|20220525|194749|8070018|20220525|211920|8001158|1|1250|0|      |20220525|20220525|0603|2022-06-05 07:05:12
375061|0000000668614500              |20220525|170932|015|675|0|30300066|130010015|130759605|1|20220525|130350|8001653|20220525|171931|8002733|1|1250|0|      |20220525|20220525|0603|2022-06-05 07:05:12
375063|0000000903802352              |20220525|114722|006|674|0|30300104|130010002|130752313|1|20220525|114303|8070010|20220525|122216|8001567|1|1250|0|      |20220525|20220525|0603|2022-06-05 07:05:12
367640|0000000723095757              |20220525|092407|022|676|1|30300041|130010012|130753324|1|20220525|064336|8002411|20220525|093748|9001641|1|0|0|      |20220525|20220525|0603|2022-06-05 07:05:12
368820|0000000764686612              |20220525|082624|004|674|1|30300002|130010007|130759332|1|20220525|072940|8001721|20220525|084307|8005994|1|0|0|      |20220525|20220525|0603|2022-06-05 07:05:12
368822|0000000649509207              |20220525|102830|019|674|1|30300100|130010002|130752382|1|20220525|100231|8001714|20220525|103030|8002434|1|0|0|      |20220525|20220525|0603|2022-06-05 07:05:12
368824|0000000736520963              |20220525|170031|006|676|1|30300041|130010012|130753320|1|20220525|155502|8002970|20220525|170223|8002994|1|0|0|      |20220525|20220525|0603|2022-06-05 07:05:12
368826|0000000716888803              |20220525|162130|019|676|1|30300072|130010001|130759427|1|20220525|152214|8002898|20220525|162907|8002658|1|0|0|      |20220525|20220525|0603|2022-06-05 07:05:12
368828|0000000745874501              |20220525|213437|010|674|1|30300100|130010002|130752358|1|20220525|211059|8001714|20220525|213500|8002434|1|0|0|      |20220525|20220525|0603|2022-06-05 07:05:12
368830|0000000724505007              |20220525|085853|012|680|1|30300052|130010002|130752337|1|20220525|075134|8001714|20220525|090120|8002434|1|0|0|      |20220525|20220525|0603|2022-06-05 07:05:12
368832|0000000751413332              |20220525|080951|025|676|0|30300041|130010012|130753303|4|20220525|065435|8005993|20220525|081527|8005992|1|750|0|      |20220525|20220525|0603|2022-06-05 07:05:12
368834|0000000751877013              |20220525|153024|019|674|0|30300002|130010007|130759327|4|20220525|144300|8001721|20220525|154721|8005994|1|750|0|      |20220525|20220525|0603|2022-06-05 07:05:12
368836|0000000672169551              |20220525|130306|022|675|1|30300047|130010001|130759430|1|20220525|113830|8005993|20220525|130548|8005992|1|0|0|      |20220525|20220525|0603|2022-06-05 07:05:12
368838|0000000764023929              |20220525|064740|004|676|2|30300086|130010013|130759801|1|20220525|062215|8002891|20220525|065051|8001475|1|0|0|      |20220525|20220525|0603|2022-06-05 07:05:12
368840|0000000740117719              |20220525|130118|005|675|2|30300081|130010011|130759582|1|20220525|102331|8002218|20220525|130512|8002615|1|0|0|      |20220525|20220525|0603|2022-06-05 07:05:12
368842|0000000750946761              |20220525|153012|013|674|0|30300002|130010007|130759327|4|20220525|144300|8001721|20220525|154707|8005994|1|750|0|      |20220525|20220525|0603|2022-06-05 07:05:12
368844|0000000900604491              |20220525|080531|021|676|1|30300071|130010009|130759186|1|20220525|071306|8001567|20220525|081626|8003007|1|0|0|      |20220525|20220525|0603|2022-06-05 07:05:12
369251|0000000731840602              |20220525|193126|018|675|1|30300108|130010007|130759328|1|20220525|183116|8002921|20220525|193644|8003071|1|0|0|      |20220525|20220525|0603|2022-06-05 07:05:12
369253|0000000903689085              |20220525|120148|025|675|1|30300058|130010004|130752293|1|20220525|060215|8001515|20220525|120644|8005894|1|0|0|      |20220525|20220525|0603|2022-06-05 07:05:12
369255|0000000903819218              |20220525|181004|006|675|2|30300108|130010007|130759303|1|20220525|170547|8002921|20220525|181711|8003071|1|0|0|      |20220525|20220525|0603|2022-06-05 07:05:12
369257|0000000918312210              |20220525|205640|023|676|1|30300038|130010014|130753246|1|20220525|200212|8001541|20220525|210048|8002733|1|0|0|      |20220525|20220525|0603|2022-06-05 07:05:12
369259|0000000771346060              |20220525|115005|014|675|1|30300049|130010004|130752289|1|20220525|111728|8001490|20220525|115515|8002966|1|0|0|      |20220525|20220525|0603|2022-06-05 07:05:12
369261|0000000760399401              |20220525|191214|024|675|1|30300049|130010004|130752287|1|20220525|183108|8001490|20220525|191806|8002966|1|0|0|      |20220525|20220525|0603|2022-06-05 07:05:12
369263|0000000748209425              |20220525|140339|004|674|1|30300104|130010002|130752355|1|20220525|064602|8002382|20220525|140932|8007184|1|0|0|      |20220525|20220525|0603|2022-06-05 07:05:12
369265|0000000679244146              |20220525|220743|025|675|2|30300064|130010015|130759637|1|20220525|211750|8001979|20220525|221245|8007514|1|0|0|      |20220525|20220525|0603|2022-06-05 07:05:12
369267|0000000777647026              |20220525|143007|024|676|1|30300043|130010015|130759618|1|20220525|141934|8001253|20220525|143705|8002254|1|0|0|      |20220525|20220525|0603|2022-06-05 07:05:12
369269|0000000661507695              |20220525|123836|005|675|1|30300050|130010007|130759309|1|20220525|123331|8002955|20220525|124219|8005979|1|0|0|      |20220525|20220525|0603|2022-06-05 07:05:12
369271|0000000663836476              |20220525|200158|022|675|1|30300049|130010004|130752212|1|20220525|175114|8001490|20220525|200539|8002966|1|0|0|      |20220525|20220525|0603|2022-06-05 07:05:12
369273|0000000903946846              |20220525|155348|021|675|1|30300045|130010006|130752029|1|20220525|145913|8002921|20220525|155932|8003071|1|0|0|      |20220525|20220525|0603|2022-06-05 07:05:12
369275|0000000676931295              |20220525|180222|025|675|2|30300066|130010015|130759688|1|20220525|175357|8001253|20220525|181330|8002254|1|0|0|      |20220525|20220525|0603|2022-06-05 07:05:12
369277|0000000761358260              |20220525|193130|021|675|2|30300108|130010007|130759328|1|20220525|183116|8002921|20220525|193708|8003071|1|0|0|      |20220525|20220525|0603|2022-06-05 07:05:12
369684|0000000730077755              |20220525|154326|013|676|1|30300088|130010002|130752356|1|20220525|150024|8002997|20220525|155048|8002722|1|0|0|      |20220525|20220525|0603|2022-06-05 07:05:12
369686|0000000662473912              |20220525|064409|007|676|2|30300037|130010006|130759027|1|20220525|061601|8002658|20220525|065041|8002075|1|0|0|      |20220525|20220525|0603|2022-06-05 07:05:12
369688|0000000630991246              |20220525|172325|011|676|1|30300037|130010006|130759012|1|20220525|151147|8002658|20220525|173030|8002075|1|0|0|      |20220525|20220525|0603|2022-06-05 07:05:12
369690|0000000918023830              |20220525|152136|005|675|2|30300046|130010002|130752342|1|20220525|143006|8002997|20220525|152625|8002722|1|0|0|      |20220525|20220525|0603|2022-06-05 07:05:12
369692|0000000777474731              |20220525|191202|031|676|0|30300072|130010001|130759422|4|20220525|141510|8002658|20220525|191912|8002075|1|750|0|      |20220525|20220525|0603|2022-06-05 07:05:12
369694|0000000749356275              |20220525|151946|009|676|0|30300090|130010005|130759219|4|20220525|150316|8002658|20220525|152625|8002075|1|750|0|      |20220525|20220525|0603|2022-06-05 07:05:12
369696|0000000746668400              |20220525|145301|002|676|1|30300054|130010007|130759374|1|20220525|141003|8001078|20220525|145812|8002161|1|0|0|      |20220525|20220525|0603|2022-06-05 07:05:12
369698|0000000767279793              |20220525|165425|020|676|1|30300054|130010007|130759387|1|20220525|160931|8001078|20220525|170115|8002161|1|0|0|      |20220525|20220525|0603|2022-06-05 07:05:12
369700|0000000722417156              |20220525|084007|012|675|1|30300047|130010001|130759732|1|20220525|064738|8002118|20220525|084758|8001851|1|0|0|      |20220525|20220525|0603|2022-06-05 07:05:12
360764|0000000772627174              |20220525|081802|001|675|0|30300067|130010001|130759777|1|20220525|074030|8002482|20220525|082100|8002357|1|1250|0|      |20220525|20220525|0603|2022-06-05 07:05:12
360766|0000000757572881              |20220525|124018|001|676|0|30300087|130010008|130752160|1|20220525|123148|8002541|20220525|131335|8002453|1|1250|0|      |20220525|20220525|0603|2022-06-05 07:05:12
361173|0000000655460956              |20220525|105728|001|675|0|30300049|130010004|130752264|1|20220525|095215|8001205|20220525|111141|8002997|1|1250|0|      |20220525|20220525|0603|2022-06-05 07:05:12
361175|0000000769862938              |20220525|190513|018|675|0|30300049|130010004|130752276|1|20220525|161831|8001388|20220525|191158|8002997|1|1250|0|      |20220525|20220525|0603|2022-06-05 07:05:12
361177|0000000918328430              |20220525|125143|001|676|0|30300073|130010009|130759183|1|20220525|124047|8001997|20220525|130614|8001922|1|1250|0|      |20220525|20220525|0603|2022-06-05 07:05:12
361179|0000000903476369              |20220525|124510|031|681|0|30300042|130010009|130759121|1|20220525|103744|8002642|20220525|125026|8001413|1|1250|0|      |20220525|20220525|0603|2022-06-05 07:05:12
361181|0000000745148959              |20220525|172304|004|676|0|30300071|130010009|130759144|1|20220525|120023|8001160|20220525|172948|8001922|1|1250|0|      |20220525|20220525|0603|2022-06-05 07:05:12
361183|0000000751410972              |20220525|190417|001|676|0|30300087|130010008|130752158|1|20220525|185905|8002847|20220525|195002|8002969|1|1250|0|      |20220525|20220525|0603|2022-06-05 07:05:12
361185|0000000712506567              |20220525|211749|015|675|0|30300062|130010008|130752703|1|20220525|211152|8002895|20220525|212136|8001922|1|1250|0|      |20220525|20220525|0603|2022-06-05 07:05:12
361187|0000000736344895              |20220525|094327|007|675|0|30300076|130010014|130753231|1|20220525|091347|8002845|20220525|100428|8001413|1|1250|0|      |20220525|20220525|0603|2022-06-05 07:05:12
361189|0000000669290921              |20220525|115817|015|675|0|30300096|130010006|130752066|1|20220525|113804|8005600|20220525|121808|8001922|1|1250|0|      |20220525|20220525|0603|2022-06-05 07:05:12
361191|0000000754011360              |20220525|131044|002|675|0|30300096|130010006|130752022|1|20220525|125238|8005600|20220525|133008|8001922|1|1250|0|      |20220525|20220525|0603|2022-06-05 07:05:12
361193|0000000633465476              |20220525|164051|001|675|0|30300061|130010015|130759612|1|20220525|153812|8002878|20220525|170010|8001413|1|1250|0|      |20220525|20220525|0603|2022-06-05 07:05:12
361195|0000000918446585              |20220525|183329|001|675|0|30300096|130010006|130752066|1|20220525|170234|8002530|20220525|184358|8001922|1|1250|0|      |20220525|20220525|0603|2022-06-05 07:05:12
361197|0000000910925824              |20220525|193600|001|675|0|30300076|130010014|130753271|1|20220525|141845|8001718|20220525|195854|8001413|1|1250|0|      |20220525|20220525|0603|2022-06-05 07:05:12
361604|0000000772726901              |20220525|065020|001|675|0|30300067|130010001|130759424|1|20220524|212455|8002381|20220525|065315|8002557|1|1250|0|      |20220525|20220525|0603|2022-06-05 07:05:12
361606|0000000742073470              |20220525|082211|001|675|0|30300067|130010001|130759481|1|20220525|075450|8002451|20220525|083501|8002482|1|1250|0|      |20220525|20220525|0603|2022-06-05 07:05:12
361608|0000000757494149              |20220525|124752|001|675|0|30300067|130010001|130759731|1|20220525|113236|8002467|20220525|125323|8002381|1|1250|0|      |20220525|20220525|0603|2022-06-05 07:05:12
361610|0000000743584660              |20220525|144408|028|675|0|30300067|130010001|130759412|1|20220525|125807|8002952|20220525|145323|8002466|1|1250|0|      |20220525|20220525|0603|2022-06-05 07:05:12
361612|0000000720951916              |20220525|162723|001|675|0|30300067|130010001|130759402|1|20220525|142721|8002466|20220525|163551|8002908|1|1250|0|      |20220525|20220525|0603|2022-06-05 07:05:12
361614|0000000921917667              |20220525|180918|001|675|0|30300067|130010001|130759412|1|20220525|165456|8001725|20220525|181326|8002467|1|1250|0|      |20220525|20220525|0603|2022-06-05 07:05:12
361616|0000000715534906              |20220525|181621|001|675|0|30300067|130010001|130759777|1|20220525|152853|8002447|20220525|183205|8005877|1|1250|0|      |20220525|20220525|0603|2022-06-05 07:05:12
361618|0000000777103761              |20220525|082802|001|676|0|30300039|130010005|130759214|1|20220525|054208|8005558|20220525|091135|8002404|1|1250|0|      |20220525|20220525|0603|2022-06-05 07:05:12
361620|0000000903422519              |20220525|115243|016|676|0|30300039|130010005|130759224|1|20220525|101238|8002872|20220525|115630|8001193|1|1250|0|      |20220525|20220525|0603|2022-06-05 07:05:12
361622|0000000752204833              |20220525|143326|001|676|0|30300039|130010005|130759263|1|20220525|142332|8002141|20220525|144355|8002492|1|1250|0|      |20220525|20220525|0603|2022-06-05 07:05:12
361624|0000000777951072              |20220525|154532|006|676|0|30300039|130010005|130759269|1|20220525|055720|8002940|20220525|155741|8002493|1|1250|0|      |20220525|20220525|0603|2022-06-05 07:05:12
361626|0000000662320221              |20220525|214213|017|676|0|30300039|130010005|130759224|1|20220525|154845|8002405|20220525|220420|8002952|1|1250|0|      |20220525|20220525|0603|2022-06-05 07:05:12
361628|0000000918483719              |20220525|081459|001|676|0|30300040|130010013|130759802|1|20220525|072115|8001086|20220525|081641|8002993|1|1250|0|      |20220525|20220525|0603|2022-06-05 07:05:12
361630|0000000903551427              |20220525|081352|001|675|0|30300091|130010013|130759812|1|20220525|061036|8001889|20220525|081631|8002465|1|1250|0|      |20220525|20220525|0603|2022-06-05 07:05:12
362196|0000000749276460              |20220525|154308|008|675|0|30300095|130010011|130759528|1|20220525|151634|8001959|20220525|154445|8001263|1|1250|0|      |20220525|20220525|0603|2022-06-05 07:05:12
362198|0000000725863557              |20220525|161211|028|675|0|30300046|130010002|130752321|1|20220525|154446|8001081|20220525|165901|8001273|1|1250|0|      |20220525|20220525|0603|2022-06-05 07:05:12
362200|0000000625013360              |20220525|143242|029|676|0|30300071|130010009|130759149|1|20220525|121600|8001078|20220525|145013|8002942|1|1250|0|      |20220525|20220525|0603|2022-06-05 07:05:12
362202|0000000662750432              |20220525|143551|011|675|0|30300077|130010006|130752064|1|20220525|141013|8001927|20220525|150355|8001611|1|1250|0|      |20220525|20220525|0603|2022-06-05 07:05:12
362204|0000000774024380              |20220525|190704|002|676|0|30300071|130010009|130759180|1|20220525|133605|8002757|20220525|193550|8001791|1|1250|0|      |20220525|20220525|0603|2022-06-05 07:05:12
362206|0000000726027446              |20220525|115722|014|675|0|30300045|130010006|130759002|1|20220525|103936|8002920|20220525|124416|8001714|1|1250|0|      |20220525|20220525|0603|2022-06-05 07:05:12
362208|0000000766728193              |20220525|175950|028|675|0|30300078|130010008|130752712|1|20220525|174029|8002603|20220525|182718|8001583|1|1250|0|      |20220525|20220525|0603|2022-06-05 07:05:12
362210|0000000734774752              |20220525|191847|013|675|0|30300060|130010014|130753523|1|20220525|162221|8001074|20220525|195121|8001459|1|1250|0|      |20220525|20220525|0603|2022-06-05 07:05:12
319576|0000000649950588              |20220525|180119|026|675|0|30300077|130010006|130752017|1|20220525|173448|8002434|20220525|183531|8001401|1|1250|0|      |20220525|20220525|0603|2022-06-05 07:04:45
319578|0000000743716815              |20220525|055247|018|675|0|30300064|130010015|130759626|1|20220525|053831|8001414|20220525|061221|8001834|1|1250|0|      |20220525|20220525|0603|2022-06-05 07:04:45
319580|0000000743716815              |20220525|175200|020|675|0|30300064|130010015|130759623|1|20220525|134616|8001414|20220525|181908|8001834|1|1250|0|      |20220525|20220525|0603|2022-06-05 07:04:45
319582|0000000910343989              |20220525|105208|008|675|0|30300060|130010014|130753245|1|20220525|103944|8002578|20220525|111247|8002075|1|1250|0|      |20220525|20220525|0603|2022-06-05 07:04:45
319584|0000000903133320              |20220525|105134|003|676|0|30300036|130010011|130759510|1|20220525|095349|8001928|20220525|105754|8002603|1|1250|0|      |20220525|20220525|0603|2022-06-05 07:04:45
319586|0000000754889443              |20220525|060217|012|675|0|30300091|130010013|130759817|1|20220525|053948|8002612|20220525|060817|8001085|1|1250|0|      |20220525|20220525|0603|2022-06-05 07:04:45
319588|0000000618910629              |20220525|121024|009|675|0|30300091|130010013|130759877|1|20220525|112622|8002612|20220525|121551|8001085|1|1250|0|      |20220525|20220525|0603|2022-06-05 07:04:45
319590|0000000469519007              |20220525|175629|028|675|0|30300057|130010001|130759750|1|20220525|172049|8001748|20220525|181724|8001828|1|1250|0|      |20220525|20220525|0603|2022-06-05 07:04:45
319592|0000000661498551              |20220525|133845|024|675|0|30300091|130010013|130759812|1|20220525|125319|8002612|20220525|134509|8001085|1|1250|0|      |20220525|20220525|0603|2022-06-05 07:04:45
319999|0000000724765149              |20220525|141924|014|675|0|30300057|130010001|130759759|1|20220525|133930|8001539|20220525|142600|8001850|1|1250|0|      |20220525|20220525|0603|2022-06-05 07:04:45
320001|0000000764920355              |20220525|160718|016|675|0|30300064|130010015|130759626|1|20220525|144550|8002628|20220525|162851|8002833|1|1250|0|      |20220525|20220525|0603|2022-06-05 07:04:45
320003|0000000759024143              |20220525|184623|011|676|0|30300036|130010012|130753333|1|20220525|181013|8005928|20220525|191436|8001587|1|1250|0|      |20220525|20220525|0603|2022-06-05 07:04:45
320005|0000000903991384              |20220525|120340|021|676|0|30300043|130010015|130759601|1|20220525|104609|8005590|20220525|120717|8002736|1|1250|0|      |20220525|20220525|0603|2022-06-05 07:04:45
320007|0000000756222021              |20220525|081611|016|676|0|30300090|130010005|130759266|1|20220525|051250|8002618|20220525|082113|8002611|1|1250|0|      |20220525|20220525|0603|2022-06-05 07:04:45
320009|0000000750599874              |20220525|210904|006|675|0|30300064|130010015|130759642|1|20220525|205333|8002628|20220525|212655|8002833|1|1250|0|      |20220525|20220525|0603|2022-06-05 07:04:45
320011|0000000743019494              |20220525|100906|004|675|0|30300050|130010007|130759301|1|20220525|095754|8002025|20220525|103054|8001193|1|1250|0|      |20220525|20220525|0603|2022-06-05 07:04:45
320013|0000000628954265              |20220525|182843|002|675|0|30300050|130010007|130759342|1|20220525|181711|8002025|20220525|190211|8001193|1|1250|0|      |20220525|20220525|0603|2022-06-05 07:04:45
320015|0000000679881158              |20220525|105241|023|675|0|30300083|130010001|130759771|1|20220525|103408|8002289|20220525|111136|8002798|1|1250|0|      |20220525|20220525|0603|2022-06-05 07:04:45
320017|0000000905482143              |20220525|170125|013|675|0|30300047|130010001|130759433|1|20220525|155003|8002736|20220525|172145|8007556|1|1250|0|      |20220525|20220525|0603|2022-06-05 07:04:45
320019|0000000741908768              |20220525|161214|010|676|0|30300036|130010012|130753301|1|20220525|154835|8005928|20220525|163636|8001587|1|1250|0|      |20220525|20220525|0603|2022-06-05 07:04:45
320021|0000000707396123              |20220525|080938|016|674|0|30300002|130010007|130759331|1|20220525|071518|8001430|20220525|081211|8001721|1|1250|0|      |20220525|20220525|0603|2022-06-05 07:04:45
320023|0000000668519633              |20220525|095108|022|674|0|30300002|130010007|130759307|1|20220525|085903|8001430|20220525|095354|8001721|1|1250|0|      |20220525|20220525|0603|2022-06-05 07:04:45
320430|0000000704983267              |20220525|185003|020|676|0|30300051|130010008|130752101|1|20220525|171924|8002437|20220525|190302|8001097|1|1250|0|      |20220525|20220525|0603|2022-06-05 07:04:45
320432|0000000918333125              |20220525|185416|006|674|0|30300002|130010007|130759312|1|20220525|183226|8002437|20220525|190520|8001097|1|1250|0|      |20220525|20220525|0603|2022-06-05 07:04:45
320434|0000000749269159              |20220525|192104|030|674|0|30300002|130010007|130759320|1|20220525|185717|8002437|20220525|193115|8001097|1|1250|0|      |20220525|20220525|0603|2022-06-05 07:04:45
320436|0000000903842885              |20220525|202748|013|674|0|30300002|130010007|130759327|1|20220525|201330|8002437|20220525|203811|8001097|1|1250|0|      |20220525|20220525|0603|2022-06-05 07:04:45
320438|0000000759371292              |20220525|091850|026|676|0|30300090|130010005|130759216|1|20220525|060459|8005990|20220525|092407|8002412|1|1250|0|      |20220525|20220525|0603|2022-06-05 07:04:45
320440|0000000679091418              |20220525|185807|003|676|0|30300041|130010012|130753316|1|20220525|185031|8005990|20220525|190228|8002412|1|1250|0|      |20220525|20220525|0603|2022-06-05 07:04:45
320442|0000000670939291              |20220525|092454|003|676|0|30300051|130010008|130752102|1|20220525|082707|8002437|20220525|093957|8001097|1|1250|0|      |20220525|20220525|0603|2022-06-05 07:04:45
320444|0000000618971684              |20220525|131224|002|674|0|30300002|130010007|130759331|1|20220525|125011|8002437|20220525|132634|8001097|1|1250|0|      |20220525|20220525|0603|2022-06-05 07:04:45
320446|0000000741520090              |20220525|153553|016|676|0|30300051|130010008|130752142|1|20220525|143349|8002437|20220525|154948|8001097|1|1250|0|      |20220525|20220525|0603|2022-06-05 07:04:45
320448|0000000723869727              |20220525|162313|016|674|0|30300002|130010007|130759324|1|20220525|155957|8002437|20220525|163410|8001097|1|1250|0|      |20220525|20220525|0603|2022-06-05 07:04:45
320450|0000000662294157              |20220525|170814|020|674|0|30300002|130010007|130759336|1|20220525|164640|8002437|20220525|171905|8001097|1|1250|0|      |20220525|20220525|0603|2022-06-05 07:04:45
320452|0000000758070377              |20220525|173020|014|676|0|30300051|130010008|130752130|1|20220525|162741|8002437|20220525|174306|8001097|1|1250|0|      |20220525|20220525|0603|2022-06-05 07:04:45
320454|0000000656103882              |20220525|181427|021|674|0|30300002|130010007|130759338|1|20220525|160511|8002437|20220525|182815|8001097|1|1250|0|      |20220525|20220525|0603|2022-06-05 07:04:45
320456|0000000911270812              |20220525|202212|020|674|0|30300002|130010007|130759326|1|20220525|200719|8002437|20220525|203238|8001097|1|1250|0|      |20220525|20220525|0603|2022-06-05 07:04:45
320863|0000000762388064              |20220525|150531|015|676|0|30300041|130010012|130753316|1|20220525|142030|8070030|20220525|152045|8002412|1|1250|0|      |20220525|20220525|0603|2022-06-05 07:04:45
310936|0000000921745131              |20220525|124758|018|675|0|30300064|130010015|130759676|1|20220525|123606|8001253|20220525|132711|8001626|1|1250|0|      |20220525|20220525|0603|2022-06-05 07:04:45
310938|0000000659980811              |20220525|135516|017|675|0|30300065|130010004|130752258|1|20220525|131313|8003054|20220525|135856|8001871|1|1250|0|      |20220525|20220525|0603|2022-06-05 07:04:45
310940|0000000752837866              |20220525|134423|017|675|0|30300048|130010006|130752068|1|20220525|122945|8001268|20220525|140543|8001425|1|1250|0|      |20220525|20220525|0603|2022-06-05 07:04:45
310942|0000000723537157              |20220525|151928|014|675|0|30300091|130010013|130759814|1|20220525|132924|8001418|20220525|153600|8001515|1|1250|0|      |20220525|20220525|0603|2022-06-05 07:04:45
310944|0000000743341789              |20220525|164408|006|675|0|30300146|130010008|130752167|1|20220525|164348|8001641|20220525|170746|8007405|1|1250|0|      |20220525|20220525|0603|2022-06-05 07:04:45
310946|0000000736928431              |20220525|180037|029|675|0|30300096|130010006|130752004|1|20220525|163724|8007394|20220525|182641|8001649|1|1250|0|      |20220525|20220525|0603|2022-06-05 07:04:45
310948|0000000751083928              |20220525|182626|023|675|0|30300066|130010015|130759684|1|20220525|174259|8001139|20220525|183110|8002252|1|1250|0|      |20220525|20220525|0603|2022-06-05 07:04:45
310950|0000000703125693              |20220525|185034|030|675|0|30300091|130010013|130759828|1|20220525|163851|8002904|20220525|190051|8002615|1|1250|0|      |20220525|20220525|0603|2022-06-05 07:04:45
310952|0000000742968364              |20220525|184536|006|675|0|30300064|130010015|130759673|1|20220525|170452|8001253|20220525|191130|8001527|1|1250|0|      |20220525|20220525|0603|2022-06-05 07:04:45
311359|0000000665435184              |20220525|152715|027|676|0|30300037|130010006|130752040|1|20220525|135003|8002343|20220525|153702|8001534|1|1250|0|      |20220525|20220525|0603|2022-06-05 07:04:45
311361|0000000717422056              |20220525|155927|017|676|0|30300054|130010007|130759353|1|20220525|153540|8002977|20220525|161144|8002831|1|1250|0|      |20220525|20220525|0603|2022-06-05 07:04:45
311363|0000000714592076              |20220525|190037|009|676|0|30300037|130010006|130752027|1|20220525|184724|8002343|20220525|190721|8001534|1|1250|0|      |20220525|20220525|0603|2022-06-05 07:04:45
311365|0000000754137518              |20220525|151736|031|676|0|30300072|130010001|130759434|1|20220525|150436|8002345|20220525|152037|8001348|1|1250|0|      |20220525|20220525|0603|2022-06-05 07:04:45
311367|0000000758763736              |20220525|173315|027|676|0|30300071|130010009|130759144|1|20220525|120023|8001989|20220525|173711|8002468|1|1250|0|      |20220525|20220525|0603|2022-06-05 07:04:45
311369|0000000606248898              |20220525|184214|004|675|0|30300061|130010015|130759647|1|20220525|180214|8001410|20220525|185325|8001716|1|1250|0|      |20220525|20220525|0603|2022-06-05 07:04:45
311371|0000000909029813              |20220525|172410|007|675|0|30300067|130010001|130759707|1|20220525|144727|8002480|20220525|173015|8001041|1|1250|0|      |20220525|20220525|0603|2022-06-05 07:04:45
311373|0000000743025906              |20220525|125146|011|675|0|30300056|130010012|130753308|1|20220525|100034|8002382|20220525|130647|8007483|1|1250|0|      |20220525|20220525|0603|2022-06-05 07:04:45
311375|0000000763590458              |20220525|131127|005|674|0|30300002|130010007|130759326|1|20220525|121757|8001242|20220525|133135|8001782|1|1250|0|      |20220525|20220525|0603|2022-06-05 07:04:45
311377|0000000733875917              |20220525|155337|018|676|0|30300041|130010012|130753316|1|20220525|142030|8001743|20220525|162147|8001499|1|1250|0|      |20220525|20220525|0603|2022-06-05 07:04:45
311379|0000000906421067              |20220525|174224|003|674|0|30300002|130010007|130759329|1|20220525|163434|8001242|20220525|180819|8001782|1|1250|0|      |20220525|20220525|0603|2022-06-05 07:04:45
311381|0000000667534664              |20220525|210824|029|675|0|30300079|130010009|130759134|1|20220525|203133|8002631|20220525|213930|8002551|1|1250|0|      |20220525|20220525|0603|2022-06-05 07:04:45
311383|0000000678560351              |20220525|064232|019|675|0|30300047|130010001|130759718|1|20220525|063013|8001895|20220525|070330|8070011|1|1250|0|      |20220525|20220525|0603|2022-06-05 07:04:45
311790|0000000730376807              |20220525|130425|006|676|0|30300037|130010006|130759021|1|20220525|121810|8002313|20220525|130623|8002310|1|1250|0|      |20220525|20220525|0603|2022-06-05 07:04:45
311792|0000000771473755              |20220525|192827|019|675|0|30300101|130010002|130752396|1|20220525|175925|8001368|20220525|195220|8001786|1|1250|0|      |20220525|20220525|0603|2022-06-05 07:04:45
311794|0000000709089407              |20220525|211911|017|676|0|30300037|130010006|130752037|1|20220525|202732|8002313|20220525|212058|8002310|1|1250|0|      |20220525|20220525|0603|2022-06-05 07:04:45
311796|0000000709730132              |20220525|074956|007|676|0|30300043|130010015|130759690|1|20220525|070455|8001287|20220525|082017|8001990|1|1250|0|      |20220525|20220525|0603|2022-06-05 07:04:45
311798|0000000917937641              |20220525|082601|011|676|0|30300043|130010015|130759607|1|20220525|080923|8001287|20220525|084953|8001990|1|1250|0|      |20220525|20220525|0603|2022-06-05 07:04:45
311800|0000000662464543              |20220525|092938|029|675|0|30300065|130010004|130752234|1|20220525|085857|8005871|20220525|100135|8001374|1|1250|0|      |20220525|20220525|0603|2022-06-05 07:04:45
311802|0000000702492530              |20220525|175555|024|675|0|30300083|130010001|130759775|1|20220525|173527|8001279|20220525|184202|8002287|1|1250|0|      |20220525|20220525|0603|2022-06-05 07:04:45
311804|0000000677841725              |20220525|122506|023|675|0|30300049|130010004|130752233|1|20220525|072739|8002803|20220525|123957|9003016|1|1250|0|      |20220525|20220525|0603|2022-06-05 07:04:45
311806|0000000732903738              |20220525|120722|022|674|0|30300104|130010002|130752333|1|20220525|120318|8070010|20220525|122145|8070011|1|1250|0|      |20220525|20220525|0603|2022-06-05 07:04:45
311808|0000000900198765              |20220525|082940|014|676|0|30300071|130010009|130759106|1|20220525|054227|8002279|20220525|083103|8001949|1|1250|0|      |20220525|20220525|0603|2022-06-05 07:04:45
311810|0000000758313699              |20220525|194532|004|675|0|30300049|130010004|130752206|1|20220525|173214|8002966|20220525|201503|8002997|1|1250|0|      |20220525|20220525|0603|2022-06-05 07:04:45
311812|0000000705615345              |20220525|071045|028|675|0|30300055|130010014|130753206|1|20220525|054519|8001827|20220525|074026|8002627|1|1250|0|      |20220525|20220525|0603|2022-06-05 07:04:45
311814|0000000921592231              |20220525|090226|008|675|0|30300081|130010011|130759508|1|20220525|053906|8002088|20220525|092942|8006007|1|1250|0|      |20220525|20220525|0603|2022-06-05 07:04:45
311816|0000000715336824              |20220525|082438|017|675|0|30300059|130010004|130752204|1|20220525|081320|8001849|20220525|085423|8002279|1|1250|0|      |20220525|20220525|0603|2022-06-05 07:04:45
312223|0000000651609947              |20220525|163221|005|675|0|30300053|130010002|130752373|1|20220525|154543|8001277|20220525|165502|8001567|1|1250|0|      |20220525|20220525|0603|2022-06-05 07:04:45
327724|0000000693170829              |20220525|081102|003|676|1|30300069|130010001|130759411|1|20220525|073123|8002279|20220525|081753|8001942|1|0|0|      |20220525|20220525|0603|2022-06-05 07:04:45
327726|0000000789131989              |20220525|173513|031|676|1|30300069|130010001|130759416|4|20220525|165202|8002279|20220525|174014|8001942|1|0|0|      |20220525|20220525|0603|2022-06-05 07:04:45
327728|0000000186888017              |20220525|091916|019|676|2|30300070|130010004|130752228|1|20220525|074226|8002823|20220525|092225|8002297|1|0|0|      |20220525|20220525|0603|2022-06-05 07:04:45
327730|0000000694936143              |20220525|200042|001|676|1|30300068|130010006|130752036|1|20220525|192811|8002726|20220525|201117|8001097|1|0|0|      |20220525|20220525|0603|2022-06-05 07:04:45
327732|0000000400204869              |20220525|145529|015|676|0|30300070|130010004|130752201|1|20220525|054931|8002823|20220525|145820|8002297|1|1250|0|      |20220525|20220525|0603|2022-06-05 07:04:45
327734|0000000400193443              |20220525|105243|013|675|0|30300083|130010001|130759780|1|20220525|100422|8001791|20220525|110330|8001382|1|1250|0|      |20220525|20220525|0603|2022-06-05 07:04:45
327736|0000000400131824              |20220525|165526|024|676|0|30300070|130010004|130752238|1|20220525|152049|8002823|20220525|165824|8002297|1|1250|0|      |20220525|20220525|0603|2022-06-05 07:04:45
327738|0000000400185757              |20220525|070509|009|676|0|30300130|130010008|130752138|1|20220525|065804|8002823|20220525|070824|8002297|1|1250|0|      |20220525|20220525|0603|2022-06-05 07:04:45
327740|0000000400171821              |20220525|131334|014|676|0|30300130|130010008|130752149|1|20220525|130408|8002823|20220525|131808|8002297|1|1250|0|      |20220525|20220525|0603|2022-06-05 07:04:45
327742|0000000400102340              |20220525|082437|018|676|0|30300038|130010014|130753501|1|20220525|080405|8001703|20220525|083148|8001772|1|1250|0|      |20220525|20220525|0603|2022-06-05 07:04:45
327744|0000000400208422              |20220525|074241|022|676|0|30300038|130010014|130753255|1|20220525|072548|8001703|20220525|074637|8001772|1|1250|0|      |20220525|20220525|0603|2022-06-05 07:04:45
327746|0000000400143680              |20220525|091911|015|676|0|30300070|130010004|130752228|1|20220525|074226|8002823|20220525|092137|8002297|1|1250|0|      |20220525|20220525|0603|2022-06-05 07:04:45
327748|0000000400191850              |20220525|121852|025|676|0|30300041|130010012|130753316|1|20220525|113153|8002702|20220525|122827|8002970|1|1250|0|      |20220525|20220525|0603|2022-06-05 07:04:45
330207|0000000788062892              |20220525|074504|008|675|0|30300053|130010002|130752513|1|20220525|072514|8001240|20220525|080645|8001028|1|1250|0|      |20220525|20220525|0603|2022-06-05 07:04:45
330209|0000000486370061              |20220525|091530|014|675|0|30300053|130010002|130752398|1|20220525|085551|8001240|20220525|093540|8001028|1|1250|0|      |20220525|20220525|0603|2022-06-05 07:04:45
330211|0000000698888617              |20220525|152137|003|675|0|30300108|130010007|130759356|1|20220525|133546|8002742|20220525|153451|8002395|1|1250|0|      |20220525|20220525|0603|2022-06-05 07:04:45
330213|0000000797324425              |20220525|132947|011|680|0|30300017|130010004|130752221|1|20220525|123722|8002352|20220525|134113|8002006|1|1250|0|      |20220525|20220525|0603|2022-06-05 07:04:45
330215|0000001110493592              |20220525|194025|006|676|1|30300071|130010009|130759105|1|20220525|121140|8002468|20220525|195750|8002942|1|0|0|      |20220525|20220525|0603|2022-06-05 07:04:45
330217|0000000400120842              |20220525|170730|030|675|1|30300045|130010006|130752043|1|20220525|162249|8006001|20220525|172947|8001276|1|0|0|      |20220525|20220525|0603|2022-06-05 07:04:45
330219|0000000487946237              |20220525|102626|005|832|0|30300128|130710001|130759932|1|20220525|052259|8007412|20220525|110345|8007295|1|1700|300|      |20220525|20220525|0603|2022-06-05 07:04:45
330221|0000000783070437              |20220525|112338|024|832|0|30300128|130710001|130759914|1|20220525|053137|8007412|20220525|120029|8007295|1|1700|300|      |20220525|20220525|0603|2022-06-05 07:04:45
330223|0000000692675956              |20220525|125940|018|832|0|30300128|130710001|130759924|1|20220525|051419|8007412|20220525|133859|8007295|1|1700|300|      |20220525|20220525|0603|2022-06-05 07:04:45
330225|0000000699213747              |20220525|154656|001|832|1|30300128|130710001|130759917|1|20220525|054948|8007412|20220525|162409|8007295|1|450|300|      |20220525|20220525|0603|2022-06-05 07:04:45
330227|0000000788099905              |20220525|215429|019|832|0|30300128|130710001|130759912|1|20220525|051625|8007412|20220525|223133|8007295|1|1700|300|      |20220525|20220525|0603|2022-06-05 07:04:45
330229|0000000400140072              |20220525|111154|025|676|0|30300069|130010001|130759409|1|20220525|103818|8002279|20220525|113709|8002381|1|1250|0|      |20220525|20220525|0603|2022-06-05 07:04:45
330231|0000000400176170              |20220525|151451|023|676|0|30300069|130010001|130759751|1|20220525|143931|8002279|20220525|153937|8002381|1|1250|0|      |20220525|20220525|0603|2022-06-05 07:04:45
330233|0000000789543502              |20220525|195952|027|676|0|30300069|130010001|130759428|1|20220525|192809|8002279|20220525|202202|8002381|1|1250|0|      |20220525|20220525|0603|2022-06-05 07:04:45
330235|0000000400145771              |20220525|070908|020|674|0|30300002|130010007|130759312|1|20220525|070717|8002254|20220525|073211|8001418|1|1250|0|      |20220525|20220525|0603|2022-06-05 07:04:45
330237|0000001110309526              |20220525|081539|008|674|0|30300104|130010002|130752504|1|20220525|074928|8005997|20220525|083249|8002453|1|1250|0|      |20220525|20220525|0603|2022-06-05 07:04:45
330239|0000001110184964              |20220525|093226|010|674|0|30300104|130010002|130752507|4|20220525|084745|8005997|20220525|094626|8002453|1|750|0|      |20220525|20220525|0603|2022-06-05 07:04:45
330241|0000001110030744              |20220525|092028|024|674|0|30300104|130010002|130752341|1|20220525|085330|8005997|20220525|093455|8002453|1|1250|0|      |20220525|20220525|0603|2022-06-05 07:04:45
330243|0000000400199164              |20220525|133800|014|674|0|30300104|130010002|130752341|1|20220525|130831|8005997|20220525|135152|8002453|1|1250|0|      |20220525|20220525|0603|2022-06-05 07:04:45
330245|0000000787875170              |20220525|201712|002|674|0|30300104|130010002|130752505|1|20220525|194749|8005997|20220525|203121|8002453|1|1250|0|      |20220525|20220525|0603|2022-06-05 07:04:45
330247|0000000400162091              |20220525|140330|023|675|0|30300045|130010006|130752047|1|20220525|115518|8006001|20220525|142541|8001276|2|2500|0|      |20220525|20220525|0603|2022-06-05 07:04:45
330249|0000000400192693              |20220525|093716|020|675|1|30300091|130010013|130759821|1|20220525|073831|8002241|20220525|094712|8002615|1|0|0|      |20220525|20220525|0603|2022-06-05 07:04:45
330251|0000000692847206              |20220525|145552|028|674|1|30300100|130010002|130752359|1|20220525|145139|8001412|20220525|151518|8001715|1|0|0|      |20220525|20220525|0603|2022-06-05 07:04:45
330253|0000000400177470              |20220525|203740|007|674|0|30300002|130010007|130759306|8|20220525|203039|8001178|20220525|205123|8001632|1|0|0|      |20220525|20220525|0603|2022-06-05 07:04:45
320067|0000000766893738              |20220525|151725|015|675|0|30300061|130010015|130759645|1|20220525|141713|8002723|20220525|152801|8001647|1|1250|0|      |20220525|20220525|0603|2022-06-05 07:04:45
320069|0000000641587674              |20220525|125026|024|675|0|30300055|130010014|130753249|1|20220525|123839|8002764|20220525|131733|8002635|1|1250|0|      |20220525|20220525|0603|2022-06-05 07:04:45
320071|0000000904281182              |20220525|083529|023|675|0|30300067|130010001|130759402|1|20220525|082021|8001287|20220525|084619|8001924|1|1250|0|      |20220525|20220525|0603|2022-06-05 07:04:45
320073|0000000778957039              |20220525|180703|018|675|0|30300082|130010001|130759413|1|20220525|150750|8002803|20220525|181235|8001746|1|1250|0|      |20220525|20220525|0603|2022-06-05 07:04:45
320075|0000000733376947              |20220525|191004|014|675|0|30300046|130010002|130752305|1|20220525|132859|8005907|20220525|194720|8005996|1|1250|0|      |20220525|20220525|0603|2022-06-05 07:04:45
320077|0000000904441015              |20220525|154658|004|675|0|30300084|130010001|130759756|1|20220525|152743|8001500|20220525|155820|8001038|1|1250|0|      |20220525|20220525|0603|2022-06-05 07:04:45
320484|0000000764611904              |20220525|132300|013|675|0|30300047|130010001|130759408|1|20220525|123815|8005990|20220525|132500|8002412|1|1250|0|      |20220525|20220525|0603|2022-06-05 07:04:45
320486|0000000903068178              |20220525|131628|031|676|0|30300090|130010005|130759225|1|20220525|064720|8005990|20220525|132015|8002412|1|1250|0|      |20220525|20220525|0603|2022-06-05 07:04:45
320488|0000000908179058              |20220525|140757|004|675|0|30300047|130010001|130759723|1|20220525|131928|8005990|20220525|141131|8002412|1|1250|0|      |20220525|20220525|0603|2022-06-05 07:04:45
320490|0000000756624427              |20220525|150407|017|675|0|30300047|130010001|130759702|1|20220525|142130|8005990|20220525|150828|8002412|1|1250|0|      |20220525|20220525|0603|2022-06-05 07:04:45
320492|0000000702644657              |20220525|152417|007|676|0|30300041|130010012|130753332|1|20220525|151304|8005990|20220525|152951|8002412|1|1250|0|      |20220525|20220525|0603|2022-06-05 07:04:45
320494|0000000706680401              |20220525|154206|026|675|0|30300047|130010001|130759732|1|20220525|145629|8005990|20220525|154545|8002412|1|1250|0|      |20220525|20220525|0603|2022-06-05 07:04:45
320496|0000000630405537              |20220525|170014|013|676|0|30300041|130010012|130753323|1|20220525|164741|8005990|20220525|170445|8002412|1|1250|0|      |20220525|20220525|0603|2022-06-05 07:04:45
320498|0000000742465645              |20220525|171332|006|676|0|30300090|130010005|130759266|1|20220525|153331|8005990|20220525|171814|8002412|1|1250|0|      |20220525|20220525|0603|2022-06-05 07:04:45
320500|0000000649566161              |20220525|180516|026|676|0|30300090|130010005|130759205|1|20220525|125921|8005990|20220525|180904|8002412|1|1250|0|      |20220525|20220525|0603|2022-06-05 07:04:45
320502|0000000725549513              |20220525|192606|010|676|0|30300041|130010012|130753318|1|20220525|191526|8005990|20220525|192956|8002412|1|1250|0|      |20220525|20220525|0603|2022-06-05 07:04:45
320504|0000000761768781              |20220525|210935|031|675|0|30300047|130010001|130759718|1|20220525|202249|8005990|20220525|211451|8002412|1|1250|0|      |20220525|20220525|0603|2022-06-05 07:04:45
320506|0000000719294683              |20220525|205422|026|675|0|30300047|130010001|130759702|1|20220525|200614|8005990|20220525|205952|8002412|1|1250|0|      |20220525|20220525|0603|2022-06-05 07:04:45
320508|0000000771712950              |20220525|214831|015|676|0|30300090|130010005|130759209|1|20220525|201345|8005990|20220525|215357|8002412|1|1250|0|      |20220525|20220525|0603|2022-06-05 07:04:45
320510|0000000737411474              |20220525|090858|002|675|0|30300075|130010005|130759208|1|20220525|084906|8002296|20220525|091725|8001348|1|1250|0|      |20220525|20220525|0603|2022-06-05 07:04:45
320917|0000000629934284              |20220525|200843|018|676|0|30300041|130010012|130753377|1|20220525|141052|8070030|20220525|202348|8002412|1|1250|0|      |20220525|20220525|0603|2022-06-05 07:04:45
320919|0000000904826573              |20220525|160439|028|676|0|30300069|130010001|130759751|1|20220525|155016|8002917|20220525|161633|8002220|1|1250|0|      |20220525|20220525|0603|2022-06-05 07:04:45
320921|0000000770342949              |20220525|055858|028|674|0|30300002|130010007|130759308|1|20220525|054609|8001963|20220525|060648|8002437|1|1250|0|      |20220525|20220525|0603|2022-06-05 07:04:45
320923|0000000742777660              |20220525|071725|002|674|0|30300002|130010007|130759312|1|20220525|070717|8001963|20220525|072859|8002437|1|1250|0|      |20220525|20220525|0603|2022-06-05 07:04:45
320925|0000000743308413              |20220525|073211|018|674|0|30300002|130010007|130759318|1|20220525|072157|8001963|20220525|074215|8002437|1|1250|0|      |20220525|20220525|0603|2022-06-05 07:04:45
320927|0000000661325508              |20220525|074557|019|674|0|30300002|130010007|130759319|1|20220525|073333|8001963|20220525|075844|8002437|1|1250|0|      |20220525|20220525|0603|2022-06-05 07:04:45
320929|0000000904020867              |20220525|080114|003|674|0|30300002|130010007|130759322|1|20220525|061122|8001963|20220525|081443|8002437|1|1250|0|      |20220525|20220525|0603|2022-06-05 07:04:45
320931|0000000739442332              |20220525|080122|005|674|0|30300002|130010007|130759322|1|20220525|061122|8001963|20220525|081438|8002437|1|1250|0|      |20220525|20220525|0603|2022-06-05 07:04:45
320933|0000000743468792              |20220525|083633|009|674|0|30300002|130010007|130759327|1|20220525|082341|8001963|20220525|085106|8002437|1|1250|0|      |20220525|20220525|0603|2022-06-05 07:04:45
320935|0000000904992113              |20220525|082808|012|674|0|30300002|130010007|130759326|1|20220525|082400|8001963|20220525|083815|8002437|1|1250|0|      |20220525|20220525|0603|2022-06-05 07:04:45
320937|0000000630009341              |20220525|082004|001|674|0|30300002|130010007|130759324|1|20220525|081145|8001963|20220525|083019|8002437|1|1250|0|      |20220525|20220525|0603|2022-06-05 07:04:45
320939|0000000759465482              |20220525|090658|004|674|0|30300002|130010007|130759331|1|20220525|085640|8001963|20220525|091849|8002437|1|1250|0|      |20220525|20220525|0603|2022-06-05 07:04:45
320941|0000000778007164              |20220525|091328|010|674|0|30300002|130010007|130759337|1|20220525|090440|8001963|20220525|092536|8002437|1|1250|0|      |20220525|20220525|0603|2022-06-05 07:04:45
321348|0000000763902938              |20220525|175252|020|676|0|30300131|130010008|130752706|1|20220525|174052|8007281|20220525|183300|8002089|1|1250|0|      |20220525|20220525|0603|2022-06-05 07:04:45
321350|0000000726806648              |20220525|190707|010|676|0|30300137|130010004|130752600|1|20220525|190306|8002523|20220525|193905|8001927|1|1250|0|      |20220525|20220525|0603|2022-06-05 07:04:45
321352|0000000708414871              |20220525|141908|021|676|0|30300040|130010007|130759343|1|20220525|140520|8001096|20220525|150019|8002382|1|1250|0|      |20220525|20220525|0603|2022-06-05 07:04:45
321354|0000000905197064              |20220525|222144|020|676|0|30300051|130010008|130752121|1|20220525|221622|8001096|20220525|224630|8002545|1|1250|0|      |20220525|20220525|0603|2022-06-05 07:04:45
311426|0000000917970596              |20220525|161514|011|674|0|30300104|130010002|130752507|1|20220525|160831|8001078|20220525|164054|8001025|1|1250|0|      |20220525|20220525|0603|2022-06-05 07:04:45
311428|0000000903178888              |20220525|113810|003|675|0|30300047|130010001|130759415|1|20220525|105311|8005990|20220525|114541|8005516|1|1250|0|      |20220525|20220525|0603|2022-06-05 07:04:45
311430|0000000741770822              |20220525|145631|031|676|0|30300070|130010004|130752228|1|20220525|145525|8003101|20220525|152132|8001941|1|1250|0|      |20220525|20220525|0603|2022-06-05 07:04:45
311432|0000000772270104              |20220525|182319|018|676|0|30300087|130010008|130752151|1|20220525|140347|8002140|20220525|184842|8002100|1|1250|0|      |20220525|20220525|0603|2022-06-05 07:04:45
311434|0000000624207145              |20220525|091925|002|675|0|30300062|130010008|130752129|1|20220525|064736|8001654|20220525|092305|8001847|1|1250|0|      |20220525|20220525|0603|2022-06-05 07:04:45
311436|0000000758658973              |20220525|065435|008|675|0|30300046|130010002|130752366|1|20220525|061944|8001372|20220525|072458|8002997|1|1250|0|      |20220525|20220525|0603|2022-06-05 07:04:45
311438|0000000909316947              |20220525|103701|027|675|0|30300046|130010002|130752342|1|20220525|101430|8001372|20220525|111005|8002997|1|1250|0|      |20220525|20220525|0603|2022-06-05 07:04:45
311845|0000000743850825              |20220525|091936|025|675|0|30300061|130010015|130759612|1|20220525|082313|8002878|20220525|093312|8001647|1|1250|0|      |20220525|20220525|0603|2022-06-05 07:04:45
311847|0000000725284024              |20220525|080150|008|674|0|30300104|130010002|130752341|1|20220525|065515|8001426|20220525|083123|8001944|1|1250|0|      |20220525|20220525|0603|2022-06-05 07:04:45
311849|0000000676354567              |20220525|122228|011|676|0|30300073|130010009|130759112|1|20220525|121149|8002824|20220525|130058|8002081|1|1250|0|      |20220525|20220525|0603|2022-06-05 07:04:45
311851|0000000768901638              |20220525|080911|002|676|0|30300043|130010015|130759613|1|20220525|061631|8002984|20220525|082256|8002554|1|1250|0|      |20220525|20220525|0603|2022-06-05 07:04:45
311853|0000000744962670              |20220525|170932|001|675|0|30300076|130010014|130753233|1|20220525|163837|8002845|20220525|171831|8001927|1|1250|0|      |20220525|20220525|0603|2022-06-05 07:04:45
311855|0000000756700422              |20220525|075539|005|675|0|30300049|130010004|130752232|1|20220525|051738|8001204|20220525|083415|8001355|1|1250|0|      |20220525|20220525|0603|2022-06-05 07:04:45
311857|0000000744549818              |20220525|212336|027|676|0|30300089|130010011|130759531|1|20220525|133447|8003047|20220525|212826|8001658|1|1250|0|      |20220525|20220525|0603|2022-06-05 07:04:45
311859|0000000642609422              |20220525|102246|002|676|0|30300037|130010006|130752027|1|20220525|093159|8002315|20220525|102501|8002316|1|1250|0|      |20220525|20220525|0603|2022-06-05 07:04:45
311861|0000000903065906              |20220525|101711|012|676|0|30300093|130010004|130752214|1|20220525|090537|8002315|20220525|101823|8002316|1|1250|0|      |20220525|20220525|0603|2022-06-05 07:04:45
311863|0000000624966363              |20220525|074747|003|675|0|30300127|130010004|130752244|1|20220525|072535|8007397|20220525|075944|8002352|1|1250|0|      |20220525|20220525|0603|2022-06-05 07:04:45
311865|0000000910458539              |20220525|102318|011|676|0|30300071|130010009|130759107|1|20220525|075127|8002153|20220525|102451|8001670|1|1250|0|      |20220525|20220525|0603|2022-06-05 07:04:45
311867|0000000645053505              |20220525|210918|020|675|0|30300048|130010006|130752060|1|20220525|200203|8002053|20220525|211023|8002660|1|1250|0|      |20220525|20220525|0603|2022-06-05 07:04:45
311869|0000000774124827              |20220525|182039|022|675|0|30300053|130010002|130752395|1|20220525|180541|8001078|20220525|185438|8001028|1|1250|0|      |20220525|20220525|0603|2022-06-05 07:04:45
312276|0000000751948517              |20220525|104019|018|676|0|30300087|130010008|130752158|1|20220525|103651|8002847|20220525|111928|8001724|1|1250|0|      |20220525|20220525|0603|2022-06-05 07:04:45
312278|0000000768481048              |20220525|213049|011|675|0|30300081|130010011|130759515|1|20220525|212442|8001553|20220525|213759|8002038|1|1250|0|      |20220525|20220525|0603|2022-06-05 07:04:45
312280|0000000748161750              |20220525|192408|024|675|0|30300081|130010011|130759523|1|20220525|185304|8002075|20220525|195619|8001263|1|1250|0|      |20220525|20220525|0603|2022-06-05 07:04:45
312282|0000000727284663              |20220525|215138|014|675|0|30300060|130010014|130753523|1|20220525|203702|8001955|20220525|215444|8001851|1|1250|0|      |20220525|20220525|0603|2022-06-05 07:04:45
312284|0000000906809931              |20220525|105952|002|675|0|30300060|130010014|130753241|1|20220525|053848|8001951|20220525|111731|8002916|1|1250|0|      |20220525|20220525|0603|2022-06-05 07:04:45
312286|0000000662453855              |20220525|170852|015|676|0|30300043|130010015|130759690|1|20220525|155006|8001575|20220525|172156|8001296|1|1250|0|      |20220525|20220525|0603|2022-06-05 07:04:45
312288|0000000903948144              |20220525|204457|003|676|0|30300043|130010015|130759613|1|20220525|195321|8001575|20220525|205750|8001296|1|1250|0|      |20220525|20220525|0603|2022-06-05 07:04:45
312290|0000000778929432              |20220525|154347|016|675|0|30300081|130010011|130759506|1|20220525|125633|8002615|20220525|154957|8006007|1|1250|0|      |20220525|20220525|0603|2022-06-05 07:04:45
312292|0000000903496432              |20220525|181122|009|675|0|30300081|130010011|130759572|1|20220525|163527|8001962|20220525|183314|8002338|1|1250|0|      |20220525|20220525|0603|2022-06-05 07:04:45
312294|0000000677102719              |20220525|180738|006|676|0|30300043|130010015|130759618|1|20220525|175016|8001364|20220525|190523|8003008|1|1250|0|      |20220525|20220525|0603|2022-06-05 07:04:45
312296|0000000921262330              |20220525|212747|014|676|0|30300043|130010015|130759632|1|20220525|202829|8002255|20220525|213807|8005877|1|1250|0|      |20220525|20220525|0603|2022-06-05 07:04:45
312298|0000000605769753              |20220525|215417|013|676|0|30300043|130010015|130759619|1|20220525|213309|8002697|20220525|221929|8001628|1|1250|0|      |20220525|20220525|0603|2022-06-05 07:04:45
312300|0000000904431424              |20220525|092224|004|675|0|30300060|130010014|130753507|1|20220525|072049|8005585|20220525|095850|8001949|1|1250|0|      |20220525|20220525|0603|2022-06-05 07:04:45
312302|0000000703645962              |20220525|174349|004|675|0|30300060|130010014|130753507|1|20220525|172725|8005585|20220525|180956|8001051|1|1250|0|      |20220525|20220525|0603|2022-06-05 07:04:45
312709|0000000738261308              |20220525|141602|029|678|0|30300074|130010014|130753248|1|20220525|141123|8001802|20220525|142342|8001534|1|1250|0|      |20220525|20220525|0603|2022-06-05 07:04:45
312711|0000000742409368              |20220525|143402|024|679|0|30300063|130010001|130759774|1|20220525|143138|8001802|20220525|144022|8001534|1|1250|0|      |20220525|20220525|0603|2022-06-05 07:04:45
312713|0000000743725068              |20220525|191439|015|675|0|30300058|130010004|130752295|1|20220525|150842|8001647|20220525|193211|8001086|1|1250|0|      |20220525|20220525|0603|2022-06-05 07:04:45
330663|0000000783387501              |20220525|134655|010|676|0|30300037|130010006|130759016|1|20220525|125609|8002378|20220525|135132|8002961|1|1250|0|      |20220525|20220525|0603|2022-06-05 07:04:46
330665|0000001118054926              |20220525|085236|005|675|0|30300092|130010013|130759833|1|20220525|080046|8002138|20220525|085832|8002131|1|1250|0|      |20220525|20220525|0603|2022-06-05 07:04:46
330667|0000000400183231              |20220525|094334|018|675|0|30300108|130010007|130759339|1|20220525|090046|8007324|20220525|095321|8001590|1|1250|0|      |20220525|20220525|0603|2022-06-05 07:04:46
330669|0000000695704057              |20220525|100500|013|675|0|30300108|130010007|130759356|1|20220525|091459|8007324|20220525|101311|8001590|1|1250|0|      |20220525|20220525|0603|2022-06-05 07:04:46
330671|0000000400105563              |20220525|134053|024|676|0|30300041|130010012|130753309|1|20220525|124241|8002378|20220525|134702|8002961|1|1250|0|      |20220525|20220525|0603|2022-06-05 07:04:46
330673|0000000400212274              |20220525|124421|021|675|0|30300064|130010015|130759638|1|20220525|123251|8002651|20220525|124927|8001625|1|1250|0|      |20220525|20220525|0603|2022-06-05 07:04:46
330675|0000000400212274              |20220525|111101|019|675|0|30300064|130010015|130759676|1|20220525|100315|8002651|20220525|111701|8001625|1|1250|0|      |20220525|20220525|0603|2022-06-05 07:04:46
330677|0000001110487040              |20220525|070613|020|675|0|30300108|130010007|130759339|1|20220525|062708|8007324|20220525|071431|8001590|1|1250|0|      |20220525|20220525|0603|2022-06-05 07:04:46
330679|0000000789352727              |20220525|071611|001|676|0|30300072|130010001|130759423|1|20220525|064302|8001229|20220525|072133|8002986|1|1250|0|      |20220525|20220525|0603|2022-06-05 07:04:46
330681|0000000785875024              |20220525|142900|021|675|0|30300108|130010007|130759317|1|20220525|134200|8007324|20220525|143634|8001590|1|1250|0|      |20220525|20220525|0603|2022-06-05 07:04:46
330683|0000000699642146              |20220525|074614|024|675|0|30300108|130010007|130759344|4|20220525|070413|8007324|20220525|075236|8001590|1|750|0|      |20220525|20220525|0603|2022-06-05 07:04:46
330685|0000000487936110              |20220525|152728|008|675|0|30300108|130010007|130759356|1|20220525|133546|8007324|20220525|153829|8001590|1|1250|0|      |20220525|20220525|0603|2022-06-05 07:04:46
330687|0000000400192917              |20220525|074206|031|676|1|30300051|130010008|130752121|1|20220525|071259|8001029|20220525|081228|8001418|1|0|0|      |20220525|20220525|0603|2022-06-05 07:04:46
330689|0000000693847680              |20220525|181015|031|675|1|30300049|130010004|130752289|1|20220525|171132|8001959|20220525|181533|8002965|1|0|0|      |20220525|20220525|0603|2022-06-05 07:04:46
330691|0000001118117277              |20220525|181533|026|676|1|30300088|130010002|130752317|1|20220525|164625|8002091|20220525|182115|8002889|1|0|0|      |20220525|20220525|0603|2022-06-05 07:04:46
330693|0000000694855793              |20220525|065750|020|676|0|30300051|130010008|130752114|1|20220525|063131|8001029|20220525|072909|8001418|1|1250|0|      |20220525|20220525|0603|2022-06-05 07:04:46
330695|0000000400209168              |20220525|114148|024|676|0|30300051|130010008|130752142|1|20220525|111316|8001029|20220525|121325|8001418|2|2500|0|      |20220525|20220525|0603|2022-06-05 07:04:46
330697|0000000788551130              |20220525|201032|003|676|0|30300071|130010009|130759149|1|20220525|121600|8002279|20220525|203258|8002084|1|1250|0|      |20220525|20220525|0603|2022-06-05 07:04:46
330699|0000000790490089              |20220525|110849|026|676|0|30300037|130010006|130752053|1|20220525|102628|8002658|20220525|113544|8002411|1|1250|0|      |20220525|20220525|0603|2022-06-05 07:04:46
330701|0000000697622636              |20220525|074322|025|675|0|30300047|130010001|130759718|1|20220525|063013|8002941|20220525|075011|8002961|1|1250|0|      |20220525|20220525|0603|2022-06-05 07:04:46
330703|0000000787343264              |20220525|155253|019|675|0|30300047|130010001|130759718|1|20220525|144036|8002941|20220525|155928|8002961|1|1250|0|      |20220525|20220525|0603|2022-06-05 07:04:46
330705|0000000475778953              |20220525|114028|003|676|0|30300037|130010006|130752024|1|20220525|094646|8002315|20220525|114655|8001097|1|1250|0|      |20220525|20220525|0603|2022-06-05 07:04:46
330707|0000000692900492              |20220525|150102|003|676|0|30300037|130010006|130752074|1|20220525|145535|8003003|20220525|151913|8002412|1|1250|0|      |20220525|20220525|0603|2022-06-05 07:04:46
330709|0000000698312081              |20220525|192212|028|676|0|30300037|130010006|130752024|1|20220525|183010|8002315|20220525|192844|8001097|1|1250|0|      |20220525|20220525|0603|2022-06-05 07:04:46
330711|0000000488580374              |20220525|060254|027|676|0|30300041|130010012|130753316|1|20220525|053139|8002993|20220525|061602|8002969|1|1250|0|      |20220525|20220525|0603|2022-06-05 07:04:46
330713|0000000400182346              |20220525|203255|002|675|0|30300049|130010004|130752232|1|20220525|183013|8001490|20220525|203901|8001731|1|1250|0|      |20220525|20220525|0603|2022-06-05 07:04:46
330715|0000000789576842              |20220525|080723|019|675|0|30300049|130010004|130752232|1|20220525|051738|8001959|20220525|081319|8002965|1|1250|0|      |20220525|20220525|0603|2022-06-05 07:04:46
330717|0000000186128964              |20220525|210235|004|675|0|30300077|130010006|130759013|1|20220525|205602|8001258|20220525|210848|8001708|1|1250|0|      |20220525|20220525|0603|2022-06-05 07:04:46
330719|0000000785325294              |20220525|121331|026|675|1|30300058|130010004|130752259|1|20220525|111348|8001407|20220525|122427|8002066|1|0|0|      |20220525|20220525|0603|2022-06-05 07:04:46
303283|0000000625824296              |20220525|102249|011|681|1|30300042|130010009|130759181|1|20220525|095339|8002279|20220525|110934|8005104|1|0|250|      |20220525|20220525|0603|2022-06-05 07:04:46
303285|0000000644708926              |20220525|205620|018|679|0|30300063|130010001|130759482|1|20220525|203633|8006005|20220525|212203|8001253|1|1200|150|      |20220525|20220525|0603|2022-06-05 07:04:46
303287|0000000642746673              |20220525|161523|003|679|0|30300063|130010001|130759487|1|20220525|144708|8005122|20220525|172443|8001996|1|1200|150|      |20220525|20220525|0603|2022-06-05 07:04:46
303289|0000000765166194              |20220525|214223|012|679|0|30300063|130010001|130759740|1|20220525|213809|8007214|20220525|222938|8002695|1|1200|100|      |20220525|20220525|0603|2022-06-05 07:04:46
303291|0000000753883195              |20220525|101340|001|680|0|30300052|130010006|130752019|1|20220525|095537|8005632|20220525|102728|8001960|1|1250|150|      |20220525|20220525|0603|2022-06-05 07:04:46
303293|0000000645112291              |20220525|141600|014|679|0|30300063|130010001|130759406|1|20220525|064010|8002349|20220525|144639|8005252|1|1250|100|      |20220525|20220525|0603|2022-06-05 07:04:46
303295|0000000759843494              |20220525|174255|013|675|0|30300058|130010004|130752288|1|20220525|171041|8001934|~       |      |~      |1|1250|0|      |20220525|~       |0603|2022-06-05 07:04:46
303297|0000000770222571              |20220525|092151|024|676|0|30300089|130010011|130759536|1|20220525|090333|8002133|~       |      |~      |1|1250|0|      |20220525|~       |0603|2022-06-05 07:04:46
321843|0000000736120047              |20220525|075139|022|676|0|30300131|130010008|130752723|1|20220525|074249|8007363|20220525|084315|8002814|1|1250|0|      |20220525|20220525|0603|2022-06-05 07:04:46
321845|0000000746298998              |20220525|091410|005|676|0|30300131|130010008|130752708|1|20220525|090629|8007363|20220525|100057|8002814|1|1250|0|      |20220525|20220525|0603|2022-06-05 07:04:46
321847|0000000461367817              |20220525|112409|010|676|0|30300131|130010008|130752722|1|20220525|111853|8007363|20220525|115908|8002814|1|1250|0|      |20220525|20220525|0603|2022-06-05 07:04:46
321849|0000000469615551              |20220525|144122|015|676|0|30300069|130010001|130759416|1|20220525|140604|8002279|20220525|145623|8001952|1|1250|0|      |20220525|20220525|0603|2022-06-05 07:04:46
321851|0000000678590910              |20220525|125948|028|676|0|30300072|130010001|130759422|1|20220525|112905|8001060|20220525|131242|8001575|1|1250|0|      |20220525|20220525|0603|2022-06-05 07:04:46
321853|0000000903740959              |20220525|201546|017|676|0|30300037|130010006|130752050|1|20220525|155158|8005517|20220525|203447|8002313|1|1250|0|      |20220525|20220525|0603|2022-06-05 07:04:46
321855|0000000677651470              |20220525|100156|022|676|0|30300071|130010009|130759105|1|20220525|085832|8003017|20220525|100615|8002823|1|1250|0|      |20220525|20220525|0603|2022-06-05 07:04:46
321857|0000000900502051              |20220525|115211|025|676|0|30300041|130010012|130753323|1|20220525|105520|8002850|20220525|115634|8001296|1|1250|0|      |20220525|20220525|0603|2022-06-05 07:04:46
321859|0000000725622548              |20220525|083307|031|676|0|30300072|130010001|130759714|1|20220525|075554|8001575|20220525|085331|8002880|1|1250|0|      |20220525|20220525|0603|2022-06-05 07:04:46
322266|0000000774578332              |20220525|161202|003|676|0|30300043|130010015|130759615|1|20220525|155258|8001652|20220525|164422|8001245|1|1250|0|      |20220525|20220525|0603|2022-06-05 07:04:46
322268|0000000768389765              |20220525|163726|023|676|0|30300043|130010015|130759619|1|20220525|160013|8005587|20220525|173016|8001748|1|1250|0|      |20220525|20220525|0603|2022-06-05 07:04:46
322270|0000000739095462              |20220525|181250|031|676|0|30300043|130010015|130759601|1|20220525|173518|8002887|20220525|183333|8002717|1|1250|0|      |20220525|20220525|0603|2022-06-05 07:04:46
322272|0000000741475180              |20220525|182051|021|676|0|30300087|130010015|130759633|1|20220525|180600|8001491|20220525|184113|8001074|1|1250|0|      |20220525|20220525|0603|2022-06-05 07:04:46
322274|0000000741486054              |20220525|203039|002|676|0|30300043|130010015|130759619|1|20220525|193504|8005918|20220525|211120|8001254|1|1250|0|      |20220525|20220525|0603|2022-06-05 07:04:46
322276|0000000764326907              |20220525|214830|016|676|0|30300043|130010015|130759601|1|20220525|210530|8001723|20220525|215740|8003008|1|1250|0|      |20220525|20220525|0603|2022-06-05 07:04:46
322278|0000000732230241              |20220525|214151|015|676|0|30300043|130010015|130759618|1|20220525|211916|8001747|20220525|215735|8002717|1|1250|0|      |20220525|20220525|0603|2022-06-05 07:04:46
322280|0000000657270843              |20220525|223526|015|676|0|30300043|130010015|130759677|1|20220525|221311|8001747|20220525|230732|8005588|1|1250|0|      |20220525|20220525|0603|2022-06-05 07:04:46
322282|0000000618748862              |20220525|113801|023|676|0|30300087|130010008|130752141|1|20220525|111438|8001453|20220525|122240|8001238|1|1250|0|      |20220525|20220525|0603|2022-06-05 07:04:46
322284|0000000749424401              |20220525|134042|003|676|0|30300087|130010008|130752160|1|20220525|123148|8001454|20220525|135107|8002139|1|1250|0|      |20220525|20220525|0603|2022-06-05 07:04:46
322286|0000000917998659              |20220525|150146|010|676|0|30300087|130010008|130752158|1|20220525|145800|8002847|20220525|153054|8001398|1|1250|0|      |20220525|20220525|0603|2022-06-05 07:04:46
322288|0000000712824569              |20220525|155738|008|676|0|30300087|130010008|130752160|1|20220525|142534|8001724|20220525|162933|8001730|1|1250|0|      |20220525|20220525|0603|2022-06-05 07:04:46
322290|0000000918496389              |20220525|165308|002|676|0|30300040|130010013|130759878|1|20220525|150027|8001406|20220525|174126|8001192|1|1250|0|      |20220525|20220525|0603|2022-06-05 07:04:46
322292|0000000630314320              |20220525|185550|003|676|0|30300087|130010015|130759621|1|20220525|173133|8002758|20220525|193026|8007445|1|1250|0|      |20220525|20220525|0603|2022-06-05 07:04:46
322713|0000000788692818              |20220525|185105|027|675|0|30300060|130010014|130753230|4|20220525|134250|8002159|~       |      |~      |1|750|0|      |20220525|~       |0603|2022-06-05 07:04:46
322715|0000000400111708              |20220525|105304|031|675|0|30300055|130010014|130753204|1|20220525|100242|8002343|~       |      |~      |1|1250|0|      |20220525|~       |0603|2022-06-05 07:04:46
322717|0000000699971404              |20220525|072658|023|675|0|30300055|130010014|130753212|4|20220525|064336|8002343|~       |      |~      |1|750|0|      |20220525|~       |0603|2022-06-05 07:04:46
322719|0000000687942395              |20220525|072136|023|676|0|30300037|130010006|130759024|1|20220525|070717|8002343|~       |      |~      |1|1250|0|      |20220525|~       |0603|2022-06-05 07:04:46
322721|0000000784866911              |20220525|084402|024|675|0|30300055|130010014|130753211|1|20220525|074122|8002343|~       |      |~      |1|1250|0|      |20220525|~       |0603|2022-06-05 07:04:46
322723|0000000699672929              |20220525|084720|012|676|0|30300054|130010007|130759353|1|20220525|083600|8002708|~       |      |~      |1|1250|0|      |20220525|~       |0603|2022-06-05 07:04:46
322725|0000000785169554              |20220525|092706|009|675|0|30300055|130010014|130753252|1|20220525|083314|8002343|~       |      |~      |1|1250|0|      |20220525|~       |0603|2022-06-05 07:04:46
322727|0000001110008654              |20220525|154053|012|676|0|30300054|130010007|130759352|4|20220525|152729|8002708|~       |      |~      |1|750|0|      |20220525|~       |0603|2022-06-05 07:04:46
322729|0000000400215541              |20220525|172351|002|676|0|30300037|130010006|130759023|1|20220525|164745|8002343|~       |      |~      |1|1250|0|      |20220525|~       |0603|2022-06-05 07:04:46
322731|0000000698311787              |20220525|203117|016|676|0|30300054|130010007|130759381|1|20220525|201832|8002708|~       |      |~      |1|1250|0|      |20220525|~       |0603|2022-06-05 07:04:46
322733|0000000789569567              |20220525|231059|014|675|0|30300055|130010014|130753206|4|20220525|162458|8002343|~       |      |~      |1|750|0|      |20220525|~       |0603|2022-06-05 07:04:46
322735|0000000400161307              |20220525|184108|022|679|0|30300063|130010001|130759487|8|20220525|181630|8002634|~       |      |~      |1|0|0|      |20220525|~       |0603|2022-06-05 07:04:46
322737|0000000688624327              |20220525|135133|031|679|3|30300063|130010001|130759406|1|20220525|064010|8002634|~       |      |~      |1|0|0|      |20220525|~       |0603|2022-06-05 07:04:46
322739|0000000791583823              |20220525|140425|025|676|0|30300054|130010007|130759363|1|20220525|135215|8002708|~       |      |~      |1|1250|0|      |20220525|~       |0603|2022-06-05 07:04:46
313209|0000000758789994              |20220525|213308|031|676|0|30300039|130010005|130759224|1|20220525|154845|8002920|20220525|213940|8002973|1|1250|0|      |20220525|20220525|0603|2022-06-05 07:04:46
313211|0000000762751880              |20220525|221814|017|676|0|30300038|130010014|130753525|1|20220525|221538|8002920|20220525|222506|8002973|1|1250|0|      |20220525|20220525|0603|2022-06-05 07:04:46
313213|0000000722432770              |20220525|060324|021|676|0|30300072|130010001|130759422|1|20220525|055737|8001589|20220525|061253|8002453|1|1250|0|      |20220525|20220525|0603|2022-06-05 07:04:46
313215|0000000760517041              |20220525|094758|028|676|0|30300072|130010001|130759421|1|20220525|081347|8001589|20220525|095936|8002453|1|1250|0|      |20220525|20220525|0603|2022-06-05 07:04:46
313217|0000000762473091              |20220525|144121|023|676|0|30300041|130010012|130753326|1|20220525|143822|8070030|20220525|145657|8002412|1|1250|0|      |20220525|20220525|0603|2022-06-05 07:04:46
313219|0000000757991993              |20220525|162252|023|676|0|30300072|130010001|130759422|1|20220525|141510|8001589|20220525|163155|8002453|1|1250|0|      |20220525|20220525|0603|2022-06-05 07:04:46
313626|0000000759716456              |20220525|151823|025|676|0|30300037|130010006|130759012|1|20220525|151147|8001877|20220525|152453|8002973|1|1250|0|      |20220525|20220525|0603|2022-06-05 07:04:46
313628|0000000644731278              |20220525|161756|016|676|0|30300037|130010006|130752062|1|20220525|151742|8001877|20220525|162229|8002973|1|1250|0|      |20220525|20220525|0603|2022-06-05 07:04:46
313630|0000000644731369              |20220525|163659|018|676|0|30300037|130010006|130752011|1|20220525|135458|8002658|20220525|164934|8002558|1|1250|0|      |20220525|20220525|0603|2022-06-05 07:04:46
313632|0000000646152772              |20220525|173130|023|676|0|30300037|130010006|130759016|1|20220525|141141|8002658|20220525|174209|8002558|1|1250|0|      |20220525|20220525|0603|2022-06-05 07:04:46
313634|0000000910666593              |20220525|211354|007|676|0|30300037|130010006|130752031|1|20220525|210642|8001877|20220525|211943|8002973|1|1250|0|      |20220525|20220525|0603|2022-06-05 07:04:46
313636|0000000719880917              |20220525|181512|018|676|0|30300038|130010014|130753508|1|20220525|181006|8001877|20220525|182136|8002973|1|1250|0|      |20220525|20220525|0603|2022-06-05 07:04:46
313638|0000000644583588              |20220525|081234|008|676|0|30300037|130010006|130752050|1|20220525|081003|8002920|20220525|083124|8002412|1|1250|0|      |20220525|20220525|0603|2022-06-05 07:04:46
313640|0000000724047359              |20220525|121345|014|676|0|30300037|130010006|130752050|1|20220525|121142|8002920|20220525|122546|8002412|1|1250|0|      |20220525|20220525|0603|2022-06-05 07:04:46
313642|0000000666418314              |20220525|131301|028|676|0|30300037|130010006|130752053|1|20220525|130931|8002920|20220525|132829|8002412|1|1250|0|      |20220525|20220525|0603|2022-06-05 07:04:46
313644|0000000441533306              |20220525|142534|012|676|0|30300037|130010006|130752005|1|20220525|142243|8002920|20220525|144312|8002412|1|1250|0|      |20220525|20220525|0603|2022-06-05 07:04:46
313646|0000000714690404              |20220525|150248|030|676|0|30300037|130010006|130752074|1|20220525|145535|8002920|20220525|151917|8002412|1|1250|0|      |20220525|20220525|0603|2022-06-05 07:04:46
313648|0000000760774973              |20220525|163049|002|676|0|30300037|130010006|130752073|1|20220525|162539|8002920|20220525|164900|8002412|1|1250|0|      |20220525|20220525|0603|2022-06-05 07:04:46
313650|0000000723303322              |20220525|170546|002|676|0|30300037|130010006|130752038|1|20220525|145432|8002920|20220525|172523|8002412|1|1250|0|      |20220525|20220525|0603|2022-06-05 07:04:46
313652|0000000911818073              |20220525|165613|002|676|0|30300037|130010006|130752037|1|20220525|165055|8002920|20220525|171039|8002412|1|1250|0|      |20220525|20220525|0603|2022-06-05 07:04:46
314059|0000000918443969              |20220525|210339|002|675|0|30300067|130010001|130759731|1|20220525|190228|8002379|20220525|212414|8002650|1|1250|0|      |20220525|20220525|0603|2022-06-05 07:04:46
314061|0000000903645976              |20220525|212523|005|675|0|30300091|130010013|130759876|1|20220525|193200|8007273|20220525|213939|8002426|1|1250|0|      |20220525|20220525|0603|2022-06-05 07:04:46
314063|0000000921359960              |20220525|221102|028|675|0|30300079|130010009|130759118|1|20220525|215200|8001992|20220525|222800|8002724|1|1250|0|      |20220525|20220525|0603|2022-06-05 07:04:46
314065|0000000764813384              |20220525|201219|019|675|0|30300056|130010012|130753325|1|20220525|192239|8002583|20220525|203130|8002706|1|1250|0|      |20220525|20220525|0603|2022-06-05 07:04:46
314067|0000000764057824              |20220525|203406|012|676|0|30300088|130010002|130752338|1|20220525|202742|8002352|20220525|205926|8001169|1|1250|0|      |20220525|20220525|0603|2022-06-05 07:04:46
314069|0000000665212514              |20220525|203201|030|676|0|30300040|130010013|130759813|1|20220525|181159|8002954|20220525|204116|8001056|1|1250|0|      |20220525|20220525|0603|2022-06-05 07:04:46
314071|0000000725620713              |20220525|202350|021|675|0|30300094|130010014|130753607|1|20220525|195301|8002954|20220525|203128|8001651|1|1250|0|      |20220525|20220525|0603|2022-06-05 07:04:46
314073|0000000674367590              |20220525|200307|015|676|0|30300054|130010007|130759375|1|20220525|193543|8002160|20220525|203950|8001793|1|1250|0|      |20220525|20220525|0603|2022-06-05 07:04:46
314075|0000000745518547              |20220525|221816|018|676|0|30300087|130010015|130759611|1|20220525|212152|8001587|20220525|223453|8001198|1|1250|0|      |20220525|20220525|0603|2022-06-05 07:04:46
314077|0000000709335250              |20220525|080521|002|675|0|30300055|130010014|130753211|1|20220525|074122|8001667|20220525|081822|8002733|1|1250|0|      |20220525|20220525|0603|2022-06-05 07:04:46
314079|0000000743582286              |20220525|140130|003|675|0|30300079|130010009|130759118|1|20220525|134005|8001668|20220525|140624|8002723|1|1250|0|      |20220525|20220525|0603|2022-06-05 07:04:46
314081|0000000918314567              |20220525|181731|016|676|0|30300041|130010012|130753377|1|20220525|141052|8002636|20220525|182836|8002969|1|1250|0|      |20220525|20220525|0603|2022-06-05 07:04:46
314083|0000000638370164              |20220525|090710|025|675|0|30300046|130010002|130752352|1|20220525|084958|8001373|20220525|093504|8070027|1|1250|0|      |20220525|20220525|0603|2022-06-05 07:04:46
314490|0000000771769788              |20220525|182058|002|675|0|30300103|130010013|130759826|1|20220525|163248|8070031|20220525|183843|8002048|1|1250|0|      |20220525|20220525|0603|2022-06-05 07:04:46
314492|0000000631522859              |20220525|165642|014|675|0|30300081|130010011|130759533|1|20220525|151727|8001589|20220525|170713|8002453|1|1250|0|      |20220525|20220525|0603|2022-06-05 07:04:46
314494|0000000770740337              |20220525|174417|021|675|0|30300101|130010002|130752309|1|20220525|172530|8001081|20220525|180438|8002831|1|1250|0|      |20220525|20220525|0603|2022-06-05 07:04:46
314496|0000000675387184              |20220525|095243|006|675|0|30300059|130010004|130752217|1|20220525|084920|8001078|20220525|101922|8001539|1|1250|0|      |20220525|20220525|0603|2022-06-05 07:04:46
304310|0000000741165193              |20220525|203424|008|675|0|30300056|130010012|130753315|1|20220525|181332|8001060|~       |      |~      |1|1250|0|      |20220525|~       |0603|2022-06-05 07:04:46
304312|0000000644914985              |20220525|174021|002|676|1|30300043|130010015|130759616|1|20220525|164323|8002888|~       |      |~      |1|0|0|      |20220525|~       |0603|2022-06-05 07:04:46
304314|0000000723102138              |20220525|222959|002|675|0|30300057|130010001|130759758|1|20220525|193849|8002888|~       |      |~      |1|1250|0|      |20220525|~       |0603|2022-06-05 07:04:46
304316|0000000725813004              |20220525|171135|002|675|0|30300055|130010014|130753205|1|20220525|160637|8002888|~       |      |~      |1|1250|0|      |20220525|~       |0603|2022-06-05 07:04:46
304318|0000000748996355              |20220525|175945|007|675|1|30300055|130010014|130753209|1|20220525|130602|8002888|~       |      |~      |1|0|0|      |20220525|~       |0603|2022-06-05 07:04:46
304320|0000000611751390              |20220525|182336|001|675|0|30300055|130010014|130753211|1|20220525|171236|8002888|~       |      |~      |1|1250|0|      |20220525|~       |0603|2022-06-05 07:04:46
304322|0000000739567839              |20220525|194122|031|675|0|30300055|130010014|130753249|1|20220525|183656|8002888|~       |      |~      |1|1250|0|      |20220525|~       |0603|2022-06-05 07:04:46
304324|0000000770615283              |20220525|155330|017|675|1|30300055|130010014|130753260|1|20220525|144631|8002888|~       |      |~      |1|0|0|      |20220525|~       |0603|2022-06-05 07:04:46
304326|0000000741277358              |20220525|174858|019|675|1|30300055|130010014|130753263|1|20220525|164733|8002888|~       |      |~      |1|0|0|      |20220525|~       |0603|2022-06-05 07:04:46
304328|0000000918023228              |20220525|110901|029|676|2|30300043|130010015|130759677|1|20220525|102607|8002888|~       |      |~      |1|0|0|      |20220525|~       |0603|2022-06-05 07:04:46
304330|0000000710783920              |20220525|200944|013|676|0|30300043|130010015|130759615|1|20220525|192352|8002888|~       |      |~      |1|1250|0|      |20220525|~       |0603|2022-06-05 07:04:46
304332|0000000906659589              |20220525|070705|024|676|0|30300072|130010001|130759431|1|20220525|065941|8001060|~       |      |~      |1|1250|0|      |20220525|~       |0603|2022-06-05 07:04:46
304334|0000000747744867              |20220525|075703|024|675|0|30300049|130010004|130752286|1|20220525|070603|8001060|~       |      |~      |1|1250|0|      |20220525|~       |0603|2022-06-05 07:04:46
304336|0000000770020231              |20220525|103718|008|675|0|30300081|130010011|130759570|1|20220525|060543|8001060|~       |      |~      |1|1250|0|      |20220525|~       |0603|2022-06-05 07:04:46
304338|0000000726027138              |20220525|181732|026|675|1|30300079|130010009|130759173|1|20220525|134326|8002888|~       |      |~      |1|0|0|      |20220525|~       |0603|2022-06-05 07:04:46
304759|0000000400166349              |20220525|130117|003|683|1|30300015|130010004|130752607|1|20220525|130007|8001714|20220525|131814|8001845|1|0|0|      |20220525|20220525|0603|2022-06-05 07:04:46
304761|0000000694383015              |20220525|082234|001|675|2|30300092|130010013|130759824|1|20220525|073049|8002131|20220525|082800|8002427|1|0|0|      |20220525|20220525|0603|2022-06-05 07:04:46
304763|0000000788493643              |20220525|175613|004|675|2|30300080|130010009|130759154|2|20220525|134711|8001097|20220525|184144|8001560|1|0|0|      |20220525|20220525|0603|2022-06-05 07:04:46
304765|0000000788021054              |20220525|161500|014|677|0|30300035|130010009|130759119|1|20220525|150854|8002134|20220525|165925|8007550|1|1250|550|      |20220525|20220525|0603|2022-06-05 07:04:46
304767|0000000691461443              |20220525|084415|026|680|0|30300010|130010002|130752557|1|20220525|074824|8001450|20220525|090743|8002118|1|1250|0|      |20220525|20220525|0603|2022-06-05 07:04:46
304769|0000000788649623              |20220525|151338|010|680|0|30300010|130010002|130752560|1|20220525|150348|8003035|20220525|153620|8001489|1|1250|0|      |20220525|20220525|0603|2022-06-05 07:04:46
304771|0000000400115995              |20220525|162839|015|680|0|30300011|130010002|130752559|1|20220525|152132|8003035|20220525|164857|8001489|1|1250|0|      |20220525|20220525|0603|2022-06-05 07:04:46
304773|0000000788714840              |20220525|062022|028|675|0|30300084|130010001|130759440|1|20220525|060652|8001364|20220525|062140|8002254|1|1250|0|      |20220525|20220525|0603|2022-06-05 07:04:46
304775|0000000699179664              |20220525|072946|020|675|0|30300084|130010001|130759439|4|20220525|050954|8001253|20220525|074726|8002697|1|750|0|      |20220525|20220525|0603|2022-06-05 07:04:46
304777|0000000788024882              |20220525|094408|028|675|0|30300084|130010001|130759760|1|20220525|091934|8001612|20220525|100110|8001408|1|1250|0|      |20220525|20220525|0603|2022-06-05 07:04:46
304779|0000000693037541              |20220525|184301|028|675|0|30300084|130010001|130759439|1|20220525|183350|8005876|20220525|194656|8002912|1|1250|0|      |20220525|20220525|0603|2022-06-05 07:04:46
304781|0000000695871160              |20220525|092621|023|680|0|30300010|130010002|130752500|1|20220525|083045|8001767|20220525|095041|8001009|1|1250|0|      |20220525|20220525|0603|2022-06-05 07:04:46
304783|0000001110040970              |20220525|101355|010|683|0|30300015|130010004|130752607|1|20220525|100029|8002563|20220525|103214|8001852|1|1250|0|      |20220525|20220525|0603|2022-06-05 07:04:46
305877|0000000743301703              |20220525|181435|003|832|0|30300128|130710001|130759919|1|20220525|063501|8007290|20220525|183642|8007274|1|1700|0|      |20220525|20220525|0603|2022-06-05 07:04:46
305879|0000000903179834              |20220525|062038|006|832|0|30300128|130710001|130759925|1|20220525|054149|8007291|20220525|063933|3056003|1|1700|0|      |20220525|20220525|0603|2022-06-05 07:04:46
305881|0000000733490769              |20220525|205751|017|676|0|30300070|130010004|130752226|1|20220525|202122|8001874|20220525|211559|8001051|2|2500|0|      |20220525|20220525|0603|2022-06-05 07:04:46
305883|0000000741565166              |20220525|174407|025|832|0|30300128|130710001|130759916|1|20220525|062657|8007290|20220525|180800|8007272|1|1700|0|      |20220525|20220525|0603|2022-06-05 07:04:46
305885|0000000676523330              |20220525|064441|015|832|0|30300128|130710001|130759912|1|20220525|051625|8007290|20220525|070053|8007272|1|1700|0|      |20220525|20220525|0603|2022-06-05 07:04:46
305887|0000000767281166              |20220525|122711|006|832|1|30300128|130710001|130759917|1|20220525|054948|8007295|20220525|124514|3014014|1|300|0|      |20220525|20220525|0603|2022-06-05 07:04:46
305889|0000000672787859              |20220525|192329|013|832|1|30300128|130710001|130759913|1|20220525|053348|3062006|20220525|192954|3014014|1|300|0|      |20220525|20220525|0603|2022-06-05 07:04:46
305891|0000000661706039              |20220525|085353|017|832|0|30300128|130710001|130759911|1|20220525|053102|3056002|20220525|085659|3062007|1|1700|0|      |20220525|20220525|0603|2022-06-05 07:04:46
305893|0000000910081044              |20220525|202410|002|832|0|30300128|130710001|130759911|1|20220525|053102|8007290|20220525|204022|8007272|1|1700|0|      |20220525|20220525|0603|2022-06-05 07:04:46
323664|0000000704206902              |20220525|134429|003|676|0|30300038|130010014|130753201|1|20220525|120323|8001775|20220525|140050|8002921|1|1250|0|      |20220525|20220525|0603|2022-06-05 07:04:46
323666|0000000650000451              |20220525|150200|025|676|0|30300071|130010009|130759176|1|20220525|144106|8002879|20220525|151059|8001922|1|1250|0|      |20220525|20220525|0603|2022-06-05 07:04:46
323668|0000000910700015              |20220525|173919|002|676|0|30300039|130010005|130759224|1|20220525|154845|8002398|20220525|181053|8002921|1|1250|0|      |20220525|20220525|0603|2022-06-05 07:04:46
323670|0000000723646482              |20220525|184203|013|676|0|30300039|130010005|130759224|1|20220525|154845|8001877|20220525|191517|8001922|1|1250|0|      |20220525|20220525|0603|2022-06-05 07:04:46
323672|0000000719531086              |20220525|141206|012|676|0|30300041|130010012|130753304|1|20220525|141138|8001641|20220525|142403|8002412|1|1250|0|      |20220525|20220525|0603|2022-06-05 07:04:46
324079|0000000770869222              |20220525|181227|025|676|0|30300087|130010015|130759633|1|20220525|180600|8002550|20220525|181952|8001491|1|1250|0|      |20220525|20220525|0603|2022-06-05 07:04:46
324081|0000000622746809              |20220525|112615|021|676|0|30300072|130010001|130759711|1|20220525|110602|8002559|20220525|113406|8001890|1|1250|0|      |20220525|20220525|0603|2022-06-05 07:04:46
324083|0000000729463448              |20220525|180615|010|676|0|30300037|130010006|130752002|1|20220525|164918|8002984|20220525|180745|8002377|1|1250|0|      |20220525|20220525|0603|2022-06-05 07:04:46
324085|0000000638950416              |20220525|191458|018|676|0|30300037|130010006|130752045|1|20220525|184615|8002984|20220525|191604|8002377|1|1250|0|      |20220525|20220525|0603|2022-06-05 07:04:46
324087|0000000725546499              |20220525|140542|023|676|0|30300054|130010007|130759363|1|20220525|135215|8002977|20220525|141922|8007011|1|1250|0|      |20220525|20220525|0603|2022-06-05 07:04:46
324089|0000000743468368              |20220525|172947|009|676|0|30300054|130010007|130759363|1|20220525|170858|8002977|20220525|175008|8007011|1|1250|0|      |20220525|20220525|0603|2022-06-05 07:04:46
324091|0000000903147571              |20220525|140359|014|676|0|30300070|130010004|130752241|1|20220525|134319|8002296|20220525|143416|8001939|1|1250|0|      |20220525|20220525|0603|2022-06-05 07:04:46
324093|0000000904844150              |20220525|165309|030|676|0|30300089|130010011|130759513|1|20220525|130925|8007101|20220525|171601|8002468|1|1250|0|      |20220525|20220525|0603|2022-06-05 07:04:46
324095|0000000904131920              |20220525|184558|010|676|0|30300089|130010011|130759527|1|20220525|125810|8007101|20220525|190538|8002468|1|1250|0|      |20220525|20220525|0603|2022-06-05 07:04:46
324097|0000000918434267              |20220525|172906|004|676|0|30300068|130010006|130752009|1|20220525|162529|8001624|20220525|173841|8002778|1|1250|0|      |20220525|20220525|0603|2022-06-05 07:04:46
324099|0000000728661412              |20220525|084612|021|676|0|30300051|130010008|130752100|1|20220525|080840|8002544|20220525|085040|8001714|1|1250|0|      |20220525|20220525|0603|2022-06-05 07:04:46
324101|0000000778080516              |20220525|112524|010|676|0|30300087|130010008|130752157|1|20220525|100922|8001276|20220525|112824|8001494|1|1250|0|      |20220525|20220525|0603|2022-06-05 07:04:46
324103|0000000731135928              |20220525|084958|029|676|0|30300041|130010012|130753318|1|20220525|075800|8001743|20220525|090715|8002899|1|1250|0|      |20220525|20220525|0603|2022-06-05 07:04:46
324510|0000000903832304              |20220525|204324|005|675|0|30300046|130010002|130752342|1|20220525|200458|8002721|20220525|205421|8001644|1|1250|0|      |20220525|20220525|0603|2022-06-05 07:04:46
324512|0000000766985275              |20220525|090355|006|683|0|30300016|130010004|130752601|1|20220525|085752|8001955|20220525|091126|8001828|1|1250|0|      |20220525|20220525|0603|2022-06-05 07:04:46
324514|0000000628724845              |20220525|135417|024|674|0|30300100|130010002|130752508|1|20220525|133643|8001081|20220525|140637|8002434|1|1250|0|      |20220525|20220525|0603|2022-06-05 07:04:46
324516|0000000748723327              |20220525|153340|018|675|0|30300081|130010011|130759508|1|20220525|134905|8002453|20220525|153722|8001378|1|1250|0|      |20220525|20220525|0603|2022-06-05 07:04:46
324518|0000000900467871              |20220525|150447|008|675|0|30300059|130010004|130752271|1|20220525|135848|8006006|20220525|152707|8001930|1|1250|0|      |20220525|20220525|0603|2022-06-05 07:04:46
324520|0000000661536586              |20220525|161546|025|674|0|30300002|130010007|130759325|1|20220525|155636|8001418|20220525|165700|8002132|1|1250|0|      |20220525|20220525|0603|2022-06-05 07:04:46
324522|0000000628163973              |20220525|184846|007|675|0|30300062|130010008|130752162|1|20220525|180127|8001587|20220525|185915|8002795|1|1250|0|      |20220525|20220525|0603|2022-06-05 07:04:46
324524|0000000718404098              |20220525|222332|029|675|0|30300053|130010002|130752394|1|20220525|221008|8001587|20220525|223247|8002965|1|1250|0|      |20220525|20220525|0603|2022-06-05 07:04:46
324526|0000000742623502              |20220525|224011|016|675|0|30300059|130010004|130752271|1|20220525|135848|8006006|20220525|225433|8001928|1|1250|0|      |20220525|20220525|0603|2022-06-05 07:04:46
324528|0000000773429843              |20220525|171756|008|675|0|30300046|130010002|130752353|1|20220525|165904|8001117|20220525|174558|8002412|1|1250|0|      |20220525|20220525|0603|2022-06-05 07:04:46
324530|0000000741268999              |20220525|101806|019|675|0|30300053|130010002|130752384|1|20220525|084321|8001238|20220525|103616|8001028|1|1250|0|      |20220525|20220525|0603|2022-06-05 07:04:46
324532|0000000918008893              |20220525|111846|002|679|0|30300063|130010001|130759486|1|20220525|090319|8001791|20220525|113613|8001097|1|1250|0|      |20220525|20220525|0603|2022-06-05 07:04:46
324534|0000000776352663              |20220525|152246|005|679|0|30300063|130010001|130759740|1|20220525|144409|8001358|20220525|155257|8001097|1|1250|0|      |20220525|20220525|0603|2022-06-05 07:04:46
324536|0000000906368196              |20220525|134319|007|675|0|30300058|130010004|130752200|1|20220525|131257|8001419|20220525|134415|8001528|1|1250|0|      |20220525|20220525|0603|2022-06-05 07:04:46
326509|0000000638245081              |20220525|224153|015|676|0|30300043|130010015|130759632|1|20220525|215803|8001628|20220525|225515|8002378|1|1250|0|      |20220525|20220525|0603|2022-06-05 07:04:46
326511|0000000735631114              |20220525|065716|027|674|0|30300100|130010002|130752345|1|20220525|064435|8001029|20220525|072835|8002114|1|1250|0|      |20220525|20220525|0603|2022-06-05 07:04:46
326513|0000000645944185              |20220525|162135|002|674|0|30300100|130010002|130752393|1|20220525|160416|8001029|20220525|164930|8002114|1|1250|0|      |20220525|20220525|0603|2022-06-05 07:04:46
326515|0000000723692211              |20220525|075954|018|675|0|30300047|130010001|130759723|1|20220525|074923|8001852|20220525|082947|8003102|1|1250|0|      |20220525|20220525|0603|2022-06-05 07:04:46
326517|0000000742372279              |20220525|081540|008|675|0|30300047|130010001|130759415|1|20220525|080358|8001852|20220525|084445|8003102|1|1250|0|      |20220525|20220525|0603|2022-06-05 07:04:46
315414|0000000777075909              |20220525|074439|020|676|0|30300070|130010004|130752605|1|20220525|071521|8002307|20220525|084243|8001932|1|1250|0|      |20220525|20220525|0603|2022-06-05 07:04:46
315416|0000000745314539              |20220525|080728|006|676|0|30300086|130010013|130759829|1|20220525|074123|8001423|20220525|083045|8002464|1|1250|0|      |20220525|20220525|0603|2022-06-05 07:04:46
315418|0000000623458365              |20220525|084252|024|676|0|30300043|130010015|130759619|1|20220525|062225|8001251|20220525|084509|8002717|1|1250|0|      |20220525|20220525|0603|2022-06-05 07:04:46
315420|0000000742473895              |20220525|080816|007|676|0|30300068|130010006|130752030|1|20220525|052518|8007156|20220525|083451|8002779|1|1250|0|      |20220525|20220525|0603|2022-06-05 07:04:46
315422|0000000614637340              |20220525|081338|019|676|0|30300068|130010006|130752059|1|20220525|074757|8001359|20220525|084440|8003102|1|1250|0|      |20220525|20220525|0603|2022-06-05 07:04:46
315424|0000000725776994              |20220525|075545|023|676|0|30300093|130010004|130752219|1|20220525|075248|8007003|20220525|085645|8001658|1|1250|0|      |20220525|20220525|0603|2022-06-05 07:04:46
315426|0000000774515675              |20220525|083857|021|676|0|30300071|130010009|130759107|1|20220525|075127|8002279|20220525|085759|8001431|1|1250|0|      |20220525|20220525|0603|2022-06-05 07:04:46
315428|0000000726087880              |20220525|084917|010|676|0|30300043|130010015|130759677|1|20220525|083022|8002456|20220525|091350|8001991|1|1250|0|      |20220525|20220525|0603|2022-06-05 07:04:46
315430|0000000676232697              |20220525|084705|026|676|0|30300070|130010004|130752606|1|20220525|054032|8005917|20220525|091052|8003101|1|1250|0|      |20220525|20220525|0603|2022-06-05 07:04:46
315432|0000000671867665              |20220525|111511|017|676|0|30300043|130010015|130759604|1|20220525|105101|8005918|20220525|114349|8001789|1|1250|0|      |20220525|20220525|0603|2022-06-05 07:04:46
315434|0000000900485597              |20220525|113535|027|676|0|30300043|130010015|130759607|1|20220525|113432|8005587|20220525|124037|8001357|1|1250|0|      |20220525|20220525|0603|2022-06-05 07:04:46
315841|0000000785425846              |20220525|105826|011|675|0|30300048|130010006|130752069|1|20220525|094525|8002409|20220525|111414|8002453|1|1250|0|      |20220525|20220525|0603|2022-06-05 07:04:46
315843|0000000694290171              |20220525|184954|006|676|0|30300087|130010008|130752155|1|20220525|175427|8001831|20220525|191131|8001587|1|1250|0|      |20220525|20220525|0603|2022-06-05 07:04:46
315845|0000000400099809              |20220525|151644|001|675|0|30300055|130010014|130753250|1|20220525|135737|8001663|20220525|151904|8002926|2|2500|0|      |20220525|20220525|0603|2022-06-05 07:04:46
315847|0000000788370003              |20220525|150448|023|675|0|30300055|130010014|130753260|1|20220525|144631|8001203|20220525|152059|8001403|1|1250|0|      |20220525|20220525|0603|2022-06-05 07:04:46
315849|0000000695731871              |20220525|132452|029|676|0|30300071|130010009|130759174|1|20220525|124400|8002691|20220525|135305|8001409|1|1250|0|      |20220525|20220525|0603|2022-06-05 07:04:46
315851|0000000683535924              |20220525|080610|005|675|0|30300145|130010014|130753527|1|20220525|073537|8002955|20220525|082057|8002395|1|1250|0|      |20220525|20220525|0603|2022-06-05 07:04:46
315853|0000000794534011              |20220525|135124|028|676|1|30300036|130010012|130753311|1|20220525|063316|8002230|20220525|140636|8001056|1|0|0|      |20220525|20220525|0603|2022-06-05 07:04:46
315855|0000000780382607              |20220525|080519|031|675|1|30300058|130010004|130752266|1|20220525|062118|8002630|20220525|081431|8001929|1|0|0|      |20220525|20220525|0603|2022-06-05 07:04:46
315857|0000000400211215              |20220525|082715|024|675|1|30300062|130010008|130752703|1|20220525|053655|8001653|20220525|083530|8002794|1|0|0|      |20220525|20220525|0603|2022-06-05 07:04:46
315859|0000000400164859              |20220525|130324|019|675|0|30300066|130010015|130759620|1|20220525|124340|8001934|20220525|131203|8001376|1|1250|0|      |20220525|20220525|0603|2022-06-05 07:04:46
315861|0000000186916794              |20220525|093902|019|681|0|30300042|130010009|130759125|1|20220525|090959|8001054|20220525|094634|8002758|1|1250|0|      |20220525|20220525|0603|2022-06-05 07:04:46
315863|0000000487547313              |20220525|144211|029|676|0|30300036|130010011|130759520|1|20220525|135746|8001054|20220525|145140|8002758|1|1250|0|      |20220525|20220525|0603|2022-06-05 07:04:46
315865|0000000693437125              |20220525|165455|005|676|0|30300036|130010011|130759537|1|20220525|140140|8001054|20220525|170240|8002758|1|1250|0|      |20220525|20220525|0603|2022-06-05 07:04:46
316272|0000000761690232              |20220525|175735|027|676|0|30300068|130010006|130752015|1|20220525|175412|8002101|20220525|180337|8001096|1|1250|0|      |20220525|20220525|0603|2022-06-05 07:04:46
316274|0000000761755832              |20220525|075733|008|676|0|30300089|130010011|130759518|1|20220525|054259|8002702|20220525|081522|8001420|1|1250|0|      |20220525|20220525|0603|2022-06-05 07:04:46
316276|0000000757056241              |20220525|082453|014|676|0|30300037|130010006|130752005|1|20220525|075535|8002312|20220525|084703|8002558|1|1250|0|      |20220525|20220525|0603|2022-06-05 07:04:46
316278|0000000647740621              |20220525|145638|021|676|0|30300073|130010009|130759122|1|20220525|144302|8002109|20220525|151122|8001922|1|1250|0|      |20220525|20220525|0603|2022-06-05 07:04:46
316280|0000000760836079              |20220525|165746|014|676|0|30300130|130010008|130752140|1|20220525|163435|8002486|20220525|170205|8001348|1|1250|0|      |20220525|20220525|0603|2022-06-05 07:04:46
316282|0000000760014468              |20220525|175325|027|676|0|30300037|130010006|130759024|1|20220525|164056|8001037|20220525|180137|8001348|1|1250|0|      |20220525|20220525|0603|2022-06-05 07:04:46
316284|0000000756498405              |20220525|183151|004|676|0|30300089|130010011|130759513|1|20220525|130925|8002969|20220525|191612|8001555|1|1250|0|      |20220525|20220525|0603|2022-06-05 07:04:46
316286|0000000759040969              |20220525|060110|002|676|0|30300051|130010008|130752107|1|20220525|055021|8001157|20220525|060721|8001369|1|1250|0|      |20220525|20220525|0603|2022-06-05 07:04:46
316288|0000000722417156              |20220525|083138|012|676|0|30300051|130010008|130752161|1|20220525|075155|8002547|20220525|083334|8002544|1|1250|0|      |20220525|20220525|0603|2022-06-05 07:04:46
316290|0000000606599873              |20220525|115004|002|676|0|30300051|130010008|130752114|1|20220525|111725|8002433|20220525|122233|8001155|1|1250|0|      |20220525|20220525|0603|2022-06-05 07:04:46
316292|0000000701703474              |20220525|160552|006|676|0|30300051|130010008|130752102|1|20220525|151838|8001940|20220525|162305|8001418|1|1250|0|      |20220525|20220525|0603|2022-06-05 07:04:46
316294|0000000665652614              |20220525|182804|002|676|0|30300051|130010008|130752128|1|20220525|160930|8001028|20220525|184658|8001155|1|1250|0|      |20220525|20220525|0603|2022-06-05 07:04:46
316296|0000000655665179              |20220525|225516|011|676|0|30300051|130010008|130752147|1|20220525|220546|8001290|20220525|225813|8001217|1|1250|0|      |20220525|20220525|0603|2022-06-05 07:04:46
306811|0000000651595091              |20220525|125400|023|676|0|30300040|130010013|130759815|1|20220525|110504|8001085|20220525|125830|8007275|1|1250|0|      |20220525|20220525|0603|2022-06-05 07:04:46
306813|0000000735749083              |20220525|152349|023|676|0|30300040|130010013|130759871|1|20220525|132803|8001085|20220525|152822|8007275|1|1250|0|      |20220525|20220525|0603|2022-06-05 07:04:46
306815|0000000661579357              |20220525|183021|013|676|0|30300040|130010007|130759359|1|20220525|175809|8001085|20220525|183438|8007275|1|1250|0|      |20220525|20220525|0603|2022-06-05 07:04:46
306817|0000000772345862              |20220525|212725|028|676|0|30300040|130010007|130759389|1|20220525|210727|8001085|20220525|213224|8007275|1|1250|0|      |20220525|20220525|0603|2022-06-05 07:04:46
306819|0000000622415118              |20220525|101602|014|676|0|30300093|130010004|130752250|1|20220525|053553|8002537|20220525|102747|8001555|1|1250|0|      |20220525|20220525|0603|2022-06-05 07:04:46
306821|0000000769357328              |20220525|121602|018|676|0|30300089|130010011|130759574|1|20220525|092115|8002537|20220525|122811|8001555|1|1250|0|      |20220525|20220525|0603|2022-06-05 07:04:46
307228|0000000777845278              |20220525|222327|014|676|0|30300088|130010002|130752364|1|20220525|221953|8002134|20220525|224329|8001556|1|1250|0|      |20220525|20220525|0603|2022-06-05 07:04:46
307230|0000000656645937              |20220525|071456|009|676|0|30300054|130010007|130759374|1|20220525|070130|8001585|20220525|074036|8001078|1|1250|0|      |20220525|20220525|0603|2022-06-05 07:04:46
307232|0000000752385465              |20220525|164734|020|676|0|30300054|130010007|130759341|1|20220525|163537|8001585|20220525|171748|8001078|1|1250|0|      |20220525|20220525|0603|2022-06-05 07:04:46
307234|0000000773023126              |20220525|171459|030|676|0|30300054|130010007|130759345|1|20220525|170159|8001585|20220525|174613|8001078|1|1250|0|      |20220525|20220525|0603|2022-06-05 07:04:46
307236|0000000778265203              |20220525|175736|022|676|0|30300054|130010007|130759353|1|20220525|174101|8001585|20220525|183926|8001078|1|1250|0|      |20220525|20220525|0603|2022-06-05 07:04:46
307238|0000000769492130              |20220525|183456|030|676|0|30300054|130010007|130759358|1|20220525|182224|8001585|20220525|190756|8001078|1|1250|0|      |20220525|20220525|0603|2022-06-05 07:04:46
307240|0000000772555145              |20220525|184302|009|676|0|30300054|130010007|130759379|1|20220525|183004|8001585|20220525|191444|8001078|1|1250|0|      |20220525|20220525|0603|2022-06-05 07:04:46
307242|0000000737246790              |20220525|194508|010|676|0|30300054|130010007|130759377|1|20220525|193148|8001585|20220525|201222|8001078|1|1250|0|      |20220525|20220525|0603|2022-06-05 07:04:46
307244|0000000776764899              |20220525|214239|001|676|0|30300054|130010007|130759353|1|20220525|212631|8001585|20220525|221342|8001078|1|1250|0|      |20220525|20220525|0603|2022-06-05 07:04:46
307246|0000000772480103              |20220525|220721|014|676|0|30300054|130010007|130759378|1|20220525|215530|8001585|20220525|222852|8001078|1|1250|0|      |20220525|20220525|0603|2022-06-05 07:04:46
307248|0000000740871797              |20220525|125622|005|676|0|30300037|130010006|130752062|1|20220525|122121|8005517|20220525|130315|8001005|1|1250|0|      |20220525|20220525|0603|2022-06-05 07:04:46
307250|0000000725517624              |20220525|071103|024|676|0|30300037|130010006|130752011|1|20220525|060255|8005517|20220525|072116|8001005|1|1250|0|      |20220525|20220525|0603|2022-06-05 07:04:46
307252|0000000741299578              |20220525|124532|001|676|0|30300037|130010006|130759021|1|20220525|121810|8005517|20220525|125144|8001005|1|1250|0|      |20220525|20220525|0603|2022-06-05 07:04:46
307659|0000000725569699              |20220525|125557|001|676|0|30300041|130010012|130753370|1|20220525|121554|8002851|20220525|125754|8002088|1|1250|0|      |20220525|20220525|0603|2022-06-05 07:04:46
307661|0000000900077726              |20220525|204006|004|676|0|30300039|130010005|130759267|1|20220525|200951|8001182|20220525|204727|8001193|1|1250|0|      |20220525|20220525|0603|2022-06-05 07:04:46
307663|0000000674673061              |20220525|172251|023|676|0|30300093|130010004|130752273|1|20220525|161438|8001097|20220525|173136|8001228|1|1250|0|      |20220525|20220525|0603|2022-06-05 07:04:46
307665|0000000776530049              |20220525|083647|029|676|0|30300037|130010006|130752031|1|20220525|063146|8002075|20220525|085206|8001296|1|1250|0|      |20220525|20220525|0603|2022-06-05 07:04:46
307667|0000000764459132              |20220525|092429|006|676|0|30300037|130010006|130759011|1|20220525|082915|8002075|20220525|094013|8001296|1|1250|0|      |20220525|20220525|0603|2022-06-05 07:04:46
307669|0000000779817664              |20220525|094440|001|675|0|30300060|130010014|130753507|1|20220525|072049|8002793|20220525|101140|8002338|1|1250|0|      |20220525|20220525|0603|2022-06-05 07:04:46
307671|0000000722845511              |20220525|115821|006|680|0|30300052|130010006|130752056|1|20220525|104527|8001940|20220525|120754|8002629|1|1250|0|      |20220525|20220525|0603|2022-06-05 07:04:46
307673|0000000756479931              |20220525|122420|001|675|0|30300076|130010014|130753271|1|20220525|122106|9007074|20220525|122918|8001959|1|1250|0|      |20220525|20220525|0603|2022-06-05 07:04:46
307675|0000000774341054              |20220525|151643|015|675|0|30300079|130010009|130759148|1|20220525|141947|8002631|20220525|154024|8001483|1|1250|0|      |20220525|20220525|0603|2022-06-05 07:04:46
307677|0000000628961639              |20220525|155937|030|675|0|30300061|130010015|130759643|1|20220525|145426|8002040|20220525|160543|8003054|1|1250|0|      |20220525|20220525|0603|2022-06-05 07:04:46
307679|0000000742054765              |20220525|162256|026|675|0|30300079|130010009|130759111|1|20220525|150544|8002119|20220525|163013|8007445|1|1250|0|      |20220525|20220525|0603|2022-06-05 07:04:46
307681|0000000667483032              |20220525|165808|031|675|0|30300060|130010014|130753244|1|20220525|134825|8001237|20220525|172440|8001005|1|1250|0|      |20220525|20220525|0603|2022-06-05 07:04:46
307683|0000000746140476              |20220525|172226|017|675|0|30300079|130010009|130759111|1|20220525|150544|8002627|20220525|174436|8001744|1|1250|0|      |20220525|20220525|0603|2022-06-05 07:04:46
307685|0000000903707743              |20220525|181439|009|675|0|30300048|130010006|130752068|1|20220525|180004|8002468|20220525|181907|8002452|1|1250|0|      |20220525|20220525|0603|2022-06-05 07:04:46
308092|0000000631193935              |20220525|191829|016|675|0|30300047|130010001|130759433|1|20220525|184634|8070012|20220525|192134|8007177|1|1250|0|      |20220525|20220525|0603|2022-06-05 07:04:46
308094|0000000743743224              |20220525|213959|027|675|0|30300055|130010014|130753225|1|20220525|205356|8001529|20220525|214439|8002888|1|1250|0|      |20220525|20220525|0603|2022-06-05 07:04:46
308096|0000000718490329              |20220525|060029|026|674|0|30300100|130010002|130752365|1|20220525|054459|8001029|20220525|060900|8001714|1|1250|0|      |20220525|20220525|0603|2022-06-05 07:04:46
308098|0000000734434578              |20220525|201524|016|680|0|30300052|130010002|130752337|1|20220525|192757|8001029|20220525|203413|8002733|1|1250|0|      |20220525|20220525|0603|2022-06-05 07:04:46
327922|0000000786548045              |20220525|143741|008|675|0|30300055|130010014|130753250|1|20220525|135737|8001444|20220525|145001|8001412|1|1250|0|      |20220525|20220525|0603|2022-06-05 07:04:46
327924|0000000784009036              |20220525|180854|008|675|0|30300055|130010014|130753227|1|20220525|172758|8001444|20220525|182446|8001412|1|1250|0|      |20220525|20220525|0603|2022-06-05 07:04:46
327926|0000000400194851              |20220525|142510|005|676|0|30300038|130010014|130753203|1|20220525|125407|8002974|20220525|142702|8002922|1|1250|0|      |20220525|20220525|0603|2022-06-05 07:04:46
327928|0000000400183988              |20220525|175853|025|676|0|30300051|130010008|130752115|1|20220525|165410|8002995|20220525|180800|8003022|1|1250|0|      |20220525|20220525|0603|2022-06-05 07:04:46
327930|0000000400178990              |20220525|163855|022|676|0|30300069|130010001|130759437|1|20220525|162501|8001058|20220525|165131|8002220|1|1250|0|      |20220525|20220525|0603|2022-06-05 07:04:46
327932|0000000694244421              |20220525|150626|006|676|0|30300069|130010001|130759428|1|20220525|145509|8001058|20220525|151905|8002220|1|1250|0|      |20220525|20220525|0603|2022-06-05 07:04:46
327934|0000000693856074              |20220525|164834|017|675|0|30300055|130010014|130753218|1|20220525|161322|8002893|20220525|170056|8002488|1|1250|0|      |20220525|20220525|0603|2022-06-05 07:04:46
327936|0000000488870035              |20220525|183559|012|675|0|30300049|130010004|130752206|1|20220525|173214|8001735|20220525|184723|8001948|1|1250|0|      |20220525|20220525|0603|2022-06-05 07:04:46
327938|0000001110627523              |20220525|085405|004|675|2|30300046|130010002|130752357|1|20220525|075646|8002412|20220525|090610|8001282|1|0|0|      |20220525|20220525|0603|2022-06-05 07:04:46
330262|0000001110522485              |20220525|071349|009|674|0|30300002|130010007|130759336|1|20220525|070305|8001178|20220525|072907|8001632|1|1250|0|      |20220525|20220525|0603|2022-06-05 07:04:46
330264|0000000695416655              |20220525|100037|025|674|0|30300104|130010002|130752313|1|20220525|093104|8005997|20220525|101058|8002453|1|1250|0|      |20220525|20220525|0603|2022-06-05 07:04:46
330266|0000000694196356              |20220525|102037|013|675|0|30300058|130010004|130752200|1|20220525|100224|8002905|20220525|103034|8001419|1|1250|0|      |20220525|20220525|0603|2022-06-05 07:04:46
330268|0000000698061868              |20220525|150701|008|675|0|30300058|130010004|130752278|4|20220525|132959|8002905|20220525|151915|8001419|1|750|0|      |20220525|20220525|0603|2022-06-05 07:04:46
330270|0000000186539228              |20220525|145741|018|675|0|30300058|130010004|130752252|1|20220525|132004|8002905|20220525|151017|8001419|1|1250|0|      |20220525|20220525|0603|2022-06-05 07:04:46
330272|0000000186584129              |20220525|155909|002|675|0|30300058|130010004|130752292|1|20220525|141952|8002905|20220525|161018|8001419|1|1250|0|      |20220525|20220525|0603|2022-06-05 07:04:46
330274|0000000684239960              |20220525|161518|002|675|0|30300058|130010004|130752293|1|20220525|143331|8002905|20220525|162558|8001419|1|1250|0|      |20220525|20220525|0603|2022-06-05 07:04:46
330276|0000000481055763              |20220525|164311|016|675|0|30300058|130010004|130752295|1|20220525|150842|8002905|20220525|165307|8001419|1|1250|0|      |20220525|20220525|0603|2022-06-05 07:04:46
330278|0000000785440946              |20220525|222939|029|675|0|30300058|130010004|130752257|1|20220525|173054|8002905|20220525|223748|8001419|1|1250|0|      |20220525|20220525|0603|2022-06-05 07:04:46
330280|0000000784941363              |20220525|115759|008|676|0|30300051|130010008|130752101|1|20220525|110639|8002603|20220525|121705|8001039|2|2500|0|      |20220525|20220525|0603|2022-06-05 07:04:46
330282|0000000696224454              |20220525|183835|012|676|0|30300041|130010012|130753323|1|20220525|182350|8001036|20220525|185327|8002649|1|1250|0|      |20220525|20220525|0603|2022-06-05 07:04:46
330284|0000000785559664              |20220525|130147|026|675|0|30300060|130010014|130753215|1|20220525|125816|8003011|20220525|131031|8001099|1|1250|0|      |20220525|20220525|0603|2022-06-05 07:04:46
330286|0000000787847970              |20220525|175914|007|677|0|30300129|130010009|130759164|1|20220525|132914|8007458|20220525|181127|8007346|1|1250|150|      |20220525|20220525|0603|2022-06-05 07:04:46
328101|0000000699801719              |20220525|082540|027|676|0|30300073|130010009|130759117|1|20220525|074119|8002244|20220525|083626|8001420|1|1250|0|      |20220525|20220525|0603|2022-06-05 07:04:46
328103|0000000400112311              |20220525|131125|007|677|0|30300129|130010009|130759143|1|20220525|124717|8007019|20220525|132300|8005906|1|1250|0|      |20220525|20220525|0603|2022-06-05 07:04:46
328105|0000000487534992              |20220525|170413|024|677|0|30300129|130010009|130759164|1|20220525|132914|8007019|20220525|171631|8005906|1|1250|0|      |20220525|20220525|0603|2022-06-05 07:04:46
328107|0000000796817260              |20220525|133046|005|677|0|30300129|130010009|130759163|1|20220525|130628|8007019|20220525|134355|8005906|1|1250|0|      |20220525|20220525|0603|2022-06-05 07:04:46
328109|0000000792663689              |20220525|075521|015|675|0|30300067|130010001|130759412|1|20220525|070503|8002356|20220525|081104|8002444|1|1250|0|      |20220525|20220525|0603|2022-06-05 07:04:46
328111|0000000785708597              |20220525|143857|031|676|0|30300043|130010015|130759677|4|20220525|134952|8001789|20220525|145238|8001357|1|750|0|      |20220525|20220525|0603|2022-06-05 07:04:46
328113|0000000793874108              |20220525|074906|010|677|0|30300129|130010009|130759179|1|20220525|072244|8007019|20220525|080255|8005906|1|1250|0|      |20220525|20220525|0603|2022-06-05 07:04:46
328115|0000000789198437              |20220525|200107|003|676|0|30300089|130010011|130759576|1|20220525|142717|8001556|20220525|201131|8002532|1|1250|0|      |20220525|20220525|0603|2022-06-05 07:04:46
328117|0000000400168032              |20220525|101545|005|675|0|30300084|130010001|130759760|1|20220525|091934|8001789|20220525|102551|8001357|1|1250|0|      |20220525|20220525|0603|2022-06-05 07:04:46
328119|0000000687426962              |20220525|202126|002|675|1|30300056|130010012|130753331|1|20220525|200331|8002402|20220525|203241|8001053|1|0|0|      |20220525|20220525|0603|2022-06-05 07:04:46
328121|0000000400184561              |20220525|143230|014|676|1|30300040|130010013|130759872|1|20220525|140943|8001054|20220525|144552|8002953|1|0|0|      |20220525|20220525|0603|2022-06-05 07:04:46
328123|0000000690704660              |20220525|180211|024|675|1|30300067|130010001|130759729|1|20220525|153157|8001288|20220525|182514|8001252|1|0|0|      |20220525|20220525|0603|2022-06-05 07:04:46
328125|0000000400210678              |20220525|184457|022|676|1|30300070|130010004|130752254|1|20220525|173034|8001239|20220525|185635|8001130|1|0|0|      |20220525|20220525|0603|2022-06-05 07:04:46
328127|0000000788808110              |20220525|140324|031|675|1|30300081|130010011|130759572|1|20220525|131358|8002452|20220525|141610|8002753|1|0|0|      |20220525|20220525|0603|2022-06-05 07:04:46
328156|0000000796492478              |20220525|184704|016|675|1|30300091|130010013|130759814|1|20220525|164622|8001647|20220525|190139|8002904|1|0|0|      |20220525|20220525|0603|2022-06-05 07:04:46
317215|0000000487873290              |20220525|163729|013|681|1|30300042|130010009|130759125|1|20220525|155038|8002278|20220525|164337|8002231|1|0|0|      |20220525|20220525|0603|2022-06-05 07:04:46
317622|0000000699608357              |20220525|102154|008|683|0|30300015|130010004|130752607|1|20220525|100029|8001623|20220525|102633|8001523|1|1250|0|      |20220525|20220525|0603|2022-06-05 07:04:46
317624|0000000789581802              |20220525|071942|003|675|0|30300078|130010008|130752165|4|20220525|071406|8003076|20220525|072350|8002227|1|750|0|      |20220525|20220525|0603|2022-06-05 07:04:46
317626|0000000786879217              |20220525|170406|002|675|0|30300078|130010008|130752170|1|20220525|155320|8003076|20220525|170900|8002227|1|1250|0|      |20220525|20220525|0603|2022-06-05 07:04:46
317628|0000000690742163              |20220525|142524|004|676|1|30300090|130010005|130759260|1|20220525|140937|8002608|20220525|143833|8002763|1|0|0|      |20220525|20220525|0603|2022-06-05 07:04:46
317630|0000000788642148              |20220525|090049|012|675|2|30300055|130010014|130753252|1|20220525|083314|8001927|20220525|091616|8002635|1|0|0|      |20220525|20220525|0603|2022-06-05 07:04:46
317632|0000000400078360              |20220525|131942|013|675|1|30300083|130010001|130759789|1|20220525|123330|8002570|20220525|133050|8001617|1|0|0|      |20220525|20220525|0603|2022-06-05 07:04:46
317634|0000000680860541              |20220525|093458|006|675|1|30300055|130010014|130753251|1|20220525|090307|8001927|20220525|094841|8002635|1|0|0|      |20220525|20220525|0603|2022-06-05 07:04:46
317636|0000000400146116              |20220525|135044|004|675|0|30300055|130010014|130753265|8|20220525|055709|8001927|20220525|140532|8002635|1|0|0|      |20220525|20220525|0603|2022-06-05 07:04:46
317638|0000000697571361              |20220525|141530|004|676|0|30300040|130010013|130759804|1|20220525|134504|8002757|20220525|144520|8002904|1|1250|0|      |20220525|20220525|0603|2022-06-05 07:04:46
317640|0000000794219428              |20220525|155048|002|676|0|30300038|130010014|130753506|1|20220525|153527|8001400|20220525|160210|8002156|1|1250|0|      |20220525|20220525|0603|2022-06-05 07:04:46
317642|0000000400122278              |20220525|135636|023|675|0|30300049|130010004|130752289|1|20220525|132237|8001596|20220525|140740|8001588|1|1250|0|      |20220525|20220525|0603|2022-06-05 07:04:46
317644|0000000486066972              |20220525|135042|002|675|0|30300055|130010014|130753265|1|20220525|055709|8001927|20220525|140530|8002635|1|1250|0|      |20220525|20220525|0603|2022-06-05 07:04:46
317646|0000000400215003              |20220525|163456|002|675|0|30300056|130010012|130753322|1|20220525|124944|8001596|20220525|165039|8001588|1|1250|0|      |20220525|20220525|0603|2022-06-05 07:04:46
317648|0000000781547130              |20220525|205253|002|675|0|30300056|130010012|130753374|1|20220525|202655|8001596|20220525|210441|8001588|1|1250|0|      |20220525|20220525|0603|2022-06-05 07:04:46
318055|0000000745844424              |20220525|074947|014|675|0|30300062|130010008|130752133|1|20220525|071710|8002845|20220525|080547|8001484|1|1250|0|      |20220525|20220525|0603|2022-06-05 07:04:46
318057|0000000918414343              |20220525|181109|013|674|0|30300100|130010002|130752509|1|20220525|151422|8001927|20220525|181850|8002629|1|1250|0|      |20220525|20220525|0603|2022-06-05 07:04:46
318059|0000000631395772              |20220525|181021|018|678|0|30300074|130110001|130745026|1|20220525|064348|8002030|20220525|181836|8002824|1|1250|0|      |20220525|20220525|0603|2022-06-05 07:04:46
318061|0000000740527989              |20220525|075957|020|675|0|30300094|130010012|130753328|1|20220525|070115|8001655|20220525|081811|8002206|1|1250|0|      |20220525|20220525|0603|2022-06-05 07:04:46
318063|0000000656611622              |20220525|072750|026|678|0|30300074|130010014|130753264|1|20220525|070423|8002030|20220525|073600|8002824|1|1250|0|      |20220525|20220525|0603|2022-06-05 07:04:46
318065|0000000716883384              |20220525|193736|009|675|0|30300094|130010014|130753616|1|20220525|193038|8007549|20220525|194712|8002555|1|1250|0|      |20220525|20220525|0603|2022-06-05 07:04:46
318067|0000000764644449              |20220525|065135|014|678|0|30300074|130110001|130745012|1|20220525|060055|8002030|20220525|065955|8002824|1|1250|0|      |20220525|20220525|0603|2022-06-05 07:04:46
318069|0000000759794801              |20220525|140543|005|675|0|30300149|130810001|130753617|1|20220525|133435|8007528|20220525|141013|8002378|1|1250|0|      |20220525|20220525|0603|2022-06-05 07:04:46
318071|0000000745331158              |20220525|175704|015|678|0|30300074|130110001|130745012|1|20220525|060055|8002030|20220525|180343|8002824|1|1250|0|      |20220525|20220525|0603|2022-06-05 07:04:46
318073|0000000661784646              |20220525|094600|013|675|0|30300082|130010001|130759772|1|20220525|091711|8002278|20220525|095408|8001929|1|1250|0|      |20220525|20220525|0603|2022-06-05 07:04:46
318075|0000000743365140              |20220525|213238|006|675|0|30300082|130010001|130759743|1|20220525|210831|8002278|20220525|213918|8001929|1|1250|0|      |20220525|20220525|0603|2022-06-05 07:04:46
318077|0000000726104348              |20220525|084722|011|675|0|30300055|130010014|130753204|1|20220525|082018|8001554|20220525|090529|8002339|1|1250|0|      |20220525|20220525|0603|2022-06-05 07:04:46
318079|0000000644731559              |20220525|164443|010|675|0|30300091|130010013|130759805|1|20220525|154815|8002905|20220525|170023|8001464|1|1250|0|      |20220525|20220525|0603|2022-06-05 07:04:46
318513|0000000903150831              |20220525|082627|003|676|0|30300038|130010014|130753525|1|20220525|071641|8001132|20220525|084207|8003032|1|1250|0|      |20220525|20220525|0603|2022-06-05 07:04:46
318515|0000000745053671              |20220525|111353|007|676|0|30300038|130010014|130753246|1|20220525|105500|8002392|20220525|113542|8002914|1|1250|0|      |20220525|20220525|0603|2022-06-05 07:04:46
318517|0000000726019146              |20220525|142419|031|676|0|30300038|130010014|130753220|1|20220525|132257|8001051|20220525|144518|8002393|1|1250|0|      |20220525|20220525|0603|2022-06-05 07:04:46
318519|0000000777839662              |20220525|212201|015|676|0|30300038|130010014|130753201|1|20220525|120323|8005994|20220525|215121|8002846|1|1250|0|      |20220525|20220525|0603|2022-06-05 07:04:46
318521|0000000750851756              |20220525|223603|031|676|0|30300038|130010014|130753220|1|20220525|214654|8002913|20220525|225527|8001775|1|1250|0|      |20220525|20220525|0603|2022-06-05 07:04:46
318523|0000000655096821              |20220525|081051|024|675|0|30300053|130010002|130752384|1|20220525|060244|8001217|20220525|082741|8001579|1|1250|0|      |20220525|20220525|0603|2022-06-05 07:04:46
318525|0000000726840850              |20220525|073211|023|675|0|30300053|130010002|130752384|1|20220525|060244|8001951|20220525|080255|8002106|1|1250|0|      |20220525|20220525|0603|2022-06-05 07:04:46
318527|0000000722230620              |20220525|094736|023|675|0|30300053|130010002|130752369|1|20220525|094444|8001580|20220525|102803|8001277|1|1250|0|      |20220525|20220525|0603|2022-06-05 07:04:46
318529|0000000741057037              |20220525|132656|017|675|0|30300053|130010002|130752368|1|20220525|120107|8001735|20220525|134553|8001083|1|1250|0|      |20220525|20220525|0603|2022-06-05 07:04:46
309017|0000000694252375              |20220525|080647|020|676|0|30300073|130010009|130759116|1|20220525|072108|8002234|20220525|081627|8007270|1|1250|0|      |20220525|20220525|0603|2022-06-05 07:04:46
309019|0000000786129679              |20220525|090108|016|675|0|30300083|130010001|130759789|1|20220525|081248|8001539|20220525|092052|8001262|1|1250|0|      |20220525|20220525|0603|2022-06-05 07:04:46
309021|0000000788769981              |20220525|071808|020|675|0|30300083|130010001|130759710|1|20220525|043739|8001539|20220525|073629|8001262|1|1250|0|      |20220525|20220525|0603|2022-06-05 07:04:46
309023|0000000699984830              |20220525|163942|010|676|0|30300037|130010006|130752074|4|20220525|162835|8005881|20220525|165643|8002898|1|750|0|      |20220525|20220525|0603|2022-06-05 07:04:46
309025|0000000780704623              |20220525|062501|027|675|1|30300055|130010014|130753221|1|20220525|054448|8001663|20220525|062915|8001750|1|0|0|      |20220525|20220525|0603|2022-06-05 07:04:46
309027|0000000400178239              |20220525|100445|016|675|1|30300057|130010001|130759755|1|20220525|092552|8002798|20220525|102340|8001281|1|0|0|      |20220525|20220525|0603|2022-06-05 07:04:46
309029|0000000684150241              |20220525|105344|023|676|1|30300073|130010009|130759141|1|20220525|101537|8002242|20220525|105725|8002100|1|0|0|      |20220525|20220525|0603|2022-06-05 07:04:46
309031|0000000400188965              |20220525|144224|001|675|1|30300091|130010013|130759812|1|20220525|125319|8001418|20220525|150241|8002615|1|0|0|      |20220525|20220525|0603|2022-06-05 07:04:46
309033|0000000400128468              |20220525|164446|010|675|1|30300091|130010013|130759877|1|20220525|145350|8001418|20220525|171222|8002615|1|0|0|      |20220525|20220525|0603|2022-06-05 07:04:46
309035|0000000795759700              |20220525|113638|009|676|1|30300073|130010009|130759177|1|20220525|110235|8002242|20220525|114018|8002100|1|0|0|      |20220525|20220525|0603|2022-06-05 07:04:46
309442|0000000607800115              |20220525|181628|003|676|0|30300037|130010006|130752044|1|20220525|160829|8002920|20220525|183426|8002412|1|1250|0|      |20220525|20220525|0603|2022-06-05 07:04:46
309444|0000000735227121              |20220525|185812|017|676|0|30300037|130010006|130759012|1|20220525|185526|8002920|20220525|191613|8002412|1|1250|0|      |20220525|20220525|0603|2022-06-05 07:04:46
309446|0000000903094553              |20220525|220815|007|676|0|30300037|130010006|130759012|1|20220525|220610|8002920|20220525|222221|8002412|1|1250|0|      |20220525|20220525|0603|2022-06-05 07:04:46
309448|0000000660056568              |20220525|080103|007|680|0|30300018|130010004|130752209|1|20220525|074619|8001028|20220525|081235|8002352|1|1250|0|      |20220525|20220525|0603|2022-06-05 07:04:46
309450|0000000715679058              |20220525|075445|019|674|0|30300100|130010002|130752381|1|20220525|072017|8001028|20220525|080326|8002352|1|1250|0|      |20220525|20220525|0603|2022-06-05 07:04:46
309452|0000000725445861              |20220525|083104|029|674|0|30300100|130010002|130752508|1|20220525|075311|8001028|20220525|083958|8002352|1|1250|0|      |20220525|20220525|0603|2022-06-05 07:04:46
309454|0000000746174769              |20220525|111326|003|674|0|30300100|130010002|130752383|1|20220525|103856|8001028|20220525|112408|8002352|1|1250|0|      |20220525|20220525|0603|2022-06-05 07:04:46
309456|0000000908405821              |20220525|144832|022|674|0|30300100|130010002|130752344|1|20220525|132359|8001028|20220525|145643|8002352|1|1250|0|      |20220525|20220525|0603|2022-06-05 07:04:46
309458|0000000625587272              |20220525|190429|010|674|0|30300100|130010002|130752509|1|20220525|151422|8001028|20220525|191342|8002352|1|1250|0|      |20220525|20220525|0603|2022-06-05 07:04:46
309460|0000000726253831              |20220525|160555|009|676|0|30300071|130010009|130759106|1|20220525|122453|8003045|20220525|162000|8001922|1|1250|0|      |20220525|20220525|0603|2022-06-05 07:04:46
309462|0000000771925290              |20220525|102001|003|675|0|30300145|130010014|130753529|1|20220525|101955|8002070|20220525|103212|8002491|1|1250|0|      |20220525|20220525|0603|2022-06-05 07:04:46
309464|0000000742636723              |20220525|175543|003|675|0|30300145|130010014|130753600|1|20220525|170646|8002070|20220525|180910|8002491|1|1250|0|      |20220525|20220525|0603|2022-06-05 07:04:46
309466|0000000742383772              |20220525|120051|031|676|0|30300037|130010006|130759016|1|20220525|112855|8005517|20220525|121212|8002235|1|1250|0|      |20220525|20220525|0603|2022-06-05 07:04:46
309873|0000000746118538              |20220525|094444|010|675|0|30300101|130010002|130752309|1|20220525|091539|8002543|20220525|094851|8001755|1|1250|0|      |20220525|20220525|0603|2022-06-05 07:04:46
309875|0000000921355568              |20220525|070909|006|676|0|30300054|130010007|130759362|1|20220525|063659|8001084|20220525|072123|8001089|1|1250|0|      |20220525|20220525|0603|2022-06-05 07:04:46
309877|0000000769793623              |20220525|091658|001|675|0|30300101|130010002|130752354|1|20220525|083957|8001084|20220525|093148|8001089|1|1250|0|      |20220525|20220525|0603|2022-06-05 07:04:46
309879|0000000779800421              |20220525|110927|029|676|0|30300054|130010007|130759387|1|20220525|105142|8001084|20220525|112023|8001089|1|1250|0|      |20220525|20220525|0603|2022-06-05 07:04:46
309881|0000000645342135              |20220525|121142|026|676|0|30300054|130010007|130759352|1|20220525|114832|8001084|20220525|122513|8001089|1|1250|0|      |20220525|20220525|0603|2022-06-05 07:04:46
309883|0000000732517799              |20220525|142421|023|675|0|30300101|130010002|130752311|1|20220525|134706|8001084|20220525|143531|8001089|1|1250|0|      |20220525|20220525|0603|2022-06-05 07:04:46
309885|0000000903837161              |20220525|180402|017|676|0|30300054|130010007|130759387|1|20220525|173956|8001084|20220525|181646|8001089|1|1250|0|      |20220525|20220525|0603|2022-06-05 07:04:46
309887|0000000773707586              |20220525|183701|010|676|0|30300054|130010007|130759341|1|20220525|180558|8001084|20220525|184959|8001089|1|1250|0|      |20220525|20220525|0603|2022-06-05 07:04:46
309889|0000000760686735              |20220525|065216|021|674|0|30300002|130010007|130759323|1|20220525|060334|8002133|20220525|070207|8002093|1|1250|0|      |20220525|20220525|0603|2022-06-05 07:04:46
309891|0000000908550636              |20220525|093750|009|674|0|30300002|130010007|130759314|1|20220525|090615|8002133|20220525|094650|8002093|1|1250|0|      |20220525|20220525|0603|2022-06-05 07:04:46
309893|0000000903559175              |20220525|132556|023|674|0|30300002|130010007|130759314|1|20220525|130144|8002133|20220525|133632|8002093|1|1250|0|      |20220525|20220525|0603|2022-06-05 07:04:46
309895|0000000637085901              |20220525|181144|004|674|0|30300002|130010007|130759322|1|20220525|174414|8002133|20220525|182708|8002093|1|1250|0|      |20220525|20220525|0603|2022-06-05 07:04:46
309897|0000000738049666              |20220525|221409|022|674|0|30300002|130010007|130759322|1|20220525|215107|8002133|20220525|222444|8002093|1|1250|0|      |20220525|20220525|0603|2022-06-05 07:04:46
309899|0000000728517406              |20220525|214744|015|675|0|30300058|130010004|130752266|1|20220525|200001|8002605|20220525|221059|8005913|1|1250|0|      |20220525|20220525|0603|2022-06-05 07:04:46
329050|0000000707952828              |20220525|063952|021|832|0|30300128|130710001|130759925|1|20220525|054149|3056003|20220525|065701|8007055|1|1700|300|      |20220525|20220525|0603|2022-06-05 07:04:46
329052|0000000617769265              |20220525|064159|013|832|0|30300128|130710001|130759925|1|20220525|054149|3014014|20220525|065505|8007055|1|1700|300|      |20220525|20220525|0603|2022-06-05 07:04:46
329054|0000000733031648              |20220525|062400|031|832|0|30300128|130710001|130759925|1|20220525|054149|8007293|20220525|065624|8007055|1|1700|300|      |20220525|20220525|0603|2022-06-05 07:04:46
329056|0000000647997824              |20220525|062404|030|832|0|30300128|130710001|130759925|1|20220525|054149|8007293|20220525|065655|8007055|1|1700|300|      |20220525|20220525|0603|2022-06-05 07:04:46
329058|0000000665310447              |20220525|062529|015|832|0|30300128|130710001|130759925|1|20220525|054149|8007295|20220525|065654|8007055|1|1700|300|      |20220525|20220525|0603|2022-06-05 07:04:46
329060|0000000906105002              |20220525|062706|004|832|0|30300128|130710001|130759925|1|20220525|054149|8007297|20220525|065638|8007055|1|1700|300|      |20220525|20220525|0603|2022-06-05 07:04:46
329062|0000000739632980              |20220525|063230|017|832|0|30300128|130710001|130759925|1|20220525|054149|3053005|20220525|065608|8007055|1|1700|300|      |20220525|20220525|0603|2022-06-05 07:04:46
329064|0000000601894433              |20220525|072214|007|832|0|30300128|130710001|130759925|1|20220525|054149|9007055|20220525|075058|8007057|1|1700|300|      |20220525|20220525|0603|2022-06-05 07:04:46
329066|0000000740630959              |20220525|072227|020|832|0|30300128|130710001|130759925|1|20220525|054149|9007055|20220525|074418|8007080|1|1700|300|      |20220525|20220525|0603|2022-06-05 07:04:46
329068|0000000746266637              |20220525|072247|031|832|0|30300128|130710001|130759925|1|20220525|054149|9007055|20220525|074924|3053004|1|1700|300|      |20220525|20220525|0603|2022-06-05 07:04:46
329070|0000000921108377              |20220525|073921|004|832|0|30300128|130710001|130759925|1|20220525|054149|3014017|20220525|084209|8007268|1|1700|300|      |20220525|20220525|0603|2022-06-05 07:04:46
329072|0000000900277301              |20220525|074434|024|832|1|30300128|130710001|130759925|1|20220525|054149|8007080|20220525|081322|8007290|1|300|300|      |20220525|20220525|0603|2022-06-05 07:04:46
329128|0000000637175831              |20220525|110906|027|832|0|30300128|130710001|130759925|1|20220525|054149|8007298|20220525|120014|8007268|1|1700|300|      |20220525|20220525|0603|2022-06-05 07:04:46
329130|0000000742519843              |20220525|131348|014|832|0|30300128|130710001|130759925|1|20220525|054149|8007412|20220525|134521|8007291|1|1700|300|      |20220525|20220525|0603|2022-06-05 07:04:46
329132|0000000725949824              |20220525|133525|010|832|1|30300128|130710001|130759925|1|20220525|054149|8007289|20220525|134910|8007293|1|450|300|      |20220525|20220525|0603|2022-06-05 07:04:46
329134|0000000734804517              |20220525|130944|025|832|1|30300128|130710001|130759925|1|20220525|054149|8005504|20220525|135934|3054003|1|450|300|      |20220525|20220525|0603|2022-06-05 07:04:46
329136|0000000665844206              |20220525|131342|008|832|1|30300128|130710001|130759925|1|20220525|054149|8007412|20220525|140147|8007053|1|450|300|      |20220525|20220525|0603|2022-06-05 07:04:46
329138|0000000668729487              |20220525|132343|009|832|2|30300128|130710001|130759925|1|20220525|054149|8007279|20220525|140409|3056003|1|450|300|      |20220525|20220525|0603|2022-06-05 07:04:46
329140|0000000776241291              |20220525|132521|025|832|0|30300128|130710001|130759925|1|20220525|054149|8007288|20220525|135159|8007295|1|1700|300|      |20220525|20220525|0603|2022-06-05 07:04:46
329142|0000000704563912              |20220525|133523|028|832|0|30300128|130710001|130759925|1|20220525|054149|8007289|20220525|135153|8007295|1|1700|300|      |20220525|20220525|0603|2022-06-05 07:04:46
329144|0000000732735046              |20220525|135816|007|832|0|30300128|130710001|130759925|1|20220525|054149|3053005|20220525|142035|8007055|1|1700|300|      |20220525|20220525|0603|2022-06-05 07:04:46
329146|0000000776724052              |20220525|140416|001|832|0|30300128|130710001|130759925|1|20220525|054149|3056003|20220525|142005|8007055|1|1700|300|      |20220525|20220525|0603|2022-06-05 07:04:46
329148|0000000704247280              |20220525|143710|017|832|1|30300128|130710001|130759910|1|20220525|142931|8007412|20220525|151153|8007293|1|450|300|      |20220525|20220525|0603|2022-06-05 07:04:46
329150|0000000903560000              |20220525|143954|024|832|0|30300128|130710001|130759910|1|20220525|142931|8007269|20220525|150834|8007291|1|1700|300|      |20220525|20220525|0603|2022-06-05 07:04:46
329152|0000000715059005              |20220525|144552|014|832|1|30300128|130710001|130759910|1|20220525|142931|8007275|20220525|150932|8007291|1|450|300|      |20220525|20220525|0603|2022-06-05 07:04:46
330774|0000000400197842              |20220525|110709|001|675|0|30300056|130010012|130753315|1|20220525|051104|8070030|20220525|112755|8001590|1|1250|0|      |20220525|20220525|0603|2022-06-05 07:04:46
330776|0000000400109059              |20220525|114349|020|675|0|30300064|130010015|130759623|1|20220525|112123|8001740|20220525|120154|8001874|1|1250|0|      |20220525|20220525|0603|2022-06-05 07:04:46
330778|0000000792366272              |20220525|065927|010|675|0|30300067|130010001|130759729|1|20220525|062028|8002632|20220525|071622|8001041|1|1250|0|      |20220525|20220525|0603|2022-06-05 07:04:46
330780|0000000400205049              |20220525|054005|031|675|0|30300081|130010011|130759533|1|20220525|050752|8001803|20220525|055757|8002168|1|1250|0|      |20220525|20220525|0603|2022-06-05 07:04:46
330782|0000000694701593              |20220525|140541|003|676|0|30300089|130010011|130759531|1|20220525|133447|8001634|20220525|141746|8007490|1|1250|0|      |20220525|20220525|0603|2022-06-05 07:04:46
330784|0000000792470735              |20220525|072723|007|676|0|30300093|130010004|130752213|1|20220525|053654|8001229|20220525|074915|8001374|1|1250|0|      |20220525|20220525|0603|2022-06-05 07:04:46
330786|0000000695429101              |20220525|154923|013|675|0|30300064|130010015|130759670|1|20220525|125902|8001740|20220525|161150|8001874|1|1250|0|      |20220525|20220525|0603|2022-06-05 07:04:46
330788|0000000785773709              |20220525|055631|018|676|1|30300040|130010007|130759366|1|20220525|053911|8002757|20220525|055822|8002425|1|0|0|      |20220525|20220525|0603|2022-06-05 07:04:46
330790|0000000788673206              |20220525|071038|022|676|0|30300093|130010004|130752230|1|20220525|070301|8001794|20220525|072917|8002532|1|1250|0|      |20220525|20220525|0603|2022-06-05 07:04:46
330792|0000000693409519              |20220525|082149|020|676|0|30300093|130010004|130752273|1|20220525|073739|8001794|20220525|084123|8002532|1|1250|0|      |20220525|20220525|0603|2022-06-05 07:04:46
330794|0000000400093964              |20220525|151146|011|675|0|30300055|130010014|130753238|1|20220525|142023|8001529|20220525|153304|8005646|1|1250|0|      |20220525|20220525|0603|2022-06-05 07:04:46
330796|0000001110300934              |20220525|152345|007|676|0|30300037|130010006|130752038|1|20220525|145432|8002311|20220525|154022|8002558|1|1250|0|      |20220525|20220525|0603|2022-06-05 07:04:46
319446|0000000700177710              |20220525|185726|004|675|0|30300082|130010001|130759703|1|20220525|185430|8005925|20220525|191311|8005581|1|1250|0|      |20220525|20220525|0603|2022-06-05 07:04:46
319448|0000000643916820              |20220525|063324|025|675|0|30300067|130010001|130759729|1|20220525|062028|8001287|20220525|064456|8002935|1|1250|0|      |20220525|20220525|0603|2022-06-05 07:04:46
319450|0000000776094912              |20220525|162816|010|675|0|30300058|130010004|130752222|1|20220525|160901|8002707|20220525|164028|8002428|1|1250|0|      |20220525|20220525|0603|2022-06-05 07:04:46
319452|0000000903094635              |20220525|163730|017|676|0|30300071|130010009|130759133|1|20220525|125308|8001113|20220525|165353|8006006|1|1250|0|      |20220525|20220525|0603|2022-06-05 07:04:46
319454|0000000751215060              |20220525|085359|018|675|0|30300082|130010001|130759736|1|20220525|084819|8005925|20220525|090850|8005581|1|1250|0|      |20220525|20220525|0603|2022-06-05 07:04:46
319456|0000000660630560              |20220525|084747|001|675|0|30300083|130010001|130759426|1|20220525|072939|8001855|20220525|090135|8001731|1|1250|0|      |20220525|20220525|0603|2022-06-05 07:04:46
319863|0000000760219312              |20220525|103645|009|675|0|30300046|130010002|130752366|1|20220525|100134|8070012|20220525|105324|8002997|1|1250|0|      |20220525|20220525|0603|2022-06-05 07:04:46
319865|0000000774255065              |20220525|195134|001|675|0|30300046|130010002|130752379|1|20220525|191907|8070012|20220525|200836|8002997|1|1250|0|      |20220525|20220525|0603|2022-06-05 07:04:46
319867|0000000676400970              |20220525|080922|005|674|0|30300002|130010007|130759304|1|20220525|073427|8002140|20220525|083523|8002609|1|1250|0|      |20220525|20220525|0603|2022-06-05 07:04:46
319869|0000000918325300              |20220525|165004|025|674|0|30300002|130010007|130759311|1|20220525|161939|8002140|20220525|171352|8002609|1|1250|0|      |20220525|20220525|0603|2022-06-05 07:04:46
319871|0000000752939203              |20220525|175936|012|674|0|30300002|130010007|130759319|1|20220525|172220|8002140|20220525|182146|8002609|1|1250|0|      |20220525|20220525|0603|2022-06-05 07:04:46
319873|0000000743353241              |20220525|101622|003|675|0|30300101|130010002|130752354|1|20220525|094406|8002978|20220525|103242|8001217|1|1250|0|      |20220525|20220525|0603|2022-06-05 07:04:46
319875|0000000751043666              |20220525|074241|005|675|0|30300045|130010006|130759002|1|20220525|055759|8003043|20220525|080002|8002721|1|1250|0|      |20220525|20220525|0603|2022-06-05 07:04:46
319877|0000000614713387              |20220525|105455|025|675|0|30300045|130010006|130759002|1|20220525|103936|8003043|20220525|111207|8002721|1|1250|0|      |20220525|20220525|0603|2022-06-05 07:04:46
319879|0000000903920414              |20220525|075811|010|675|0|30300077|130010006|130759022|1|20220525|061858|8001228|20220525|082124|8001929|1|1250|0|      |20220525|20220525|0603|2022-06-05 07:04:46
319881|0000000607500743              |20220525|090746|021|675|0|30300077|130010006|130752034|1|20220525|085416|8001228|20220525|092852|8001929|1|1250|0|      |20220525|20220525|0603|2022-06-05 07:04:46
319883|0000000742213917              |20220525|091743|020|676|0|30300037|130010006|130752024|1|20220525|081120|8001296|20220525|094222|8002921|1|1250|0|      |20220525|20220525|0603|2022-06-05 07:04:46
319885|0000000718066386              |20220525|155627|010|675|0|30300066|130010015|130759687|1|20220525|154018|8001666|20220525|161841|8001789|1|1250|0|      |20220525|20220525|0603|2022-06-05 07:04:46
319887|0000000751643455              |20220525|082118|018|675|0|30300081|130010011|130759506|1|20220525|081422|8001962|20220525|084042|8001378|1|1250|0|      |20220525|20220525|0603|2022-06-05 07:04:46
319889|0000000741276091              |20220525|114450|022|675|0|30300127|130010004|130752280|1|20220525|104533|8007406|20220525|115301|8001289|1|1250|0|      |20220525|20220525|0603|2022-06-05 07:04:46
320296|0000000918229769              |20220525|111705|010|676|0|30300054|130010007|130759384|1|20220525|092927|8002831|20220525|112634|8002453|1|1250|0|      |20220525|20220525|0603|2022-06-05 07:04:46
320298|0000000662245340              |20220525|113228|001|675|0|30300053|130010002|130752387|1|20220525|105431|8001491|20220525|114525|8002279|1|1250|0|      |20220525|20220525|0603|2022-06-05 07:04:46
320300|0000000744640796              |20220525|115240|016|676|0|30300054|130010007|130759345|1|20220525|112851|8002831|20220525|120326|8002453|1|1250|0|      |20220525|20220525|0603|2022-06-05 07:04:46
320302|0000000735764538              |20220525|122226|006|675|0|30300101|130010002|130752320|1|20220525|072253|8002831|20220525|123243|8002453|1|1250|0|      |20220525|20220525|0603|2022-06-05 07:04:46
320304|0000000903341024              |20220525|120641|008|675|0|30300053|130010002|130752385|1|20220525|113137|8001491|20220525|121909|8002279|1|1250|0|      |20220525|20220525|0603|2022-06-05 07:04:46
320306|0000000632043095              |20220525|122157|011|676|0|30300054|130010007|130759374|1|20220525|120200|8002831|20220525|123312|8002453|1|1250|0|      |20220525|20220525|0603|2022-06-05 07:04:46
320308|0000000900694179              |20220525|124915|008|676|0|30300054|130010007|130759376|1|20220525|122617|8002831|20220525|125926|8002453|1|1250|0|      |20220525|20220525|0603|2022-06-05 07:04:46
320310|0000000635940396              |20220525|130622|003|675|0|30300053|130010002|130752377|1|20220525|122651|8001491|20220525|132029|8002279|1|1250|0|      |20220525|20220525|0603|2022-06-05 07:04:46
320312|0000000730080841              |20220525|150008|005|676|0|30300054|130010007|130759341|1|20220525|143642|8002831|20220525|151053|8002453|1|1250|0|      |20220525|20220525|0603|2022-06-05 07:04:46
320314|0000000762770738              |20220525|151939|013|676|0|30300054|130010007|130759349|1|20220525|145606|8002831|20220525|153125|8002453|1|1250|0|      |20220525|20220525|0603|2022-06-05 07:04:46
320316|0000000655630667              |20220525|153721|013|675|0|30300101|130010002|130752332|1|20220525|150153|8002831|20220525|154745|8002453|1|1250|0|      |20220525|20220525|0603|2022-06-05 07:04:46
320318|0000000771831918              |20220525|161206|003|676|0|30300054|130010007|130759353|1|20220525|153540|8002831|20220525|162731|8002453|1|1250|0|      |20220525|20220525|0603|2022-06-05 07:04:46
320320|0000000749860747              |20220525|160355|018|675|0|30300148|130010001|130759419|1|20220525|155422|8001514|20220525|162002|8005562|1|1250|0|      |20220525|20220525|0603|2022-06-05 07:04:46
320727|0000000778716126              |20220525|223755|015|676|0|30300054|130010007|130759355|1|20220525|221805|8002831|20220525|224551|8001089|1|1250|0|      |20220525|20220525|0603|2022-06-05 07:04:46
320729|0000000665203422              |20220525|130544|026|675|0|30300046|130010002|130752312|1|20220525|123753|8002376|20220525|131523|8002721|1|1250|0|      |20220525|20220525|0603|2022-06-05 07:04:46
320731|0000000607433565              |20220525|172836|031|676|0|30300036|130010011|130759503|1|20220525|145916|8002376|20220525|174331|8002721|1|1250|0|      |20220525|20220525|0603|2022-06-05 07:04:46
320733|0000000460297286              |20220525|181422|022|676|0|30300036|130010012|130753302|1|20220525|175226|8002376|20220525|182657|8002721|1|1250|0|      |20220525|20220525|0603|2022-06-05 07:04:46
311225|0000000757216270              |20220525|120950|004|676|0|30300037|130010006|130752005|1|20220525|113725|8001096|20220525|123044|8002558|1|1250|0|      |20220525|20220525|0603|2022-06-05 07:04:46
311227|0000000655933425              |20220525|183918|016|676|0|30300037|130010006|130752035|1|20220525|180459|8001096|20220525|190211|8002558|1|1250|0|      |20220525|20220525|0603|2022-06-05 07:04:46
311229|0000000760375814              |20220525|205115|008|676|0|30300037|130010006|130759012|1|20220525|185526|8001096|20220525|211353|8002558|1|1250|0|      |20220525|20220525|0603|2022-06-05 07:04:46
311231|0000000762759994              |20220525|181715|025|676|0|30300040|130010007|130759389|1|20220525|174936|8001085|20220525|185358|8001091|1|1250|0|      |20220525|20220525|0603|2022-06-05 07:04:46
311233|0000000757645273              |20220525|225417|006|676|0|30300054|130010007|130759360|1|20220525|221924|8002452|20220525|230241|8001707|1|1250|0|      |20220525|20220525|0603|2022-06-05 07:04:46
311235|0000000714830564              |20220525|154518|019|676|0|30300054|130010007|130759379|1|20220525|150140|8002452|20220525|155746|8001707|1|1250|0|      |20220525|20220525|0603|2022-06-05 07:04:46
311237|0000000644586267              |20220525|213829|006|676|0|30300040|130010007|130759359|1|20220525|210951|8001085|20220525|220112|8001091|1|1250|0|      |20220525|20220525|0603|2022-06-05 07:04:46
311239|0000000668978252              |20220525|164908|021|676|0|30300054|130010007|130759377|1|20220525|155942|8002452|20220525|170136|8001707|1|1250|0|      |20220525|20220525|0603|2022-06-05 07:04:46
311241|0000000645311491              |20220525|144620|028|676|0|30300040|130010007|130759388|1|20220525|142056|8001085|20220525|151603|8001091|1|1250|0|      |20220525|20220525|0603|2022-06-05 07:04:46
311243|0000000754783762              |20220525|173125|024|676|0|30300054|130010007|130759347|1|20220525|164409|8002452|20220525|174422|8001707|1|1250|0|      |20220525|20220525|0603|2022-06-05 07:04:46
311245|0000000650961205              |20220525|072550|013|676|0|30300040|130010007|130759373|1|20220525|070921|8001085|20220525|075613|8001091|1|1250|0|      |20220525|20220525|0603|2022-06-05 07:04:46
311247|0000000911340910              |20220525|160940|028|676|0|30300040|130010013|130759815|1|20220525|141906|8001085|20220525|164119|8001091|1|1250|0|      |20220525|20220525|0603|2022-06-05 07:04:46
311249|0000000645467914              |20220525|185627|027|676|0|30300054|130010007|130759354|1|20220525|180004|8002452|20220525|191603|8001707|1|1250|0|      |20220525|20220525|0603|2022-06-05 07:04:46
311656|0000000707162385              |20220525|200251|023|675|0|30300095|130010005|130759202|1|20220525|195522|8001493|20220525|201410|8001084|1|1250|0|      |20220525|20220525|0603|2022-06-05 07:04:46
311658|0000000741074519              |20220525|081612|017|675|0|30300082|130010001|130759485|1|20220525|075427|8002758|20220525|085108|8001746|1|1250|0|      |20220525|20220525|0603|2022-06-05 07:04:46
311660|0000000618612801              |20220525|132054|015|675|0|30300058|130010004|130752251|1|20220525|124211|8002733|20220525|135027|8002946|1|1250|0|      |20220525|20220525|0603|2022-06-05 07:04:46
311662|0000000776534110              |20220525|065551|013|675|0|30300048|130010006|130752067|1|20220525|061154|8001596|20220525|070844|8001988|1|1250|0|      |20220525|20220525|0603|2022-06-05 07:04:46
311664|0000000614876327              |20220525|200219|002|675|0|30300048|130010006|130752061|1|20220525|183501|8001596|20220525|202009|8001988|1|1250|0|      |20220525|20220525|0603|2022-06-05 07:04:46
311666|0000000628735882              |20220525|060632|005|675|0|30300076|130010014|130753270|1|20220525|055946|8002826|20220525|061730|8001412|1|1250|0|      |20220525|20220525|0603|2022-06-05 07:04:46
311668|0000000725161059              |20220525|082632|018|675|0|30300076|130010014|130753233|1|20220525|081627|8002826|20220525|084454|8001412|1|1250|0|      |20220525|20220525|0603|2022-06-05 07:04:46
311670|0000000779739892              |20220525|063158|014|676|0|30300072|130010001|130759421|1|20220525|062344|8001952|20220525|063905|8002559|1|1250|0|      |20220525|20220525|0603|2022-06-05 07:04:46
311672|0000000776398563              |20220525|094947|008|676|0|30300073|130010009|130759117|1|20220525|093455|8002482|20220525|095521|8001417|1|1250|0|      |20220525|20220525|0603|2022-06-05 07:04:46
311674|0000000753686302              |20220525|201708|006|676|0|30300070|130010004|130752201|1|20220525|192134|8001868|20220525|203143|8001130|1|1250|0|      |20220525|20220525|0603|2022-06-05 07:04:46
311676|0000000908259879              |20220525|092631|027|675|0|30300067|130010001|130759731|1|20220525|072433|8002379|20220525|100232|8001414|1|1250|0|      |20220525|20220525|0603|2022-06-05 07:04:46
311678|0000000746899497              |20220525|154423|001|675|0|30300067|130010001|130759742|1|20220525|153409|8002379|20220525|162153|8001414|1|1250|0|      |20220525|20220525|0603|2022-06-05 07:04:46
311680|0000000709082163              |20220525|082316|014|675|0|30300058|130010004|130752291|1|20220525|071919|8002946|20220525|082758|8005894|1|1250|0|      |20220525|20220525|0603|2022-06-05 07:04:46
312087|0000000702148597              |20220525|172931|019|674|0|30300002|130010007|130759318|1|20220525|165818|8002131|20220525|183303|8002743|1|1250|0|      |20220525|20220525|0603|2022-06-05 07:04:46
312089|0000000761743424              |20220525|162444|021|674|0|30300002|130010007|130759308|1|20220525|154452|8002093|20220525|170548|8002743|1|1250|0|      |20220525|20220525|0603|2022-06-05 07:04:46
312091|0000000900753643              |20220525|215614|009|674|0|30300002|130010007|130759338|1|20220525|200727|8001792|20220525|224910|8002910|1|1250|0|      |20220525|20220525|0603|2022-06-05 07:04:46
312093|0000000701682568              |20220525|181159|001|675|0|30300049|130010004|130752206|1|20220525|173214|8001596|20220525|185057|8001940|1|1250|0|      |20220525|20220525|0603|2022-06-05 07:04:46
312095|0000000678234577              |20220525|141938|004|674|0|30300002|130010007|130759325|1|20220525|141358|8001178|20220525|150308|8001721|1|1250|0|      |20220525|20220525|0603|2022-06-05 07:04:46
312097|0000000906800137              |20220525|115811|002|674|0|30300002|130010007|130759336|1|20220525|110444|8002609|20220525|122400|8001789|1|1250|0|      |20220525|20220525|0603|2022-06-05 07:04:46
312099|0000000722972640              |20220525|075813|011|675|0|30300049|130010004|130752216|1|20220525|064606|8001279|20220525|083344|8001791|1|1250|0|      |20220525|20220525|0603|2022-06-05 07:04:46
312101|0000000912850275              |20220525|170007|002|675|0|30300049|130010004|130752286|1|20220525|163651|8005903|20220525|181159|8001791|1|1250|0|      |20220525|20220525|0603|2022-06-05 07:04:46
312103|0000000903101110              |20220525|223917|004|674|0|30300002|130010007|130759306|1|20220525|203039|8001744|20220525|230944|8001793|1|1250|0|      |20220525|20220525|0603|2022-06-05 07:04:46
312105|0000000671563027              |20220525|125403|016|675|0|30300049|130010004|130752233|1|20220525|072739|8001356|20220525|130549|8001715|1|1250|0|      |20220525|20220525|0603|2022-06-05 07:04:46
312107|0000000723357916              |20220525|181418|002|674|0|30300002|130010007|130759320|1|20220525|171515|8002880|20220525|185214|8002833|1|1250|0|      |20220525|20220525|0603|2022-06-05 07:04:46
350847|0000000908246164              |20220525|152602|006|676|0|30300040|130010013|130759818|4|20220525|144039|8001005|~       |      |~      |1|750|0|      |20220525|~       |0603|2022-06-05 07:04:46
350849|0000000607783904              |20220525|173519|018|676|1|30300040|130010013|130759871|1|20220525|164759|8001005|~       |      |~      |1|0|0|      |20220525|~       |0603|2022-06-05 07:04:46
350851|0000000701927413              |20220525|210124|021|676|1|30300040|130010013|130759871|1|20220525|201800|8001005|~       |      |~      |1|0|0|      |20220525|~       |0603|2022-06-05 07:04:46
350853|0000000917887124              |20220525|214202|011|676|1|30300040|130010013|130759872|1|20220525|210114|8001005|~       |      |~      |1|0|0|      |20220525|~       |0603|2022-06-05 07:04:46
350855|0000000756196890              |20220525|072538|025|676|1|30300087|130010015|130759610|1|20220525|063417|8001005|~       |      |~      |1|0|0|      |20220525|~       |0603|2022-06-05 07:04:46
350857|0000000678238814              |20220525|070343|005|676|1|30300040|130010007|130759389|1|20220525|062626|8001005|~       |      |~      |1|0|0|      |20220525|~       |0603|2022-06-05 07:04:46
350859|0000000722152376              |20220525|081121|023|676|1|30300087|130010008|130752155|1|20220525|071313|8001005|~       |      |~      |1|0|0|      |20220525|~       |0603|2022-06-05 07:04:46
350861|0000000742374207              |20220525|080640|005|676|0|30300037|130010006|130759016|1|20220525|072850|8001005|~       |      |~      |1|1250|0|      |20220525|~       |0603|2022-06-05 07:04:46
350863|0000000773579810              |20220525|090138|031|676|1|30300040|130010013|130759878|1|20220525|081145|8001005|~       |      |~      |1|0|0|      |20220525|~       |0603|2022-06-05 07:04:46
350865|0000000661586506              |20220525|101058|003|676|2|30300040|130010007|130759385|1|20220525|092741|8001005|~       |      |~      |1|0|0|      |20220525|~       |0603|2022-06-05 07:04:46
350867|0000000757552877              |20220525|103734|006|676|0|30300040|130010007|130759359|1|20220525|095650|8001005|~       |      |~      |1|1250|0|      |20220525|~       |0603|2022-06-05 07:04:46
350869|0000000779303136              |20220525|103737|004|676|1|30300040|130010007|130759359|1|20220525|095650|8001005|~       |      |~      |1|0|0|      |20220525|~       |0603|2022-06-05 07:04:46
350871|0000000742911914              |20220525|112307|024|676|2|30300040|130010013|130759873|1|20220525|103847|8001005|~       |      |~      |1|0|0|      |20220525|~       |0603|2022-06-05 07:04:46
331558|0000000469615678              |20220525|180316|031|676|0|30300051|130010008|130752153|1|20220525|173519|8001117|20220525|180547|8001081|1|1250|0|      |20220525|20220525|0603|2022-06-05 07:04:46
331560|0000000741376019              |20220525|172945|006|676|0|30300051|130010008|130752110|1|20220525|172839|8002950|20220525|184254|8007046|1|1250|0|      |20220525|20220525|0603|2022-06-05 07:04:46
331562|0000000918056869              |20220525|192354|005|676|0|30300051|130010008|130752124|1|20220525|191356|8002309|20220525|193230|8002454|1|1250|0|      |20220525|20220525|0603|2022-06-05 07:04:46
331564|0000000900636565              |20220525|190119|012|676|0|30300051|130010008|130752100|1|20220525|182934|8002547|20220525|194411|8005878|1|1250|0|      |20220525|20220525|0603|2022-06-05 07:04:46
331566|0000000742092345              |20220525|193117|005|676|0|30300051|130010008|130752124|1|20220525|191356|8001415|20220525|195224|8002119|1|1250|0|      |20220525|20220525|0603|2022-06-05 07:04:46
331568|0000000654196561              |20220525|205750|022|676|0|30300051|130010008|130752100|1|20220525|200024|8001290|20220525|210741|8002675|1|1250|0|      |20220525|20220525|0603|2022-06-05 07:04:46
331570|0000000742599102              |20220525|223659|001|676|0|30300051|130010008|130752153|1|20220525|222431|8001420|20220525|230427|8001079|1|1250|0|      |20220525|20220525|0603|2022-06-05 07:04:46
331572|0000000732061180              |20220525|184111|012|676|0|30300040|130010007|130759364|1|20220525|181301|8002240|20220525|192708|8001192|1|1250|0|      |20220525|20220525|0603|2022-06-05 07:04:46
331574|0000000736930685              |20220525|192110|004|676|0|30300051|130010008|130752115|1|20220525|182136|8001079|20220525|192456|8001371|1|1250|0|      |20220525|20220525|0603|2022-06-05 07:04:46
331576|0000000741545441              |20220525|073656|029|676|0|30300051|130010008|130752128|1|20220525|072643|8007010|20220525|081129|8001715|1|1250|0|      |20220525|20220525|0603|2022-06-05 07:04:46
331578|0000000725907175              |20220525|075322|026|676|0|30300051|130010008|130752126|1|20220525|073105|8001369|20220525|083723|8001872|1|1250|0|      |20220525|20220525|0603|2022-06-05 07:04:46
331580|0000000743783114              |20220525|081224|019|676|0|30300051|130010008|130752124|1|20220525|072558|8001934|20220525|083132|8001996|1|1250|0|      |20220525|20220525|0603|2022-06-05 07:04:46
331582|0000000745162886              |20220525|080443|023|676|0|30300051|130010008|130752142|1|20220525|074054|8001373|20220525|083728|8002603|1|1250|0|      |20220525|20220525|0603|2022-06-05 07:04:46
332059|0000000469876000              |20220525|191518|012|675|0|30300047|130010001|130759702|1|20220525|183238|8070018|20220525|192018|8001009|1|1250|0|      |20220525|20220525|0603|2022-06-05 07:04:46
332061|0000000759841679              |20220525|064925|026|675|0|30300064|130010015|130759683|1|20220525|064339|8001980|20220525|065624|8002628|1|1250|0|      |20220525|20220525|0603|2022-06-05 07:04:46
332063|0000000910264624              |20220525|091705|031|675|0|30300108|130010007|130759344|1|20220525|083655|8002663|20220525|093032|8002921|1|1250|0|      |20220525|20220525|0603|2022-06-05 07:04:46
332065|0000000903562323              |20220525|105306|011|675|0|30300064|130010015|130759642|1|20220525|065939|8001980|20220525|110053|8002628|1|1250|0|      |20220525|20220525|0603|2022-06-05 07:04:46
332067|0000000667479233              |20220525|113858|028|675|0|30300064|130010015|130759670|1|20220525|053646|8001980|20220525|114810|8002628|1|1250|0|      |20220525|20220525|0603|2022-06-05 07:04:46
332069|0000000761068018              |20220525|134929|020|675|0|30300064|130010015|130759676|1|20220525|134644|8001980|20220525|135613|8002628|1|1250|0|      |20220525|20220525|0603|2022-06-05 07:04:46
332071|0000000756690400              |20220525|144536|024|675|0|30300064|130010015|130759637|1|20220525|143806|8001980|20220525|145457|8002628|1|1250|0|      |20220525|20220525|0603|2022-06-05 07:04:46
332073|0000000747955175              |20220525|154731|028|675|0|30300064|130010015|130759642|1|20220525|153825|8001980|20220525|155423|8002628|1|1250|0|      |20220525|20220525|0603|2022-06-05 07:04:46
332075|0000000653485489              |20220525|173720|029|675|0|30300064|130010015|130759623|1|20220525|134616|8001980|20220525|174522|8002628|1|1250|0|      |20220525|20220525|0603|2022-06-05 07:04:46
332077|0000000655140814              |20220525|191526|016|675|0|30300064|130010015|130759644|1|20220525|190606|8001980|20220525|192403|8002628|1|1250|0|      |20220525|20220525|0603|2022-06-05 07:04:46
332079|0000000668727504              |20220525|214132|011|675|0|30300064|130010015|130759644|1|20220525|213329|8001980|20220525|215114|8002628|1|1250|0|      |20220525|20220525|0603|2022-06-05 07:04:46
348997|0000000679621296              |20220525|080336|017|676|0|30300131|130010008|130752708|1|20220525|075142|8002452|20220525|083541|8007284|1|1250|0|      |20220525|20220525|0603|2022-06-05 07:04:46
349323|0000000773390047              |20220525|082748|026|676|0|30300130|130010008|130752145|1|20220525|075246|8002488|20220525|083612|8002330|1|1250|0|      |20220525|20220525|0603|2022-06-05 07:04:46
349325|0000000737814345              |20220525|173914|004|676|0|30300039|130010005|130759263|1|20220525|170959|8001192|20220525|175038|8001649|1|1250|0|      |20220525|20220525|0603|2022-06-05 07:04:46
349327|0000000619259577              |20220525|222617|025|676|0|30300041|130010012|130753323|1|20220525|221117|8001096|20220525|225315|8001569|1|1250|0|      |20220525|20220525|0603|2022-06-05 07:04:46
349329|0000000741706246              |20220525|085708|031|676|0|30300093|130010004|130752223|1|20220525|081301|8002658|20220525|091535|8002208|1|1250|0|      |20220525|20220525|0603|2022-06-05 07:04:46
349331|0000000739344754              |20220525|173134|012|676|0|30300093|130010004|130752230|1|20220525|144849|8002658|20220525|174547|8002208|1|1250|0|      |20220525|20220525|0603|2022-06-05 07:04:46
349333|0000000742186143              |20220525|190436|030|676|0|30300093|130010004|130752273|1|20220525|161438|8002658|20220525|191638|8002208|1|1250|0|      |20220525|20220525|0603|2022-06-05 07:04:46
349335|0000000921417356              |20220525|112451|006|676|0|30300093|130010004|130752213|1|20220525|053654|8002658|20220525|114138|8002208|1|1250|0|      |20220525|20220525|0603|2022-06-05 07:04:46
349337|0000000748322373              |20220525|080447|021|676|0|30300037|130010006|130752037|1|20220525|055454|8002075|20220525|082606|8002961|1|1250|0|      |20220525|20220525|0603|2022-06-05 07:04:46
349339|0000000742950367              |20220525|121503|020|676|0|30300037|130010006|130752031|1|20220525|101101|8002075|20220525|123127|8002961|1|1250|0|      |20220525|20220525|0603|2022-06-05 07:04:46
349341|0000000711714004              |20220525|172042|005|676|0|30300037|130010006|130752074|1|20220525|162835|8002075|20220525|173935|8002961|1|1250|0|      |20220525|20220525|0603|2022-06-05 07:04:46
349343|0000000749124989              |20220525|184539|003|676|0|30300037|130010006|130752072|1|20220525|174400|8002075|20220525|190504|8002961|1|1250|0|      |20220525|20220525|0603|2022-06-05 07:04:46
349345|0000000777742792              |20220525|213810|015|676|0|30300087|130010015|130759634|1|20220525|203610|8002757|20220525|214912|8001604|1|1250|0|      |20220525|20220525|0603|2022-06-05 07:04:46
349347|0000000632780546              |20220525|180144|022|676|0|30300037|130010006|130752002|1|20220525|164918|8002412|20220525|181308|8002559|1|1250|0|      |20220525|20220525|0603|2022-06-05 07:04:46
349349|0000000750613941              |20220525|085157|009|676|0|30300054|130010007|130759353|1|20220525|083600|8007246|20220525|092151|8001923|1|1250|0|      |20220525|20220525|0603|2022-06-05 07:04:46
349702|0000000744782411              |20220525|161233|024|676|0|30300072|130010001|130759421|1|20220525|151818|8001831|20220525|162708|8002917|1|1250|0|      |20220525|20220525|0603|2022-06-05 07:04:46
349704|0000000732148378              |20220525|070209|028|676|0|30300089|130010011|130759577|1|20220525|061459|8002533|20220525|071202|8001555|1|1250|0|      |20220525|20220525|0603|2022-06-05 07:04:46
349706|0000000742064292              |20220525|121652|004|676|0|30300089|130010011|130759574|1|20220525|092115|8002533|20220525|122758|8001555|1|1250|0|      |20220525|20220525|0603|2022-06-05 07:04:46
349708|0000000742586855              |20220525|221631|002|676|0|30300043|130010015|130759613|1|20220525|214954|8001250|20220525|222631|8001429|1|1250|0|      |20220525|20220525|0603|2022-06-05 07:04:46
349710|0000000779986596              |20220525|171211|030|676|0|30300038|130010014|130753255|1|20220525|161919|8002790|20220525|172419|8002733|1|1250|0|      |20220525|20220525|0603|2022-06-05 07:04:46
349712|0000000614710963              |20220525|085018|008|676|0|30300069|130010001|130759411|1|20220525|084755|8002381|20220525|091201|8001135|1|1250|0|      |20220525|20220525|0603|2022-06-05 07:04:46
349714|0000000739534464              |20220525|092039|029|676|0|30300088|130010002|130752317|1|20220525|083205|8002722|20220525|093924|8001104|1|1250|0|      |20220525|20220525|0603|2022-06-05 07:04:46
349716|0000000672336356              |20220525|181557|030|676|0|30300051|130010008|130752113|1|20220525|181036|8001535|20220525|183541|8002330|1|1250|0|      |20220525|20220525|0603|2022-06-05 07:04:46
349718|0000000742673144              |20220525|211505|017|676|0|30300068|130010006|130752036|1|20220525|205536|8002641|20220525|213833|8001962|1|1250|0|      |20220525|20220525|0603|2022-06-05 07:04:46
349720|0000000670402828              |20220525|165525|016|676|0|30300038|130010014|130753524|1|20220525|160017|8002778|20220525|172414|8002408|1|1250|0|      |20220525|20220525|0603|2022-06-05 07:04:46
349722|0000000743549676              |20220525|192947|031|676|0|30300039|130010005|130759271|1|20220525|175433|8001713|20220525|194603|8001193|1|1250|0|      |20220525|20220525|0603|2022-06-05 07:04:46
349724|0000000903114911              |20220525|132412|019|676|0|30300071|130010009|130759149|1|20220525|121600|8002230|20220525|133942|8002556|1|1250|0|      |20220525|20220525|0603|2022-06-05 07:04:46
349726|0000000778775832              |20220525|083609|019|676|0|30300037|130010006|130752024|1|20220525|081120|8001443|20220525|090531|8001574|1|1250|0|      |20220525|20220525|0603|2022-06-05 07:04:46
350106|0000000725594790              |20220525|114349|031|676|0|30300040|130010013|130759815|1|20220525|110504|8001655|20220525|115617|8002241|1|1250|0|      |20220525|20220525|0603|2022-06-05 07:04:46
350108|0000000778925465              |20220525|191611|010|676|0|30300071|130010009|130759180|1|20220525|133605|8001542|20220525|192721|8002632|1|1250|0|      |20220525|20220525|0603|2022-06-05 07:04:46
350110|0000000763996729              |20220525|180717|023|676|0|30300054|130010007|130759363|1|20220525|170858|8001311|20220525|182104|8001305|1|1250|0|      |20220525|20220525|0603|2022-06-05 07:04:46
350112|0000000742405236              |20220525|084732|018|676|0|30300071|130010009|130759107|1|20220525|075127|8002453|20220525|085607|8001182|1|1250|0|      |20220525|20220525|0603|2022-06-05 07:04:46
350114|0000000734099113              |20220525|165430|022|676|0|30300071|130010009|130759149|1|20220525|121600|8002453|20220525|170342|8001182|1|1250|0|      |20220525|20220525|0603|2022-06-05 07:04:46
350116|0000000765519141              |20220525|164634|014|676|0|30300071|130010009|130759135|1|20220525|130648|8002900|20220525|170704|8001078|1|1250|0|      |20220525|20220525|0603|2022-06-05 07:04:46
350118|0000000741875355              |20220525|183716|022|676|0|30300040|130010007|130759359|1|20220525|175809|8007277|20220525|190244|8001091|1|1250|0|      |20220525|20220525|0603|2022-06-05 07:04:46
350120|0000000730997786              |20220525|171333|004|676|0|30300043|130010015|130759603|1|20220525|160415|8001723|20220525|172752|8001296|1|1250|0|      |20220525|20220525|0603|2022-06-05 07:04:46
350122|0000000678148622              |20220525|180237|024|676|0|30300087|130010008|130752155|1|20220525|175427|8002133|20220525|190423|8006006|1|1250|0|      |20220525|20220525|0603|2022-06-05 07:04:46
347307|0000000626823643              |20220525|163305|022|675|1|30300062|130010008|130752704|1|20220525|154857|8001567|20220525|163858|8002202|1|0|0|      |20220525|20220525|0603|2022-06-05 07:04:46
347309|0000000679397731              |20220525|173204|026|676|1|30300054|130010007|130759381|1|20220525|164829|8001567|20220525|173847|8002202|1|0|0|      |20220525|20220525|0603|2022-06-05 07:04:46
347311|0000000744923611              |20220525|173214|005|676|2|30300054|130010007|130759381|1|20220525|164829|8001567|20220525|173850|8002202|1|0|0|      |20220525|20220525|0603|2022-06-05 07:04:46
347313|0000000601538167              |20220525|191924|023|676|1|30300054|130010007|130759349|1|20220525|182829|8001567|20220525|192348|8002202|1|0|0|      |20220525|20220525|0603|2022-06-05 07:04:46
347315|0000000775948899              |20220525|192255|014|676|2|30300054|130010007|130759345|1|20220525|183932|8001567|20220525|193141|8002202|1|0|0|      |20220525|20220525|0603|2022-06-05 07:04:46
347317|0000000713662789              |20220525|060132|021|675|1|30300083|130010001|130759480|1|20220525|045220|8001790|20220525|060942|8002724|1|0|0|      |20220525|20220525|0603|2022-06-05 07:04:46
347319|0000000904902052              |20220525|060145|013|675|1|30300083|130010001|130759480|1|20220525|045220|8001790|20220525|060940|8002724|1|0|0|      |20220525|20220525|0603|2022-06-05 07:04:46
347321|0000000679915772              |20220525|074526|031|676|1|30300054|130010007|130759363|1|20220525|065943|8001567|20220525|074933|8002202|1|0|0|      |20220525|20220525|0603|2022-06-05 07:04:46
347323|0000000918252113              |20220525|090326|008|675|1|30300062|130010008|130752703|1|20220525|053655|8001567|20220525|091055|8002202|1|0|0|      |20220525|20220525|0603|2022-06-05 07:04:46
347460|0000000671141740              |20220525|082835|010|674|1|30300002|130010007|130759325|1|20220525|080554|8001418|20220525|083738|8001097|1|0|0|      |20220525|20220525|0603|2022-06-05 07:04:46
347462|0000000774514326              |20220525|095150|001|674|1|30300002|130010007|130759333|1|20220525|092713|8001418|20220525|095759|8001097|1|0|0|      |20220525|20220525|0603|2022-06-05 07:04:46
347464|0000000755845972              |20220525|125852|027|676|1|30300051|130010008|130752102|1|20220525|115547|8001418|20220525|130642|8001097|1|0|0|      |20220525|20220525|0603|2022-06-05 07:04:46
347466|0000000741300366              |20220525|153600|025|674|1|30300002|130010007|130759320|1|20220525|150651|8001418|20220525|154516|8001097|1|0|0|      |20220525|20220525|0603|2022-06-05 07:04:46
347468|0000000705608686              |20220525|155918|010|674|1|30300002|130010007|130759322|1|20220525|153126|8001418|20220525|160814|8001097|1|0|0|      |20220525|20220525|0603|2022-06-05 07:04:46
347470|0000000742379857              |20220525|170550|017|676|1|30300051|130010008|130752110|1|20220525|160139|8001418|20220525|171342|8001097|1|0|0|      |20220525|20220525|0603|2022-06-05 07:04:46
347472|0000000770306321              |20220525|164437|021|674|1|30300002|130010007|130759327|1|20220525|161735|8001418|20220525|165207|8001097|1|0|0|      |20220525|20220525|0603|2022-06-05 07:04:46
347474|0000000769229955              |20220525|183720|002|674|1|30300002|130010007|130759306|1|20220525|162823|8001418|20220525|184732|8001097|1|0|0|      |20220525|20220525|0603|2022-06-05 07:04:46
347476|0000000763470556              |20220525|201228|022|676|1|30300051|130010008|130752107|1|20220525|191335|8001418|20220525|202018|8001097|1|0|0|      |20220525|20220525|0603|2022-06-05 07:04:46
347478|0000000741195634              |20220525|222056|016|676|1|30300051|130010008|130752142|1|20220525|212313|8001418|20220525|222612|8001097|1|0|0|      |20220525|20220525|0603|2022-06-05 07:04:46
347480|0000000743446384              |20220525|104251|020|674|1|30300002|130010007|130759306|1|20220525|101635|8001418|20220525|105156|8001097|1|0|0|      |20220525|20220525|0603|2022-06-05 07:04:46
347482|0000000903746800              |20220525|072421|028|674|1|30300002|130010007|130759314|1|20220525|070057|8001418|20220525|073050|8001097|1|0|0|      |20220525|20220525|0603|2022-06-05 07:04:46
347484|0000000618836858              |20220525|063057|021|674|1|30300002|130010007|130759310|1|20220525|060515|8001418|20220525|063608|8001097|1|0|0|      |20220525|20220525|0603|2022-06-05 07:04:46
347486|0000000763719445              |20220525|092948|021|674|1|30300002|130010007|130759337|1|20220525|090440|8001418|20220525|093929|8001097|1|0|0|      |20220525|20220525|0603|2022-06-05 07:04:47
347650|0000000778246386              |20220525|175955|012|676|0|30300069|130010001|130759405|1|20220525|172624|8002277|20220525|181005|8002970|1|1250|0|      |20220525|20220525|0603|2022-06-05 07:04:47
347652|0000000774808675              |20220525|230427|011|676|0|30300072|130010001|130759435|1|20220525|221136|8002452|20220525|230932|8002917|1|1250|0|      |20220525|20220525|0603|2022-06-05 07:04:47
347654|0000000735790335              |20220525|161420|001|676|0|30300040|130010013|130759815|1|20220525|141906|8002240|20220525|163202|8002870|1|1250|0|      |20220525|20220525|0603|2022-06-05 07:04:47
347656|0000000905942165              |20220525|183852|014|676|0|30300038|130010014|130753220|1|20220525|173353|8002228|20220525|185959|8002846|1|1250|0|      |20220525|20220525|0603|2022-06-05 07:04:47
347658|0000000730717766              |20220525|170704|012|676|0|30300068|130010006|130752059|1|20220525|170457|8007554|20220525|171455|8007178|1|1250|0|      |20220525|20220525|0603|2022-06-05 07:04:47
347660|0000000773935725              |20220525|230428|014|676|0|30300072|130010001|130759435|1|20220525|221136|8002452|20220525|230927|8002917|1|1250|0|      |20220525|20220525|0603|2022-06-05 07:04:47
347662|0000000663897462              |20220525|065403|023|676|0|30300054|130010007|130759381|1|20220525|062227|8002453|20220525|072026|8001305|1|1250|0|      |20220525|20220525|0603|2022-06-05 07:04:47
347664|0000000663897462              |20220525|114802|025|676|0|30300054|130010007|130759347|1|20220525|111825|8002453|20220525|121259|8001305|1|1250|0|      |20220525|20220525|0603|2022-06-05 07:04:47
347666|0000000903690262              |20220525|132052|002|676|0|30300054|130010007|130759358|1|20220525|125027|8002453|20220525|134711|8001305|1|1250|0|      |20220525|20220525|0603|2022-06-05 07:04:47
347668|0000000729004855              |20220525|214433|029|676|0|30300054|130010007|130759340|1|20220525|212048|8002453|20220525|220740|8001305|1|1250|0|      |20220525|20220525|0603|2022-06-05 07:04:47
347670|0000000619703482              |20220525|091253|001|676|0|30300054|130010007|130759375|1|20220525|084518|8001261|20220525|093002|8001923|1|1250|0|      |20220525|20220525|0603|2022-06-05 07:04:47
347672|0000000900459417              |20220525|064503|014|676|0|30300089|130010011|130759517|1|20220525|055310|8002532|20220525|070934|8001378|1|1250|0|      |20220525|20220525|0603|2022-06-05 07:04:47
347674|0000000751514952              |20220525|074238|006|676|0|30300086|130010013|130759820|1|20220525|053345|8001631|20220525|075314|8005542|1|1250|0|      |20220525|20220525|0603|2022-06-05 07:04:47
347865|0000000906547055              |20220525|060139|024|676|0|30300131|130010008|130752709|1|20220525|055515|8007363|20220525|063718|8002453|1|1250|0|      |20220525|20220525|0603|2022-06-05 07:04:47
344285|0000000788346551              |20220525|143455|009|676|0|30300041|130010012|130753370|1|20220525|133618|8002159|20220525|150626|8070029|1|1250|0|      |20220525|20220525|0603|2022-06-05 07:04:47
344733|0000000638409264              |20220525|145903|003|675|0|30300047|130010001|130759415|1|20220525|145540|8002411|20220525|153239|8002544|1|1250|0|      |20220525|20220525|0603|2022-06-05 07:04:47
344735|0000000747125783              |20220525|222900|007|675|0|30300047|130010001|130759438|1|20220525|221939|8002411|20220525|225301|8002544|1|1250|0|      |20220525|20220525|0603|2022-06-05 07:04:47
344737|0000000776526646              |20220525|224853|012|675|0|30300091|130010013|130759816|1|20220525|205148|8002614|20220525|225540|8002465|1|1250|0|      |20220525|20220525|0603|2022-06-05 07:04:47
344739|0000000771556768              |20220525|190803|010|675|0|30300055|130010014|130753218|1|20220525|175636|8001499|20220525|191928|8002912|1|1250|0|      |20220525|20220525|0603|2022-06-05 07:04:47
344741|0000000726068705              |20220525|074458|007|676|0|30300088|130010002|130752374|1|20220525|073214|8002352|20220525|081233|8001169|1|1250|0|      |20220525|20220525|0603|2022-06-05 07:04:47
344743|0000000622399327              |20220525|072956|008|676|0|30300088|130010002|130752371|1|20220525|072430|8002352|20220525|075711|8001169|1|1250|0|      |20220525|20220525|0603|2022-06-05 07:04:47
344745|0000000462552088              |20220525|093921|017|681|0|30300006|130010002|130752318|1|20220525|091817|8001019|20220525|095257|8003036|1|1250|0|      |20220525|20220525|0603|2022-06-05 07:04:47
344747|0000000909955004              |20220525|070424|006|676|0|30300043|130010015|130759608|1|20220525|063738|8002697|20220525|073751|8001988|1|1250|0|      |20220525|20220525|0603|2022-06-05 07:04:47
344749|0000000903602197              |20220525|075411|018|676|0|30300088|130010002|130752338|1|20220525|074906|8002352|20220525|082037|8001169|1|1250|0|      |20220525|20220525|0603|2022-06-05 07:04:47
344751|0000000918023248              |20220525|093918|017|681|0|30300006|130010002|130752318|1|20220525|091817|8001019|20220525|095323|8003036|1|1250|0|      |20220525|20220525|0603|2022-06-05 07:04:47
344753|0000000647446349              |20220525|122926|014|676|0|30300037|130010006|130752062|1|20220525|122121|8002920|20220525|124602|8002720|1|1250|0|      |20220525|20220525|0603|2022-06-05 07:04:47
344755|0000000776055745              |20220525|145759|010|676|0|30300037|130010006|130752024|1|20220525|142301|8002920|20220525|151529|8002720|1|1250|0|      |20220525|20220525|0603|2022-06-05 07:04:47
344757|0000000918301466              |20220525|154546|009|676|0|30300037|130010006|130759027|1|20220525|154229|8002920|20220525|160407|8002720|1|1250|0|      |20220525|20220525|0603|2022-06-05 07:04:47
344759|0000000601221564              |20220525|164230|024|675|0|30300045|130010006|130752043|1|20220525|162249|8002920|20220525|170333|8002720|1|1250|0|      |20220525|20220525|0603|2022-06-05 07:04:47
345166|0000000626964747              |20220525|131545|010|675|0|30300082|130010001|130759743|1|20220525|123218|8001934|20220525|132518|8002280|1|1250|0|      |20220525|20220525|0603|2022-06-05 07:04:47
345168|0000000753750150              |20220525|082159|031|675|0|30300066|130010015|130759606|1|20220525|075022|8002733|20220525|083436|8001789|1|1250|0|      |20220525|20220525|0603|2022-06-05 07:04:47
345170|0000000903985972              |20220525|090430|029|675|0|30300066|130010015|130759605|1|20220525|083903|8002733|20220525|091413|8001789|1|1250|0|      |20220525|20220525|0603|2022-06-05 07:04:47
345172|0000000460332723              |20220525|062726|022|675|0|30300060|130010014|130753240|1|20220525|053617|8002276|20220525|063707|8001717|1|1250|0|      |20220525|20220525|0603|2022-06-05 07:04:47
345174|0000000776596746              |20220525|181742|016|675|0|30300060|130010014|130753215|1|20220525|170952|8002276|20220525|183328|8001717|1|1250|0|      |20220525|20220525|0603|2022-06-05 07:04:47
345176|0000000618893024              |20220525|141256|015|675|0|30300095|130010005|130759210|1|20220525|133658|8001950|20220525|142522|8002703|1|1250|0|      |20220525|20220525|0603|2022-06-05 07:04:47
345178|0000000778447530              |20220525|184344|019|675|0|30300095|130010011|130759525|1|20220525|142016|8001950|20220525|185648|8002703|1|1250|0|      |20220525|20220525|0603|2022-06-05 07:04:47
345180|0000000758464533              |20220525|134028|015|676|0|30300054|130010007|130759382|1|20220525|132836|8002708|20220525|135836|8002453|1|1250|0|      |20220525|20220525|0603|2022-06-05 07:04:47
345182|0000000728251582              |20220525|091207|008|676|0|30300071|130010009|130759176|1|20220525|081202|8001791|20220525|092238|8002823|1|1250|0|      |20220525|20220525|0603|2022-06-05 07:04:47
345184|0000000715723833              |20220525|085419|019|675|0|30300078|130010008|130752163|1|20220525|082133|8007278|20220525|090013|8001876|1|1250|0|      |20220525|20220525|0603|2022-06-05 07:04:47
345186|0000000756077034              |20220525|220210|014|675|0|30300145|130010014|130753528|1|20220525|212743|8002395|20220525|221303|8002939|1|1250|0|      |20220525|20220525|0603|2022-06-05 07:04:47
345188|0000000910062029              |20220525|175033|006|675|0|30300055|130010014|130753234|1|20220525|173435|8006007|20220525|180441|8001500|1|1250|0|      |20220525|20220525|0603|2022-06-05 07:04:47
345190|0000000635607821              |20220525|175912|008|675|0|30300055|130010014|130753228|1|20220525|135509|8006007|20220525|181432|8001500|1|1250|0|      |20220525|20220525|0603|2022-06-05 07:04:47
345597|0000000672096677              |20220525|201019|031|676|0|30300040|130010013|130759822|1|20220525|174949|8002870|20220525|203059|8002412|1|1250|0|      |20220525|20220525|0603|2022-06-05 07:04:47
345599|0000000771917823              |20220525|065402|026|676|0|30300087|130010008|130752160|1|20220525|062920|8002093|20220525|071339|8002075|1|1250|0|      |20220525|20220525|0603|2022-06-05 07:04:47
345601|0000000921030869              |20220525|091548|028|676|0|30300087|130010015|130759611|1|20220525|085348|8002093|20220525|093751|8002075|1|1250|0|      |20220525|20220525|0603|2022-06-05 07:04:47
345603|0000000725437934              |20220525|155740|006|676|0|30300087|130010008|130752141|1|20220525|153624|8002093|20220525|161558|8002075|1|1250|0|      |20220525|20220525|0603|2022-06-05 07:04:47
345605|0000000903407621              |20220525|173029|016|676|0|30300087|130010015|130759610|1|20220525|170803|8002093|20220525|175117|8002075|1|1250|0|      |20220525|20220525|0603|2022-06-05 07:04:47
345607|0000000750395173              |20220525|165754|003|676|0|30300041|130010012|130753304|1|20220525|141138|8005993|20220525|170741|8070030|1|1250|0|      |20220525|20220525|0603|2022-06-05 07:04:47
345609|0000000740818738              |20220525|171553|018|676|0|30300089|130010011|130759518|1|20220525|155508|8007549|20220525|174043|8002702|1|1250|0|      |20220525|20220525|0603|2022-06-05 07:04:47
345611|0000000742500982              |20220525|132637|006|676|0|30300088|130010002|130752553|1|20220525|101334|8002948|20220525|133054|8002351|1|1250|0|      |20220525|20220525|0603|2022-06-05 07:04:47
345613|0000000741655700              |20220525|105521|001|676|0|30300037|130010006|130752040|1|20220525|061751|8002488|20220525|105928|8003054|1|1250|0|      |20220525|20220525|0603|2022-06-05 07:04:47
340789|0000000745843103              |20220525|063335|024|675|0|30300062|130010008|130752133|1|20220525|061337|8002794|20220525|070457|8001293|1|1250|0|      |20220525|20220525|0603|2022-06-05 07:04:47
340791|0000000722655667              |20220525|072426|024|675|0|30300078|130010008|130752170|1|20220525|072059|8002464|20220525|073547|8002100|1|1250|0|      |20220525|20220525|0603|2022-06-05 07:04:47
340793|0000000754964264              |20220525|073903|029|675|0|30300045|130010006|130752012|1|20220525|072420|8002141|20220525|074653|8007541|1|1250|0|      |20220525|20220525|0603|2022-06-05 07:04:47
340795|0000000442267328              |20220525|071359|009|674|0|30300002|130010007|130759335|1|20220525|065752|8003020|20220525|074835|8001721|1|1250|0|      |20220525|20220525|0603|2022-06-05 07:04:47
340797|0000000754769922              |20220525|082046|022|675|0|30300081|130010011|130759511|1|20220525|075536|8002168|20220525|082344|8002217|1|1250|0|      |20220525|20220525|0603|2022-06-05 07:04:47
341177|0000000722162038              |20220525|161213|030|675|0|30300092|130010013|130759824|1|20220525|153025|8001478|20220525|162023|8002131|1|1250|0|      |20220525|20220525|0603|2022-06-05 07:04:47
341179|0000000909755660              |20220525|160418|029|675|0|30300095|130010005|130759228|1|20220525|154003|8002831|20220525|163306|8002338|1|1250|0|      |20220525|20220525|0603|2022-06-05 07:04:47
341181|0000000904412301              |20220525|165443|022|675|0|30300081|130010011|130759571|1|20220525|161347|8002756|20220525|171745|8002753|1|1250|0|      |20220525|20220525|0603|2022-06-05 07:04:47
341183|0000000920946542              |20220525|174155|010|675|0|30300083|130010001|130759478|1|20220525|163943|8003017|20220525|174954|8002287|1|1250|0|      |20220525|20220525|0603|2022-06-05 07:04:47
341185|0000000920944679              |20220525|180352|029|675|0|30300095|130010005|130759210|1|20220525|165851|8001725|20220525|180913|8001651|1|1250|0|      |20220525|20220525|0603|2022-06-05 07:04:47
341187|0000000739925060              |20220525|182359|030|675|0|30300050|130010007|130759301|1|20220525|182209|8001318|20220525|185138|8002973|1|1250|0|      |20220525|20220525|0603|2022-06-05 07:04:47
341189|0000000767820565              |20220525|180506|021|674|0|30300104|130010002|130752341|1|20220525|172003|8005583|20220525|184950|8001083|1|1250|0|      |20220525|20220525|0603|2022-06-05 07:04:47
341191|0000000643995998              |20220525|180846|016|674|0|30300002|130010007|130759306|1|20220525|162823|8002254|20220525|191454|8002134|1|1250|0|      |20220525|20220525|0603|2022-06-05 07:04:47
341193|0000000648732178              |20220525|190016|017|680|0|30300009|130010002|130752558|1|20220525|183950|8002835|20220525|191722|8002547|1|1250|0|      |20220525|20220525|0603|2022-06-05 07:04:47
341195|0000000723286366              |20220525|193428|029|675|0|30300082|130010001|130759776|1|20220525|191719|8001573|20220525|194758|8001928|1|1250|0|      |20220525|20220525|0603|2022-06-05 07:04:47
341197|0000000725526477              |20220525|193203|006|674|0|30300002|130010007|130759320|1|20220525|185717|8001097|20220525|200033|8002132|1|1250|0|      |20220525|20220525|0603|2022-06-05 07:04:47
341199|0000000768655133              |20220525|204229|026|675|0|30300091|130010013|130759814|1|20220525|203420|8002131|20220525|211107|8002219|1|1250|0|      |20220525|20220525|0603|2022-06-05 07:04:47
341201|0000000725940252              |20220525|214318|011|679|0|30300063|130010001|130759774|1|20220525|211649|8001789|20220525|215606|8001254|1|1250|0|      |20220525|20220525|0603|2022-06-05 07:04:47
341581|0000000761500803              |20220525|075043|015|675|0|30300046|130010002|130752324|1|20220525|071005|8005997|20220525|075656|8070027|1|1250|0|      |20220525|20220525|0603|2022-06-05 07:04:47
341583|0000000700045692              |20220525|171410|004|675|0|30300046|130010002|130752352|1|20220525|163557|8005997|20220525|171731|8070027|1|1250|0|      |20220525|20220525|0603|2022-06-05 07:04:47
341585|0000000758259007              |20220525|122205|021|676|0|30300054|130010007|130759374|1|20220525|120200|8001645|20220525|123002|8007011|1|1250|0|      |20220525|20220525|0603|2022-06-05 07:04:47
341587|0000000911292493              |20220525|162950|009|676|0|30300072|130010001|130759431|1|20220525|160821|8001348|20220525|163920|8001995|1|1250|0|      |20220525|20220525|0603|2022-06-05 07:04:47
341589|0000000720711587              |20220525|164033|023|675|0|30300058|130010004|130752222|1|20220525|160901|8002428|20220525|165330|8002620|1|1250|0|      |20220525|20220525|0603|2022-06-05 07:04:47
341591|0000000738356003              |20220525|143945|007|675|0|30300058|130010004|130752251|1|20220525|140408|8001875|20220525|145008|8002429|1|1250|0|      |20220525|20220525|0603|2022-06-05 07:04:47
341593|0000000921912411              |20220525|214627|003|675|0|30300058|130010004|130752266|1|20220525|200001|8001875|20220525|215518|8002429|1|1250|0|      |20220525|20220525|0603|2022-06-05 07:04:47
341595|0000000725577191              |20220525|074852|013|676|0|30300054|130010007|130759340|1|20220525|073254|8007246|20220525|081755|8002453|1|1250|0|      |20220525|20220525|0603|2022-06-05 07:04:47
341597|0000000769728310              |20220525|131836|016|676|0|30300054|130010007|130759360|1|20220525|130338|8007246|20220525|133652|8002453|1|1250|0|      |20220525|20220525|0603|2022-06-05 07:04:47
341599|0000000773413119              |20220525|180922|024|676|0|30300054|130010007|130759384|1|20220525|174630|8007246|20220525|183059|8002453|1|1250|0|      |20220525|20220525|0603|2022-06-05 07:04:47
341601|0000000741438414              |20220525|152850|010|675|0|30300055|130010014|130753221|1|20220525|125231|8002344|20220525|154710|8001553|1|1250|0|      |20220525|20220525|0603|2022-06-05 07:04:47
341603|0000000725594682              |20220525|193639|010|675|0|30300048|130010006|130752069|1|20220525|183203|8002052|20220525|194117|8005570|1|1250|0|      |20220525|20220525|0603|2022-06-05 07:04:47
341605|0000000903680305              |20220525|124425|015|675|0|30300080|130010009|130759172|1|20220525|070009|8002577|20220525|130125|8001986|1|1250|0|      |20220525|20220525|0603|2022-06-05 07:04:47
341607|0000000900462382              |20220525|075833|005|675|0|30300096|130010006|130752071|1|20220525|071812|8002026|20220525|081320|8001305|1|1250|0|      |20220525|20220525|0603|2022-06-05 07:04:47
341987|0000000738477581              |20220525|205500|025|675|0|30300067|130010001|130759729|1|20220525|193619|8002630|20220525|212022|8002815|1|1250|0|      |20220525|20220525|0603|2022-06-05 07:04:47
341989|0000000764157063              |20220525|103353|019|680|0|30300052|130010006|130752003|1|20220525|091441|8001934|20220525|103958|8002603|1|1250|0|      |20220525|20220525|0603|2022-06-05 07:04:47
341991|0000000903441863              |20220525|145510|030|675|0|30300091|130010013|130759819|1|20220525|140433|8002905|20220525|150237|8007270|1|1250|0|      |20220525|20220525|0603|2022-06-05 07:04:47
341993|0000000743742216              |20220525|151447|016|675|0|30300091|130010013|130759811|1|20220525|142131|8002905|20220525|152318|8007270|1|1250|0|      |20220525|20220525|0603|2022-06-05 07:04:47
341995|0000000908669809              |20220525|165807|019|675|0|30300091|130010013|130759876|1|20220525|160100|8002905|20220525|170439|8007270|1|1250|0|      |20220525|20220525|0603|2022-06-05 07:04:47
337815|0000000746839274              |20220525|150940|030|675|1|30300081|130010011|130759572|1|20220525|131358|8001005|20220525|152051|8002615|1|0|0|      |20220525|20220525|0603|2022-06-05 07:04:47
337817|0000000900725281              |20220525|205858|024|675|0|30300081|130010011|130759523|4|20220525|202329|8001005|20220525|211145|8002615|1|750|0|      |20220525|20220525|0603|2022-06-05 07:04:47
337819|0000000719953019              |20220525|151335|022|674|1|30300100|130010002|130752383|1|20220525|150810|8001412|20220525|155050|8001083|1|0|0|      |20220525|20220525|0603|2022-06-05 07:04:47
337821|0000000910637789              |20220525|163334|021|674|2|30300100|130010002|130752367|1|20220525|162745|8001412|20220525|171204|8001083|1|0|0|      |20220525|20220525|0603|2022-06-05 07:04:47
337823|0000000640057113              |20220525|185401|014|674|1|30300100|130010002|130752367|1|20220525|184941|8001412|20220525|192541|8001083|1|0|0|      |20220525|20220525|0603|2022-06-05 07:04:47
337825|0000000903093101              |20220525|074651|013|676|1|30300089|130010011|130759576|1|20220525|053721|8002814|20220525|075857|8003047|1|0|0|      |20220525|20220525|0603|2022-06-05 07:04:47
337827|0000000721802896              |20220525|060526|020|676|1|30300089|130010011|130759504|1|20220525|054321|8002814|20220525|061626|8003047|1|0|0|      |20220525|20220525|0603|2022-06-05 07:04:47
338234|0000000789003777              |20220525|093520|023|676|2|30300038|130010014|130753525|1|20220525|092637|8002973|20220525|094140|8001703|1|0|0|      |20220525|20220525|0603|2022-06-05 07:04:47
338236|0000000790380718              |20220525|170940|023|674|1|30300104|130010002|130752504|1|20220525|165905|8001078|20220525|171403|8001062|1|0|0|      |20220525|20220525|0603|2022-06-05 07:04:47
338238|0000000794096379              |20220525|151316|003|676|1|30300073|130010009|130759161|1|20220525|141741|8001923|20220525|153413|8007420|1|0|0|      |20220525|20220525|0603|2022-06-05 07:04:47
338240|0000000793828283              |20220525|222650|004|675|0|30300060|130010014|130753507|1|20220525|214309|8002088|20220525|222931|8001629|1|1250|0|      |20220525|20220525|0603|2022-06-05 07:04:47
338242|0000000400142557              |20220525|102043|028|673|0|30300001|130510004|130751102|1|20220525|060100|8005664|20220525|103641|8002412|1|1100|0|      |20220525|20220525|0603|2022-06-05 07:04:47
338244|0000001110079120              |20220525|175452|017|673|0|30300004|130510004|130751008|1|20220525|061555|8002050|20220525|184006|8002721|1|1100|0|      |20220525|20220525|0603|2022-06-05 07:04:47
338246|0000000488625949              |20220525|111253|002|676|0|30300089|130010011|130759504|1|20220525|095551|8001309|20220525|113342|8002134|1|1250|0|      |20220525|20220525|0603|2022-06-05 07:04:47
338248|0000000699355899              |20220525|092542|005|673|0|30300004|130510004|130751100|1|20220524|053431|8001182|20220525|092719|8001742|1|1100|0|      |20220525|20220525|0603|2022-06-05 07:04:47
338250|0000000683238537              |20220525|092719|009|679|0|30300063|130010001|130759486|1|20220525|090319|8002483|20220525|094024|8002253|1|1250|0|      |20220525|20220525|0603|2022-06-05 07:04:47
338252|0000000400186682              |20220525|181612|007|675|0|30300047|130010001|130759705|1|20220525|174849|8005993|20220525|184936|8001488|1|1250|0|      |20220525|20220525|0603|2022-06-05 07:04:47
338254|0000000695834333              |20220525|161150|031|676|0|30300087|130010015|130759621|1|20220525|151214|8002235|20220525|161329|8003006|1|1250|0|      |20220525|20220525|0603|2022-06-05 07:04:47
338256|0000000694807487              |20220525|084011|016|675|0|30300091|130010013|130759821|1|20220525|073831|8007274|20220525|085127|8001464|1|1250|0|      |20220525|20220525|0603|2022-06-05 07:04:47
338258|0000000698269713              |20220525|103017|001|675|2|30300057|130010001|130759755|1|20220525|092552|8002509|20220525|110029|8002799|1|0|0|      |20220525|20220525|0603|2022-06-05 07:04:47
338665|0000000785024743              |20220525|212635|025|676|1|30300071|130010009|130759150|1|20220525|125611|8001989|20220525|213654|8002758|1|0|0|      |20220525|20220525|0603|2022-06-05 07:04:47
338667|0000000789201178              |20220525|180343|001|676|1|30300054|130010007|130759351|1|20220525|170550|8002468|20220525|183920|8001828|1|0|0|      |20220525|20220525|0603|2022-06-05 07:04:47
338669|0000000699266174              |20220525|194109|014|678|0|30300074|130010014|130753613|1|20220525|193433|8005036|20220525|203801|8001097|1|1250|450|      |20220525|20220525|0603|2022-06-05 07:04:47
338671|0000000796281017              |20220525|071739|005|676|1|30300088|130010006|130752001|1|20220525|064355|8002539|20220525|074114|8002410|1|150|0|      |20220525|20220525|0603|2022-06-05 07:04:47
338673|0000000694553430              |20220525|161656|001|680|0|30300052|130010002|130752323|1|20220525|160749|8005159|20220525|165432|8001029|1|1250|250|      |20220525|20220525|0603|2022-06-05 07:04:47
338675|0000000686633375              |20220525|215904|008|673|0|30300004|130510004|130751100|1|20220524|053431|8001182|20220525|220817|8002961|1|1100|0|      |20220525|20220525|0603|2022-06-05 07:04:47
338677|0000000785560986              |20220525|095351|012|678|0|30300074|130010014|130753613|1|20220525|081311|8005030|20220525|103813|8002695|1|1250|450|      |20220525|20220525|0603|2022-06-05 07:04:47
338679|0000000488675791              |20220525|181946|010|678|0|30300074|130010014|130753217|1|20220525|181555|8005032|20220525|184856|8002822|1|1250|450|      |20220525|20220525|0603|2022-06-05 07:04:47
338681|0000000793937751              |20220525|111013|017|676|0|30300130|130010008|130752139|1|20220525|103913|8002486|20220525|111159|8002345|1|1250|0|      |20220525|20220525|0603|2022-06-05 07:04:47
338683|0000000789218723              |20220525|201337|028|676|1|30300037|130010006|130752062|1|20220525|191652|8002402|20220525|205700|8001035|1|0|0|      |20220525|20220525|0603|2022-06-05 07:04:47
338685|0000000683675079              |20220525|180551|018|675|1|30300062|130010008|130752133|1|20220525|175051|8001852|20220525|183227|8001949|1|0|0|      |20220525|20220525|0603|2022-06-05 07:04:47
338687|0000000400204346              |20220525|100146|004|676|1|30300051|130010008|130752108|1|20220525|093456|8001929|20220525|103416|8007046|1|0|0|      |20220525|20220525|0603|2022-06-05 07:04:47
338689|0000000699666466              |20220525|170303|008|675|0|30300049|130010004|130752237|4|20220525|150206|8001929|20220525|173806|8001903|1|750|0|      |20220525|20220525|0603|2022-06-05 07:04:47
338691|0000000793222098              |20220525|204926|005|675|0|30300049|130010004|130752233|4|20220525|202223|8001491|20220525|210839|8001056|1|750|0|      |20220525|20220525|0603|2022-06-05 07:04:47
339098|0000000773791988              |20220525|214059|010|675|2|30300080|130010009|130759130|1|20220525|205557|8001982|20220525|214306|8001983|1|0|0|      |20220525|20220525|0603|2022-06-05 07:04:47
339100|0000000676611709              |20220525|143230|003|676|1|30300038|130010014|130753525|1|20220525|135853|8002917|20220525|143555|8003044|1|0|0|      |20220525|20220525|0603|2022-06-05 07:04:47
339102|0000000614526872              |20220525|130019|020|675|2|30300092|130010013|130759810|1|20220525|114713|8001314|20220525|130902|8001477|1|0|0|      |20220525|20220525|0603|2022-06-05 07:04:47
335238|0000000725469809              |20220525|122419|020|674|0|30300100|130010002|130752359|1|20220525|115548|8001714|20220525|122948|8001927|1|1250|0|      |20220525|20220525|0603|2022-06-05 07:04:47
335240|0000000638027592              |20220525|203927|002|674|0|30300100|130010002|130752344|1|20220525|201730|8001714|20220525|204733|8001927|1|1250|0|      |20220525|20220525|0603|2022-06-05 07:04:47
335242|0000000711852635              |20220525|130516|022|675|0|30300045|130010006|130759003|1|20220525|121224|8001276|20220525|131123|8001714|1|1250|0|      |20220525|20220525|0603|2022-06-05 07:04:47
335244|0000000755371511              |20220525|115149|010|676|0|30300054|130010007|130759378|1|20220525|111919|8001922|20220525|120041|8002452|1|1250|0|      |20220525|20220525|0603|2022-06-05 07:04:47
335246|0000000675571972              |20220525|201159|031|676|0|30300054|130010007|130759387|1|20220525|194158|8001922|20220525|202412|8002452|1|1250|0|      |20220525|20220525|0603|2022-06-05 07:04:47
335248|0000000725947985              |20220525|211640|009|676|0|30300054|130010007|130759345|1|20220525|204255|8001922|20220525|212313|8002452|1|1250|0|      |20220525|20220525|0603|2022-06-05 07:04:47
335250|0000000903011210              |20220525|091411|019|676|0|30300040|130010007|130759373|1|20220525|091034|8002941|20220525|092205|8002721|1|1250|0|      |20220525|20220525|0603|2022-06-05 07:04:47
335252|0000000675783014              |20220525|183820|008|676|0|30300040|130010007|130759380|1|20220525|183647|8002941|20220525|184408|8002721|1|1250|0|      |20220525|20220525|0603|2022-06-05 07:04:47
335254|0000000461541355              |20220525|073827|028|675|0|30300055|130010014|130753208|1|20220525|071844|8001667|20220525|074513|8001934|1|1250|0|      |20220525|20220525|0603|2022-06-05 07:04:47
335256|0000000766807331              |20220525|080528|003|675|0|30300055|130010014|130753211|1|20220525|074122|8001667|20220525|081506|8001934|1|1250|0|      |20220525|20220525|0603|2022-06-05 07:04:47
335258|0000000746645841              |20220525|081557|009|675|0|30300055|130010014|130753210|1|20220525|061429|8001667|20220525|082530|8001934|1|1250|0|      |20220525|20220525|0603|2022-06-05 07:04:47
335260|0000000759321089              |20220525|075646|012|675|0|30300055|130010014|130753225|1|20220525|072017|8001667|20220525|080643|8001934|1|1250|0|      |20220525|20220525|0603|2022-06-05 07:04:47
335262|0000000721258062              |20220525|121754|025|675|0|30300055|130010014|130753250|1|20220525|061410|8001667|20220525|122312|8001934|1|1250|0|      |20220525|20220525|0603|2022-06-05 07:04:47
335669|0000000917992966              |20220525|175319|022|676|1|30300051|130010008|130752124|1|20220525|174143|8001152|20220525|180515|8001369|1|0|0|      |20220525|20220525|0603|2022-06-05 07:04:47
335671|0000000775939389              |20220525|084422|023|675|1|30300079|130010009|130759120|1|20220525|052934|8002543|20220525|090035|8002723|1|0|0|      |20220525|20220525|0603|2022-06-05 07:04:47
335673|0000000918421880              |20220525|222546|010|676|2|30300093|130010004|130752215|1|20220525|215353|8002460|20220525|223328|8002607|1|0|0|      |20220525|20220525|0603|2022-06-05 07:04:47
335675|0000000731108979              |20220525|125318|021|675|2|30300067|130010001|130759735|1|20220525|115717|8002153|20220525|130244|8002447|1|0|0|      |20220525|20220525|0603|2022-06-05 07:04:47
335677|0000000903652113              |20220525|163612|019|675|2|30300055|130010014|130753267|1|20220525|154102|8002631|20220525|170034|8002926|1|0|0|      |20220525|20220525|0603|2022-06-05 07:04:47
335679|0000000735628358              |20220525|081736|022|675|1|30300053|130010002|130752384|1|20220525|060244|8001916|20220525|082726|8001579|1|0|0|      |20220525|20220525|0603|2022-06-05 07:04:47
335681|0000000650728876              |20220525|223142|013|675|1|30300053|130010002|130752387|1|20220525|214552|8001916|20220525|224018|8001579|1|0|0|      |20220525|20220525|0603|2022-06-05 07:04:47
335683|0000000725779821              |20220525|081733|001|676|1|30300068|130010006|130759025|1|20220525|052058|8001096|20220525|083057|8001359|1|0|0|      |20220525|20220525|0603|2022-06-05 07:04:47
335685|0000000627349220              |20220525|064310|012|676|1|30300068|130010006|130752009|1|20220525|054141|8001096|20220525|065200|8001359|1|0|0|      |20220525|20220525|0603|2022-06-05 07:04:47
335687|0000000759005950              |20220525|153158|007|676|1|30300068|130010006|130752015|1|20220525|152226|8001096|20220525|154403|8001359|1|0|0|      |20220525|20220525|0603|2022-06-05 07:04:47
335689|0000000777077341              |20220525|071406|003|676|1|30300072|130010001|130759714|1|20220525|063406|8002608|20220525|073237|8002558|1|0|0|      |20220525|20220525|0603|2022-06-05 07:04:47
335691|0000000767439330              |20220525|073745|013|676|1|30300072|130010001|130759724|1|20220525|065637|8002608|20220525|075643|8002558|1|0|0|      |20220525|20220525|0603|2022-06-05 07:04:47
335693|0000000742396622              |20220525|074846|005|676|1|30300072|130010001|130759734|1|20220525|071038|8002608|20220525|081006|8002558|1|0|0|      |20220525|20220525|0603|2022-06-05 07:04:47
336100|0000000743674137              |20220525|112820|030|676|1|30300037|130010006|130752044|1|20220525|103404|8001097|20220525|113422|8001037|1|0|0|      |20220525|20220525|0603|2022-06-05 07:04:47
336102|0000000776357320              |20220525|124026|014|676|1|30300037|130010006|130759023|1|20220525|114401|8001097|20220525|124641|8001037|1|0|0|      |20220525|20220525|0603|2022-06-05 07:04:47
336104|0000000471072511              |20220525|175446|009|676|2|30300037|130010006|130752037|1|20220525|165055|8001097|20220525|180107|8001037|1|0|0|      |20220525|20220525|0603|2022-06-05 07:04:47
336106|0000000725565128              |20220525|222848|001|676|1|30300037|130010006|130752014|1|20220525|213840|8001097|20220525|223142|8001037|1|0|0|      |20220525|20220525|0603|2022-06-05 07:04:47
336108|0000000701998781              |20220525|091316|020|675|1|30300058|130010004|130752257|1|20220525|082522|8001929|20220525|092957|8001754|1|0|0|      |20220525|20220525|0603|2022-06-05 07:04:47
336110|0000000726173203              |20220525|105155|012|675|1|30300058|130010004|130752202|1|20220525|100030|8001929|20220525|110614|8001754|1|0|0|      |20220525|20220525|0603|2022-06-05 07:04:47
336112|0000000769645960              |20220525|182221|008|675|1|30300058|130010004|130752222|1|20220525|160901|8001929|20220525|184337|8001754|1|0|0|      |20220525|20220525|0603|2022-06-05 07:04:47
336114|0000000628318663              |20220525|193359|018|675|2|30300058|130010004|130752290|1|20220525|135809|8001929|20220525|195054|8001754|1|0|0|      |20220525|20220525|0603|2022-06-05 07:04:47
336116|0000000908054935              |20220525|130807|024|676|2|30300072|130010001|130759427|4|20220525|121140|8002558|20220525|132213|8001059|1|0|0|      |20220525|20220525|0603|2022-06-05 07:04:47
336118|0000000739889289              |20220525|184226|024|676|1|30300072|130010001|130759483|1|20220525|171839|8002558|20220525|185819|8001059|1|0|0|      |20220525|20220525|0603|2022-06-05 07:04:47
336120|0000000900956953              |20220525|210000|030|676|1|30300072|130010001|130759429|1|20220525|125420|8002558|20220525|211304|8001059|1|0|0|      |20220525|20220525|0603|2022-06-05 07:04:47
353721|0000000757780159              |20220525|210933|011|676|0|30300088|130010002|130752512|1|20220525|195947|8002410|20220525|212620|8001577|1|1250|0|      |20220525|20220525|0603|2022-06-05 07:04:47
331719|0000000711631029              |20220525|104240|028|676|0|30300038|130010014|130753525|1|20220525|092637|8003128|20220525|105328|8001611|1|1250|0|      |20220525|20220525|0603|2022-06-05 07:04:47
331721|0000000747290527              |20220525|113737|029|676|0|30300038|130010014|130753503|1|20220525|100057|8002846|20220525|121329|9002077|1|1250|0|      |20220525|20220525|0603|2022-06-05 07:04:47
331723|0000000711631029              |20220525|133540|029|676|0|30300038|130010014|130753220|1|20220525|132257|8001612|20220525|134402|8003131|1|1250|0|      |20220525|20220525|0603|2022-06-05 07:04:47
331725|0000000749676493              |20220525|153833|015|676|0|30300038|130010014|130753501|1|20220525|143254|8002913|20220525|155054|8001056|1|1250|0|      |20220525|20220525|0603|2022-06-05 07:04:47
331727|0000000711760097              |20220525|210320|012|676|0|30300038|130010014|130753501|1|20220525|204949|8001168|20220525|212602|8001059|1|1250|0|      |20220525|20220525|0603|2022-06-05 07:04:47
331729|0000000623621460              |20220525|062411|024|676|0|30300089|130010011|130759517|1|20220525|055310|8001001|20220525|071245|8002702|1|1250|0|      |20220525|20220525|0603|2022-06-05 07:04:47
331731|0000000751174301              |20220525|065913|012|676|0|30300089|130010011|130759574|1|20220525|064935|8001991|20220525|071725|8002159|1|1250|0|      |20220525|20220525|0603|2022-06-05 07:04:47
331733|0000000770357104              |20220525|074418|018|676|0|30300089|130010011|130759576|1|20220525|053721|8002159|20220525|080552|8007102|1|1250|0|      |20220525|20220525|0603|2022-06-05 07:04:47
331735|0000000729514597              |20220525|084908|026|676|0|30300089|130010011|130759578|1|20220525|073708|8002072|20220525|085847|8005508|1|1250|0|      |20220525|20220525|0603|2022-06-05 07:04:47
331737|0000000765689816              |20220525|083454|009|676|0|30300089|130010011|130759573|1|20220525|065430|8002207|20220525|084024|8001656|1|1250|0|      |20220525|20220525|0603|2022-06-05 07:04:47
331739|0000000641390607              |20220525|090806|020|676|0|30300089|130010011|130759512|1|20220525|052924|8002537|20220525|091940|8005508|1|1250|0|      |20220525|20220525|0603|2022-06-05 07:04:47
331741|0000000710317367              |20220525|131913|007|676|0|30300089|130010011|130759578|1|20220525|122715|8002533|20220525|132457|8005512|1|1250|0|      |20220525|20220525|0603|2022-06-05 07:04:47
331743|0000000752181301              |20220525|143941|017|676|0|30300089|130010011|130759573|1|20220525|143039|8002934|20220525|144353|8002649|1|1250|0|      |20220525|20220525|0603|2022-06-05 07:04:47
331745|0000000658578393              |20220525|162843|031|676|0|30300089|130010011|130759513|1|20220525|130925|8005507|20220525|164630|8002531|1|1250|0|      |20220525|20220525|0603|2022-06-05 07:04:47
332222|0000000720207962              |20220525|065325|009|674|0|30300104|130010002|130752314|1|20220525|062354|8005997|20220525|070749|8001567|1|1250|0|      |20220525|20220525|0603|2022-06-05 07:04:47
332224|0000000722977461              |20220525|075321|009|674|0|30300104|130010002|130752313|1|20220525|072819|8005997|20220525|081629|8001567|1|1250|0|      |20220525|20220525|0603|2022-06-05 07:04:47
332226|0000000704538671              |20220525|082631|006|674|0|30300104|130010002|130752300|1|20220525|075711|8005997|20220525|085220|8001567|1|1250|0|      |20220525|20220525|0603|2022-06-05 07:04:47
332228|0000000636790373              |20220525|094740|023|674|0|30300104|130010002|130752505|1|20220525|091804|8005997|20220525|100432|8001567|1|1250|0|      |20220525|20220525|0603|2022-06-05 07:04:47
332230|0000000619416657              |20220525|120846|001|674|0|30300104|130010002|130752313|1|20220525|114303|8005997|20220525|122304|8001567|1|1250|0|      |20220525|20220525|0603|2022-06-05 07:04:47
332232|0000000663019441              |20220525|174714|006|674|0|30300104|130010002|130752341|1|20220525|172003|8005997|20220525|180317|8001567|1|1250|0|      |20220525|20220525|0603|2022-06-05 07:04:47
332234|0000000729073241              |20220525|095720|027|675|0|30300060|130010014|130753522|1|20220525|073948|8001716|20220525|101937|8002453|1|1250|0|      |20220525|20220525|0603|2022-06-05 07:04:47
332236|0000000723194531              |20220525|171054|007|675|0|30300060|130010014|130753245|1|20220525|145356|8001716|20220525|173814|8002453|1|1250|0|      |20220525|20220525|0603|2022-06-05 07:04:47
332238|0000000709269839              |20220525|151223|006|675|0|30300080|130010009|130759160|1|20220525|140948|8001460|20220525|153006|8001420|1|1250|0|      |20220525|20220525|0603|2022-06-05 07:04:47
332240|0000000770241575              |20220525|175639|016|675|0|30300080|130010009|130759152|1|20220525|164954|8001460|20220525|181834|8001420|1|1250|0|      |20220525|20220525|0603|2022-06-05 07:04:47
332242|0000000741328984              |20220525|222147|029|675|0|30300080|130010009|130759160|1|20220525|140948|8001460|20220525|223443|8001420|1|1250|0|      |20220525|20220525|0603|2022-06-05 07:04:47
332244|0000000704441019              |20220525|070116|008|675|0|30300050|130010007|130759369|1|20220525|051005|8002403|20220525|071936|8002054|1|1250|0|      |20220525|20220525|0603|2022-06-05 07:04:47
332246|0000000903145939              |20220525|074013|009|675|0|30300046|130010002|130752353|1|20220525|070719|8002721|20220525|074421|8002411|1|1250|0|      |20220525|20220525|0603|2022-06-05 07:04:47
332653|0000000774650573              |20220525|062800|029|674|0|30300104|130010002|130752300|1|20220525|060843|8070011|20220525|064437|8002453|1|1250|0|      |20220525|20220525|0603|2022-06-05 07:04:47
332655|0000000760045798              |20220525|103940|025|674|0|30300104|130010002|130752300|1|20220525|101919|8070011|20220525|105954|8002453|1|1250|0|      |20220525|20220525|0603|2022-06-05 07:04:47
332657|0000000737788064              |20220525|133035|026|674|0|30300104|130010002|130752341|1|20220525|130831|8070011|20220525|135139|8002453|1|1250|0|      |20220525|20220525|0603|2022-06-05 07:04:47
332659|0000000743015048              |20220525|150106|017|674|0|30300104|130010002|130752314|1|20220525|144152|8070011|20220525|152038|8002453|1|1250|0|      |20220525|20220525|0603|2022-06-05 07:04:47
332661|0000000672677086              |20220525|185145|005|674|0|30300104|130010002|130752300|1|20220525|182932|8070011|20220525|191436|8002453|1|1250|0|      |20220525|20220525|0603|2022-06-05 07:04:47
332663|0000000769686835              |20220525|100706|016|676|0|30300088|130010002|130752380|1|20220525|091013|8002742|20220525|101116|8002721|1|1250|0|      |20220525|20220525|0603|2022-06-05 07:04:47
332665|0000000903467654              |20220525|134019|006|676|0|30300088|130010002|130752370|1|20220525|123811|8002742|20220525|134721|8002721|1|1250|0|      |20220525|20220525|0603|2022-06-05 07:04:47
332667|0000000762512423              |20220525|151336|011|676|0|30300088|130010002|130752372|1|20220525|141700|8002742|20220525|151658|8002721|1|1250|0|      |20220525|20220525|0603|2022-06-05 07:04:47
332669|0000000777363474              |20220525|171113|004|676|0|30300088|130010002|130752511|1|20220525|161521|8002742|20220525|171744|8002721|1|1250|0|      |20220525|20220525|0603|2022-06-05 07:04:47
354861|0000000725152425              |20220525|192206|018|674|0|30300002|130010007|130759327|1|20220525|183355|8001721|20220525|194828|8002743|1|1250|0|      |20220525|20220525|0603|2022-06-05 07:04:47
354863|0000000725280529              |20220525|062952|004|675|0|30300091|130010013|130759876|1|20220525|055830|8002464|20220525|064315|8001085|1|1250|0|      |20220525|20220525|0603|2022-06-05 07:04:47
354865|0000000702106977              |20220525|082738|013|675|0|30300059|130010004|130752204|1|20220525|081320|8002601|20220525|084413|8001540|1|1250|0|      |20220525|20220525|0603|2022-06-05 07:04:47
354867|0000000725927872              |20220525|111938|003|675|0|30300059|130010004|130752271|1|20220525|062035|8002601|20220525|113347|8001540|1|1250|0|      |20220525|20220525|0603|2022-06-05 07:04:47
354869|0000000918186266              |20220525|202401|007|675|0|30300057|130010001|130759750|1|20220525|200205|8001529|20220525|203554|8002798|1|1250|0|      |20220525|20220525|0603|2022-06-05 07:04:47
354871|0000000918202147              |20220525|174400|004|675|0|30300055|130010014|130753206|1|20220525|162458|8002685|20220525|175314|8001847|1|1250|0|      |20220525|20220525|0603|2022-06-05 07:04:47
354873|0000000729498479              |20220525|144212|014|674|0|30300100|130010002|130752508|1|20220525|142930|8007042|20220525|150747|8001083|1|1250|0|      |20220525|20220525|0603|2022-06-05 07:04:47
354875|0000000752334643              |20220525|081023|001|674|0|30300100|130010002|130752508|1|20220525|075311|8007042|20220525|083357|8001083|1|1250|0|      |20220525|20220525|0603|2022-06-05 07:04:47
354877|0000000740499274              |20220525|180434|019|675|0|30300064|130010015|130759638|1|20220525|163450|8002628|20220525|183833|8001254|1|1250|0|      |20220525|20220525|0603|2022-06-05 07:04:47
354987|0000000625167549              |20220525|155142|014|675|0|30300062|130010008|130752131|1|20220525|152936|8002794|20220525|160145|8002279|1|1250|0|      |20220525|20220525|0603|2022-06-05 07:04:47
354989|0000000661545252              |20220525|085007|001|676|0|30300038|130010014|130753201|1|20220525|074049|8002846|20220525|090332|8002408|1|1250|0|      |20220525|20220525|0603|2022-06-05 07:04:47
354991|0000000754649983              |20220525|142737|026|675|0|30300046|130010002|130752350|1|20220525|141353|8007066|20220525|143532|8002210|1|1250|0|      |20220525|20220525|0603|2022-06-05 07:04:47
354993|0000000702570832              |20220525|072245|020|676|0|30300038|130010014|130753505|1|20220525|050906|8002846|20220525|073619|8002408|1|1250|0|      |20220525|20220525|0603|2022-06-05 07:04:47
354995|0000000712380825              |20220525|110401|026|675|0|30300047|130010001|130759723|1|20220525|103946|8001013|20220525|112805|8002412|1|1250|0|      |20220525|20220525|0603|2022-06-05 07:04:47
354997|0000000722205048              |20220525|135714|018|675|0|30300046|130010002|130752305|1|20220525|132859|8001013|20220525|141245|8070025|1|1250|0|      |20220525|20220525|0603|2022-06-05 07:04:47
354999|0000000761435747              |20220525|171059|005|675|0|30300047|130010001|130759705|1|20220525|164143|8001013|20220525|173521|8002412|1|1250|0|      |20220525|20220525|0603|2022-06-05 07:04:47
355001|0000000655933778              |20220525|202412|009|675|0|30300046|130010002|130752350|1|20220525|195505|8001013|20220525|204011|8070025|1|1250|0|      |20220525|20220525|0603|2022-06-05 07:04:47
355003|0000000751625767              |20220525|150258|016|675|0|30300055|130010014|130753209|1|20220525|130602|8001827|20220525|152333|8001934|1|1250|0|      |20220525|20220525|0603|2022-06-05 07:04:47
355005|0000000905111909              |20220525|174711|005|675|0|30300055|130010014|130753212|1|20220525|155610|8001827|20220525|180636|8001934|1|1250|0|      |20220525|20220525|0603|2022-06-05 07:04:47
355007|0000000676065085              |20220525|184547|012|675|0|30300055|130010014|130753209|1|20220525|130602|8001827|20220525|190423|8001934|1|1250|0|      |20220525|20220525|0603|2022-06-05 07:04:47
355009|0000000777355109              |20220525|192225|024|675|0|30300060|130010014|130753523|1|20220525|162221|8002453|20220525|194158|8002245|1|1250|0|      |20220525|20220525|0603|2022-06-05 07:04:47
355011|0000000753701487              |20220525|075024|001|675|0|30300058|130010004|130752266|1|20220525|062118|8002947|20220525|081426|8001929|1|1250|0|      |20220525|20220525|0603|2022-06-05 07:04:47
331314|0000000905909493              |20220525|134935|031|676|0|30300043|130010015|130759602|1|20220525|132255|8001724|20220525|140434|8001990|1|1250|0|      |20220525|20220525|0603|2022-06-05 07:04:47
331316|0000000709951679              |20220525|141114|014|676|0|30300043|130010015|130759615|1|20220525|135109|8002254|20220525|143300|8001404|1|1250|0|      |20220525|20220525|0603|2022-06-05 07:04:47
331318|0000000770117721              |20220525|151507|030|676|0|30300043|130010015|130759616|1|20220525|145131|8001963|20220525|154001|8002649|1|1250|0|      |20220525|20220525|0603|2022-06-05 07:04:47
331320|0000000904141802              |20220525|161154|018|676|0|30300043|130010015|130759615|1|20220525|155258|8001652|20220525|163100|8002650|1|1250|0|      |20220525|20220525|0603|2022-06-05 07:04:47
331322|0000000742058326              |20220525|163524|010|676|0|30300043|130010015|130759690|1|20220525|155006|8001404|20220525|172412|8005590|1|1250|0|      |20220525|20220525|0603|2022-06-05 07:04:47
331324|0000000742091085              |20220525|172947|015|676|0|30300043|130010015|130759609|1|20220525|170823|8001243|20220525|180816|8001251|1|1250|0|      |20220525|20220525|0603|2022-06-05 07:04:47
331326|0000000918085986              |20220525|175217|011|676|0|30300043|130010015|130759608|1|20220525|163739|8002553|20220525|180453|8005588|1|1250|0|      |20220525|20220525|0603|2022-06-05 07:04:47
331328|0000000921507223              |20220525|174707|019|676|0|30300043|130010015|130759677|1|20220525|171527|8005918|20220525|174948|8001252|1|1250|0|      |20220525|20220525|0603|2022-06-05 07:04:47
331330|0000000903940588              |20220525|185447|025|676|0|30300043|130010015|130759615|1|20220525|172017|8005590|20220525|185829|8002736|1|1250|0|      |20220525|20220525|0603|2022-06-05 07:04:47
331332|0000000743323920              |20220525|191529|029|676|0|30300043|130010015|130759608|1|20220525|184618|8005918|20220525|194645|8001964|1|1250|0|      |20220525|20220525|0603|2022-06-05 07:04:47
331334|0000000673290140              |20220525|194645|028|676|0|30300043|130010015|130759615|1|20220525|192352|8002554|20220525|202943|8001832|1|1250|0|      |20220525|20220525|0603|2022-06-05 07:04:47
331336|0000000631244396              |20220525|211845|024|676|0|30300043|130010015|130759609|1|20220525|203746|8002636|20220525|213706|8001919|1|1250|0|      |20220525|20220525|0603|2022-06-05 07:04:47
331338|0000000619726627              |20220525|215721|029|676|0|30300043|130010015|130759630|1|20220525|213311|8001253|20220525|221713|8002602|1|1250|0|      |20220525|20220525|0603|2022-06-05 07:04:47
331340|0000000743711556              |20220525|225819|003|676|0|30300043|130010015|130759609|1|20220525|223723|8002554|20220525|233731|8001832|1|1250|0|      |20220525|20220525|0603|2022-06-05 07:04:47
331747|0000000742435358              |20220525|170252|017|676|0|30300089|130010011|130759516|1|20220525|165928|8001418|20220525|175914|8002537|1|1250|0|      |20220525|20220525|0603|2022-06-05 07:04:47
355015|0000000715894600              |20220525|082843|007|674|0|30300002|130010007|130759338|1|20220525|082039|8002050|20220525|084844|8002133|1|1250|0|      |20220525|20220525|0603|2022-06-05 07:04:47
355017|0000000773670070              |20220525|091650|010|674|0|30300002|130010007|130759314|1|20220525|090615|8002050|20220525|093702|8002133|1|1250|0|      |20220525|20220525|0603|2022-06-05 07:04:47
355019|0000000920911820              |20220525|130047|015|674|0|30300002|130010007|130759307|1|20220525|125133|8002050|20220525|131733|8002133|1|1250|0|      |20220525|20220525|0603|2022-06-05 07:04:47
355021|0000000717555912              |20220525|144845|012|674|0|30300002|130010007|130759327|1|20220525|144300|8002050|20220525|150627|8002133|1|1250|0|      |20220525|20220525|0603|2022-06-05 07:04:47
355023|0000000623719418              |20220525|155238|006|674|0|30300002|130010007|130759308|1|20220525|154452|8002050|20220525|161043|8002133|1|1250|0|      |20220525|20220525|0603|2022-06-05 07:04:47
355025|0000000607494388              |20220525|184051|022|674|0|30300002|130010007|130759327|1|20220525|183355|8002050|20220525|185945|8002133|1|1250|0|      |20220525|20220525|0603|2022-06-05 07:04:47
355027|0000000900469457              |20220525|152857|031|676|0|30300087|130010008|130752158|1|20220525|145800|8002460|20220525|154759|8002969|1|1250|0|      |20220525|20220525|0603|2022-06-05 07:04:47
355029|0000000908480169              |20220525|092309|002|676|0|30300073|130010009|130759177|1|20220525|091321|8002901|20220525|094700|8001005|1|1250|0|      |20220525|20220525|0603|2022-06-05 07:04:47
355031|0000000710754467              |20220525|181628|013|675|0|30300082|130010001|130759471|1|20220525|175329|8001275|20220525|184602|8005562|1|1250|0|      |20220525|20220525|0603|2022-06-05 07:04:47
355033|0000000758784834              |20220525|162613|002|675|0|30300049|130010004|130752264|1|20220525|160148|8002721|20220525|165058|8001784|1|1250|0|      |20220525|20220525|0603|2022-06-05 07:04:47
355035|0000000904724761              |20220525|081607|016|674|0|30300100|130010002|130752393|1|20220525|071928|8001529|20220525|083409|8001493|1|1250|0|      |20220525|20220525|0603|2022-06-05 07:04:47
355037|0000000745816822              |20220525|154647|014|674|0|30300100|130010002|130752348|1|20220525|145334|8001529|20220525|160727|8001493|1|1250|0|      |20220525|20220525|0603|2022-06-05 07:04:47
355039|0000000742737653              |20220525|180527|018|674|0|30300100|130010002|130752348|1|20220525|145334|8001529|20220525|182818|8001493|1|1250|0|      |20220525|20220525|0603|2022-06-05 07:04:47
355095|0000000759304161              |20220525|083818|029|675|0|30300056|130010012|130753307|1|20220525|061441|8001204|20220525|085356|8001707|1|1250|0|      |20220525|20220525|0603|2022-06-05 07:04:47
355097|0000000725590402              |20220525|180728|029|675|0|30300056|130010012|130753308|1|20220525|135611|8001204|20220525|182546|8001707|1|1250|0|      |20220525|20220525|0603|2022-06-05 07:04:47
355099|0000000745841274              |20220525|091650|026|680|0|30300008|130010002|130752388|1|20220525|073159|8001027|20220525|092841|8001953|1|1250|0|      |20220525|20220525|0603|2022-06-05 07:04:47
355101|0000000766432641              |20220525|161723|007|675|0|30300065|130010004|130752268|1|20220525|151559|8005611|20220525|163105|8005877|1|1250|0|      |20220525|20220525|0603|2022-06-05 07:04:47
355103|0000000714667268              |20220525|184923|001|675|0|30300050|130010007|130759301|1|20220525|182209|8002376|20220525|190429|8002412|1|1250|0|      |20220525|20220525|0603|2022-06-05 07:04:47
355105|0000000918427743              |20220525|205352|010|675|0|30300050|130010007|130759350|1|20220525|203529|8002376|20220525|210743|8002412|1|1250|0|      |20220525|20220525|0603|2022-06-05 07:04:47
355107|0000000904289530              |20220525|113353|011|675|0|30300058|130010004|130752290|1|20220525|112605|8001983|20220525|114808|8002905|1|1250|0|      |20220525|20220525|0603|2022-06-05 07:04:47
355109|0000000707881308              |20220525|185515|029|675|0|30300055|130010014|130753206|1|20220525|162458|8001414|20220525|191503|8001611|1|1250|0|      |20220525|20220525|0603|2022-06-05 07:04:47
355111|0000000776636713              |20220525|080942|011|676|0|30300051|130010008|130752106|1|20220525|070926|8001373|20220525|081651|8001525|1|1250|0|      |20220525|20220525|0603|2022-06-05 07:04:47
355113|0000000620955889              |20220525|055814|019|675|0|30300055|130010014|130753221|1|20220525|054448|8001444|20220525|061553|8002001|1|1250|0|      |20220525|20220525|0603|2022-06-05 07:04:47
355115|0000000739193757              |20220525|205945|031|675|0|30300108|130010007|130759344|1|20220525|203934|8002664|20220525|211205|8002742|1|1250|0|      |20220525|20220525|0603|2022-06-05 07:04:47
355117|0000000771730879              |20220525|094127|016|676|0|30300037|130010006|130759024|1|20220525|085059|8002618|20220525|095818|8002339|1|1250|0|      |20220525|20220525|0603|2022-06-05 07:04:47
355119|0000000771125881              |20220525|171501|011|676|0|30300040|130010007|130759367|1|20220525|165812|8001096|20220525|172227|8001085|1|1250|0|      |20220525|20220525|0603|2022-06-05 07:04:47
355175|0000000905338452              |20220525|054810|007|679|0|30300063|130010001|130759748|1|20220525|053006|8001791|20220525|055442|8001412|1|1250|0|      |20220525|20220525|0603|2022-06-05 07:04:47
355177|0000000717717635              |20220525|173807|030|679|0|30300063|130010001|130759787|1|20220525|164456|8001791|20220525|174643|8001412|1|1250|0|      |20220525|20220525|0603|2022-06-05 07:04:47
355179|0000000771664828              |20220525|195839|007|679|0|30300063|130010001|130759474|1|20220525|191202|8001791|20220525|200537|8001412|1|1250|0|      |20220525|20220525|0603|2022-06-05 07:04:47
355181|0000000742916207              |20220525|121143|002|675|0|30300067|130010001|130759726|1|20220525|095712|8002648|20220525|122559|8002635|1|1250|0|      |20220525|20220525|0603|2022-06-05 07:04:47
355183|0000000741382919              |20220525|174208|002|675|0|30300067|130010001|130759777|1|20220525|152853|8002648|20220525|175647|8002635|1|1250|0|      |20220525|20220525|0603|2022-06-05 07:04:47
355185|0000000905819391              |20220525|204218|010|675|0|30300053|130010002|130752395|1|20220525|201529|8002543|20220525|205106|8001736|1|1250|0|      |20220525|20220525|0603|2022-06-05 07:04:47
355187|0000000918385637              |20220525|175542|017|675|0|30300065|130010004|130752242|1|20220525|174442|8002460|20220525|180536|8002903|1|1250|0|      |20220525|20220525|0603|2022-06-05 07:04:47
355189|0000000741241638              |20220525|160644|003|675|0|30300065|130010004|130752242|1|20220525|154559|8002443|20220525|161753|8005871|1|1250|0|      |20220525|20220525|0603|2022-06-05 07:04:47
355191|0000000760559398              |20220525|145134|023|675|0|30300067|130010001|130759481|1|20220525|133406|8001465|20220525|145842|8001254|1|1250|0|      |20220525|20220525|0603|2022-06-05 07:04:47
355193|0000000773231110              |20220525|175148|012|675|0|30300049|130010004|130752237|1|20220525|150206|8002997|20220525|181416|8005570|1|1250|0|      |20220525|20220525|0603|2022-06-05 07:04:47
355195|0000000744020957              |20220525|181458|025|675|0|30300049|130010004|130752240|1|20220525|165256|8002997|20220525|183529|8005570|1|1250|0|      |20220525|20220525|0603|2022-06-05 07:04:47
348592|0000000756728955              |20220525|060447|028|675|0|30300062|130010008|130752135|1|20220525|054329|8001587|20220525|062621|8001436|1|1250|0|      |20220525|20220525|0603|2022-06-05 07:04:47
348864|0000000764082616              |20220525|173829|019|675|0|30300094|130010012|130753328|1|20220525|162747|8002206|20220525|181347|8002763|1|1250|0|      |20220525|20220525|0603|2022-06-05 07:04:47
348866|0000000742037362              |20220525|212715|031|675|0|30300079|130010009|130759173|1|20220525|134326|8002888|20220525|215309|8007444|1|1250|0|      |20220525|20220525|0603|2022-06-05 07:04:47
348868|0000000749017104              |20220525|081029|021|676|0|30300087|130010015|130759631|1|20220525|064544|8001232|20220525|081404|8001724|1|1250|0|      |20220525|20220525|0603|2022-06-05 07:04:47
348870|0000000903138901              |20220525|083847|011|676|0|30300072|130010001|130759724|1|20220525|065637|8001710|20220525|084136|8001063|1|1250|0|      |20220525|20220525|0603|2022-06-05 07:04:47
348872|0000000735827602              |20220525|090704|010|675|0|30300067|130010001|130759473|1|20220525|084200|8002451|20220525|095112|8001725|1|1250|0|      |20220525|20220525|0603|2022-06-05 07:04:47
348874|0000000750394563              |20220525|095839|001|675|0|30300057|130010001|130759489|1|20220525|095008|8002829|20220525|104731|8001281|1|1250|0|      |20220525|20220525|0603|2022-06-05 07:04:47
348876|0000000715792676              |20220525|150955|024|676|0|30300069|130010001|130759751|1|20220525|143931|8001498|20220525|151228|8001571|1|1250|0|      |20220525|20220525|0603|2022-06-05 07:04:47
348878|0000000742467442              |20220525|160636|006|675|0|30300082|130010001|130759739|1|20220525|160611|8005925|20220525|162454|8002425|1|1250|0|      |20220525|20220525|0603|2022-06-05 07:04:47
348880|0000000731725252              |20220525|204154|007|675|0|30300065|130010004|130752268|1|20220525|195322|8003054|20220525|205807|8002249|1|1250|0|      |20220525|20220525|0603|2022-06-05 07:04:47
348882|0000000757052726              |20220525|210956|005|675|0|30300082|130010001|130759743|1|20220525|210831|8005950|20220525|212920|8002758|1|1250|0|      |20220525|20220525|0603|2022-06-05 07:04:47
348884|0000000751901915              |20220525|223726|003|675|0|30300084|130010001|130759756|1|20220525|222844|8001201|20220525|225948|8002632|1|1250|0|      |20220525|20220525|0603|2022-06-05 07:04:47
348886|0000000730829527              |20220525|072518|002|675|0|30300079|130010009|130759120|1|20220525|052934|8001721|20220525|081046|8001485|1|1250|0|      |20220525|20220525|0603|2022-06-05 07:04:47
348888|0000000726000414              |20220525|180024|024|674|0|30300002|130010007|130759338|1|20220525|160511|8001963|20220525|185632|8002134|1|1250|0|      |20220525|20220525|0603|2022-06-05 07:04:47
348890|0000000750927069              |20220525|220105|029|676|0|30300038|130010014|130753220|1|20220525|214654|8001400|20220525|220145|8001040|1|1250|0|      |20220525|20220525|0603|2022-06-05 07:04:47
349189|0000000905574831              |20220525|152218|025|675|0|30300094|130010014|130753610|1|20220525|144143|8002869|20220525|154653|8002206|1|1250|0|      |20220525|20220525|0603|2022-06-05 07:04:47
349191|0000000754490134              |20220525|165019|009|675|0|30300094|130010014|130753608|1|20220525|160450|8002869|20220525|170913|8002206|1|1250|0|      |20220525|20220525|0603|2022-06-05 07:04:47
349193|0000000742161786              |20220525|152921|022|675|0|30300064|130010015|130759625|1|20220525|152716|8002651|20220525|153316|8001980|1|1250|0|      |20220525|20220525|0603|2022-06-05 07:04:47
349195|0000000767283619              |20220525|091337|023|675|0|30300064|130010015|130759683|1|20220525|091030|8002651|20220525|091927|8001980|1|1250|0|      |20220525|20220525|0603|2022-06-05 07:04:47
349197|0000000765650426              |20220525|105433|001|676|0|30300071|130010009|130759176|1|20220525|095849|8002556|20220525|110917|8001319|1|1250|0|      |20220525|20220525|0603|2022-06-05 07:04:47
349199|0000000775900101              |20220525|091216|024|675|0|30300094|130010014|130753610|1|20220525|082349|8002869|20220525|093208|8002206|1|1250|0|      |20220525|20220525|0603|2022-06-05 07:04:47
349201|0000000678382047              |20220525|103405|003|675|0|30300064|130010015|130759625|1|20220525|103026|8002651|20220525|103930|8001980|1|1250|0|      |20220525|20220525|0603|2022-06-05 07:04:47
349203|0000000918298126              |20220525|125712|020|675|0|30300064|130010015|130759624|1|20220525|125549|8002651|20220525|130122|8001980|1|1250|0|      |20220525|20220525|0603|2022-06-05 07:04:47
349205|0000000777705776              |20220525|074607|002|676|0|30300088|130010002|130752361|1|20220525|052849|8001310|20220525|075044|8002092|1|1250|0|      |20220525|20220525|0603|2022-06-05 07:04:47
349207|0000000917984520              |20220525|155937|013|675|0|30300045|130010006|130752043|1|20220525|150930|8002403|20220525|161656|8070045|1|1250|0|      |20220525|20220525|0603|2022-06-05 07:04:47
349209|0000000670854063              |20220525|165017|014|675|0|30300094|130010014|130753608|1|20220525|160450|8002869|20220525|171011|8002206|1|1250|0|      |20220525|20220525|0603|2022-06-05 07:04:47
349211|0000000760805712              |20220525|182517|015|675|0|30300049|130010004|130752289|1|20220525|171132|8001714|20220525|184337|8001245|1|1250|0|      |20220525|20220525|0603|2022-06-05 07:04:47
349213|0000000768601879              |20220525|091806|015|675|0|30300095|130010005|130759229|1|20220525|060052|8001645|20220525|093351|8002277|1|1250|0|      |20220525|20220525|0603|2022-06-05 07:04:47
349539|0000000751572133              |20220525|161442|018|676|0|30300087|130010008|130752160|1|20220525|142534|8002758|20220525|164319|8002551|1|1250|0|      |20220525|20220525|0603|2022-06-05 07:04:47
349541|0000000658428143              |20220525|211944|030|676|0|30300054|130010007|130759387|1|20220525|210509|8001100|20220525|212247|8002831|1|1250|0|      |20220525|20220525|0603|2022-06-05 07:04:47
349543|0000000764376109              |20220525|092949|024|676|0|30300038|130010014|130753220|1|20220525|083255|8002793|20220525|093552|8002913|1|1250|0|      |20220525|20220525|0603|2022-06-05 07:04:47
349545|0000000917983091              |20220525|083002|002|676|0|30300087|130010015|130759631|1|20220525|064544|8002758|20220525|085014|8002551|1|1250|0|      |20220525|20220525|0603|2022-06-05 07:04:47
349547|0000000743251992              |20220525|200846|005|676|0|30300072|130010001|130759420|1|20220525|194322|8002453|20220525|203623|8001038|1|1250|0|      |20220525|20220525|0603|2022-06-05 07:04:47
349549|0000000733739869              |20220525|145121|030|676|0|30300037|130010006|130752073|1|20220525|141911|8002100|20220525|150359|8005518|1|1250|0|      |20220525|20220525|0603|2022-06-05 07:04:47
349551|0000000618477768              |20220525|174718|024|676|0|30300037|130010006|130759023|1|20220525|164745|8002100|20220525|175928|8005518|1|1250|0|      |20220525|20220525|0603|2022-06-05 07:04:47
349553|0000000725783857              |20220525|224205|011|676|0|30300037|130010006|130752038|1|20220525|145432|8002100|20220525|225147|8005518|1|1250|0|      |20220525|20220525|0603|2022-06-05 07:04:47
349555|0000000730186561              |20220525|083148|007|676|0|30300041|130010012|130753370|1|20220525|081859|8005990|20220525|091040|8002702|1|1250|0|      |20220525|20220525|0603|2022-06-05 07:04:47
344029|0000000785569590              |20220525|175715|028|675|0|30300056|130010012|130753325|1|20220525|155345|8001084|20220525|183037|8002403|1|1250|0|      |20220525|20220525|0603|2022-06-05 07:04:47
344031|0000000400172620              |20220525|074103|017|675|0|30300060|130010014|130753504|1|20220525|065959|8002756|20220525|082320|8002916|1|1250|0|      |20220525|20220525|0603|2022-06-05 07:04:47
344033|0000000692600530              |20220525|080250|021|675|0|30300076|130010014|130753511|1|20220525|075950|8007074|20220525|082154|8001718|1|1250|0|      |20220525|20220525|0603|2022-06-05 07:04:47
344035|0000000400204978              |20220525|102056|007|675|0|30300061|130010015|130759643|1|20220525|094216|8002788|20220525|104558|8002801|1|1250|0|      |20220525|20220525|0603|2022-06-05 07:04:47
344037|0000000400175069              |20220525|111734|017|676|0|30300043|130010015|130759615|1|20220525|102504|8001251|20220525|111922|8002717|1|1250|0|      |20220525|20220525|0603|2022-06-05 07:04:47
344039|0000000400135611              |20220525|113755|008|676|0|30300043|130010015|130759619|1|20220525|062225|8002697|20220525|121531|8003008|1|1250|0|      |20220525|20220525|0603|2022-06-05 07:04:47
344041|0000000697904022              |20220525|133453|003|675|0|30300075|130010005|130759227|1|20220525|130059|8001348|20220525|140130|8002218|1|1250|0|      |20220525|20220525|0603|2022-06-05 07:04:47
344043|0000000785356931              |20220525|160547|012|676|0|30300036|130010012|130753301|1|20220525|154835|8002376|20220525|163448|8002758|1|1250|0|      |20220525|20220525|0603|2022-06-05 07:04:47
344450|0000000400211207              |20220525|173842|002|675|1|30300076|130010014|130753511|1|20220525|170934|8001412|20220525|180857|8002387|1|0|0|      |20220525|20220525|0603|2022-06-05 07:04:47
344452|0000000400145533              |20220525|073827|024|678|1|30300074|130010014|130753248|1|20220525|070846|8001876|20220525|080228|8002029|1|0|0|      |20220525|20220525|0603|2022-06-05 07:04:47
344454|0000001118327375              |20220525|142652|019|676|0|30300043|130010015|130759601|1|20220525|140419|8001963|20220525|150010|8001723|1|1250|0|      |20220525|20220525|0603|2022-06-05 07:04:47
344456|0000000785618779              |20220525|195407|004|675|0|30300080|130010009|130759108|1|20220525|185840|8002024|20220525|202031|8001420|1|1250|0|      |20220525|20220525|0603|2022-06-05 07:04:47
344458|0000000785559664              |20220525|144337|027|675|0|30300060|130010014|130753244|1|20220525|134825|8001099|20220525|151410|8002969|1|1250|0|      |20220525|20220525|0603|2022-06-05 07:04:47
344460|0000000789081334              |20220525|055137|014|675|0|30300060|130010014|130753522|1|20220525|053522|8001950|20220525|062948|8001459|1|1250|0|      |20220525|20220525|0603|2022-06-05 07:04:47
344462|0000000681895993              |20220525|065648|006|675|0|30300060|130010014|130753241|1|20220525|053848|8001052|20220525|073054|8001281|1|1250|0|      |20220525|20220525|0603|2022-06-05 07:04:47
344464|0000000792663614              |20220525|074630|018|675|0|30300080|130010009|130759182|1|20220525|053035|8001996|20220525|082516|8002578|1|1250|0|      |20220525|20220525|0603|2022-06-05 07:04:47
344466|0000000400206592              |20220525|082504|023|675|0|30300076|130010014|130753511|1|20220525|075950|8001718|20220525|084342|8002781|1|1250|0|      |20220525|20220525|0603|2022-06-05 07:04:47
344468|0000000791778614              |20220525|101929|024|676|0|30300131|130010008|130752708|1|20220525|100732|8001055|20220525|102429|8002754|1|1250|0|      |20220525|20220525|0603|2022-06-05 07:04:47
344470|0000000400101692              |20220525|114912|025|675|0|30300061|130010015|130759643|1|20220525|111625|8002433|20220525|115137|8001716|1|1250|0|      |20220525|20220525|0603|2022-06-05 07:04:47
344472|0000000694833635              |20220525|120848|014|675|0|30300066|130010015|130759682|1|20220525|105011|8001857|20220525|122607|8002000|1|1250|0|      |20220525|20220525|0603|2022-06-05 07:04:47
344474|0000000690988987              |20220525|123528|010|675|0|30300091|130010013|130759821|1|20220525|110502|8001348|20220525|124128|8001647|1|1250|0|      |20220525|20220525|0603|2022-06-05 07:04:47
344922|0000000743260913              |20220525|190914|010|675|0|30300081|130010011|130759523|1|20220525|185304|8002912|20220525|193521|8002969|1|1250|0|      |20220525|20220525|0603|2022-06-05 07:04:47
344924|0000000905087451              |20220525|075834|029|676|0|30300054|130010007|130759384|1|20220525|060310|8002160|20220525|081255|8001567|1|1250|0|      |20220525|20220525|0603|2022-06-05 07:04:47
344926|0000000742935591              |20220525|142549|002|676|0|30300054|130010007|130759386|1|20220525|135758|8002160|20220525|143337|8001567|1|1250|0|      |20220525|20220525|0603|2022-06-05 07:04:47
344928|0000000903892601              |20220525|113648|029|675|0|30300075|130010005|130759222|1|20220525|105730|8001876|20220525|114902|8002286|1|1250|0|      |20220525|20220525|0603|2022-06-05 07:04:47
344930|0000000717555228              |20220525|133732|003|675|0|30300081|130010011|130759572|1|20220525|131358|8002168|20220525|134540|8002236|1|1250|0|      |20220525|20220525|0603|2022-06-05 07:04:47
344932|0000000765615206              |20220525|090644|025|675|0|30300047|130010001|130759430|1|20220525|085242|8001852|20220525|091825|8002542|1|1250|0|      |20220525|20220525|0603|2022-06-05 07:04:47
344934|0000000774509294              |20220525|091949|002|675|0|30300047|130010001|130759702|1|20220525|090904|8001852|20220525|093112|8002542|1|1250|0|      |20220525|20220525|0603|2022-06-05 07:04:47
344936|0000000755702065              |20220525|140459|006|675|0|30300047|130010001|130759705|1|20220525|135342|8001852|20220525|141243|8002542|1|1250|0|      |20220525|20220525|0603|2022-06-05 07:04:47
344938|0000000648693627              |20220525|163931|008|675|0|30300047|130010001|130759415|1|20220525|162146|8001852|20220525|165058|8002542|1|1250|0|      |20220525|20220525|0603|2022-06-05 07:04:47
344940|0000000723278416              |20220525|184235|001|675|0|30300047|130010001|130759438|1|20220525|182748|8001852|20220525|185332|8002542|1|1250|0|      |20220525|20220525|0603|2022-06-05 07:04:47
344942|0000000768420148              |20220525|122008|008|675|0|30300047|130010001|130759436|1|20220525|120936|8002941|20220525|123649|8003101|1|1250|0|      |20220525|20220525|0603|2022-06-05 07:04:47
344944|0000000725790161              |20220525|155251|015|675|0|30300047|130010001|130759718|1|20220525|144036|8002941|20220525|161540|8003101|1|1250|0|      |20220525|20220525|0603|2022-06-05 07:04:47
344946|0000000760935730              |20220525|123558|004|676|0|30300087|130010015|130759633|1|20220525|115405|8002969|20220525|124858|8001587|1|1250|0|      |20220525|20220525|0603|2022-06-05 07:04:47
344948|0000000904607741              |20220525|072202|030|675|0|30300101|130010002|130752396|1|20220525|071055|8001156|20220525|073359|8002547|1|1250|0|      |20220525|20220525|0603|2022-06-05 07:04:47
345355|0000000911230047              |20220525|165135|003|676|0|30300071|130010009|130759150|1|20220525|125611|8001624|20220525|165933|8002280|1|1250|0|      |20220525|20220525|0603|2022-06-05 07:04:47
345357|0000000751284653              |20220525|190245|011|675|0|30300058|130010004|130752278|1|20220525|132959|8001875|20220525|191853|8001654|1|1250|0|      |20220525|20220525|0603|2022-06-05 07:04:47
340137|0000000793434918              |20220525|151553|021|676|0|30300054|130010007|130759347|1|20220525|144719|8001089|20220525|155906|8001782|1|1250|0|      |20220525|20220525|0603|2022-06-05 07:05:11
340139|0000000400164617              |20220525|154927|017|676|0|30300131|130010008|130752701|1|20220525|154007|8002558|20220525|163109|8007364|1|1250|0|      |20220525|20220525|0603|2022-06-05 07:05:11
340141|0000000400207608              |20220525|162203|023|676|0|30300071|130010009|130759150|1|20220525|125611|8002824|20220525|164714|8001991|1|1250|0|      |20220525|20220525|0603|2022-06-05 07:05:11
340143|0000000400185452              |20220525|173135|010|676|0|30300043|130010015|130759677|1|20220525|171527|8001287|20220525|180742|8001245|1|1250|0|      |20220525|20220525|0603|2022-06-05 07:05:11
340145|0000000698217442              |20220525|190649|020|675|0|30300108|130010007|130759316|1|20220525|190404|8007065|20220525|192619|8001273|1|1250|0|      |20220525|20220525|0603|2022-06-05 07:05:11
340147|0000000788080212              |20220525|054452|028|674|1|30300104|130010002|130752343|1|20220525|053728|8001153|20220525|061453|8001567|1|0|0|      |20220525|20220525|0603|2022-06-05 07:05:11
340149|0000000400164312              |20220525|161011|015|675|2|30300065|130010004|130752281|1|20220525|160813|8001453|20220525|163549|8001421|1|0|0|      |20220525|20220525|0603|2022-06-05 07:05:11
340556|0000000644584813              |20220525|150715|003|675|0|30300050|130010007|130759342|1|20220525|145640|8001331|20220525|154819|8002375|1|1250|0|      |20220525|20220525|0603|2022-06-05 07:05:11
340558|0000000731017718              |20220525|154030|018|675|0|30300095|130010011|130759530|1|20220525|140434|8002968|20220525|155312|8002702|1|1250|0|      |20220525|20220525|0603|2022-06-05 07:05:11
340560|0000000710346347              |20220525|164033|009|675|0|30300066|130010015|130759688|1|20220525|145121|8001139|20220525|164634|8002743|1|1250|0|      |20220525|20220525|0603|2022-06-05 07:05:11
340562|0000000767116250              |20220525|170919|009|675|0|30300094|130010012|130753329|1|20220525|165400|8001596|20220525|174816|8002076|1|1250|0|      |20220525|20220525|0603|2022-06-05 07:05:11
340564|0000000630429355              |20220525|172233|014|674|0|30300002|130010007|130759329|1|20220525|163434|8002611|20220525|175738|8001283|1|1250|0|      |20220525|20220525|0603|2022-06-05 07:05:11
340566|0000000745627315              |20220525|181147|026|675|0|30300080|130010009|130759160|1|20220525|140948|8001365|20220525|182325|8002951|1|1250|0|      |20220525|20220525|0603|2022-06-05 07:05:11
340568|0000000767311667              |20220525|181427|011|675|0|30300092|130010013|130759825|1|20220525|164027|8001599|20220525|181724|8001231|1|1250|0|      |20220525|20220525|0603|2022-06-05 07:05:11
340570|0000000731138916              |20220525|175729|029|674|0|30300002|130010007|130759320|1|20220525|171515|8002093|20220525|184703|8001964|1|1250|0|      |20220525|20220525|0603|2022-06-05 07:05:11
340572|0000000767610105              |20220525|174837|016|674|0|30300002|130010007|130759322|1|20220525|174414|8001794|20220525|191421|8002981|1|1250|0|      |20220525|20220525|0603|2022-06-05 07:05:11
340574|0000000727914980              |20220525|190544|012|675|0|30300149|130810001|130753618|1|20220525|183840|8007549|20220525|192939|8002411|1|1250|0|      |20220525|20220525|0603|2022-06-05 07:05:11
340576|0000000766893744              |20220525|194227|009|674|0|30300002|130010007|130759315|1|20220525|184511|8001242|20220525|200102|8001793|1|1250|0|      |20220525|20220525|0603|2022-06-05 07:05:11
340578|0000000767954388              |20220525|201408|029|675|0|30300062|130010008|130752135|1|20220525|124541|8002468|20220525|202242|8002425|1|1250|0|      |20220525|20220525|0603|2022-06-05 07:05:11
340580|0000000634817097              |20220525|205821|022|674|0|30300002|130010007|130759306|1|20220525|203039|8001241|20220525|211436|8002464|1|1250|0|      |20220525|20220525|0603|2022-06-05 07:05:11
340960|0000000743555346              |20220525|082310|001|675|0|30300056|130010012|130753307|1|20220525|061441|8002402|20220525|085611|8001707|1|1250|0|      |20220525|20220525|0603|2022-06-05 07:05:11
340962|0000000725751268              |20220525|101444|030|675|0|30300046|130010002|130752379|1|20220525|092751|8070026|20220525|102227|8070017|1|1250|0|      |20220525|20220525|0603|2022-06-05 07:05:11
340964|0000000904295402              |20220525|100212|021|675|0|30300077|130010006|130759018|1|20220525|093644|8002118|20220525|103715|8001401|1|1250|0|      |20220525|20220525|0603|2022-06-05 07:05:11
340966|0000000709521248              |20220525|113522|012|675|0|30300076|130010014|130753231|1|20220525|111620|8003018|20220525|114603|8005994|1|1250|0|      |20220525|20220525|0603|2022-06-05 07:05:11
340968|0000000702314486              |20220525|122412|006|675|0|30300076|130010014|130753271|1|20220525|122106|9007074|20220525|125816|8001927|1|1250|0|      |20220525|20220525|0603|2022-06-05 07:05:11
340970|0000000751570939              |20220525|163523|006|674|0|30300100|130010002|130752383|1|20220525|162909|8002678|20220525|164325|8001081|1|1250|0|      |20220525|20220525|0603|2022-06-05 07:05:11
340972|0000000743306619              |20220525|191543|031|675|0|30300055|130010014|130753211|1|20220525|171236|8001848|20220525|193349|8002887|1|1250|0|      |20220525|20220525|0603|2022-06-05 07:05:11
340974|0000000776280323              |20220525|191204|003|679|0|30300063|130010001|130759417|1|20220525|185452|8002854|20220525|194440|8001791|1|1250|0|      |20220525|20220525|0603|2022-06-05 07:05:11
340976|0000000709321780              |20220525|054618|008|675|0|30300101|130010002|130752327|1|20220525|054355|8001648|20220525|060946|8002089|1|1250|0|      |20220525|20220525|0603|2022-06-05 07:05:11
340978|0000000903820968              |20220525|065337|023|675|0|30300059|130010004|130752217|1|20220525|063845|8002601|20220525|072149|8001988|1|1250|0|      |20220525|20220525|0603|2022-06-05 07:05:11
340980|0000000706439739              |20220525|073255|001|675|0|30300079|130010009|130759120|1|20220525|052934|8002316|20220525|075935|8002033|1|1250|0|      |20220525|20220525|0603|2022-06-05 07:05:11
340982|0000000751952433              |20220525|074023|010|675|0|30300091|130010013|130759805|1|20220525|054140|8001889|20220525|080247|8001242|1|1250|0|      |20220525|20220525|0603|2022-06-05 07:05:11
340984|0000000749644610              |20220525|074002|008|674|0|30300002|130010007|130759312|1|20220525|070717|8001097|20220525|081949|8003021|1|1250|0|      |20220525|20220525|0603|2022-06-05 07:05:11
340986|0000000905644668              |20220525|083449|011|675|0|30300046|130010002|130752321|1|20220525|081715|8001372|20220525|084542|8001024|1|1250|0|      |20220525|20220525|0603|2022-06-05 07:05:11
341366|0000000654744729              |20220525|190457|002|675|0|30300095|130010011|130759528|1|20220525|151634|8001237|20220525|191844|8002703|1|1250|0|      |20220525|20220525|0603|2022-06-05 07:05:11
341368|0000000676948984              |20220525|192355|015|675|0|30300060|130010014|130753241|1|20220525|181915|8001587|20220525|193343|8002790|1|1250|0|      |20220525|20220525|0603|2022-06-05 07:05:11
341370|0000000777933312              |20220525|200238|003|675|0|30300060|130010014|130753215|1|20220525|170952|8001378|20220525|202014|8002233|1|1250|0|      |20220525|20220525|0603|2022-06-05 07:05:11
336711|0000000722339177              |20220525|064640|008|675|0|30300079|130010009|130759128|1|20220525|063550|8001721|20220525|070014|8005548|1|1250|0|      |20220525|20220525|0603|2022-06-05 07:05:11
336713|0000000755318189              |20220525|220559|014|675|0|30300062|130010008|130752133|1|20220525|203918|8006006|20220525|220848|8002425|1|1250|0|      |20220525|20220525|0603|2022-06-05 07:05:11
336715|0000000741375651              |20220525|220039|003|675|0|30300079|130010009|130759171|1|20220525|212621|8001854|20220525|221748|8002628|1|1250|0|      |20220525|20220525|0603|2022-06-05 07:05:11
336717|0000000770558775              |20220525|073004|012|675|0|30300055|130010014|130753259|1|20220525|061208|8002063|20220525|074828|8002488|1|1250|0|      |20220525|20220525|0603|2022-06-05 07:05:11
336719|0000000760701380              |20220525|085956|010|675|0|30300055|130010014|130753205|1|20220525|083635|8002063|20220525|091825|8002488|1|1250|0|      |20220525|20220525|0603|2022-06-05 07:05:11
337126|0000000769575289              |20220525|145312|016|675|0|30300046|130010002|130752321|1|20220525|120236|8001526|20220525|150446|8001290|1|1250|0|      |20220525|20220525|0603|2022-06-05 07:05:11
337128|0000000742615408              |20220525|161032|023|675|0|30300045|130010006|130759002|1|20220525|140847|8002914|20220525|162320|8001492|1|1250|0|      |20220525|20220525|0603|2022-06-05 07:05:11
337130|0000000740920103              |20220525|145242|022|675|0|30300055|130010014|130753221|1|20220525|125231|8001353|20220525|150957|8002887|1|1250|0|      |20220525|20220525|0603|2022-06-05 07:05:11
337132|0000000752359851              |20220525|073217|016|675|0|30300055|130010014|130753208|1|20220525|071844|8001353|20220525|075449|8002887|1|1250|0|      |20220525|20220525|0603|2022-06-05 07:05:11
337134|0000000769361597              |20220525|112856|031|676|0|30300051|130010008|130752112|1|20220525|110353|8001929|20220525|114002|8001490|1|1250|0|      |20220525|20220525|0603|2022-06-05 07:05:11
337136|0000000636314495              |20220525|135014|018|676|0|30300051|130010008|130752102|1|20220525|132250|8001929|20220525|140011|8001490|1|1250|0|      |20220525|20220525|0603|2022-06-05 07:05:11
337138|0000000627748437              |20220525|170740|014|675|0|30300077|130010006|130752070|1|20220525|163037|8001929|20220525|171852|8001490|1|1250|0|      |20220525|20220525|0603|2022-06-05 07:05:11
337140|0000000741931272              |20220525|121836|001|676|0|30300088|130010002|130752315|1|20220525|104659|8002131|20220525|122244|8001969|1|1250|0|      |20220525|20220525|0603|2022-06-05 07:05:11
337142|0000000741277358              |20220525|073019|018|675|0|30300055|130010014|130753221|1|20220525|054448|8001667|20220525|073124|8001538|1|1250|0|      |20220525|20220525|0603|2022-06-05 07:05:11
337144|0000000726536456              |20220525|111342|024|675|0|30300055|130010014|130753263|1|20220525|105505|8001667|20220525|111549|8001538|1|1250|0|      |20220525|20220525|0603|2022-06-05 07:05:11
337146|0000000906227980              |20220525|170921|031|675|0|30300055|130010014|130753265|1|20220525|150719|8001667|20220525|171017|8001538|1|1250|0|      |20220525|20220525|0603|2022-06-05 07:05:11
337148|0000000610927704              |20220525|180826|007|675|0|30300055|130010014|130753205|1|20220525|160637|8001667|20220525|180949|8001538|1|1250|0|      |20220525|20220525|0603|2022-06-05 07:05:11
337150|0000000743738847              |20220525|123525|019|675|0|30300082|130010001|130759413|1|20220525|121556|8001048|20220525|123747|8001397|1|1250|0|      |20220525|20220525|0603|2022-06-05 07:05:11
337152|0000000904588071              |20220525|203711|003|675|0|30300101|130010002|130752354|1|20220525|202833|8002558|20220525|205109|8001707|1|1250|0|      |20220525|20220525|0603|2022-06-05 07:05:11
337559|0000000738836253              |20220525|180943|011|675|1|30300061|130010015|130759612|1|20220525|171423|8002231|20220525|181337|8002642|1|0|0|      |20220525|20220525|0603|2022-06-05 07:05:11
337561|0000000761905847              |20220525|190326|024|675|1|30300061|130010015|130759647|1|20220525|180214|8002231|20220525|190636|8002642|1|0|0|      |20220525|20220525|0603|2022-06-05 07:05:11
337563|0000000626832400              |20220525|220029|019|676|1|30300071|130010009|130759174|1|20220525|124400|8002231|20220525|220246|8002642|1|0|0|      |20220525|20220525|0603|2022-06-05 07:05:11
337565|0000000742768058              |20220525|084047|012|675|1|30300056|130010012|130753308|1|20220525|061924|8001852|20220525|084957|8001491|1|0|0|      |20220525|20220525|0603|2022-06-05 07:05:11
337567|0000000635390419              |20220525|094536|012|675|1|30300056|130010012|130753307|1|20220525|061441|8001852|20220525|095015|8001491|1|0|0|      |20220525|20220525|0603|2022-06-05 07:05:11
337569|0000000709321227              |20220525|144843|018|675|1|30300056|130010012|130753331|1|20220525|143250|8001852|20220525|145238|8001491|1|0|0|      |20220525|20220525|0603|2022-06-05 07:05:11
337571|0000000903640414              |20220525|155527|004|675|1|30300056|130010012|130753308|1|20220525|135611|8001852|20220525|160158|8001491|1|0|0|      |20220525|20220525|0603|2022-06-05 07:05:11
337573|0000000729543732              |20220525|180600|024|675|3|30300056|130010012|130753322|1|20220525|124944|8001852|20220525|181454|8001491|1|0|0|      |20220525|20220525|0603|2022-06-05 07:05:11
337575|0000000734488210              |20220525|185128|008|675|1|30300056|130010012|130753374|1|20220525|165347|8001852|20220525|190022|8001491|1|0|0|      |20220525|20220525|0603|2022-06-05 07:05:11
337577|0000000740652951              |20220525|175735|013|675|1|30300084|130010001|130759760|1|20220525|165938|8001789|20220525|175902|8001247|1|0|0|      |20220525|20220525|0603|2022-06-05 07:05:11
337579|0000000908114564              |20220525|164928|008|675|1|30300059|130010004|130752246|1|20220525|150745|8002600|20220525|165443|8001847|1|0|0|      |20220525|20220525|0603|2022-06-05 07:05:11
337581|0000000742949613              |20220525|191955|005|676|1|30300070|130010004|130752606|1|20220525|150421|8002825|20220525|192419|8002296|1|0|0|      |20220525|20220525|0603|2022-06-05 07:05:11
337583|0000000670125250              |20220525|170307|011|676|1|30300041|130010012|130753318|1|20220525|152417|8001400|20220525|171001|8001534|1|0|0|      |20220525|20220525|0603|2022-06-05 07:05:11
337990|0000000638026232              |20220525|072029|030|675|1|30300047|130010001|130759408|1|20220525|070313|8002119|20220525|074338|8005991|1|0|0|      |20220525|20220525|0603|2022-06-05 07:05:11
337992|0000000910270229              |20220525|105428|012|679|1|30300063|130010001|130759719|1|20220525|104910|8001096|20220525|110402|8001419|1|0|0|      |20220525|20220525|0603|2022-06-05 07:05:11
337994|0000000904663720              |20220525|110751|018|679|1|30300063|130010001|130759474|1|20220525|105809|8001096|20220525|111640|8001419|1|0|0|      |20220525|20220525|0603|2022-06-05 07:05:11
337996|0000000770610249              |20220525|123556|021|674|1|30300002|130010007|130759304|1|20220525|113731|8001096|20220525|124518|8001419|1|0|0|      |20220525|20220525|0603|2022-06-05 07:05:11
337998|0000000763981154              |20220525|145957|015|679|1|30300063|130010001|130759487|1|20220525|144708|8001096|20220525|150811|8001419|1|0|0|      |20220525|20220525|0603|2022-06-05 07:05:11
332833|0000000714813303              |20220525|163242|008|676|0|30300087|130010008|130752156|1|20220525|155248|8001237|20220525|164851|8002453|1|1250|0|      |20220525|20220525|0603|2022-06-05 07:05:11
332835|0000000743262792              |20220525|131101|011|675|0|30300075|130010005|130759227|1|20220525|130059|8005884|20220525|131849|8002824|1|1250|0|      |20220525|20220525|0603|2022-06-05 07:05:11
332837|0000000644945801              |20220525|085532|006|676|0|30300070|130010004|130752606|1|20220525|054032|8001932|20220525|090546|8007177|1|1250|0|      |20220525|20220525|0603|2022-06-05 07:05:11
332839|0000000725549239              |20220525|153403|018|676|0|30300090|130010005|130759209|1|20220525|134133|8001078|20220525|154452|8002869|1|1250|0|      |20220525|20220525|0603|2022-06-05 07:05:11
332841|0000000668909666              |20220525|183350|007|676|0|30300090|130010005|130759205|1|20220525|125921|8001078|20220525|185003|8002869|1|1250|0|      |20220525|20220525|0603|2022-06-05 07:05:11
334562|0000000669051798              |20220525|164103|017|675|0|30300058|130010004|130752295|1|20220525|150842|8001085|20220525|165302|8001419|1|1250|0|      |20220525|20220525|0603|2022-06-05 07:05:11
334564|0000000776618812              |20220525|180026|025|675|0|30300058|130010004|130752251|1|20220525|174502|8001085|20220525|181836|8001419|1|1250|0|      |20220525|20220525|0603|2022-06-05 07:05:11
334566|0000000920930806              |20220525|192950|023|675|0|30300058|130010004|130752292|1|20220525|141952|8001085|20220525|193835|8001419|1|1250|0|      |20220525|20220525|0603|2022-06-05 07:05:11
334568|0000000645311510              |20220525|201526|017|675|0|30300058|130010004|130752220|1|20220525|151858|8001085|20220525|202422|8001419|1|1250|0|      |20220525|20220525|0603|2022-06-05 07:05:11
334570|0000000903303387              |20220525|131631|020|675|0|30300062|130010008|130752133|1|20220525|125606|8006006|20220525|132536|8001587|1|1250|0|      |20220525|20220525|0603|2022-06-05 07:05:11
334572|0000000734087575              |20220525|134759|002|675|0|30300053|130010002|130752377|1|20220525|122651|8006006|20220525|135404|8001587|1|1250|0|      |20220525|20220525|0603|2022-06-05 07:05:11
334574|0000000638814104              |20220525|144909|005|675|0|30300062|130010008|130752129|1|20220525|142807|8006006|20220525|145756|8001587|1|1250|0|      |20220525|20220525|0603|2022-06-05 07:05:11
334576|0000000725631719              |20220525|152620|031|675|0|30300059|130010004|130752217|1|20220525|151608|8006006|20220525|153308|8001587|1|1250|0|      |20220525|20220525|0603|2022-06-05 07:05:11
334578|0000000741402691              |20220525|163845|024|675|0|30300059|130010004|130752256|1|20220525|152829|8006006|20220525|164712|8001587|1|1250|0|      |20220525|20220525|0603|2022-06-05 07:05:11
334580|0000000900622522              |20220525|170522|009|675|0|30300053|130010002|130752373|1|20220525|154543|8006006|20220525|171449|8001587|1|1250|0|      |20220525|20220525|0603|2022-06-05 07:05:11
334582|0000000741750251              |20220525|183323|027|676|0|30300087|130010015|130759611|1|20220525|171722|8006006|20220525|184202|8001587|1|1250|0|      |20220525|20220525|0603|2022-06-05 07:05:11
334584|0000000909560341              |20220525|192452|006|675|0|30300062|130010008|130752133|1|20220525|175051|8006006|20220525|193536|8001587|1|1250|0|      |20220525|20220525|0603|2022-06-05 07:05:11
334586|0000000723839317              |20220525|220003|031|676|0|30300087|130010015|130759610|1|20220525|211422|8006006|20220525|220704|8001587|1|1250|0|      |20220525|20220525|0603|2022-06-05 07:05:11
334993|0000000626772468              |20220525|075651|027|674|0|30300002|130010007|130759329|1|20220525|070235|8001721|20220525|080358|8001096|1|1250|0|      |20220525|20220525|0603|2022-06-05 07:05:11
334995|0000000751479724              |20220525|075656|010|674|0|30300002|130010007|130759329|1|20220525|070235|8001721|20220525|080353|8001096|1|1250|0|      |20220525|20220525|0603|2022-06-05 07:05:11
334997|0000000921427624              |20220525|093024|027|676|0|30300086|130010013|130759820|1|20220525|083220|8001721|20220525|093927|8001096|1|1250|0|      |20220525|20220525|0603|2022-06-05 07:05:11
334999|0000000903107163              |20220525|094343|005|674|0|30300002|130010007|130759313|1|20220525|084919|8001721|20220525|094950|8001096|1|1250|0|      |20220525|20220525|0603|2022-06-05 07:05:11
335001|0000000706763411              |20220525|105553|010|674|0|30300002|130010007|130759322|1|20220525|095725|8001721|20220525|110240|8001096|1|1250|0|      |20220525|20220525|0603|2022-06-05 07:05:11
335003|0000000722340361              |20220525|124512|008|674|0|30300002|130010007|130759308|1|20220525|115535|8001721|20220525|125054|8001096|1|1250|0|      |20220525|20220525|0603|2022-06-05 07:05:11
335005|0000000774192124              |20220525|140739|022|674|0|30300002|130010007|130759315|1|20220525|131337|8001721|20220525|141441|8001096|1|1250|0|      |20220525|20220525|0603|2022-06-05 07:05:11
335007|0000000751880486              |20220525|173239|002|674|0|30300002|130010007|130759313|1|20220525|163654|8001721|20220525|174115|8001096|1|1250|0|      |20220525|20220525|0603|2022-06-05 07:05:11
335009|0000000742497340              |20220525|074302|023|674|0|30300002|130010007|130759320|1|20220525|072852|8001792|20220525|075023|8002437|1|1250|0|      |20220525|20220525|0603|2022-06-05 07:05:11
335011|0000000903586834              |20220525|075833|006|674|0|30300002|130010007|130759321|1|20220525|073921|8001792|20220525|080413|8002437|1|1250|0|      |20220525|20220525|0603|2022-06-05 07:05:11
335013|0000000754633556              |20220525|080923|019|674|0|30300002|130010007|130759323|1|20220525|075802|8001792|20220525|081842|8002437|1|1250|0|      |20220525|20220525|0603|2022-06-05 07:05:11
335015|0000000769857996              |20220525|082233|004|674|0|30300002|130010007|130759324|1|20220525|081145|8001792|20220525|083023|8002437|1|1250|0|      |20220525|20220525|0603|2022-06-05 07:05:11
335017|0000000911240255              |20220525|093218|007|674|0|30300002|130010007|130759304|1|20220525|092059|8001792|20220525|094250|8002437|1|1250|0|      |20220525|20220525|0603|2022-06-05 07:05:11
335019|0000000747835159              |20220525|113735|002|674|0|30300002|130010007|130759319|1|20220525|111855|8001792|20220525|114523|8002437|1|1250|0|      |20220525|20220525|0603|2022-06-05 07:05:11
335426|0000000764133752              |20220525|064855|011|676|1|30300087|130010015|130759636|1|20220525|061220|8002453|20220525|065657|8001575|1|0|0|      |20220525|20220525|0603|2022-06-05 07:05:11
335428|0000000643635806              |20220525|085230|008|676|1|30300087|130010008|130752158|1|20220525|080550|8002453|20220525|090613|8001575|1|0|0|      |20220525|20220525|0603|2022-06-05 07:05:11
335430|0000000735454092              |20220525|093532|002|676|1|30300037|130010006|130752037|1|20220525|091645|8002412|20220525|095210|8002559|1|0|0|      |20220525|20220525|0603|2022-06-05 07:05:11
335432|0000000756389974              |20220525|121457|026|676|1|30300087|130010008|130752156|1|20220525|114045|8002453|20220525|122516|8001575|1|0|0|      |20220525|20220525|0603|2022-06-05 07:05:11
335434|0000000768902108              |20220525|141507|031|676|1|30300087|130010015|130759633|1|20220525|133926|8002453|20220525|142901|8001575|1|0|0|      |20220525|20220525|0603|2022-06-05 07:05:11
332429|0000000918369763              |20220525|161816|014|674|0|30300002|130010007|130759337|1|20220525|152443|8001721|20220525|163353|8001419|1|1250|0|      |20220525|20220525|0603|2022-06-05 07:05:11
332431|0000000637482862              |20220525|070015|026|676|0|30300054|130010007|130759362|1|20220525|063659|8002916|20220525|072332|8002453|1|1250|0|      |20220525|20220525|0603|2022-06-05 07:05:11
332433|0000000652310598              |20220525|152217|023|676|0|30300054|130010007|130759351|1|20220525|151044|8002916|20220525|154248|8002453|1|1250|0|      |20220525|20220525|0603|2022-06-05 07:05:11
332435|0000000712415819              |20220525|075330|002|674|0|30300002|130010007|130759329|1|20220525|070235|8001430|20220525|081439|8005994|1|1250|0|      |20220525|20220525|0603|2022-06-05 07:05:11
332842|0000000601194795              |20220525|214117|027|676|0|30300090|130010005|130759205|1|20220525|125921|8001078|20220525|215127|8002869|1|1250|0|      |20220525|20220525|0603|2022-06-05 07:05:11
332844|0000000656267377              |20220525|133603|004|676|0|30300036|130010011|130759510|1|20220525|095349|8002376|20220525|134219|8005928|1|1250|0|      |20220525|20220525|0603|2022-06-05 07:05:11
332846|0000000750093485              |20220525|162337|002|675|0|30300046|130010002|130752366|1|20220525|140744|8002376|20220525|163425|8005928|1|1250|0|      |20220525|20220525|0603|2022-06-05 07:05:11
332848|0000000723095606              |20220525|212554|025|675|0|30300046|130010002|130752379|1|20220525|205059|8002376|20220525|213149|8005928|1|1250|0|      |20220525|20220525|0603|2022-06-05 07:05:11
332850|0000000741348376              |20220525|074405|027|676|0|30300040|130010013|130759815|1|20220525|073607|8002941|20220525|074937|8002960|1|1250|0|      |20220525|20220525|0603|2022-06-05 07:05:11
332852|0000000621337969              |20220525|091359|016|676|0|30300040|130010007|130759373|1|20220525|091034|8002941|20220525|092247|8002960|1|1250|0|      |20220525|20220525|0603|2022-06-05 07:05:11
332854|0000000918342590              |20220525|102614|005|676|0|30300040|130010013|130759834|1|20220525|102337|8002941|20220525|103418|8002960|1|1250|0|      |20220525|20220525|0603|2022-06-05 07:05:11
332856|0000000752383629              |20220525|120511|026|675|0|30300094|130010014|130753616|1|20220525|120409|8002941|20220525|121102|8002960|1|1250|0|      |20220525|20220525|0603|2022-06-05 07:05:11
332858|0000000903989789              |20220525|122318|007|676|0|30300040|130010007|130759367|1|20220525|121725|8002941|20220525|122833|8002960|1|1250|0|      |20220525|20220525|0603|2022-06-05 07:05:11
332860|0000000743762900              |20220525|135327|012|676|0|30300040|130010013|130759804|1|20220525|134504|8002941|20220525|140113|8002960|1|1250|0|      |20220525|20220525|0603|2022-06-05 07:05:11
332862|0000000918449663              |20220525|150301|003|676|0|30300040|130010013|130759878|1|20220525|150027|8002941|20220525|151053|8002960|1|1250|0|      |20220525|20220525|0603|2022-06-05 07:05:11
332864|0000000740195846              |20220525|171307|002|676|0|30300040|130010013|130759804|1|20220525|170716|8002941|20220525|172046|8002960|1|1250|0|      |20220525|20220525|0603|2022-06-05 07:05:11
332866|0000000741372653              |20220525|174902|009|675|0|30300094|130010014|130753610|1|20220525|174247|8002941|20220525|175909|8002960|1|1250|0|      |20220525|20220525|0603|2022-06-05 07:05:11
332868|0000000718350044              |20220525|180555|011|676|0|30300040|130010013|130759818|1|20220525|175822|8002941|20220525|181348|8002960|1|1250|0|      |20220525|20220525|0603|2022-06-05 07:05:11
334589|0000000764273857              |20220525|195801|011|676|0|30300087|130010008|130752158|1|20220525|185905|8006006|20220525|200606|8001587|1|1250|0|      |20220525|20220525|0603|2022-06-05 07:05:11
334591|0000000647265790              |20220525|224039|006|675|0|30300053|130010002|130752376|1|20220525|223210|8006006|20220525|224707|8001587|1|1250|0|      |20220525|20220525|0603|2022-06-05 07:05:11
334593|0000000670392901              |20220525|171205|029|675|0|30300056|130010012|130753315|1|20220525|145428|8001060|20220525|171900|8001426|1|1250|0|      |20220525|20220525|0603|2022-06-05 07:05:11
334595|0000000740353081              |20220525|185004|005|675|0|30300057|130010001|130759750|1|20220525|183224|8001538|20220525|185821|9001746|1|1250|0|      |20220525|20220525|0603|2022-06-05 07:05:11
334597|0000000773907916              |20220525|181603|012|675|0|30300077|130010006|130752018|1|20220525|173925|8002605|20220525|182618|8002433|1|1250|0|      |20220525|20220525|0603|2022-06-05 07:05:11
334599|0000000766712136              |20220525|081831|003|676|0|30300051|130010008|130752130|1|20220525|075319|8002605|20220525|082707|8002433|1|1250|0|      |20220525|20220525|0603|2022-06-05 07:05:11
334601|0000000721457453              |20220525|205259|019|676|0|30300130|130010008|130752139|1|20220525|200208|8002605|20220525|205936|8002433|1|1250|0|      |20220525|20220525|0603|2022-06-05 07:05:11
334603|0000000908430833              |20220525|124518|003|675|0|30300091|130010013|130759821|1|20220525|110502|8001418|20220525|125648|8002904|1|1250|0|      |20220525|20220525|0603|2022-06-05 07:05:11
334605|0000000651877585              |20220525|134111|002|675|0|30300058|130010004|130752295|1|20220525|062815|8001935|20220525|135132|8001851|1|1250|0|      |20220525|20220525|0603|2022-06-05 07:05:11
334607|0000000716766762              |20220525|160204|007|675|0|30300058|130010004|130752290|1|20220525|135809|8001935|20220525|161531|8001851|1|1250|0|      |20220525|20220525|0603|2022-06-05 07:05:11
334609|0000000769419349              |20220525|211711|009|675|0|30300058|130010004|130752247|1|20220525|203029|8001935|20220525|212551|8001851|1|1250|0|      |20220525|20220525|0603|2022-06-05 07:05:11
334611|0000000767707891              |20220525|073501|013|674|0|30300002|130010007|130759332|1|20220525|072940|8001794|20220525|074915|8001230|1|1250|0|      |20220525|20220525|0603|2022-06-05 07:05:11
334613|0000000921983964              |20220525|192840|007|674|0|30300002|130010007|130759337|1|20220525|191723|8001794|20220525|194040|8001230|1|1250|0|      |20220525|20220525|0603|2022-06-05 07:05:11
335020|0000000757369785              |20220525|121721|008|674|0|30300002|130010007|130759324|1|20220525|120217|8001792|20220525|122406|8002437|1|1250|0|      |20220525|20220525|0603|2022-06-05 07:05:11
335022|0000000729731590              |20220525|163318|005|674|0|30300002|130010007|130759327|1|20220525|161735|8001792|20220525|164117|8002437|1|1250|0|      |20220525|20220525|0603|2022-06-05 07:05:11
335024|0000000908638934              |20220525|174530|014|674|0|30300002|130010007|130759334|1|20220525|154317|8001792|20220525|175311|8002437|1|1250|0|      |20220525|20220525|0603|2022-06-05 07:05:11
335026|0000000742593122              |20220525|182248|002|674|0|30300002|130010007|130759306|1|20220525|162823|8001792|20220525|182907|8002437|1|1250|0|      |20220525|20220525|0603|2022-06-05 07:05:11
335028|0000000904215952              |20220525|195558|013|674|0|30300002|130010007|130759325|1|20220525|194959|8001792|20220525|200250|8002437|1|1250|0|      |20220525|20220525|0603|2022-06-05 07:05:11
335030|0000000752123862              |20220525|203818|029|674|0|30300002|130010007|130759329|1|20220525|202326|8001792|20220525|204355|8002437|1|1250|0|      |20220525|20220525|0603|2022-06-05 07:05:11
331513|0000000729726493              |20220525|180807|003|676|0|30300040|130010007|130759343|1|20220525|172042|8002954|20220525|184832|8002939|1|1250|0|      |20220525|20220525|0603|2022-06-05 07:05:11
331515|0000000651388872              |20220525|184416|015|676|0|30300040|130010007|130759389|1|20220525|174936|8001275|20220525|185537|8001062|1|1250|0|      |20220525|20220525|0603|2022-06-05 07:05:11
331517|0000000725033599              |20220525|204655|018|676|0|30300040|130010007|130759367|1|20220525|202422|8007275|20220525|211706|8003032|1|1250|0|      |20220525|20220525|0603|2022-06-05 07:05:11
331519|0000000732061180              |20220525|210732|013|676|0|30300040|130010013|130759872|1|20220525|210114|8001193|20220525|214923|8002241|1|1250|0|      |20220525|20220525|0603|2022-06-05 07:05:11
331521|0000000903148671              |20220525|145058|018|676|0|30300040|130010007|130759364|1|20220525|144629|8001891|20220525|150810|8001534|1|1250|0|      |20220525|20220525|0603|2022-06-05 07:05:11
331523|0000000748237818              |20220525|071943|024|676|0|30300051|130010008|130752119|1|20220525|070101|8001372|20220525|073456|8002547|1|1250|0|      |20220525|20220525|0603|2022-06-05 07:05:11
331525|0000000773684191              |20220525|084227|022|676|0|30300051|130010008|130752113|1|20220525|080330|8002433|20220525|085517|8001526|1|1250|0|      |20220525|20220525|0603|2022-06-05 07:05:11
331527|0000000673651225              |20220525|085601|002|676|0|30300051|130010008|130752109|1|20220525|081741|8001492|20220525|090220|8001940|1|1250|0|      |20220525|20220525|0603|2022-06-05 07:05:11
331529|0000000725541408              |20220525|093905|001|676|0|30300051|130010008|130752103|1|20220525|084601|8002629|20220525|094944|8001996|1|1250|0|      |20220525|20220525|0603|2022-06-05 07:05:11
332438|0000000769729801              |20220525|084712|014|674|0|30300002|130010007|130759308|1|20220525|074931|8001430|20220525|090755|8005994|1|1250|0|      |20220525|20220525|0603|2022-06-05 07:05:11
332440|0000000774405328              |20220525|104146|005|674|0|30300002|130010007|130759321|1|20220525|095150|8001430|20220525|110341|8005994|1|1250|0|      |20220525|20220525|0603|2022-06-05 07:05:11
332442|0000000903225909              |20220525|130022|007|674|0|30300002|130010007|130759310|1|20220525|121222|8001430|20220525|132137|8005994|1|1250|0|      |20220525|20220525|0603|2022-06-05 07:05:11
332444|0000000634089462              |20220525|171625|030|674|0|30300002|130010007|130759306|1|20220525|162823|8001430|20220525|174239|8005994|1|1250|0|      |20220525|20220525|0603|2022-06-05 07:05:11
332446|0000000658577528              |20220525|062251|022|674|0|30300002|130010007|130759312|1|20220525|054200|8001721|20220525|063619|8001419|1|1250|0|      |20220525|20220525|0603|2022-06-05 07:05:11
332448|0000000701140769              |20220525|073009|018|674|0|30300002|130010007|130759324|1|20220525|063734|8001721|20220525|074523|8001419|1|1250|0|      |20220525|20220525|0603|2022-06-05 07:05:11
332450|0000000715918462              |20220525|080217|005|674|0|30300002|130010007|130759336|1|20220525|070305|8001721|20220525|081814|8001419|1|1250|0|      |20220525|20220525|0603|2022-06-05 07:05:11
332452|0000000708979504              |20220525|123440|017|674|0|30300002|130010007|130759333|1|20220525|115014|8001721|20220525|125331|8001419|1|1250|0|      |20220525|20220525|0603|2022-06-05 07:05:11
332454|0000000678537448              |20220525|104945|017|674|0|30300100|130010002|130752358|1|20220525|094146|8001935|20220525|110007|8002119|1|1250|0|      |20220525|20220525|0603|2022-06-05 07:05:11
332456|0000000747022304              |20220525|125552|012|674|0|30300100|130010002|130752393|1|20220525|114709|8001935|20220525|130525|8002119|1|1250|0|      |20220525|20220525|0603|2022-06-05 07:05:11
332458|0000000779646088              |20220525|131351|023|674|0|30300100|130010002|130752358|1|20220525|120732|8001935|20220525|132230|8002119|1|1250|0|      |20220525|20220525|0603|2022-06-05 07:05:11
332460|0000000761360625              |20220525|153329|008|675|0|30300077|130010006|130752034|1|20220525|145916|8001935|20220525|154513|8002119|1|1250|0|      |20220525|20220525|0603|2022-06-05 07:05:11
332462|0000000607304527              |20220525|172706|020|676|0|30300051|130010008|130752122|1|20220525|165050|8001935|20220525|173915|8002119|1|1250|0|      |20220525|20220525|0603|2022-06-05 07:05:11
332869|0000000909769445              |20220525|181118|015|675|0|30300145|130010014|130753527|1|20220525|180652|8002941|20220525|182320|8002960|1|1250|0|      |20220525|20220525|0603|2022-06-05 07:05:11
332871|0000000742459137              |20220525|182724|016|676|0|30300040|130010013|130759878|1|20220525|182332|8002941|20220525|184144|8002960|1|1250|0|      |20220525|20220525|0603|2022-06-05 07:05:11
332873|0000000777628580              |20220525|190410|020|675|0|30300094|130010014|130753608|1|20220525|183448|8002941|20220525|191436|8002960|1|1250|0|      |20220525|20220525|0603|2022-06-05 07:05:11
332875|0000000771144231              |20220525|215557|028|676|0|30300040|130010013|130759878|1|20220525|215115|8002941|20220525|220243|8002960|1|1250|0|      |20220525|20220525|0603|2022-06-05 07:05:11
332877|0000000741524056              |20220525|132441|007|675|0|30300055|130010014|130753260|1|20220525|124548|8001414|20220525|133101|8002344|1|1250|0|      |20220525|20220525|0603|2022-06-05 07:05:11
332879|0000000743629269              |20220525|161755|022|675|0|30300055|130010014|130753228|1|20220525|135509|8001414|20220525|162746|8002344|1|1250|0|      |20220525|20220525|0603|2022-06-05 07:05:11
332881|0000000768757740              |20220525|182551|003|675|0|30300055|130010014|130753212|1|20220525|155610|8001414|20220525|183453|8002344|1|1250|0|      |20220525|20220525|0603|2022-06-05 07:05:11
332883|0000000742790317              |20220525|092511|009|676|0|30300087|130010015|130759629|1|20220525|085822|8001237|20220525|094314|8002453|1|1250|0|      |20220525|20220525|0603|2022-06-05 07:05:11
332885|0000000725355809              |20220525|181750|019|676|0|30300087|130010015|130759631|1|20220525|174521|8001237|20220525|183543|8002453|1|1250|0|      |20220525|20220525|0603|2022-06-05 07:05:11
332887|0000000734144546              |20220525|194734|026|679|0|30300063|130010001|130759417|1|20220525|185452|8003016|20220525|195429|8001412|1|1250|0|      |20220525|20220525|0603|2022-06-05 07:05:11
332889|0000000918187191              |20220525|140619|005|675|0|30300061|130010015|130759643|1|20220525|132421|8001717|20220525|141424|8005646|1|1250|0|      |20220525|20220525|0603|2022-06-05 07:05:11
332891|0000000742502331              |20220525|061511|031|675|0|30300062|130010008|130752721|1|20220525|055538|8002431|20220525|062745|8001949|1|1250|0|      |20220525|20220525|0603|2022-06-05 07:05:11
332893|0000000778835426              |20220525|152032|005|675|0|30300127|130010004|130752244|1|20220525|143219|8001028|20220525|153238|8007405|1|1250|0|      |20220525|20220525|0603|2022-06-05 07:05:11
332895|0000000905301833              |20220525|091634|008|681|0|30300042|130010009|130759121|1|20220525|073042|8001590|20220525|093250|8002757|1|1250|0|      |20220525|20220525|0603|2022-06-05 07:05:11
334616|0000000650481876              |20220525|085850|020|675|0|30300108|130010007|130759317|1|20220525|080937|8007323|20220525|091315|8002412|1|1250|0|      |20220525|20220525|0603|2022-06-05 07:05:11
352187|0000000743687173              |20220525|175256|015|676|0|30300086|130010013|130759801|1|20220525|171849|8001840|20220525|182437|8001096|1|1250|0|      |20220525|20220525|0603|2022-06-05 07:05:11
352189|0000000740884167              |20220525|175807|030|676|0|30300043|130010015|130759690|1|20220525|175504|8005587|20220525|184127|8002650|1|1250|0|      |20220525|20220525|0603|2022-06-05 07:05:11
352191|0000000743299710              |20220525|075638|005|676|0|30300088|130010002|130752315|1|20220525|063346|8002943|20220525|075951|8070001|1|1250|0|      |20220525|20220525|0603|2022-06-05 07:05:11
352193|0000000921817238              |20220525|070548|016|676|0|30300089|130010011|130759513|1|20220525|061824|8007030|20220525|073022|8002088|1|1250|0|      |20220525|20220525|0603|2022-06-05 07:05:11
352195|0000000664365134              |20220525|081343|004|676|0|30300051|130010008|130752108|1|20220525|080140|8001157|20220525|082321|8001369|1|1250|0|      |20220525|20220525|0603|2022-06-05 07:05:11
352197|0000000737225506              |20220525|071250|018|676|0|30300041|130010012|130753306|1|20220525|065302|8002720|20220525|074112|8002702|1|1250|0|      |20220525|20220525|0603|2022-06-05 07:05:11
352199|0000000772556465              |20220525|220410|027|676|0|30300041|130010012|130753304|1|20220525|214222|8002720|20220525|222340|8002702|1|1250|0|      |20220525|20220525|0603|2022-06-05 07:05:11
352201|0000000734100276              |20220525|073035|004|676|0|30300069|130010001|130759704|1|20220525|070412|8002649|20220525|073949|8001712|1|1250|0|      |20220525|20220525|0603|2022-06-05 07:05:11
352203|0000000636994694              |20220525|124754|007|676|0|30300090|130010005|130759225|1|20220525|064720|8002721|20220525|125519|8007556|1|1250|0|      |20220525|20220525|0603|2022-06-05 07:05:11
352205|0000000769248235              |20220525|092150|014|676|0|30300071|130010009|130759105|1|20220525|085832|8001989|20220525|093251|8002758|1|1250|0|      |20220525|20220525|0603|2022-06-05 07:05:11
352207|0000000626972493              |20220525|212344|017|676|0|30300071|130010009|130759150|1|20220525|125611|8001989|20220525|213710|8002758|1|1250|0|      |20220525|20220525|0603|2022-06-05 07:05:11
352209|0000000766906605              |20220525|084054|006|676|0|30300038|130010014|130753200|1|20220525|072516|8001710|20220525|085224|8003032|1|1250|0|      |20220525|20220525|0603|2022-06-05 07:05:11
352238|0000000726016366              |20220525|185121|013|676|0|30300037|130010006|130759021|1|20220525|121810|8002721|20220525|191055|8002921|1|1250|0|      |20220525|20220525|0603|2022-06-05 07:05:11
352240|0000000772103551              |20220525|084944|018|676|0|30300089|130010011|130759504|1|20220525|074606|8002207|20220525|090739|8001922|1|1250|0|      |20220525|20220525|0603|2022-06-05 07:05:11
352242|0000000768370395              |20220525|145050|028|676|0|30300040|130010007|130759385|1|20220525|141244|8002935|20220525|150513|8001091|1|1250|0|      |20220525|20220525|0603|2022-06-05 07:05:11
352244|0000000750460136              |20220525|205652|017|676|0|30300038|130010014|130753508|1|20220525|195451|8001132|20220525|210251|8001710|1|1250|0|      |20220525|20220525|0603|2022-06-05 07:05:11
352246|0000000918312025              |20220525|202039|007|676|0|30300037|130010006|130752024|1|20220525|200647|8002343|20220525|203249|8002317|1|1250|0|      |20220525|20220525|0603|2022-06-05 07:05:11
352248|0000000773318591              |20220525|090033|006|676|0|30300130|130010008|130752140|1|20220525|084329|8001717|20220525|093104|8002340|1|1250|0|      |20220525|20220525|0603|2022-06-05 07:05:11
352250|0000000768180292              |20220525|192505|005|676|0|30300037|130010006|130752031|1|20220525|174059|8005504|20220525|192700|8002635|1|1250|0|      |20220525|20220525|0603|2022-06-05 07:05:11
352252|0000000733969876              |20220525|124235|009|676|0|30300069|130010001|130759751|1|20220525|064649|8001942|20220525|125020|8002846|1|1250|0|      |20220525|20220525|0603|2022-06-05 07:05:11
352254|0000000772286567              |20220525|164938|023|676|0|30300041|130010012|130753326|1|20220525|160000|8002756|20220525|165536|8002087|1|1250|0|      |20220525|20220525|0603|2022-06-05 07:05:11
352256|0000000741187396              |20220525|062505|022|676|0|30300041|130010012|130753332|1|20220525|055426|8002756|20220525|062728|8002087|1|1250|0|      |20220525|20220525|0603|2022-06-05 07:05:11
352258|0000000739777152              |20220525|121113|028|676|0|30300038|130010014|130753506|1|20220525|063953|8001132|20220525|121553|8001710|1|1250|0|      |20220525|20220525|0603|2022-06-05 07:05:11
352260|0000000725854097              |20220525|085929|021|676|0|30300070|130010004|130752241|1|20220525|082350|8001052|20220525|091204|8002785|1|1250|0|      |20220525|20220525|0603|2022-06-05 07:05:11
352262|0000000777140813              |20220525|122356|016|676|0|30300038|130010014|130753508|1|20220525|112223|8001132|20220525|123056|8001710|1|1250|0|      |20220525|20220525|0603|2022-06-05 07:05:11
352264|0000000742711896              |20220525|114343|012|676|0|30300054|130010007|130759353|1|20220525|104246|8002976|20220525|115144|8001828|1|1250|0|      |20220525|20220525|0603|2022-06-05 07:05:11
352347|0000000642036388              |20220525|130143|006|676|0|30300090|130010005|130759218|1|20220525|120418|8002961|20220525|130231|8002411|1|1250|0|      |20220525|20220525|0603|2022-06-05 07:05:11
352349|0000000609849176              |20220525|172004|020|676|0|30300041|130010012|130753326|1|20220525|160000|8002961|20220525|172103|8002411|1|1250|0|      |20220525|20220525|0603|2022-06-05 07:05:11
352351|0000000778473138              |20220525|152507|016|676|0|30300068|130010006|130752030|1|20220525|141006|8001359|20220525|153329|8002778|1|1250|0|      |20220525|20220525|0603|2022-06-05 07:05:11
352353|0000000661135034              |20220525|141436|008|676|0|30300043|130010015|130759609|1|20220525|133147|8001747|20220525|142105|8002730|1|1250|0|      |20220525|20220525|0603|2022-06-05 07:05:11
352355|0000000771217653              |20220525|085052|013|676|0|30300043|130010015|130759632|1|20220525|080859|8001747|20220525|085642|8002730|1|1250|0|      |20220525|20220525|0603|2022-06-05 07:05:11
352357|0000000724247326              |20220525|075550|018|676|0|30300037|130010006|130752073|1|20220525|065617|8002961|20220525|075628|8002411|1|1250|0|      |20220525|20220525|0603|2022-06-05 07:05:11
352359|0000000741440930              |20220525|103041|009|676|0|30300037|130010006|130759017|1|20220525|090233|8002315|20220525|103217|8002313|1|1250|0|      |20220525|20220525|0603|2022-06-05 07:05:11
352361|0000000725607025              |20220525|110330|031|676|0|30300093|130010004|130752207|1|20220525|102742|8001096|20220525|111719|8001399|1|1250|0|      |20220525|20220525|0603|2022-06-05 07:05:11
352363|0000000657678014              |20220525|135910|024|676|0|30300093|130010004|130752262|1|20220525|130331|8001096|20220525|141152|8001399|1|1250|0|      |20220525|20220525|0603|2022-06-05 07:05:11
352365|0000000740853070              |20220525|180447|015|676|0|30300093|130010004|130752262|1|20220525|170610|8001096|20220525|182010|8001399|1|1250|0|      |20220525|20220525|0603|2022-06-05 07:05:11
352367|0000000773332402              |20220525|221658|016|676|0|30300093|130010004|130752262|1|20220525|212530|8001096|20220525|222655|8001399|1|1250|0|      |20220525|20220525|0603|2022-06-05 07:05:11
379206|0000000910466513              |20220525|125135|018|676|2|30300089|130010011|130759518|1|20220525|113059|8002088|20220525|130122|8002648|1|0|0|      |20220525|20220525|0603|2022-06-05 07:05:11
379208|0000000725582395              |20220525|140359|008|675|2|30300096|130010006|130752022|1|20220525|135722|8002088|20220525|142345|8001324|1|0|0|      |20220525|20220525|0603|2022-06-05 07:05:11
379210|0000000729851928              |20220525|160100|022|676|1|30300089|130010011|130759576|1|20220525|142717|8002088|20220525|161542|8001441|1|0|0|      |20220525|20220525|0603|2022-06-05 07:05:11
379212|0000000761688986              |20220525|165727|011|675|0|30300096|130010006|130752020|4|20220525|145820|8002088|20220525|170934|8001232|1|750|0|      |20220525|20220525|0603|2022-06-05 07:05:11
379214|0000000757931532              |20220525|183312|004|675|1|30300060|130010014|130753507|1|20220525|172725|8002088|20220525|185019|8002242|1|0|0|      |20220525|20220525|0603|2022-06-05 07:05:11
379216|0000000907980014              |20220525|212315|025|675|0|30300081|130010011|130759571|4|20220525|192710|8002088|20220525|213918|8001583|1|750|0|      |20220525|20220525|0603|2022-06-05 07:05:11
379218|0000000773330844              |20220525|215311|013|676|1|30300087|130010008|130752159|1|20220525|211359|8002088|20220525|220925|8002461|1|0|0|      |20220525|20220525|0603|2022-06-05 07:05:11
379220|0000000778362905              |20220525|081236|011|676|1|30300038|130010014|130753247|1|20220525|071528|8002733|20220525|083127|8003128|1|0|0|      |20220525|20220525|0603|2022-06-05 07:05:11
379222|0000000630012726              |20220525|085236|030|676|1|30300038|130010014|130753500|1|20220525|070831|8002733|20220525|091128|8003128|1|0|0|      |20220525|20220525|0603|2022-06-05 07:05:11
379224|0000000903009593              |20220525|192807|017|675|1|30300076|130010014|130753511|1|20220525|184513|8002733|20220525|193037|8001139|1|0|0|      |20220525|20220525|0603|2022-06-05 07:05:11
379226|0000000778615502              |20220525|070115|019|675|0|30300078|130010008|130752166|4|20220525|062706|8007280|20220525|071930|8002605|1|750|0|      |20220525|20220525|0603|2022-06-05 07:05:11
379390|0000000741730699              |20220525|115943|005|675|1|30300101|130010002|130752327|1|20220525|115204|8002558|20220525|124414|8001916|1|0|0|      |20220525|20220525|0603|2022-06-05 07:05:11
379392|0000000741730699              |20220525|210641|007|674|1|30300104|130010002|130752343|1|20220525|210118|8002558|20220525|214451|8002681|1|0|0|      |20220525|20220525|0603|2022-06-05 07:05:11
379394|0000000706746830              |20220525|223423|007|675|1|30300101|130010002|130752327|1|20220525|212008|8002558|20220525|230118|8001028|1|0|0|      |20220525|20220525|0603|2022-06-05 07:05:11
379396|0000000626951464              |20220525|102912|014|676|1|30300072|130010001|130759714|1|20220525|100203|8001348|20220525|103855|8001229|1|0|0|      |20220525|20220525|0603|2022-06-05 07:05:11
379398|0000000725428114              |20220525|160413|019|676|1|30300070|130010004|130752205|1|20220525|152315|8001348|20220525|163511|8002793|1|0|0|      |20220525|20220525|0603|2022-06-05 07:05:11
379400|0000000764878640              |20220525|201302|008|680|1|30300013|130010015|130759639|1|20220525|200617|8001348|20220525|201950|8001875|1|0|0|      |20220525|20220525|0603|2022-06-05 07:05:11
379402|0000000631103470              |20220525|062647|029|675|1|30300091|130010013|130759881|1|20220525|061705|8001348|20220525|072251|8001242|1|0|0|      |20220525|20220525|0603|2022-06-05 07:05:11
379404|0000000778512418              |20220525|140729|020|675|1|30300091|130010013|130759876|1|20220525|123813|8001348|20220525|141248|8001463|1|0|0|      |20220525|20220525|0603|2022-06-05 07:05:11
379406|0000000743528461              |20220525|112328|002|675|2|30300144|130010012|130753381|1|20220525|104146|8002734|20220525|112913|8002781|1|0|0|      |20220525|20220525|0603|2022-06-05 07:05:11
379408|0000000762988203              |20220525|133703|023|675|2|30300055|130010014|130753205|1|20220525|123555|8002734|20220525|135539|8001847|1|0|0|      |20220525|20220525|0603|2022-06-05 07:05:11
379410|0000000768718448              |20220525|152744|006|676|2|30300036|130010011|130759503|1|20220525|145916|8002734|20220525|160228|8002722|1|0|0|      |20220525|20220525|0603|2022-06-05 07:05:11
379412|0000000770315309              |20220525|163648|029|676|1|30300038|130010014|130753508|1|20220525|154934|8002734|20220525|165649|8003043|1|0|0|      |20220525|20220525|0603|2022-06-05 07:05:11
379414|0000000921845033              |20220525|165258|016|676|1|30300036|130010012|130753372|1|20220524|052359|8002734|20220525|174807|8001680|1|0|0|      |20220525|20220525|0603|2022-06-05 07:05:11
379605|0000000760532386              |20220525|131036|007|675|1|30300053|130010002|130752368|4|20220525|120107|8006006|20220525|134459|8001526|1|0|0|      |20220525|20220525|0603|2022-06-05 07:05:11
379607|0000000741839421              |20220525|191529|024|676|1|30300087|130010008|130752151|1|20220525|140347|8006006|20220525|194607|8001198|1|0|0|      |20220525|20220525|0603|2022-06-05 07:05:11
379609|0000000910686298              |20220525|222736|026|676|0|30300071|130010009|130759124|4|20220525|114549|8006006|20220525|224126|8002726|1|750|0|      |20220525|20220525|0603|2022-06-05 07:05:11
379611|0000000760795350              |20220525|224455|008|675|2|30300060|130010014|130753230|1|20220525|134250|8006006|20220525|231414|8070007|1|0|0|      |20220525|20220525|0603|2022-06-05 07:05:11
379613|0000000653577502              |20220525|072539|001|676|1|30300089|130010011|130759575|1|20220525|065848|8002969|20220525|080715|8005505|1|0|0|      |20220525|20220525|0603|2022-06-05 07:05:11
379615|0000000729691955              |20220525|154100|027|675|1|30300060|130010014|130753245|1|20220525|145356|8002969|20220525|161405|8001851|1|0|0|      |20220525|20220525|0603|2022-06-05 07:05:11
379617|0000000742463272              |20220525|145816|030|675|1|30300048|130010006|130752021|1|20220525|133520|8002376|20220525|153255|8002453|1|0|0|      |20220525|20220525|0603|2022-06-05 07:05:11
379619|0000000722896240              |20220525|121053|026|675|2|30300046|130010002|130752366|1|20220525|100134|8002376|20220525|124538|8001526|1|0|0|      |20220525|20220525|0603|2022-06-05 07:05:11
379621|0000000732476215              |20220525|151816|022|675|1|30300046|130010002|130752353|1|20220525|143827|8002376|20220525|160449|8007046|1|0|0|      |20220525|20220525|0603|2022-06-05 07:05:11
379623|0000000906228719              |20220525|064932|029|675|1|30300050|130010007|130759348|1|20220525|060135|8002376|20220525|073814|8001332|1|0|0|      |20220525|20220525|0603|2022-06-05 07:05:11
379625|0000000910727853              |20220525|141603|004|676|0|30300036|130010011|130759520|4|20220525|135746|8002376|20220525|143505|8001596|1|750|0|      |20220525|20220525|0603|2022-06-05 07:05:11
379627|0000000760028747              |20220525|201524|029|676|0|30300087|130010008|130752159|4|20220525|192242|8002969|20220525|203551|8001238|1|750|0|      |20220525|20220525|0603|2022-06-05 07:05:11
379629|0000000661211206              |20220525|152457|013|676|1|30300036|130010012|130753333|1|20220525|144033|8002757|20220525|155644|8002039|1|0|0|      |20220525|20220525|0603|2022-06-05 07:05:11
374436|0000000677765225              |20220525|155624|010|676|0|30300090|130010005|130759266|1|20220525|153331|8002075|20220525|161307|8002453|1|1250|0|      |20220525|20220525|0603|2022-06-05 07:05:11
374438|0000000730348493              |20220525|093523|012|675|0|30300076|130010014|130753270|1|20220525|091348|8002357|20220525|093540|8001412|1|1250|0|      |20220525|20220525|0603|2022-06-05 07:05:11
374440|0000000715416446              |20220525|222305|007|675|0|30300075|130010005|130759211|1|20220525|220706|8002080|20220525|225654|8002823|1|1250|0|      |20220525|20220525|0603|2022-06-05 07:05:11
374442|0000000722252302              |20220525|141111|027|675|0|30300095|130010005|130759228|1|20220525|131613|8001763|20220525|142017|8002118|1|1250|0|      |20220525|20220525|0603|2022-06-05 07:05:11
374444|0000000771909336              |20220525|055946|010|675|0|30300094|130010014|130753610|1|20220525|053654|8001287|20220525|063130|8002204|1|1250|0|      |20220525|20220525|0603|2022-06-05 07:05:11
374446|0000000461594095              |20220525|092724|006|675|0|30300076|130010014|130753239|1|20220525|085334|8001461|20220525|093942|8001937|1|1250|0|      |20220525|20220525|0603|2022-06-05 07:05:11
374448|0000000747648029              |20220525|125032|015|675|0|30300095|130010005|130759229|1|20220525|060052|8001736|20220525|125422|8002508|1|1250|0|      |20220525|20220525|0603|2022-06-05 07:05:11
374450|0000000679515018              |20220525|154057|013|680|0|30300027|130010006|130752075|1|20220525|145441|8001265|20220525|161143|8002824|1|1250|0|      |20220525|20220525|0603|2022-06-05 07:05:11
374452|0000000770498428              |20220525|165700|024|675|0|30300096|130010006|130752026|1|20220525|162306|8002884|20220525|172131|8001890|1|1250|0|      |20220525|20220525|0603|2022-06-05 07:05:11
374454|0000000743526455              |20220525|175527|005|676|0|30300088|130010002|130752356|1|20220525|165154|8002348|20220525|175611|8002740|1|1250|0|      |20220525|20220525|0603|2022-06-05 07:05:11
374861|0000000675106107              |20220525|143311|017|675|0|30300096|130010006|130752063|1|20220525|140355|8005600|20220525|150900|8002090|1|1250|0|      |20220525|20220525|0603|2022-06-05 07:05:11
374863|0000000747338017              |20220525|155238|014|675|0|30300080|130010009|130759154|1|20220525|134711|8002577|20220525|161911|8001800|1|1250|0|      |20220525|20220525|0603|2022-06-05 07:05:11
374865|0000000631698712              |20220525|172840|028|674|0|30300104|130010002|130752303|1|20220525|163709|9005583|20220525|180227|8001083|1|1250|0|      |20220525|20220525|0603|2022-06-05 07:05:11
374867|0000000654337291              |20220525|184215|024|676|0|30300071|130010009|130759133|1|20220525|125308|8001660|20220525|185052|8001463|1|1250|0|      |20220525|20220525|0603|2022-06-05 07:05:11
374869|0000000742343904              |20220525|194237|012|676|0|30300068|130010006|130752008|1|20220525|192827|8002993|20220525|200403|8070006|1|1250|0|      |20220525|20220525|0603|2022-06-05 07:05:11
374871|0000000626165638              |20220525|202013|008|675|0|30300096|130010006|130752022|1|20220525|201535|8002089|20220525|205426|8002026|1|1250|0|      |20220525|20220525|0603|2022-06-05 07:05:11
374873|0000000743005336              |20220525|132052|002|674|0|30300100|130010002|130752383|1|20220525|125941|8001929|20220525|134313|8001584|1|1250|0|      |20220525|20220525|0603|2022-06-05 07:05:11
374875|0000000740660050              |20220525|221544|031|676|0|30300130|130010008|130752139|1|20220525|215953|8001940|20220525|223504|8003051|1|1250|0|      |20220525|20220525|0603|2022-06-05 07:05:11
374877|0000000725162046              |20220525|054452|019|675|0|30300050|130010007|130759302|1|20220525|050438|8002412|20220525|061245|8002074|1|1250|0|      |20220525|20220525|0603|2022-06-05 07:05:11
374879|0000000600601690              |20220525|184803|018|675|0|30300061|130010015|130759648|1|20220525|182741|8001994|20220525|192116|8002434|1|1250|0|      |20220525|20220525|0603|2022-06-05 07:05:11
374881|0000000918331191              |20220525|120749|012|675|0|30300050|130010007|130759302|1|20220525|050438|8001318|20220525|122542|8001272|1|1250|0|      |20220525|20220525|0603|2022-06-05 07:05:11
374883|0000000736021631              |20220525|074523|002|676|0|30300131|130010008|130752701|1|20220525|072849|8007285|20220525|082650|8002453|1|1250|0|      |20220525|20220525|0603|2022-06-05 07:05:11
374885|0000000664166305              |20220525|100745|009|678|0|30300074|130010014|130753219|1|20220525|093829|8001749|20220525|100914|8001876|1|1250|0|      |20220525|20220525|0603|2022-06-05 07:05:11
374887|0000000653959430              |20220525|170134|017|675|0|30300095|130010005|130759210|1|20220525|165851|8001956|20220525|170501|8002119|1|1250|0|      |20220525|20220525|0603|2022-06-05 07:05:11
375294|0000000733410148              |20220525|155648|013|675|0|30300050|130010007|130759350|1|20220525|155037|8002073|20220525|163143|8002960|1|1250|0|      |20220525|20220525|0603|2022-06-05 07:05:11
375296|0000000728727662              |20220525|165948|003|680|0|30300013|130010015|130759650|1|20220525|162821|8001615|20220525|172222|8001846|1|1250|0|      |20220525|20220525|0603|2022-06-05 07:05:11
375298|0000000907977477              |20220525|182045|020|676|0|30300043|130010015|130759689|1|20220525|165248|8002729|20220525|182757|8001245|1|1250|0|      |20220525|20220525|0603|2022-06-05 07:05:11
375300|0000000630134363              |20220525|181048|022|675|0|30300061|130010015|130759617|1|20220525|174435|8005526|20220525|182510|8001716|1|1250|0|      |20220525|20220525|0603|2022-06-05 07:05:11
375302|0000000920868494              |20220525|193711|024|675|0|30300078|130010008|130752169|1|20220525|124420|8002227|20220525|201020|8002218|1|1250|0|      |20220525|20220525|0603|2022-06-05 07:05:11
375304|0000000759640846              |20220525|220241|020|676|0|30300131|130010008|130752722|1|20220525|205831|8001055|20220525|222412|8007286|1|1250|0|      |20220525|20220525|0603|2022-06-05 07:05:11
375306|0000000751239641              |20220525|173309|020|675|0|30300076|130010014|130753239|1|20220525|140803|8002831|20220525|182825|8002634|1|1250|0|      |20220525|20220525|0603|2022-06-05 07:05:11
375308|0000000766331813              |20220525|184902|022|676|0|30300041|130010012|130753310|1|20220525|170016|8001400|20220525|191744|8002969|1|1250|0|      |20220525|20220525|0603|2022-06-05 07:05:11
375310|0000000737121331              |20220525|190939|023|676|0|30300036|130010011|130759520|1|20220525|151817|8001994|20220525|193934|8001074|1|1250|0|      |20220525|20220525|0603|2022-06-05 07:05:11
375312|0000000634694482              |20220525|210118|013|680|0|30300119|130010011|130759524|1|20220525|204853|8002134|20220525|211052|8001888|1|1250|0|      |20220525|20220525|0603|2022-06-05 07:05:11
375314|0000000743222455              |20220525|075352|028|675|0|30300053|130010002|130752386|1|20220525|070717|8001950|20220525|081351|8005583|1|1250|0|      |20220525|20220525|0603|2022-06-05 07:05:11
375316|0000000762124539              |20220525|214927|022|675|0|30300081|130010011|130759515|1|20220525|212442|8002217|20220525|215522|8002075|1|1250|0|      |20220525|20220525|0603|2022-06-05 07:05:11
375318|0000000715961147              |20220525|185750|011|676|0|30300089|130010011|130759531|1|20220525|133447|8007490|20220525|193943|8002468|1|1250|0|      |20220525|20220525|0603|2022-06-05 07:05:11
366993|0000000665131965              |20220525|074313|026|675|0|30300061|130010015|130759647|1|20220525|070833|8002779|20220525|075723|8002642|1|1250|0|      |20220525|20220525|0603|2022-06-05 07:05:11
366995|0000000738981806              |20220525|083611|024|675|0|30300061|130010015|130759691|1|20220525|075440|8002788|20220525|085331|8001112|1|1250|0|      |20220525|20220525|0603|2022-06-05 07:05:11
366997|0000000640699579              |20220525|094128|018|675|0|30300061|130010015|130759647|1|20220525|091535|8002971|20220525|094822|8002228|1|1250|0|      |20220525|20220525|0603|2022-06-05 07:05:11
366999|0000000720776056              |20220525|160533|027|675|0|30300061|130010015|130759612|1|20220525|153812|8002641|20220525|162736|8001717|1|1250|0|      |20220525|20220525|0603|2022-06-05 07:05:11
367001|0000000722719848              |20220525|170408|022|675|0|30300061|130010015|130759647|1|20220525|163231|8002641|20220525|171857|8002788|1|1250|0|      |20220525|20220525|0603|2022-06-05 07:05:11
367003|0000000747663830              |20220525|185456|002|675|0|30300084|130010001|130759440|1|20220525|170418|8002701|20220525|190241|8001500|1|1250|0|      |20220525|20220525|0603|2022-06-05 07:05:11
367005|0000000653267897              |20220525|063932|005|675|0|30300092|130010013|130759824|1|20220525|061549|8002137|20220525|065656|8002092|1|1250|0|      |20220525|20220525|0603|2022-06-05 07:05:11
367007|0000000908712451              |20220525|134554|005|676|1|30300037|130010006|130759004|4|20220525|113713|8002075|20220525|135052|8002558|1|0|0|      |20220525|20220525|0603|2022-06-05 07:05:11
367009|0000000760874200              |20220525|151507|018|676|1|30300037|130010006|130759024|1|20220525|125358|8002075|20220525|151828|8002558|1|0|0|      |20220525|20220525|0603|2022-06-05 07:05:11
367011|0000000736053271              |20220525|153634|024|676|2|30300037|130010006|130752038|1|20220525|145432|8002075|20220525|154017|8002558|1|0|0|      |20220525|20220525|0603|2022-06-05 07:05:11
367013|0000000624205407              |20220525|163244|021|676|1|30300037|130010006|130752005|1|20220525|154821|8002075|20220525|163639|8002558|1|0|0|      |20220525|20220525|0603|2022-06-05 07:05:11
367015|0000000774411404              |20220525|171810|017|676|1|30300037|130010006|130752074|1|20220525|162835|8002075|20220525|172425|8002558|1|0|0|      |20220525|20220525|0603|2022-06-05 07:05:11
367017|0000000910183061              |20220525|181759|021|676|1|30300037|130010006|130752050|1|20220525|155158|8002075|20220525|182031|8002558|1|0|0|      |20220525|20220525|0603|2022-06-05 07:05:11
367019|0000000461317721              |20220525|181805|025|676|1|30300037|130010006|130752050|1|20220525|155158|8002075|20220525|182314|8002558|1|0|0|      |20220525|20220525|0603|2022-06-05 07:05:11
367426|0000000679626903              |20220525|112151|029|676|1|30300130|130010008|130752146|1|20220525|104450|8001349|20220525|112842|8001236|1|0|0|      |20220525|20220525|0603|2022-06-05 07:05:11
367428|0000000757981532              |20220525|124951|028|676|1|30300072|130010001|130759423|1|20220525|064302|8001349|20220525|125627|8001236|1|0|0|      |20220525|20220525|0603|2022-06-05 07:05:11
367430|0000000764548866              |20220525|143940|016|676|2|30300072|130010001|130759427|1|20220525|121140|8001349|20220525|144623|8001236|1|0|0|      |20220525|20220525|0603|2022-06-05 07:05:11
367432|0000000725440649              |20220525|155203|028|676|1|30300072|130010001|130759706|1|20220525|145000|8001349|20220525|155609|8001236|1|0|0|      |20220525|20220525|0603|2022-06-05 07:05:11
367434|0000000708139475              |20220525|172335|015|676|1|30300130|130010008|130752145|1|20220525|163740|8001349|20220525|172854|8001236|1|0|0|      |20220525|20220525|0603|2022-06-05 07:05:11
367436|0000000742564983              |20220525|181143|015|676|1|30300072|130010001|130759435|1|20220525|153204|8001349|20220525|181843|8001236|1|0|0|      |20220525|20220525|0603|2022-06-05 07:05:11
367438|0000000765582789              |20220525|213404|018|676|1|30300130|130010008|130752149|1|20220525|210016|8001349|20220525|214112|8001236|1|0|0|      |20220525|20220525|0603|2022-06-05 07:05:11
367440|0000000767150484              |20220525|075238|001|674|1|30300002|130010007|130759332|1|20220525|072940|8002131|20220525|075812|8002133|1|0|0|      |20220525|20220525|0603|2022-06-05 07:05:11
367442|0000000903806316              |20220525|201229|002|674|1|30300002|130010007|130759334|1|20220525|194344|8002131|20220525|201827|8002133|1|0|0|      |20220525|20220525|0603|2022-06-05 07:05:11
367444|0000000740674687              |20220525|083529|010|676|1|30300072|130010001|130759420|1|20220525|073355|8002558|20220525|083727|8002468|1|0|0|      |20220525|20220525|0603|2022-06-05 07:05:11
367446|0000000727367244              |20220525|085659|029|675|1|30300053|130010002|130752398|1|20220525|085551|8002558|20220525|090045|8002468|1|0|0|      |20220525|20220525|0603|2022-06-05 07:05:11
367448|0000000779424478              |20220525|083839|028|675|2|30300053|130010002|130752378|1|20220525|072209|8002558|20220525|084107|8002468|1|0|0|      |20220525|20220525|0603|2022-06-05 07:05:11
367450|0000000760752592              |20220525|153541|021|675|1|30300101|130010002|130752320|4|20220525|142445|8002558|20220525|153744|8002468|1|0|0|      |20220525|20220525|0603|2022-06-05 07:05:11
369062|0000000671584659              |20220525|221755|005|675|1|30300047|130010001|130759433|1|20220525|184634|8002412|20220525|222911|8002736|1|0|0|      |20220525|20220525|0603|2022-06-05 07:05:11
369064|0000000772706948              |20220525|140335|006|675|1|30300081|130010011|130759572|1|20220525|131358|8002452|20220525|141507|8002753|1|0|0|      |20220525|20220525|0603|2022-06-05 07:05:11
369066|0000000903683837              |20220525|184152|019|675|1|30300081|130010011|130759582|1|20220525|174100|8002452|20220525|185602|8002753|1|0|0|      |20220525|20220525|0603|2022-06-05 07:05:11
369068|0000000740415178              |20220525|092759|019|676|1|30300037|130010006|130759024|1|20220525|085059|8002559|20220525|094744|8002310|1|0|0|      |20220525|20220525|0603|2022-06-05 07:05:11
369070|0000000910339228              |20220525|145625|027|676|1|30300037|130010006|130752005|1|20220525|142243|8002559|20220525|151636|8002310|1|0|0|      |20220525|20220525|0603|2022-06-05 07:05:11
369072|0000000659749461              |20220525|180132|002|676|1|30300037|130010006|130752046|1|20220525|173014|8002559|20220525|182614|8002310|1|0|0|      |20220525|20220525|0603|2022-06-05 07:05:11
369074|0000000909275379              |20220525|192350|015|676|1|30300037|130010006|130752045|1|20220525|184615|8002559|20220525|194254|8002310|1|0|0|      |20220525|20220525|0603|2022-06-05 07:05:11
369076|0000000757433462              |20220525|201814|025|675|1|30300081|130010011|130759571|1|20220525|192710|8002452|20220525|202806|8002753|1|0|0|      |20220525|20220525|0603|2022-06-05 07:05:11
369078|0000000725990509              |20220525|120159|001|675|2|30300096|130010006|130752057|1|20220525|112501|8001923|20220525|121830|8002026|1|0|0|      |20220525|20220525|0603|2022-06-05 07:05:11
369080|0000000674691588              |20220525|185150|011|675|2|30300096|130010006|130752063|1|20220525|182542|8001923|20220525|191316|8002026|1|0|0|      |20220525|20220525|0603|2022-06-05 07:05:11
359174|0000000726177020              |20220525|160815|026|676|0|30300072|130010001|130759427|1|20220525|152214|8001412|20220525|161629|8001970|1|1250|0|      |20220525|20220525|0603|2022-06-05 07:05:11
359176|0000000751801775              |20220525|055107|001|675|0|30300053|130010002|130752328|1|20220525|053936|8001491|20220525|060529|8001074|1|1250|0|      |20220525|20220525|0603|2022-06-05 07:05:11
359178|0000000754280496              |20220525|111624|013|675|0|30300053|130010002|130752398|1|20220525|104121|8001491|20220525|113049|8001074|1|1250|0|      |20220525|20220525|0603|2022-06-05 07:05:11
359180|0000000921367784              |20220525|150909|019|675|0|30300053|130010002|130752394|1|20220525|143247|8001491|20220525|152528|8001074|1|1250|0|      |20220525|20220525|0603|2022-06-05 07:05:11
359182|0000000741480751              |20220525|093240|021|675|0|30300101|130010002|130752309|1|20220525|091539|8001785|20220525|095418|8001084|1|1250|0|      |20220525|20220525|0603|2022-06-05 07:05:11
359589|0000000772459545              |20220525|180854|005|676|0|30300054|130010007|130759352|1|20220525|172512|8001922|20220525|182149|8001055|1|1250|0|      |20220525|20220525|0603|2022-06-05 07:05:11
359591|0000000777877962              |20220525|200311|030|676|0|30300054|130010007|130759377|1|20220525|193148|8001922|20220525|201508|8001055|1|1250|0|      |20220525|20220525|0603|2022-06-05 07:05:11
359593|0000000737527924              |20220525|201232|003|676|0|30300054|130010007|130759387|1|20220525|194158|8001922|20220525|202641|8001055|1|1250|0|      |20220525|20220525|0603|2022-06-05 07:05:11
359595|0000000769501121              |20220525|202345|022|676|0|30300054|130010007|130759384|1|20220525|194949|8001922|20220525|203757|8001055|1|1250|0|      |20220525|20220525|0603|2022-06-05 07:05:11
359597|0000000741455942              |20220525|202356|003|676|0|30300054|130010007|130759384|1|20220525|194949|8001922|20220525|203619|8001055|1|1250|0|      |20220525|20220525|0603|2022-06-05 07:05:11
359599|0000000918311114              |20220525|222155|022|676|0|30300054|130010007|130759378|1|20220525|215530|8001922|20220525|223204|8001055|1|1250|0|      |20220525|20220525|0603|2022-06-05 07:05:11
359601|0000000746930851              |20220525|201515|010|676|0|30300041|130010012|130753370|1|20220525|193925|8001076|20220525|204823|8001097|1|1250|0|      |20220525|20220525|0603|2022-06-05 07:05:11
359603|0000000918234857              |20220525|083619|008|676|0|30300054|130010007|130759358|1|20220525|075209|8001102|20220525|084337|8001568|1|1250|0|      |20220525|20220525|0603|2022-06-05 07:05:11
359605|0000000772907813              |20220525|171721|027|676|0|30300054|130010007|130759347|1|20220525|164409|8001102|20220525|172607|8001568|1|1250|0|      |20220525|20220525|0603|2022-06-05 07:05:11
359607|0000000748568289              |20220525|082141|005|676|0|30300041|130010012|130753324|1|20220525|064336|8001612|20220525|083423|8001096|1|1250|0|      |20220525|20220525|0603|2022-06-05 07:05:11
359609|0000000659616450              |20220525|084139|013|676|0|30300041|130010012|130753326|1|20220525|070006|8001612|20220525|085444|8001096|1|1250|0|      |20220525|20220525|0603|2022-06-05 07:05:11
359611|0000000659712321              |20220525|112611|025|676|0|30300041|130010012|130753380|1|20220525|093252|8001612|20220525|113539|8001096|1|1250|0|      |20220525|20220525|0603|2022-06-05 07:05:11
359613|0000000729510931              |20220525|162721|028|676|0|30300041|130010012|130753327|1|20220525|162050|8001612|20220525|163646|8001096|1|1250|0|      |20220525|20220525|0603|2022-06-05 07:05:11
359615|0000000630943738              |20220525|090759|001|676|0|30300041|130010012|130753320|1|20220525|075341|8001076|20220525|093711|8001097|1|1250|0|      |20220525|20220525|0603|2022-06-05 07:05:11
360022|0000000746462435              |20220525|204251|009|676|0|30300037|130010006|130752024|1|20220525|200647|8002100|20220525|204950|8002558|1|1250|0|      |20220525|20220525|0603|2022-06-05 07:05:11
360024|0000000661497289              |20220525|180103|018|676|0|30300130|130010008|130752145|1|20220525|175813|8002447|20220525|180751|8002823|1|1250|0|      |20220525|20220525|0603|2022-06-05 07:05:11
360026|0000000743243592              |20220525|221414|004|676|0|30300090|130010005|130759260|1|20220525|140937|8007155|20220525|222121|8005990|1|1250|0|      |20220525|20220525|0603|2022-06-05 07:05:11
360028|0000000748816083              |20220525|134621|014|676|0|30300054|130010007|130759381|1|20220525|131020|8002814|20220525|135321|8001923|1|1250|0|      |20220525|20220525|0603|2022-06-05 07:05:11
360030|0000000770196165              |20220525|144700|006|676|0|30300071|130010009|130759124|1|20220525|114549|8002814|20220525|145211|8001923|1|1250|0|      |20220525|20220525|0603|2022-06-05 07:05:11
360032|0000000763693109              |20220525|180354|011|676|0|30300054|130010007|130759386|1|20220525|172014|8002814|20220525|180924|8001923|1|1250|0|      |20220525|20220525|0603|2022-06-05 07:05:11
360034|0000000662373015              |20220525|221509|004|676|0|30300054|130010007|130759349|1|20220525|214812|8002814|20220525|222208|8001923|1|1250|0|      |20220525|20220525|0603|2022-06-05 07:05:11
360036|0000000921265733              |20220525|090256|019|676|0|30300068|130010006|130752015|1|20220525|082134|8002970|20220525|091004|8001097|1|1250|0|      |20220525|20220525|0603|2022-06-05 07:05:11
360038|0000000778229051              |20220525|121236|026|676|0|30300041|130010012|130753309|1|20220525|111117|8002970|20220525|121845|8001097|1|1250|0|      |20220525|20220525|0603|2022-06-05 07:05:11
360040|0000000766849659              |20220525|180705|010|676|0|30300068|130010006|130759025|1|20220525|161923|8002970|20220525|181650|8001097|1|1250|0|      |20220525|20220525|0603|2022-06-05 07:05:11
360042|0000000764319303              |20220525|061814|004|676|0|30300072|130010001|130759407|1|20220525|054151|8001232|20220525|062521|8001078|1|1250|0|      |20220525|20220525|0603|2022-06-05 07:05:11
360044|0000000906517513              |20220525|093304|012|676|0|30300072|130010001|130759427|1|20220525|083513|8001232|20220525|094028|8001078|1|1250|0|      |20220525|20220525|0603|2022-06-05 07:05:11
360046|0000000903824782              |20220525|111645|007|676|0|30300072|130010001|130759423|1|20220525|064302|8001232|20220525|112433|8001078|1|1250|0|      |20220525|20220525|0603|2022-06-05 07:05:11
360983|0000000772742386              |20220525|122157|001|678|0|30300074|130110001|130745012|1|20220525|060055|8002030|20220525|124048|8001412|1|1250|0|      |20220525|20220525|0603|2022-06-05 07:05:11
360985|0000000764264945              |20220525|144625|002|676|0|30300040|130010007|130759367|1|20220525|135057|8001388|20220525|145051|8002412|1|1250|0|      |20220525|20220525|0603|2022-06-05 07:05:11
360987|0000000629658015              |20220525|160444|001|680|0|30300026|130010014|130753603|1|20220525|154643|8002715|20220525|162922|8001412|1|1250|0|      |20220525|20220525|0603|2022-06-05 07:05:11
360989|0000000723788746              |20220525|184434|009|676|0|30300040|130010007|130759388|1|20220525|173923|8001062|20220525|185819|8002412|1|1250|0|      |20220525|20220525|0603|2022-06-05 07:05:11
360991|0000000670812037              |20220525|210055|004|675|0|30300108|130010007|130759356|1|20220525|201647|8007324|20220525|211035|8002412|1|1250|0|      |20220525|20220525|0603|2022-06-05 07:05:11
380511|0000000917934790              |20220525|092354|029|675|0|30300046|130010002|130752379|1|20220525|074615|8007019|20220525|094132|8007066|1|1250|0|      |20220525|20220525|0603|2022-06-05 07:05:11
380513|0000000772269769              |20220525|115316|016|675|0|30300046|130010002|130752379|1|20220525|113519|8001369|20220525|121356|8005997|1|1250|0|      |20220525|20220525|0603|2022-06-05 07:05:11
380515|0000000743657385              |20220525|164208|017|675|0|30300045|130010006|130752012|1|20220525|160136|8002721|20220525|165553|8002921|1|1250|0|      |20220525|20220525|0603|2022-06-05 07:05:11
380517|0000000743785393              |20220525|082115|020|674|0|30300100|130010002|130752365|1|20220525|075059|8001492|20220525|083037|8001927|1|1250|0|      |20220525|20220525|0603|2022-06-05 07:05:11
380519|0000000752958297              |20220525|081406|005|674|0|30300100|130010002|130752336|1|20220525|080554|8001915|20220525|082453|8002547|1|1250|0|      |20220525|20220525|0603|2022-06-05 07:05:11
380521|0000000752690909              |20220525|114919|017|678|0|30300074|130010014|130753219|1|20220525|110633|8002482|20220525|120215|8007221|1|1250|0|      |20220525|20220525|0603|2022-06-05 07:05:11
380523|0000000743175396              |20220525|142406|030|675|0|30300056|130010012|130753308|1|20220525|135611|8005990|20220525|142708|8007480|1|1250|0|      |20220525|20220525|0603|2022-06-05 07:05:11
380525|0000000773689407              |20220525|225142|016|675|0|30300056|130010012|130753371|1|20220525|200843|8001084|20220525|231114|8001168|1|1250|0|      |20220525|20220525|0603|2022-06-05 07:05:11
380527|0000000747364566              |20220525|163233|002|675|0|30300061|130010015|130759612|1|20220525|153812|8002434|20220525|163649|8005646|1|1250|0|      |20220525|20220525|0603|2022-06-05 07:05:12
380529|0000000775920256              |20220525|172037|017|675|0|30300095|130010005|130759202|1|20220525|163435|8001239|20220525|172331|8002508|1|1250|0|      |20220525|20220525|0603|2022-06-05 07:05:12
380828|0000000903892891              |20220525|074805|014|677|0|30300129|130010009|130759115|1|20220525|065844|8007356|20220525|081113|8002737|1|1250|0|      |20220525|20220525|0603|2022-06-05 07:05:12
380830|0000000725491603              |20220525|080414|021|677|0|30300129|130010009|130759126|1|20220525|071813|8007165|20220525|083418|8001192|1|1250|0|      |20220525|20220525|0603|2022-06-05 07:05:12
380832|0000000763260135              |20220525|113158|026|677|0|30300129|130010009|130759143|1|20220525|063748|8001676|20220525|115110|8005928|1|1250|0|      |20220525|20220525|0603|2022-06-05 07:05:12
380834|0000000740715750              |20220525|130038|031|677|0|30300129|130010009|130759184|1|20220525|121927|8007165|20220525|131942|8002939|1|1250|0|      |20220525|20220525|0603|2022-06-05 07:05:12
380836|0000000764153488              |20220525|142614|009|675|0|30300049|130010004|130752212|1|20220525|064654|8002960|20220525|145223|8001730|1|1250|0|      |20220525|20220525|0603|2022-06-05 07:05:12
380838|0000000904489986              |20220525|161657|031|675|0|30300045|130010006|130752047|1|20220525|115518|8002960|20220525|163528|8003069|1|1250|0|      |20220525|20220525|0603|2022-06-05 07:05:12
380840|0000000742516878              |20220525|173909|013|679|0|30300063|130010001|130759482|1|20220525|171309|8001862|20220525|175158|8001835|1|1250|0|      |20220525|20220525|0603|2022-06-05 07:05:12
380842|0000000740256344              |20220525|185251|010|675|0|30300046|130010002|130752305|1|20220525|132859|8007165|20220525|185644|8007020|1|1250|0|      |20220525|20220525|0603|2022-06-05 07:05:12
380844|0000000753956180              |20220525|204541|025|679|0|30300063|130010001|130759486|1|20220525|202745|8007335|20220525|214441|8001801|1|1250|0|      |20220525|20220525|0603|2022-06-05 07:05:12
380846|0000000670559087              |20220525|071846|029|675|0|30300145|130010014|130753528|1|20220525|070740|8002410|20220525|072700|8002739|1|1250|0|      |20220525|20220525|0603|2022-06-05 07:05:12
380848|0000000756872216              |20220525|075022|007|675|0|30300145|130010014|130753601|1|20220525|074131|8002960|20220525|081105|8002901|1|1250|0|      |20220525|20220525|0603|2022-06-05 07:05:12
380850|0000000760769690              |20220525|184725|026|675|0|30300058|130010004|130752278|1|20220525|132959|8001085|20220525|193102|8005913|1|1250|0|      |20220525|20220525|0603|2022-06-05 07:05:12
380852|0000000743752176              |20220525|104315|012|675|0|30300094|130010014|130753610|1|20220525|082349|8002939|20220525|104435|8002737|1|1250|0|      |20220525|20220525|0603|2022-06-05 07:05:12
381178|0000000677733961              |20220525|151358|015|675|0|30300091|130010013|130759811|1|20220525|142131|8001406|20220525|152730|8001419|1|1250|0|      |20220525|20220525|0603|2022-06-05 07:05:12
381180|0000000921507223              |20220525|195909|020|675|0|30300078|130010008|130752163|1|20220525|194158|8007280|20220525|200812|8001419|1|1250|0|      |20220525|20220525|0603|2022-06-05 07:05:12
381182|0000000715484983              |20220525|085842|007|675|0|30300077|130010006|130752070|1|20220525|084349|8002118|20220525|092121|8001418|1|1250|0|      |20220525|20220525|0603|2022-06-05 07:05:12
381184|0000000720621781              |20220525|131133|010|675|0|30300075|130010005|130759211|1|20220525|125205|8002217|20220525|132956|8001876|1|1250|0|      |20220525|20220525|0603|2022-06-05 07:05:12
381186|0000000722977134              |20220525|153425|028|675|0|30300058|130010004|130752220|1|20220525|151858|8002705|20220525|160936|8001418|1|1250|0|      |20220525|20220525|0603|2022-06-05 07:05:12
381188|0000000753639978              |20220525|215028|019|680|0|30300052|130010006|130752003|1|20220525|190810|8002629|20220525|215412|8001418|1|1250|0|      |20220525|20220525|0603|2022-06-05 07:05:12
381190|0000000709169774              |20220525|143745|026|675|0|30300045|130010006|130759002|1|20220525|140847|8005999|20220525|144754|8002410|1|1250|0|      |20220525|20220525|0603|2022-06-05 07:05:12
381192|0000000911354673              |20220525|061807|012|675|0|30300056|130010012|130753315|1|20220525|051104|8002754|20220525|063343|8002410|1|1250|0|      |20220525|20220525|0603|2022-06-05 07:05:12
381194|0000000725625713              |20220525|082156|005|675|0|30300056|130010012|130753374|1|20220525|073403|8001903|20220525|083719|8002410|1|1250|0|      |20220525|20220525|0603|2022-06-05 07:05:12
381196|0000000771521385              |20220525|163620|031|681|0|30300042|130010009|130759165|1|20220525|160240|8002279|20220525|165728|8002410|1|1250|0|      |20220525|20220525|0603|2022-06-05 07:05:12
381198|0000000656841493              |20220525|224401|015|681|0|30300042|130010009|130759151|1|20220525|220922|8003032|20220525|224542|8002410|1|1250|0|      |20220525|20220525|0603|2022-06-05 07:05:12
381200|0000000742819314              |20220525|173549|010|675|0|30300048|130010006|130752069|1|20220525|170646|8002406|20220525|181531|8002453|1|1250|0|      |20220525|20220525|0603|2022-06-05 07:05:12
381202|0000000904586604              |20220525|100835|005|674|0|30300104|130010002|130752505|1|20220525|091804|8002558|20220525|103658|8001028|1|1250|0|      |20220525|20220525|0603|2022-06-05 07:05:12
381204|0000000742658156              |20220525|171955|003|675|0|30300101|130010002|130752304|1|20220525|165941|8001646|20220525|174242|8001028|1|1250|0|      |20220525|20220525|0603|2022-06-05 07:05:12
376939|0000000670193228              |20220525|062532|024|675|1|30300095|130010005|130759229|1|20220525|060052|8001736|20220525|063441|8001249|1|0|0|      |20220525|20220525|0603|2022-06-05 07:05:12
376941|0000000918361891              |20220525|095849|004|675|1|30300080|130010009|130759103|1|20220525|091709|8006007|20220525|101108|8001983|1|0|0|      |20220525|20220525|0603|2022-06-05 07:05:12
376943|0000000903492419              |20220525|092209|009|676|1|30300039|130010005|130759217|1|20220525|060047|8001182|20220525|095300|8002921|1|0|0|      |20220525|20220525|0603|2022-06-05 07:05:12
376945|0000000711559671              |20220525|103425|004|680|1|30300052|130010006|130752019|1|20220525|095537|8001118|20220525|110709|8002995|1|0|0|      |20220525|20220525|0603|2022-06-05 07:05:12
376947|0000000741532527              |20220525|120825|017|675|1|30300096|130010006|130752026|1|20220525|100900|8001305|20220525|121214|8005511|1|0|0|      |20220525|20220525|0603|2022-06-05 07:05:12
376949|0000000761591816              |20220525|123149|007|676|1|30300069|130010001|130759704|1|20220525|122008|8007372|20220525|125259|8002279|1|0|0|      |20220525|20220525|0603|2022-06-05 07:05:12
376951|0000000903452907              |20220525|141651|004|675|1|30300057|130010001|130759758|1|20220525|140623|8002149|20220525|142318|8001529|1|0|0|      |20220525|20220525|0603|2022-06-05 07:05:12
376953|0000000910909916              |20220525|161201|004|676|1|30300068|130010006|130752030|1|20220525|160438|8007178|20220525|162801|8002779|1|0|0|      |20220525|20220525|0603|2022-06-05 07:05:12
376955|0000000725726556              |20220525|172801|030|676|1|30300068|130010006|130752009|1|20220525|162529|8002641|20220525|180222|8003102|1|0|0|      |20220525|20220525|0603|2022-06-05 07:05:12
376957|0000000741054595              |20220525|194816|024|675|1|30300127|130010004|130752243|1|20220525|191550|8002574|20220525|195218|8001136|1|0|0|      |20220525|20220525|0603|2022-06-05 07:05:12
376959|0000000918429031              |20220525|220326|004|675|1|30300096|130010006|130752004|1|20220525|211413|8002557|20220525|221721|8002026|1|0|0|      |20220525|20220525|0603|2022-06-05 07:05:12
376961|0000000903902574              |20220525|142221|019|676|1|30300051|130010008|130752128|1|20220525|141309|8001096|20220525|145623|8001493|1|0|0|      |20220525|20220525|0603|2022-06-05 07:05:12
377368|0000000666391809              |20220525|100004|022|675|1|30300058|130010004|130752251|1|20220525|091613|8001647|20220525|102112|8001515|1|0|0|      |20220525|20220525|0603|2022-06-05 07:05:12
377370|0000000741259288              |20220525|081243|020|675|1|30300053|130010002|130752378|1|20220525|072209|8001237|20220525|083043|8001567|1|0|0|      |20220525|20220525|0603|2022-06-05 07:05:12
377372|0000000741134433              |20220525|092554|013|676|2|30300072|130010001|130759407|1|20220525|090842|8002488|20220525|094729|8001921|1|0|0|      |20220525|20220525|0603|2022-06-05 07:05:12
377374|0000000618484822              |20220525|120532|027|675|2|30300058|130010004|130752295|1|20220525|062815|8002428|20220525|124411|8002946|1|0|0|      |20220525|20220525|0603|2022-06-05 07:05:12
377376|0000000760813760              |20220525|123232|029|675|0|30300058|130010004|130752247|4|20220525|055158|8005585|20220525|130229|8001647|1|750|0|      |20220525|20220525|0603|2022-06-05 07:05:12
377378|0000000761517114              |20220525|161325|017|676|1|30300093|130010004|130752231|1|20220525|145815|8001035|20220525|164031|8002932|1|0|0|      |20220525|20220525|0603|2022-06-05 07:05:12
377380|0000000713452916              |20220525|225407|010|676|2|30300040|130010007|130759367|1|20220525|222149|8001655|20220525|230907|8001086|1|0|0|      |20220525|20220525|0603|2022-06-05 07:05:12
377382|0000000678602278              |20220525|165649|011|675|1|30300047|130010001|130759705|1|20220525|164143|8001846|20220525|171923|8003102|1|0|0|      |20220525|20220525|0603|2022-06-05 07:05:12
377384|0000000759256594              |20220525|211250|008|675|1|30300082|130010001|130759485|1|20220525|202611|8001931|20220525|212503|8001074|1|0|0|      |20220525|20220525|0603|2022-06-05 07:05:12
377386|0000000611442268              |20220525|083032|014|675|1|30300047|130010001|130759415|1|20220525|080358|8001013|20220525|085305|8005990|1|0|0|      |20220525|20220525|0603|2022-06-05 07:05:12
377388|0000000621156006              |20220525|143211|017|676|1|30300041|130010012|130753370|1|20220525|133618|8002087|20220525|143734|8001077|1|0|0|      |20220525|20220525|0603|2022-06-05 07:05:12
377390|0000000604023897              |20220525|165504|004|676|1|30300043|130010015|130759615|1|20220525|155258|8002981|20220525|170512|8001832|1|0|0|      |20220525|20220525|0603|2022-06-05 07:05:12
377392|0000000903694833              |20220525|170250|013|676|1|30300043|130010015|130759618|1|20220525|162153|8001990|20220525|172544|8002255|1|0|0|      |20220525|20220525|0603|2022-06-05 07:05:12
377808|0000000653980590              |20220525|200458|005|675|0|30300083|130010001|130759780|1|20220525|150222|8002723|~       |      |~      |1|1250|0|      |20220525|~       |0603|2022-06-05 07:05:12
377810|0000000903488721              |20220525|204319|031|675|0|30300092|130010013|130759825|1|20220525|192718|8002132|~       |      |~      |1|1250|0|      |20220525|~       |0603|2022-06-05 07:05:12
377812|0000000642162215              |20220525|181903|006|676|1|30300038|130010014|130753214|1|20220525|172117|8002228|~       |      |~      |1|0|0|      |20220525|~       |0603|2022-06-05 07:05:12
377814|0000000910508703              |20220525|184403|016|676|1|30300068|130010006|130752036|1|20220525|181232|8002228|~       |      |~      |1|0|0|      |20220525|~       |0603|2022-06-05 07:05:12
377816|0000000771386635              |20220525|215938|020|676|0|30300038|130010014|130753203|1|20220525|211759|8002228|~       |      |~      |1|1250|0|      |20220525|~       |0603|2022-06-05 07:05:12
377818|0000000719780374              |20220525|195954|017|675|2|30300061|130010015|130759691|1|20220525|185513|8002723|~       |      |~      |1|0|0|      |20220525|~       |0603|2022-06-05 07:05:12
377820|0000000725794560              |20220525|221453|020|675|1|30300061|130010015|130759645|1|20220525|214420|8002228|~       |      |~      |1|0|0|      |20220525|~       |0603|2022-06-05 07:05:12
377822|0000000760739591              |20220525|114920|012|675|0|30300079|130010009|130759129|4|20220525|055800|8002723|~       |      |~      |1|750|0|      |20220525|~       |0603|2022-06-05 07:05:12
377824|0000000908034163              |20220525|132244|031|675|0|30300079|130010009|130759175|1|20220525|124430|8002723|~       |      |~      |1|1250|0|      |20220525|~       |0603|2022-06-05 07:05:12
377826|0000000728849133              |20220525|152754|024|675|0|30300079|130010009|130759120|1|20220525|134415|8002723|~       |      |~      |1|1250|0|      |20220525|~       |0603|2022-06-05 07:05:12
377828|0000000763232136              |20220525|154645|016|675|0|30300079|130010009|130759171|1|20220525|151345|8002723|~       |      |~      |1|1250|0|      |20220525|~       |0603|2022-06-05 07:05:12
377830|0000000630160435              |20220525|160254|026|675|0|30300079|130010009|130759134|1|20220525|152907|8002723|~       |      |~      |1|1250|0|      |20220525|~       |0603|2022-06-05 07:05:12
370025|0000000462267259              |20220525|171331|021|676|0|30300043|130010015|130759603|1|20220525|160415|8001723|20220525|172754|8001296|1|1250|0|      |20220525|20220525|0603|2022-06-05 07:05:12
370027|0000000904673966              |20220525|173245|006|675|0|30300064|130010015|130759625|1|20220525|170330|8002687|20220525|174810|8001874|1|1250|0|      |20220525|20220525|0603|2022-06-05 07:05:12
370029|0000000764848432              |20220525|175906|013|674|0|30300104|130010002|130752314|1|20220525|165112|8070015|20220525|181823|8001158|1|1250|0|      |20220525|20220525|0603|2022-06-05 07:05:12
370031|0000000703667281              |20220525|180818|026|675|0|30300049|130010004|130752212|1|20220525|175114|8002662|20220525|185803|8001263|1|1250|0|      |20220525|20220525|0603|2022-06-05 07:05:12
370033|0000000768330015              |20220525|185017|011|675|0|30300101|130010002|130752332|1|20220525|184528|8005856|20220525|193855|8001154|1|1250|0|      |20220525|20220525|0603|2022-06-05 07:05:12
370440|0000000762047027              |20220525|141845|031|675|0|30300058|130010004|130752290|1|20220525|135809|8001653|20220525|145628|8002904|1|1250|0|      |20220525|20220525|0603|2022-06-05 07:05:12
370442|0000000733841712              |20220525|161021|009|675|0|30300101|130010002|130752304|1|20220525|155644|8001785|20220525|165359|8002453|1|1250|0|      |20220525|20220525|0603|2022-06-05 07:05:12
370444|0000000734114484              |20220525|090504|029|675|0|30300049|130010004|130752248|1|20220525|075855|8001588|20220525|093324|8001934|1|1250|0|      |20220525|20220525|0603|2022-06-05 07:05:12
370446|0000000725551289              |20220525|161149|022|675|0|30300082|130010001|130759739|1|20220525|160611|8001395|20220525|163821|8001929|1|1250|0|      |20220525|20220525|0603|2022-06-05 07:05:12
370448|0000000725149043              |20220525|183317|013|680|0|30300018|130010004|130752239|1|20220525|133613|8001490|20220525|183440|8002119|1|1250|0|      |20220525|20220525|0603|2022-06-05 07:05:12
370450|0000000904478617              |20220525|163629|009|675|0|30300055|130010014|130753260|1|20220525|144631|8001437|20220525|170116|8002733|1|1250|0|      |20220525|20220525|0603|2022-06-05 07:05:12
370452|0000000677575735              |20220525|183651|001|676|0|30300088|130010002|130752374|1|20220525|173855|8002742|20220525|191913|8002351|1|1250|0|      |20220525|20220525|0603|2022-06-05 07:05:12
370454|0000000743480419              |20220525|062101|015|680|0|30300021|130010002|130752555|1|20220525|061545|8002936|20220525|065955|8002544|1|1250|0|      |20220525|20220525|0603|2022-06-05 07:05:12
370456|0000000769893752              |20220525|070154|025|675|0|30300049|130010004|130752289|1|20220525|061809|8001588|20220525|072959|8001355|1|1250|0|      |20220525|20220525|0603|2022-06-05 07:05:12
370458|0000000725371121              |20220525|073148|007|675|0|30300047|130010001|130759438|1|20220525|071739|8001483|20220525|081547|8005516|1|1250|0|      |20220525|20220525|0603|2022-06-05 07:05:12
370460|0000000740695922              |20220525|073820|016|675|0|30300053|130010002|130752378|1|20220525|072209|8001152|20220525|081120|8001736|1|1250|0|      |20220525|20220525|0603|2022-06-05 07:05:12
370462|0000000658317188              |20220525|075210|010|675|0|30300055|130010014|130753209|1|20220525|073035|8002927|20220525|083155|8002894|1|1250|0|      |20220525|20220525|0603|2022-06-05 07:05:12
370464|0000000740472319              |20220525|084446|010|675|0|30300055|130010014|130753269|1|20220525|055842|8002488|20220525|090248|8002001|1|1250|0|      |20220525|20220525|0603|2022-06-05 07:05:12
371486|0000000746326239              |20220525|203236|015|675|0|30300046|130010002|130752324|1|20220525|184151|8005907|20220525|212253|8001028|1|1250|0|      |20220525|20220525|0603|2022-06-05 07:05:12
371488|0000000679724729              |20220525|062231|018|676|0|30300038|130010014|130753502|1|20220525|060329|8003130|20220525|064856|8002778|1|1250|0|      |20220525|20220525|0603|2022-06-05 07:05:12
371490|0000000630060477              |20220525|082500|017|675|0|30300046|130010002|130752312|1|20220525|072337|8001282|20220525|084418|8005857|1|1250|0|      |20220525|20220525|0603|2022-06-05 07:05:12
371492|0000000670483971              |20220525|072506|004|676|0|30300038|130010014|130753506|1|20220525|063953|8002228|20220525|081747|9002077|1|1250|0|      |20220525|20220525|0603|2022-06-05 07:05:12
371494|0000000770911696              |20220525|104743|010|675|0|30300049|130010004|130752216|1|20220525|103854|8005571|20220525|110457|8002960|1|1250|0|      |20220525|20220525|0603|2022-06-05 07:05:12
371496|0000000601176081              |20220525|132615|027|676|0|30300043|130010015|130759619|1|20220525|062225|8005918|20220525|135233|8001789|1|1250|0|      |20220525|20220525|0603|2022-06-05 07:05:12
371498|0000000740904361              |20220525|124330|019|675|0|30300046|130010002|130752379|1|20220525|113519|8002211|20220525|130009|8001676|1|1250|0|      |20220525|20220525|0603|2022-06-05 07:05:12
371500|0000000776621086              |20220525|140126|022|676|0|30300038|130010014|130753524|1|20220525|111946|8001168|20220525|141019|8001772|1|1250|0|      |20220525|20220525|0603|2022-06-05 07:05:12
371502|0000000903978167              |20220525|173653|013|676|0|30300038|130010014|130753255|1|20220525|161919|8002155|20220525|173742|8005881|1|1250|0|      |20220525|20220525|0603|2022-06-05 07:05:12
371504|0000000708593020              |20220525|180718|005|676|0|30300038|130010014|130753506|1|20220525|175655|8002693|20220525|181717|8001774|1|1250|0|      |20220525|20220525|0603|2022-06-05 07:05:12
371506|0000000777922803              |20220525|181311|020|676|0|30300043|130010015|130759604|1|20220525|121659|8001724|20220525|184033|8002696|1|1250|0|      |20220525|20220525|0603|2022-06-05 07:05:12
371508|0000000921654184              |20220525|181821|031|675|0|30300046|130010002|130752350|1|20220525|161223|8002406|20220525|185842|8001025|1|1250|0|      |20220525|20220525|0603|2022-06-05 07:05:12
371510|0000000668404628              |20220525|183757|027|676|0|30300038|130010014|130753247|1|20220525|175735|8001527|20220525|193520|8002408|1|1250|0|      |20220525|20220525|0603|2022-06-05 07:05:12
371512|0000000920925310              |20220525|193037|028|676|0|30300043|130010015|130759615|1|20220525|192352|8005587|20220525|201851|8001789|1|1250|0|      |20220525|20220525|0603|2022-06-05 07:05:12
371946|0000000909820403              |20220525|083719|014|675|0|30300045|130010006|130752043|1|20220525|053515|8001490|20220525|093350|8002921|1|1250|0|      |20220525|20220525|0603|2022-06-05 07:05:12
371948|0000000658955297              |20220525|121628|024|675|0|30300108|130010007|130759305|1|20220525|115530|8007320|20220525|124432|8002921|1|1250|0|      |20220525|20220525|0603|2022-06-05 07:05:12
371950|0000000725786984              |20220525|144814|005|675|0|30300108|130010007|130759303|1|20220525|134335|8007320|20220525|151710|8002921|1|1250|0|      |20220525|20220525|0603|2022-06-05 07:05:12
371952|0000000757418906              |20220525|223119|020|676|0|30300038|130010014|130753203|1|20220525|211759|8001704|20220525|224018|8002921|1|1250|0|      |20220525|20220525|0603|2022-06-05 07:05:12
371954|0000000601852564              |20220525|073112|022|675|0|30300046|130010002|130752312|1|20220525|072337|8001157|20220525|084417|8005857|1|1250|0|      |20220525|20220525|0603|2022-06-05 07:05:12
362527|0000000920974673              |20220525|175448|029|675|0|30300060|130010014|130753223|1|20220525|173401|8002361|20220525|180746|8002075|1|1250|0|      |20220525|20220525|0603|2022-06-05 07:05:12
362529|0000000773830171              |20220525|073207|002|676|0|30300037|130010006|130752072|1|20220525|064523|8002558|20220525|074843|8002403|1|1250|0|      |20220525|20220525|0603|2022-06-05 07:05:12
362531|0000000725744287              |20220525|162617|013|681|0|30300042|130010009|130759165|1|20220525|160240|8001359|20220525|165840|8002403|1|1250|0|      |20220525|20220525|0603|2022-06-05 07:05:12
362533|0000000673643459              |20220525|073724|006|675|0|30300046|130010002|130752342|1|20220525|064758|8002363|20220525|080131|8002597|1|1250|0|      |20220525|20220525|0603|2022-06-05 07:05:12
362535|0000000777799146              |20220525|090833|003|675|0|30300046|130010002|130752352|1|20220525|084958|8001117|20220525|101605|8007161|1|1250|0|      |20220525|20220525|0603|2022-06-05 07:05:12
362537|0000000607675489              |20220525|095216|010|676|0|30300043|130010015|130759618|1|20220525|092804|8002554|20220525|101713|8001429|1|1250|0|      |20220525|20220525|0603|2022-06-05 07:05:12
362539|0000000758897736              |20220525|164356|031|676|0|30300054|130010007|130759354|1|20220525|155524|8002556|20220525|170649|8001555|1|1250|0|      |20220525|20220525|0603|2022-06-05 07:05:12
362541|0000000741609529              |20220525|072404|018|675|0|30300091|130010013|130759819|1|20220525|061219|8001906|20220525|081945|8005994|1|1250|0|      |20220525|20220525|0603|2022-06-05 07:05:12
362543|0000000751202260              |20220525|172807|019|676|0|30300068|130010006|130752009|1|20220525|162529|8002641|20220525|180015|8002184|1|1250|0|      |20220525|20220525|0603|2022-06-05 07:05:12
362545|0000000776356202              |20220525|130254|021|676|0|30300051|130010008|130752110|1|20220525|123712|8001117|20220525|134951|8001996|1|1250|0|      |20220525|20220525|0603|2022-06-05 07:05:12
362952|0000000700303668              |20220525|102059|001|675|0|30300144|130010012|130753382|1|20220525|100229|8001417|20220525|102929|8001097|1|1250|0|      |20220525|20220525|0603|2022-06-05 07:05:12
362954|0000000675410028              |20220525|141816|023|675|0|30300075|130010005|130759264|1|20220525|123315|8001417|20220525|142637|8001097|1|1250|0|      |20220525|20220525|0603|2022-06-05 07:05:12
362956|0000000720143050              |20220525|180748|001|675|0|30300075|130010005|130759203|1|20220525|161047|8001417|20220525|181333|8001097|1|1250|0|      |20220525|20220525|0603|2022-06-05 07:05:12
362958|0000000677829568              |20220525|210118|001|675|0|30300075|130010005|130759203|1|20220525|161047|8001417|20220525|210922|8001097|1|1250|0|      |20220525|20220525|0603|2022-06-05 07:05:12
362960|0000000910456032              |20220525|082727|004|674|0|30300002|130010007|130759318|1|20220525|072157|8002134|20220525|083402|8001631|1|1250|0|      |20220525|20220525|0603|2022-06-05 07:05:12
362962|0000000619725771              |20220525|125346|001|674|0|30300002|130010007|130759323|1|20220525|115327|8002134|20220525|125835|8001631|1|1250|0|      |20220525|20220525|0603|2022-06-05 07:05:12
362964|0000000740883722              |20220525|165530|008|674|0|30300002|130010007|130759325|1|20220525|155636|8002134|20220525|170046|8001631|1|1250|0|      |20220525|20220525|0603|2022-06-05 07:05:12
362966|0000000911821976              |20220525|190231|001|676|0|30300088|130010006|130752023|1|20220525|170309|8002134|20220525|191143|8001631|1|1250|0|      |20220525|20220525|0603|2022-06-05 07:05:12
362968|0000000635090890              |20220525|202032|013|676|0|30300088|130010002|130752553|1|20220525|201609|8002134|20220525|202509|8001631|1|1250|0|      |20220525|20220525|0603|2022-06-05 07:05:12
362970|0000000900664395              |20220525|210209|008|676|0|30300088|130010002|130752370|1|20220525|191531|8002134|20220525|210807|8001631|1|1250|0|      |20220525|20220525|0603|2022-06-05 07:05:12
362972|0000000655682529              |20220525|133549|002|674|0|30300100|130010002|130752365|1|20220525|131226|8001935|20220525|135433|8001028|1|1250|0|      |20220525|20220525|0603|2022-06-05 07:05:12
362974|0000000708503997              |20220525|082848|019|676|0|30300040|130010013|130759871|1|20220525|064554|8001096|20220525|083443|8002905|1|1250|0|      |20220525|20220525|0603|2022-06-05 07:05:12
362976|0000000776699221              |20220525|075736|030|676|0|30300040|130010007|130759389|1|20220525|074321|8001096|20220525|080503|8002905|1|1250|0|      |20220525|20220525|0603|2022-06-05 07:05:12
363383|0000000774716668              |20220525|182233|014|676|0|30300040|130010013|130759802|1|20220525|172142|8001086|20220525|183208|8001097|1|1250|0|      |20220525|20220525|0603|2022-06-05 07:05:12
363385|0000000752081748              |20220525|095732|019|674|0|30300002|130010007|130759331|1|20220525|085640|8002134|20220525|101459|8001782|1|1250|0|      |20220525|20220525|0603|2022-06-05 07:05:12
363387|0000000701906348              |20220525|172315|004|674|0|30300002|130010007|130759327|1|20220525|161735|8002134|20220525|174317|8001782|1|1250|0|      |20220525|20220525|0603|2022-06-05 07:05:12
363389|0000000754195285              |20220525|080213|014|675|0|30300077|130010006|130752070|1|20220525|072441|8001935|20220525|081719|8001709|1|1250|0|      |20220525|20220525|0603|2022-06-05 07:05:12
363391|0000000772557597              |20220525|090617|003|675|0|30300077|130010006|130759018|1|20220525|064858|8001935|20220525|092103|8001709|1|1250|0|      |20220525|20220525|0603|2022-06-05 07:05:12
363393|0000000905923222              |20220525|085746|005|680|0|30300052|130010006|130752025|1|20220525|053342|8001420|20220525|093033|8001526|1|1250|0|      |20220525|20220525|0603|2022-06-05 07:05:12
363395|0000000700560288              |20220525|120653|010|675|0|30300077|130010006|130759018|1|20220525|093644|8001935|20220525|122119|8001709|1|1250|0|      |20220525|20220525|0603|2022-06-05 07:05:12
363397|0000000706577053              |20220525|183931|002|675|0|30300077|130010006|130752034|1|20220525|175408|8001935|20220525|185455|8001709|1|1250|0|      |20220525|20220525|0603|2022-06-05 07:05:12
363399|0000000749962130              |20220525|122142|001|674|0|30300002|130010007|130759325|1|20220525|115437|8001418|20220525|123542|8002881|1|1250|0|      |20220525|20220525|0603|2022-06-05 07:05:12
363401|0000000664899529              |20220525|082046|001|675|0|30300077|130010006|130752010|1|20220525|075902|8001419|20220525|084658|8001709|1|1250|0|      |20220525|20220525|0603|2022-06-05 07:05:12
363403|0000000649744997              |20220525|134604|002|675|0|30300077|130010006|130752070|1|20220525|132831|8001419|20220525|141558|8001709|1|1250|0|      |20220525|20220525|0603|2022-06-05 07:05:12
363405|0000000766940021              |20220525|120522|005|676|0|30300072|130010001|130759711|1|20220525|110602|8001421|20220525|122206|8005989|1|1250|0|      |20220525|20220525|0603|2022-06-05 07:05:12
363407|0000000911238223              |20220525|081424|001|676|0|30300072|130010001|130759429|1|20220525|071054|8001421|20220525|083250|8005989|1|1250|0|      |20220525|20220525|0603|2022-06-05 07:05:12
363409|0000000756686687              |20220525|101648|007|675|0|30300058|130010004|130752220|1|20220525|095406|8007272|20220525|103507|8001929|1|1250|0|      |20220525|20220525|0603|2022-06-05 07:05:12
384553|0000000761097823              |20220525|161511|003|676|1|30300041|130010012|130753377|1|20220525|141052|8005991|20220525|163732|8001287|1|0|0|      |20220525|20220525|0603|2022-06-05 07:05:12
384555|0000000717156561              |20220525|155415|022|675|1|30300065|130010004|130752242|1|20220525|154559|8001835|20220525|160754|8005874|1|0|0|      |20220525|20220525|0603|2022-06-05 07:05:12
384557|0000000908881260              |20220525|155418|005|675|1|30300065|130010004|130752242|1|20220525|154559|8001835|20220525|160752|8005874|1|0|0|      |20220525|20220525|0603|2022-06-05 07:05:12
384559|0000000910566976              |20220525|144804|010|675|1|30300065|130010004|130752203|1|20220525|144051|8001835|20220525|145949|8005874|1|0|0|      |20220525|20220525|0603|2022-06-05 07:05:12
384561|0000000742345567              |20220525|104740|004|676|1|30300087|130010015|130759636|1|20220525|100155|8002453|20220525|111127|8001374|1|0|0|      |20220525|20220525|0603|2022-06-05 07:05:12
384563|0000000747588950              |20220525|225624|028|676|1|30300087|130010015|130759634|1|20220525|222908|8002453|20220525|231719|8001374|1|0|0|      |20220525|20220525|0603|2022-06-05 07:05:12
355985|0000000772589218              |20220525|175324|010|674|0|30300104|130010002|130752355|1|20220525|170854|8005583|20220525|183509|8001028|1|1250|0|      |20220525|20220525|0603|2022-06-05 07:05:12
355987|0000000673044116              |20220525|180558|020|674|0|30300104|130010002|130752341|1|20220525|172003|8005583|20220525|184618|8001028|1|1250|0|      |20220525|20220525|0603|2022-06-05 07:05:12
355989|0000000777640784              |20220525|184112|009|674|0|30300104|130010002|130752343|1|20220525|184057|8005583|20220525|191944|8001028|1|1250|0|      |20220525|20220525|0603|2022-06-05 07:05:12
355991|0000000669345735              |20220525|211650|024|674|0|30300104|130010002|130752333|1|20220525|211639|8005583|20220525|214952|8001028|1|1250|0|      |20220525|20220525|0603|2022-06-05 07:05:12
355993|0000000727059567              |20220525|082446|016|675|0|30300055|130010014|130753228|1|20220525|062951|8001848|20220525|083948|8001934|1|1250|0|      |20220525|20220525|0603|2022-06-05 07:05:12
355995|0000000762736742              |20220525|194447|002|675|0|30300055|130010014|130753228|1|20220525|135509|8001848|20220525|195815|8001934|1|1250|0|      |20220525|20220525|0603|2022-06-05 07:05:12
355997|0000000766302664              |20220525|142539|021|675|0|30300079|130010009|130759171|1|20220525|133218|8001993|20220525|144654|8002724|1|1250|0|      |20220525|20220525|0603|2022-06-05 07:05:12
355999|0000000662454274              |20220525|213427|005|675|0|30300067|130010001|130759481|1|20220525|213241|8001922|20220525|214356|8001288|1|1250|0|      |20220525|20220525|0603|2022-06-05 07:05:12
356001|0000000778000205              |20220525|155150|002|675|0|30300055|130010014|130753269|1|20220525|150037|8001403|20220525|164423|8001847|1|1250|0|      |20220525|20220525|0603|2022-06-05 07:05:12
356003|0000000744237445              |20220525|102134|028|675|0|30300079|130010009|130759111|1|20220525|060019|8001488|20220525|103051|8001538|1|1250|0|      |20220525|20220525|0603|2022-06-05 07:05:12
356005|0000000903326771              |20220525|143156|029|675|0|30300056|130010012|130753319|1|20220525|120720|8002403|20220525|144228|8003099|1|1250|0|      |20220525|20220525|0603|2022-06-05 07:05:12
356007|0000000617792275              |20220525|101923|017|675|0|30300064|130010015|130759626|1|20220525|095308|8003016|20220525|103255|8001404|1|1250|0|      |20220525|20220525|0603|2022-06-05 07:05:12
356009|0000000613086624              |20220525|160708|008|675|0|30300048|130010006|130752060|1|20220525|142905|8002493|20220525|161246|8007541|1|1250|0|      |20220525|20220525|0603|2022-06-05 07:05:12
356011|0000000646735575              |20220525|075358|004|675|0|30300062|130010008|130752135|1|20220525|063120|8001923|20220525|080357|8001293|1|1250|0|      |20220525|20220525|0603|2022-06-05 07:05:12
356418|0000000725728231              |20220525|122347|004|676|0|30300039|130010005|130759212|1|20220525|115822|8001192|20220525|122612|8002873|1|1250|0|      |20220525|20220525|0603|2022-06-05 07:05:12
356420|0000000736670674              |20220525|175425|004|680|0|30300034|130010005|130759204|1|20220525|165116|8007188|20220525|180935|8001455|1|1250|0|      |20220525|20220525|0603|2022-06-05 07:05:12
356422|0000000701904322              |20220525|161355|002|676|0|30300087|130010008|130752159|1|20220525|152319|8001724|20220525|162419|8006006|1|1250|0|      |20220525|20220525|0603|2022-06-05 07:05:12
356424|0000000732625183              |20220525|074555|014|675|0|30300055|130010014|130753218|1|20220525|065544|8001445|20220525|080324|8001987|1|1250|0|      |20220525|20220525|0603|2022-06-05 07:05:12
356426|0000000614138019              |20220525|104522|030|675|0|30300145|130010014|130753606|1|20220525|090718|8002492|20220525|104857|8002739|1|1250|0|      |20220525|20220525|0603|2022-06-05 07:05:12
356428|0000000779658126              |20220525|145344|026|676|0|30300087|130010008|130752151|1|20220525|140347|8001724|20220525|150416|8006006|1|1250|0|      |20220525|20220525|0603|2022-06-05 07:05:12
356430|0000000776101405              |20220525|180603|019|675|0|30300045|130010006|130759002|1|20220525|171128|8002974|20220525|182203|8003071|1|1250|0|      |20220525|20220525|0603|2022-06-05 07:05:12
356432|0000000742894994              |20220525|094356|021|676|0|30300087|130010015|130759610|1|20220525|083953|8002758|20220525|100102|8001276|1|1250|0|      |20220525|20220525|0603|2022-06-05 07:05:12
356434|0000000777192028              |20220525|155345|001|676|0|30300051|130010008|130752121|1|20220525|153225|8002330|20220525|161639|8002545|1|1250|0|      |20220525|20220525|0603|2022-06-05 07:05:12
356436|0000000776895116              |20220525|171601|016|676|0|30300051|130010008|130752122|1|20220525|165050|8002330|20220525|174004|8002545|1|1250|0|      |20220525|20220525|0603|2022-06-05 07:05:12
356438|0000000700575739              |20220525|172644|023|676|0|30300051|130010008|130752103|1|20220525|165931|8002330|20220525|175126|8002545|1|1250|0|      |20220525|20220525|0603|2022-06-05 07:05:12
356440|0000000701370382              |20220525|223119|005|676|0|30300137|130010004|130752279|1|20220525|221835|8002330|20220525|224347|8002545|1|1250|0|      |20220525|20220525|0603|2022-06-05 07:05:12
356442|0000000908289586              |20220525|224903|011|676|0|30300051|130010008|130752124|1|20220525|223136|8002330|20220525|230604|8002545|1|1250|0|      |20220525|20220525|0603|2022-06-05 07:05:12
357468|0000000727493665              |20220525|182457|006|675|1|30300145|130010014|130753527|1|20220525|180652|8002410|20220525|182738|8002492|1|0|0|      |20220525|20220525|0603|2022-06-05 07:05:12
357470|0000000920860596              |20220525|191258|013|675|1|30300108|130010007|130759339|1|20220525|184913|8002410|20220525|191527|8002492|1|0|0|      |20220525|20220525|0603|2022-06-05 07:05:12
357472|0000000624966363              |20220525|080857|003|676|1|30300088|130010002|130752364|1|20220525|080105|8002352|20220525|083646|8001169|1|0|0|      |20220525|20220525|0603|2022-06-05 07:05:12
357474|0000000910172151              |20220525|090856|016|676|1|30300088|130010006|130752001|4|20220525|090021|8002352|20220525|093406|8001169|1|0|0|      |20220525|20220525|0603|2022-06-05 07:05:12
380063|0000000743282559              |20220525|080404|008|676|0|30300037|130010006|130759004|1|20220525|073527|8006001|~       |      |~      |1|1250|0|      |20220525|~       |0603|2022-06-05 07:05:12
380065|0000000910307658              |20220525|082949|018|676|1|30300037|130010006|130759027|1|20220525|075450|8006001|~       |      |~      |1|0|0|      |20220525|~       |0603|2022-06-05 07:05:12
380067|0000000617647103              |20220525|171758|027|676|0|30300037|130010006|130752037|1|20220525|165055|8006001|~       |      |~      |1|1250|0|      |20220525|~       |0603|2022-06-05 07:05:12
380315|0000000745888870              |20220525|065638|022|675|0|30300077|130010006|130752041|1|20220525|064326|8001228|20220525|065947|8001994|1|1250|0|      |20220525|20220525|0603|2022-06-05 07:05:12
380317|0000000903214307              |20220525|083157|025|675|0|30300056|130010012|130753371|1|20220525|055214|8001261|20220525|085530|8002403|1|1250|0|      |20220525|20220525|0603|2022-06-05 07:05:12
380319|0000000903829206              |20220525|124451|019|675|0|30300060|130010014|130753244|1|20220525|062311|8002453|20220525|124623|8001378|1|1250|0|      |20220525|20220525|0603|2022-06-05 07:05:12
380321|0000000744120730              |20220525|155743|025|675|0|30300058|130010004|130752257|1|20220525|140853|8007274|20220525|160953|8001875|1|1250|0|      |20220525|20220525|0603|2022-06-05 07:05:12
380323|0000000745512352              |20220525|075410|021|675|0|30300067|130010001|130759424|1|20220524|212455|8002650|20220525|075912|8001990|1|1250|0|      |20220525|20220525|0603|2022-06-05 07:05:12
380325|0000000641515342              |20220525|121803|008|675|0|30300067|130010001|130759731|1|20220525|113236|8002630|20220525|124120|8002338|1|1250|0|      |20220525|20220525|0603|2022-06-05 07:05:12
380327|0000000903790102              |20220525|132655|019|675|0|30300066|130010015|130759605|1|20220525|130350|8001963|20220525|134001|8002001|1|1250|0|      |20220525|20220525|0603|2022-06-05 07:05:12
380329|0000000725716763              |20220525|074859|005|680|0|30300052|130010006|130752025|1|20220525|053342|8002434|20220525|081033|8001090|1|1250|0|      |20220525|20220525|0603|2022-06-05 07:05:12
380331|0000000631579736              |20220525|115104|016|675|0|30300078|130010008|130752165|1|20220525|114602|8001430|20220525|120717|8007280|1|1250|0|      |20220525|20220525|0603|2022-06-05 07:05:12
380333|0000000725372764              |20220525|160818|025|675|0|30300081|130010011|130759533|1|20220525|151727|8002969|20220525|161118|8002087|1|1250|0|      |20220525|20220525|0603|2022-06-05 07:05:12
380335|0000000772225715              |20220525|202544|030|675|0|30300075|130010005|130759221|1|20220525|194031|8005881|20220525|203630|8002826|1|1250|0|      |20220525|20220525|0603|2022-06-05 07:05:12
380337|0000000712301084              |20220525|212115|006|675|0|30300094|130010012|130753329|1|20220525|195151|8001922|20220525|212945|8001890|1|1250|0|      |20220525|20220525|0603|2022-06-05 07:05:12
380339|0000000704022385              |20220525|131829|017|675|0|30300045|130010006|130752043|1|20220525|112511|8001877|20220525|133355|8002412|1|1250|0|      |20220525|20220525|0603|2022-06-05 07:05:12
380611|0000000736770930              |20220525|091718|025|675|0|30300047|130010001|130759415|1|20220525|091412|8002941|20220525|093955|8003101|1|1250|0|      |20220525|20220525|0603|2022-06-05 07:05:12
380613|0000000743497703              |20220525|122545|010|674|0|30300104|130010002|130752505|1|20220525|113158|8001078|20220525|123554|8002382|1|1250|0|      |20220525|20220525|0603|2022-06-05 07:05:12
380615|0000000731263948              |20220525|143827|029|677|0|30300129|130010009|130759101|1|20220525|143257|8002941|20220525|145209|8007395|1|1250|0|      |20220525|20220525|0603|2022-06-05 07:05:12
380617|0000000756366426              |20220525|155156|003|675|0|30300053|130010002|130752394|1|20220525|154727|8001078|20220525|162710|8001526|1|1250|0|      |20220525|20220525|0603|2022-06-05 07:05:12
380619|0000000724116309              |20220525|170252|004|675|0|30300047|130010001|130759433|1|20220525|155003|8002941|20220525|171823|8005993|1|1250|0|      |20220525|20220525|0603|2022-06-05 07:05:12
380621|0000000763434050              |20220525|170135|006|677|0|30300129|130010009|130759179|1|20220525|165430|8002941|20220525|174204|8005906|1|1250|0|      |20220525|20220525|0603|2022-06-05 07:05:12
380623|0000000725122183              |20220525|171944|024|675|0|30300053|130010002|130752369|1|20220525|160156|8001078|20220525|173221|8002276|1|1250|0|      |20220525|20220525|0603|2022-06-05 07:05:12
380625|0000000442261906              |20220525|183511|010|675|0|30300053|130010002|130752398|1|20220525|182233|8001078|20220525|190449|8002119|1|1250|0|      |20220525|20220525|0603|2022-06-05 07:05:12
380627|0000000745732235              |20220525|185733|027|674|0|30300104|130010002|130752333|1|20220525|180632|8001078|20220525|191049|8070015|1|1250|0|      |20220525|20220525|0603|2022-06-05 07:05:12
380629|0000000740715750              |20220525|185248|001|675|0|30300047|130010001|130759718|1|20220525|173523|8002941|20220525|193647|8001488|1|1250|0|      |20220525|20220525|0603|2022-06-05 07:05:12
380631|0000000764448770              |20220525|194350|031|677|0|30300129|130010009|130759164|1|20220525|132914|8002941|20220525|200328|8007019|1|1250|0|      |20220525|20220525|0603|2022-06-05 07:05:12
380633|0000000921354839              |20220525|201959|008|675|0|30300048|130010006|130752060|1|20220525|200203|8001078|20220525|205209|8002375|1|1250|0|      |20220525|20220525|0603|2022-06-05 07:05:12
380635|0000000627185825              |20220525|205912|028|674|0|30300104|130010002|130752313|1|20220525|204347|8001078|20220525|210327|8001062|1|1250|0|      |20220525|20220525|0603|2022-06-05 07:05:12
380637|0000000903923547              |20220525|214814|025|675|0|30300101|130010002|130752396|1|20220525|202730|8001078|20220525|220404|8001763|1|1250|0|      |20220525|20220525|0603|2022-06-05 07:05:12
380936|0000000750496615              |20220525|161620|030|679|0|30300063|130010001|130759774|1|20220525|155157|8002854|20220525|163137|8001835|1|1250|0|      |20220525|20220525|0603|2022-06-05 07:05:12
380938|0000000756558940              |20220525|175903|026|679|0|30300063|130010001|130759403|1|20220525|173655|8001859|20220525|180803|8001835|1|1250|0|      |20220525|20220525|0603|2022-06-05 07:05:12
380940|0000000759886270              |20220525|175559|026|679|0|30300063|130010001|130759417|1|20220525|172755|8002634|20220525|183616|8001863|1|1250|0|      |20220525|20220525|0603|2022-06-05 07:05:12
380942|0000000910684692              |20220525|191256|017|679|0|30300063|130010001|130759417|1|20220525|185452|8002699|20220525|194450|8001791|1|1250|0|      |20220525|20220525|0603|2022-06-05 07:05:12
380944|0000000746203504              |20220525|221556|020|679|0|30300063|130010001|130759787|1|20220525|220026|8001419|20220525|225506|8007336|1|1250|0|      |20220525|20220525|0603|2022-06-05 07:05:12
380946|0000000725157645              |20220525|083756|006|675|0|30300067|130010001|130759717|1|20220525|073204|8002449|20220525|084928|8002349|1|1250|0|      |20220525|20220525|0603|2022-06-05 07:05:12
380948|0000000710798626              |20220525|131605|020|675|0|30300067|130010001|130759425|1|20220525|125416|8001924|20220525|133026|8002648|1|1250|0|      |20220525|20220525|0603|2022-06-05 07:05:12
375065|0000000918443656              |20220525|072748|013|676|0|30300071|130010009|130759176|1|20220525|065437|8002280|20220525|074411|8001923|1|1250|0|      |20220525|20220525|0603|2022-06-05 07:05:12
375067|0000000742047106              |20220525|202219|029|676|0|30300039|130010005|130759263|1|20220525|195657|8002494|20220525|203653|8001922|1|1250|0|      |20220525|20220525|0603|2022-06-05 07:05:12
375069|0000000631664495              |20220525|083508|019|675|0|30300080|130010009|130759160|1|20220525|081243|8002362|20220525|091025|8002063|1|1250|0|      |20220525|20220525|0603|2022-06-05 07:05:12
375071|0000000728727662              |20220525|092956|002|680|0|30300014|130010015|130759672|1|20220525|092855|8001956|20220525|095750|8007450|1|1250|0|      |20220525|20220525|0603|2022-06-05 07:05:12
375073|0000000630134363              |20220525|133924|021|675|0|30300061|130010015|130759647|1|20220525|125738|8002797|20220525|135720|8001112|1|1250|0|      |20220525|20220525|0603|2022-06-05 07:05:12
375075|0000000709613357              |20220525|154152|012|676|0|30300071|130010009|130759102|1|20220525|152048|8002897|20220525|160517|8001587|1|1250|0|      |20220525|20220525|0603|2022-06-05 07:05:12
376611|0000000758050547              |20220525|083208|001|832|0|30300128|130710001|130759913|1|20220525|053348|3056003|20220525|085057|8007055|1|1700|300|      |20220525|20220525|0603|2022-06-05 07:05:12
376613|0000000676783307              |20220525|083241|011|832|1|30300128|130710001|130759913|1|20220525|053348|3056003|20220525|084957|8007055|1|300|300|      |20220525|20220525|0603|2022-06-05 07:05:12
376615|0000000909871825              |20220525|083534|004|832|0|30300128|130710001|130759913|1|20220525|053348|3014014|20220525|085028|8007055|1|1700|300|      |20220525|20220525|0603|2022-06-05 07:05:12
376617|0000000719124555              |20220525|111205|008|832|0|30300128|130710001|130759913|1|20220525|053348|8007412|20220525|114403|8007291|1|1700|300|      |20220525|20220525|0603|2022-06-05 07:05:12
376619|0000000650251358              |20220525|114651|006|832|0|30300128|130710001|130759913|1|20220525|053348|8007293|20220525|122141|8007055|1|1700|300|      |20220525|20220525|0603|2022-06-05 07:05:12
376621|0000000759399785              |20220525|115950|007|832|0|30300128|130710001|130759913|1|20220525|053348|3062006|20220525|122150|8007055|1|1700|300|      |20220525|20220525|0603|2022-06-05 07:05:12
376623|0000000744237829              |20220525|115959|030|832|1|30300128|130710001|130759913|1|20220525|053348|3062006|20220525|122155|8007055|1|300|300|      |20220525|20220525|0603|2022-06-05 07:05:12
376625|0000000750894378              |20220525|111203|004|832|1|30300128|130710001|130759913|1|20220525|053348|8007412|20220525|122152|8007055|1|450|600|      |20220525|20220525|0603|2022-06-05 07:05:12
376627|0000000772046811              |20220525|111158|008|832|1|30300128|130710001|130759913|1|20220525|053348|8007412|20220525|114911|8007295|1|450|300|      |20220525|20220525|0603|2022-06-05 07:05:12
376629|0000000747887800              |20220525|111240|006|832|0|30300128|130710001|130759913|1|20220525|053348|8007269|20220525|114916|8007295|1|1700|300|      |20220525|20220525|0603|2022-06-05 07:05:12
376631|0000000662468154              |20220525|112509|006|832|1|30300128|130710001|130759913|1|20220525|053348|8007288|20220525|120129|8007053|1|450|300|      |20220525|20220525|0603|2022-06-05 07:05:12
376633|0000000773430966              |20220525|131217|029|832|0|30300128|130710001|130759913|1|20220525|053348|8007294|20220525|133922|8007274|1|1700|300|      |20220525|20220525|0603|2022-06-05 07:05:12
376635|0000000751261669              |20220525|125828|006|832|0|30300128|130710001|130759913|1|20220525|053348|8007080|20220525|134828|8007268|1|1700|300|      |20220525|20220525|0603|2022-06-05 07:05:12
376637|0000000666641791              |20220525|125845|004|832|0|30300128|130710001|130759913|1|20220525|053348|8007080|20220525|133626|8007280|1|1700|300|      |20220525|20220525|0603|2022-06-05 07:05:12
377044|0000000626025677              |20220525|084943|020|674|1|30300002|130010007|130759306|1|20220525|083857|8001178|20220525|085139|8001794|1|0|0|      |20220525|20220525|0603|2022-06-05 07:05:12
377046|0000000632449248              |20220525|112417|014|676|1|30300087|130010008|130752141|1|20220525|111438|8002840|20220525|112930|8001975|1|0|0|      |20220525|20220525|0603|2022-06-05 07:05:12
377048|0000000903417400              |20220525|120912|007|674|1|30300002|130010007|130759333|1|20220525|115014|8002131|20220525|122433|8002093|1|0|0|      |20220525|20220525|0603|2022-06-05 07:05:12
377050|0000000904359576              |20220525|130047|024|674|1|30300002|130010007|130759306|1|20220525|123423|8002131|20220525|131145|8002093|1|0|0|      |20220525|20220525|0603|2022-06-05 07:05:12
377052|0000000903583873              |20220525|133812|023|676|1|30300087|130010015|130759629|1|20220525|131245|8001731|20220525|142403|8003012|1|0|0|      |20220525|20220525|0603|2022-06-05 07:05:12
377054|0000000918033646              |20220525|172837|019|674|1|30300002|130010007|130759311|1|20220525|161939|8001994|20220525|175032|8002743|1|0|0|      |20220525|20220525|0603|2022-06-05 07:05:12
377056|0000000670193228              |20220525|181717|025|676|1|30300087|130010015|130759641|1|20220525|165739|8001604|20220525|182316|8002965|1|0|0|      |20220525|20220525|0603|2022-06-05 07:05:12
377058|0000000722158435              |20220525|211442|008|676|1|30300087|130010015|130759636|1|20220525|204648|8001453|20220525|212202|8002100|1|0|0|      |20220525|20220525|0603|2022-06-05 07:05:12
377060|0000000725274244              |20220525|162244|005|676|2|30300088|130010002|130752374|1|20220525|154650|8002412|20220525|170314|8002911|1|0|0|      |20220525|20220525|0603|2022-06-05 07:05:12
377062|0000000718626549              |20220525|153342|028|676|1|30300038|130010014|130753201|1|20220525|120323|8002635|20220525|155243|8001611|1|0|0|      |20220525|20220525|0603|2022-06-05 07:05:12
377064|0000000654313142              |20220525|074537|019|676|1|30300071|130010009|130759176|1|20220525|065437|8001923|20220525|075841|8001293|1|0|0|      |20220525|20220525|0603|2022-06-05 07:05:12
377066|0000000773857803              |20220525|092939|019|676|1|30300071|130010009|130759144|1|20220525|051205|8002279|20220525|095823|8001319|1|0|0|      |20220525|20220525|0603|2022-06-05 07:05:12
377068|0000000677483165              |20220525|091829|008|676|1|30300038|130010014|130753506|1|20220525|063953|8001425|20220525|093800|8001052|1|0|0|      |20220525|20220525|0603|2022-06-05 07:05:12
377475|0000000733445883              |20220525|094809|029|674|1|30300100|130010002|130752367|1|20220525|085313|8001412|20220525|102621|8001916|1|0|0|      |20220525|20220525|0603|2022-06-05 07:05:12
377477|0000000742220723              |20220525|073957|028|680|1|30300017|130010004|130752211|1|20220525|071758|8002352|20220525|074909|8001698|1|0|0|      |20220525|20220525|0603|2022-06-05 07:05:12
377479|0000000745980820              |20220525|074055|006|675|0|30300061|130010015|130759647|4|20220525|070833|8002789|20220525|075846|8002970|1|750|0|      |20220525|20220525|0603|2022-06-05 07:05:12
377481|0000000736760607              |20220525|081452|006|675|1|30300066|130010015|130759682|1|20220525|074145|8001792|20220525|084623|8001851|1|0|0|      |20220525|20220525|0603|2022-06-05 07:05:12
369702|0000000646441313              |20220525|192553|015|675|1|30300047|130010001|130759702|1|20220525|183238|8002118|20220525|193017|8001851|1|0|0|      |20220525|20220525|0603|2022-06-05 07:05:12
369704|0000000903263883              |20220525|095148|023|676|1|30300088|130010002|130752371|1|20220525|091828|8002909|20220525|095501|8001585|1|0|0|      |20220525|20220525|0603|2022-06-05 07:05:12
369706|0000000765096632              |20220525|171153|031|676|1|30300054|130010007|130759345|1|20220525|170159|8002909|20220525|171457|8001585|1|0|0|      |20220525|20220525|0603|2022-06-05 07:05:12
369708|0000000908896415              |20220525|200548|007|676|2|30300093|130010004|130752262|1|20220525|190539|8002909|20220525|200722|8001585|1|0|0|      |20220525|20220525|0603|2022-06-05 07:05:12
370115|0000000757685753              |20220525|111004|027|675|0|30300094|130010014|130753609|1|20220525|110548|8002941|20220525|113552|8001076|1|1250|0|      |20220525|20220525|0603|2022-06-05 07:05:12
370117|0000000642111861              |20220525|161919|017|676|0|30300087|130010008|130752156|1|20220525|155248|8002118|20220525|162803|8002966|1|1250|0|      |20220525|20220525|0603|2022-06-05 07:05:12
370119|0000000652083187              |20220525|075107|011|675|0|30300060|130010014|130753230|1|20220525|070046|8002453|20220525|082551|8002577|1|1250|0|      |20220525|20220525|0603|2022-06-05 07:05:12
370121|0000000735154356              |20220525|170821|030|680|0|30300052|130010006|130752056|1|20220525|160049|8002330|20220525|174007|8001116|1|1250|0|      |20220525|20220525|0603|2022-06-05 07:05:12
370123|0000000659694867              |20220525|061240|025|675|0|30300078|130010008|130752170|1|20220525|055731|8001647|20220525|063505|8002615|1|1250|0|      |20220525|20220525|0603|2022-06-05 07:05:12
370125|0000000727636028              |20220525|134023|022|675|0|30300045|130010006|130752047|1|20220525|115518|8003070|20220525|142150|8001735|1|1250|0|      |20220525|20220525|0603|2022-06-05 07:05:12
370127|0000000655958928              |20220525|121530|004|675|0|30300062|130010008|130752703|1|20220525|053655|8001318|20220525|124419|8002845|1|1250|0|      |20220525|20220525|0603|2022-06-05 07:05:12
370129|0000000736584949              |20220525|163151|011|676|0|30300071|130010009|130759150|1|20220525|125611|8003018|20220525|170314|8002279|1|1250|0|      |20220525|20220525|0603|2022-06-05 07:05:12
370131|0000000778940688              |20220525|140331|005|676|0|30300051|130010008|130752130|1|20220525|130636|8002629|20220525|140509|8002437|1|1250|0|      |20220525|20220525|0603|2022-06-05 07:05:12
370133|0000000664054291              |20220525|160055|009|675|0|30300062|130010008|130752721|1|20220525|155232|8002882|20220525|165553|8001851|1|1250|0|      |20220525|20220525|0603|2022-06-05 07:05:12
370135|0000000776097477              |20220525|063040|018|676|0|30300038|130010014|130753502|1|20220525|060329|8002358|20220525|064607|8002228|1|1250|0|      |20220525|20220525|0603|2022-06-05 07:05:12
370137|0000000724514801              |20220525|065213|016|675|0|30300079|130010009|130759128|1|20220525|063550|8002316|20220525|070907|8002888|1|1250|0|      |20220525|20220525|0603|2022-06-05 07:05:12
370139|0000000763650423              |20220525|071750|002|675|0|30300066|130010015|130759687|1|20220525|070309|8001857|20220525|080813|8005528|1|1250|0|      |20220525|20220525|0603|2022-06-05 07:05:12
370141|0000000756433180              |20220525|082158|012|675|0|30300091|130010013|130759828|1|20220525|062851|8002946|20220525|084356|8002209|1|1250|0|      |20220525|20220525|0603|2022-06-05 07:05:12
370548|0000000743407248              |20220525|113621|006|676|0|30300054|130010007|130759378|1|20220525|111919|8001304|20220525|120517|8002161|1|1250|0|      |20220525|20220525|0603|2022-06-05 07:05:12
370550|0000000724909714              |20220525|150144|003|676|0|30300087|130010008|130752158|1|20220525|145800|8002847|20220525|153059|8001398|1|1250|0|      |20220525|20220525|0603|2022-06-05 07:05:12
370552|0000000779704100              |20220525|162522|010|676|0|30300054|130010007|130759387|1|20220525|160931|8001585|20220525|172003|8002915|1|1250|0|      |20220525|20220525|0603|2022-06-05 07:05:12
370554|0000000765483685              |20220525|163535|031|676|0|30300054|130010007|130759375|1|20220525|155023|8001567|20220525|165931|8001555|1|1250|0|      |20220525|20220525|0603|2022-06-05 07:05:12
370556|0000000725854511              |20220525|174720|006|675|0|30300096|130010006|130752057|1|20220525|164449|8001576|20220525|175001|8002935|1|1250|0|      |20220525|20220525|0603|2022-06-05 07:05:12
370558|0000000718030577              |20220525|181401|002|674|0|30300002|130010007|130759320|1|20220525|171515|8002880|20220525|183809|8002252|1|1250|0|      |20220525|20220525|0603|2022-06-05 07:05:12
370560|0000000703205103              |20220525|182806|020|675|0|30300096|130010006|130752066|1|20220525|170234|8007394|20220525|185158|8002554|1|1250|0|      |20220525|20220525|0603|2022-06-05 07:05:12
370562|0000000644584601              |20220525|183147|008|676|0|30300054|130010007|130759358|1|20220525|182224|8002909|20220525|191028|8002452|1|1250|0|      |20220525|20220525|0603|2022-06-05 07:05:12
370564|0000000745024686              |20220525|190633|015|675|0|30300096|130010006|130752020|1|20220525|182459|8002025|20220525|193729|8001890|1|1250|0|      |20220525|20220525|0603|2022-06-05 07:05:12
370566|0000000742464245              |20220525|214936|014|675|0|30300082|130010001|130759736|1|20220525|211441|8002925|20220525|221911|8002556|1|1250|0|      |20220525|20220525|0603|2022-06-05 07:05:12
370568|0000000756632216              |20220525|221819|011|675|0|30300050|130010007|130759342|1|20220525|220129|8002047|20220525|223527|8002960|1|1250|0|      |20220525|20220525|0603|2022-06-05 07:05:12
370570|0000000768916753              |20220525|082120|018|675|0|30300060|130010014|130753507|1|20220525|072049|8001587|20220525|090022|8002329|1|1250|0|      |20220525|20220525|0603|2022-06-05 07:05:12
370572|0000000776619481              |20220525|133136|008|675|0|30300060|130010014|130753507|1|20220525|072049|8001852|20220525|135826|8002453|1|1250|0|      |20220525|20220525|0603|2022-06-05 07:05:12
371594|0000000631455192              |20220525|181427|030|675|0|30300067|130010001|130759729|1|20220525|153157|8001726|20220525|190024|8002449|1|1250|0|      |20220525|20220525|0603|2022-06-05 07:05:12
371596|0000000752682840              |20220525|201432|015|676|0|30300070|130010004|130752235|1|20220525|182917|8002290|20220525|202629|8002826|1|1250|0|      |20220525|20220525|0603|2022-06-05 07:05:12
371598|0000000900822904              |20220525|213950|021|675|0|30300050|130010007|130759302|1|20220525|211244|8002940|20220525|214723|8002960|1|1250|0|      |20220525|20220525|0603|2022-06-05 07:05:12
371600|0000000725827695              |20220525|225653|004|675|0|30300067|130010001|130759473|1|20220525|222916|8001990|20220525|233356|8001254|1|1250|0|      |20220525|20220525|0603|2022-06-05 07:05:12
371602|0000000744126902              |20220525|113249|008|676|0|30300070|130010004|130752265|1|20220525|062814|8001134|20220525|113558|8001130|1|1250|0|      |20220525|20220525|0603|2022-06-05 07:05:12
371604|0000000661815338              |20220525|135924|007|681|0|30300042|130010009|130759131|1|20220525|133909|8001409|20220525|142708|8002382|1|1250|0|      |20220525|20220525|0603|2022-06-05 07:05:12
362212|0000000717029283              |20220525|063837|027|674|0|30300002|130010007|130759325|1|20220525|063002|8001794|20220525|073734|8001419|1|1250|0|      |20220525|20220525|0603|2022-06-05 07:05:12
362214|0000000905244070              |20220525|152433|027|676|0|30300037|130010006|130752074|1|20220525|145535|8002984|20220525|154731|8002618|1|1250|0|      |20220525|20220525|0603|2022-06-05 07:05:12
362216|0000000918443955              |20220525|075753|008|680|0|30300052|130010006|130752056|1|20220525|061854|8070010|20220525|082741|8001927|1|1250|0|      |20220525|20220525|0603|2022-06-05 07:05:12
362218|0000000701024577              |20220525|221933|024|676|0|30300040|130010013|130759871|1|20220525|201800|8002954|20220525|223822|8002997|1|1250|0|      |20220525|20220525|0603|2022-06-05 07:05:12
362220|0000000709082382              |20220525|173917|027|676|0|30300088|130010002|130752364|1|20220525|161738|8001586|20220525|180520|8002133|1|1250|0|      |20220525|20220525|0603|2022-06-05 07:05:12
362627|0000000644149044              |20220525|084424|007|676|0|30300071|130010009|130759139|1|20220525|082548|8001660|20220525|085059|8001463|1|1250|0|      |20220525|20220525|0603|2022-06-05 07:05:12
362629|0000000774494806              |20220525|151438|030|675|0|30300079|130010009|130759120|1|20220525|134415|8001482|20220525|151900|8001653|1|1250|0|      |20220525|20220525|0603|2022-06-05 07:05:12
362631|0000000729049419              |20220525|074041|013|675|0|30300127|130010004|130752244|1|20220525|072535|8001290|20220525|075056|8007319|1|1250|0|      |20220525|20220525|0603|2022-06-05 07:05:12
362633|0000000734230900              |20220525|074322|019|675|0|30300084|130010001|130759440|1|20220525|073505|8001745|20220525|082323|8002888|1|1250|0|      |20220525|20220525|0603|2022-06-05 07:05:12
362635|0000000906717441              |20220525|093228|015|680|0|30300017|130010004|130752221|1|20220525|092307|8002009|20220525|100135|8001029|1|1250|0|      |20220525|20220525|0603|2022-06-05 07:05:12
362637|0000000771016100              |20220525|161207|017|675|0|30300057|130010001|130759757|1|20220525|160932|8001280|20220525|164149|8002887|1|1250|0|      |20220525|20220525|0603|2022-06-05 07:05:12
362639|0000000759575105              |20220525|080350|017|676|0|30300130|130010008|130752148|1|20220525|075437|8001482|20220525|085437|8002304|1|1250|0|      |20220525|20220525|0603|2022-06-05 07:05:12
362641|0000000719542025              |20220525|184503|005|676|0|30300039|130010005|130759214|1|20220525|144924|8005516|20220525|190000|8001649|1|1250|0|      |20220525|20220525|0603|2022-06-05 07:05:12
362643|0000000742622480              |20220525|173928|009|675|0|30300046|130010002|130752305|1|20220525|132859|8001081|20220525|180836|8002997|1|1250|0|      |20220525|20220525|0603|2022-06-05 07:05:12
362645|0000000777718970              |20220525|135334|025|676|0|30300037|130010006|130759027|1|20220525|131135|8001096|20220525|144603|8003002|1|1250|0|      |20220525|20220525|0603|2022-06-05 07:05:12
362647|0000000728324188              |20220525|165841|007|680|0|30300021|130010002|130752555|1|20220525|162025|8001153|20220525|170017|8001118|1|1250|0|      |20220525|20220525|0603|2022-06-05 07:05:12
362649|0000000741297319              |20220525|183737|015|675|0|30300064|130010015|130759625|1|20220525|181324|8002635|20220525|185948|8001357|1|1250|0|      |20220525|20220525|0603|2022-06-05 07:05:12
362651|0000000723096704              |20220525|124505|017|681|0|30300042|130010009|130759125|1|20220525|121647|8001425|20220525|130914|8001408|1|1250|0|      |20220525|20220525|0603|2022-06-05 07:05:12
362653|0000000908393343              |20220525|094042|024|675|0|30300083|130010001|130759789|1|20220525|093118|8002965|20220525|100914|8002696|1|1250|0|      |20220525|20220525|0603|2022-06-05 07:05:12
363060|0000000762000245              |20220525|080724|001|675|0|30300046|130010002|130752351|1|20220525|073442|8070012|20220525|080806|8070012|1|1250|0|      |20220525|20220525|0603|2022-06-05 07:05:12
363062|0000000772630273              |20220525|110730|001|675|0|30300101|130010002|130752304|1|20220525|103117|8002831|20220525|111802|8002453|1|1250|0|      |20220525|20220525|0603|2022-06-05 07:05:12
363064|0000000673380721              |20220525|183935|027|675|0|30300101|130010002|130752396|1|20220525|175925|8002831|20220525|185319|8002453|1|1250|0|      |20220525|20220525|0603|2022-06-05 07:05:12
363066|0000000725316157              |20220525|104407|005|675|0|30300096|130010006|130752071|1|20220525|101029|8002208|20220525|104559|8002208|1|1250|0|      |20220525|20220525|0603|2022-06-05 07:05:12
363068|0000000645148446              |20220525|173506|013|676|0|30300051|130010008|130752110|1|20220525|172839|8001096|20220525|175216|8002330|1|1250|0|      |20220525|20220525|0603|2022-06-05 07:05:12
363070|0000000903782052              |20220525|125433|001|676|0|30300051|130010008|130752106|1|20220525|124130|8001096|20220525|130829|8002330|1|1250|0|      |20220525|20220525|0603|2022-06-05 07:05:12
363072|0000000757197486              |20220525|144123|001|676|0|30300051|130010008|130752130|1|20220525|143027|8001096|20220525|145751|8002330|1|1250|0|      |20220525|20220525|0603|2022-06-05 07:05:12
363074|0000000760250903              |20220525|221514|009|676|0|30300041|130010012|130753305|1|20220525|203006|8001096|20220525|223713|8001077|1|1250|0|      |20220525|20220525|0603|2022-06-05 07:05:12
363076|0000000742514226              |20220525|144045|006|674|0|30300002|130010007|130759325|1|20220525|141358|8002133|20220525|151051|8001096|1|1250|0|      |20220525|20220525|0603|2022-06-05 07:05:12
363078|0000000713678758              |20220525|083406|022|676|0|30300072|130010001|130759711|1|20220525|072706|8001421|20220525|084703|8001236|1|1250|0|      |20220525|20220525|0603|2022-06-05 07:05:12
363080|0000000663242674              |20220525|124528|007|676|0|30300072|130010001|130759423|1|20220525|064302|8001421|20220525|125635|8001236|1|1250|0|      |20220525|20220525|0603|2022-06-05 07:05:12
363082|0000000732370117              |20220525|101851|014|676|0|30300072|130010001|130759422|1|20220525|074719|8001421|20220525|102851|8001236|1|1250|0|      |20220525|20220525|0603|2022-06-05 07:05:12
363084|0000000668795639              |20220525|085906|005|676|0|30300037|130010006|130759027|1|20220525|075450|8001097|20220525|090747|8002345|1|1250|0|      |20220525|20220525|0603|2022-06-05 07:05:12
363491|0000000911818393              |20220525|150117|001|675|0|30300055|130010014|130753238|1|20220525|142023|8002339|20220525|151343|8002631|1|1250|0|      |20220525|20220525|0603|2022-06-05 07:05:12
363493|0000000734131254              |20220525|093558|001|676|0|30300073|130010009|130759116|1|20220525|091105|8001417|20220525|100432|8002081|1|1250|0|      |20220525|20220525|0603|2022-06-05 07:05:12
363495|0000000753620820              |20220525|202435|013|674|0|30300100|130010002|130752348|1|20220525|192941|8001412|20220525|205845|8001083|1|1250|0|      |20220525|20220525|0603|2022-06-05 07:05:12
363497|0000000631137485              |20220525|081255|001|681|0|30300042|130010009|130759165|1|20220525|074512|8001590|20220525|084758|8002942|1|1250|0|      |20220525|20220525|0603|2022-06-05 07:05:12
363499|0000000644309953              |20220525|112605|001|676|0|30300073|130010009|130759177|1|20220525|110235|8001417|20220525|115337|8002081|1|1250|0|      |20220525|20220525|0603|2022-06-05 07:05:12
320865|0000000626644944              |20220525|160114|016|676|0|30300041|130010012|130753320|1|20220525|155502|8070030|20220525|161500|8002412|1|1250|0|      |20220525|20220525|0603|2022-06-05 07:04:45
320867|0000000610669414              |20220525|154911|008|676|0|30300041|130010012|130753370|1|20220525|154627|8070030|20220525|160543|8002412|1|1250|0|      |20220525|20220525|0603|2022-06-05 07:04:45
320869|0000000903910163              |20220525|163707|015|676|0|30300041|130010012|130753305|1|20220525|142834|8070030|20220525|165411|8002412|1|1250|0|      |20220525|20220525|0603|2022-06-05 07:04:45
320871|0000000658299639              |20220525|170152|009|676|0|30300041|130010012|130753310|1|20220525|170016|8070030|20220525|171603|8002412|1|1250|0|      |20220525|20220525|0603|2022-06-05 07:04:45
320873|0000000470056956              |20220525|171400|027|676|0|30300041|130010012|130753380|1|20220525|171255|8070030|20220525|173019|8002412|1|1250|0|      |20220525|20220525|0603|2022-06-05 07:04:45
320875|0000000903834478              |20220525|174905|016|676|0|30300041|130010012|130753304|1|20220525|174527|8070030|20220525|180258|8002412|1|1250|0|      |20220525|20220525|0603|2022-06-05 07:04:45
320877|0000000759761421              |20220525|174932|007|676|0|30300041|130010012|130753304|1|20220525|174527|8070030|20220525|180311|8002412|1|1250|0|      |20220525|20220525|0603|2022-06-05 07:04:45
320879|0000000760406858              |20220525|174901|018|676|0|30300041|130010012|130753304|1|20220525|174527|8070030|20220525|180314|8002412|1|1250|0|      |20220525|20220525|0603|2022-06-05 07:04:45
320881|0000000658668886              |20220525|193012|028|676|0|30300041|130010012|130753334|1|20220525|192830|8070030|20220525|194155|8002412|1|1250|0|      |20220525|20220525|0603|2022-06-05 07:04:45
320883|0000000667533237              |20220525|195600|005|676|0|30300041|130010012|130753320|1|20220525|194914|8070030|20220525|200825|8002412|1|1250|0|      |20220525|20220525|0603|2022-06-05 07:04:45
320885|0000000757723191              |20220525|203322|001|676|0|30300041|130010012|130753305|1|20220525|203006|8070030|20220525|204803|8002412|1|1250|0|      |20220525|20220525|0603|2022-06-05 07:04:45
320887|0000000770664183              |20220525|220759|014|676|0|30300041|130010012|130753306|1|20220525|220444|8070030|20220525|222102|8002412|1|1250|0|      |20220525|20220525|0603|2022-06-05 07:04:45
321294|0000000674832901              |20220525|072755|001|676|0|30300087|130010015|130759621|1|20220525|065139|8002453|20220525|081039|8001842|1|1250|0|      |20220525|20220525|0603|2022-06-05 07:04:45
321296|0000000743363655              |20220525|085838|018|676|0|30300054|130010007|130759382|1|20220525|083629|8001556|20220525|094633|8002976|1|1250|0|      |20220525|20220525|0603|2022-06-05 07:04:45
321298|0000000741293400              |20220525|103030|001|676|0|30300073|130010009|130759117|1|20220525|093455|8001923|20220525|104334|8002955|1|1250|0|      |20220525|20220525|0603|2022-06-05 07:04:45
321300|0000000904680268              |20220525|195438|029|676|0|30300037|130010006|130759027|1|20220525|192935|8002984|20220525|203919|8002156|1|1250|0|      |20220525|20220525|0603|2022-06-05 07:04:45
321302|0000000918200617              |20220525|100907|031|676|0|30300039|130010005|130759214|1|20220525|054208|8002492|20220525|102650|8001922|1|1250|0|      |20220525|20220525|0603|2022-06-05 07:04:45
321304|0000000710837082              |20220525|165020|031|676|0|30300037|130010006|130752045|1|20220525|150502|8001349|20220525|170504|8001534|1|1250|0|      |20220525|20220525|0603|2022-06-05 07:04:45
321306|0000000743318793              |20220525|072131|024|676|0|30300087|130010015|130759636|1|20220525|061220|8002259|20220525|074023|8002848|1|1250|0|      |20220525|20220525|0603|2022-06-05 07:04:45
321308|0000000905688847              |20220525|080412|017|676|0|30300037|130010006|130759004|1|20220525|073527|8006001|20220525|080517|8005517|1|1250|0|      |20220525|20220525|0603|2022-06-05 07:04:45
321310|0000000745870087              |20220525|073853|028|676|0|30300087|130010015|130759633|1|20220525|073348|8002131|20220525|083148|8002159|1|1250|0|      |20220525|20220525|0603|2022-06-05 07:04:45
321312|0000000776071256              |20220525|075903|008|676|0|30300087|130010015|130759621|1|20220525|065139|8001454|20220525|081316|8002139|1|1250|0|      |20220525|20220525|0603|2022-06-05 07:04:45
321314|0000000771477899              |20220525|075431|012|676|0|30300087|130010015|130759622|1|20220525|070129|8001575|20220525|083313|8001474|1|1250|0|      |20220525|20220525|0603|2022-06-05 07:04:45
321316|0000000725510611              |20220525|081554|011|676|0|30300037|130010006|130752037|1|20220525|055454|8005518|20220525|084532|8003002|1|1250|0|      |20220525|20220525|0603|2022-06-05 07:04:45
321318|0000000740414947              |20220525|085405|013|676|0|30300037|130010006|130759011|1|20220525|082915|8002344|20220525|092125|8002236|1|1250|0|      |20220525|20220525|0603|2022-06-05 07:04:45
321320|0000000905437390              |20220525|105858|028|676|0|30300037|130010006|130752031|1|20220525|101101|8002607|20220525|112130|8003054|1|1250|0|      |20220525|20220525|0603|2022-06-05 07:04:45
321727|0000000900696287              |20220525|211446|022|676|0|30300093|130010004|130752225|1|20220525|183823|8001534|20220525|214035|8002537|1|1250|0|      |20220525|20220525|0603|2022-06-05 07:04:45
321729|0000000903965527              |20220525|075339|013|676|0|30300072|130010001|130759432|1|20220525|072051|8001229|20220525|083146|8002468|1|1250|0|      |20220525|20220525|0603|2022-06-05 07:04:45
321731|0000000747223556              |20220525|135519|004|676|0|30300072|130010001|130759749|1|20220525|135249|8002754|20220525|140818|8002814|1|1250|0|      |20220525|20220525|0603|2022-06-05 07:04:45
321733|0000000904324451              |20220525|182958|023|676|0|30300071|130010009|130759176|1|20220525|180047|8002879|20220525|184045|8001922|1|1250|0|      |20220525|20220525|0603|2022-06-05 07:04:45
321735|0000000742585399              |20220525|114622|021|676|0|30300088|130010002|130752356|1|20220525|111544|8001166|20220525|122655|8001555|1|1250|0|      |20220525|20220525|0603|2022-06-05 07:04:45
321737|0000000725151574              |20220525|075924|026|676|0|30300072|130010001|130759706|1|20220525|073407|8001576|20220525|082053|8002899|1|1250|0|      |20220525|20220525|0603|2022-06-05 07:04:45
321739|0000000762946255              |20220525|084200|001|676|0|30300088|130010002|130752315|1|20220525|082637|8002092|20220525|085537|8001556|1|1250|0|      |20220525|20220525|0603|2022-06-05 07:04:45
321741|0000000763227433              |20220525|081723|013|676|0|30300072|130010001|130759423|1|20220525|064302|8002161|20220525|084015|8002559|1|1250|0|      |20220525|20220525|0603|2022-06-05 07:04:45
321743|0000000674066336              |20220525|222502|027|676|0|30300072|130010001|130759434|1|20220525|215218|8002608|20220525|224539|8002452|1|1250|0|      |20220525|20220525|0603|2022-06-05 07:04:45
321745|0000000725991959              |20220525|065743|015|676|0|30300043|130010015|130759603|1|20220525|060110|8001249|20220525|073208|8005588|1|1250|0|      |20220525|20220525|0603|2022-06-05 07:04:45
321747|0000000921532816              |20220525|075058|024|676|0|30300071|130010009|130759147|1|20220525|071509|8002758|20220525|075813|8002726|1|1250|0|      |20220525|20220525|0603|2022-06-05 07:04:45
312225|0000000918226457              |20220525|120930|002|676|0|30300088|130010006|130752006|1|20220525|110640|8002410|20220525|123510|8002351|1|1250|0|      |20220525|20220525|0603|2022-06-05 07:04:45
312227|0000000763188742              |20220525|214354|026|675|0|30300053|130010002|130752376|1|20220525|212809|8001152|20220525|215726|8002547|1|1250|0|      |20220525|20220525|0603|2022-06-05 07:04:45
312229|0000000657288612              |20220525|114125|005|676|0|30300088|130010002|130752370|1|20220525|110134|8002722|20220525|123225|8002133|1|1250|0|      |20220525|20220525|0603|2022-06-05 07:04:45
312231|0000000760367510              |20220525|151126|002|676|0|30300088|130010002|130752356|1|20220525|150024|8002352|20220525|153714|8002402|1|1250|0|      |20220525|20220525|0603|2022-06-05 07:04:45
312233|0000000669056111              |20220525|150326|014|675|0|30300053|130010002|130752319|1|20220525|142858|8001494|20220525|151850|8001154|1|1250|0|      |20220525|20220525|0603|2022-06-05 07:04:45
312235|0000000903009648              |20220525|111442|002|675|0|30300067|130010001|130759412|1|20220525|104851|8002935|20220525|113758|8002635|1|1250|0|      |20220525|20220525|0603|2022-06-05 07:04:45
312237|0000000734313855              |20220525|114431|002|676|0|30300089|130010011|130759517|1|20220525|104113|8005901|20220525|122027|8001876|1|1250|0|      |20220525|20220525|0603|2022-06-05 07:04:45
312239|0000000605526921              |20220525|175937|029|675|0|30300050|130010007|130759302|1|20220525|172907|8001182|20220525|181757|8002410|1|1250|0|      |20220525|20220525|0603|2022-06-05 07:04:45
312241|0000000903408515              |20220525|073651|006|675|0|30300050|130010007|130759301|1|20220525|064129|8002664|20220525|075249|8002901|1|1250|0|      |20220525|20220525|0603|2022-06-05 07:04:45
312243|0000000605604758              |20220525|153413|027|675|0|30300067|130010001|130759412|1|20220525|125807|8002571|20220525|155250|8001094|1|1250|0|      |20220525|20220525|0603|2022-06-05 07:04:45
312245|0000000725725836              |20220525|174453|031|675|0|30300067|130010001|130759707|1|20220525|144727|8001465|20220525|175454|8005877|1|1250|0|      |20220525|20220525|0603|2022-06-05 07:04:45
312247|0000000743553508              |20220525|194438|022|675|0|30300050|130010007|130759302|1|20220525|191147|8007541|20220525|201616|8002026|1|1250|0|      |20220525|20220525|0603|2022-06-05 07:04:45
312654|0000000755883924              |20220525|183339|021|675|0|30300079|130010009|130759129|1|20220525|125134|8002995|20220525|185208|8001744|1|1250|0|      |20220525|20220525|0603|2022-06-05 07:04:45
312656|0000000743429384              |20220525|081846|012|675|0|30300064|130010015|130759642|1|20220525|065939|8002652|20220525|083056|8002628|1|1250|0|      |20220525|20220525|0603|2022-06-05 07:04:45
312658|0000000743362745              |20220525|183406|022|675|0|30300055|130010014|130753250|1|20220525|175146|8001444|20220525|184753|8001529|1|1250|0|      |20220525|20220525|0603|2022-06-05 07:04:45
312660|0000000918078243              |20220525|181410|002|681|0|30300042|130010009|130759125|1|20220525|173844|8001074|20220525|182656|8001056|1|1250|0|      |20220525|20220525|0603|2022-06-05 07:04:45
312662|0000000647826037              |20220525|070407|017|675|0|30300055|130010014|130753213|1|20220525|062451|8001444|20220525|071642|8001529|1|1250|0|      |20220525|20220525|0603|2022-06-05 07:04:45
312664|0000000731413455              |20220525|091214|017|675|0|30300055|130010014|130753205|1|20220525|083635|8001444|20220525|092552|8001529|1|1250|0|      |20220525|20220525|0603|2022-06-05 07:04:45
312666|0000000666345725              |20220525|185735|004|674|0|30300002|130010007|130759324|1|20220525|181305|8001430|20220525|190634|8002880|1|1250|0|      |20220525|20220525|0603|2022-06-05 07:04:45
312668|0000000751482943              |20220525|191911|021|681|0|30300042|130010009|130759151|1|20220525|185128|8001074|20220525|192637|8001056|1|1250|0|      |20220525|20220525|0603|2022-06-05 07:04:45
312670|0000000656583164              |20220525|074435|008|675|0|30300064|130010015|130759638|1|20220525|073142|8002652|20220525|075545|8002628|1|1250|0|      |20220525|20220525|0603|2022-06-05 07:04:45
312672|0000000601427909              |20220525|142307|007|675|0|30300079|130010009|130759118|1|20220525|134005|8002995|20220525|143806|8001744|1|1250|0|      |20220525|20220525|0603|2022-06-05 07:04:45
312674|0000000900054945              |20220525|193436|031|675|0|30300064|130010015|130759683|1|20220525|182102|8002652|20220525|194242|8002628|1|1250|0|      |20220525|20220525|0603|2022-06-05 07:04:45
312676|0000000742110151              |20220525|163352|017|675|0|30300144|130010012|130753382|1|20220525|141516|8001927|20220525|164323|8002995|1|1250|0|      |20220525|20220525|0603|2022-06-05 07:04:45
312678|0000000675920152              |20220525|162032|012|675|0|30300049|130010004|130752206|1|20220525|134214|8002722|20220525|163735|8005857|1|1250|0|      |20220525|20220525|0603|2022-06-05 07:04:45
312680|0000000903720417              |20220525|225518|008|675|0|30300048|130010006|130752061|1|20220525|222633|8002210|20220525|231053|8002402|1|1250|0|      |20220525|20220525|0603|2022-06-05 07:04:45
313087|0000000777009938              |20220525|191104|027|680|0|30300052|130010002|130752322|1|20220525|183909|8001935|20220525|193035|8001028|1|1250|0|      |20220525|20220525|0603|2022-06-05 07:04:45
313089|0000000714131820              |20220525|152908|007|675|0|30300077|130010006|130752013|1|20220525|151511|8001228|20220525|153844|8001528|1|1250|0|      |20220525|20220525|0603|2022-06-05 07:04:45
313091|0000000731223091              |20220525|144119|012|675|0|30300092|130010013|130759810|1|20220525|143232|8005512|20220525|144428|8001555|1|1250|0|      |20220525|20220525|0603|2022-06-05 07:04:45
313093|0000000757437285              |20220525|120843|010|675|0|30300101|130010002|130752354|1|20220525|112629|8001089|20220525|121417|8002559|1|1250|0|      |20220525|20220525|0603|2022-06-05 07:04:45
313095|0000000742545217              |20220525|185049|012|675|0|30300101|130010002|130752396|1|20220525|175925|8001089|20220525|185556|8002559|1|1250|0|      |20220525|20220525|0603|2022-06-05 07:04:45
313097|0000000743342156              |20220525|091612|008|675|0|30300049|130010004|130752248|1|20220525|075855|8001735|20220525|093821|8001355|1|1250|0|      |20220525|20220525|0603|2022-06-05 07:04:45
313099|0000000903842724              |20220525|091613|024|675|0|30300049|130010004|130752248|1|20220525|075855|8001735|20220525|093817|8001355|1|1250|0|      |20220525|20220525|0603|2022-06-05 07:04:45
313101|0000000774792574              |20220525|205725|011|675|0|30300101|130010002|130752332|1|20220525|201424|8001089|20220525|210108|8002559|1|1250|0|      |20220525|20220525|0603|2022-06-05 07:04:45
313103|0000000669035776              |20220525|141057|007|675|0|30300060|130010014|130753223|1|20220525|132003|8006006|20220525|143508|8001717|1|1250|0|      |20220525|20220525|0603|2022-06-05 07:04:45
313105|0000000751580665              |20220525|163152|002|675|0|30300053|130010002|130752376|1|20220525|161056|8001587|20220525|163809|8001238|1|1250|0|      |20220525|20220525|0603|2022-06-05 07:04:45
313107|0000000770959119              |20220525|100310|027|675|0|30300046|130010002|130752347|1|20220525|094236|8001369|20220525|100621|8001081|1|1250|0|      |20220525|20220525|0603|2022-06-05 07:04:45
330255|0000000695871160              |20220525|124140|024|674|0|30300100|130010002|130752393|1|20220525|114709|8001412|20220525|130130|8001715|1|1250|0|      |20220525|20220525|0603|2022-06-05 07:04:45
330257|0000000786352764              |20220525|134358|007|674|0|30300100|130010002|130752362|1|20220525|124915|8001412|20220525|140624|8001715|1|1250|0|      |20220525|20220525|0603|2022-06-05 07:04:45
330259|0000000400195912              |20220525|145612|005|674|0|30300100|130010002|130752359|1|20220525|145139|8001412|20220525|151614|8001715|1|1250|0|      |20220525|20220525|0603|2022-06-05 07:04:45
330288|0000000186363984              |20220525|181534|002|675|0|30300058|130010004|130752263|1|20220525|125655|8002905|20220525|182805|8001419|1|1250|0|      |20220525|20220525|0603|2022-06-05 07:04:45
330290|0000000694870389              |20220525|072741|027|676|1|30300051|130010008|130752102|1|20220525|063824|8001028|20220525|073102|8001079|1|0|0|      |20220525|20220525|0603|2022-06-05 07:04:45
330292|0000000186406419              |20220525|184621|002|676|1|30300051|130010008|130752112|1|20220525|174540|8001028|20220525|185121|8001079|1|0|0|      |20220525|20220525|0603|2022-06-05 07:04:45
330294|0000000793208119              |20220525|155140|009|676|1|30300072|130010001|130759435|1|20220525|153204|8001412|20220525|155758|8001365|1|0|0|      |20220525|20220525|0603|2022-06-05 07:04:45
330296|0000000400209854              |20220525|172839|026|674|1|30300002|130010007|130759306|1|20220525|162823|8001096|20220525|175729|8001789|1|0|0|      |20220525|20220525|0603|2022-06-05 07:04:45
330298|0000000785574240              |20220525|173241|001|675|1|30300066|130010015|130759684|1|20220525|163020|8001856|20220525|173459|8001281|1|0|0|      |20220525|20220525|0603|2022-06-05 07:04:45
330300|0000000784181196              |20220525|142735|015|674|0|30300002|130010007|130759320|1|20220525|133052|8001096|20220525|145043|8001789|1|1250|0|      |20220525|20220525|0603|2022-06-05 07:04:45
330302|0000000400208542              |20220525|083712|002|675|0|30300079|130010009|130759175|1|20220525|081946|8001721|20220525|085709|8002631|1|1250|0|      |20220525|20220525|0603|2022-06-05 07:04:45
330304|0000000487275538              |20220525|101539|006|675|0|30300079|130010009|130759129|1|20220525|055800|8001721|20220525|103624|8002631|1|1250|0|      |20220525|20220525|0603|2022-06-05 07:04:45
330306|0000000692839387              |20220525|083215|019|675|0|30300075|130010005|130759264|1|20220525|063252|8002658|20220525|084847|8002209|1|1250|0|      |20220525|20220525|0603|2022-06-05 07:04:45
330308|0000000400154049              |20220525|113222|018|675|0|30300053|130010002|130752387|1|20220525|105431|8001491|20220525|113714|8001731|1|1250|0|      |20220525|20220525|0603|2022-06-05 07:04:45
330310|0000000487650440              |20220525|153038|006|675|0|30300049|130010004|130752289|1|20220525|145024|8001491|20220525|153326|8001731|1|1250|0|      |20220525|20220525|0603|2022-06-05 07:04:45
330312|0000000400165279              |20220525|232342|028|676|0|30300037|130010006|130752046|1|20220525|223346|8002411|20220525|233725|8003002|1|1250|0|      |20220525|20220525|0603|2022-06-05 07:04:45
330314|0000000400176971              |20220525|125339|001|679|0|30300063|130010001|130759474|1|20220525|105809|8001835|20220525|131024|8001791|1|1250|0|      |20220525|20220525|0603|2022-06-05 07:04:45
330316|0000000487178688              |20220525|142737|013|676|0|30300051|130010008|130752103|1|20220525|133913|8001028|20220525|143156|8001079|1|1250|0|      |20220525|20220525|0603|2022-06-05 07:04:45
330318|0000000400133516              |20220525|094010|016|676|0|30300051|130010008|130752153|1|20220525|084950|8001028|20220525|094415|8001079|1|1250|0|      |20220525|20220525|0603|2022-06-05 07:04:45
330320|0000000486438954              |20220525|100032|015|676|0|30300051|130010008|130752142|1|20220525|091256|8001028|20220525|100557|8001079|1|1250|0|      |20220525|20220525|0603|2022-06-05 07:04:45
330322|0000000785551990              |20220525|084956|001|675|0|30300066|130010015|130759682|1|20220525|074145|8001856|20220525|085227|8001281|1|1250|0|      |20220525|20220525|0603|2022-06-05 07:04:45
330324|0000000691946700              |20220525|125928|005|675|1|30300053|130010002|130752316|1|20220525|121630|8001491|20220525|130337|8001731|1|0|0|      |20220525|20220525|0603|2022-06-05 07:04:45
330326|0000000789635694              |20220525|182042|017|676|1|30300087|130010015|130759633|1|20220525|180600|8001491|20220525|182646|8001731|1|0|0|      |20220525|20220525|0603|2022-06-05 07:04:45
330328|0000000685897803              |20220525|171615|017|832|1|30300128|130710001|130759927|1|20220525|061010|8007412|20220525|180828|3062006|1|450|300|      |20220525|20220525|0603|2022-06-05 07:04:45
330330|0000000792017905              |20220525|073739|005|832|1|30300128|130710001|130759913|1|20220525|053348|8007412|20220525|082743|3062006|1|450|300|      |20220525|20220525|0603|2022-06-05 07:04:45
330332|0000000680916789              |20220525|114809|001|832|0|30300128|130710001|130759932|1|20220525|052259|9007055|20220525|121141|3062004|1|1700|300|      |20220525|20220525|0603|2022-06-05 07:04:45
330334|0000000691143870              |20220525|120021|002|832|0|30300128|130710001|130759918|1|20220525|054720|8007412|20220525|124733|3062006|1|1700|300|      |20220525|20220525|0603|2022-06-05 07:04:45
330336|0000000699640783              |20220525|163437|024|832|0|30300128|130710001|130759913|1|20220525|053348|9007055|20220525|165933|3062004|1|1700|300|      |20220525|20220525|0603|2022-06-05 07:04:45
330338|0000000693640402              |20220525|162842|031|832|1|30300128|130710001|130759922|1|20220525|061954|8007412|20220525|172121|3062006|1|450|300|      |20220525|20220525|0603|2022-06-05 07:04:45
330340|0000000699742237              |20220525|175345|001|832|0|30300128|130710001|130759923|1|20220525|065836|9007055|20220525|181857|3062004|1|1700|300|      |20220525|20220525|0603|2022-06-05 07:04:45
330342|0000000788674680              |20220525|175608|006|832|1|30300128|130710001|130759932|1|20220525|175153|8007412|20220525|184353|3062006|1|450|300|      |20220525|20220525|0603|2022-06-05 07:04:45
330344|0000000482280011              |20220525|190440|001|832|0|30300128|130710001|130759931|1|20220525|061628|9007055|20220525|192759|3062004|1|1700|300|      |20220525|20220525|0603|2022-06-05 07:04:45
330346|0000000697508391              |20220525|190038|029|832|1|30300128|130710001|130759917|1|20220525|054948|8007412|20220525|194712|3062006|1|450|300|      |20220525|20220525|0603|2022-06-05 07:04:45
330348|0000000790126770              |20220525|203654|005|832|0|30300128|130710001|130759918|1|20220525|054720|9007055|20220525|210322|3062004|1|1700|300|      |20220525|20220525|0603|2022-06-05 07:04:45
330350|0000000697571883              |20220525|202526|001|832|0|30300128|130710001|130759917|1|20220525|054948|9007055|20220525|205132|3062004|1|1700|300|      |20220525|20220525|0603|2022-06-05 07:04:45
330352|0000000784588123              |20220525|205442|007|832|1|30300128|130710001|130759930|1|20220525|061515|8007412|20220525|214157|3062006|1|450|300|      |20220525|20220525|0603|2022-06-05 07:04:45
330354|0000000691852532              |20220525|210606|007|832|0|30300128|130710001|130759931|1|20220525|061628|8007412|20220525|215218|3062006|1|1700|300|      |20220525|20220525|0603|2022-06-05 07:04:45
321356|0000000725366478              |20220525|161723|009|676|0|30300040|130010013|130759818|1|20220525|144039|8001400|20220525|165242|8002870|1|1250|0|      |20220525|20220525|0603|2022-06-05 07:04:45
321358|0000000671103512              |20220525|165441|020|676|0|30300089|130010011|130759574|1|20220525|140640|8001923|20220525|175452|8001477|1|1250|0|      |20220525|20220525|0603|2022-06-05 07:04:45
321360|0000000767214948              |20220525|142224|031|676|0|30300054|130010007|130759377|1|20220525|140546|8002977|20220525|151426|8001793|1|1250|0|      |20220525|20220525|0603|2022-06-05 07:04:45
321362|0000000455377396              |20220525|175551|022|676|0|30300040|130010007|130759388|1|20220525|173923|8001534|20220525|181701|8002075|1|1250|0|      |20220525|20220525|0603|2022-06-05 07:04:45
321364|0000000651601421              |20220525|174513|016|676|0|30300040|130010007|130759385|1|20220525|173013|8001036|20220525|175555|8001406|1|1250|0|      |20220525|20220525|0603|2022-06-05 07:04:45
321366|0000000708823841              |20220525|164044|011|676|0|30300040|130010013|130759822|1|20220525|142727|8002763|20220525|170407|8002412|1|1250|0|      |20220525|20220525|0603|2022-06-05 07:04:45
321368|0000000677201939              |20220525|071542|011|676|0|30300054|130010007|130759362|1|20220525|063659|8002160|20220525|075150|8001555|1|1250|0|      |20220525|20220525|0603|2022-06-05 07:04:45
321370|0000000900460418              |20220525|070454|001|676|0|30300089|130010011|130759578|1|20220525|054333|8001743|20220525|072140|8007268|1|1250|0|      |20220525|20220525|0603|2022-06-05 07:04:45
321372|0000000748345992              |20220525|072612|026|676|0|30300089|130010011|130759518|1|20220525|054259|8002532|20220525|080145|8001743|1|1250|0|      |20220525|20220525|0603|2022-06-05 07:04:45
321374|0000000659784777              |20220525|080654|004|676|0|30300089|130010011|130759504|1|20220525|074606|8001478|20220525|082037|8001001|1|1250|0|      |20220525|20220525|0603|2022-06-05 07:04:45
321781|0000000917924363              |20220525|055614|008|676|0|30300041|130010012|130753316|1|20220525|053139|8001040|20220525|061627|8002969|1|1250|0|      |20220525|20220525|0603|2022-06-05 07:04:45
321783|0000000746346237              |20220525|072140|005|676|0|30300069|130010001|130759428|1|20220525|070300|8001133|20220525|075528|8002994|1|1250|0|      |20220525|20220525|0603|2022-06-05 07:04:45
321785|0000000903616969              |20220525|164630|018|676|0|30300093|130010004|130752273|1|20220525|161438|8002531|20220525|171431|8002906|1|1250|0|      |20220525|20220525|0603|2022-06-05 07:04:45
321787|0000000920932710              |20220525|055505|020|676|0|30300090|130010005|130759215|1|20220525|054637|8002538|20220525|060819|8001075|1|1250|0|      |20220525|20220525|0603|2022-06-05 07:04:45
321789|0000000637992798              |20220525|065134|019|676|0|30300090|130010005|130759206|1|20220525|054037|8001430|20220525|071926|8002954|1|1250|0|      |20220525|20220525|0603|2022-06-05 07:04:45
321791|0000000727713205              |20220525|072250|031|676|0|30300086|130010013|130759875|1|20220525|061232|8001631|20220525|073725|8005551|1|1250|0|      |20220525|20220525|0603|2022-06-05 07:04:45
321793|0000000725827905              |20220525|075039|017|676|0|30300069|130010001|130759411|1|20220525|073123|8007370|20220525|075921|8002649|1|1250|0|      |20220525|20220525|0603|2022-06-05 07:04:45
321795|0000000725236602              |20220525|075625|027|676|0|30300070|130010004|130752210|1|20220525|070243|8002620|20220525|081242|8001379|1|1250|0|      |20220525|20220525|0603|2022-06-05 07:04:45
321797|0000000776594874              |20220525|081712|010|676|0|30300090|130010005|130759215|1|20220525|071255|8001773|20220525|082224|8007554|1|1250|0|      |20220525|20220525|0603|2022-06-05 07:04:45
321799|0000000903963230              |20220525|075700|024|676|0|30300041|130010012|130753312|1|20220525|074325|8002898|20220525|083727|8002087|1|1250|0|      |20220525|20220525|0603|2022-06-05 07:04:45
321801|0000000921614707              |20220525|080656|024|676|0|30300070|130010004|130752604|1|20220525|070123|8002795|20220525|085008|8003101|1|1250|0|      |20220525|20220525|0603|2022-06-05 07:04:45
321803|0000000626403927              |20220525|083600|016|676|0|30300068|130010006|130759026|1|20220525|054801|8002993|20220525|091450|8007177|1|1250|0|      |20220525|20220525|0603|2022-06-05 07:04:45
321805|0000000903999359              |20220525|085540|017|676|0|30300090|130010005|130759219|1|20220525|081254|8001275|20220525|093123|8001641|1|1250|0|      |20220525|20220525|0603|2022-06-05 07:04:45
322212|0000000741573111              |20220525|212020|023|676|0|30300089|130010011|130759531|1|20220525|133447|8002206|20220525|213810|8005512|1|1250|0|      |20220525|20220525|0603|2022-06-05 07:04:45
322214|0000000660359503              |20220525|172731|028|676|0|30300089|130010011|130759522|1|20220525|134402|8003048|20220525|173838|8001989|1|1250|0|      |20220525|20220525|0603|2022-06-05 07:04:45
322216|0000000732412115              |20220525|075942|017|676|0|30300089|130010011|130759522|1|20220525|064519|8005901|20220525|082423|8001743|1|1250|0|      |20220525|20220525|0603|2022-06-05 07:04:45
322218|0000000615352973              |20220525|113654|014|676|0|30300089|130010011|130759578|1|20220525|102456|8001565|20220525|115812|8001441|1|1250|0|      |20220525|20220525|0603|2022-06-05 07:04:45
322220|0000000767954938              |20220525|150750|013|676|0|30300089|130010011|130759576|1|20220525|142717|8001001|20220525|151427|8007490|1|1250|0|      |20220525|20220525|0603|2022-06-05 07:04:45
322222|0000000750435874              |20220525|160811|005|676|0|30300088|130010002|130752512|1|20220525|154857|8002092|20220525|164223|8002890|1|1250|0|      |20220525|20220525|0603|2022-06-05 07:04:45
322224|0000000727970831              |20220525|163754|003|676|0|30300088|130010002|130752338|1|20220525|160119|8001590|20220525|172459|8002048|1|1250|0|      |20220525|20220525|0603|2022-06-05 07:04:45
322226|0000000921273231              |20220525|184752|002|676|0|30300088|130010002|130752361|1|20220525|180104|8002722|20220525|190044|8001319|1|1250|0|      |20220525|20220525|0603|2022-06-05 07:04:45
322228|0000000772338966              |20220525|195827|002|676|0|30300089|130010011|130759576|1|20220525|142717|8005507|20220525|201131|8002532|1|1250|0|      |20220525|20220525|0603|2022-06-05 07:04:45
322230|0000000658782160              |20220525|211028|015|676|0|30300088|130010002|130752372|1|20220525|210204|8002574|20220525|211405|8001140|1|1250|0|      |20220525|20220525|0603|2022-06-05 07:04:45
322232|0000000751239692              |20220525|071013|028|676|0|30300088|130010002|130752356|1|20220525|065855|8002673|20220525|073317|8001169|1|1250|0|      |20220525|20220525|0603|2022-06-05 07:04:45
322234|0000000730522761              |20220525|085653|008|676|0|30300088|130010002|130752361|1|20220525|052849|8002410|20220525|091342|8001093|1|1250|0|      |20220525|20220525|0603|2022-06-05 07:04:45
322236|0000000772552700              |20220525|095155|002|676|0|30300088|130010006|130752006|1|20220525|091525|8002402|20220525|102116|8002540|1|1250|0|      |20220525|20220525|0603|2022-06-05 07:04:45
322238|0000000625942810              |20220525|114316|011|676|0|30300088|130010002|130752317|1|20220525|102737|8001220|20220525|120649|8002351|1|1250|0|      |20220525|20220525|0603|2022-06-05 07:04:45
312715|0000000774511955              |20220525|143242|006|674|0|30300002|130010007|130759319|1|20220525|134026|8002880|20220525|144703|8005994|1|1250|0|      |20220525|20220525|0603|2022-06-05 07:04:45
312717|0000000678484265              |20220525|160332|018|674|0|30300002|130010007|130759336|1|20220525|151005|8002880|20220525|161741|8005994|1|1250|0|      |20220525|20220525|0603|2022-06-05 07:04:45
312719|0000000723480216              |20220525|195709|002|675|0|30300082|130010001|130759739|1|20220525|195545|8005925|20220525|200359|8001989|1|1250|0|      |20220525|20220525|0603|2022-06-05 07:04:45
312721|0000000779771524              |20220525|172553|008|674|0|30300002|130010007|130759306|1|20220525|162823|8002880|20220525|174254|8005994|1|1250|0|      |20220525|20220525|0603|2022-06-05 07:04:45
312723|0000000906715670              |20220525|190259|007|675|0|30300064|130010015|130759683|1|20220525|182102|8001874|20220525|190948|8001979|1|1250|0|      |20220525|20220525|0603|2022-06-05 07:04:45
312725|0000000610901672              |20220525|212900|015|675|0|30300082|130010001|130759471|1|20220525|212756|8005925|20220525|213608|8001989|1|1250|0|      |20220525|20220525|0603|2022-06-05 07:04:45
312727|0000000752987973              |20220525|184915|012|675|0|30300081|130010011|130759571|1|20220525|161347|8007022|20220525|185246|8001801|1|1250|0|      |20220525|20220525|0603|2022-06-05 07:04:45
312729|0000000777804275              |20220525|180623|010|675|0|30300077|130010006|130759018|1|20220525|172609|8001929|20220525|181243|8002432|1|1250|0|      |20220525|20220525|0603|2022-06-05 07:04:45
312731|0000000741195639              |20220525|151526|015|674|0|30300002|130010007|130759324|1|20220525|142302|8002880|20220525|152913|8005994|1|1250|0|      |20220525|20220525|0603|2022-06-05 07:04:45
312733|0000000918228462              |20220525|180928|001|675|0|30300077|130010006|130752018|1|20220525|173925|8001875|20220525|183454|8002119|1|1250|0|      |20220525|20220525|0603|2022-06-05 07:04:45
313140|0000000601241737              |20220525|161807|027|675|0|30300101|130010002|130752325|1|20220525|153824|8001084|20220525|163237|8002453|1|1250|0|      |20220525|20220525|0603|2022-06-05 07:04:45
313142|0000000743135439              |20220525|172727|005|675|0|30300101|130010002|130752354|1|20220525|164808|8001084|20220525|174317|8002453|1|1250|0|      |20220525|20220525|0603|2022-06-05 07:04:45
313144|0000000918369588              |20220525|180412|008|675|0|30300101|130010002|130752309|1|20220525|172530|8001084|20220525|181701|8002453|1|1250|0|      |20220525|20220525|0603|2022-06-05 07:04:45
313146|0000000761989973              |20220525|183721|030|675|0|30300101|130010002|130752396|1|20220525|175925|8001084|20220525|185318|8002453|1|1250|0|      |20220525|20220525|0603|2022-06-05 07:04:45
313148|0000000903884192              |20220525|160709|002|675|0|30300064|130010015|130759673|1|20220525|155916|8005876|20220525|162128|8001740|1|1250|0|      |20220525|20220525|0603|2022-06-05 07:04:45
313150|0000000737275932              |20220525|120735|014|675|0|30300060|130010014|130753507|1|20220525|072049|8002969|20220525|121426|8006006|1|1250|0|      |20220525|20220525|0603|2022-06-05 07:04:45
313152|0000000903870094              |20220525|195156|031|675|0|30300060|130010014|130753245|1|20220525|190858|8002969|20220525|195816|8006006|1|1250|0|      |20220525|20220525|0603|2022-06-05 07:04:45
313154|0000000666794607              |20220525|125821|028|675|0|30300060|130010014|130753523|1|20220525|053733|8002969|20220525|130656|8006006|1|1250|0|      |20220525|20220525|0603|2022-06-05 07:04:45
313156|0000000727234224              |20220525|075322|015|681|0|30300042|130010009|130759151|1|20220525|072707|8001596|20220525|080627|8002425|1|1250|0|      |20220525|20220525|0603|2022-06-05 07:04:45
313158|0000000744272652              |20220525|093957|005|675|0|30300058|130010004|130752263|1|20220525|092603|8005640|20220525|094448|8001852|1|1250|0|      |20220525|20220525|0603|2022-06-05 07:04:45
313160|0000000750730905              |20220525|120737|013|675|0|30300060|130010014|130753507|1|20220525|072049|8002969|20220525|121612|8006006|1|1250|0|      |20220525|20220525|0603|2022-06-05 07:04:45
313162|0000000745691230              |20220525|121447|003|675|0|30300046|130010002|130752357|1|20220525|115256|8001081|20220525|121826|8001013|1|1250|0|      |20220525|20220525|0603|2022-06-05 07:04:45
313164|0000000903133461              |20220525|074918|020|675|0|30300083|130010001|130759771|1|20220525|073756|8002296|20220525|080301|8001660|1|1250|0|      |20220525|20220525|0603|2022-06-05 07:04:45
313166|0000000918279113              |20220525|094336|022|681|0|30300042|130010009|130759125|1|20220525|090959|8002757|20220525|095243|8001542|1|1250|0|      |20220525|20220525|0603|2022-06-05 07:04:45
313573|0000000703779032              |20220525|125853|013|676|0|30300040|130010007|130759366|1|20220525|121123|8002904|20220525|130810|8001097|1|1250|0|      |20220525|20220525|0603|2022-06-05 07:04:45
313575|0000000909996858              |20220525|162224|029|676|0|30300040|130010007|130759367|1|20220525|152750|8002904|20220525|163257|8001097|1|1250|0|      |20220525|20220525|0603|2022-06-05 07:04:45
313577|0000000759208710              |20220525|180235|030|676|0|30300040|130010013|130759834|1|20220525|165619|8002904|20220525|181424|8001097|1|1250|0|      |20220525|20220525|0603|2022-06-05 07:04:45
313579|0000000724012469              |20220525|181205|011|676|0|30300037|130010006|130752072|1|20220525|174400|8002340|20220525|182550|8001534|1|1250|0|      |20220525|20220525|0603|2022-06-05 07:04:45
313581|0000000910328825              |20220525|123901|013|676|0|30300037|130010006|130752074|1|20220525|121621|8002340|20220525|124858|8001534|1|1250|0|      |20220525|20220525|0603|2022-06-05 07:04:45
313583|0000000703997392              |20220525|173235|012|676|0|30300037|130010006|130759027|1|20220525|171648|8002340|20220525|174245|8001534|1|1250|0|      |20220525|20220525|0603|2022-06-05 07:04:45
313585|0000000754188049              |20220525|161255|010|676|0|30300037|130010006|130752031|1|20220525|141243|8002658|20220525|162459|8002558|1|1250|0|      |20220525|20220525|0603|2022-06-05 07:04:45
313587|0000000649040915              |20220525|201930|010|676|0|30300037|130010006|130752024|1|20220525|200647|8002340|20220525|202745|8001534|1|1250|0|      |20220525|20220525|0603|2022-06-05 07:04:45
313589|0000000762075952              |20220525|115407|012|676|0|30300037|130010006|130752046|1|20220525|111206|8002658|20220525|120449|8002558|1|1250|0|      |20220525|20220525|0603|2022-06-05 07:04:45
313591|0000000757782847              |20220525|193404|030|676|0|30300037|130010006|130752031|1|20220525|174059|8002340|20220525|194125|8001534|1|1250|0|      |20220525|20220525|0603|2022-06-05 07:04:45
313593|0000000717715088              |20220525|163649|008|676|0|30300037|130010006|130752011|1|20220525|135458|8002658|20220525|164902|8002558|1|1250|0|      |20220525|20220525|0603|2022-06-05 07:04:45
313595|0000000761741191              |20220525|163951|011|676|0|30300037|130010006|130752024|1|20220525|161748|8002340|20220525|165010|8001534|1|1250|0|      |20220525|20220525|0603|2022-06-05 07:04:45
313597|0000000908857873              |20220525|075011|004|676|0|30300037|130010006|130752040|1|20220525|061751|8002340|20220525|080054|8001534|1|1250|0|      |20220525|20220525|0603|2022-06-05 07:04:45
303299|0000000909050610              |20220525|093708|003|674|0|30300002|130010007|130759314|1|20220525|090615|8002133|~       |      |~      |1|1250|0|      |20220525|~       |0603|2022-06-05 07:04:46
303301|0000000708473772              |20220525|122710|005|676|0|30300087|130010015|130759634|1|20220525|121854|8002133|~       |      |~      |1|1250|0|      |20220525|~       |0603|2022-06-05 07:04:46
303303|0000000757183873              |20220525|155644|028|676|0|30300089|130010011|130759513|1|20220525|130925|8002133|~       |      |~      |1|1250|0|      |20220525|~       |0603|2022-06-05 07:04:46
303305|0000000904507211              |20220525|180855|027|674|0|30300002|130010007|130759337|1|20220525|170303|8002134|~       |      |~      |1|1250|0|      |20220525|~       |0603|2022-06-05 07:04:46
303307|0000000668773181              |20220525|083153|011|676|0|30300073|130010009|130759183|1|20220525|080957|8001417|~       |      |~      |1|1250|0|      |20220525|~       |0603|2022-06-05 07:04:46
303309|0000000762119566              |20220525|155204|001|676|0|30300073|130010009|130759185|1|20220525|144625|8001417|~       |      |~      |1|1250|0|      |20220525|~       |0603|2022-06-05 07:04:46
303763|0000000770593971              |20220525|181433|001|676|0|30300090|130010005|130759209|1|20220525|170400|8002411|~       |      |~      |1|1250|0|      |20220525|~       |0603|2022-06-05 07:04:46
303765|0000000667802311              |20220525|185401|015|676|0|30300090|130010005|130759209|1|20220525|170400|8002984|~       |      |~      |1|1250|0|      |20220525|~       |0603|2022-06-05 07:04:46
303767|0000000761774684              |20220525|095238|001|675|0|30300077|130010006|130752054|1|20220525|092953|8001948|~       |      |~      |1|1250|0|      |20220525|~       |0603|2022-06-05 07:04:46
303769|0000000678224177              |20220525|152606|002|675|0|30300079|130010009|130759171|1|20220525|151345|8001199|~       |      |~      |1|1250|0|      |20220525|~       |0603|2022-06-05 07:04:46
303771|0000000726158469              |20220525|163152|024|675|0|30300091|130010013|130759811|1|20220525|142131|8002614|~       |      |~      |1|1250|0|      |20220525|~       |0603|2022-06-05 07:04:46
303773|0000000921839390              |20220525|105020|001|675|0|30300079|130010009|130759138|1|20220525|064617|8002119|~       |      |~      |2|2500|0|      |20220525|~       |0603|2022-06-05 07:04:46
303775|0000000714580453              |20220525|133850|012|675|0|30300077|130010006|130752013|1|20220525|132543|8001495|~       |      |~      |1|1250|0|      |20220525|~       |0603|2022-06-05 07:04:46
303777|0000000720070170              |20220525|152452|015|675|0|30300077|130010006|130752034|1|20220525|145916|8001875|~       |      |~      |1|1250|0|      |20220525|~       |0603|2022-06-05 07:04:46
303779|0000000777156415              |20220525|162328|001|675|0|30300077|130010006|130752064|1|20220525|160204|8001528|~       |      |~      |1|1250|0|      |20220525|~       |0603|2022-06-05 07:04:46
303781|0000000757537949              |20220525|182232|007|676|0|30300043|130010015|130759690|1|20220525|175504|8001831|~       |      |~      |1|1250|0|      |20220525|~       |0603|2022-06-05 07:04:46
303783|0000000718788687              |20220525|182759|001|675|0|30300091|130010013|130759819|1|20220525|172626|8002905|~       |      |~      |1|1250|0|      |20220525|~       |0603|2022-06-05 07:04:46
303785|0000000905338856              |20220525|202322|019|675|0|30300077|130010006|130759013|1|20220525|191450|8002433|~       |      |~      |1|1250|0|      |20220525|~       |0603|2022-06-05 07:04:46
303787|0000000666741170              |20220525|221824|018|675|0|30300091|130010013|130759811|1|20220525|213152|8002905|~       |      |~      |1|1250|0|      |20220525|~       |0603|2022-06-05 07:04:46
303789|0000000762503153              |20220525|073235|020|675|0|30300079|130010009|130759118|1|20220525|072609|8002541|~       |      |~      |1|1250|0|      |20220525|~       |0603|2022-06-05 07:04:46
303791|0000000918363931              |20220525|153802|001|675|0|30300079|130010009|130759120|1|20220525|134415|8002628|~       |      |~      |1|1250|0|      |20220525|~       |0603|2022-06-05 07:04:46
304249|0000000718114087              |20220525|082126|014|676|0|30300090|130010005|130759201|1|20220525|053434|8002953|~       |      |~      |1|1250|0|      |20220525|~       |0603|2022-06-05 07:04:46
304251|0000000669986261              |20220525|162155|023|675|0|30300094|130010014|130753607|1|20220525|153759|8002953|~       |      |~      |1|1250|0|      |20220525|~       |0603|2022-06-05 07:04:46
304253|0000000725887613              |20220525|190211|014|675|0|30300094|130010014|130753616|1|20220525|180739|8002953|~       |      |~      |1|1250|0|      |20220525|~       |0603|2022-06-05 07:04:46
304255|0000000749426594              |20220525|221741|017|676|0|30300040|130010013|130759813|1|20220525|214056|8002953|~       |      |~      |1|1250|0|      |20220525|~       |0603|2022-06-05 07:04:46
304257|0000000655985645              |20220525|151901|012|676|0|30300087|130010008|130752157|1|20220525|143128|8001831|~       |      |~      |1|1250|0|      |20220525|~       |0603|2022-06-05 07:04:46
304259|0000000703263488              |20220525|172151|011|676|0|30300087|130010015|130759634|1|20220525|163511|8001831|~       |      |~      |1|1250|0|      |20220525|~       |0603|2022-06-05 07:04:46
304261|0000000639380527              |20220525|184957|018|676|0|30300087|130010008|130752155|1|20220525|175427|8001831|~       |      |~      |1|1250|0|      |20220525|~       |0603|2022-06-05 07:04:46
304263|0000000735356244              |20220525|082217|029|676|0|30300043|130010015|130759603|1|20220525|075302|8001831|~       |      |~      |1|1250|0|      |20220525|~       |0603|2022-06-05 07:04:46
304265|0000000658526225              |20220525|153517|006|676|1|30300043|130010015|130759608|1|20220525|151111|8001831|~       |      |~      |1|0|0|      |20220525|~       |0603|2022-06-05 07:04:46
304267|0000000701233250              |20220525|165844|009|676|0|30300043|130010015|130759619|1|20220525|160013|8001831|~       |      |~      |1|1250|0|      |20220525|~       |0603|2022-06-05 07:04:46
304269|0000000742087202              |20220525|184742|006|676|0|30300043|130010015|130759613|1|20220525|182049|8001831|~       |      |~      |1|1250|0|      |20220525|~       |0603|2022-06-05 07:04:46
304271|0000000756579980              |20220525|072958|007|676|0|30300072|130010001|130759714|1|20220525|063406|8001831|~       |      |~      |1|1250|0|      |20220525|~       |0603|2022-06-05 07:04:46
304273|0000000908430057              |20220525|105243|031|676|0|30300090|130010005|130759218|1|20220525|084328|8002953|~       |      |~      |1|1250|0|      |20220525|~       |0603|2022-06-05 07:04:46
304275|0000000908187772              |20220525|074454|006|676|0|30300043|130010015|130759604|1|20220525|072213|8001831|~       |      |~      |1|1250|0|      |20220525|~       |0603|2022-06-05 07:04:46
304277|0000000751193693              |20220525|180847|002|676|0|30300043|130010015|130759604|1|20220525|121659|8001831|~       |      |~      |1|1250|0|      |20220525|~       |0603|2022-06-05 07:04:46
304704|0000000797051476              |20220525|071326|028|675|1|30300061|130010015|130759647|1|20220525|070833|8001527|20220525|072219|8002798|1|0|0|      |20220525|20220525|0603|2022-06-05 07:04:46
322741|0000000482191614              |20220525|215903|027|676|0|30300054|130010007|130759349|1|20220525|214812|8002708|~       |      |~      |1|1250|0|      |20220525|~       |0603|2022-06-05 07:04:46
323161|0000000908424188              |20220525|220103|025|676|0|30300038|130010014|130753220|1|20220525|214654|8001400|20220525|221415|8001527|1|1250|0|      |20220525|20220525|0603|2022-06-05 07:04:46
323163|0000000755541228              |20220525|164159|009|676|0|30300040|130010007|130759364|1|20220525|163633|8002736|20220525|164924|8002721|1|1250|0|      |20220525|20220525|0603|2022-06-05 07:04:46
323165|0000000719995998              |20220525|062230|003|676|0|30300037|130010006|130759023|1|20220525|060130|8002898|20220525|070749|8002921|1|1250|0|      |20220525|20220525|0603|2022-06-05 07:04:46
323167|0000000703486555              |20220525|120830|018|676|0|30300054|130010007|130759378|1|20220525|111919|8001368|20220525|122231|8001847|1|1250|0|      |20220525|20220525|0603|2022-06-05 07:04:46
323169|0000000720780745              |20220525|142529|017|676|0|30300037|130010006|130759027|1|20220525|131135|8005921|20220525|143227|8002411|1|1250|0|      |20220525|20220525|0603|2022-06-05 07:04:46
323171|0000000666446564              |20220525|090326|016|676|0|30300070|130010004|130752254|1|20220525|083653|8001941|20220525|091435|8002796|1|1250|0|      |20220525|20220525|0603|2022-06-05 07:04:46
323173|0000000607902383              |20220525|144742|018|676|0|30300090|130010005|130759201|1|20220525|140102|8002468|20220525|145712|8001075|1|1250|0|      |20220525|20220525|0603|2022-06-05 07:04:46
323175|0000000761711598              |20220525|150750|006|676|0|30300088|130010002|130752364|1|20220525|121934|8002960|20220525|153911|8005858|1|1250|0|      |20220525|20220525|0603|2022-06-05 07:04:46
323177|0000000655506986              |20220525|163930|013|676|0|30300070|130010004|130752235|1|20220525|145022|8002823|20220525|164436|8001761|1|1250|0|      |20220525|20220525|0603|2022-06-05 07:04:46
323179|0000000648792185              |20220525|202153|014|676|0|30300070|130010004|130752208|1|20220525|195402|8002454|20220525|203501|8001939|1|1250|0|      |20220525|20220525|0603|2022-06-05 07:04:46
323181|0000000755036094              |20220525|075059|011|676|0|30300130|130010008|130752720|1|20220525|073743|8001761|20220525|080544|8002156|1|1250|0|      |20220525|20220525|0603|2022-06-05 07:04:46
323183|0000000757121159              |20220525|115118|006|676|0|30300089|130010011|130759512|1|20220525|105709|8002531|20220525|121124|8001568|1|1250|0|      |20220525|20220525|0603|2022-06-05 07:04:46
323185|0000000723307724              |20220525|132643|015|676|0|30300039|130010005|130759224|1|20220525|130218|8001192|20220525|134851|8001076|1|1250|0|      |20220525|20220525|0603|2022-06-05 07:04:46
323592|0000000722326647              |20220525|082320|015|676|0|30300037|130010006|130759027|1|20220525|075450|8002984|20220525|082354|8002377|1|1250|0|      |20220525|20220525|0603|2022-06-05 07:04:46
323594|0000000667472685              |20220525|074147|005|676|0|30300040|130010007|130759385|1|20220525|071919|8001085|20220525|074505|8002240|1|1250|0|      |20220525|20220525|0603|2022-06-05 07:04:46
323596|0000000754418231              |20220525|145146|019|676|0|30300088|130010002|130752512|1|20220525|140039|8001299|20220525|151515|8002943|1|1250|0|      |20220525|20220525|0603|2022-06-05 07:04:46
323598|0000000703591092              |20220525|160241|003|676|0|30300088|130010002|130752512|1|20220525|154857|8001631|20220525|161249|8001794|1|1250|0|      |20220525|20220525|0603|2022-06-05 07:04:46
323600|0000000909888860              |20220525|200854|007|676|0|30300088|130010002|130752317|1|20220525|184221|8001580|20220525|202122|8005858|1|1250|0|      |20220525|20220525|0603|2022-06-05 07:04:46
323602|0000000668855186              |20220525|195749|016|676|0|30300088|130010002|130752370|1|20220525|191531|8001195|20220525|202319|8001305|1|1250|0|      |20220525|20220525|0603|2022-06-05 07:04:46
323604|0000000654487867              |20220525|061624|015|676|0|30300071|130010009|130759146|1|20220525|051308|8002280|20220525|062417|8002453|1|1250|0|      |20220525|20220525|0603|2022-06-05 07:04:46
323606|0000000759624967              |20220525|073845|023|676|0|30300054|130010007|130759340|1|20220525|073254|8001827|20220525|081543|8002453|1|1250|0|      |20220525|20220525|0603|2022-06-05 07:04:46
323608|0000000759999542              |20220525|102406|023|676|0|30300071|130010009|130759176|1|20220525|095849|8001463|20220525|104848|8002453|1|1250|0|      |20220525|20220525|0603|2022-06-05 07:04:46
323610|0000000720723972              |20220525|144717|010|676|0|30300090|130010005|130759260|1|20220525|140937|8005865|20220525|145035|8002453|1|1250|0|      |20220525|20220525|0603|2022-06-05 07:04:46
323612|0000000667954833              |20220525|180933|011|676|0|30300087|130010015|130759631|1|20220525|174521|8001491|20220525|183537|8002453|1|1250|0|      |20220525|20220525|0603|2022-06-05 07:04:46
323614|0000000720743220              |20220525|195513|028|676|0|30300054|130010007|130759353|1|20220525|192443|8001089|20220525|195540|8002453|1|1250|0|      |20220525|20220525|0603|2022-06-05 07:04:46
323616|0000000644382578              |20220525|220510|027|676|0|30300090|130010005|130759218|1|20220525|215603|8002609|20220525|223302|8002453|1|1250|0|      |20220525|20220525|0603|2022-06-05 07:04:46
323618|0000000629767717              |20220525|060812|017|676|0|30300041|130010012|130753316|1|20220525|053139|8002649|20220525|063508|8002721|1|1250|0|      |20220525|20220525|0603|2022-06-05 07:04:46
324025|0000000741909164              |20220525|081439|022|676|0|30300072|130010001|130759714|1|20220525|075554|8001952|20220525|082747|8002559|1|1250|0|      |20220525|20220525|0603|2022-06-05 07:04:46
324027|0000000904236021              |20220525|082431|021|676|0|30300072|130010001|130759423|1|20220525|064302|8001952|20220525|084031|8002559|1|1250|0|      |20220525|20220525|0603|2022-06-05 07:04:46
324029|0000000748009388              |20220525|091222|016|676|0|30300131|130010008|130752722|1|20220525|084643|8070011|20220525|091953|8002160|1|1250|0|      |20220525|20220525|0603|2022-06-05 07:04:46
324031|0000000921779951              |20220525|170006|013|676|0|30300037|130010006|130752050|1|20220525|155158|8001037|20220525|170833|8002156|1|1250|0|      |20220525|20220525|0603|2022-06-05 07:04:46
324033|0000000751682941              |20220525|150207|001|676|0|30300072|130010001|130759706|1|20220525|145000|8001952|20220525|151227|8002559|1|1250|0|      |20220525|20220525|0603|2022-06-05 07:04:46
324035|0000000743110814              |20220525|192721|005|676|0|30300131|130010008|130752724|1|20220525|185924|8070011|20220525|193749|8002160|1|1250|0|      |20220525|20220525|0603|2022-06-05 07:04:46
324037|0000000678194967              |20220525|145943|014|676|0|30300054|130010007|130759347|1|20220525|144719|8002977|20220525|151506|8007011|1|1250|0|      |20220525|20220525|0603|2022-06-05 07:04:46
324039|0000000903560076              |20220525|163321|024|676|0|30300054|130010007|130759358|1|20220525|162047|8002977|20220525|165445|8007011|1|1250|0|      |20220525|20220525|0603|2022-06-05 07:04:46
324041|0000000765865347              |20220525|073419|012|676|0|30300072|130010001|130759724|1|20220525|065637|8002881|20220525|075648|8002558|1|1250|0|      |20220525|20220525|0603|2022-06-05 07:04:46
314498|0000000906717927              |20220525|182851|009|676|0|30300051|130010008|130752147|1|20220525|172004|8001418|20220525|183716|8003022|1|1250|0|      |20220525|20220525|0603|2022-06-05 07:04:46
314500|0000000748493543              |20220525|084618|019|679|0|30300063|130010001|130759787|1|20220525|083313|8001096|20220525|085323|8001876|1|1250|0|      |20220525|20220525|0603|2022-06-05 07:04:46
314502|0000000630734294              |20220525|143608|008|674|0|30300002|130010007|130759319|1|20220525|134026|8001096|20220525|145542|8002743|1|1250|0|      |20220525|20220525|0603|2022-06-05 07:04:46
314504|0000000900430332              |20220525|081507|011|675|0|30300058|130010004|130752266|1|20220525|062118|8001929|20220525|082723|8001484|1|1250|0|      |20220525|20220525|0603|2022-06-05 07:04:46
314506|0000000470957615              |20220525|080159|021|675|0|30300050|130010007|130759369|1|20220525|074127|8002376|20220525|084018|8003047|1|1250|0|      |20220525|20220525|0603|2022-06-05 07:04:46
314508|0000000671415826              |20220525|114839|007|676|0|30300130|130010008|130752148|1|20220525|113018|8001940|20220525|115451|8002733|1|1250|0|      |20220525|20220525|0603|2022-06-05 07:04:46
314510|0000000736984331              |20220525|141218|027|676|0|30300051|130010008|130752113|1|20220525|132253|8001927|20220525|141903|8002629|1|1250|0|      |20220525|20220525|0603|2022-06-05 07:04:46
314512|0000000918180540              |20220525|072124|031|676|0|30300041|130010012|130753309|1|20220525|071432|8005991|20220525|073306|8002412|1|1250|0|      |20220525|20220525|0603|2022-06-05 07:04:46
314514|0000000770780461              |20220525|080255|010|675|0|30300108|130010007|130759316|1|20220525|075729|8003070|20220525|082008|8002664|1|1250|0|      |20220525|20220525|0603|2022-06-05 07:04:46
314516|0000000767110093              |20220525|180256|025|675|0|30300082|130010001|130759471|1|20220525|175329|8001989|20220525|180540|8002559|1|1250|0|      |20220525|20220525|0603|2022-06-05 07:04:46
314923|0000000741248527              |20220525|140925|009|676|0|30300069|130010001|130759437|1|20220525|123644|8002220|20220525|142649|8002994|1|1250|0|      |20220525|20220525|0603|2022-06-05 07:04:46
314925|0000000641777082              |20220525|145800|018|676|0|30300072|130010001|130759734|1|20220525|142205|8002986|20220525|150316|8002608|1|1250|0|      |20220525|20220525|0603|2022-06-05 07:04:46
314927|0000000903868374              |20220525|153244|021|676|0|30300039|130010005|130759271|1|20220525|150215|8001192|20220525|160254|8005559|1|1250|0|      |20220525|20220525|0603|2022-06-05 07:04:46
314929|0000000727784661              |20220525|154905|010|676|0|30300069|130010001|130759416|1|20220525|151403|8002648|20220525|160709|8001039|1|1250|0|      |20220525|20220525|0603|2022-06-05 07:04:46
314931|0000000771301994              |20220525|164846|028|676|0|30300070|130010004|130752603|1|20220525|164404|8007178|20220525|165220|8002753|1|1250|0|      |20220525|20220525|0603|2022-06-05 07:04:46
314933|0000000903974416              |20220525|174650|012|676|0|30300039|130010005|130759263|1|20220525|170959|8001183|20220525|180201|8001076|1|1250|0|      |20220525|20220525|0603|2022-06-05 07:04:46
314935|0000000740572253              |20220525|173549|007|676|0|30300131|130010008|130752724|1|20220525|163214|8002558|20220525|181747|8007397|1|1250|0|      |20220525|20220525|0603|2022-06-05 07:04:46
314937|0000000776247406              |20220525|175024|014|676|0|30300068|130010006|130752030|1|20220525|170019|8002993|20220525|181947|8001262|1|1250|0|      |20220525|20220525|0603|2022-06-05 07:04:46
314939|0000000679628889              |20220525|182153|007|676|0|30300131|130010008|130752701|1|20220525|180730|8002558|20220525|183748|8002161|1|1250|0|      |20220525|20220525|0603|2022-06-05 07:04:46
314941|0000000903832601              |20220525|192154|028|676|0|30300070|130010004|130752283|1|20220525|180728|8005917|20220525|193545|8002754|1|1250|0|      |20220525|20220525|0603|2022-06-05 07:04:46
314943|0000000744993113              |20220525|192041|007|676|0|30300068|130010006|130759025|1|20220525|185428|8002778|20220525|193641|8002754|1|1250|0|      |20220525|20220525|0603|2022-06-05 07:04:46
314945|0000000736120047              |20220525|203715|023|676|0|30300131|130010008|130752701|1|20220525|202954|8002558|20220525|211817|8007364|1|1250|0|      |20220525|20220525|0603|2022-06-05 07:04:46
314947|0000000743730826              |20220525|150255|006|676|0|30300038|130010014|130753203|1|20220525|145900|8002920|20220525|152647|8001389|1|1250|0|      |20220525|20220525|0603|2022-06-05 07:04:46
315354|0000000771652100              |20220525|182729|025|676|0|30300089|130010011|130759517|1|20220525|151658|8007102|20220525|184302|8005879|1|1250|0|      |20220525|20220525|0603|2022-06-05 07:04:46
315356|0000000713312380              |20220525|184312|018|676|0|30300041|130010012|130753310|1|20220525|170016|8001033|20220525|184753|8002893|1|1250|0|      |20220525|20220525|0603|2022-06-05 07:04:46
315358|0000000751253623              |20220525|183407|018|676|0|30300088|130010006|130752023|1|20220525|170309|8070001|20220525|184827|8001965|1|1250|0|      |20220525|20220525|0603|2022-06-05 07:04:46
315360|0000000771340769              |20220525|180916|006|676|0|30300088|130010002|130752371|1|20220525|172044|8002875|20220525|185304|8001168|1|1250|0|      |20220525|20220525|0603|2022-06-05 07:04:46
315362|0000000918206955              |20220525|190629|017|676|0|30300038|130010014|130753500|1|20220525|183150|8001527|20220525|192846|8001049|1|1250|0|      |20220525|20220525|0603|2022-06-05 07:04:46
315364|0000000743446256              |20220525|195123|021|676|0|30300088|130010002|130752315|1|20220525|190142|8002901|20220525|201045|8001305|1|1250|0|      |20220525|20220525|0603|2022-06-05 07:04:46
315366|0000000619010701              |20220525|210833|007|676|0|30300040|130010007|130759388|1|20220525|205934|8002893|20220525|211900|8001085|1|1250|0|      |20220525|20220525|0603|2022-06-05 07:04:46
315368|0000000742629145              |20220525|211305|025|676|0|30300089|130010011|130759577|1|20220525|132234|8002533|20220525|214401|8001477|1|1250|0|      |20220525|20220525|0603|2022-06-05 07:04:46
315370|0000000767121314              |20220525|214223|007|676|0|30300041|130010012|130753380|1|20220525|210828|8001570|20220525|220108|8002650|1|1250|0|      |20220525|20220525|0603|2022-06-05 07:04:46
315372|0000000770565712              |20220525|221558|009|676|0|30300041|130010012|130753377|1|20220525|141052|8002159|20220525|223848|8002411|1|1250|0|      |20220525|20220525|0603|2022-06-05 07:04:46
315374|0000000670446127              |20220525|093335|030|676|0|30300093|130010004|130752231|1|20220525|085715|8001096|20220525|100443|8005512|1|1250|0|      |20220525|20220525|0603|2022-06-05 07:04:46
315376|0000000903813061              |20220525|072418|006|676|0|30300071|130010009|130759174|1|20220525|045627|8002453|20220525|074834|8002874|1|1250|0|      |20220525|20220525|0603|2022-06-05 07:04:46
315378|0000000663954936              |20220525|123802|014|676|0|30300090|130010005|130759260|1|20220525|104605|8001078|20220525|124253|8001075|1|1250|0|      |20220525|20220525|0603|2022-06-05 07:04:46
315380|0000000736318143              |20220525|181717|017|676|0|30300093|130010004|130752219|1|20220525|180105|8001585|20220525|191252|8001035|1|1250|0|      |20220525|20220525|0603|2022-06-05 07:04:46
305895|0000000725945828              |20220525|233542|015|832|0|30300128|130710001|130759929|1|20220525|062312|8007290|20220525|234952|8007272|1|1700|0|      |20220525|20220525|0603|2022-06-05 07:04:46
305897|0000000905548166              |20220525|175235|003|832|0|30300128|130710001|130759920|1|20220525|070002|3056002|20220525|175717|3062007|1|1700|0|      |20220525|20220525|0603|2022-06-05 07:04:46
305899|0000000708638629              |20220525|225453|017|832|0|30300128|130710001|130759914|1|20220525|053137|8007295|20220525|231105|3014014|1|1700|0|      |20220525|20220525|0603|2022-06-05 07:04:46
305901|0000000753139326              |20220525|075531|004|832|0|30300128|130710001|130759927|1|20220525|061010|3056002|20220525|075827|3062007|1|1700|0|      |20220525|20220525|0603|2022-06-05 07:04:46
305903|0000000724425793              |20220525|174542|008|832|0|30300128|130710001|130759926|1|20220525|055416|8007295|20220525|180339|3014014|1|1700|0|      |20220525|20220525|0603|2022-06-05 07:04:46
306310|0000000903965180              |20220525|140828|004|675|0|30300060|130010014|130753523|1|20220525|053733|8005585|20220525|142148|8001486|2|2500|0|      |20220525|20220525|0603|2022-06-05 07:04:46
306312|0000000718114087              |20220525|153146|016|675|0|30300094|130010012|130753329|4|20220525|134620|8002763|20220525|153603|8002870|2|1500|0|      |20220525|20220525|0603|2022-06-05 07:04:46
306314|0000000715322627              |20220525|155055|027|675|0|30300145|130010014|130753600|1|20220525|152930|8001318|20220525|162154|8002737|2|2500|0|      |20220525|20220525|0603|2022-06-05 07:04:46
306316|0000000909641797              |20220525|170146|009|676|0|30300041|130010012|130753326|1|20220525|160000|8001077|20220525|173447|8070030|2|2500|0|      |20220525|20220525|0603|2022-06-05 07:04:46
306318|0000000631329530              |20220525|173443|015|676|0|30300089|130010011|130759578|1|20220525|171416|8002649|20220525|174347|8002969|2|2500|0|      |20220525|20220525|0603|2022-06-05 07:04:46
306320|0000000470336664              |20220525|174148|028|678|0|30300074|130010014|130753222|1|20220525|172321|8007372|20220525|181118|8001670|2|2500|0|      |20220525|20220525|0603|2022-06-05 07:04:46
306322|0000000771106665              |20220525|222817|013|676|0|30300090|130010005|130759218|1|20220525|215603|8005865|20220525|225959|8005993|2|2500|0|      |20220525|20220525|0603|2022-06-05 07:04:46
306324|0000000909276944              |20220525|093914|015|676|0|30300054|130010007|130759361|1|20220525|082529|8001707|20220525|095302|8001847|2|2500|0|      |20220525|20220525|0603|2022-06-05 07:04:46
306326|0000000741896989              |20220525|105924|019|675|0|30300053|130010002|130752398|1|20220525|104121|8001785|20220525|111542|8001491|3|3750|0|      |20220525|20220525|0603|2022-06-05 07:04:46
306328|0000000725753891              |20220525|110948|019|676|0|30300093|130010004|130752225|1|20220525|100351|8002207|20220525|115632|8001464|2|2500|0|      |20220525|20220525|0603|2022-06-05 07:04:46
306330|0000000770391097              |20220525|140418|018|674|0|30300002|130010007|130759304|1|20220525|131529|8001536|20220525|142128|8002134|4|5000|0|      |20220525|20220525|0603|2022-06-05 07:04:46
306332|0000000741216570              |20220525|153556|015|679|0|30300063|130010001|130759740|1|20220525|144409|8001659|20220525|154056|8002357|2|2500|0|      |20220525|20220525|0603|2022-06-05 07:04:46
306334|0000000903552584              |20220525|153313|024|675|0|30300082|130010001|130759728|1|20220525|145123|8002925|20220525|155908|8001572|2|2500|0|      |20220525|20220525|0603|2022-06-05 07:04:46
306741|0000000903964746              |20220525|183408|012|676|0|30300037|130010006|130759024|1|20220525|164056|8002344|20220525|184557|8001534|1|1250|0|      |20220525|20220525|0603|2022-06-05 07:04:46
306743|0000000764720338              |20220525|103042|030|676|0|30300037|130010006|130752038|1|20220525|085151|8002339|20220525|103752|8003054|1|1250|0|      |20220525|20220525|0603|2022-06-05 07:04:46
306745|0000000742901667              |20220525|155842|004|676|0|30300037|130010006|130752024|1|20220525|142301|8002339|20220525|160916|8003054|1|1250|0|      |20220525|20220525|0603|2022-06-05 07:04:46
306747|0000000773820332              |20220525|190603|010|676|0|30300037|130010006|130752005|1|20220525|175522|8002339|20220525|191257|8003054|1|1250|0|      |20220525|20220525|0603|2022-06-05 07:04:46
306749|0000000904401698              |20220525|124919|031|676|0|30300037|130010006|130759023|1|20220525|114401|8002339|20220525|125650|8003054|1|1250|0|      |20220525|20220525|0603|2022-06-05 07:04:46
306751|0000000766390607              |20220525|181213|003|676|0|30300089|130010011|130759512|1|20220525|124551|8002756|20220525|183659|8001567|1|1250|0|      |20220525|20220525|0603|2022-06-05 07:04:46
306753|0000000641859969              |20220525|152906|022|676|0|30300037|130010006|130752005|1|20220525|142243|8002339|20220525|153655|8003054|1|1250|0|      |20220525|20220525|0603|2022-06-05 07:04:46
306755|0000000741055665              |20220525|185021|003|676|0|30300037|130010006|130752002|1|20220525|164918|8002339|20220525|185749|8003054|1|1250|0|      |20220525|20220525|0603|2022-06-05 07:04:46
306757|0000000903966139              |20220525|160930|028|676|0|30300037|130010006|130752074|1|20220525|145535|8002339|20220525|161819|8003054|1|1250|0|      |20220525|20220525|0603|2022-06-05 07:04:46
306759|0000000769006681              |20220525|174511|019|676|0|30300071|130010009|130759105|1|20220525|121140|8002822|20220525|175309|8001660|1|1250|0|      |20220525|20220525|0603|2022-06-05 07:04:46
306761|0000000764806589              |20220525|082004|029|676|0|30300130|130010008|130752145|1|20220525|075246|8002305|20220525|082416|8002486|1|1250|0|      |20220525|20220525|0603|2022-06-05 07:04:46
306763|0000000706609533              |20220525|112640|017|676|0|30300130|130010008|130752720|1|20220525|110505|8002305|20220525|112915|8002486|1|1250|0|      |20220525|20220525|0603|2022-06-05 07:04:46
306765|0000000776259462              |20220525|121407|006|676|0|30300130|130010008|130752146|1|20220525|104450|8002305|20220525|121651|8002486|1|1250|0|      |20220525|20220525|0603|2022-06-05 07:04:46
306767|0000000730273156              |20220525|163723|006|676|0|30300130|130010008|130752149|1|20220525|145822|8002305|20220525|164104|8002486|1|1250|0|      |20220525|20220525|0603|2022-06-05 07:04:46
307174|0000000625492115              |20220525|171620|011|676|0|30300037|130010006|130759024|1|20220525|164056|8002559|20220525|173425|8002906|1|1250|0|      |20220525|20220525|0603|2022-06-05 07:04:46
307176|0000000676776943              |20220525|174753|029|676|0|30300037|130010006|130752027|1|20220525|170823|8002559|20220525|180502|8002906|1|1250|0|      |20220525|20220525|0603|2022-06-05 07:04:46
307178|0000000725541809              |20220525|184116|010|676|0|30300037|130010006|130752011|1|20220525|135458|8002559|20220525|185928|8002906|1|1250|0|      |20220525|20220525|0603|2022-06-05 07:04:46
307180|0000000764205310              |20220525|184130|016|676|0|30300037|130010006|130752011|1|20220525|135458|8002559|20220525|185838|8002906|1|1250|0|      |20220525|20220525|0603|2022-06-05 07:04:46
307182|0000000467213671              |20220525|202858|005|676|0|30300037|130010006|130752062|1|20220525|191652|8002559|20220525|204453|8002906|1|1250|0|      |20220525|20220525|0603|2022-06-05 07:04:46
326519|0000000700937131              |20220525|154345|015|675|0|30300047|130010001|130759438|1|20220525|153241|8001852|20220525|160844|8003102|1|1250|0|      |20220525|20220525|0603|2022-06-05 07:04:46
326521|0000000734412058              |20220525|085528|028|675|0|30300055|130010014|130753206|1|20220525|083752|8002464|20220525|092351|8002339|1|1250|0|      |20220525|20220525|0603|2022-06-05 07:04:46
326523|0000000730273156              |20220525|113525|005|675|0|30300055|130010014|130753267|1|20220525|112121|8002464|20220525|120127|8002339|1|1250|0|      |20220525|20220525|0603|2022-06-05 07:04:46
326525|0000000650047216              |20220525|145833|021|675|0|30300055|130010014|130753260|1|20220525|144631|8002464|20220525|150435|8001203|1|1250|0|      |20220525|20220525|0603|2022-06-05 07:04:46
326527|0000000701024538              |20220525|174700|007|680|0|30300026|130010014|130753603|1|20220525|172813|8002635|20220525|175912|8001880|1|1250|0|      |20220525|20220525|0603|2022-06-05 07:04:46
326529|0000000769351213              |20220525|190940|005|675|0|30300057|130010001|130759750|1|20220525|183224|8002635|20220525|192328|8001880|1|1250|0|      |20220525|20220525|0603|2022-06-05 07:04:46
326531|0000000772700687              |20220525|103345|007|676|0|30300054|130010007|130759340|1|20220525|093858|8001707|20220525|103923|8002976|1|1250|0|      |20220525|20220525|0603|2022-06-05 07:04:46
326533|0000000623341795              |20220525|124849|027|676|0|30300054|130010007|130759361|1|20220525|115245|8001707|20220525|125550|8002976|1|1250|0|      |20220525|20220525|0603|2022-06-05 07:04:46
326805|0000000741337913              |20220525|081932|004|675|0|30300095|130010005|130759210|1|20220525|065643|8001598|20220525|083434|8002968|1|1250|0|      |20220525|20220525|0603|2022-06-05 07:04:46
326807|0000000707861300              |20220525|081444|007|675|0|30300067|130010001|130759726|1|20220525|060907|8002763|20220525|082442|8002648|1|1250|0|      |20220525|20220525|0603|2022-06-05 07:04:46
326809|0000000918149331              |20220525|214240|026|675|0|30300096|130010006|130752020|1|20220525|212152|8005530|20220525|214712|8002531|1|1250|0|      |20220525|20220525|0603|2022-06-05 07:04:46
326811|0000000904330903              |20220525|164234|018|683|0|30300016|130010004|130752296|1|20220525|144130|8002937|20220525|165444|8001846|1|1250|0|      |20220525|20220525|0603|2022-06-05 07:04:46
326813|0000000904376563              |20220525|102154|010|675|0|30300049|130010004|130752248|1|20220525|075855|8001278|20220525|102824|8001962|1|1250|0|      |20220525|20220525|0603|2022-06-05 07:04:46
326815|0000000774280914              |20220525|172336|024|675|0|30300066|130010015|130759682|1|20220525|171227|8002937|20220525|173358|8001846|1|1250|0|      |20220525|20220525|0603|2022-06-05 07:04:46
326817|0000000904372674              |20220525|182158|018|675|0|30300101|130010002|130752396|1|20220525|175925|8001029|20220525|184939|8007011|1|1250|0|      |20220525|20220525|0603|2022-06-05 07:04:46
326819|0000000741269651              |20220525|193822|002|676|0|30300036|130010012|130753301|1|20220525|191631|8002376|20220525|200734|8002425|1|1250|0|      |20220525|20220525|0603|2022-06-05 07:04:46
326821|0000000709321131              |20220525|165634|022|675|0|30300092|130010013|130759833|1|20220525|132709|8002133|20220525|171213|8002777|1|1250|0|      |20220525|20220525|0603|2022-06-05 07:04:46
326823|0000000743789570              |20220525|175907|010|675|0|30300060|130010014|130753507|1|20220525|172725|8001716|20220525|182321|8001380|1|1250|0|      |20220525|20220525|0603|2022-06-05 07:04:46
326825|0000000705750768              |20220525|080348|014|675|0|30300064|130010015|130759624|1|20220525|074836|8002729|20220525|080943|8001414|1|1250|0|      |20220525|20220525|0603|2022-06-05 07:04:46
326827|0000000659589187              |20220525|133203|028|675|0|30300064|130010015|130759642|1|20220525|065939|8002729|20220525|133912|8001414|1|1250|0|      |20220525|20220525|0603|2022-06-05 07:04:46
326829|0000000743143023              |20220525|184415|006|675|0|30300064|130010015|130759642|1|20220525|182610|8002729|20220525|185138|8001414|1|1250|0|      |20220525|20220525|0603|2022-06-05 07:04:46
326831|0000000760007292              |20220525|194519|012|675|0|30300076|130010014|130753511|1|20220525|184513|8002481|20220525|200038|8002625|1|1250|0|      |20220525|20220525|0603|2022-06-05 07:04:46
327130|0000000750296103              |20220525|181941|003|676|0|30300071|130010009|130759150|1|20220525|125611|8001078|20220525|184734|8002632|1|1250|0|      |20220525|20220525|0603|2022-06-05 07:04:46
327132|0000000772056173              |20220525|120320|029|676|0|30300071|130010009|130759180|1|20220525|100705|8001078|20220525|122339|8002632|1|1250|0|      |20220525|20220525|0603|2022-06-05 07:04:46
327134|0000000905920101              |20220525|200743|010|676|0|30300071|130010009|130759107|1|20220525|122907|8001078|20220525|202922|8002632|1|1250|0|      |20220525|20220525|0603|2022-06-05 07:04:46
327136|0000000743344280              |20220525|220001|025|676|0|30300071|130010009|130759176|1|20220525|212319|8001078|20220525|222000|8002632|1|1250|0|      |20220525|20220525|0603|2022-06-05 07:04:46
327138|0000000731872713              |20220525|081611|016|676|0|30300072|130010001|130759432|1|20220525|072051|8002100|20220525|082824|8002558|1|1250|0|      |20220525|20220525|0603|2022-06-05 07:04:46
327140|0000000903469746              |20220525|183151|016|676|0|30300072|130010001|130759714|1|20220525|173228|8002100|20220525|184320|8002558|1|1250|0|      |20220525|20220525|0603|2022-06-05 07:04:46
327142|0000000745465413              |20220525|152924|001|676|0|30300130|130010008|130752146|1|20220525|151421|8007062|20220525|153710|8002486|1|1250|0|      |20220525|20220525|0603|2022-06-05 07:04:46
327144|0000000903905452              |20220525|124835|006|676|0|30300040|130010013|130759822|1|20220525|111636|8001612|20220525|130154|8001085|1|1250|0|      |20220525|20220525|0603|2022-06-05 07:04:46
327146|0000000766634741              |20220525|075711|029|676|0|30300040|130010007|130759359|1|20220525|074736|8001612|20220525|081113|8001085|1|1250|0|      |20220525|20220525|0603|2022-06-05 07:04:46
327148|0000000661812458              |20220525|080219|015|676|0|30300040|130010007|130759359|1|20220525|074736|8002898|20220525|081935|8007277|1|1250|0|      |20220525|20220525|0603|2022-06-05 07:04:46
327150|0000000632592961              |20220525|181833|011|676|0|30300130|130010008|130752146|1|20220525|181319|8002447|20220525|183550|8007360|1|1250|0|      |20220525|20220525|0603|2022-06-05 07:04:46
327152|0000000900068365              |20220525|073314|025|676|0|30300051|130010008|130752121|1|20220525|071259|8001369|20220525|081103|8001418|1|1250|0|      |20220525|20220525|0603|2022-06-05 07:04:46
327154|0000000743652677              |20220525|080218|002|676|0|30300040|130010007|130759343|1|20220525|071624|8001275|20220525|081413|8003032|1|1250|0|      |20220525|20220525|0603|2022-06-05 07:04:46
327480|0000000699131912              |20220525|163650|003|832|1|30300128|130710001|130759911|1|20220525|053102|8007057|20220525|172150|8001420|1|300|300|      |20220525|20220525|0603|2022-06-05 07:04:46
327482|0000000788817604              |20220525|181255|028|832|0|30300128|130710001|130759922|1|20220525|061954|8007057|20220525|190703|8001420|1|1700|300|      |20220525|20220525|0603|2022-06-05 07:04:46
316298|0000000720345975              |20220525|100118|005|676|0|30300051|130010008|130752112|1|20220525|093631|8001369|20220525|104035|8002995|1|1250|0|      |20220525|20220525|0603|2022-06-05 07:04:46
316705|0000000736602635              |20220525|175340|002|675|0|30300050|130010007|130759309|1|20220525|175011|8002765|20220525|175847|8002073|1|1250|0|      |20220525|20220525|0603|2022-06-05 07:04:46
316707|0000000906267597              |20220525|202844|004|675|0|30300079|130010009|130759175|1|20220525|193044|8002311|20220525|203414|8002611|1|1250|0|      |20220525|20220525|0603|2022-06-05 07:04:46
316709|0000000900512817              |20220525|170955|011|675|0|30300058|130010004|130752200|1|20220525|153323|8002240|20220525|172211|8002630|1|1250|0|      |20220525|20220525|0603|2022-06-05 07:04:46
316711|0000000750997072              |20220525|082928|030|675|0|30300081|130010011|130759511|1|20220525|075536|8002100|20220525|083814|8002935|1|1250|0|      |20220525|20220525|0603|2022-06-05 07:04:46
316713|0000000778337155              |20220525|193617|013|675|0|30300062|130010008|130752131|1|20220525|192246|8001568|20220525|194153|8002425|1|1250|0|      |20220525|20220525|0603|2022-06-05 07:04:46
316715|0000000634816767              |20220525|054545|031|675|0|30300060|130010014|130753522|1|20220525|053522|8002793|20220525|060104|8002453|1|1250|0|      |20220525|20220525|0603|2022-06-05 07:04:46
316717|0000000777167908              |20220525|143250|002|675|0|30300060|130010014|130753523|1|20220525|053733|8002793|20220525|144914|8002453|1|1250|0|      |20220525|20220525|0603|2022-06-05 07:04:46
316719|0000000725398491              |20220525|183356|007|675|0|30300060|130010014|130753522|1|20220525|160030|8002793|20220525|185546|8002453|1|1250|0|      |20220525|20220525|0603|2022-06-05 07:04:46
316721|0000000730218111              |20220525|214724|002|675|0|30300060|130010014|130753504|1|20220525|212306|8002793|20220525|220047|8002453|1|1250|0|      |20220525|20220525|0603|2022-06-05 07:04:46
316723|0000000906476477              |20220525|102551|014|679|0|30300063|130010001|130759487|1|20220525|060741|8001791|20220525|103157|8002357|1|1250|0|      |20220525|20220525|0603|2022-06-05 07:04:46
316725|0000000675025467              |20220525|165335|018|679|0|30300063|130010001|130759774|1|20220525|155157|8001791|20220525|170330|8002357|1|1250|0|      |20220525|20220525|0603|2022-06-05 07:04:46
316727|0000000743743244              |20220525|212130|014|679|0|30300063|130010001|130759486|1|20220525|202745|8001791|20220525|212751|8002357|1|1250|0|      |20220525|20220525|0603|2022-06-05 07:04:46
316729|0000000708692076              |20220525|112346|004|674|0|30300100|130010002|130752506|1|20220525|094446|8001929|20220525|113104|8001493|1|1250|0|      |20220525|20220525|0603|2022-06-05 07:04:46
317136|0000000400116381              |20220525|180333|026|675|0|30300057|130010001|130759757|1|20220525|174750|8002482|20220525|183125|8002033|1|1250|0|      |20220525|20220525|0603|2022-06-05 07:04:46
317138|0000000788601597              |20220525|055038|017|675|0|30300062|130010008|130752703|1|20220525|053655|8001854|20220525|060430|8002280|1|1250|0|      |20220525|20220525|0603|2022-06-05 07:04:46
317140|0000000785931461              |20220525|154406|003|675|0|30300062|130010008|130752131|1|20220525|152936|8001854|20220525|155923|8002280|1|1250|0|      |20220525|20220525|0603|2022-06-05 07:04:46
317142|0000000682708720              |20220525|155623|025|674|1|30300002|130010007|130759326|1|20220525|143314|8002833|20220525|160008|8002254|1|0|0|      |20220525|20220525|0603|2022-06-05 07:04:46
317144|0000000785331939              |20220525|100248|009|673|2|30300001|130510004|130751010|1|20220525|072818|8002410|20220525|100456|8002394|1|0|0|      |20220525|20220525|0603|2022-06-05 07:04:46
317146|0000000694516015              |20220525|111318|024|676|1|30300043|130010015|130759609|1|20220525|101335|8001919|20220525|112607|8005588|1|0|0|      |20220525|20220525|0603|2022-06-05 07:04:46
317148|0000000698946988              |20220525|163709|028|678|1|30300074|130110001|130745026|1|20220525|064348|8001876|20220525|165627|8002823|1|0|0|      |20220525|20220525|0603|2022-06-05 07:04:46
317150|0000000699295851              |20220525|173909|005|674|0|30300002|130010007|130759310|4|20220525|160133|8002833|20220525|174113|8002254|2|1500|0|      |20220525|20220525|0603|2022-06-05 07:04:46
317152|0000000791017231              |20220525|071757|010|675|0|30300058|130010004|130752257|1|20220525|070503|8005585|20220525|075352|8001418|1|1250|0|      |20220525|20220525|0603|2022-06-05 07:04:46
317154|0000000788829809              |20220525|194923|002|675|0|30300058|130010004|130752251|1|20220525|193807|8005585|20220525|202331|8001418|1|1250|0|      |20220525|20220525|0603|2022-06-05 07:04:46
317156|0000000400207031              |20220525|055006|015|676|0|30300070|130010004|130752603|1|20220525|053200|8001135|20220525|061527|8001413|1|1250|0|      |20220525|20220525|0603|2022-06-05 07:04:46
317158|0000000400207031              |20220525|083835|016|676|0|30300070|130010004|130752238|1|20220525|080612|8001135|20220525|091057|8001413|1|1250|0|      |20220525|20220525|0603|2022-06-05 07:04:46
317160|0000000483144866              |20220525|152612|004|674|0|30300002|130010007|130759322|1|20220525|135731|8002833|20220525|152810|8002254|1|1250|0|      |20220525|20220525|0603|2022-06-05 07:04:46
317162|0000000790475458              |20220525|204300|016|675|0|30300053|130010002|130752513|1|20220525|183907|8001786|20220525|204743|8001916|2|2500|0|      |20220525|20220525|0603|2022-06-05 07:04:46
317569|0000000186387017              |20220525|154103|029|674|0|30300104|130010002|130752355|1|20220525|150103|8002453|20220525|154940|8005583|1|1250|0|      |20220525|20220525|0603|2022-06-05 07:04:46
317571|0000000400177627              |20220525|152533|027|676|0|30300038|130010014|130753203|1|20220525|145900|8001596|20220525|154742|8002790|1|1250|0|      |20220525|20220525|0603|2022-06-05 07:04:46
317573|0000000795895769              |20220525|071758|015|676|0|30300041|130010012|130753304|1|20220525|063228|8001629|20220525|073934|8001097|1|1250|0|      |20220525|20220525|0603|2022-06-05 07:04:46
317575|0000000693038555              |20220525|123740|005|676|0|30300041|130010012|130753318|1|20220525|115511|8001629|20220525|125608|8001097|1|1250|0|      |20220525|20220525|0603|2022-06-05 07:04:46
317577|0000000793232376              |20220525|114624|014|675|0|30300053|130010002|130752319|1|20220525|111314|8001494|20220525|114759|8002119|1|1250|0|      |20220525|20220525|0603|2022-06-05 07:04:46
317579|0000000789211891              |20220525|124559|006|675|0|30300082|130010001|130759709|1|20220525|115801|8001931|20220525|130656|8001567|1|1250|0|      |20220525|20220525|0603|2022-06-05 07:04:46
317581|0000000789787289              |20220525|084546|006|681|0|30300042|130010009|130759127|1|20220525|054019|8001380|20220525|090900|8002694|1|1250|0|      |20220525|20220525|0603|2022-06-05 07:04:46
317583|0000000400144418              |20220525|183518|020|675|0|30300045|130010006|130759002|1|20220525|171128|8003070|20220525|185216|8001590|1|1250|0|      |20220525|20220525|0603|2022-06-05 07:04:46
317585|0000000797868790              |20220525|180329|022|675|0|30300082|130010001|130759736|1|20220525|175323|8001041|20220525|183728|8002800|1|1250|0|      |20220525|20220525|0603|2022-06-05 07:04:46
308100|0000000770292494              |20220525|150000|007|675|0|30300046|130010002|130752324|1|20220525|144901|8001289|20220525|153542|8002412|1|1250|0|      |20220525|20220525|0603|2022-06-05 07:04:46
308102|0000000918306581              |20220525|181516|023|674|0|30300104|130010002|130752507|1|20220525|181411|8005583|20220525|190102|8001028|1|1250|0|      |20220525|20220525|0603|2022-06-05 07:04:46
308104|0000000900315186              |20220525|194944|026|674|0|30300100|130010002|130752506|1|20220525|192419|8002434|20220525|195339|8001934|1|1250|0|      |20220525|20220525|0603|2022-06-05 07:04:46
308106|0000000705476713              |20220525|085158|003|680|0|30300007|130010002|130752389|1|20220525|073734|8003035|20220525|090402|8002547|1|1250|0|      |20220525|20220525|0603|2022-06-05 07:04:46
308108|0000000677446695              |20220525|095749|003|675|0|30300045|130010006|130752055|1|20220525|090240|8002913|20220525|102044|8002410|1|1250|0|      |20220525|20220525|0603|2022-06-05 07:04:46
308110|0000000743904274              |20220525|154854|019|675|0|30300045|130010006|130759002|1|20220525|140847|8002720|20220525|162128|8001494|1|1250|0|      |20220525|20220525|0603|2022-06-05 07:04:46
308112|0000000709381887              |20220525|180856|017|681|0|30300042|130010009|130759136|1|20220525|175742|8001415|20220525|184901|8001056|1|1250|0|      |20220525|20220525|0603|2022-06-05 07:04:46
308114|0000000669612315              |20220525|065941|028|675|0|30300080|130010009|130759154|1|20220525|062516|8002912|20220525|070844|8002463|1|1250|0|      |20220525|20220525|0603|2022-06-05 07:04:46
308116|0000000778732979              |20220525|082734|017|675|0|30300046|130010002|130752321|1|20220525|081715|8001291|20220525|083524|8001369|1|1250|0|      |20220525|20220525|0603|2022-06-05 07:04:46
308523|0000000791338507              |20220525|222649|024|676|0|30300089|130010011|130759526|1|20220525|141751|8007394|20220525|224346|8002468|1|1250|0|      |20220525|20220525|0603|2022-06-05 07:04:46
308525|0000000400207155              |20220525|072438|009|676|0|30300070|130010004|130752254|1|20220525|063456|8001868|20220525|075826|8003101|1|1250|0|      |20220525|20220525|0603|2022-06-05 07:04:46
308527|0000000699328550              |20220525|182216|014|675|0|30300075|130010005|130759208|1|20220525|165115|8002829|20220525|190854|8002218|1|1250|0|      |20220525|20220525|0603|2022-06-05 07:04:46
308529|0000000186585550              |20220525|125410|020|676|0|30300038|130010014|130753501|1|20220525|121535|8003044|20220525|132716|8005881|1|1250|0|      |20220525|20220525|0603|2022-06-05 07:04:46
308531|0000000681421428              |20220525|175950|031|675|0|30300108|130010007|130759339|1|20220525|171154|8007324|20220525|182131|8002939|1|1250|0|      |20220525|20220525|0603|2022-06-05 07:04:46
308533|0000000400150549              |20220525|084215|011|675|0|30300083|130010001|130759771|1|20220525|073756|8001932|20220525|091807|8001538|1|1250|0|      |20220525|20220525|0603|2022-06-05 07:04:46
308535|0000000797452420              |20220525|215335|005|675|1|30300055|130010014|130753229|1|20220525|214914|8002093|20220525|221306|8001033|1|0|0|      |20220525|20220525|0603|2022-06-05 07:04:46
308537|0000000475248458              |20220525|144549|012|675|2|30300094|130010014|130753608|1|20220525|140801|8002159|20220525|150814|8002412|1|0|0|      |20220525|20220525|0603|2022-06-05 07:04:46
308539|0000000785292705              |20220525|200012|001|676|1|30300070|130010004|130752205|1|20220525|152315|8001348|20220525|203213|8001051|1|0|0|      |20220525|20220525|0603|2022-06-05 07:04:46
308541|0000000788189745              |20220525|104737|015|676|1|30300087|130010015|130759636|1|20220525|100155|8002453|20220525|105902|8001576|1|0|0|      |20220525|20220525|0603|2022-06-05 07:04:46
308543|0000000789180190              |20220525|150421|013|675|1|30300050|130010007|130759369|1|20220525|142620|8002412|20220525|153310|8002026|1|0|0|      |20220525|20220525|0603|2022-06-05 07:04:46
308545|0000001110149056              |20220525|122758|005|675|1|30300045|130010006|130752043|1|20220525|112511|8005921|20220525|123815|8002403|1|0|0|      |20220525|20220525|0603|2022-06-05 07:04:46
308547|0000000400142015              |20220525|144751|005|675|0|30300060|130010014|130753241|1|20220525|140811|8002969|20220525|152803|8001484|1|1250|0|      |20220525|20220525|0603|2022-06-05 07:04:46
308549|0000000788409761              |20220525|072424|026|675|0|30300066|130010015|130759675|1|20220525|053510|8001963|20220525|073734|8002001|1|1250|0|      |20220525|20220525|0603|2022-06-05 07:04:46
308956|0000000791294573              |20220525|101249|004|675|1|30300096|130010006|130752066|1|20220525|095109|8001923|20220525|101603|8001103|1|0|0|      |20220525|20220525|0603|2022-06-05 07:04:46
308958|0000000788559135              |20220525|213223|004|676|1|30300130|130010008|130752149|1|20220525|210016|8002155|20220525|214308|8002304|1|0|0|      |20220525|20220525|0603|2022-06-05 07:04:46
308960|0000000487880862              |20220525|181618|009|676|1|30300087|130010015|130759610|1|20220525|170803|8006006|20220525|184417|8002119|1|0|0|      |20220525|20220525|0603|2022-06-05 07:04:46
308962|0000000699813285              |20220525|221622|016|675|1|30300053|130010002|130752394|1|20220525|221008|8006006|20220525|223707|8002119|1|0|0|      |20220525|20220525|0603|2022-06-05 07:04:46
308964|0000000698047193              |20220525|185336|011|675|1|30300056|130010012|130753373|1|20220525|175333|8001494|20220525|190856|8002706|1|0|0|      |20220525|20220525|0603|2022-06-05 07:04:46
308966|0000001110300633              |20220525|115031|004|675|1|30300082|130010001|130759728|1|20220525|061902|8002824|20220525|121519|8005924|1|0|0|      |20220525|20220525|0603|2022-06-05 07:04:46
308968|0000000788530049              |20220525|132949|006|675|0|30300053|130010002|130752513|1|20220525|131535|8001587|20220525|135805|8001083|1|1250|0|      |20220525|20220525|0603|2022-06-05 07:04:46
308970|0000000400197099              |20220525|140820|029|676|0|30300087|130010015|130759611|1|20220525|131418|8006006|20220525|143241|8002119|1|1250|0|      |20220525|20220525|0603|2022-06-05 07:04:46
308972|0000000695880846              |20220525|070137|027|676|0|30300072|130010001|130759483|1|20220525|062616|8001921|20220525|072157|8002558|1|1250|0|      |20220525|20220525|0603|2022-06-05 07:04:46
308974|0000000684357048              |20220525|093750|011|675|0|30300082|130010001|130759743|1|20220525|090830|8002697|20220525|094619|8005924|1|1250|0|      |20220525|20220525|0603|2022-06-05 07:04:46
308976|0000000400151210              |20220525|085902|001|675|0|30300058|130010004|130752202|1|20220525|080610|8005914|20220525|092812|8002620|1|1250|0|      |20220525|20220525|0603|2022-06-05 07:04:46
308978|0000000785561626              |20220525|180859|014|676|0|30300072|130010001|130759435|1|20220525|153204|8002155|20220525|182045|8002304|1|1250|0|      |20220525|20220525|0603|2022-06-05 07:04:46
308980|0000000400173737              |20220525|142558|007|675|0|30300056|130010012|130753374|1|20220525|133007|8001494|20220525|144002|8002706|1|1250|0|      |20220525|20220525|0603|2022-06-05 07:04:46
309387|0000000918385637              |20220525|071057|016|675|0|30300065|130010004|130752234|1|20220525|061202|8002902|20220525|071621|8002461|1|1250|0|      |20220525|20220525|0603|2022-06-05 07:04:46
328158|0000000697795406              |20220525|160759|021|675|0|30300075|130010005|130759213|1|20220525|142948|8001352|20220525|162151|8001996|1|1250|0|      |20220525|20220525|0603|2022-06-05 07:04:46
328160|0000000785680754              |20220525|091002|016|674|0|30300002|130010007|130759306|1|20220525|083857|8002131|20220525|093148|8002464|1|1250|0|      |20220525|20220525|0603|2022-06-05 07:04:46
328162|0000000698608902              |20220525|122011|012|674|0|30300002|130010007|130759308|1|20220525|115535|8002131|20220525|123903|8002464|1|1250|0|      |20220525|20220525|0603|2022-06-05 07:04:46
328164|0000000696762006              |20220525|131613|016|674|0|30300002|130010007|130759307|1|20220525|125133|8002131|20220525|133426|8002464|1|1250|0|      |20220525|20220525|0603|2022-06-05 07:04:46
328166|0000000691600641              |20220525|195615|005|674|0|30300002|130010007|130759333|1|20220525|193022|8002131|20220525|201247|8002464|1|1250|0|      |20220525|20220525|0603|2022-06-05 07:04:46
328168|0000000694181004              |20220525|125608|027|675|0|30300053|130010002|130752394|1|20220525|052105|8001276|20220525|130629|8001028|1|1250|0|      |20220525|20220525|0603|2022-06-05 07:04:46
328170|0000000791306499              |20220525|172846|001|675|0|30300053|130010002|130752373|1|20220525|154543|8001276|20220525|174249|8001028|1|1250|0|      |20220525|20220525|0603|2022-06-05 07:04:46
328172|0000000792021329              |20220525|135241|005|675|0|30300096|130010006|130752071|1|20220525|130916|8003124|20220525|140026|8001305|1|1250|0|      |20220525|20220525|0603|2022-06-05 07:04:46
328174|0000000487738581              |20220525|110517|015|675|0|30300076|130010014|130753510|1|20220525|110245|9007074|20220525|111936|8001738|1|1250|0|      |20220525|20220525|0603|2022-06-05 07:04:46
328176|0000000789390140              |20220525|154558|016|675|0|30300075|130010005|130759222|4|20220525|140807|8001352|20220525|155934|8001996|1|750|0|      |20220525|20220525|0603|2022-06-05 07:04:46
328178|0000000789683927              |20220525|203222|029|681|0|30300042|130010009|130759151|1|20220525|201127|8002402|20220525|204342|8001063|1|1250|0|      |20220525|20220525|0603|2022-06-05 07:04:46
328180|0000000792525272              |20220525|184524|005|676|0|30300070|130010004|130752226|1|20220525|183929|8002183|20220525|185844|8007183|1|1250|0|      |20220525|20220525|0603|2022-06-05 07:04:46
328209|0000000785105144              |20220525|122848|001|676|0|30300038|130010014|130753508|1|20220525|112223|8001952|20220525|124238|8002408|1|1250|0|      |20220525|20220525|0603|2022-06-05 07:04:46
328211|0000001110076423              |20220525|090608|008|676|0|30300038|130010014|130753202|1|20220525|075412|8001952|20220525|092039|8002408|1|1250|0|      |20220525|20220525|0603|2022-06-05 07:04:46
328213|0000000488482689              |20220525|141426|031|675|0|30300045|130010006|130752012|1|20220525|135720|8002141|20220525|142449|8001590|1|1250|0|      |20220525|20220525|0603|2022-06-05 07:04:46
328215|0000000688216248              |20220525|090612|006|676|0|30300038|130010014|130753202|1|20220525|075412|8001952|20220525|092013|8002408|1|1250|0|      |20220525|20220525|0603|2022-06-05 07:04:46
328217|0000000788765766              |20220525|085100|010|676|0|30300038|130010014|130753201|1|20220525|074049|8001952|20220525|090341|8002408|1|1250|0|      |20220525|20220525|0603|2022-06-05 07:04:46
328219|0000000692667304              |20220525|213010|006|676|0|30300070|130010004|130752228|1|20220525|203623|8001239|20220525|214042|8001932|1|1250|0|      |20220525|20220525|0603|2022-06-05 07:04:46
328221|0000000788592474              |20220525|100553|018|675|0|30300095|130010011|130759525|1|20220525|054304|8001238|20220525|101534|8001368|1|1250|0|      |20220525|20220525|0603|2022-06-05 07:04:46
328223|0000000782194240              |20220525|091615|028|676|0|30300038|130010014|130753203|1|20220525|080923|8001952|20220525|093055|8002408|1|1250|0|      |20220525|20220525|0603|2022-06-05 07:04:46
328225|0000000400135940              |20220525|120424|023|675|0|30300078|130010008|130752165|1|20220525|114602|8002237|20220525|121340|8007274|1|1250|0|      |20220525|20220525|0603|2022-06-05 07:04:46
328227|0000000789717525              |20220525|112520|010|675|2|30300050|130010007|130759302|1|20220525|050438|8002403|20220525|114149|8002849|1|0|0|      |20220525|20220525|0603|2022-06-05 07:04:46
328229|0000001118224368              |20220525|073402|010|674|0|30300002|130010007|130759332|1|20220525|072940|8001178|20220525|075809|8002133|1|1250|0|      |20220525|20220525|0603|2022-06-05 07:04:46
328231|0000000694017658              |20220525|083113|022|675|0|30300058|130010004|130752278|1|20220525|075213|8002734|20220525|084955|8001754|1|1250|0|      |20220525|20220525|0603|2022-06-05 07:04:46
328233|0000000692433592              |20220525|213737|009|675|1|30300047|130010001|130759718|1|20220525|202249|8002721|20220525|214902|8070029|1|0|0|      |20220525|20220525|0603|2022-06-05 07:04:46
328235|0000000793492884              |20220525|115703|003|676|0|30300037|130010006|130752002|1|20220525|112256|8001096|20220525|120401|8002658|1|1250|0|      |20220525|20220525|0603|2022-06-05 07:04:46
328264|0000000693425394              |20220525|172619|024|676|1|30300073|130010009|130759183|1|20220525|162914|8002634|20220525|173309|8002571|1|0|0|      |20220525|20220525|0603|2022-06-05 07:04:46
328266|0000000488776826              |20220525|073913|028|676|1|30300088|130010006|130752001|1|20220525|064355|8002721|20220525|074301|8002403|1|0|0|      |20220525|20220525|0603|2022-06-05 07:04:46
328268|0000000684634514              |20220525|153208|015|678|1|30300074|130010014|130753613|1|20220525|145100|8002634|20220525|153842|8002571|1|0|0|      |20220525|20220525|0603|2022-06-05 07:04:46
328270|0000000789048737              |20220525|122316|011|676|0|30300037|130010006|130752044|1|20220525|103404|8001096|20220525|122950|8002658|2|2500|0|      |20220525|20220525|0603|2022-06-05 07:04:46
328272|0000000784239757              |20220525|080211|009|674|0|30300002|130010007|130759321|1|20220525|073921|8002251|20220525|080517|8001418|1|1250|0|      |20220525|20220525|0603|2022-06-05 07:04:46
328274|0000000400193165              |20220525|082120|014|674|0|30300002|130010007|130759325|1|20220525|080554|8002251|20220525|082604|8001418|1|1250|0|      |20220525|20220525|0603|2022-06-05 07:04:46
328276|0000000794347658              |20220525|084512|002|674|0|30300002|130010007|130759327|1|20220525|082341|8002251|20220525|085448|8001418|1|1250|0|      |20220525|20220525|0603|2022-06-05 07:04:46
328278|0000000693711368              |20220525|130636|018|674|0|30300002|130010007|130759331|1|20220525|125011|8002251|20220525|131628|8001418|1|1250|0|      |20220525|20220525|0603|2022-06-05 07:04:46
328280|0000000691714025              |20220525|154907|005|674|0|30300002|130010007|130759322|1|20220525|153126|8002251|20220525|155905|8001418|1|1250|0|      |20220525|20220525|0603|2022-06-05 07:04:46
328282|0000001110534793              |20220525|152748|003|676|0|30300090|130010005|130759209|1|20220525|134133|8001287|20220525|153448|8006006|1|1250|0|      |20220525|20220525|0603|2022-06-05 07:04:46
328284|0000000693847174              |20220525|181522|013|676|0|30300073|130010009|130759112|1|20220525|171011|8001420|20220525|182532|8002148|1|1250|0|      |20220525|20220525|0603|2022-06-05 07:04:46
318531|0000000900889471              |20220525|162558|029|675|0|30300053|130010002|130752376|1|20220525|161056|8002425|20220525|170910|8001154|1|1250|0|      |20220525|20220525|0603|2022-06-05 07:04:46
318533|0000000744611935              |20220525|194734|025|675|0|30300053|130010002|130752386|1|20220525|193048|8005584|20220525|195227|8001218|1|1250|0|      |20220525|20220525|0603|2022-06-05 07:04:46
318535|0000000607593957              |20220525|215908|022|675|0|30300053|130010002|130752398|1|20220525|212210|8001494|20220525|221253|8001786|1|1250|0|      |20220525|20220525|0603|2022-06-05 07:04:46
318537|0000000711691726              |20220525|132956|017|675|0|30300053|130010002|130752513|1|20220525|131535|8001587|20220525|133300|8002276|1|1250|0|      |20220525|20220525|0603|2022-06-05 07:04:46
318539|0000000608686143              |20220525|212037|007|675|0|30300091|130010013|130759819|1|20220525|211057|8002131|20220525|220427|8007272|1|1250|0|      |20220525|20220525|0603|2022-06-05 07:04:46
318946|0000000918202009              |20220525|154047|017|675|0|30300062|130010008|130752137|1|20220525|144919|8001851|20220525|154315|8001828|1|1250|0|      |20220525|20220525|0603|2022-06-05 07:04:46
318948|0000000904043482              |20220525|164242|008|675|0|30300062|130010008|130752131|1|20220525|163624|8001330|20220525|171438|8002388|1|1250|0|      |20220525|20220525|0603|2022-06-05 07:04:46
318950|0000000758702738              |20220525|143923|019|676|0|30300040|130010007|130759385|1|20220525|141244|8002905|20220525|150552|8001062|1|1250|0|      |20220525|20220525|0603|2022-06-05 07:04:46
318952|0000000732635773              |20220525|155933|008|675|0|30300060|130010014|130753504|1|20220525|151542|8002969|20220525|163804|8001851|1|1250|0|      |20220525|20220525|0603|2022-06-05 07:04:46
318954|0000000763822934              |20220525|071127|004|675|0|30300060|130010014|130753230|1|20220525|070046|8005585|20220525|073148|8002793|1|1250|0|      |20220525|20220525|0603|2022-06-05 07:04:46
318956|0000000908394161              |20220525|140211|025|675|0|30300060|130010014|130753522|1|20220525|114645|8001716|20220525|140803|8001049|1|1250|0|      |20220525|20220525|0603|2022-06-05 07:04:46
318958|0000000771592000              |20220525|094238|006|675|0|30300060|130010014|130753230|1|20220525|070046|8002075|20220525|102722|8001851|1|1250|0|      |20220525|20220525|0603|2022-06-05 07:04:46
318960|0000000677182904              |20220525|171835|014|676|0|30300040|130010007|130759366|1|20220525|164222|8007279|20220525|172020|8002075|1|1250|0|      |20220525|20220525|0603|2022-06-05 07:04:46
318962|0000000903590094              |20220525|115457|019|675|0|30300145|130010014|130753528|1|20220525|112749|8001319|20220525|115616|8002874|1|1250|0|      |20220525|20220525|0603|2022-06-05 07:04:46
318964|0000000629908620              |20220525|120127|012|675|0|30300145|130010014|130753527|1|20220525|115535|8001764|20220525|123243|8001590|1|1250|0|      |20220525|20220525|0603|2022-06-05 07:04:46
318966|0000000770647934              |20220525|184336|016|675|0|30300145|130010014|130753509|1|20220525|174555|8001764|20220525|191247|8001194|1|1250|0|      |20220525|20220525|0603|2022-06-05 07:04:46
318968|0000000725385696              |20220525|215117|026|675|0|30300145|130010014|130753529|1|20220525|203041|8002103|20220525|221729|8001590|1|1250|0|      |20220525|20220525|0603|2022-06-05 07:04:46
318970|0000000655195462              |20220525|130307|011|675|0|30300060|130010014|130753504|1|20220525|123628|8002707|20220525|133325|8002851|1|1250|0|      |20220525|20220525|0603|2022-06-05 07:04:46
319377|0000000764331793              |20220525|160931|018|674|0|30300104|130010002|130752507|1|20220525|160831|8005583|20220525|163732|8070017|1|1250|0|      |20220525|20220525|0603|2022-06-05 07:04:46
319379|0000000779785025              |20220525|225948|030|674|0|30300104|130010002|130752313|1|20220525|225532|8005583|20220525|233106|8070017|1|1250|0|      |20220525|20220525|0603|2022-06-05 07:04:46
319381|0000000759358309              |20220525|123225|022|675|0|30300055|130010014|130753512|1|20220525|121159|8001986|20220525|125359|8002345|1|1250|0|      |20220525|20220525|0603|2022-06-05 07:04:46
319383|0000000613191457              |20220525|202953|019|674|0|30300104|130010002|130752507|1|20220525|202942|8005583|20220525|205513|8070017|1|1250|0|      |20220525|20220525|0603|2022-06-05 07:04:46
319385|0000000708351038              |20220525|134938|005|675|0|30300048|130010006|130752068|1|20220525|122945|8002596|20220525|141913|8001919|1|1250|0|      |20220525|20220525|0603|2022-06-05 07:04:46
319387|0000000769523098              |20220525|075738|017|675|0|30300062|130010008|130752129|1|20220525|064736|8002280|20220525|081947|8002202|1|1250|0|      |20220525|20220525|0603|2022-06-05 07:04:46
319389|0000000712133344              |20220525|174525|022|674|0|30300104|130010002|130752346|1|20220525|174506|8005583|20220525|181619|8070017|1|1250|0|      |20220525|20220525|0603|2022-06-05 07:04:46
319391|0000000610304311              |20220525|205719|018|675|0|30300061|130010015|130759647|1|20220525|200913|8002788|20220525|211157|8002878|1|1250|0|      |20220525|20220525|0603|2022-06-05 07:04:46
319393|0000000903707643              |20220525|063452|017|676|0|30300087|130010015|130759636|1|20220525|061220|8001277|20220525|064606|8001074|1|1250|0|      |20220525|20220525|0603|2022-06-05 07:04:46
319395|0000000741458453              |20220525|200052|021|675|0|30300061|130010015|130759612|1|20220525|192316|8002788|20220525|201559|8002878|1|1250|0|      |20220525|20220525|0603|2022-06-05 07:04:46
319397|0000000904541014              |20220525|084447|028|675|0|30300053|130010002|130752328|1|20220525|080119|8001277|20220525|090408|8001074|1|1250|0|      |20220525|20220525|0603|2022-06-05 07:04:46
319399|0000000776981376              |20220525|162036|001|676|0|30300090|130010005|130759260|1|20220525|140937|8002953|20220525|163826|8002235|1|1250|0|      |20220525|20220525|0603|2022-06-05 07:04:46
319401|0000000741940862              |20220525|210918|005|675|0|30300075|130010005|130759213|1|20220525|203924|8001096|20220525|213043|8002826|1|1250|0|      |20220525|20220525|0603|2022-06-05 07:04:46
319403|0000000701094433              |20220525|221518|028|675|0|30300076|130010014|130753207|1|20220525|213817|8001929|20220525|223213|8001262|1|1250|0|      |20220525|20220525|0603|2022-06-05 07:04:46
319810|0000000600603360              |20220525|211344|021|675|0|30300067|130010001|130759402|1|20220525|181343|8001670|20220525|211426|8001041|1|1250|0|      |20220525|20220525|0603|2022-06-05 07:04:46
319812|0000000754440007              |20220525|162308|029|675|0|30300057|130010001|130759489|1|20220525|152821|8001847|20220525|162552|8002329|1|1250|0|      |20220525|20220525|0603|2022-06-05 07:04:46
319814|0000000743713032              |20220525|153029|003|675|0|30300050|130010007|130759348|1|20220525|152045|8002535|20220525|155501|8001193|1|1250|0|      |20220525|20220525|0603|2022-06-05 07:04:46
319816|0000000669051408              |20220525|082055|002|675|0|30300050|130010007|130759302|1|20220525|050438|8002375|20220525|084529|8002962|1|1250|0|      |20220525|20220525|0603|2022-06-05 07:04:46
319818|0000000644591690              |20220525|074254|005|675|0|30300055|130010014|130753259|1|20220525|061208|8001444|20220525|074502|8002339|1|1250|0|      |20220525|20220525|0603|2022-06-05 07:04:46
310306|0000000671842849              |20220525|070712|005|678|0|30300074|130110001|130745022|1|20220524|060850|8007517|20220525|071252|8001097|1|1250|0|      |20220525|20220525|0603|2022-06-05 07:04:46
310308|0000000725662382              |20220525|164218|011|675|0|30300078|130010008|130752712|1|20220525|163354|8001427|20220525|170245|8001876|1|1250|0|      |20220525|20220525|0603|2022-06-05 07:04:46
310310|0000000723035358              |20220525|225644|015|675|0|30300065|130010004|130752242|1|20220525|222942|8005871|20220525|230324|8001348|1|1250|0|      |20220525|20220525|0603|2022-06-05 07:04:46
310312|0000000900758369              |20220525|075619|019|675|0|30300050|130010007|130759302|1|20220525|050438|8002735|20220525|082349|8001273|1|1250|0|      |20220525|20220525|0603|2022-06-05 07:04:46
310314|0000000903654297              |20220525|081545|011|675|0|30300050|130010007|130759368|1|20220525|071842|8003047|20220525|082153|8007102|1|1250|0|      |20220525|20220525|0603|2022-06-05 07:04:46
310316|0000000736369498              |20220525|085955|017|675|0|30300127|130010004|130752243|1|20220525|085525|8001027|20220525|091505|8001290|1|1250|0|      |20220525|20220525|0603|2022-06-05 07:04:46
310318|0000000909425277              |20220525|091859|014|680|0|30300028|130010006|130752075|1|20220525|091248|8002826|20220525|093700|8001521|1|1250|0|      |20220525|20220525|0603|2022-06-05 07:04:46
310320|0000000745844164              |20220525|094838|016|675|0|30300144|130010012|130753314|1|20220525|094033|8002950|20220525|100416|8001527|1|1250|0|      |20220525|20220525|0603|2022-06-05 07:04:46
310322|0000000725474677              |20220525|111052|029|675|0|30300095|130010011|130759525|1|20220525|054304|8001956|20220525|112203|8001648|1|1250|0|      |20220525|20220525|0603|2022-06-05 07:04:46
310324|0000000734477600              |20220525|133501|013|675|0|30300108|130010007|130759305|1|20220525|115530|8002742|20220525|135038|8001590|1|1250|0|      |20220525|20220525|0603|2022-06-05 07:04:46
310326|0000000903375058              |20220525|143917|020|675|0|30300059|130010004|130752217|1|20220525|142416|8002719|20220525|144331|8002723|1|1250|0|      |20220525|20220525|0603|2022-06-05 07:04:46
310328|0000000776282200              |20220525|161334|027|675|0|30300144|130010012|130753314|1|20220525|154642|8002101|20220525|161606|8001535|1|1250|0|      |20220525|20220525|0603|2022-06-05 07:04:46
310330|0000000905263243              |20220525|150844|022|675|0|30300059|130010004|130752271|1|20220525|135848|8002425|20220525|153955|8002600|1|1250|0|      |20220525|20220525|0603|2022-06-05 07:04:46
310737|0000000755816132              |20220525|114713|007|675|0|30300048|130010006|130752069|1|20220525|112607|8001078|20220525|120145|8002403|1|1250|0|      |20220525|20220525|0603|2022-06-05 07:04:46
310739|0000000761486332              |20220525|173727|012|675|0|30300145|130010014|130753529|1|20220525|154950|8002900|20220525|180141|8002412|1|1250|0|      |20220525|20220525|0603|2022-06-05 07:04:46
310741|0000000636929456              |20220525|101706|025|680|0|30300052|130010006|130752003|1|20220525|091441|8002547|20220525|104530|8002995|1|1250|0|      |20220525|20220525|0603|2022-06-05 07:04:46
310743|0000000909703838              |20220525|081649|023|675|0|30300076|130010014|130753207|1|20220525|071035|8002786|20220525|082153|8001731|1|1250|0|      |20220525|20220525|0603|2022-06-05 07:04:46
310745|0000000630474450              |20220525|092238|004|675|0|30300083|130010001|130759478|1|20220525|091315|8002825|20220525|093538|8002572|1|1250|0|      |20220525|20220525|0603|2022-06-05 07:04:46
310747|0000000764926233              |20220525|093039|022|678|0|30300074|130010014|130753217|1|20220525|073030|8001534|20220525|094532|8001741|1|1250|0|      |20220525|20220525|0603|2022-06-05 07:04:46
310749|0000000642857465              |20220525|111420|006|675|0|30300048|130010006|130759010|1|20220525|103657|8001268|20220525|113645|8001054|1|1250|0|      |20220525|20220525|0603|2022-06-05 07:04:46
310751|0000000735866475              |20220525|121624|015|675|0|30300076|130010014|130753511|1|20220525|111856|8002634|20220525|123224|8002625|1|1250|0|      |20220525|20220525|0603|2022-06-05 07:04:46
310753|0000000777256788              |20220525|152227|014|675|0|30300083|130010001|130759480|1|20220525|144059|8002033|20220525|154039|8002966|1|1250|0|      |20220525|20220525|0603|2022-06-05 07:04:46
310755|0000000634813706              |20220525|161032|027|678|0|30300074|130010014|130753614|1|20220525|153212|8002634|20220525|161706|8002571|1|1250|0|      |20220525|20220525|0603|2022-06-05 07:04:46
310757|0000000903909219              |20220525|163115|006|675|0|30300084|130010001|130759752|1|20220525|155940|8001038|20220525|164054|8001408|1|1250|0|      |20220525|20220525|0603|2022-06-05 07:04:46
310759|0000000740058497              |20220525|173836|007|680|0|30300052|130010002|130752329|1|20220525|150703|8007042|20220525|175654|8002545|1|1250|0|      |20220525|20220525|0603|2022-06-05 07:04:46
310761|0000000763793544              |20220525|181330|026|675|0|30300045|130010006|130752058|1|20220525|175505|8070046|20220525|185949|8003044|1|1250|0|      |20220525|20220525|0603|2022-06-05 07:04:46
310763|0000000903405209              |20220525|213626|018|674|0|30300104|130010002|130752504|1|20220525|212734|8002452|20220525|215349|8070018|1|1250|0|      |20220525|20220525|0603|2022-06-05 07:04:46
311170|0000000759844833              |20220525|163703|023|676|0|30300037|130010006|130752035|1|20220525|163134|8003003|20220525|164627|8002973|1|1250|0|      |20220525|20220525|0603|2022-06-05 07:04:46
311172|0000000760630103              |20220525|174926|016|676|0|30300037|130010006|130759024|1|20220525|164056|8001035|20220525|175853|8002488|1|1250|0|      |20220525|20220525|0603|2022-06-05 07:04:46
311174|0000000723411670              |20220525|181109|008|676|0|30300038|130010014|130753508|1|20220525|181006|8003003|20220525|182159|8002973|1|1250|0|      |20220525|20220525|0603|2022-06-05 07:04:46
311176|0000000650459906              |20220525|095052|001|676|0|30300089|130010011|130759526|1|20220525|071341|8002703|20220525|095408|8002969|1|1250|0|      |20220525|20220525|0603|2022-06-05 07:04:46
311178|0000000441433007              |20220525|112517|001|676|0|30300041|130010012|130753327|1|20220525|112332|8070030|20220525|113842|8070027|1|1250|0|      |20220525|20220525|0603|2022-06-05 07:04:46
311180|0000000644064237              |20220525|112708|031|676|0|30300088|130010002|130752317|1|20220525|102737|8002742|20220525|113136|8002721|1|1250|0|      |20220525|20220525|0603|2022-06-05 07:04:46
311182|0000000601212761              |20220525|143652|005|676|0|30300088|130010002|130752374|1|20220525|133115|8002742|20220525|144048|8002721|1|1250|0|      |20220525|20220525|0603|2022-06-05 07:04:46
311184|0000000700029957              |20220525|151406|026|676|0|30300041|130010012|130753332|1|20220525|151304|8070030|20220525|152722|8070027|1|1250|0|      |20220525|20220525|0603|2022-06-05 07:04:46
311186|0000000760494803              |20220525|183653|008|676|0|30300088|130010002|130752374|1|20220525|173855|8002742|20220525|185014|8002721|1|1250|0|      |20220525|20220525|0603|2022-06-05 07:04:46
311188|0000000666558195              |20220525|145902|013|676|0|30300038|130010014|130753247|1|20220525|134813|8002913|20220525|150226|8003043|1|1250|0|      |20220525|20220525|0603|2022-06-05 07:04:46
330798|0000000791942458              |20220525|222443|007|676|0|30300088|130010002|130752317|1|20220525|211501|8001586|20220525|224323|8002133|2|2500|0|      |20220525|20220525|0603|2022-06-05 07:04:46
330800|0000000793757009              |20220525|153906|008|676|0|30300087|130010015|130759621|1|20220525|151214|8001736|20220525|160629|8001576|1|1250|0|      |20220525|20220525|0603|2022-06-05 07:04:46
330829|0000000781921610              |20220525|161023|015|676|0|30300038|130010014|130753214|1|20220525|151716|8001541|20220525|162041|8002627|1|1250|0|      |20220525|20220525|0603|2022-06-05 07:04:46
330831|0000000787936450              |20220525|072749|001|832|0|30300128|130710001|130759926|1|20220525|055416|8007055|20220525|075402|3053004|1|1700|300|      |20220525|20220525|0603|2022-06-05 07:04:46
330833|0000000691814522              |20220525|095352|013|675|0|30300108|130010007|130759305|1|20220525|091310|8002376|20220525|100203|8001878|1|1250|0|      |20220525|20220525|0603|2022-06-05 07:04:46
330835|0000000400211335              |20220525|211743|022|675|0|30300067|130010001|130759777|1|20220525|192535|8002952|20220525|213055|8002908|1|1250|0|      |20220525|20220525|0603|2022-06-05 07:04:46
330837|0000000793977700              |20220525|152805|027|676|0|30300051|130010008|130752122|1|20220525|144835|8002678|20220525|154537|8001369|1|1250|0|      |20220525|20220525|0603|2022-06-05 07:04:46
330839|0000000796054252              |20220525|171447|001|832|0|30300128|130710001|130759918|1|20220525|054720|8007055|20220525|174211|3053004|1|1700|300|      |20220525|20220525|0603|2022-06-05 07:04:46
330841|0000000692794370              |20220525|135216|001|676|0|30300038|130010014|130753524|1|20220525|111946|8002923|20220525|140102|8001168|1|1250|0|      |20220525|20220525|0603|2022-06-05 07:04:46
330843|0000000697633075              |20220525|163812|021|679|0|30300063|130010001|130759488|1|20220525|162542|8002309|20220525|165309|8002483|1|1250|0|      |20220525|20220525|0603|2022-06-05 07:04:46
330845|0000000691920130              |20220525|082552|010|676|0|30300068|130010006|130759026|1|20220525|054801|8002101|20220525|090351|8001259|1|1250|0|      |20220525|20220525|0603|2022-06-05 07:04:46
330847|0000000695342114              |20220525|104203|013|675|1|30300079|130010009|130759171|1|20220525|103807|8002464|20220525|112324|8002798|1|0|0|      |20220525|20220525|0603|2022-06-05 07:04:46
330849|0000000789488709              |20220525|150553|010|675|1|30300079|130010009|130759175|1|20220525|150320|8002464|20220525|154115|8002798|1|0|0|      |20220525|20220525|0603|2022-06-05 07:04:46
330851|0000000693400595              |20220525|173554|005|676|2|30300068|130010006|130752059|1|20220525|170457|8002790|20220525|175020|8002970|1|0|0|      |20220525|20220525|0603|2022-06-05 07:04:46
330853|0000000400140015              |20220525|091911|025|675|1|30300079|130010009|130759134|1|20220525|073338|8001653|20220525|093329|8002801|1|0|0|      |20220525|20220525|0603|2022-06-05 07:04:46
330882|0000000400209124              |20220525|133227|016|676|0|30300038|130010014|130753200|1|20220525|120555|8001704|20220525|134234|8002922|1|1250|0|      |20220525|20220525|0603|2022-06-05 07:04:46
330884|0000000693755266              |20220525|132249|015|676|1|30300086|130010013|130759809|1|20220525|125847|8001633|20220525|133240|8001479|1|0|0|      |20220525|20220525|0603|2022-06-05 07:04:46
330886|0000000698303583              |20220525|162724|024|675|2|30300067|130010001|130759402|4|20220525|142721|8002466|20220525|164732|8002648|1|0|0|      |20220525|20220525|0603|2022-06-05 07:04:46
330888|0000000699510713              |20220525|091421|023|675|1|30300091|130010013|130759821|1|20220525|073831|8001348|20220525|091843|8001463|1|0|0|      |20220525|20220525|0603|2022-06-05 07:04:46
330890|0000000785208861              |20220525|140227|004|676|1|30300068|130010006|130752059|1|20220525|131354|8003102|20220525|140330|8007553|1|0|0|      |20220525|20220525|0603|2022-06-05 07:04:46
330892|0000000780441316              |20220525|101708|010|676|0|30300089|130010011|130759574|1|20220525|092115|8007030|20220525|103932|8002468|1|1250|0|      |20220525|20220525|0603|2022-06-05 07:04:46
330894|0000000693958958              |20220525|115902|025|676|0|30300037|130010006|130752005|1|20220525|113725|8002340|20220525|122524|8002075|1|1250|0|      |20220525|20220525|0603|2022-06-05 07:04:46
330896|0000000400172848              |20220525|141817|005|676|0|30300054|130010007|130759361|1|20220525|131837|8001305|20220525|142250|8002911|1|1250|0|      |20220525|20220525|0603|2022-06-05 07:04:46
330898|0000000691185998              |20220525|184504|003|676|0|30300069|130010001|130759715|1|20220525|182546|8001059|20220525|185043|8001135|1|1250|0|      |20220525|20220525|0603|2022-06-05 07:04:46
330900|0000000685037116              |20220525|102352|005|675|0|30300049|130010004|130752287|1|20220525|060352|8001735|20220525|105502|8001791|1|1250|0|      |20220525|20220525|0603|2022-06-05 07:04:46
330902|0000000696419184              |20220525|083323|029|676|0|30300054|130010007|130759387|1|20220525|072124|8001305|20220525|083943|8002911|1|1250|0|      |20220525|20220525|0603|2022-06-05 07:04:46
330904|0000000695325556              |20220525|182732|009|676|0|30300089|130010011|130759512|1|20220525|124551|8002159|20220525|185549|8002208|1|1250|0|      |20220525|20220525|0603|2022-06-05 07:04:46
330906|0000000400205688              |20220525|095718|023|676|0|30300087|130010015|130759679|1|20220525|093633|8001277|20220525|100203|8001237|1|1250|0|      |20220525|20220525|0603|2022-06-05 07:04:46
330908|0000000784541376              |20220525|185056|018|675|0|30300144|130010012|130753382|1|20220525|141516|8002629|20220525|191102|8002951|1|1250|0|      |20220525|20220525|0603|2022-06-05 07:04:46
330937|0000000796269531              |20220525|064100|022|676|0|30300036|130010011|130759532|1|20220525|060519|8001054|20220525|070150|8001413|1|1250|0|      |20220525|20220525|0603|2022-06-05 07:04:46
330939|0000000693929776              |20220525|141923|005|676|0|30300036|130010011|130759503|1|20220525|133404|8001054|20220525|144941|8001413|1|1250|0|      |20220525|20220525|0603|2022-06-05 07:04:46
330941|0000000793353221              |20220525|081148|003|675|0|30300055|130010014|130753227|1|20220525|062426|8001353|20220525|082630|8001927|1|1250|0|      |20220525|20220525|0603|2022-06-05 07:04:46
330943|0000000400122411              |20220525|093730|010|675|0|30300055|130010014|130753268|1|20220525|055538|8001353|20220525|095126|8001927|1|1250|0|      |20220525|20220525|0603|2022-06-05 07:04:46
330945|0000000782214813              |20220525|145010|004|676|0|30300037|130010006|130759024|1|20220525|125358|8002340|20220525|151307|8002075|1|1250|0|      |20220525|20220525|0603|2022-06-05 07:04:46
330947|0000000697095205              |20220525|102519|016|675|0|30300047|130010001|130759430|1|20220525|085242|8070017|20220525|103334|8002547|1|1250|0|      |20220525|20220525|0603|2022-06-05 07:04:46
330949|0000000780883995              |20220525|145905|011|675|0|30300047|130010001|130759723|1|20220525|143024|8070017|20220525|150622|8002547|1|1250|0|      |20220525|20220525|0603|2022-06-05 07:04:46
330951|0000000785425016              |20220525|082342|024|676|0|30300090|130010005|130759268|1|20220525|055955|8003006|20220525|083844|8001536|1|1250|0|      |20220525|20220525|0603|2022-06-05 07:04:46
320735|0000000774443469              |20220525|222553|007|676|0|30300036|130010012|130753372|1|20220524|052359|8002376|20220525|223355|8002721|1|1250|0|      |20220525|20220525|0603|2022-06-05 07:04:46
320737|0000000777163888              |20220525|093822|013|675|0|30300046|130010002|130752351|1|20220525|091153|8002376|20220525|094807|8002721|1|1250|0|      |20220525|20220525|0603|2022-06-05 07:04:46
320739|0000000774058243              |20220525|220004|007|675|0|30300101|130010002|130752311|1|20220525|213549|8002543|20220525|220637|8001762|1|1250|0|      |20220525|20220525|0603|2022-06-05 07:04:46
320741|0000000778792260              |20220525|221400|011|675|0|30300108|130010007|130759317|1|20220525|220222|8003068|20220525|221931|8070044|1|1250|0|      |20220525|20220525|0603|2022-06-05 07:04:46
320743|0000000661403919              |20220525|081919|018|676|0|30300054|130010007|130759345|1|20220525|075804|8002831|20220525|084258|8001089|1|1250|0|      |20220525|20220525|0603|2022-06-05 07:04:46
320745|0000000778810512              |20220525|095224|031|676|0|30300054|130010007|130759379|1|20220525|093213|8002831|20220525|100436|8001089|1|1250|0|      |20220525|20220525|0603|2022-06-05 07:04:46
320747|0000000645311939              |20220525|135658|030|676|0|30300054|130010007|130759362|1|20220525|133545|8002831|20220525|140553|8001089|1|1250|0|      |20220525|20220525|0603|2022-06-05 07:04:46
320749|0000000920870834              |20220525|151927|012|676|0|30300054|130010007|130759349|1|20220525|145606|8002831|20220525|152848|8001089|1|1250|0|      |20220525|20220525|0603|2022-06-05 07:04:46
320751|0000000760387672              |20220525|164726|007|676|0|30300054|130010007|130759358|1|20220525|162047|8002831|20220525|165531|8001089|1|1250|0|      |20220525|20220525|0603|2022-06-05 07:04:46
320753|0000000621282893              |20220525|064817|004|675|0|30300046|130010002|130752350|1|20220525|062053|8002376|20220525|065744|8002721|1|1250|0|      |20220525|20220525|0603|2022-06-05 07:04:46
321160|0000000743066299              |20220525|184938|025|676|0|30300037|130010006|130752024|1|20220525|183010|8002402|20220525|191810|8002618|1|1250|0|      |20220525|20220525|0603|2022-06-05 07:04:46
321162|0000000768581941              |20220525|194229|012|676|0|30300038|130010014|130753200|1|20220525|185243|8002790|20220525|201316|8001443|1|1250|0|      |20220525|20220525|0603|2022-06-05 07:04:46
321164|0000000634127666              |20220525|205010|031|676|0|30300040|130010013|130759871|1|20220525|201800|8001075|20220525|211301|8001086|1|1250|0|      |20220525|20220525|0603|2022-06-05 07:04:46
321166|0000000641342356              |20220525|205405|023|676|0|30300038|130010014|130753501|1|20220525|204949|8001877|20220525|210725|8001703|1|1250|0|      |20220525|20220525|0603|2022-06-05 07:04:46
321168|0000000904126178              |20220525|055029|024|676|0|30300040|130010013|130759802|1|20220525|053350|8001096|20220525|061339|8001275|1|1250|0|      |20220525|20220525|0603|2022-06-05 07:04:46
321170|0000000741928549              |20220525|150616|031|676|0|30300093|130010004|130752207|1|20220525|141314|8002658|20220525|153534|8001555|1|1250|0|      |20220525|20220525|0603|2022-06-05 07:04:46
321172|0000000903355303              |20220525|150106|029|676|0|30300041|130010012|130753323|1|20220525|145044|8001400|20220525|153836|8001569|1|1250|0|      |20220525|20220525|0603|2022-06-05 07:04:46
321174|0000000725966804              |20220525|201932|020|676|0|30300093|130010004|130752215|1|20220525|174414|8002658|20220525|204815|8001555|1|1250|0|      |20220525|20220525|0603|2022-06-05 07:04:46
321176|0000000772556465              |20220525|081222|025|676|0|30300041|130010012|130753380|1|20220525|053420|8002703|20220525|084257|8001296|1|1250|0|      |20220525|20220525|0603|2022-06-05 07:04:46
321178|0000000726844206              |20220525|080843|004|676|0|30300088|130010002|130752512|1|20220525|055339|8001794|20220525|085054|8002348|1|1250|0|      |20220525|20220525|0603|2022-06-05 07:04:46
321180|0000000742666183              |20220525|150309|024|676|0|30300041|130010012|130753321|1|20220525|142554|8002703|20220525|154921|8070029|1|1250|0|      |20220525|20220525|0603|2022-06-05 07:04:46
321182|0000000772411441              |20220525|204151|025|676|0|30300071|130010009|130759135|1|20220525|130648|8001587|20220525|205256|8001408|1|1250|0|      |20220525|20220525|0603|2022-06-05 07:04:46
321184|0000000747289862              |20220525|173738|013|676|0|30300071|130010009|130759144|1|20220525|120023|8002468|20220525|175811|8002726|1|1250|0|      |20220525|20220525|0603|2022-06-05 07:04:46
321591|0000000749667894              |20220525|130104|024|676|0|30300068|130010006|130752009|1|20220525|123206|8070005|20220525|130417|8002790|1|1250|0|      |20220525|20220525|0603|2022-06-05 07:04:46
321593|0000000663423606              |20220525|141813|030|676|0|30300086|130010013|130759801|1|20220525|134122|8001479|20220525|144405|8002987|1|1250|0|      |20220525|20220525|0603|2022-06-05 07:04:46
321595|0000000635882554              |20220525|160941|013|676|0|30300131|130010008|130752723|1|20220525|155637|8002452|20220525|163014|8007366|1|1250|0|      |20220525|20220525|0603|2022-06-05 07:04:46
321597|0000000621374184              |20220525|165155|018|676|0|30300130|130010008|130752145|1|20220525|163740|8005951|20220525|170206|8001934|1|1250|0|      |20220525|20220525|0603|2022-06-05 07:04:46
321599|0000000918080711              |20220525|172336|003|676|0|30300069|130010001|130759409|1|20220525|170842|8001058|20220525|173246|8001135|1|1250|0|      |20220525|20220525|0603|2022-06-05 07:04:46
321601|0000000903925062              |20220525|180743|023|676|0|30300073|130010009|130759122|1|20220525|170708|8001324|20220525|181657|8002900|1|1250|0|      |20220525|20220525|0603|2022-06-05 07:04:46
321603|0000000727423486              |20220525|181717|014|676|0|30300086|130010013|130759807|1|20220525|181154|8005898|20220525|183747|8001633|1|1250|0|      |20220525|20220525|0603|2022-06-05 07:04:46
321605|0000000741054578              |20220525|183409|009|676|0|30300068|130010006|130752028|1|20220525|182219|8007554|20220525|185059|8001263|1|1250|0|      |20220525|20220525|0603|2022-06-05 07:04:46
321607|0000000921651814              |20220525|184125|023|676|0|30300069|130010001|130759437|1|20220525|180644|8002636|20220525|190838|8001952|1|1250|0|      |20220525|20220525|0603|2022-06-05 07:04:46
321609|0000000741008502              |20220525|180003|023|676|0|30300036|130010011|130759510|1|20220525|163231|8001365|20220525|190349|8003032|1|1250|0|      |20220525|20220525|0603|2022-06-05 07:04:46
321611|0000000778048290              |20220525|191738|001|676|0|30300086|130010013|130759823|1|20220525|185652|8005552|20220525|193032|8001632|1|1250|0|      |20220525|20220525|0603|2022-06-05 07:04:46
321613|0000000769740513              |20220525|203808|026|676|0|30300037|130010006|130752024|1|20220525|200647|8002658|20220525|212010|8002921|1|1250|0|      |20220525|20220525|0603|2022-06-05 07:04:46
321615|0000000774450525              |20220525|161602|005|676|0|30300037|130010006|130752011|1|20220525|135458|8002340|20220525|161839|8001443|1|1250|0|      |20220525|20220525|0603|2022-06-05 07:04:46
321617|0000000725162101              |20220525|075723|002|676|0|30300037|130010006|130759027|1|20220525|075450|8003003|20220525|082235|8002984|1|1250|0|      |20220525|20220525|0603|2022-06-05 07:04:46
312109|0000000674740233              |20220525|171136|015|674|0|30300002|130010007|130759312|1|20220525|164633|8002133|20220525|181741|8002743|1|1250|0|      |20220525|20220525|0603|2022-06-05 07:04:46
312111|0000000736344895              |20220525|143637|008|676|0|30300051|130010008|130752112|1|20220525|142406|8001420|20220525|151233|8001028|1|1250|0|      |20220525|20220525|0603|2022-06-05 07:04:46
312113|0000000903545657              |20220525|173132|004|676|0|30300051|130010008|130752147|1|20220525|172004|8001157|20220525|181111|8001940|1|1250|0|      |20220525|20220525|0603|2022-06-05 07:04:46
312520|0000000774899848              |20220525|192513|003|675|0|30300058|130010004|130752292|1|20220525|141952|8002608|20220525|193833|8001419|1|1250|0|      |20220525|20220525|0603|2022-06-05 07:04:46
312522|0000000749738136              |20220525|151042|005|675|0|30300055|130010014|130753259|1|20220525|142804|8002345|20220525|153401|8001929|1|1250|0|      |20220525|20220525|0603|2022-06-05 07:04:46
312524|0000000705368521              |20220525|142018|025|680|0|30300052|130010002|130752337|1|20220525|135947|8002330|20220525|142910|8002433|1|1250|0|      |20220525|20220525|0603|2022-06-05 07:04:46
312526|0000000744403095              |20220525|110050|020|675|0|30300062|130010008|130752135|1|20220525|105319|8001330|20220525|110912|8001568|1|1250|0|      |20220525|20220525|0603|2022-06-05 07:04:46
312528|0000000725604430              |20220525|210552|010|674|0|30300100|130010002|130752381|1|20220525|205420|8002330|20220525|211652|8002433|1|1250|0|      |20220525|20220525|0603|2022-06-05 07:04:46
312530|0000000904707410              |20220525|174857|028|675|0|30300077|130010006|130752018|1|20220525|173925|8001400|20220525|180424|8001528|1|1250|0|      |20220525|20220525|0603|2022-06-05 07:04:46
312532|0000000918099194              |20220525|080535|008|674|0|30300002|130010007|130759334|1|20220525|075842|8001178|20220525|081943|8001230|1|1250|0|      |20220525|20220525|0603|2022-06-05 07:04:46
312534|0000000751474643              |20220525|155659|015|675|0|30300075|130010005|130759270|1|20220525|144330|8001421|20220525|160955|8001617|1|1250|0|      |20220525|20220525|0603|2022-06-05 07:04:46
312536|0000000723326229              |20220525|125002|021|675|0|30300055|130010014|130753204|1|20220525|122057|8001612|20220525|130045|8002339|1|1250|0|      |20220525|20220525|0603|2022-06-05 07:04:46
312538|0000000676558656              |20220525|082003|024|674|0|30300100|130010002|130752393|1|20220525|071928|8002330|20220525|083019|8002433|1|1250|0|      |20220525|20220525|0603|2022-06-05 07:04:46
312540|0000000905547636              |20220525|121750|004|675|0|30300061|130010015|130759645|1|20220525|120112|8002631|20220525|123438|8002925|1|1250|0|      |20220525|20220525|0603|2022-06-05 07:04:46
312542|0000000741890014              |20220525|205828|004|680|0|30300052|130010006|130752056|1|20220525|195240|8002330|20220525|210939|8002433|1|1250|0|      |20220525|20220525|0603|2022-06-05 07:04:46
312544|0000000734579603              |20220525|074954|015|674|0|30300100|130010002|130752358|1|20220525|073706|8001081|20220525|081524|8002603|1|1250|0|      |20220525|20220525|0603|2022-06-05 07:04:46
312951|0000000703116669              |20220525|100902|018|679|0|30300063|130010001|130759740|1|20220525|095932|8001096|20220525|101956|8002634|1|1250|0|      |20220525|20220525|0603|2022-06-05 07:04:46
312953|0000000638988145              |20220525|120123|026|679|0|30300063|130010001|130759787|1|20220525|112722|8001096|20220525|121429|8002634|1|1250|0|      |20220525|20220525|0603|2022-06-05 07:04:46
312955|0000000903911930              |20220525|144136|005|679|0|30300063|130010001|130759774|1|20220525|143138|8001096|20220525|145124|8002634|1|1250|0|      |20220525|20220525|0603|2022-06-05 07:04:46
312957|0000000904901021              |20220525|154554|013|679|0|30300063|130010001|130759486|1|20220525|153509|8001096|20220525|155502|8002634|1|1250|0|      |20220525|20220525|0603|2022-06-05 07:04:46
312959|0000000903406410              |20220525|212605|022|679|0|30300063|130010001|130759774|1|20220525|211649|8001096|20220525|213512|8002634|1|1250|0|      |20220525|20220525|0603|2022-06-05 07:04:46
312961|0000000630997187              |20220525|200637|023|675|0|30300053|130010002|130752513|1|20220525|183907|8001587|20220525|203326|8001028|1|1250|0|      |20220525|20220525|0603|2022-06-05 07:04:46
312963|0000000601194795              |20220525|092002|026|675|0|30300094|130010012|130753329|1|20220525|055832|8002870|20220525|093333|8001077|1|1250|0|      |20220525|20220525|0603|2022-06-05 07:04:46
312965|0000000652006682              |20220525|091501|006|674|0|30300002|130010007|130759326|1|20220525|082400|8002139|20220525|091946|8002134|1|1250|0|      |20220525|20220525|0603|2022-06-05 07:04:46
312967|0000000771699610              |20220525|162727|031|675|0|30300055|130010014|130753227|1|20220525|152304|8001032|20220525|163523|8001987|1|1250|0|      |20220525|20220525|0603|2022-06-05 07:04:46
312969|0000000641767684              |20220525|174303|031|674|0|30300002|130010007|130759319|1|20220525|172220|8003020|20220525|174832|8002131|1|1250|0|      |20220525|20220525|0603|2022-06-05 07:04:46
312971|0000000713634294              |20220525|070901|006|675|0|30300096|130010006|130752022|1|20220525|065034|8002535|20220525|072040|8001312|1|1250|0|      |20220525|20220525|0603|2022-06-05 07:04:46
312973|0000000910343780              |20220525|182027|009|675|0|30300045|130010006|130752029|1|20220525|180517|8002913|20220525|183037|8001064|1|1250|0|      |20220525|20220525|0603|2022-06-05 07:04:46
312975|0000000625032962              |20220525|134342|026|675|0|30300055|130010014|130753251|1|20220525|125356|8002340|20220525|135814|8002064|1|1250|0|      |20220525|20220525|0603|2022-06-05 07:04:46
312977|0000000732801856              |20220525|181245|026|674|0|30300002|130010007|130759323|1|20220525|175259|8003020|20220525|181958|8002131|1|1250|0|      |20220525|20220525|0603|2022-06-05 07:04:46
313384|0000000719966890              |20220525|223742|006|676|0|30300041|130010012|130753304|1|20220525|214222|8001097|20220525|224251|8001401|1|1250|0|      |20220525|20220525|0603|2022-06-05 07:04:46
313386|0000000716185014              |20220525|181733|031|676|0|30300037|130010006|130752073|1|20220525|180320|8002340|20220525|183120|8001096|1|1250|0|      |20220525|20220525|0603|2022-06-05 07:04:46
313388|0000000754621346              |20220525|151109|010|676|0|30300037|130010006|130752038|1|20220525|145432|8002340|20220525|152143|8001096|1|1250|0|      |20220525|20220525|0603|2022-06-05 07:04:46
313390|0000000762693954              |20220525|064314|012|676|0|30300054|130010007|130759381|1|20220525|062227|8002831|20220525|065340|8002453|1|1250|0|      |20220525|20220525|0603|2022-06-05 07:04:46
313392|0000000761497452              |20220525|105928|029|676|0|30300054|130010007|130759386|1|20220525|103804|8002831|20220525|111059|8002453|1|1250|0|      |20220525|20220525|0603|2022-06-05 07:04:46
313394|0000000761468548              |20220525|113730|008|676|0|30300054|130010007|130759347|1|20220525|111825|8002831|20220525|114750|8002453|1|1250|0|      |20220525|20220525|0603|2022-06-05 07:04:46
313396|0000000717136107              |20220525|135707|024|676|0|30300054|130010007|130759362|1|20220525|133545|8002831|20220525|140857|8002453|1|1250|0|      |20220525|20220525|0603|2022-06-05 07:04:46
332081|0000000903351885              |20220525|223300|003|675|0|30300064|130010015|130759637|1|20220525|222704|8001980|20220525|223916|8002628|1|1250|0|      |20220525|20220525|0603|2022-06-05 07:04:46
332083|0000000661131393              |20220525|084816|012|674|0|30300104|130010002|130752355|1|20220525|064602|8070010|20220525|085237|8001081|1|1250|0|      |20220525|20220525|0603|2022-06-05 07:04:46
332085|0000000745468533              |20220525|093335|022|675|0|30300058|130010004|130752294|1|20220525|055223|8001982|20220525|094024|8005895|1|1250|0|      |20220525|20220525|0603|2022-06-05 07:04:46
332492|0000000665946092              |20220525|083708|006|674|0|30300104|130010002|130752314|1|20220525|081655|8001024|20220525|090458|8002453|1|1250|0|      |20220525|20220525|0603|2022-06-05 07:04:46
332494|0000000625919931              |20220525|081801|010|674|0|30300104|130010002|130752300|1|20220525|075711|8001024|20220525|084859|8002453|1|1250|0|      |20220525|20220525|0603|2022-06-05 07:04:46
332496|0000000741571950              |20220525|092512|016|674|0|30300104|130010002|130752507|1|20220525|084745|8001024|20220525|094507|8002453|1|1250|0|      |20220525|20220525|0603|2022-06-05 07:04:46
332498|0000000741852179              |20220525|102442|026|674|0|30300104|130010002|130752504|1|20220525|100638|8001024|20220525|104453|8002453|1|1250|0|      |20220525|20220525|0603|2022-06-05 07:04:46
332500|0000000906822725              |20220525|122047|002|674|0|30300104|130010002|130752333|1|20220525|120318|8001024|20220525|124223|8002453|1|1250|0|      |20220525|20220525|0603|2022-06-05 07:04:46
332502|0000000621729962              |20220525|173715|014|674|0|30300104|130010002|130752341|1|20220525|172003|8001024|20220525|175954|8002453|1|1250|0|      |20220525|20220525|0603|2022-06-05 07:04:46
332504|0000000737474084              |20220525|183846|004|674|0|30300104|130010002|130752504|1|20220525|181902|8001024|20220525|185653|8002453|1|1250|0|      |20220525|20220525|0603|2022-06-05 07:04:46
332506|0000000769014546              |20220525|204324|010|674|0|30300104|130010002|130752333|1|20220525|202543|8001024|20220525|210532|8002453|1|1250|0|      |20220525|20220525|0603|2022-06-05 07:04:46
332508|0000000661372086              |20220525|181758|029|675|0|30300078|130010008|130752163|1|20220525|175933|8002603|20220525|185020|8002615|1|1250|0|      |20220525|20220525|0603|2022-06-05 07:04:46
332510|0000000645112918              |20220525|081518|021|675|0|30300078|130010008|130752169|1|20220525|080928|8001635|20220525|082206|8001928|1|1250|0|      |20220525|20220525|0603|2022-06-05 07:04:46
332512|0000000742514192              |20220525|123051|010|675|0|30300078|130010008|130752163|1|20220525|122301|8001635|20220525|123646|8001928|1|1250|0|      |20220525|20220525|0603|2022-06-05 07:04:46
332514|0000000751213111              |20220525|152433|015|675|0|30300078|130010008|130752163|1|20220525|152104|8001635|20220525|153009|8001928|1|1250|0|      |20220525|20220525|0603|2022-06-05 07:04:46
332516|0000000670630605              |20220525|124414|022|675|0|30300047|130010001|130759705|1|20220525|122358|8001773|20220525|124844|8007556|1|1250|0|      |20220525|20220525|0603|2022-06-05 07:04:46
332923|0000000909837748              |20220525|171246|015|676|0|30300087|130010015|130759631|1|20220525|155511|8001240|20220525|171819|8002965|1|1250|0|      |20220525|20220525|0603|2022-06-05 07:04:46
332925|0000000630734371              |20220525|082514|012|676|0|30300087|130010015|130759629|1|20220525|070747|8001240|20220525|083120|8002965|1|1250|0|      |20220525|20220525|0603|2022-06-05 07:04:46
332927|0000000748191791              |20220525|080510|022|675|0|30300053|130010002|130752368|1|20220525|062141|8001240|20220525|081256|8002965|1|1250|0|      |20220525|20220525|0603|2022-06-05 07:04:46
332929|0000000742105868              |20220525|073719|023|675|0|30300055|130010014|130753208|1|20220525|071844|8002686|20220525|074517|8001934|1|1250|0|      |20220525|20220525|0603|2022-06-05 07:04:46
332931|0000000776247739              |20220525|075326|020|675|0|30300055|130010014|130753209|1|20220525|073035|8002686|20220525|080112|8001934|1|1250|0|      |20220525|20220525|0603|2022-06-05 07:04:46
332933|0000000767510052              |20220525|080412|008|675|0|30300055|130010014|130753211|1|20220525|074122|8002686|20220525|081245|8001934|1|1250|0|      |20220525|20220525|0603|2022-06-05 07:04:46
332935|0000000718567238              |20220525|104337|018|675|0|30300055|130010014|130753218|1|20220525|102709|8002686|20220525|105107|8001934|1|1250|0|      |20220525|20220525|0603|2022-06-05 07:04:46
332937|0000000770097804              |20220525|122226|018|675|0|30300055|130010014|130753229|1|20220525|120519|8002686|20220525|123017|8001934|1|1250|0|      |20220525|20220525|0603|2022-06-05 07:04:46
332939|0000000735916347              |20220525|150753|003|675|0|30300055|130010014|130753263|1|20220525|145049|8002686|20220525|151710|8001934|1|1250|0|      |20220525|20220525|0603|2022-06-05 07:04:46
332941|0000000740967805              |20220525|154807|007|675|0|30300055|130010014|130753213|1|20220525|152908|8002686|20220525|155611|8001934|1|1250|0|      |20220525|20220525|0603|2022-06-05 07:04:46
332943|0000000679406511              |20220525|162743|018|675|0|30300055|130010014|130753259|1|20220525|160833|8002686|20220525|163802|8001934|1|1250|0|      |20220525|20220525|0603|2022-06-05 07:04:46
332945|0000000765406736              |20220525|181758|007|675|0|30300055|130010014|130753218|1|20220525|175636|8002686|20220525|182859|8001934|1|1250|0|      |20220525|20220525|0603|2022-06-05 07:04:46
332947|0000000743677128              |20220525|082434|022|676|0|30300072|130010001|130759423|1|20220525|064302|8001952|20220525|083759|8002814|1|1250|0|      |20220525|20220525|0603|2022-06-05 07:04:46
332949|0000000903150445              |20220525|091055|013|675|0|30300064|130010015|130759623|1|20220525|084921|8002832|20220525|092537|8001412|1|1250|0|      |20220525|20220525|0603|2022-06-05 07:04:46
334670|0000000708581201              |20220525|101048|002|675|0|30300091|130010013|130759817|1|20220525|082434|8001418|20220525|102235|8002904|1|1250|0|      |20220525|20220525|0603|2022-06-05 07:04:46
334672|0000000745918731              |20220525|120809|015|675|0|30300058|130010004|130752294|1|20220525|055223|8001418|20220525|121820|8002904|1|1250|0|      |20220525|20220525|0603|2022-06-05 07:04:46
334674|0000000910555117              |20220525|144207|012|675|0|30300091|130010013|130759812|1|20220525|125319|8001418|20220525|145249|8002904|1|1250|0|      |20220525|20220525|0603|2022-06-05 07:04:46
334676|0000000708488089              |20220525|194855|003|675|0|30300058|130010004|130752202|1|20220525|190320|8001418|20220525|195905|8002904|1|1250|0|      |20220525|20220525|0603|2022-06-05 07:04:46
334678|0000000759214536              |20220525|064616|010|675|0|30300055|130010014|130753512|1|20220525|063132|8001667|20220525|065105|8001927|1|1250|0|      |20220525|20220525|0603|2022-06-05 07:04:46
334680|0000000627446610              |20220525|070638|017|675|0|30300055|130010014|130753205|1|20220525|064838|8001667|20220525|071304|8001927|1|1250|0|      |20220525|20220525|0603|2022-06-05 07:04:46
334682|0000000910611280              |20220525|073010|029|675|0|30300055|130010014|130753221|1|20220525|054448|8001667|20220525|073753|8001927|1|1250|0|      |20220525|20220525|0603|2022-06-05 07:04:46
350124|0000000741506373              |20220525|200120|014|676|0|30300089|130010011|130759527|1|20220525|125810|8001418|20220525|201306|8002756|1|1250|0|      |20220525|20220525|0603|2022-06-05 07:04:46
350126|0000000903178127              |20220525|141346|002|676|0|30300041|130010012|130753304|1|20220525|141138|8005991|20220525|143124|8007325|1|1250|0|      |20220525|20220525|0603|2022-06-05 07:04:46
350128|0000000778054812              |20220525|081512|021|676|0|30300037|130010006|130759012|1|20220525|072212|8002310|20220525|082545|8002485|1|1250|0|      |20220525|20220525|0603|2022-06-05 07:04:46
350130|0000000776971277              |20220525|180944|024|676|0|30300038|130010014|130753214|1|20220525|172117|8001931|20220525|182441|8002793|1|1250|0|      |20220525|20220525|0603|2022-06-05 07:04:46
350132|0000000745626050              |20220525|175113|007|676|0|30300040|130010013|130759871|1|20220525|164759|8002904|20220525|181403|8001611|1|1250|0|      |20220525|20220525|0603|2022-06-05 07:04:46
350571|0000000722765886              |20220525|203633|030|675|1|30300055|130010014|130753252|1|20220525|180227|8002627|~       |      |~      |1|0|0|      |20220525|~       |0603|2022-06-05 07:04:46
350573|0000000918316756              |20220525|221932|002|675|0|30300055|130010014|130753204|1|20220525|214930|8002627|~       |      |~      |1|1250|0|      |20220525|~       |0603|2022-06-05 07:04:46
350575|0000000908244413              |20220525|223149|006|675|0|30300055|130010014|130753212|1|20220525|155610|8002627|~       |      |~      |1|1250|0|      |20220525|~       |0603|2022-06-05 07:04:46
350577|0000000918101106              |20220525|223157|018|675|0|30300055|130010014|130753212|1|20220525|155610|8002627|~       |      |~      |1|1250|0|      |20220525|~       |0603|2022-06-05 07:04:46
350579|0000000757701321              |20220525|221940|007|675|0|30300055|130010014|130753204|1|20220525|214930|8002627|~       |      |~      |1|1250|0|      |20220525|~       |0603|2022-06-05 07:04:46
350581|0000000903838564              |20220525|221949|009|675|0|30300055|130010014|130753204|1|20220525|214930|8002627|~       |      |~      |1|1250|0|      |20220525|~       |0603|2022-06-05 07:04:46
350583|0000000908035537              |20220525|083713|021|676|1|30300038|130010014|130753255|4|20220525|072548|8002627|~       |      |~      |1|0|0|      |20220525|~       |0603|2022-06-05 07:04:46
350585|0000000743240304              |20220525|105812|021|676|0|30300038|130010014|130753201|1|20220525|094805|8002627|~       |      |~      |1|1250|0|      |20220525|~       |0603|2022-06-05 07:04:46
350587|0000000745877935              |20220525|151949|019|676|0|30300038|130010014|130753200|1|20220525|141533|8002627|~       |      |~      |1|1250|0|      |20220525|~       |0603|2022-06-05 07:04:46
350589|0000000725604844              |20220525|175118|009|676|0|30300038|130010014|130753500|1|20220525|163649|8002627|~       |      |~      |1|1250|0|      |20220525|~       |0603|2022-06-05 07:04:46
350591|0000000760035943              |20220525|175136|014|675|0|30300079|130010009|130759123|1|20220525|170555|8002627|~       |      |~      |1|1250|0|      |20220525|~       |0603|2022-06-05 07:04:46
350593|0000000750226553              |20220525|181545|002|675|0|30300079|130010009|130759138|1|20220525|122907|8002627|~       |      |~      |1|1250|0|      |20220525|~       |0603|2022-06-05 07:04:46
350595|0000000741840462              |20220525|181551|030|675|0|30300079|130010009|130759138|1|20220525|122907|8002627|~       |      |~      |1|1250|0|      |20220525|~       |0603|2022-06-05 07:04:46
350597|0000000910676547              |20220525|184211|002|676|1|30300038|130010014|130753503|1|20220525|145809|8002627|~       |      |~      |1|0|0|      |20220525|~       |0603|2022-06-05 07:04:46
350599|0000000756679434              |20220525|185247|001|676|0|30300038|130010014|130753505|1|20220525|174055|8002627|~       |      |~      |1|1250|0|      |20220525|~       |0603|2022-06-05 07:04:46
350662|0000000747057089              |20220525|180527|007|674|0|30300104|130010002|130752343|1|20220525|175605|8001081|~       |      |~      |1|1250|0|      |20220525|~       |0603|2022-06-05 07:04:46
350664|0000000764007674              |20220525|190433|015|674|1|30300104|130010002|130752314|1|20220525|185224|8001081|~       |      |~      |1|0|0|      |20220525|~       |0603|2022-06-05 07:04:46
350666|0000000757396219              |20220525|193201|013|675|0|30300053|130010002|130752373|1|20220525|190623|8001081|~       |      |~      |1|1250|0|      |20220525|~       |0603|2022-06-05 07:04:46
350668|0000000703402382              |20220525|224559|016|674|0|30300104|130010002|130752333|1|20220525|223643|8001081|~       |      |~      |1|1250|0|      |20220525|~       |0603|2022-06-05 07:04:46
350670|0000000679609782              |20220525|071953|029|674|0|30300104|130010002|130752507|1|20220525|062359|8001081|~       |      |~      |1|1250|0|      |20220525|~       |0603|2022-06-05 07:04:46
350672|0000000722388191              |20220525|064913|005|674|1|30300104|130010002|130752346|1|20220525|063953|8001081|~       |      |~      |1|0|0|      |20220525|~       |0603|2022-06-05 07:04:46
350674|0000000765425846              |20220525|084053|030|675|0|30300053|130010002|130752394|1|20220525|052105|8001081|~       |      |~      |1|1250|0|      |20220525|~       |0603|2022-06-05 07:04:46
350676|0000000741191641              |20220525|091357|005|675|1|30300053|130010002|130752384|1|20220525|084321|8001081|~       |      |~      |1|0|0|      |20220525|~       |0603|2022-06-05 07:04:46
350678|0000000666895051              |20220525|111819|022|675|0|30300053|130010002|130752387|1|20220525|105431|8001081|~       |      |~      |1|1250|0|      |20220525|~       |0603|2022-06-05 07:04:46
350680|0000000918369679              |20220525|112321|003|674|1|30300104|130010002|130752341|1|20220525|111104|8001081|~       |      |~      |1|0|0|      |20220525|~       |0603|2022-06-05 07:04:46
350682|0000000736405951              |20220525|133152|010|674|0|30300104|130010002|130752507|1|20220525|132321|8001081|~       |      |~      |1|1250|0|      |20220525|~       |0603|2022-06-05 07:04:46
350684|0000000774585453              |20220525|152330|023|675|1|30300053|130010002|130752376|1|20220525|150140|8001081|~       |      |~      |1|0|0|      |20220525|~       |0603|2022-06-05 07:04:46
350686|0000000918339575              |20220525|160352|010|674|1|30300104|130010002|130752343|1|20220525|155528|8001081|~       |      |~      |1|0|0|      |20220525|~       |0603|2022-06-05 07:04:46
350688|0000000722336635              |20220525|223551|001|674|0|30300104|130010002|130752343|1|20220525|222801|8001081|~       |      |~      |1|1250|0|      |20220525|~       |0603|2022-06-05 07:04:46
350690|0000000918086531              |20220525|074214|027|676|0|30300051|130010008|130752153|1|20220525|071833|8001081|~       |      |~      |1|1250|0|      |20220525|~       |0603|2022-06-05 07:04:46
350753|0000000722870854              |20220525|220735|018|676|0|30300070|130010004|130752265|1|20220525|201309|8002454|~       |      |~      |1|1250|0|      |20220525|~       |0603|2022-06-05 07:04:46
350755|0000000658520268              |20220525|090112|009|676|1|30300051|130010008|130752121|1|20220525|083315|8002454|~       |      |~      |1|0|0|      |20220525|~       |0603|2022-06-05 07:04:46
347867|0000000903805152              |20220525|093158|007|676|0|30300131|130010008|130752724|1|20220525|092647|8007363|20220525|101202|8002453|1|1250|0|      |20220525|20220525|0603|2022-06-05 07:04:47
347869|0000000741048058              |20220525|152414|007|676|0|30300131|130010008|130752706|1|20220525|151754|8007363|20220525|160356|8002453|1|1250|0|      |20220525|20220525|0603|2022-06-05 07:04:47
347871|0000000457966121              |20220525|174907|003|676|0|30300131|130010008|130752706|1|20220525|174052|8007363|20220525|182452|8002453|1|1250|0|      |20220525|20220525|0603|2022-06-05 07:04:47
347873|0000000740352791              |20220525|070730|019|676|0|30300131|130010008|130752708|1|20220525|064748|8001289|20220525|074407|8002814|1|1250|0|      |20220525|20220525|0603|2022-06-05 07:04:47
347875|0000000663688692              |20220525|101608|011|676|0|30300131|130010008|130752701|1|20220525|095918|8001289|20220525|104655|8002814|1|1250|0|      |20220525|20220525|0603|2022-06-05 07:04:47
347877|0000000778828003              |20220525|151835|013|676|0|30300131|130010008|130752723|1|20220525|133343|8001289|20220525|154551|8002814|1|1250|0|      |20220525|20220525|0603|2022-06-05 07:04:47
347879|0000000714172313              |20220525|215610|028|676|0|30300038|130010014|130753506|1|20220525|213758|8001772|20220525|220915|8002917|1|1250|0|      |20220525|20220525|0603|2022-06-05 07:04:47
347881|0000000778332558              |20220525|145647|011|676|0|30300040|130010013|130759813|1|20220525|144424|8001193|20220525|152111|8001075|1|1250|0|      |20220525|20220525|0603|2022-06-05 07:04:47
347883|0000000918009565              |20220525|112214|024|676|0|30300040|130010013|130759822|1|20220525|111636|8001193|20220525|114516|8001075|1|1250|0|      |20220525|20220525|0603|2022-06-05 07:04:47
347885|0000000627268128              |20220525|092053|028|676|0|30300051|130010008|130752107|1|20220525|085915|8001369|20220525|094814|8001940|1|1250|0|      |20220525|20220525|0603|2022-06-05 07:04:47
347887|0000000634041562              |20220525|115625|003|676|0|30300038|130010014|130753262|1|20220525|113850|8001703|20220525|120722|8001054|1|1250|0|      |20220525|20220525|0603|2022-06-05 07:04:47
347889|0000000726177586              |20220525|200831|024|676|0|30300038|130010014|130753220|1|20220525|195252|8001703|20220525|202252|8001054|1|1250|0|      |20220525|20220525|0603|2022-06-05 07:04:47
347891|0000000768799036              |20220525|191557|009|676|0|30300089|130010011|130759527|1|20220525|125810|8002088|20220525|192932|8001990|1|1250|0|      |20220525|20220525|0603|2022-06-05 07:04:47
348109|0000000903977644              |20220525|143354|012|676|0|30300089|130010011|130759531|1|20220525|133447|8002531|20220525|150043|8001378|1|1250|0|      |20220525|20220525|0603|2022-06-05 07:04:47
348111|0000000904408715              |20220525|071729|030|676|0|30300131|130010008|130752724|1|20220525|065926|8007283|20220525|075048|8002814|1|1250|0|      |20220525|20220525|0603|2022-06-05 07:04:47
348113|0000000903466127              |20220525|091951|016|676|0|30300131|130010008|130752708|1|20220525|090629|8007283|20220525|100101|8002814|1|1250|0|      |20220525|20220525|0603|2022-06-05 07:04:47
348115|0000000767014323              |20220525|085247|025|676|0|30300087|130010008|130752159|1|20220525|064500|8001277|20220525|085908|8002279|1|1250|0|      |20220525|20220525|0603|2022-06-05 07:04:47
348117|0000000770084422              |20220525|133453|008|676|0|30300087|130010015|130759629|1|20220525|131245|8001277|20220525|134938|8002279|1|1250|0|      |20220525|20220525|0603|2022-06-05 07:04:47
348119|0000000725158997              |20220525|133642|003|676|0|30300073|130010009|130759185|1|20220525|130950|8002555|20220525|134428|8001005|1|1250|0|      |20220525|20220525|0603|2022-06-05 07:04:47
348121|0000000748400650              |20220525|153909|026|676|0|30300090|130010005|130759219|1|20220525|150316|8002954|20220525|155953|8005921|1|1250|0|      |20220525|20220525|0603|2022-06-05 07:04:47
348123|0000000742239891              |20220525|113754|011|676|0|30300040|130010007|130759364|1|20220525|112337|8002893|20220525|114144|8001036|1|1250|0|      |20220525|20220525|0603|2022-06-05 07:04:47
348125|0000000776247406              |20220525|071826|013|676|0|30300068|130010006|130759026|1|20220525|054801|8005920|20220525|074046|8002994|1|1250|0|      |20220525|20220525|0603|2022-06-05 07:04:47
348127|0000000725031832              |20220525|130249|013|676|0|30300088|130010002|130752372|1|20220525|123353|8001169|20220525|131832|8001299|1|1250|0|      |20220525|20220525|0603|2022-06-05 07:04:47
348129|0000000744426968              |20220525|154823|027|676|0|30300068|130010006|130752009|1|20220525|152344|8005920|20220525|161351|8002994|1|1250|0|      |20220525|20220525|0603|2022-06-05 07:04:47
348131|0000000741703182              |20220525|162650|021|676|0|30300093|130010004|130752272|1|20220525|155219|8001656|20220525|163509|8002460|1|1250|0|      |20220525|20220525|0603|2022-06-05 07:04:47
348133|0000000918415295              |20220525|122319|009|676|0|30300037|130010006|130752014|1|20220525|120458|8001443|20220525|122412|8001036|1|1250|0|      |20220525|20220525|0603|2022-06-05 07:04:47
348378|0000000636148901              |20220525|075649|014|675|0|30300095|130010011|130759525|1|20220525|054304|8001490|20220525|084253|8001497|1|1250|0|      |20220525|20220525|0603|2022-06-05 07:04:47
348380|0000000446319722              |20220525|084008|019|675|0|30300066|130010015|130759620|1|20220525|083241|8001835|20220525|093023|8001828|1|1250|0|      |20220525|20220525|0603|2022-06-05 07:04:47
348382|0000000644915599              |20220525|115230|003|676|0|30300040|130010013|130759872|1|20220525|105744|8002904|20220525|120700|8001034|1|1250|0|      |20220525|20220525|0603|2022-06-05 07:04:47
348384|0000000754046350              |20220525|130239|018|675|0|30300081|130010011|130759582|1|20220525|102331|8001583|20220525|132743|8001801|1|1250|0|      |20220525|20220525|0603|2022-06-05 07:04:47
348386|0000000742326436              |20220525|141341|016|675|0|30300064|130010015|130759676|1|20220525|134644|8001043|20220525|142936|8001834|1|1250|0|      |20220525|20220525|0603|2022-06-05 07:04:47
348388|0000000732148378              |20220525|174600|029|676|0|30300089|130010011|130759504|1|20220525|144555|8001001|20220525|180827|8007030|1|1250|0|      |20220525|20220525|0603|2022-06-05 07:04:47
348390|0000000645727243              |20220525|184003|012|676|0|30300039|130010005|130759224|1|20220525|154845|8003003|20220525|192434|8001570|1|1250|0|      |20220525|20220525|0603|2022-06-05 07:04:47
348392|0000000909182617              |20220525|215753|013|676|0|30300041|130010012|130753304|1|20220525|214222|8070027|20220525|222756|8002650|1|1250|0|      |20220525|20220525|0603|2022-06-05 07:04:47
348394|0000000658008716              |20220525|170909|001|675|0|30300057|130010001|130759470|1|20220525|170436|8002328|20220525|174039|8002887|1|1250|0|      |20220525|20220525|0603|2022-06-05 07:04:47
348396|0000000779566472              |20220525|183458|011|675|0|30300084|130010001|130759752|1|20220525|180625|8001248|20220525|190452|8001401|1|1250|0|      |20220525|20220525|0603|2022-06-05 07:04:47
348398|0000000607693183              |20220525|063144|013|675|0|30300083|130010001|130759478|1|20220525|062123|8001381|20220525|064007|8002150|1|1250|0|      |20220525|20220525|0603|2022-06-05 07:04:47
345615|0000000678391925              |20220525|134004|027|676|0|30300041|130010012|130753326|1|20220525|110140|8005993|20220525|135006|8070030|1|1250|0|      |20220525|20220525|0603|2022-06-05 07:04:47
345617|0000000725695691              |20220525|081113|020|676|0|30300088|130010006|130752016|1|20220525|070448|8002963|20220525|083005|8002410|1|1250|0|      |20220525|20220525|0603|2022-06-05 07:04:47
345619|0000000903790200              |20220525|103301|030|676|0|30300037|130010006|130752038|1|20220525|085151|8002488|20220525|103750|8003054|1|1250|0|      |20220525|20220525|0603|2022-06-05 07:04:47
345621|0000000663833692              |20220525|134110|004|676|0|30300041|130010012|130753326|1|20220525|110140|8005993|20220525|134958|8070030|1|1250|0|      |20220525|20220525|0603|2022-06-05 07:04:47
345623|0000000903290971              |20220525|132819|015|676|0|30300087|130010015|130759629|1|20220525|131245|8002118|20220525|135314|8001074|1|1250|0|      |20220525|20220525|0603|2022-06-05 07:04:47
346030|0000000745784485              |20220525|170226|027|676|0|30300037|130010006|130752035|1|20220525|163134|8002984|20220525|171627|8001005|1|1250|0|      |20220525|20220525|0603|2022-06-05 07:04:47
346032|0000000903891902              |20220525|193000|011|676|0|30300037|130010006|130759016|1|20220525|141141|8002984|20220525|194234|8001005|1|1250|0|      |20220525|20220525|0603|2022-06-05 07:04:47
346034|0000000918468295              |20220525|223322|005|676|0|30300037|130010006|130759016|1|20220525|141141|8002984|20220525|224611|8001005|1|1250|0|      |20220525|20220525|0603|2022-06-05 07:04:47
346036|0000000744280628              |20220525|215424|008|676|0|30300041|130010012|130753370|1|20220525|211302|8001077|20220525|215855|8001651|1|1250|0|      |20220525|20220525|0603|2022-06-05 07:04:47
346038|0000000709224832              |20220525|221840|003|676|0|30300041|130010012|130753377|1|20220525|141052|8001077|20220525|222247|8001651|1|1250|0|      |20220525|20220525|0603|2022-06-05 07:04:47
346040|0000000630284557              |20220525|105948|004|676|0|30300040|130010007|130759366|1|20220525|101641|8002763|20220525|110418|8002954|1|1250|0|      |20220525|20220525|0603|2022-06-05 07:04:47
346042|0000000903246460              |20220525|181735|006|676|0|30300043|130010015|130759689|1|20220525|165248|8001990|20220525|183149|8001247|1|1250|0|      |20220525|20220525|0603|2022-06-05 07:04:47
346044|0000000741383054              |20220525|074418|026|676|0|30300041|130010012|130753377|1|20220525|061711|8002850|20220525|075722|8005993|1|1250|0|      |20220525|20220525|0603|2022-06-05 07:04:47
346046|0000000900974730              |20220525|153905|006|676|0|30300089|130010011|130759573|1|20220525|143039|8001555|20220525|154915|8002667|1|1250|0|      |20220525|20220525|0603|2022-06-05 07:04:47
346048|0000000772417042              |20220525|093939|025|676|0|30300043|130010015|130759616|1|20220525|090335|8001252|20220525|095348|8002888|1|1250|0|      |20220525|20220525|0603|2022-06-05 07:04:47
346050|0000000741653175              |20220525|195639|014|676|0|30300088|130010002|130752361|1|20220525|194917|8002848|20220525|195925|8001631|1|1250|0|      |20220525|20220525|0603|2022-06-05 07:04:47
346052|0000000918229452              |20220525|121001|026|676|0|30300072|130010001|130759435|1|20220525|115808|8002341|20220525|121400|8002345|1|1250|0|      |20220525|20220525|0603|2022-06-05 07:04:47
346054|0000000707470159              |20220525|085722|013|676|0|30300041|130010012|130753324|1|20220525|064336|8002703|20220525|090801|8001077|1|1250|0|      |20220525|20220525|0603|2022-06-05 07:04:47
346461|0000000618972554              |20220525|172355|012|676|0|30300041|130010012|130753310|1|20220525|170016|8002984|20220525|172551|8007325|1|1250|0|      |20220525|20220525|0603|2022-06-05 07:04:47
346463|0000000725351098              |20220525|153306|019|676|0|30300043|130010015|130759640|1|20220525|152024|8002984|20220525|153503|8007325|1|1250|0|      |20220525|20220525|0603|2022-06-05 07:04:47
346465|0000000767615216              |20220525|183614|016|676|0|30300090|130010005|130759206|1|20220525|164622|8002984|20220525|183735|8007325|1|1250|0|      |20220525|20220525|0603|2022-06-05 07:04:47
346467|0000000742096289              |20220525|163631|012|676|0|30300037|130010006|130752031|1|20220525|141243|8002721|20220525|163836|8002411|1|1250|0|      |20220525|20220525|0603|2022-06-05 07:04:47
346469|0000000904008648              |20220525|120552|031|676|0|30300041|130010012|130753380|1|20220525|093252|8001077|20220525|121931|8005921|1|1250|0|      |20220525|20220525|0603|2022-06-05 07:04:47
346471|0000000657344513              |20220525|135222|001|676|0|30300041|130010012|130753316|1|20220525|125055|8001077|20220525|140319|8005921|1|1250|0|      |20220525|20220525|0603|2022-06-05 07:04:47
346473|0000000763466465              |20220525|175031|031|676|0|30300041|130010012|130753318|1|20220525|152417|8001077|20220525|180234|8005921|1|1250|0|      |20220525|20220525|0603|2022-06-05 07:04:47
346475|0000000622042347              |20220525|175042|020|676|0|30300041|130010012|130753318|1|20220525|152417|8001077|20220525|180124|8005921|1|1250|0|      |20220525|20220525|0603|2022-06-05 07:04:47
346477|0000000746091700              |20220525|180735|012|676|0|30300041|130010012|130753370|1|20220525|171704|8001077|20220525|182343|8005921|1|1250|0|      |20220525|20220525|0603|2022-06-05 07:04:47
346479|0000000776175666              |20220525|193902|010|676|0|30300041|130010012|130753380|1|20220525|185055|8001077|20220525|195608|8005921|1|1250|0|      |20220525|20220525|0603|2022-06-05 07:04:47
346481|0000000903980303              |20220525|220509|008|676|0|30300041|130010012|130753320|1|20220525|194914|8001077|20220525|222006|8005921|1|1250|0|      |20220525|20220525|0603|2022-06-05 07:04:47
346483|0000000660727439              |20220525|142305|011|676|0|30300090|130010005|130759266|1|20220525|051250|8002953|20220525|143807|8002235|1|1250|0|      |20220525|20220525|0603|2022-06-05 07:04:47
346485|0000000727073477              |20220525|213543|005|676|0|30300090|130010005|130759201|1|20220525|204645|8002953|20220525|214427|8002235|1|1250|0|      |20220525|20220525|0603|2022-06-05 07:04:47
346487|0000000728116658              |20220525|071049|017|676|0|30300043|130010015|130759607|1|20220525|062900|8002649|20220525|072007|8001575|1|1250|0|      |20220525|20220525|0603|2022-06-05 07:04:47
347083|0000000725367966              |20220525|191913|016|674|1|30300104|130010002|130752300|1|20220525|182932|8002558|20220525|192228|8001078|1|0|0|      |20220525|20220525|0603|2022-06-05 07:04:47
347085|0000000725645647              |20220525|081408|016|675|1|30300053|130010002|130752319|1|20220525|071502|8002453|20220525|081437|8002453|1|0|0|      |20220525|20220525|0603|2022-06-05 07:04:47
347087|0000000771483476              |20220525|083439|001|675|1|30300057|130010001|130759758|1|20220525|080623|8001429|20220525|083619|8001429|1|0|0|      |20220525|20220525|0603|2022-06-05 07:04:47
347089|0000000908321204              |20220525|132356|025|676|1|30300087|130010015|130759611|1|20220525|131418|8002840|20220525|132414|8002840|1|0|0|      |20220525|20220525|0603|2022-06-05 07:04:47
347091|0000000903196907              |20220525|164300|005|676|1|30300090|130010005|130759219|1|20220525|150316|8002720|20220525|164324|8002720|1|0|0|      |20220525|20220525|0603|2022-06-05 07:04:47
341997|0000000771294355              |20220525|221414|023|675|0|30300048|130010006|130752069|1|20220525|213523|8001273|20220525|221945|8002849|1|1250|0|      |20220525|20220525|0603|2022-06-05 07:04:47
341999|0000000724924314              |20220525|150057|030|679|0|30300063|130010001|130759482|1|20220525|135401|8001872|20220525|150650|8001097|1|1250|0|      |20220525|20220525|0603|2022-06-05 07:04:47
342001|0000000772432487              |20220525|164431|016|679|0|30300063|130010001|130759474|1|20220525|154417|8001872|20220525|165201|8001097|1|1250|0|      |20220525|20220525|0603|2022-06-05 07:04:47
342003|0000000718944148              |20220525|162127|025|674|0|30300100|130010002|130752509|1|20220525|151422|8007042|20220525|164548|8001028|1|1250|0|      |20220525|20220525|0603|2022-06-05 07:04:47
342005|0000000677575403              |20220525|101214|022|676|0|30300089|130010011|130759577|1|20220525|082648|8001990|20220525|101702|8001876|1|1250|0|      |20220525|20220525|0603|2022-06-05 07:04:47
342007|0000000918327737              |20220525|130928|009|676|0|30300087|130010015|130759679|1|20220525|120507|8001735|20220525|131749|8002119|1|1250|0|      |20220525|20220525|0603|2022-06-05 07:04:47
342009|0000000719872700              |20220525|191928|022|675|0|30300053|130010002|130752328|1|20220525|184912|8001735|20220525|193022|8002119|1|1250|0|      |20220525|20220525|0603|2022-06-05 07:04:47
342011|0000000725695008              |20220525|204710|018|676|0|30300087|130010008|130752141|1|20220525|193614|8001735|20220525|205537|8002119|1|1250|0|      |20220525|20220525|0603|2022-06-05 07:04:47
343018|0000000644896430              |20220525|150559|026|676|1|30300041|130010012|130753320|1|20220525|135640|8002721|20220525|151155|8005993|1|0|0|      |20220525|20220525|0603|2022-06-05 07:04:47
343020|0000000770624855              |20220525|162718|025|676|2|30300041|130010012|130753312|1|20220525|134846|8002721|20220525|163249|8005993|1|0|0|      |20220525|20220525|0603|2022-06-05 07:04:47
343022|0000000753881996              |20220525|161815|012|676|1|30300090|130010005|130759218|1|20220525|152104|8002721|20220525|162508|8005993|1|0|0|      |20220525|20220525|0603|2022-06-05 07:04:47
343024|0000000761151657              |20220525|170614|025|676|1|30300041|130010012|130753306|1|20220525|155715|8002721|20220525|171332|8005993|1|0|0|      |20220525|20220525|0603|2022-06-05 07:04:47
343026|0000000666844752              |20220525|171311|011|675|1|30300047|130010001|130759433|1|20220525|155003|8002721|20220525|171848|8005993|1|0|0|      |20220525|20220525|0603|2022-06-05 07:04:47
343028|0000000760494803              |20220525|185053|008|676|1|30300090|130010005|130759260|1|20220525|140937|8002721|20220525|185815|8005993|1|0|0|      |20220525|20220525|0603|2022-06-05 07:04:47
343030|0000000761767552              |20220525|193559|009|676|1|30300041|130010012|130753323|1|20220525|182350|8002721|20220525|194234|8005993|1|0|0|      |20220525|20220525|0603|2022-06-05 07:04:47
343032|0000000726807801              |20220525|194622|006|675|1|30300047|130010001|130759438|1|20220525|193855|8002721|20220525|195148|8005993|1|0|0|      |20220525|20220525|0603|2022-06-05 07:04:47
343034|0000000442262612              |20220525|205654|019|676|1|30300090|130010005|130759206|1|20220525|195924|8002721|20220525|210329|8005993|1|0|0|      |20220525|20220525|0603|2022-06-05 07:04:47
343036|0000000777732190              |20220525|112725|024|676|1|30300037|130010006|130752046|1|20220525|111206|8002635|20220525|113204|8002155|1|0|0|      |20220525|20220525|0603|2022-06-05 07:04:47
343038|0000000764294995              |20220525|174600|008|676|1|30300037|130010006|130759021|1|20220525|121810|8002635|20220525|175014|8002155|1|0|0|      |20220525|20220525|0603|2022-06-05 07:04:47
343040|0000000757761487              |20220525|085858|029|676|1|30300040|130010013|130759873|1|20220525|071144|8001096|20220525|085956|8002157|1|0|0|      |20220525|20220525|0603|2022-06-05 07:04:47
343042|0000000701918897              |20220525|090837|027|676|1|30300040|130010013|130759802|1|20220525|072115|8001096|20220525|090946|8002157|1|0|0|      |20220525|20220525|0603|2022-06-05 07:04:47
343044|0000000908581020              |20220525|152833|018|676|1|30300041|130010012|130753306|1|20220525|142456|8002994|20220525|153113|8001097|1|0|0|      |20220525|20220525|0603|2022-06-05 07:04:47
343424|0000000767293852              |20220525|214631|027|676|0|30300087|130010008|130752141|4|20220525|212735|8001736|20220525|214953|8002279|1|750|0|      |20220525|20220525|0603|2022-06-05 07:04:47
343426|0000000737114840              |20220525|064745|008|676|1|30300037|130010006|130752040|1|20220525|061751|8002559|20220525|070652|8001097|1|0|0|      |20220525|20220525|0603|2022-06-05 07:04:47
343428|0000000905324649              |20220525|074553|015|676|1|30300037|130010006|130759011|1|20220525|064103|8002559|20220525|081041|8001097|1|0|0|      |20220525|20220525|0603|2022-06-05 07:04:47
343430|0000000762802180              |20220525|092758|019|676|1|30300037|130010006|130759024|1|20220525|085059|8002559|20220525|095212|8001097|1|0|0|      |20220525|20220525|0603|2022-06-05 07:04:47
343432|0000000910493056              |20220525|121611|014|676|1|30300037|130010006|130759023|4|20220525|114401|8002559|20220525|124019|8001097|1|0|0|      |20220525|20220525|0603|2022-06-05 07:04:47
343434|0000000715905911              |20220525|124813|030|676|1|30300037|130010006|130759021|1|20220525|121810|8002559|20220525|130855|8001097|1|0|0|      |20220525|20220525|0603|2022-06-05 07:04:47
343436|0000000771360723              |20220525|151209|019|676|1|30300037|130010006|130752044|1|20220525|143637|8002559|20220525|153401|8001097|1|0|0|      |20220525|20220525|0603|2022-06-05 07:04:47
343438|0000000912510522              |20220525|161621|002|676|1|30300037|130010006|130759027|1|20220525|154229|8002559|20220525|163948|8001097|1|0|0|      |20220525|20220525|0603|2022-06-05 07:04:47
343440|0000000743054348              |20220525|164015|014|676|1|30300037|130010006|130759021|1|20220525|121810|8002559|20220525|170407|8001097|1|0|0|      |20220525|20220525|0603|2022-06-05 07:04:47
343442|0000000722190873              |20220525|184155|013|676|1|30300037|130010006|130752011|1|20220525|135458|8002559|20220525|190938|8001097|1|0|0|      |20220525|20220525|0603|2022-06-05 07:04:47
343444|0000000742674568              |20220525|123738|019|675|1|30300053|130010002|130752394|1|20220525|052105|8002757|20220525|124229|8001587|1|0|0|      |20220525|20220525|0603|2022-06-05 07:04:47
343446|0000000746440150              |20220525|183558|029|676|1|30300087|130010015|130759611|1|20220525|171722|8002757|20220525|183956|8001587|1|0|0|      |20220525|20220525|0603|2022-06-05 07:04:47
343448|0000000751396190              |20220525|185531|014|676|1|30300087|130010015|130759622|1|20220525|174250|8002757|20220525|185945|8001587|1|0|0|      |20220525|20220525|0603|2022-06-05 07:04:47
343855|0000000742457225              |20220525|214142|017|676|1|30300037|130010006|130752072|1|20220525|213121|8001349|20220525|214513|8002343|1|0|0|      |20220525|20220525|0603|2022-06-05 07:04:47
343857|0000000630611366              |20220525|215249|005|675|1|30300055|130010014|130753269|1|20220525|204859|8001349|20220525|215742|8002343|1|0|0|      |20220525|20220525|0603|2022-06-05 07:04:47
339104|0000000770170366              |20220525|173433|019|676|1|30300038|130010014|130753501|1|20220525|165222|8002917|20220525|173708|8003044|1|0|0|      |20220525|20220525|0603|2022-06-05 07:04:47
339106|0000000709952312              |20220525|164235|014|675|1|30300055|130010014|130753267|1|20220525|154102|8002001|20220525|165115|8001929|1|0|0|      |20220525|20220525|0603|2022-06-05 07:04:47
339108|0000000763112405              |20220525|183700|002|675|1|30300055|130010014|130753227|1|20220525|172758|8002001|20220525|184224|8001929|1|0|0|      |20220525|20220525|0603|2022-06-05 07:04:47
339110|0000000659276918              |20220525|175814|002|681|1|30300042|130010009|130759125|1|20220525|173844|8001624|20220525|180533|8002230|1|0|0|      |20220525|20220525|0603|2022-06-05 07:04:47
339112|0000000910307939              |20220525|080132|018|675|0|30300062|130010008|130752137|4|20220525|073744|8002794|20220525|080635|8002844|1|750|0|      |20220525|20220525|0603|2022-06-05 07:04:47
339114|0000000765699476              |20220525|164514|012|675|1|30300064|130010015|130759644|1|20220525|162229|8002437|20220525|170020|8002688|1|0|0|      |20220525|20220525|0603|2022-06-05 07:04:47
339116|0000000904021821              |20220525|190549|018|676|1|30300069|130010001|130759409|1|20220525|185539|8001096|20220525|192231|8001498|1|0|0|      |20220525|20220525|0603|2022-06-05 07:04:47
339118|0000000709864932              |20220525|104453|007|675|1|30300082|130010001|130759417|1|20220525|093140|8002823|20220525|104910|8007173|1|0|0|      |20220525|20220525|0603|2022-06-05 07:04:47
339120|0000000905893139              |20220525|135518|023|675|1|30300144|130010012|130753382|1|20220525|132911|8001527|20220525|140445|8002734|1|0|0|      |20220525|20220525|0603|2022-06-05 07:04:47
339122|0000000779774378              |20220525|143121|028|676|2|30300040|130010007|130759366|1|20220525|133551|8001056|20220525|143329|8001426|1|0|0|      |20220525|20220525|0603|2022-06-05 07:04:47
339529|0000000920872028              |20220525|125651|021|676|1|30300037|130010006|130752045|1|20220525|110749|8001534|20220525|134833|8002921|1|0|0|      |20220525|20220525|0603|2022-06-05 07:04:47
339531|0000000641006582              |20220525|174240|030|676|1|30300037|130010006|130759027|1|20220525|171648|8001534|20220525|184845|8002921|1|0|0|      |20220525|20220525|0603|2022-06-05 07:04:47
339533|0000000903452642              |20220525|190054|009|676|1|30300043|130010015|130759613|1|20220525|182049|8001250|20220525|190207|8002650|1|0|0|      |20220525|20220525|0603|2022-06-05 07:04:47
339535|0000000742488471              |20220525|124942|022|676|3|30300054|130010007|130759377|1|20220525|124409|8001178|20220525|125606|8002909|1|0|0|      |20220525|20220525|0603|2022-06-05 07:04:47
339537|0000000920944205              |20220525|184239|020|675|1|30300079|130010009|130759175|1|20220525|162152|8002631|20220525|185646|8001539|1|0|0|      |20220525|20220525|0603|2022-06-05 07:04:47
339539|0000000762698538              |20220525|183509|016|676|0|30300041|130010012|130753326|4|20220525|182042|8005990|20220525|184500|8002984|1|750|0|      |20220525|20220525|0603|2022-06-05 07:04:47
339541|0000000777380224              |20220525|194034|012|675|1|30300079|130010009|130759128|1|20220525|190625|8002631|20220525|195524|8001539|1|0|0|      |20220525|20220525|0603|2022-06-05 07:04:47
339543|0000000707682215              |20220525|174234|007|675|1|30300078|130010008|130752165|1|20220525|171026|8007272|20220525|174842|8001876|1|0|0|      |20220525|20220525|0603|2022-06-05 07:04:47
339545|0000000600701834              |20220525|130128|003|676|1|30300039|130010005|130759269|1|20220525|055720|8002721|20220525|131421|8002142|1|150|0|      |20220525|20220525|0603|2022-06-05 07:04:47
339547|0000000757371269              |20220525|150233|028|676|1|30300037|130010006|130752005|1|20220525|142243|8001005|20220525|151711|8002310|1|0|0|      |20220525|20220525|0603|2022-06-05 07:04:47
339549|0000000733819583              |20220525|163350|011|676|1|30300037|130010006|130752050|1|20220525|155158|8001005|20220525|164951|8002310|1|0|0|      |20220525|20220525|0603|2022-06-05 07:04:47
339551|0000000647864863              |20220525|161439|027|675|1|30300148|130010001|130759419|1|20220525|155422|8002734|20220525|162219|8001669|1|0|0|      |20220525|20220525|0603|2022-06-05 07:04:47
339553|0000000762008670              |20220525|125336|031|676|0|30300087|130010015|130759679|4|20220525|120507|8006006|20220525|130308|8002276|1|750|0|      |20220525|20220525|0603|2022-06-05 07:04:47
339555|0000000903990625              |20220525|163453|025|676|1|30300087|130010008|130752141|1|20220525|153624|8006006|20220525|164528|8002276|1|0|0|      |20220525|20220525|0603|2022-06-05 07:04:47
339962|0000000695968536              |20220525|135124|001|676|0|30300089|130010011|130759517|1|20220525|104113|8001555|20220525|140811|8001314|1|1250|0|      |20220525|20220525|0603|2022-06-05 07:04:47
339964|0000000785038006              |20220525|150849|018|676|0|30300072|130010001|130759422|1|20220525|141510|8002156|20220525|152804|8002658|1|1250|0|      |20220525|20220525|0603|2022-06-05 07:04:47
339966|0000001110086582              |20220525|153646|020|674|0|30300002|130010007|130759312|1|20220525|144539|8001744|20220525|160235|8001631|1|1250|0|      |20220525|20220525|0603|2022-06-05 07:04:47
339968|0000001110405938              |20220525|162158|020|674|0|30300002|130010007|130759334|1|20220525|154317|8001241|20220525|164515|8001721|1|1250|0|      |20220525|20220525|0603|2022-06-05 07:04:47
339970|0000000400163779              |20220525|170343|013|675|0|30300067|130010001|130759786|1|20220525|162044|8002357|20220525|175844|8002381|1|1250|0|      |20220525|20220525|0603|2022-06-05 07:04:47
339972|0000001110524356              |20220525|173422|020|679|0|30300063|130010001|130759482|1|20220525|171309|8002857|20220525|181409|8002482|1|1250|0|      |20220525|20220525|0603|2022-06-05 07:04:47
339974|0000000476405156              |20220525|213710|022|676|0|30300072|130010001|130759431|1|20220525|194952|8001005|20220525|221245|8001236|1|1250|0|      |20220525|20220525|0603|2022-06-05 07:04:47
339976|0000000698127037              |20220525|103054|022|676|1|30300070|130010004|130752208|1|20220525|102442|8007178|20220525|112119|8001413|1|0|0|      |20220525|20220525|0603|2022-06-05 07:04:47
339978|0000000695673735              |20220525|131332|018|676|2|30300093|130010004|130752213|1|20220525|053654|8001556|20220525|132009|8102775|1|0|0|      |20220525|20220525|0603|2022-06-05 07:04:47
339980|0000000697558801              |20220525|140936|021|676|1|30300088|130010002|130752364|1|20220525|121934|8002134|20220525|153709|8002351|1|0|0|      |20220525|20220525|0603|2022-06-05 07:04:47
339982|0000001118081461              |20220525|172531|031|675|1|30300058|130010004|130752266|1|20220525|164030|8001647|20220525|175651|8002066|1|0|0|      |20220525|20220525|0603|2022-06-05 07:04:47
339984|0000000400125792              |20220525|140143|020|675|1|30300049|130010004|130752264|1|20220525|133300|8001929|20220525|150031|8005905|1|0|0|      |20220525|20220525|0603|2022-06-05 07:04:47
339986|0000001110556999              |20220525|183504|020|680|1|30300018|130010004|130752239|1|20220525|133613|8002119|20220525|185528|8002677|1|0|0|      |20220525|20220525|0603|2022-06-05 07:04:47
336122|0000000742500243              |20220525|164118|012|676|1|30300130|130010008|130752720|1|20220525|161817|8001934|20220525|164251|8002733|1|0|0|      |20220525|20220525|0603|2022-06-05 07:04:47
336124|0000000716542553              |20220525|113940|014|675|1|30300081|130010011|130759572|1|20220525|094031|8002235|20220525|115027|8001889|1|0|0|      |20220525|20220525|0603|2022-06-05 07:04:47
336126|0000000660791545              |20220525|092052|016|682|1|30300030|130010014|130753612|1|20220525|085203|8002823|20220525|092618|8007159|1|0|0|      |20220525|20220525|0603|2022-06-05 07:04:47
336533|0000000772279400              |20220525|153051|005|676|0|30300087|130010008|130752151|1|20220525|140347|8001494|20220525|154009|8007445|1|1250|0|      |20220525|20220525|0603|2022-06-05 07:04:47
336535|0000000918425972              |20220525|232838|005|674|0|30300104|130010002|130752343|1|20220525|231112|8070015|20220525|233634|8070018|1|1250|0|      |20220525|20220525|0603|2022-06-05 07:04:47
336537|0000000765522517              |20220525|170103|015|676|0|30300087|130010008|130752141|1|20220525|153624|8001494|20220525|171216|8007445|1|1250|0|      |20220525|20220525|0603|2022-06-05 07:04:47
336539|0000000776366369              |20220525|153734|027|674|0|30300104|130010002|130752303|1|20220525|143129|8070015|20220525|154541|8070018|1|1250|0|      |20220525|20220525|0603|2022-06-05 07:04:47
336541|0000000742648792              |20220525|142846|004|674|0|30300104|130010002|130752507|1|20220525|140925|8070015|20220525|143610|8070018|1|1250|0|      |20220525|20220525|0603|2022-06-05 07:04:47
336543|0000000725502287              |20220525|221034|006|674|0|30300104|130010002|130752303|1|20220525|205926|8070015|20220525|222051|8070018|1|1250|0|      |20220525|20220525|0603|2022-06-05 07:04:47
336545|0000000772520867              |20220525|130539|006|675|0|30300059|130010004|130752246|1|20220525|060717|8002279|20220525|132103|8001919|1|1250|0|      |20220525|20220525|0603|2022-06-05 07:04:47
336547|0000000904826352              |20220525|165752|025|675|0|30300059|130010004|130752204|1|20220525|131305|8002279|20220525|171106|8001919|1|1250|0|      |20220525|20220525|0603|2022-06-05 07:04:47
336549|0000000770946531              |20220525|184335|018|675|0|30300059|130010004|130752256|1|20220525|152829|8002279|20220525|190301|8001919|1|1250|0|      |20220525|20220525|0603|2022-06-05 07:04:47
336551|0000000736166631              |20220525|082743|016|676|0|30300051|130010008|130752142|1|20220525|074054|8001948|20220525|084014|8002603|1|1250|0|      |20220525|20220525|0603|2022-06-05 07:04:47
336553|0000000742636883              |20220525|171122|020|675|0|30300077|130010006|130752041|1|20220525|164715|8001948|20220525|172237|8002603|1|1250|0|      |20220525|20220525|0603|2022-06-05 07:04:47
336555|0000000761068018              |20220525|201521|021|676|0|30300051|130010008|130752128|1|20220525|193517|8001948|20220525|202621|8002603|1|1250|0|      |20220525|20220525|0603|2022-06-05 07:04:47
336557|0000000718030577              |20220525|080214|001|674|0|30300002|130010007|130759321|1|20220525|073921|8002251|20220525|081705|8002881|1|1250|0|      |20220525|20220525|0603|2022-06-05 07:04:47
336964|0000000731716640              |20220525|134747|006|675|0|30300050|130010007|130759342|1|20220525|125204|8002206|20220525|140030|8002026|1|1250|0|      |20220525|20220525|0603|2022-06-05 07:04:47
336966|0000000732307095              |20220525|074522|027|675|0|30300095|130010005|130759229|1|20220525|060052|8002702|20220525|075449|8001571|1|1250|0|      |20220525|20220525|0603|2022-06-05 07:04:47
336968|0000000626208568              |20220525|084402|001|675|0|30300077|130010006|130752018|1|20220525|083427|8001500|20220525|085237|8001040|1|1250|0|      |20220525|20220525|0603|2022-06-05 07:04:47
336970|0000000742578248              |20220525|183914|028|676|0|30300072|130010001|130759734|1|20220525|180801|8001229|20220525|184802|8002881|1|1250|0|      |20220525|20220525|0603|2022-06-05 07:04:47
336972|0000000739526299              |20220525|214707|028|675|0|30300108|130010007|130759316|1|20220525|214642|8003072|20220525|215402|8002920|1|1250|0|      |20220525|20220525|0603|2022-06-05 07:04:47
336974|0000000749977278              |20220525|082341|020|675|0|30300045|130010006|130752058|1|20220525|081137|8003072|20220525|083411|8002920|1|1250|0|      |20220525|20220525|0603|2022-06-05 07:04:47
336976|0000000709272879              |20220525|134133|008|676|0|30300036|130010011|130759503|1|20220525|133404|8001186|20220525|134414|8001681|1|1250|0|      |20220525|20220525|0603|2022-06-05 07:04:47
336978|0000000604959640              |20220525|053838|023|676|0|30300043|130010015|130759677|1|20220525|053351|8001790|20220525|054453|8002602|1|1250|0|      |20220525|20220525|0603|2022-06-05 07:04:47
336980|0000000918048670              |20220525|112042|026|676|0|30300038|130010014|130753506|1|20220525|063953|8001500|20220525|112555|8001040|1|1250|0|      |20220525|20220525|0603|2022-06-05 07:04:47
336982|0000000631052240              |20220525|131522|009|675|0|30300062|130010008|130752133|1|20220525|125606|8001078|20220525|133503|8001939|1|1250|0|      |20220525|20220525|0603|2022-06-05 07:04:47
336984|0000000904656249              |20220525|191339|012|675|0|30300062|130010008|130752721|1|20220525|184922|8001078|20220525|193319|8001939|1|1250|0|      |20220525|20220525|0603|2022-06-05 07:04:47
336986|0000000757432844              |20220525|060356|020|676|0|30300090|130010005|130759268|1|20220525|055955|8001430|20220525|061821|8002075|1|1250|0|      |20220525|20220525|0603|2022-06-05 07:04:47
336988|0000000742091995              |20220525|081532|005|675|0|30300058|130010004|130752294|1|20220525|055223|8005585|20220525|083858|8002733|1|1250|0|      |20220525|20220525|0603|2022-06-05 07:04:47
336990|0000000777829730              |20220525|161727|004|675|0|30300079|130010009|130759123|1|20220525|154609|8001529|20220525|162844|8002802|1|1250|0|      |20220525|20220525|0603|2022-06-05 07:04:47
337397|0000000719284471              |20220525|134605|011|674|0|30300002|130010007|130759308|4|20220525|133025|8001792|20220525|135408|8002437|1|750|0|      |20220525|20220525|0603|2022-06-05 07:04:47
337399|0000000764269408              |20220525|152947|005|674|0|30300002|130010007|130759319|4|20220525|151454|8001792|20220525|154124|8002437|1|750|0|      |20220525|20220525|0603|2022-06-05 07:04:47
337401|0000000679178670              |20220525|071257|014|676|1|30300051|130010008|130752109|1|20220525|062026|8002119|20220525|072615|8002365|1|0|0|      |20220525|20220525|0603|2022-06-05 07:04:47
337403|0000000903562655              |20220525|151816|018|676|1|30300051|130010008|130752130|1|20220525|143027|8002119|20220525|153358|8002365|1|0|0|      |20220525|20220525|0603|2022-06-05 07:04:47
337405|0000000662204866              |20220525|170311|014|676|1|30300051|130010008|130752161|1|20220525|161758|8002119|20220525|171633|8002365|1|0|0|      |20220525|20220525|0603|2022-06-05 07:04:47
337407|0000000775939389              |20220525|184822|024|676|1|30300051|130010008|130752130|1|20220525|175434|8002119|20220525|190400|8002365|1|0|0|      |20220525|20220525|0603|2022-06-05 07:04:47
337409|0000000742410681              |20220525|200019|012|676|1|30300051|130010008|130752101|1|20220525|191126|8002119|20220525|201105|8002365|1|0|0|      |20220525|20220525|0603|2022-06-05 07:04:47
332671|0000000903132165              |20220525|180920|003|676|0|30300088|130010002|130752380|1|20220525|170619|8002742|20220525|182054|8002721|1|1250|0|      |20220525|20220525|0603|2022-06-05 07:04:47
332673|0000000756425315              |20220525|201737|026|676|0|30300088|130010006|130752006|1|20220525|192552|8002742|20220525|202330|8002721|1|1250|0|      |20220525|20220525|0603|2022-06-05 07:04:47
332675|0000000757455076              |20220525|220340|024|676|0|30300088|130010002|130752356|1|20220525|210851|8002742|20220525|221127|8002721|1|1250|0|      |20220525|20220525|0603|2022-06-05 07:04:47
332677|0000000661811795              |20220525|153857|003|675|0|30300077|130010006|130752013|1|20220525|151511|8001528|20220525|161021|8001737|1|1250|0|      |20220525|20220525|0603|2022-06-05 07:04:47
332679|0000000627748070              |20220525|153859|022|675|0|30300077|130010006|130752013|1|20220525|151511|8001528|20220525|161028|8001737|1|1250|0|      |20220525|20220525|0603|2022-06-05 07:04:47
334405|0000000742276200              |20220525|071342|016|675|0|30300047|130010001|130759718|1|20220525|063013|8005991|20220525|072333|8002412|1|1250|0|      |20220525|20220525|0603|2022-06-05 07:04:47
334407|0000000643627358              |20220525|074320|007|676|0|30300041|130010012|130753316|1|20220525|073417|8005991|20220525|075348|8002412|1|1250|0|      |20220525|20220525|0603|2022-06-05 07:04:47
334409|0000000755541885              |20220525|075308|005|676|0|30300041|130010012|130753332|1|20220525|074706|8005991|20220525|080620|8002412|1|1250|0|      |20220525|20220525|0603|2022-06-05 07:04:47
334411|0000000752084972              |20220525|090746|030|676|0|30300041|130010012|130753321|1|20220525|082936|8005991|20220525|092104|8002412|1|1250|0|      |20220525|20220525|0603|2022-06-05 07:04:47
334413|0000000715820082              |20220525|104321|008|676|0|30300041|130010012|130753324|1|20220525|103718|8005991|20220525|105340|8002412|1|1250|0|      |20220525|20220525|0603|2022-06-05 07:04:47
334415|0000000640756350              |20220525|114545|004|675|0|30300047|130010001|130759436|1|20220525|110558|8005991|20220525|115506|8002412|1|1250|0|      |20220525|20220525|0603|2022-06-05 07:04:47
334417|0000000779938832              |20220525|131535|007|675|0|30300047|130010001|130759408|1|20220525|123815|8005991|20220525|132650|8002412|1|1250|0|      |20220525|20220525|0603|2022-06-05 07:04:47
334419|0000000774768761              |20220525|142401|011|676|0|30300041|130010012|130753324|1|20220525|141846|8005991|20220525|143250|8002412|1|1250|0|      |20220525|20220525|0603|2022-06-05 07:04:47
334421|0000000741686948              |20220525|151914|031|676|0|30300041|130010012|130753332|1|20220525|151304|8005991|20220525|152938|8002412|1|1250|0|      |20220525|20220525|0603|2022-06-05 07:04:47
334423|0000000708095140              |20220525|155316|009|675|0|30300047|130010001|130759408|1|20220525|151427|8005991|20220525|160306|8002412|1|1250|0|      |20220525|20220525|0603|2022-06-05 07:04:47
334425|0000000667837491              |20220525|171710|019|676|0|30300041|130010012|130753380|1|20220525|171255|8005991|20220525|173021|8002412|1|1250|0|      |20220525|20220525|0603|2022-06-05 07:04:47
334832|0000000657900582              |20220525|110632|020|674|0|30300104|130010002|130752333|1|20220525|103919|8070018|20220525|111137|8001028|1|1250|0|      |20220525|20220525|0603|2022-06-05 07:04:47
334834|0000000771779563              |20220525|124840|026|674|0|30300104|130010002|130752505|1|20220525|113158|8070018|20220525|125211|8001028|1|1250|0|      |20220525|20220525|0603|2022-06-05 07:04:47
334836|0000000741647612              |20220525|141803|022|674|0|30300104|130010002|130752355|1|20220525|064602|8070018|20220525|142304|8001028|1|1250|0|      |20220525|20220525|0603|2022-06-05 07:04:47
334838|0000000749060520              |20220525|150634|002|675|0|30300046|130010002|130752350|1|20220525|141353|8070018|20220525|151112|8001028|1|1250|0|      |20220525|20220525|0603|2022-06-05 07:04:47
334840|0000000677478085              |20220525|151549|012|674|0|30300104|130010002|130752333|1|20220525|144844|8070018|20220525|152226|8001028|1|1250|0|      |20220525|20220525|0603|2022-06-05 07:04:47
334842|0000000741300700              |20220525|152706|022|674|0|30300104|130010002|130752504|1|20220525|145808|8070018|20220525|153151|8001028|1|1250|0|      |20220525|20220525|0603|2022-06-05 07:04:47
334844|0000000903089423              |20220525|183028|004|674|0|30300104|130010002|130752355|1|20220525|170854|8070018|20220525|183442|8001028|1|1250|0|      |20220525|20220525|0603|2022-06-05 07:04:47
334846|0000000675898556              |20220525|194759|031|674|0|30300104|130010002|130752300|1|20220525|182932|8070018|20220525|195257|8001028|1|1250|0|      |20220525|20220525|0603|2022-06-05 07:04:47
334848|0000000724362576              |20220525|190941|004|675|0|30300077|130010006|130752013|1|20220525|181154|8002119|20220525|191705|8001257|1|1250|0|      |20220525|20220525|0603|2022-06-05 07:04:47
334850|0000000908258905              |20220525|063256|010|675|0|30300077|130010006|130759018|1|20220525|052316|8002119|20220525|063920|8001257|1|1250|0|      |20220525|20220525|0603|2022-06-05 07:04:47
334852|0000000700324382              |20220525|064521|003|676|0|30300051|130010008|130752112|1|20220525|061846|8001029|20220525|070150|8001934|1|1250|0|      |20220525|20220525|0603|2022-06-05 07:04:47
334854|0000000612264956              |20220525|171532|026|674|0|30300100|130010002|130752506|1|20220525|165848|8001029|20220525|173220|8001934|1|1250|0|      |20220525|20220525|0603|2022-06-05 07:04:47
334856|0000000735349719              |20220525|182628|024|675|0|30300077|130010006|130752034|1|20220525|175408|8001875|20220525|185328|8002579|1|1250|0|      |20220525|20220525|0603|2022-06-05 07:04:47
335263|0000000910206890              |20220525|125723|024|675|0|30300055|130010014|130753249|1|20220525|123839|8001667|20220525|130050|8001934|1|1250|0|      |20220525|20220525|0603|2022-06-05 07:04:47
335265|0000000903531278              |20220525|160743|007|675|0|30300055|130010014|130753229|1|20220525|154436|8001667|20220525|161245|8001934|1|1250|0|      |20220525|20220525|0603|2022-06-05 07:04:47
335267|0000000776918520              |20220525|181903|013|675|0|30300055|130010014|130753218|1|20220525|175636|8001667|20220525|182906|8001934|1|1250|0|      |20220525|20220525|0603|2022-06-05 07:04:47
335269|0000000778758464              |20220525|201039|022|675|0|30300055|130010014|130753229|1|20220525|195024|8001667|20220525|201825|8001934|1|1250|0|      |20220525|20220525|0603|2022-06-05 07:04:47
335271|0000000776455649              |20220525|202131|001|675|0|30300055|130010014|130753252|1|20220525|180227|8001667|20220525|202706|8001934|1|1250|0|      |20220525|20220525|0603|2022-06-05 07:04:47
335273|0000000773654269              |20220525|080503|016|676|0|30300051|130010008|130752130|1|20220525|075319|8001992|20220525|080953|8001420|1|1250|0|      |20220525|20220525|0603|2022-06-05 07:04:47
335275|0000000755748912              |20220525|181313|004|675|0|30300083|130010001|130759710|1|20220525|171802|8002570|20220525|181955|8002287|1|1250|0|      |20220525|20220525|0603|2022-06-05 07:04:47
335277|0000000760027441              |20220525|095351|017|675|0|30300062|130010008|130752133|1|20220525|085012|8002896|20220525|095724|8001318|1|1250|0|      |20220525|20220525|0603|2022-06-05 07:04:47
331749|0000000678029607              |20220525|174709|024|676|0|30300089|130010011|130759575|1|20220525|142050|8002667|20220525|175404|8002891|1|1250|0|      |20220525|20220525|0603|2022-06-05 07:04:47
331751|0000000739878193              |20220525|181844|010|676|0|30300089|130010011|130759527|1|20220525|125810|8005507|20220525|183434|8002532|1|1250|0|      |20220525|20220525|0603|2022-06-05 07:04:47
331753|0000000734196222              |20220525|185254|030|676|0|30300089|130010011|130759573|1|20220525|170052|8001441|20220525|185755|8001420|1|1250|0|      |20220525|20220525|0603|2022-06-05 07:04:47
331755|0000000767255100              |20220525|181421|007|676|0|30300089|130010011|130759527|1|20220525|125810|8005506|20220525|190324|8001989|1|1250|0|      |20220525|20220525|0603|2022-06-05 07:04:47
331757|0000000776543604              |20220525|183545|017|676|0|30300089|130010011|130759513|1|20220525|130925|8002087|20220525|191833|8005508|1|1250|0|      |20220525|20220525|0603|2022-06-05 07:04:47
331759|0000000737044357              |20220525|194142|020|676|0|30300089|130010011|130759575|1|20220525|142050|8005506|20220525|195851|8002532|1|1250|0|      |20220525|20220525|0603|2022-06-05 07:04:47
331761|0000000725263407              |20220525|224043|020|676|0|30300089|130010011|130759573|1|20220525|215013|8007101|20220525|230106|8002088|1|1250|0|      |20220525|20220525|0603|2022-06-05 07:04:47
331763|0000000904726311              |20220525|085216|007|676|0|30300089|130010011|130759518|1|20220525|054259|8002649|20220525|090309|8002756|1|1250|0|      |20220525|20220525|0603|2022-06-05 07:04:47
331765|0000000918034478              |20220525|224304|024|676|0|30300089|130010011|130759517|1|20220525|201112|8002703|20220525|230946|8002533|1|1250|0|      |20220525|20220525|0603|2022-06-05 07:04:47
331767|0000000773939258              |20220525|210734|024|676|0|30300089|130010011|130759578|1|20220525|195428|8001989|20220525|211513|8001378|1|1250|0|      |20220525|20220525|0603|2022-06-05 07:04:47
331769|0000000742064211              |20220525|171213|024|676|0|30300089|130010011|130759576|1|20220525|142717|8002087|20220525|171641|8002814|1|1250|0|      |20220525|20220525|0603|2022-06-05 07:04:47
331771|0000000736746613              |20220525|205705|030|676|0|30300089|130010011|130759578|1|20220525|195428|8003048|20220525|210452|8001922|1|1250|0|      |20220525|20220525|0603|2022-06-05 07:04:47
332248|0000000903740229              |20220525|080257|016|676|0|30300041|130010012|130753303|1|20220525|065435|8002721|20220525|080527|8002411|1|1250|0|      |20220525|20220525|0603|2022-06-05 07:04:47
332250|0000000774367422              |20220525|075056|024|676|0|30300041|130010012|130753377|1|20220525|061711|8002721|20220525|075322|8002411|1|1250|0|      |20220525|20220525|0603|2022-06-05 07:04:47
332252|0000000600700375              |20220525|112055|030|676|0|30300037|130010006|130752039|1|20220525|102413|8002721|20220525|112327|8002411|1|1250|0|      |20220525|20220525|0603|2022-06-05 07:04:47
332254|0000000669054003              |20220525|124153|002|676|0|30300037|130010006|130752005|1|20220525|113725|8002721|20220525|124432|8002411|1|1250|0|      |20220525|20220525|0603|2022-06-05 07:04:47
332256|0000000903877842              |20220525|143916|003|676|0|30300037|130010006|130752050|1|20220525|121142|8002721|20220525|144108|8002411|1|1250|0|      |20220525|20220525|0603|2022-06-05 07:04:47
332258|0000000722976289              |20220525|160342|022|676|0|30300090|130010005|130759219|1|20220525|150316|8002721|20220525|160540|8002411|1|1250|0|      |20220525|20220525|0603|2022-06-05 07:04:47
332260|0000000711253162              |20220525|165405|015|676|0|30300090|130010005|130759225|1|20220525|153521|8002721|20220525|165653|8002411|1|1250|0|      |20220525|20220525|0603|2022-06-05 07:04:47
332262|0000000746520575              |20220525|170617|013|676|0|30300041|130010012|130753306|1|20220525|155715|8002721|20220525|170854|8002411|1|1250|0|      |20220525|20220525|0603|2022-06-05 07:04:47
332264|0000000717679563              |20220525|171821|010|676|0|30300041|130010012|130753326|1|20220525|160000|8002721|20220525|172105|8002411|1|1250|0|      |20220525|20220525|0603|2022-06-05 07:04:47
332266|0000000629904191              |20220525|170011|018|676|0|30300037|130010006|130752011|1|20220525|135458|8002721|20220525|170227|8002411|1|1250|0|      |20220525|20220525|0603|2022-06-05 07:04:47
332268|0000000655875219              |20220525|193515|004|675|0|30300046|130010002|130752305|1|20220525|132859|8002721|20220525|193843|8002411|1|1250|0|      |20220525|20220525|0603|2022-06-05 07:04:47
332270|0000000667020073              |20220525|195659|002|676|0|30300037|130010006|130752040|1|20220525|171905|8002721|20220525|195951|8002411|1|1250|0|      |20220525|20220525|0603|2022-06-05 07:04:47
332272|0000000758909930              |20220525|215710|030|676|0|30300037|130010006|130752049|1|20220525|210211|8002721|20220525|215926|8002411|1|1250|0|      |20220525|20220525|0603|2022-06-05 07:04:47
332274|0000000725681925              |20220525|163458|004|675|0|30300056|130010012|130753322|1|20220525|124944|8001596|20220525|163523|8001389|1|1250|0|      |20220525|20220525|0603|2022-06-05 07:04:47
332681|0000000777152828              |20220525|215839|003|675|0|30300077|130010006|130752042|1|20220525|213805|8001528|20220525|222448|8001737|1|1250|0|      |20220525|20220525|0603|2022-06-05 07:04:47
332683|0000000678511941              |20220525|083441|022|674|0|30300100|130010002|130752362|1|20220525|081306|8002118|20220525|084455|8001934|1|1250|0|      |20220525|20220525|0603|2022-06-05 07:04:47
332685|0000000740797247              |20220525|061654|030|675|0|30300077|130010006|130752070|1|20220525|055802|8002118|20220525|062429|8001934|1|1250|0|      |20220525|20220525|0603|2022-06-05 07:04:47
332687|0000000778000205              |20220525|081622|001|676|0|30300051|130010008|130752101|1|20220525|073514|8002118|20220525|082617|8001934|1|1250|0|      |20220525|20220525|0603|2022-06-05 07:04:47
332689|0000000626982727              |20220525|090608|006|676|0|30300051|130010008|130752102|1|20220525|082707|8002118|20220525|091417|8001934|1|1250|0|      |20220525|20220525|0603|2022-06-05 07:04:47
332691|0000000905989265              |20220525|111240|007|674|0|30300100|130010002|130752509|1|20220525|104857|8002118|20220525|112158|8001934|1|1250|0|      |20220525|20220525|0603|2022-06-05 07:04:47
332693|0000000668942060              |20220525|145238|009|676|0|30300051|130010008|130752153|1|20220525|141304|8002118|20220525|150156|8001934|1|1250|0|      |20220525|20220525|0603|2022-06-05 07:04:47
332695|0000000752298613              |20220525|150818|022|674|0|30300100|130010002|130752506|1|20220525|144500|8002118|20220525|151630|8001934|1|1250|0|      |20220525|20220525|0603|2022-06-05 07:04:47
332697|0000000746616105              |20220525|173058|014|674|0|30300100|130010002|130752348|1|20220525|145334|8002118|20220525|173610|8001934|1|1250|0|      |20220525|20220525|0603|2022-06-05 07:04:47
332699|0000000741646506              |20220525|100745|024|676|0|30300087|130010015|130759636|1|20220525|100155|8007446|20220525|102327|8001491|1|1250|0|      |20220525|20220525|0603|2022-06-05 07:04:47
332701|0000000900247443              |20220525|121129|004|676|0|30300087|130010008|130752123|1|20220525|102157|8007446|20220525|122115|8001491|1|1250|0|      |20220525|20220525|0603|2022-06-05 07:04:47
355197|0000000664735637              |20220525|210906|023|675|0|30300049|130010004|130752232|1|20220525|183013|8002997|20220525|212704|8005570|1|1250|0|      |20220525|20220525|0603|2022-06-05 07:04:47
355199|0000000743797465              |20220525|225949|003|675|0|30300049|130010004|130752287|1|20220525|220509|8002997|20220525|231500|8005570|1|1250|0|      |20220525|20220525|0603|2022-06-05 07:04:47
355201|0000000903197500              |20220525|190953|016|675|0|30300049|130010004|130752232|1|20220525|183013|8001425|20220525|191819|8001057|1|1250|0|      |20220525|20220525|0603|2022-06-05 07:04:47
355257|0000000770876183              |20220525|103332|016|675|0|30300057|130010001|130759470|1|20220525|101644|8002149|20220525|104223|8002631|1|1250|0|      |20220525|20220525|0603|2022-06-05 07:04:47
355259|0000000733790477              |20220525|180727|010|675|0|30300048|130010006|130752021|1|20220525|175156|8001681|20220525|181528|8007542|1|1250|0|      |20220525|20220525|0603|2022-06-05 07:04:47
355261|0000000918326723              |20220525|103334|019|675|0|30300057|130010001|130759470|1|20220525|101644|8002149|20220525|104426|8002631|1|1250|0|      |20220525|20220525|0603|2022-06-05 07:04:47
355263|0000000900675046              |20220525|080122|010|675|0|30300101|130010002|130752304|1|20220525|074621|8002108|20220525|081715|8001755|1|1250|0|      |20220525|20220525|0603|2022-06-05 07:04:47
355265|0000000631072487              |20220525|095106|025|675|0|30300101|130010002|130752332|1|20220525|053459|8002108|20220525|100518|8001755|1|1250|0|      |20220525|20220525|0603|2022-06-05 07:04:47
355267|0000000725821456              |20220525|161738|031|676|0|30300039|130010005|130759263|1|20220525|142332|8002493|20220525|163300|9002077|1|1250|0|      |20220525|20220525|0603|2022-06-05 07:04:47
355269|0000000904682119              |20220525|165304|012|676|0|30300041|130010012|130753326|1|20220525|160000|8002969|20220525|171828|8002721|1|1250|0|      |20220525|20220525|0603|2022-06-05 07:04:47
355271|0000000745276841              |20220525|082303|022|675|0|30300108|130010007|130759317|1|20220525|080937|8003070|20220525|082625|8003068|1|1250|0|      |20220525|20220525|0603|2022-06-05 07:04:47
355273|0000000470053506              |20220525|135845|031|675|0|30300050|130010007|130759301|1|20220525|132442|8001193|20220525|140806|8007540|1|1250|0|      |20220525|20220525|0603|2022-06-05 07:04:47
355275|0000000765310815              |20220525|170455|010|675|0|30300050|130010007|130759369|1|20220525|162859|8001193|20220525|171541|8007540|1|1250|0|      |20220525|20220525|0603|2022-06-05 07:04:47
355277|0000000761402219              |20220525|080655|023|674|0|30300104|130010002|130752313|1|20220525|072819|8001063|20220525|081337|8002453|1|1250|0|      |20220525|20220525|0603|2022-06-05 07:04:47
355279|0000000727189248              |20220525|083035|002|676|0|30300072|130010001|130759423|1|20220525|064302|8001063|20220525|083708|8002453|1|1250|0|      |20220525|20220525|0603|2022-06-05 07:04:47
355281|0000000921037615              |20220525|093158|006|676|0|30300072|130010001|130759422|1|20220525|074719|8001063|20220525|093607|8002453|1|1250|0|      |20220525|20220525|0603|2022-06-05 07:04:47
355337|0000000460244483              |20220525|164924|008|675|0|30300047|130010001|130759408|1|20220525|161257|8003101|20220525|170148|8002543|1|1250|0|      |20220525|20220525|0603|2022-06-05 07:04:47
355339|0000000450726148              |20220525|084901|005|675|0|30300101|130010002|130752304|1|20220525|074621|8002453|20220525|085235|8002559|1|1250|0|      |20220525|20220525|0603|2022-06-05 07:04:47
355341|0000000711689806              |20220525|155433|002|676|0|30300072|130010001|130759724|1|20220525|153706|8002453|20220525|155708|8002559|1|1250|0|      |20220525|20220525|0603|2022-06-05 07:04:47
355343|0000000742667312              |20220525|161458|016|676|0|30300131|130010008|130752709|1|20220525|152913|8002453|20220525|161754|8002559|1|1250|0|      |20220525|20220525|0603|2022-06-05 07:04:47
355345|0000000764753320              |20220525|173003|013|676|0|30300072|130010001|130759427|1|20220525|152214|8002453|20220525|173326|8002559|1|1250|0|      |20220525|20220525|0603|2022-06-05 07:04:47
355347|0000000742549963              |20220525|095231|008|675|0|30300058|130010004|130752251|1|20220525|091613|8002733|20220525|101649|8002904|1|1250|0|      |20220525|20220525|0603|2022-06-05 07:04:47
355349|0000000715529878              |20220525|112530|027|675|0|30300058|130010004|130752292|1|20220525|051624|8002733|20220525|114626|8002904|1|1250|0|      |20220525|20220525|0603|2022-06-05 07:04:47
355351|0000000721577558              |20220525|175727|025|675|0|30300058|130010004|130752290|1|20220525|135809|8002733|20220525|182214|8002904|1|1250|0|      |20220525|20220525|0603|2022-06-05 07:04:47
355353|0000000743335277              |20220525|182409|031|676|0|30300036|130010011|130759510|1|20220525|163231|8002605|20220525|185001|8001091|1|1250|0|      |20220525|20220525|0603|2022-06-05 07:04:47
355355|0000000776007399              |20220525|142402|020|676|0|30300036|130010011|130759537|1|20220525|140140|8002605|20220525|144252|8001091|1|1250|0|      |20220525|20220525|0603|2022-06-05 07:04:47
355357|0000000671974018              |20220525|175253|007|675|0|30300055|130010014|130753212|1|20220525|155610|8001848|20220525|181129|8002733|1|1250|0|      |20220525|20220525|0603|2022-06-05 07:04:47
355359|0000000743304487              |20220525|114018|003|675|0|30300064|130010015|130759623|1|20220525|112123|8001467|20220525|115859|8002454|1|1250|0|      |20220525|20220525|0603|2022-06-05 07:04:47
355361|0000000727652133              |20220525|175051|002|675|0|30300081|130010011|130759570|1|20220525|135928|8001378|20220525|181257|8002615|1|1250|0|      |20220525|20220525|0603|2022-06-05 07:04:47
355363|0000000912819272              |20220525|124759|003|675|0|30300058|130010004|130752293|1|20220525|060215|8001528|20220525|131056|8001484|1|1250|0|      |20220525|20220525|0603|2022-06-05 07:04:47
355419|0000000778602820              |20220525|180032|007|676|0|30300068|130010006|130759025|1|20220525|161923|8002726|20220525|181508|8001097|1|1250|0|      |20220525|20220525|0603|2022-06-05 07:04:47
355421|0000000719685455              |20220525|074028|009|675|0|30300064|130010015|130759638|1|20220525|073142|8002651|20220525|075656|8002437|1|1250|0|      |20220525|20220525|0603|2022-06-05 07:04:47
355423|0000000761273445              |20220525|084945|001|675|0|30300064|130010015|130759644|1|20220525|084421|8002651|20220525|090322|8002437|1|1250|0|      |20220525|20220525|0603|2022-06-05 07:04:47
355425|0000000636536723              |20220525|101143|010|675|0|30300064|130010015|130759638|1|20220525|100114|8002651|20220525|102410|8002437|1|1250|0|      |20220525|20220525|0603|2022-06-05 07:04:47
355427|0000000660011766              |20220525|180342|007|675|0|30300064|130010015|130759624|1|20220525|175411|8002651|20220525|182108|8002437|1|1250|0|      |20220525|20220525|0603|2022-06-05 07:04:47
355429|0000000741006695              |20220525|080715|015|675|0|30300056|130010012|130753315|1|20220525|051104|8001588|20220525|082752|8001494|1|1250|0|      |20220525|20220525|0603|2022-06-05 07:04:47
355431|0000000647389534              |20220525|091325|027|676|0|30300068|130010006|130759025|1|20220525|052058|8007156|20220525|092449|8001959|1|1250|0|      |20220525|20220525|0603|2022-06-05 07:04:47
349557|0000000769496314              |20220525|141050|023|676|0|30300041|130010012|130753313|1|20220525|135933|8005990|20220525|144500|8002702|1|1250|0|      |20220525|20220525|0603|2022-06-05 07:04:47
349559|0000000660861424              |20220525|071943|002|676|0|30300054|130010007|130759375|1|20220525|071321|8001178|20220525|080000|8001078|1|1250|0|      |20220525|20220525|0603|2022-06-05 07:04:47
349561|0000000768599179              |20220525|081542|021|676|0|30300054|130010007|130759360|1|20220525|080849|8001178|20220525|090257|8001078|1|1250|0|      |20220525|20220525|0603|2022-06-05 07:04:47
349563|0000000743665768              |20220525|083555|022|676|0|30300054|130010007|130759361|1|20220525|082529|8001178|20220525|092435|8001078|1|1250|0|      |20220525|20220525|0603|2022-06-05 07:04:47
349565|0000000662755058              |20220525|085935|012|676|0|30300054|130010007|130759383|1|20220525|085410|8001178|20220525|093748|8001078|1|1250|0|      |20220525|20220525|0603|2022-06-05 07:04:47
349918|0000000623721083              |20220525|105607|019|676|0|30300070|130010004|130752210|1|20220525|070243|8007183|20220525|111700|8002794|1|1250|0|      |20220525|20220525|0603|2022-06-05 07:04:47
349920|0000000724417750              |20220525|181455|013|676|0|30300051|130010008|130752142|1|20220525|175859|8001289|20220525|184835|8001934|1|1250|0|      |20220525|20220525|0603|2022-06-05 07:04:47
349922|0000000769932556              |20220525|083829|007|676|0|30300054|130010007|130759347|1|20220525|074344|8001567|20220525|084738|8002202|1|1250|0|      |20220525|20220525|0603|2022-06-05 07:04:47
349924|0000000744899647              |20220525|202950|025|676|0|30300037|130010006|130752014|1|20220525|200122|8002617|20220525|204412|8005518|1|1250|0|      |20220525|20220525|0603|2022-06-05 07:04:47
349926|0000000903725687              |20220525|094449|008|676|0|30300088|130010002|130752356|1|20220525|065855|8002955|20220525|095031|8002742|1|1250|0|      |20220525|20220525|0603|2022-06-05 07:04:47
349928|0000000728061701              |20220525|154924|022|676|0|30300088|130010006|130752023|1|20220525|125031|8001168|20220525|155243|8001757|1|1250|0|      |20220525|20220525|0603|2022-06-05 07:04:47
349930|0000000745143857              |20220525|180826|013|676|0|30300070|130010004|130752201|1|20220525|173912|8001941|20220525|184918|8001413|1|1250|0|      |20220525|20220525|0603|2022-06-05 07:04:47
349932|0000000740871797              |20220525|185616|007|676|0|30300037|130010006|130752037|1|20220525|181834|8001096|20220525|192500|8002378|1|1250|0|      |20220525|20220525|0603|2022-06-05 07:04:47
349934|0000000610887902              |20220525|112638|014|676|0|30300090|130010005|130759260|1|20220525|104605|8002814|20220525|113516|8002850|1|1250|0|      |20220525|20220525|0603|2022-06-05 07:04:47
349936|0000000738406201              |20220525|202133|030|676|0|30300090|130010005|130759205|1|20220525|125921|8002814|20220525|203024|8002850|1|1250|0|      |20220525|20220525|0603|2022-06-05 07:04:47
349938|0000000656621253              |20220525|130907|022|676|0|30300037|130010006|130759016|1|20220525|125609|8002340|20220525|131513|8002898|1|1250|0|      |20220525|20220525|0603|2022-06-05 07:04:47
349940|0000000741777744              |20220525|152113|003|676|0|30300051|130010008|130752106|1|20220525|144222|8001489|20220525|153853|8002629|1|1250|0|      |20220525|20220525|0603|2022-06-05 07:04:47
349942|0000000469952722              |20220525|110752|030|676|0|30300037|130010006|130752039|1|20220525|102413|8001574|20220525|111844|8005921|1|1250|0|      |20220525|20220525|0603|2022-06-05 07:04:47
350329|0000000911365274              |20220525|094848|001|676|1|30300130|130010008|130752138|1|20220525|090837|8001349|~       |      |~      |1|0|0|      |20220525|~       |0603|2022-06-05 07:04:47
350331|0000000753910451              |20220525|110551|026|676|0|30300130|130010008|130752145|1|20220525|102120|8001349|~       |      |~      |1|1250|0|      |20220525|~       |0603|2022-06-05 07:04:47
350333|0000000637289382              |20220525|115110|023|675|0|30300055|130010014|130753209|1|20220525|110258|8001349|~       |      |~      |1|1250|0|      |20220525|~       |0603|2022-06-05 07:04:47
350335|0000000728031416              |20220525|140211|016|675|0|30300055|130010014|130753268|1|20220525|055538|8001349|~       |      |~      |1|1250|0|      |20220525|~       |0603|2022-06-05 07:04:47
350337|0000000733200797              |20220525|161306|018|675|0|30300055|130010014|130753227|4|20220525|152304|8001349|~       |      |~      |2|1500|0|      |20220525|~       |0603|2022-06-05 07:04:47
350339|0000000632455398              |20220525|163202|010|675|0|30300055|130010014|130753250|1|20220525|154145|8001349|~       |      |~      |1|1250|0|      |20220525|~       |0603|2022-06-05 07:04:47
350341|0000000728341051              |20220525|164227|014|676|1|30300037|130010006|130752074|1|20220525|162835|8001349|~       |      |~      |1|0|0|      |20220525|~       |0603|2022-06-05 07:04:47
350343|0000000910651625              |20220525|171003|003|675|1|30300055|130010014|130753249|1|20220525|161922|8001349|~       |      |~      |1|0|0|      |20220525|~       |0603|2022-06-05 07:04:47
350345|0000000644921789              |20220525|173701|010|675|0|30300055|130010014|130753265|1|20220525|150719|8001349|~       |      |~      |1|1250|0|      |20220525|~       |0603|2022-06-05 07:04:47
350347|0000000733272309              |20220525|175306|017|676|2|30300037|130010006|130759021|1|20220525|121810|8001349|~       |      |~      |1|0|0|      |20220525|~       |0603|2022-06-05 07:04:47
350349|0000000671480974              |20220525|181704|021|675|1|30300055|130010014|130753204|1|20220525|172940|8001349|~       |      |~      |1|0|0|      |20220525|~       |0603|2022-06-05 07:04:47
350351|0000000912609219              |20220525|181454|016|676|0|30300037|130010006|130752073|1|20220525|180320|8001349|~       |      |~      |1|1250|0|      |20220525|~       |0603|2022-06-05 07:04:47
350353|0000000918102615              |20220525|184135|001|675|0|30300055|130010014|130753205|1|20220525|160637|8001349|~       |      |~      |1|1250|0|      |20220525|~       |0603|2022-06-05 07:04:47
350355|0000000735665085              |20220525|190240|023|675|0|30300055|130010014|130753206|1|20220525|162458|8001349|~       |      |~      |1|1250|0|      |20220525|~       |0603|2022-06-05 07:04:47
350357|0000000918432864              |20220525|202756|011|676|1|30300072|130010001|130759724|1|20220525|191442|8001349|~       |      |~      |1|0|0|      |20220525|~       |0603|2022-06-05 07:04:47
355526|0000000735971341              |20220525|183349|005|675|0|30300096|130010006|130752066|1|20220525|170234|8002530|20220525|185224|8002554|1|1250|0|      |20220525|20220525|0603|2022-06-05 07:04:47
355528|0000000771825488              |20220525|160756|025|675|0|30300096|130010006|130752020|1|20220525|145820|8002530|20220525|162552|8002554|1|1250|0|      |20220525|20220525|0603|2022-06-05 07:04:47
355530|0000000729500678              |20220525|111011|014|675|0|30300053|130010002|130752328|1|20220525|110433|8001580|20220525|112705|8002108|1|1250|0|      |20220525|20220525|0603|2022-06-05 07:04:47
355532|0000000743729158              |20220525|102552|031|675|0|30300149|130810001|130753618|1|20220525|100158|8005563|20220525|103622|8007526|1|1250|0|      |20220525|20220525|0603|2022-06-05 07:04:47
345359|0000000738220067              |20220525|102232|002|676|0|30300087|130010015|130759641|1|20220525|101536|8002550|20220525|103125|8001491|1|1250|0|      |20220525|20220525|0603|2022-06-05 07:04:47
345361|0000000724213188              |20220525|080812|018|676|0|30300038|130010014|130753255|1|20220525|072548|8002914|20220525|083305|8002603|1|1250|0|      |20220525|20220525|0603|2022-06-05 07:04:47
345363|0000000674235279              |20220525|091754|007|676|0|30300038|130010014|130753505|1|20220525|083617|8002914|20220525|093841|8002603|1|1250|0|      |20220525|20220525|0603|2022-06-05 07:04:47
345365|0000000742676399              |20220525|082930|026|675|0|30300045|130010006|130752029|1|20220525|080723|8001132|20220525|084901|8001296|1|1250|0|      |20220525|20220525|0603|2022-06-05 07:04:47
345367|0000000741296420              |20220525|060902|008|675|0|30300058|130010004|130752247|1|20220525|055158|8001852|20220525|062008|8001927|1|1250|0|      |20220525|20220525|0603|2022-06-05 07:04:47
345369|0000000903847053              |20220525|080043|031|675|0|30300058|130010004|130752293|1|20220525|060215|8001852|20220525|081443|8001927|1|1250|0|      |20220525|20220525|0603|2022-06-05 07:04:47
345371|0000000910623850              |20220525|063158|015|675|0|30300101|130010002|130752354|1|20220525|060004|8002831|20220525|064802|8002089|1|1250|0|      |20220525|20220525|0603|2022-06-05 07:04:47
345373|0000000904945626              |20220525|133220|006|675|0|30300101|130010002|130752325|1|20220525|060748|8002831|20220525|134801|8002089|1|1250|0|      |20220525|20220525|0603|2022-06-05 07:04:47
345375|0000000769856225              |20220525|225902|026|675|0|30300101|130010002|130752309|1|20220525|222338|8002831|20220525|231209|8002089|1|1250|0|      |20220525|20220525|0603|2022-06-05 07:04:47
345377|0000000773793642              |20220525|084426|018|676|0|30300040|130010013|130759830|1|20220525|081340|8001054|20220525|084907|8002757|1|1250|0|      |20220525|20220525|0603|2022-06-05 07:04:47
345379|0000000773337163              |20220525|070455|003|676|0|30300040|130010013|130759871|1|20220525|064554|8001054|20220525|071108|8002757|1|1250|0|      |20220525|20220525|0603|2022-06-05 07:04:47
345786|0000000771960549              |20220525|162129|028|676|0|30300087|130010008|130752159|1|20220525|152319|8002159|20220525|165904|8001198|1|1250|0|      |20220525|20220525|0603|2022-06-05 07:04:47
345788|0000000764138164              |20220525|090626|029|676|0|30300051|130010008|130752122|1|20220525|083902|8001029|20220525|093701|8002437|1|1250|0|      |20220525|20220525|0603|2022-06-05 07:04:47
345790|0000000767437229              |20220525|161533|026|676|0|30300051|130010008|130752125|1|20220525|154924|8001117|20220525|165305|8002437|1|1250|0|      |20220525|20220525|0603|2022-06-05 07:04:47
345792|0000000767027435              |20220525|074324|010|676|0|30300069|130010001|130759428|1|20220525|070300|8002648|20220525|075129|8007517|1|1250|0|      |20220525|20220525|0603|2022-06-05 07:04:47
345794|0000000766728023              |20220525|212826|009|676|0|30300131|130010008|130752708|1|20220525|211231|8001289|20220525|214838|8007011|1|1250|0|      |20220525|20220525|0603|2022-06-05 07:04:47
345796|0000000918098583              |20220525|183603|003|676|0|30300036|130010011|130759510|1|20220525|163231|8002230|20220525|184919|8001380|1|1250|0|      |20220525|20220525|0603|2022-06-05 07:04:47
345798|0000000772588208              |20220525|153707|006|676|0|30300071|130010009|130759176|1|20220525|144106|8001990|20220525|154108|8002632|1|1250|0|      |20220525|20220525|0603|2022-06-05 07:04:47
345800|0000000918255063              |20220525|064620|002|676|0|30300086|130010013|130759875|1|20220525|061232|8002881|20220525|065012|8002611|1|1250|0|      |20220525|20220525|0603|2022-06-05 07:04:47
345802|0000000743318007              |20220525|183629|026|676|0|30300090|130010005|130759201|1|20220525|173523|8003006|20220525|183904|8002906|1|1250|0|      |20220525|20220525|0603|2022-06-05 07:04:47
345804|0000000625631956              |20220525|080531|026|676|0|30300087|130010015|130759629|1|20220525|070747|8002159|20220525|083010|8001730|1|1250|0|      |20220525|20220525|0603|2022-06-05 07:04:47
345806|0000000707494477              |20220525|185620|007|676|0|30300038|130010014|130753508|1|20220525|181006|8002914|20220525|192026|8002628|1|1250|0|      |20220525|20220525|0603|2022-06-05 07:04:47
345808|0000000903056502              |20220525|194950|008|676|0|30300036|130010012|130753302|1|20220525|175226|8002230|20220525|195850|8001380|1|1250|0|      |20220525|20220525|0603|2022-06-05 07:04:47
345810|0000000619451529              |20220525|114537|010|676|0|30300040|130010013|130759873|1|20220525|103847|8001034|20220525|115758|8001891|1|1250|0|      |20220525|20220525|0603|2022-06-05 07:04:47
345812|0000000748765658              |20220525|145025|014|676|0|30300086|130010013|130759809|1|20220525|125847|8002881|20220525|145422|8002611|1|1250|0|      |20220525|20220525|0603|2022-06-05 07:04:47
346219|0000000776360294              |20220525|172317|025|676|0|30300040|130010007|130759359|1|20220525|162725|8001407|20220525|173331|8001097|1|1250|0|      |20220525|20220525|0603|2022-06-05 07:04:47
346221|0000000921756637              |20220525|173811|023|676|0|30300051|130010008|130752114|1|20220525|163708|8002437|20220525|175014|8001097|1|1250|0|      |20220525|20220525|0603|2022-06-05 07:04:47
346223|0000000709948060              |20220525|182353|015|676|0|30300051|130010008|130752147|1|20220525|172004|8002437|20220525|184020|8001097|1|1250|0|      |20220525|20220525|0603|2022-06-05 07:04:47
346225|0000000736776590              |20220525|210726|022|676|0|30300051|130010008|130752115|1|20220525|201516|8002437|20220525|211857|8001097|1|1250|0|      |20220525|20220525|0603|2022-06-05 07:04:47
346227|0000000774310881              |20220525|214109|020|676|0|30300040|130010013|130759802|1|20220525|205114|8001407|20220525|214922|8001097|1|1250|0|      |20220525|20220525|0603|2022-06-05 07:04:47
346229|0000000741928599              |20220525|061744|025|676|0|30300038|130010014|130753503|1|20220525|060545|8001982|20220525|062908|8001040|1|1250|0|      |20220525|20220525|0603|2022-06-05 07:04:47
346231|0000000765990887              |20220525|093659|018|676|0|30300040|130010007|130759365|1|20220525|083314|8001097|20220525|094239|8001034|1|1250|0|      |20220525|20220525|0603|2022-06-05 07:04:47
346233|0000000729951767              |20220525|113146|029|676|0|30300040|130010013|130759804|1|20220525|102931|8001097|20220525|113457|8001034|1|1250|0|      |20220525|20220525|0603|2022-06-05 07:04:47
346235|0000000904297969              |20220525|144650|021|676|0|30300041|130010012|130753380|1|20220525|134232|8001097|20220525|145227|8001034|1|1250|0|      |20220525|20220525|0603|2022-06-05 07:04:47
346237|0000000750324079              |20220525|154249|001|676|0|30300041|130010012|130753326|1|20220525|143822|8001097|20220525|154738|8001034|1|1250|0|      |20220525|20220525|0603|2022-06-05 07:04:47
346239|0000000661663060              |20220525|173435|002|676|0|30300040|130010007|130759359|1|20220525|162725|8001097|20220525|174256|8001034|1|1250|0|      |20220525|20220525|0603|2022-06-05 07:04:47
346241|0000000738374402              |20220525|214418|002|676|0|30300041|130010012|130753323|1|20220525|204323|8001097|20220525|214820|8001034|1|1250|0|      |20220525|20220525|0603|2022-06-05 07:04:47
341372|0000000740689268              |20220525|211932|024|675|0|30300064|130010015|130759670|1|20220525|125902|8001874|20220525|212356|8001626|1|1250|0|      |20220525|20220525|0603|2022-06-05 07:05:11
341374|0000000460228705              |20220525|214657|009|675|0|30300060|130010014|130753245|1|20220525|190858|8002088|20220525|220012|8007276|1|1250|0|      |20220525|20220525|0603|2022-06-05 07:05:11
341376|0000000741195403              |20220525|220903|010|675|0|30300061|130010015|130759617|1|20220525|213456|8001716|20220525|222310|8002970|1|1250|0|      |20220525|20220525|0603|2022-06-05 07:05:11
341378|0000000743792290              |20220525|163405|030|675|0|30300101|130010002|130752327|1|20220525|161333|8001081|20220525|170503|8007011|1|1250|0|      |20220525|20220525|0603|2022-06-05 07:05:11
341380|0000000669050897              |20220525|190513|022|675|0|30300053|130010002|130752513|1|20220525|183907|8001081|20220525|192210|8001277|1|1250|0|      |20220525|20220525|0603|2022-06-05 07:05:11
341382|0000000921002132              |20220525|185404|009|680|0|30300052|130010006|130752025|1|20220525|175935|8001029|20220525|190638|8001940|1|1250|0|      |20220525|20220525|0603|2022-06-05 07:05:11
341384|0000000771830228              |20220525|180728|010|675|0|30300059|130010004|130752246|1|20220525|150745|8002723|20220525|183257|8002453|1|1250|0|      |20220525|20220525|0603|2022-06-05 07:05:11
341386|0000000906755877              |20220525|074038|009|675|0|30300062|130010008|130752129|1|20220525|064736|8002428|20220525|081147|8002557|1|1250|0|      |20220525|20220525|0603|2022-06-05 07:05:11
341388|0000000661672592              |20220525|170140|023|675|0|30300062|130010008|130752137|1|20220525|164231|8002428|20220525|172911|8002557|1|1250|0|      |20220525|20220525|0603|2022-06-05 07:05:11
341390|0000000619676004              |20220525|055420|018|675|0|30300047|130010001|130759408|1|20220525|054237|8005993|20220525|061120|8002547|1|1250|0|      |20220525|20220525|0603|2022-06-05 07:05:11
341770|0000000624998465              |20220525|185753|015|675|0|30300082|130010001|130759703|1|20220525|185430|8005925|20220525|190802|8001989|1|1250|0|      |20220525|20220525|0603|2022-06-05 07:05:11
341772|0000000761012713              |20220525|174328|027|675|0|30300094|130010014|130753609|1|20220525|172135|8005520|20220525|175526|8001076|1|1250|0|      |20220525|20220525|0603|2022-06-05 07:05:11
341774|0000000666295894              |20220525|145008|003|675|0|30300096|130010006|130752063|1|20220525|140355|8001922|20220525|150147|8002935|1|1250|0|      |20220525|20220525|0603|2022-06-05 07:05:11
341776|0000000726076771              |20220525|180152|031|676|0|30300038|130010014|130753247|1|20220525|175735|8001982|20220525|182111|8001037|1|1250|0|      |20220525|20220525|0603|2022-06-05 07:05:11
341778|0000000741392859              |20220525|171133|022|675|0|30300060|130010014|130753523|1|20220525|162221|8002969|20220525|173513|8001240|1|1250|0|      |20220525|20220525|0603|2022-06-05 07:05:11
341780|0000000643597902              |20220525|145456|009|676|0|30300051|130010008|130752130|1|20220525|143027|8002454|20220525|150722|8002433|1|1250|0|      |20220525|20220525|0603|2022-06-05 07:05:11
341782|0000000921620535              |20220525|192217|007|676|0|30300051|130010008|130752153|1|20220525|190622|8002454|20220525|193319|8002433|1|1250|0|      |20220525|20220525|0603|2022-06-05 07:05:11
341784|0000000667331721              |20220525|182724|024|676|0|30300037|130010006|130752040|1|20220525|171905|8002899|20220525|183700|8001348|1|1250|0|      |20220525|20220525|0603|2022-06-05 07:05:11
341786|0000000910665607              |20220525|144550|020|676|0|30300043|130010015|130759609|1|20220525|133147|8002553|20220525|145845|8005590|1|1250|0|      |20220525|20220525|0603|2022-06-05 07:05:11
341788|0000000903936349              |20220525|080747|022|676|0|30300043|130010015|130759613|1|20220525|061631|8002725|20220525|081659|8001287|1|1250|0|      |20220525|20220525|0603|2022-06-05 07:05:11
341790|0000000918281236              |20220525|090353|024|675|0|30300053|130010002|130752376|1|20220525|083820|8001029|20220525|092011|8002966|1|1250|0|      |20220525|20220525|0603|2022-06-05 07:05:11
341792|0000000765933146              |20220525|214216|002|675|0|30300053|130010002|130752385|1|20220525|211627|8001029|20220525|215516|8002966|1|1250|0|      |20220525|20220525|0603|2022-06-05 07:05:11
341794|0000000745487235              |20220525|115443|012|676|0|30300087|130010008|130752160|1|20220525|104826|8001587|20220525|120545|8002965|1|1250|0|      |20220525|20220525|0603|2022-06-05 07:05:11
341796|0000000723876971              |20220525|183327|024|675|0|30300053|130010002|130752395|1|20220525|180541|8001587|20220525|184333|8002965|1|1250|0|      |20220525|20220525|0603|2022-06-05 07:05:11
342176|0000000903119353              |20220525|082746|007|676|0|30300051|130010008|130752106|1|20220525|070926|8002118|20220525|084919|8002629|1|1250|0|      |20220525|20220525|0603|2022-06-05 07:05:11
342178|0000000725603303              |20220525|120148|011|676|0|30300051|130010008|130752161|1|20220525|112828|8002118|20220525|122200|8002629|1|1250|0|      |20220525|20220525|0603|2022-06-05 07:05:11
342180|0000000644916387              |20220525|195240|025|674|0|30300100|130010002|130752348|1|20220525|192941|8002118|20220525|200820|8002629|1|1250|0|      |20220525|20220525|0603|2022-06-05 07:05:11
342182|0000000725443006              |20220525|202758|004|675|0|30300149|130810001|130753620|1|20220525|200354|8007549|20220525|204029|8002378|1|1250|0|      |20220525|20220525|0603|2022-06-05 07:05:11
342184|0000000652493789              |20220525|114819|022|676|0|30300051|130010008|130752161|1|20220525|112828|8001369|20220525|115201|8001081|1|1250|0|      |20220525|20220525|0603|2022-06-05 07:05:11
342186|0000000746860927              |20220525|070925|011|675|0|30300080|130010009|130759130|1|20220525|061645|8003012|20220525|072841|8002063|1|1250|0|      |20220525|20220525|0603|2022-06-05 07:05:11
342188|0000000720948830              |20220525|175840|003|676|0|30300089|130010011|130759516|1|20220525|165928|8002208|20220525|181640|8007189|1|1250|0|      |20220525|20220525|0603|2022-06-05 07:05:11
342190|0000000751027820              |20220525|082434|001|675|0|30300059|130010004|130752204|1|20220525|081320|8001849|20220525|085331|8002280|1|1250|0|      |20220525|20220525|0603|2022-06-05 07:05:11
342192|0000000631923113              |20220525|141018|020|675|0|30300059|130010004|130752270|1|20220525|131613|8002968|20220525|143656|8001930|1|1250|0|      |20220525|20220525|0603|2022-06-05 07:05:11
342194|0000000903836270              |20220525|163106|028|675|0|30300059|130010004|130752204|1|20220525|131305|8001849|20220525|165207|8002280|1|1250|0|      |20220525|20220525|0603|2022-06-05 07:05:11
342196|0000000908517036              |20220525|150039|031|676|0|30300087|130010008|130752155|1|20220525|135249|8001587|20220525|150552|8001238|1|1250|0|      |20220525|20220525|0603|2022-06-05 07:05:11
342198|0000000647834001              |20220525|215358|009|676|0|30300087|130010015|130759641|1|20220525|210026|8001587|20220525|215908|8001238|1|1250|0|      |20220525|20220525|0603|2022-06-05 07:05:11
342200|0000000777859516              |20220525|200415|023|675|0|30300076|130010014|130753239|1|20220525|140803|8001935|20220525|202539|8001259|1|1250|0|      |20220525|20220525|0603|2022-06-05 07:05:11
338000|0000000910493056              |20220525|181805|015|674|0|30300002|130010007|130759320|4|20220525|171515|8001096|20220525|183059|8001419|1|750|0|      |20220525|20220525|0603|2022-06-05 07:05:11
338002|0000000400132706              |20220525|152117|006|680|0|30300007|130010002|130752390|8|20220525|135247|8003035|20220525|154039|8001714|1|0|0|      |20220525|20220525|0603|2022-06-05 07:05:11
338004|0000000692745573              |20220525|142844|003|673|0|30300004|130510004|130751009|1|20220525|062803|8005656|20220525|144327|8002202|1|1100|0|      |20220525|20220525|0603|2022-06-05 07:05:11
338006|0000000784124988              |20220525|171702|004|676|0|30300089|130010011|130759576|1|20220525|142717|8002814|20220525|174801|8001555|1|1250|0|      |20220525|20220525|0603|2022-06-05 07:05:11
338008|0000000400196499              |20220525|225955|004|673|0|30300004|130510004|130751008|1|20220525|061555|8002411|20220525|230625|8007028|1|1100|0|      |20220525|20220525|0603|2022-06-05 07:05:11
338010|0000000699611835              |20220525|085448|028|675|0|30300091|130010013|130759816|1|20220525|065948|8002946|20220525|091330|8002259|1|1250|0|      |20220525|20220525|0603|2022-06-05 07:05:11
338012|0000000692091786              |20220525|083807|026|673|0|30300003|130510004|130751003|1|20220525|060843|8005859|20220525|093130|8002492|1|1100|0|      |20220525|20220525|0603|2022-06-05 07:05:11
338014|0000000400183766              |20220525|111620|004|676|0|30300070|130010004|130752210|1|20220525|070243|8002796|20220525|114310|8002290|1|1250|0|      |20220525|20220525|0603|2022-06-05 07:05:11
338016|0000001110396498              |20220525|063336|019|675|0|30300091|130010013|130759876|1|20220525|055830|8001722|20220525|064444|8001406|1|1250|0|      |20220525|20220525|0603|2022-06-05 07:05:11
338423|0000000487167010              |20220525|084201|006|676|1|30300088|130010002|130752315|1|20220525|082637|8002092|20220525|090903|8001318|1|0|0|      |20220525|20220525|0603|2022-06-05 07:05:11
338425|0000000785772784              |20220525|163400|003|675|1|30300046|130010002|130752379|1|20220525|152719|8001273|20220525|170030|8007020|1|0|0|      |20220525|20220525|0603|2022-06-05 07:05:11
338427|0000000788552271              |20220525|170912|024|676|1|30300073|130010009|130759117|1|20220525|164144|8001417|20220525|175354|8002896|1|0|0|      |20220525|20220525|0603|2022-06-05 07:05:11
338429|0000001118300678              |20220525|203835|003|675|1|30300053|130010002|130752369|1|20220525|192334|8002468|20220525|211653|8002106|1|0|0|      |20220525|20220525|0603|2022-06-05 07:05:11
338431|0000000689704423              |20220525|095701|007|832|0|30300128|130710001|130759927|1|20220525|061010|8007288|20220525|103030|3054003|1|1700|300|      |20220525|20220525|0603|2022-06-05 07:05:11
338433|0000000400160549              |20220525|113122|026|674|0|30300100|130010002|130752336|1|20220525|111326|8001929|20220525|120330|8007263|1|1250|0|      |20220525|20220525|0603|2022-06-05 07:05:11
338435|0000000786055298              |20220525|155828|004|676|0|30300093|130010004|130752272|1|20220525|155219|8001794|20220525|163949|8001560|1|1250|0|      |20220525|20220525|0603|2022-06-05 07:05:11
338437|0000001110314218              |20220525|134055|008|678|0|30300074|130010014|130753614|1|20220525|133403|8005038|20220525|141611|8001412|1|1250|450|      |20220525|20220525|0603|2022-06-05 07:05:11
338439|0000000788775085              |20220525|171337|025|832|1|30300128|130710001|130759914|1|20220525|053137|8007401|20220525|171606|8007296|1|300|0|      |20220525|20220525|0603|2022-06-05 07:05:11
338441|0000000689370177              |20220525|190624|016|832|0|30300128|130710001|130759912|1|20220525|051625|8007052|20220525|191314|3056003|1|1700|0|      |20220525|20220525|0603|2022-06-05 07:05:11
338443|0000000684716350              |20220525|232245|012|676|0|30300037|130010006|130752046|1|20220525|223346|8002961|20220525|233735|8003002|1|1250|0|      |20220525|20220525|0603|2022-06-05 07:05:11
338445|0000000698968693              |20220525|102850|012|675|0|30300053|130010002|130752384|1|20220525|084321|8001494|20220525|105628|8002673|1|1250|0|      |20220525|20220525|0603|2022-06-05 07:05:11
338447|0000000694940143              |20220525|181028|024|675|0|30300045|130010006|130752058|1|20220525|175505|8003070|20220525|190200|8002914|1|1250|0|      |20220525|20220525|0603|2022-06-05 07:05:11
338854|0000000771443759              |20220525|133635|009|674|0|30300100|130010002|130752344|1|20220525|132359|8001081|20220525|135622|8001927|1|1250|0|      |20220525|20220525|0603|2022-06-05 07:05:11
338856|0000000742563860              |20220525|085119|027|675|0|30300058|130010004|130752220|1|20220525|083000|8001852|20220525|090914|8002603|1|1250|0|      |20220525|20220525|0603|2022-06-05 07:05:11
338858|0000000618702175              |20220525|102000|031|675|0|30300058|130010004|130752288|1|20220525|100119|8001852|20220525|103723|8002603|1|1250|0|      |20220525|20220525|0603|2022-06-05 07:05:11
338860|0000000918061517              |20220525|131758|021|675|0|30300058|130010004|130752263|1|20220525|125655|8001852|20220525|133606|8002603|1|1250|0|      |20220525|20220525|0603|2022-06-05 07:05:11
338862|0000000908343469              |20220525|135246|003|675|0|30300058|130010004|130752278|1|20220525|132959|8001852|20220525|141041|8002603|1|1250|0|      |20220525|20220525|0603|2022-06-05 07:05:11
338864|0000000742563860              |20220525|155247|028|675|0|30300058|130010004|130752200|1|20220525|153323|8001852|20220525|160811|8002603|1|1250|0|      |20220525|20220525|0603|2022-06-05 07:05:11
338866|0000000747170190              |20220525|182731|009|675|0|30300058|130010004|130752293|1|20220525|175823|8001852|20220525|184327|8002603|1|1250|0|      |20220525|20220525|0603|2022-06-05 07:05:11
338868|0000000740428960              |20220525|071118|028|675|0|30300058|130010004|130752290|1|20220525|065109|8002705|20220525|073033|8001927|1|1250|0|      |20220525|20220525|0603|2022-06-05 07:05:11
338870|0000000769947532              |20220525|135515|026|675|0|30300058|130010004|130752288|1|20220525|134407|8002705|20220525|141225|8001927|1|1250|0|      |20220525|20220525|0603|2022-06-05 07:05:11
338872|0000000918439055              |20220525|150452|009|675|0|30300058|130010004|130752294|1|20220525|143024|8002705|20220525|152423|8001927|1|1250|0|      |20220525|20220525|0603|2022-06-05 07:05:11
338874|0000000664520787              |20220525|184317|011|675|0|30300058|130010004|130752295|1|20220525|150842|8002705|20220525|190422|8001927|1|1250|0|      |20220525|20220525|0603|2022-06-05 07:05:11
338876|0000000662386809              |20220525|061336|011|675|0|30300077|130010006|130752070|1|20220525|055802|8001495|20220525|062403|8001934|1|1250|0|      |20220525|20220525|0603|2022-06-05 07:05:11
338878|0000000675410028              |20220525|080336|022|675|0|30300077|130010006|130752041|1|20220525|075109|8001495|20220525|082115|8001934|1|1250|0|      |20220525|20220525|0603|2022-06-05 07:05:11
338880|0000000607494047              |20220525|083309|007|675|0|30300077|130010006|130752064|1|20220525|081748|8001495|20220525|084804|8001934|1|1250|0|      |20220525|20220525|0603|2022-06-05 07:05:11
339287|0000000620796394              |20220525|142443|018|675|1|30300049|130010004|130752212|1|20220525|064654|8002721|20220525|143916|8001902|1|0|0|      |20220525|20220525|0603|2022-06-05 07:05:11
335436|0000000764581602              |20220525|224242|023|676|1|30300087|130010015|130759679|1|20220525|221641|8002453|20220525|225120|8001575|1|0|0|      |20220525|20220525|0603|2022-06-05 07:05:11
335438|0000000626079122              |20220525|190138|028|676|1|30300087|130010015|130759679|1|20220525|181906|8002453|20220525|191406|8001575|1|0|0|      |20220525|20220525|0603|2022-06-05 07:05:11
335440|0000000605589624              |20220525|111548|027|675|1|30300064|130010015|130759683|1|20220525|104131|8001412|20220525|112617|8002528|1|0|0|      |20220525|20220525|0603|2022-06-05 07:05:11
335442|0000000767920467              |20220525|112631|029|675|1|30300064|130010015|130759673|1|20220524|223143|8001412|20220525|113843|8002528|1|0|0|      |20220525|20220525|0603|2022-06-05 07:05:11
335444|0000000762964885              |20220525|183221|029|675|1|30300064|130010015|130759644|1|20220525|175430|8001412|20220525|184426|8002528|1|0|0|      |20220525|20220525|0603|2022-06-05 07:05:11
335446|0000000779920105              |20220525|224825|019|675|1|30300064|130010015|130759642|1|20220525|222245|8001412|20220525|225750|8002528|1|0|0|      |20220525|20220525|0603|2022-06-05 07:05:11
335448|0000000745280234              |20220525|173443|006|675|2|30300141|130010001|130759472|1|20220525|143156|8002823|20220525|173919|8002297|1|0|0|      |20220525|20220525|0603|2022-06-05 07:05:11
335450|0000000764882452              |20220525|183930|017|675|1|30300141|130010001|130759472|1|20220525|143156|8002823|20220525|184318|8002297|1|0|0|      |20220525|20220525|0603|2022-06-05 07:05:11
335857|0000000744806347              |20220525|184653|016|676|1|30300054|130010007|130759354|1|20220525|180004|8001989|20220525|190108|8002161|1|0|0|      |20220525|20220525|0603|2022-06-05 07:05:11
335859|0000000635807538              |20220525|161816|015|676|1|30300054|130010007|130759363|1|20220525|154034|8001989|20220525|162854|8002161|1|0|0|      |20220525|20220525|0603|2022-06-05 07:05:11
335861|0000000921818529              |20220525|181447|018|675|1|30300053|130010002|130752395|1|20220525|180541|9005583|20220525|181934|8002468|1|0|0|      |20220525|20220525|0603|2022-06-05 07:05:11
335863|0000000762600074              |20220525|184321|029|675|1|30300076|130010014|130753233|1|20220525|183027|8002154|20220525|184552|8002572|1|0|0|      |20220525|20220525|0603|2022-06-05 07:05:11
335865|0000000737756823              |20220525|095102|017|676|1|30300068|130010006|130752030|1|20220525|092444|8002971|20220525|095216|8002641|1|0|0|      |20220525|20220525|0603|2022-06-05 07:05:11
335867|0000000751775731              |20220525|070253|031|675|1|30300067|130010001|130759729|1|20220525|062028|8002635|20220525|071608|8001041|1|0|0|      |20220525|20220525|0603|2022-06-05 07:05:11
335869|0000000741320584              |20220525|075408|008|675|1|30300067|130010001|130759412|1|20220525|070503|8002635|20220525|080645|8001041|1|0|0|      |20220525|20220525|0603|2022-06-05 07:05:11
335871|0000000732909377              |20220525|082229|023|675|1|30300067|130010001|130759717|1|20220525|073204|8002635|20220525|083547|8001041|1|0|0|      |20220525|20220525|0603|2022-06-05 07:05:11
335873|0000000714819009              |20220525|093614|006|675|1|30300067|130010001|130759707|1|20220525|065438|8002635|20220525|094654|8001041|1|0|0|      |20220525|20220525|0603|2022-06-05 07:05:11
335875|0000000729464204              |20220525|122605|004|675|1|30300067|130010001|130759726|1|20220525|095712|8002635|20220525|123531|8001041|1|0|0|      |20220525|20220525|0603|2022-06-05 07:05:11
335877|0000000903008325              |20220525|134347|020|675|1|30300067|130010001|130759425|1|20220525|125416|8002635|20220525|135520|8001041|1|0|0|      |20220525|20220525|0603|2022-06-05 07:05:11
335879|0000000736891012              |20220525|100558|002|675|1|30300067|130010001|130759731|1|20220525|072433|8002635|20220525|102046|8001041|1|0|0|      |20220525|20220525|0603|2022-06-05 07:05:11
335881|0000000737177384              |20220525|100951|026|676|1|30300037|130010006|130759021|1|20220525|062455|8001096|20220525|101159|8002311|1|0|0|      |20220525|20220525|0603|2022-06-05 07:05:11
335883|0000000636653039              |20220525|082623|026|675|1|30300047|130010001|130759408|1|20220525|081313|8001773|20220525|083523|8003101|1|0|0|      |20220525|20220525|0603|2022-06-05 07:05:11
336290|0000000771934344              |20220525|144129|002|675|0|30300055|130010014|130753238|1|20220525|142023|8001554|20220525|150732|8001412|1|1250|0|      |20220525|20220525|0603|2022-06-05 07:05:11
336292|0000000765245394              |20220525|175331|002|675|0|30300055|130010014|130753227|1|20220525|172758|8001554|20220525|182442|8001412|1|1250|0|      |20220525|20220525|0603|2022-06-05 07:05:11
336294|0000000660458415              |20220525|065525|014|675|0|30300101|130010002|130752304|1|20220525|062317|8001947|20220525|071042|8001916|1|1250|0|      |20220525|20220525|0603|2022-06-05 07:05:11
336296|0000000921101745              |20220525|181218|024|675|0|30300058|130010004|130752263|1|20220525|125655|8002947|20220525|183952|8002605|1|1250|0|      |20220525|20220525|0603|2022-06-05 07:05:11
336298|0000000657550029              |20220525|181222|027|675|0|30300058|130010004|130752263|1|20220525|125655|8002947|20220525|183949|8002605|1|1250|0|      |20220525|20220525|0603|2022-06-05 07:05:11
336300|0000000753258736              |20220525|122709|003|675|0|30300062|130010008|130752131|1|20220525|120708|8001854|20220525|125406|8002453|1|1250|0|      |20220525|20220525|0603|2022-06-05 07:05:11
336302|0000000917896634              |20220525|171920|010|675|0|30300062|130010008|130752162|1|20220525|165853|8001854|20220525|173937|8002453|1|1250|0|      |20220525|20220525|0603|2022-06-05 07:05:11
336304|0000000742449476              |20220525|112245|008|675|0|30300062|130010008|130752703|1|20220525|053655|8001854|20220525|114505|8002453|1|1250|0|      |20220525|20220525|0603|2022-06-05 07:05:11
336306|0000000918315762              |20220525|133610|009|675|0|30300062|130010008|130752129|1|20220525|130332|8001854|20220525|135814|8002453|1|1250|0|      |20220525|20220525|0603|2022-06-05 07:05:11
336308|0000000743674206              |20220525|191507|029|675|0|30300101|130010002|130752311|1|20220525|190643|8001915|20220525|192450|8001118|1|1250|0|      |20220525|20220525|0603|2022-06-05 07:05:11
336310|0000000716892279              |20220525|104202|009|674|0|30300100|130010002|130752383|1|20220525|103856|8001348|20220525|104945|8002330|1|1250|0|      |20220525|20220525|0603|2022-06-05 07:05:11
336312|0000000731289655              |20220525|055849|025|675|0|30300091|130010013|130759817|1|20220525|053948|8001722|20220525|061739|8001419|1|1250|0|      |20220525|20220525|0603|2022-06-05 07:05:11
336314|0000000763418835              |20220525|151952|002|675|0|30300091|130010013|130759821|1|20220525|143957|8001722|20220525|154542|8001419|1|1250|0|      |20220525|20220525|0603|2022-06-05 07:05:11
336721|0000000724195237              |20220525|084409|009|675|0|30300076|130010014|130753615|1|20220525|081746|8001868|20220525|085716|8001927|1|1250|0|      |20220525|20220525|0603|2022-06-05 07:05:11
336723|0000000704731554              |20220525|134652|030|675|0|30300076|130010014|130753233|1|20220525|132328|8001868|20220525|140043|8001927|1|1250|0|      |20220525|20220525|0603|2022-06-05 07:05:11
335032|0000000760379383              |20220525|171856|027|676|0|30300130|130010008|130752138|1|20220525|165411|8007360|20220525|172715|8001348|1|1250|0|      |20220525|20220525|0603|2022-06-05 07:05:11
335034|0000000908049724              |20220525|225954|006|676|0|30300130|130010008|130752140|1|20220525|223635|8007360|20220525|230520|8001348|1|1250|0|      |20220525|20220525|0603|2022-06-05 07:05:11
335036|0000000717592455              |20220525|061802|010|675|0|30300064|130010015|130759670|1|20220525|053646|8002528|20220525|062620|8007514|1|1250|0|      |20220525|20220525|0603|2022-06-05 07:05:11
335038|0000000644674071              |20220525|133759|014|675|0|30300046|130010002|130752321|1|20220525|120236|8007165|20220525|134251|8007019|1|1250|0|      |20220525|20220525|0603|2022-06-05 07:05:11
335040|0000000764714640              |20220525|072216|017|674|0|30300002|130010007|130759325|1|20220525|063002|8001721|20220525|072844|8001096|1|1250|0|      |20220525|20220525|0603|2022-06-05 07:05:11
335042|0000000743727923              |20220525|091423|019|674|0|30300002|130010007|130759338|1|20220525|082039|8001721|20220525|092034|8001096|1|1250|0|      |20220525|20220525|0603|2022-06-05 07:05:11
335044|0000000773655156              |20220525|165046|002|675|0|30300053|130010002|130752386|1|20220525|160640|8002118|20220525|170803|8002279|1|1250|0|      |20220525|20220525|0603|2022-06-05 07:05:11
335046|0000000776085028              |20220525|134054|011|676|0|30300087|130010015|130759631|1|20220525|132026|8002118|20220525|135619|8002279|1|1250|0|      |20220525|20220525|0603|2022-06-05 07:05:11
335453|0000000609642551              |20220525|182746|014|676|1|30300087|130010015|130759629|1|20220525|173725|8002088|20220525|183426|8001575|1|0|0|      |20220525|20220525|0603|2022-06-05 07:05:11
335455|0000000745833514              |20220525|084905|005|675|1|30300078|130010008|130752169|1|20220525|080928|8007279|20220525|085159|8003006|1|0|0|      |20220525|20220525|0603|2022-06-05 07:05:11
335457|0000000765218949              |20220525|081656|013|681|1|30300042|130010009|130759165|1|20220525|074512|8001596|20220525|083101|8002757|1|0|0|      |20220525|20220525|0603|2022-06-05 07:05:11
335459|0000000668968755              |20220525|083619|004|676|1|30300040|130010013|130759830|1|20220525|081340|8001596|20220525|085038|8002757|1|0|0|      |20220525|20220525|0603|2022-06-05 07:05:11
335461|0000000742596781              |20220525|132610|010|681|1|30300042|130010009|130759136|1|20220525|114313|8001596|20220525|133801|8002757|1|0|0|      |20220525|20220525|0603|2022-06-05 07:05:11
335463|0000000779840790              |20220525|165400|002|676|1|30300040|130010007|130759364|1|20220525|163633|8001596|20220525|170251|8002757|1|0|0|      |20220525|20220525|0603|2022-06-05 07:05:11
335465|0000000772039832              |20220525|194504|010|676|1|30300040|130010007|130759385|4|20220525|193121|8001596|20220525|195654|8002757|1|0|0|      |20220525|20220525|0603|2022-06-05 07:05:11
335467|0000000753112453              |20220525|205359|031|676|2|30300040|130010013|130759804|1|20220525|203741|8001596|20220525|210511|8002757|1|0|0|      |20220525|20220525|0603|2022-06-05 07:05:11
335469|0000000912112593              |20220525|213853|001|676|1|30300040|130010013|130759822|1|20220525|212218|8001596|20220525|214806|8002757|1|0|0|      |20220525|20220525|0603|2022-06-05 07:05:11
335471|0000000770953602              |20220525|230005|002|674|1|30300002|130010007|130759324|1|20220525|221808|8001430|20220525|230322|8002609|1|0|0|      |20220525|20220525|0603|2022-06-05 07:05:11
335473|0000000909655291              |20220525|090030|011|675|1|30300079|130010009|130759111|1|20220525|060019|8001430|20220525|090426|8002609|1|0|0|      |20220525|20220525|0603|2022-06-05 07:05:11
335475|0000000713826495              |20220525|181007|012|676|2|30300069|130010001|130759405|1|20220525|172624|8002970|20220525|181425|8007369|1|0|0|      |20220525|20220525|0603|2022-06-05 07:05:11
335477|0000000647060402              |20220525|190845|031|675|1|30300049|130010004|130752287|1|20220525|183108|8002432|20220525|191047|8001493|1|0|0|      |20220525|20220525|0603|2022-06-05 07:05:11
335884|0000000920920933              |20220525|101110|021|675|1|30300047|130010001|130759430|1|20220525|085242|8001773|20220525|102158|8003101|1|0|0|      |20220525|20220525|0603|2022-06-05 07:05:11
335886|0000000641165129              |20220525|124410|025|675|1|30300047|130010001|130759705|1|20220525|122358|8001773|20220525|125451|8003101|1|0|0|      |20220525|20220525|0603|2022-06-05 07:05:11
335888|0000000918276621              |20220525|165904|010|675|1|30300047|130010001|130759438|1|20220525|164220|8001773|20220525|171104|8003101|1|0|0|      |20220525|20220525|0603|2022-06-05 07:05:11
335890|0000000727187965              |20220525|093127|015|675|1|30300060|130010014|130753507|1|20220525|072049|8001852|20220525|093949|8001868|1|0|0|      |20220525|20220525|0603|2022-06-05 07:05:11
335892|0000000903817619              |20220525|164044|008|675|1|30300060|130010014|130753244|1|20220525|134825|8001852|20220525|164751|8001868|1|0|0|      |20220525|20220525|0603|2022-06-05 07:05:11
335894|0000000740178196              |20220525|094351|011|676|1|30300054|130010007|130759379|1|20220525|093213|8002708|20220525|095137|8001084|1|0|0|      |20220525|20220525|0603|2022-06-05 07:05:11
335896|0000000904734967              |20220525|182440|005|676|0|30300090|130010005|130759206|4|20220525|164622|8005990|20220525|190437|8002953|1|750|0|      |20220525|20220525|0603|2022-06-05 07:05:11
335898|0000000921399264              |20220525|080411|003|676|1|30300054|130010007|130759387|1|20220525|072124|8002453|20220525|083332|8001305|1|0|0|      |20220525|20220525|0603|2022-06-05 07:05:11
335900|0000000906096164              |20220525|153143|006|676|1|30300054|130010007|130759349|1|20220525|145606|8002453|20220525|155831|8001305|1|0|0|      |20220525|20220525|0603|2022-06-05 07:05:11
335902|0000000719390603              |20220525|172831|004|676|1|30300054|130010007|130759381|1|20220525|164829|8002453|20220525|175325|8001305|1|0|0|      |20220525|20220525|0603|2022-06-05 07:05:11
335904|0000000740617411              |20220525|185114|028|676|1|30300054|130010007|130759341|1|20220525|180558|8002453|20220525|191758|8001305|1|0|0|      |20220525|20220525|0603|2022-06-05 07:05:11
335906|0000000664889241              |20220525|221412|013|676|1|30300054|130010007|130759349|1|20220525|214812|8002453|20220525|223812|8001305|1|0|0|      |20220525|20220525|0603|2022-06-05 07:05:11
335908|0000000734144546              |20220525|105354|025|675|1|30300064|130010015|130759625|1|20220525|103026|8002635|20220525|110240|8001396|1|0|0|      |20220525|20220525|0603|2022-06-05 07:05:11
335910|0000000676899226              |20220525|070144|028|675|1|30300064|130010015|130759683|1|20220525|064339|8002635|20220525|070842|8001396|1|0|0|      |20220525|20220525|0603|2022-06-05 07:05:11
336317|0000000774838189              |20220525|163223|008|675|0|30300079|130010009|130759138|1|20220525|122907|8002315|20220525|164936|8001529|1|1250|0|      |20220525|20220525|0603|2022-06-05 07:05:11
336319|0000000677071581              |20220525|165847|026|675|0|30300055|130010014|130753221|1|20220525|125231|8001500|20220525|171600|8002345|1|1250|0|      |20220525|20220525|0603|2022-06-05 07:05:11
334618|0000000676794857              |20220525|160350|030|676|0|30300087|130010015|130759611|1|20220525|145501|8003012|20220525|160910|8002259|1|1250|0|      |20220525|20220525|0603|2022-06-05 07:05:11
334620|0000000725150084              |20220525|130605|029|680|0|30300009|130010002|130752558|1|20220525|120448|8001493|20220525|131426|8001011|1|1250|0|      |20220525|20220525|0603|2022-06-05 07:05:11
334622|0000000748841212              |20220525|083937|027|675|0|30300091|130010013|130759816|1|20220525|065948|8001418|20220525|085114|8002904|1|1250|0|      |20220525|20220525|0603|2022-06-05 07:05:11
334624|0000000908854878              |20220525|103157|024|675|0|30300058|130010004|130752278|1|20220525|095119|8001418|20220525|104248|8002904|1|1250|0|      |20220525|20220525|0603|2022-06-05 07:05:11
334626|0000000711937588              |20220525|090547|017|675|0|30300058|130010004|130752295|1|20220525|062815|8001418|20220525|091913|8002904|1|1250|0|      |20220525|20220525|0603|2022-06-05 07:05:11
334628|0000000714054186              |20220525|093526|021|675|0|30300058|130010004|130752202|1|20220525|080610|8001418|20220525|094646|8002904|1|1250|0|      |20220525|20220525|0603|2022-06-05 07:05:11
334630|0000000773598351              |20220525|124521|030|675|0|30300091|130010013|130759821|1|20220525|110502|8001418|20220525|125651|8002904|1|1250|0|      |20220525|20220525|0603|2022-06-05 07:05:11
334632|0000000762664417              |20220525|161840|023|675|0|30300058|130010004|130752200|1|20220525|153323|8001418|20220525|163049|8002904|1|1250|0|      |20220525|20220525|0603|2022-06-05 07:05:11
334634|0000000742426988              |20220525|102638|031|675|0|30300058|130010004|130752295|1|20220525|062815|8001935|20220525|103709|8001851|1|1250|0|      |20220525|20220525|0603|2022-06-05 07:05:11
334636|0000000770604706              |20220525|073015|030|675|0|30300055|130010014|130753221|1|20220525|054448|8001667|20220525|073743|8001927|1|1250|0|      |20220525|20220525|0603|2022-06-05 07:05:11
334638|0000000778198321              |20220525|084751|002|675|0|30300055|130010014|130753229|1|20220525|082605|8001667|20220525|085701|8001927|1|1250|0|      |20220525|20220525|0603|2022-06-05 07:05:11
334640|0000000703097374              |20220525|082608|025|675|0|30300055|130010014|130753213|1|20220525|075908|8001667|20220525|083406|8001927|1|1250|0|      |20220525|20220525|0603|2022-06-05 07:05:11
335047|0000000728261989              |20220525|163005|030|676|0|30300087|130010008|130752157|1|20220525|161440|8002118|20220525|164825|8002279|1|1250|0|      |20220525|20220525|0603|2022-06-05 07:05:11
335049|0000000608115717              |20220525|191027|025|676|0|30300087|130010015|130759641|1|20220525|185642|8002118|20220525|192748|8002279|1|1250|0|      |20220525|20220525|0603|2022-06-05 07:05:11
335051|0000000900923998              |20220525|123756|014|675|0|30300055|130010014|130753266|1|20220525|120248|8001403|20220525|125119|8001412|1|1250|0|      |20220525|20220525|0603|2022-06-05 07:05:11
335053|0000000767069661              |20220525|144736|011|675|0|30300055|130010014|130753252|1|20220525|140621|8001403|20220525|150231|8001412|1|1250|0|      |20220525|20220525|0603|2022-06-05 07:05:11
335055|0000000908704784              |20220525|155145|028|675|0|30300055|130010014|130753269|1|20220525|150037|8001403|20220525|160731|8001412|1|1250|0|      |20220525|20220525|0603|2022-06-05 07:05:11
335057|0000000776817190              |20220525|163200|013|675|0|30300055|130010014|130753212|1|20220525|155610|8001403|20220525|165202|8001412|1|1250|0|      |20220525|20220525|0603|2022-06-05 07:05:11
335059|0000000746659661              |20220525|164147|014|675|0|30300055|130010014|130753205|1|20220525|160637|8001403|20220525|165742|8001412|1|1250|0|      |20220525|20220525|0603|2022-06-05 07:05:11
335061|0000000755344342              |20220525|180532|009|675|0|30300055|130010014|130753227|1|20220525|172758|8001403|20220525|182502|8001412|1|1250|0|      |20220525|20220525|0603|2022-06-05 07:05:11
335063|0000000762709201              |20220525|194957|026|675|0|30300055|130010014|130753269|1|20220525|182723|8001403|20220525|200347|8001412|1|1250|0|      |20220525|20220525|0603|2022-06-05 07:05:11
335065|0000000723169441              |20220525|072649|031|674|0|30300002|130010007|130759315|1|20220525|070605|8001792|20220525|073414|8002437|1|1250|0|      |20220525|20220525|0603|2022-06-05 07:05:11
335067|0000000640006597              |20220525|114527|007|674|0|30300002|130010007|130759321|1|20220525|112937|8001792|20220525|115235|8002437|1|1250|0|      |20220525|20220525|0603|2022-06-05 07:05:11
335069|0000000909314738              |20220525|161446|003|674|0|30300002|130010007|130759324|1|20220525|155957|8001792|20220525|162222|8002437|1|1250|0|      |20220525|20220525|0603|2022-06-05 07:05:11
335071|0000000677688519              |20220525|163315|007|674|0|30300002|130010007|130759327|1|20220525|161735|8001792|20220525|164131|8002437|1|1250|0|      |20220525|20220525|0603|2022-06-05 07:05:11
335073|0000000441966309              |20220525|195606|012|674|0|30300002|130010007|130759325|1|20220525|194959|8001792|20220525|200253|8002437|1|1250|0|      |20220525|20220525|0603|2022-06-05 07:05:11
335480|0000000771131266              |20220525|101717|026|676|0|30300043|130010015|130759632|4|20220525|101110|8005587|20220525|102601|8007325|1|750|0|      |20220525|20220525|0603|2022-06-05 07:05:11
335482|0000000743376127              |20220525|102734|007|675|1|30300049|130010004|130752264|1|20220525|095215|8002432|20220525|103114|8001493|1|0|0|      |20220525|20220525|0603|2022-06-05 07:05:11
335484|0000000904214466              |20220525|074358|022|675|0|30300066|130010015|130759605|4|20220525|071655|8002456|20220525|075749|8002251|1|750|0|      |20220525|20220525|0603|2022-06-05 07:05:11
335486|0000000773533801              |20220525|080526|010|676|1|30300037|130010006|130759017|1|20220525|072429|8002608|20220525|081518|8002236|1|0|0|      |20220525|20220525|0603|2022-06-05 07:05:11
335488|0000000731760490              |20220525|083708|012|676|1|30300037|130010006|130752011|1|20220525|060255|8002608|20220525|084513|8002236|1|0|0|      |20220525|20220525|0603|2022-06-05 07:05:11
335490|0000000624819749              |20220525|074601|008|676|1|30300038|130010014|130753524|1|20220525|053316|8002734|20220525|074800|8001540|1|0|0|      |20220525|20220525|0603|2022-06-05 07:05:11
335492|0000000743819480              |20220525|083355|025|675|2|30300144|130010012|130753314|1|20220525|075813|8002734|20220525|083604|8001540|1|0|0|      |20220525|20220525|0603|2022-06-05 07:05:11
335494|0000000732537739              |20220525|104733|006|675|1|30300144|130010012|130753379|1|20220525|101636|8002734|20220525|104946|8001540|1|0|0|      |20220525|20220525|0603|2022-06-05 07:05:11
335496|0000000743034488              |20220525|171655|024|676|1|30300036|130010012|130753311|1|20220525|152528|8002734|20220525|171914|8001540|1|0|0|      |20220525|20220525|0603|2022-06-05 07:05:11
335498|0000000608857034              |20220525|185913|002|676|1|30300038|130010014|130753255|1|20220525|181000|8002734|20220525|190300|8001540|1|0|0|      |20220525|20220525|0603|2022-06-05 07:05:11
335500|0000000777258676              |20220525|225936|021|675|1|30300078|130010008|130752163|1|20220525|222701|8002734|20220525|230109|8001540|1|0|0|      |20220525|20220525|0603|2022-06-05 07:05:11
352369|0000000775922472              |20220525|084013|002|676|0|30300037|130010006|130752049|1|20220525|080138|8002559|20220525|085425|8005960|1|1250|0|      |20220525|20220525|0603|2022-06-05 07:05:11
352371|0000000746453378              |20220525|181311|004|676|0|30300037|130010006|130752002|1|20220525|164918|8002559|20220525|183051|8005960|1|1250|0|      |20220525|20220525|0603|2022-06-05 07:05:11
352454|0000000709806558              |20220525|161235|018|676|0|30300054|130010007|130759360|1|20220525|151015|8002585|20220525|162025|8002707|1|1250|0|      |20220525|20220525|0603|2022-06-05 07:05:11
352456|0000000712321115              |20220525|104904|019|676|0|30300130|130010008|130752146|1|20220525|104450|8001482|20220525|105533|8001717|1|1250|0|      |20220525|20220525|0603|2022-06-05 07:05:11
352458|0000000736722323              |20220525|171848|003|676|0|30300090|130010005|130759205|1|20220525|125921|8001988|20220525|174229|8005993|1|1250|0|      |20220525|20220525|0603|2022-06-05 07:05:11
352460|0000000772664653              |20220525|135607|004|676|0|30300072|130010001|130759427|1|20220525|121140|8002814|20220525|140829|8002235|1|1250|0|      |20220525|20220525|0603|2022-06-05 07:05:11
352462|0000000750569234              |20220525|163322|017|676|0|30300072|130010001|130759422|1|20220525|141510|8002814|20220525|164623|8002235|1|1250|0|      |20220525|20220525|0603|2022-06-05 07:05:11
352464|0000000736710504              |20220525|192203|009|676|0|30300072|130010001|130759714|1|20220525|190202|8002814|20220525|193414|8002235|1|1250|0|      |20220525|20220525|0603|2022-06-05 07:05:11
352466|0000000774030362              |20220525|120732|006|676|0|30300038|130010014|130753525|1|20220525|115458|8001400|20220525|124538|8001051|1|1250|0|      |20220525|20220525|0603|2022-06-05 07:05:11
352468|0000000725414976              |20220525|164500|027|676|0|30300054|130010007|130759379|1|20220525|162512|8002977|20220525|170159|8002160|1|1250|0|      |20220525|20220525|0603|2022-06-05 07:05:11
352470|0000000921753026              |20220525|174835|026|676|0|30300054|130010007|130759377|1|20220525|172954|8002977|20220525|180324|8002160|1|1250|0|      |20220525|20220525|0603|2022-06-05 07:05:11
352472|0000000777103480              |20220525|182457|009|676|0|30300036|130010012|130753302|1|20220525|175226|8005928|20220525|182728|8002721|1|1250|0|      |20220525|20220525|0603|2022-06-05 07:05:11
352474|0000000416176069              |20220525|072119|014|676|0|30300041|130010012|130753323|1|20220525|071523|8001500|20220525|080236|8002969|1|1250|0|      |20220525|20220525|0603|2022-06-05 07:05:11
352476|0000000743265066              |20220525|081718|002|676|0|30300041|130010012|130753324|1|20220525|064336|8001500|20220525|090129|8002969|1|1250|0|      |20220525|20220525|0603|2022-06-05 07:05:11
352478|0000000778164135              |20220525|114058|004|676|0|30300037|130010006|130752014|1|20220525|104344|8001533|20220525|114701|8002339|1|1250|0|      |20220525|20220525|0603|2022-06-05 07:05:11
352480|0000000620322313              |20220525|131044|001|676|0|30300037|130010006|130759021|1|20220525|121810|8001533|20220525|131835|8002339|1|1250|0|      |20220525|20220525|0603|2022-06-05 07:05:11
352563|0000000742651060              |20220525|072312|019|676|0|30300089|130010011|130759574|1|20220525|064935|8002556|20220525|073457|8007102|1|1250|0|      |20220525|20220525|0603|2022-06-05 07:05:11
352565|0000000743008861              |20220525|162138|028|676|0|30300088|130010002|130752380|1|20220525|151714|8001705|20220525|162420|8003005|1|1250|0|      |20220525|20220525|0603|2022-06-05 07:05:11
352567|0000000745374895              |20220525|231107|016|676|0|30300087|130010008|130752156|1|20220525|221454|8002758|20220525|232542|8001494|1|1250|0|      |20220525|20220525|0603|2022-06-05 07:05:11
352569|0000000731831000              |20220525|143548|013|676|0|30300051|130010008|130752153|1|20220525|141304|8001369|20220525|145033|8002544|1|1250|0|      |20220525|20220525|0603|2022-06-05 07:05:11
352571|0000000652550277              |20220525|221427|014|676|0|30300054|130010007|130759353|1|20220525|212631|8002452|20220525|222059|8001646|1|1250|0|      |20220525|20220525|0603|2022-06-05 07:05:11
352573|0000000751354142              |20220525|190255|010|676|0|30300068|130010006|130752009|1|20220525|180517|8002970|20220525|190658|8002994|1|1250|0|      |20220525|20220525|0603|2022-06-05 07:05:11
352575|0000000741373771              |20220525|104541|004|676|0|30300036|130010011|130759503|1|20220525|101000|8002721|20220525|110635|8001587|1|1250|0|      |20220525|20220525|0603|2022-06-05 07:05:11
352577|0000000748508490              |20220525|194806|005|676|0|30300040|130010013|130759834|1|20220525|165619|8002412|20220525|200011|8002737|1|1250|0|      |20220525|20220525|0603|2022-06-05 07:05:11
352579|0000000763301055              |20220525|070209|022|676|0|30300086|130010013|130759827|1|20220525|060906|8002987|20220525|070546|8001534|1|1250|0|      |20220525|20220525|0603|2022-06-05 07:05:11
352581|0000000675447942              |20220525|081548|017|676|0|30300037|130010006|130759027|1|20220525|075450|8001590|20220525|083919|8001005|1|1250|0|      |20220525|20220525|0603|2022-06-05 07:05:11
352583|0000000724720250              |20220525|154942|005|676|0|30300040|130010007|130759366|1|20220525|152056|8002760|20220525|160515|8007280|1|1250|0|      |20220525|20220525|0603|2022-06-05 07:05:11
352585|0000000450726136              |20220525|214612|009|676|0|30300040|130010013|130759813|1|20220525|214056|8002941|20220525|223425|8002241|1|1250|0|      |20220525|20220525|0603|2022-06-05 07:05:11
352587|0000000617970311              |20220525|151611|016|676|0|30300036|130010011|130759503|1|20220525|145916|8001527|20220525|154322|8001074|1|1250|0|      |20220525|20220525|0603|2022-06-05 07:05:11
346866|0000000903654621              |20220525|154445|008|676|1|30300041|130010012|130753305|1|20220525|142834|8002411|20220525|154728|8005993|1|0|0|      |20220525|20220525|0603|2022-06-05 07:05:11
346868|0000000909460253              |20220525|163503|017|675|1|30300047|130010001|130759408|1|20220525|161257|8002411|20220525|163830|8005993|1|0|0|      |20220525|20220525|0603|2022-06-05 07:05:11
346870|0000000769208077              |20220525|170905|010|676|2|30300041|130010012|130753306|1|20220525|155715|8002411|20220525|171313|8005993|1|0|0|      |20220525|20220525|0603|2022-06-05 07:05:11
346872|0000000748784639              |20220525|173236|030|675|1|30300047|130010001|130759723|1|20220525|171717|8002411|20220525|173643|8005993|1|0|0|      |20220525|20220525|0603|2022-06-05 07:05:11
346874|0000000740515605              |20220525|173616|016|676|2|30300041|130010012|130753327|1|20220525|162050|8002411|20220525|174026|8005993|1|0|0|      |20220525|20220525|0603|2022-06-05 07:05:11
346876|0000000763186479              |20220525|175413|028|676|1|30300090|130010005|130759206|1|20220525|164622|8002411|20220525|175719|8005993|1|0|0|      |20220525|20220525|0603|2022-06-05 07:05:11
346878|0000000741391875              |20220525|183306|023|676|1|30300041|130010012|130753370|1|20220525|171704|8002411|20220525|183606|8005993|1|0|0|      |20220525|20220525|0603|2022-06-05 07:05:11
346880|0000000668232455              |20220525|185144|001|675|1|30300047|130010001|130759702|1|20220525|183238|8002411|20220525|185531|8005993|1|0|0|      |20220525|20220525|0603|2022-06-05 07:05:11
379631|0000000745826107              |20220525|172707|024|676|0|30300040|130010013|130759834|4|20220525|165619|8002757|20220525|180541|8002158|1|750|0|      |20220525|20220525|0603|2022-06-05 07:05:11
379849|0000000627665592              |20220525|081650|017|675|1|30300055|130010014|130753512|1|20220525|081328|8002093|20220525|085309|8002339|1|0|0|      |20220525|20220525|0603|2022-06-05 07:05:11
379851|0000000910061830              |20220525|121228|026|675|1|30300091|130010013|130759881|1|20220525|114341|8002093|20220525|121956|8002464|1|0|0|      |20220525|20220525|0603|2022-06-05 07:05:11
379853|0000000911231312              |20220525|191149|001|675|1|30300091|130010013|130759881|1|20220525|184312|8002093|20220525|193407|8001085|1|0|0|      |20220525|20220525|0603|2022-06-05 07:05:11
379855|0000000742658156              |20220525|182118|003|680|1|30300052|130010006|130752019|1|20220525|154635|8001029|20220525|185029|8002995|1|0|0|      |20220525|20220525|0603|2022-06-05 07:05:11
379857|0000000900038284              |20220525|075301|022|676|1|30300086|130010013|130759809|1|20220525|054802|8002259|20220525|083557|8005953|1|0|0|      |20220525|20220525|0603|2022-06-05 07:05:11
379859|0000000745797728              |20220525|130516|022|675|2|30300091|130010013|130759811|1|20220525|104515|8002259|20220525|131021|8001976|1|0|0|      |20220525|20220525|0603|2022-06-05 07:05:11
379861|0000000460241943              |20220525|145848|026|674|2|30300002|130010007|130759311|1|20220525|140700|8002259|20220525|152514|8001793|1|0|0|      |20220525|20220525|0603|2022-06-05 07:05:11
379863|0000000770975970              |20220525|173249|009|674|1|30300002|130010007|130759329|4|20220525|163434|8002259|20220525|174946|8001631|1|0|0|      |20220525|20220525|0603|2022-06-05 07:05:11
379865|0000000751571871              |20220525|155254|028|675|1|30300046|130010002|130752324|1|20220525|144901|8002375|20220525|162011|8007020|1|0|0|      |20220525|20220525|0603|2022-06-05 07:05:11
379867|0000000725829905              |20220525|201936|029|675|1|30300046|130010002|130752379|1|20220525|191907|8002375|20220525|202033|8001273|1|0|0|      |20220525|20220525|0603|2022-06-05 07:05:11
379869|0000000760493478              |20220525|145241|012|676|1|30300088|130010002|130752317|1|20220525|142324|8001794|20220525|153748|8002960|1|150|0|      |20220525|20220525|0603|2022-06-05 07:05:11
379871|0000000745681403              |20220525|175811|008|676|2|30300036|130010012|130753311|1|20220525|152528|8002375|20220525|180929|8001680|1|0|0|      |20220525|20220525|0603|2022-06-05 07:05:11
379873|0000000762622196              |20220525|070249|007|674|1|30300002|130010007|130759335|1|20220525|065752|8001794|20220525|072256|8001241|1|150|0|      |20220525|20220525|0603|2022-06-05 07:05:11
380125|0000000903967237              |20220525|190157|024|676|0|30300087|130010008|130752158|1|20220525|185905|8007252|20220525|191008|8001473|1|1250|0|      |20220525|20220525|0603|2022-06-05 07:05:11
380127|0000000651089686              |20220525|103259|004|675|0|30300059|130010004|130752218|1|20220525|092524|8006006|20220525|104916|8001928|1|1250|0|      |20220525|20220525|0603|2022-06-05 07:05:11
380129|0000000725606038              |20220525|212031|020|675|0|30300059|130010004|130752246|1|20220525|150745|8006006|20220525|213514|8001928|1|1250|0|      |20220525|20220525|0603|2022-06-05 07:05:11
380131|0000000725563322              |20220525|221945|004|675|0|30300059|130010004|130752204|1|20220525|131305|8006006|20220525|223314|8001928|1|1250|0|      |20220525|20220525|0603|2022-06-05 07:05:11
380133|0000000918456947              |20220525|173929|007|675|0|30300047|130010001|130759430|1|20220525|165821|8070012|20220525|180305|8001192|1|1250|0|      |20220525|20220525|0603|2022-06-05 07:05:11
380135|0000000743736776              |20220525|173837|010|675|0|30300064|130010015|130759623|1|20220525|134616|8001625|20220525|175537|8002356|1|1250|0|      |20220525|20220525|0603|2022-06-05 07:05:11
380137|0000000756416702              |20220525|081642|026|675|0|30300101|130010002|130752304|1|20220525|074621|8001648|20220525|084916|8002453|1|1250|0|      |20220525|20220525|0603|2022-06-05 07:05:11
380139|0000000755610280              |20220525|123145|008|675|0|30300101|130010002|130752309|1|20220525|120008|8001648|20220525|125216|8002453|1|1250|0|      |20220525|20220525|0603|2022-06-05 07:05:11
380141|0000000744336754              |20220525|083005|009|676|0|30300068|130010006|130752028|1|20220525|064843|8002231|20220525|084406|8001097|1|1250|0|      |20220525|20220525|0603|2022-06-05 07:05:11
380143|0000000607363711              |20220525|142123|027|675|0|30300061|130010015|130759617|1|20220525|140134|8002888|20220525|143206|8001410|1|1250|0|      |20220525|20220525|0603|2022-06-05 07:05:11
380145|0000000777999769              |20220525|083754|024|675|0|30300108|130010007|130759317|1|20220525|080937|8002375|20220525|085634|8002740|1|1250|0|      |20220525|20220525|0603|2022-06-05 07:05:11
380147|0000000762881815              |20220525|171200|014|675|0|30300077|130010006|130752013|1|20220525|163144|8002995|20220525|173125|8001032|1|1250|0|      |20220525|20220525|0603|2022-06-05 07:05:11
380149|0000000741375977              |20220525|085615|013|675|0|30300056|130010012|130753319|1|20220525|081843|8001057|20220525|091329|8001279|1|1250|0|      |20220525|20220525|0603|2022-06-05 07:05:11
380151|0000000774043447              |20220525|182127|005|676|0|30300071|130010009|130759106|1|20220525|122453|8001463|20220525|184243|8002280|1|1250|0|      |20220525|20220525|0603|2022-06-05 07:05:11
380423|0000000743551134              |20220525|174041|016|675|0|30300050|130010007|130759372|1|20220525|170809|8002872|20220525|174312|8002735|1|1250|0|      |20220525|20220525|0603|2022-06-05 07:05:11
380425|0000000903993853              |20220525|133620|021|674|0|30300100|130010002|130752381|1|20220525|131047|8001492|20220525|135153|8002629|1|1250|0|      |20220525|20220525|0603|2022-06-05 07:05:11
380427|0000000665392554              |20220525|204903|011|675|0|30300060|130010014|130753241|1|20220525|181915|8001049|20220525|210957|8002088|1|1250|0|      |20220525|20220525|0603|2022-06-05 07:05:11
380429|0000000607513416              |20220525|084606|024|675|0|30300064|130010015|130759676|1|20220525|083750|8001405|20220525|085252|8002635|1|1250|0|      |20220525|20220525|0603|2022-06-05 07:05:11
380431|0000000733100853              |20220525|131815|007|675|0|30300067|130010001|130759473|1|20220525|124451|8002573|20220525|134605|8002636|1|1250|0|      |20220525|20220525|0603|2022-06-05 07:05:11
380433|0000000752187245              |20220525|165348|017|675|0|30300082|130010001|130759770|1|20220525|130546|8002447|20220525|170325|8001660|1|1250|0|      |20220525|20220525|0603|2022-06-05 07:05:11
380435|0000000766388001              |20220525|175536|024|675|0|30300065|130010004|130752242|1|20220525|174442|8002460|20220525|181758|8001420|1|1250|0|      |20220525|20220525|0603|2022-06-05 07:05:11
380437|0000000921452371              |20220525|184902|014|675|0|30300095|130010011|130759528|1|20220525|151634|8001084|20220525|190829|8002508|1|1250|0|      |20220525|20220525|0603|2022-06-05 07:05:11
380439|0000000709628509              |20220525|130236|022|678|0|30300074|130110001|130745022|1|20220524|060850|8002993|20220525|131847|8001749|1|1250|0|      |20220525|20220525|0603|2022-06-05 07:05:11
376422|0000000743404736              |20220525|063225|008|832|0|30300128|130710001|130759913|1|20220525|053348|3053004|20220525|065714|8007290|1|1700|300|      |20220525|20220525|0603|2022-06-05 07:05:11
376424|0000000778774548              |20220525|063417|012|832|1|30300128|130710001|130759913|1|20220525|053348|8007057|20220525|070953|8007276|1|300|300|      |20220525|20220525|0603|2022-06-05 07:05:11
376426|0000000779308493              |20220525|063947|026|832|0|30300128|130710001|130759913|1|20220525|053348|8007298|20220525|071708|8001420|1|1700|300|      |20220525|20220525|0603|2022-06-05 07:05:11
376428|0000000734109827              |20220525|064313|023|832|1|30300128|130710001|130759913|1|20220525|053348|8007294|20220525|071710|8001420|1|300|300|      |20220525|20220525|0603|2022-06-05 07:05:11
376430|0000000672312774              |20220525|064319|009|832|0|30300128|130710001|130759913|1|20220525|053348|8007294|20220525|065707|8007290|1|1700|300|      |20220525|20220525|0603|2022-06-05 07:05:11
376432|0000000734662074              |20220525|064324|023|832|0|30300128|130710001|130759913|1|20220525|053348|8007294|20220525|071407|8007270|1|1700|300|      |20220525|20220525|0603|2022-06-05 07:05:11
376434|0000000760265032              |20220525|064330|019|832|0|30300128|130710001|130759913|1|20220525|053348|8007294|20220525|072156|8007268|1|1700|300|      |20220525|20220525|0603|2022-06-05 07:05:11
376436|0000000725909794              |20220525|064711|011|832|1|30300128|130710001|130759913|1|20220525|053348|8007292|20220525|065613|8007290|1|300|300|      |20220525|20220525|0603|2022-06-05 07:05:11
376438|0000000760367987              |20220525|074317|013|832|0|30300128|130710001|130759913|1|20220525|053348|8007273|20220525|081556|8007293|1|1700|300|      |20220525|20220525|0603|2022-06-05 07:05:11
376440|0000000921876582              |20220525|074426|020|832|1|30300128|130710001|130759913|1|20220525|053348|8007275|20220525|081551|8007293|1|450|300|      |20220525|20220525|0603|2022-06-05 07:05:11
376442|0000000766803919              |20220525|074553|004|832|1|30300128|130710001|130759913|1|20220525|053348|8007279|20220525|082416|3053005|1|450|300|      |20220525|20220525|0603|2022-06-05 07:05:11
376444|0000000751916671              |20220525|073429|002|832|1|30300128|130710001|130759913|1|20220525|053348|8007268|20220525|081550|8007293|1|450|300|      |20220525|20220525|0603|2022-06-05 07:05:11
376446|0000000774342132              |20220525|073438|002|832|0|30300128|130710001|130759913|1|20220525|053348|8007268|20220525|082301|8007052|1|1700|300|      |20220525|20220525|0603|2022-06-05 07:05:11
376448|0000000921016230              |20220525|073726|008|832|1|30300128|130710001|130759913|1|20220525|053348|8007412|20220525|082436|3053005|1|450|300|      |20220525|20220525|0603|2022-06-05 07:05:11
376855|0000000908525304              |20220525|132322|015|675|1|30300082|130010001|130759728|1|20220525|061902|8005581|20220525|133454|8001587|1|0|0|      |20220525|20220525|0603|2022-06-05 07:05:11
376857|0000000629336080              |20220525|160734|024|675|1|30300082|130010001|130759413|1|20220525|150750|8005998|20220525|163337|8002279|1|0|0|      |20220525|20220525|0603|2022-06-05 07:05:11
376859|0000000903936692              |20220525|175136|031|676|1|30300070|130010004|130752606|1|20220525|150421|8001941|20220525|180925|8001938|1|0|0|      |20220525|20220525|0603|2022-06-05 07:05:11
376861|0000000758974707              |20220525|204124|006|675|1|30300082|130010001|130759709|1|20220525|184930|8001989|20220525|211154|8002878|1|0|0|      |20220525|20220525|0603|2022-06-05 07:05:11
376863|0000000773643229              |20220525|165343|003|676|1|30300090|130010005|130759205|1|20220525|125921|8002075|20220525|171303|8002453|1|0|0|      |20220525|20220525|0603|2022-06-05 07:05:11
376865|0000000911229229              |20220525|154230|026|676|1|30300090|130010005|130759207|1|20220525|144909|8002378|20220525|160434|8001641|1|0|0|      |20220525|20220525|0603|2022-06-05 07:05:11
376867|0000000625195995              |20220525|160205|026|675|2|30300077|130010006|130752013|1|20220525|151511|8001493|20220525|160739|8002579|1|0|0|      |20220525|20220525|0603|2022-06-05 07:05:11
376869|0000000741933390              |20220525|141541|019|675|1|30300056|130010012|130753319|1|20220525|120720|8002754|20220525|143035|8002410|1|0|0|      |20220525|20220525|0603|2022-06-05 07:05:11
376871|0000000701882934              |20220525|115709|007|676|1|30300040|130010013|130759878|1|20220525|113922|8001596|20220525|121621|8002760|1|0|0|      |20220525|20220525|0603|2022-06-05 07:05:11
376873|0000000743099656              |20220525|095541|003|675|1|30300056|130010012|130753307|1|20220525|061441|8001084|20220525|103348|8007483|1|0|0|      |20220525|20220525|0603|2022-06-05 07:05:11
376875|0000000649244968              |20220525|120755|029|675|1|30300067|130010001|130759425|1|20220525|111742|8002633|20220525|122214|8001655|1|0|0|      |20220525|20220525|0603|2022-06-05 07:05:11
376877|0000000903923734              |20220525|134651|016|675|1|30300056|130010012|130753307|1|20220525|114759|8002831|20220525|141637|8001168|1|0|0|      |20220525|20220525|0603|2022-06-05 07:05:11
376879|0000000665516030              |20220525|152340|016|676|2|30300090|130010005|130759216|1|20220525|143031|8005921|20220525|154327|8001641|1|0|0|      |20220525|20220525|0603|2022-06-05 07:05:11
377286|0000000921814790              |20220525|164623|015|676|1|30300051|130010008|130752109|1|20220525|163845|8001096|20220525|172757|8001028|1|0|0|      |20220525|20220525|0603|2022-06-05 07:05:11
377288|0000000613806389              |20220525|120525|027|676|1|30300037|130010006|130759016|1|20220525|112855|8002559|20220525|123355|8002345|1|0|0|      |20220525|20220525|0603|2022-06-05 07:05:11
377290|0000000763637810              |20220525|171632|010|676|1|30300037|130010006|130759023|1|20220525|164745|8005881|20220525|173758|8002312|1|0|0|      |20220525|20220525|0603|2022-06-05 07:05:11
377292|0000000741124673              |20220525|204954|008|676|1|30300051|130010008|130752122|1|20220525|201849|8002734|20220525|211051|8001079|1|0|0|      |20220525|20220525|0603|2022-06-05 07:05:11
377294|0000000742733220              |20220525|144839|030|675|1|30300055|130010014|130753221|1|20220525|125231|8001846|20220525|152729|8001349|1|0|0|      |20220525|20220525|0603|2022-06-05 07:05:11
377296|0000000704080876              |20220525|173646|015|676|1|30300051|130010008|130752113|1|20220525|164700|8001927|20220525|175414|8001996|1|0|0|      |20220525|20220525|0603|2022-06-05 07:05:11
377298|0000000763072861              |20220525|090857|020|676|1|30300051|130010008|130752121|1|20220525|083315|8002605|20220525|093321|8001526|1|0|0|      |20220525|20220525|0603|2022-06-05 07:05:11
377300|0000000464696023              |20220525|160938|027|675|1|30300055|130010014|130753238|1|20220525|155905|8001848|20220525|162707|8001934|1|0|0|      |20220525|20220525|0603|2022-06-05 07:05:11
377302|0000000741934689              |20220525|142331|029|676|1|30300051|130010008|130752119|1|20220525|134916|8002543|20220525|143533|8001940|1|0|0|      |20220525|20220525|0603|2022-06-05 07:05:11
377304|0000000757676759              |20220525|160104|016|676|1|30300054|130010007|130759374|1|20220525|153234|8001261|20220525|163752|8001586|1|0|0|      |20220525|20220525|0603|2022-06-05 07:05:11
369082|0000000774215322              |20220525|205010|013|675|2|30300060|130010014|130753507|1|20220525|195118|8002276|20220525|210029|8001717|1|0|0|      |20220525|20220525|0603|2022-06-05 07:05:11
369084|0000000677416714              |20220525|173841|015|676|1|30300137|130010004|130752600|1|20220525|172619|8001527|20220525|180916|8001026|1|0|0|      |20220525|20220525|0603|2022-06-05 07:05:11
369086|0000000903974533              |20220525|133456|015|675|1|30300079|130010009|130759128|1|20220525|125239|8002888|20220525|134732|8001855|1|0|0|      |20220525|20220525|0603|2022-06-05 07:05:11
369088|0000000903485496              |20220525|110408|027|674|1|30300002|130010007|130759306|1|20220525|101635|8002465|20220525|112024|8002134|1|0|0|      |20220525|20220525|0603|2022-06-05 07:05:11
369495|0000000742808863              |20220525|164317|019|674|1|30300104|130010002|130752313|1|20220525|163136|8001062|20220525|170033|8070018|1|0|0|      |20220525|20220525|0603|2022-06-05 07:05:11
369497|0000000676284304              |20220525|200102|006|674|1|30300104|130010002|130752346|1|20220525|194953|8001062|20220525|202137|8070018|1|0|0|      |20220525|20220525|0603|2022-06-05 07:05:11
369499|0000000619361640              |20220525|152816|020|674|1|30300104|130010002|130752303|1|20220525|143129|8001062|20220525|154524|8070018|1|500|0|      |20220525|20220525|0603|2022-06-05 07:05:11
369501|0000000752423893              |20220525|165736|026|675|0|30300079|130010009|130759129|4|20220525|125134|8001366|20220525|170347|8002454|1|750|0|      |20220525|20220525|0603|2022-06-05 07:05:11
369503|0000000904462714              |20220525|164241|006|675|0|30300079|130010009|130759138|4|20220525|122907|8001366|20220525|165106|8002454|1|750|0|      |20220525|20220525|0603|2022-06-05 07:05:11
369505|0000000766652029              |20220525|055027|008|674|1|30300002|130010007|130759304|1|20220525|053811|8002437|20220525|060343|8002611|1|0|0|      |20220525|20220525|0603|2022-06-05 07:05:11
369507|0000000731178388              |20220525|142537|020|674|1|30300002|130010007|130759311|1|20220525|140700|8002437|20220525|144607|8002611|1|0|0|      |20220525|20220525|0603|2022-06-05 07:05:11
369509|0000000918313978              |20220525|164958|005|674|1|30300002|130010007|130759335|1|20220525|162545|8002437|20220525|171420|8002611|1|0|0|      |20220525|20220525|0603|2022-06-05 07:05:11
369511|0000000906325728              |20220525|212335|028|674|1|30300002|130010007|130759333|1|20220525|210327|8002437|20220525|213951|8002611|1|0|0|      |20220525|20220525|0603|2022-06-05 07:05:11
369513|0000000906615582              |20220525|123501|002|675|1|30300077|130010006|130752013|1|20220525|121208|8001419|20220525|124847|8002433|1|0|0|      |20220525|20220525|0603|2022-06-05 07:05:11
369515|0000000725470334              |20220525|182004|004|675|1|30300077|130010006|130752034|1|20220525|175408|8001419|20220525|184212|8002433|1|0|0|      |20220525|20220525|0603|2022-06-05 07:05:11
369517|0000000644386182              |20220525|124538|001|675|1|30300077|130010006|130752041|1|20220525|122506|8001419|20220525|130012|8002433|1|0|0|      |20220525|20220525|0603|2022-06-05 07:05:11
369519|0000000774245221              |20220525|152503|006|675|1|30300075|130010005|130759227|1|20220525|145410|8001534|20220525|153244|8001876|1|0|0|      |20220525|20220525|0603|2022-06-05 07:05:11
369926|0000000903465531              |20220525|181201|017|676|0|30300093|130010004|130752215|1|20220525|174414|8002532|20220525|183943|8002462|1|1250|0|      |20220525|20220525|0603|2022-06-05 07:05:11
369928|0000000903386804              |20220525|205625|019|676|0|30300068|130010006|130752008|1|20220525|192827|8070005|20220525|210935|8002942|1|1250|0|      |20220525|20220525|0603|2022-06-05 07:05:11
369930|0000000921541023              |20220525|210635|027|675|0|30300096|130010006|130752066|1|20220525|201835|8002884|20220525|212655|8002935|1|1250|0|      |20220525|20220525|0603|2022-06-05 07:05:11
369932|0000000713862822              |20220525|222315|019|675|0|30300049|130010004|130752287|1|20220525|220509|8001356|20220525|224022|8001731|1|1250|0|      |20220525|20220525|0603|2022-06-05 07:05:11
369934|0000000776244493              |20220525|144224|013|675|0|30300058|130010004|130752266|1|20220525|130725|8001085|20220525|151349|8001669|1|1250|0|      |20220525|20220525|0603|2022-06-05 07:05:11
369936|0000000706131118              |20220525|165656|005|676|0|30300040|130010007|130759366|1|20220525|164222|8001400|20220525|172520|8002935|1|1250|0|      |20220525|20220525|0603|2022-06-05 07:05:11
369938|0000000908697189              |20220525|082101|030|675|0|30300050|130010007|130759369|1|20220525|074127|8002997|20220525|085613|8001332|1|1250|0|      |20220525|20220525|0603|2022-06-05 07:05:11
369940|0000000709628747              |20220525|211430|008|675|0|30300056|130010012|130753319|1|20220525|190107|8001589|20220525|212128|8001426|1|1250|0|      |20220525|20220525|0603|2022-06-05 07:05:11
369942|0000000770626591              |20220525|075829|030|675|0|30300080|130010009|130759152|1|20220525|054429|8002464|20220525|083420|8001348|1|1250|0|      |20220525|20220525|0603|2022-06-05 07:05:11
369944|0000000725386897              |20220525|065251|002|681|0|30300042|130010009|130759127|1|20220525|054019|8001596|20220525|072005|8001408|1|1250|0|      |20220525|20220525|0603|2022-06-05 07:05:11
369946|0000000778289593              |20220525|163243|017|675|0|30300060|130010014|130753241|1|20220525|140811|8001239|20220525|171214|8002704|1|1250|0|      |20220525|20220525|0603|2022-06-05 07:05:11
369948|0000000746720689              |20220525|192706|007|675|0|30300060|130010014|130753523|1|20220525|162221|8002088|20220525|195027|8001459|1|1250|0|      |20220525|20220525|0603|2022-06-05 07:05:11
369950|0000000725873787              |20220525|154824|001|676|0|30300071|130010009|130759105|1|20220525|121140|8001318|20220525|162003|8001587|1|1250|0|      |20220525|20220525|0603|2022-06-05 07:05:11
369952|0000000761870052              |20220525|122345|021|675|0|30300066|130010015|130759687|1|20220525|115501|8002251|20220525|125439|8002329|1|1250|0|      |20220525|20220525|0603|2022-06-05 07:05:11
370359|0000000727659844              |20220525|075437|025|675|0|30300091|130010013|130759828|1|20220525|062851|8001348|20220525|090016|8002127|1|1250|0|      |20220525|20220525|0603|2022-06-05 07:05:11
370361|0000000738496672              |20220525|202500|031|675|0|30300064|130010015|130759638|1|20220525|191237|8001625|20220525|205937|8005877|1|1250|0|      |20220525|20220525|0603|2022-06-05 07:05:11
370363|0000000757495576              |20220525|120505|016|675|0|30300066|130010015|130759687|1|20220525|115501|8001253|20220525|122007|8001792|1|1250|0|      |20220525|20220525|0603|2022-06-05 07:05:11
370365|0000000773494983              |20220525|131733|009|675|0|30300062|130010008|130752135|1|20220525|124541|8002428|20220525|135956|8001318|1|1250|0|      |20220525|20220525|0603|2022-06-05 07:05:11
370367|0000000759805710              |20220525|093922|019|675|0|30300091|130010013|130759812|1|20220525|092018|8002140|20220525|100623|8001085|1|1250|0|      |20220525|20220525|0603|2022-06-05 07:05:11
370369|0000000650394447              |20220525|192709|001|675|0|30300064|130010015|130759644|1|20220525|190606|8001414|20220525|194354|8002833|1|1250|0|      |20220525|20220525|0603|2022-06-05 07:05:11
360993|0000000756805318              |20220525|093026|023|676|0|30300051|130010008|130752108|1|20220525|080140|8007010|20220525|094918|8001420|1|1250|0|      |20220525|20220525|0603|2022-06-05 07:05:11
360995|0000000761651665              |20220525|135637|002|675|0|30300055|130010014|130753265|1|20220525|055709|8002602|20220525|140236|8001414|1|1250|0|      |20220525|20220525|0603|2022-06-05 07:05:11
360997|0000000772070816              |20220525|080800|001|676|0|30300073|130010009|130759122|1|20220525|080302|8002110|20220525|090033|8001420|1|1250|0|      |20220525|20220525|0603|2022-06-05 07:05:11
360999|0000000679355142              |20220525|123448|015|676|0|30300089|130010011|130759513|1|20220525|111317|8001629|20220525|124955|8001420|1|1250|0|      |20220525|20220525|0603|2022-06-05 07:05:11
361001|0000000912116811              |20220525|070057|001|675|0|30300057|130010001|130759758|1|20220525|063526|8001747|20220525|070831|8001414|1|1250|0|      |20220525|20220525|0603|2022-06-05 07:05:11
361003|0000000912321027              |20220525|081220|001|675|0|30300080|130010009|130759172|1|20220525|070009|8001560|20220525|082835|8001420|1|1250|0|      |20220525|20220525|0603|2022-06-05 07:05:11
361005|0000000766931296              |20220525|085820|031|675|0|30300057|130010001|130759470|1|20220525|071901|8002032|20220525|091232|8001414|1|1250|0|      |20220525|20220525|0603|2022-06-05 07:05:11
361007|0000000760735398              |20220525|105307|018|675|0|30300080|130010009|130759153|1|20220525|094437|8002244|20220525|110356|8001420|1|1250|0|      |20220525|20220525|0603|2022-06-05 07:05:11
361009|0000000708146953              |20220525|150409|001|676|0|30300073|130010009|130759122|1|20220525|144302|8001330|20220525|154257|8001420|1|1250|0|      |20220525|20220525|0603|2022-06-05 07:05:11
361416|0000000714166258              |20220525|182158|001|676|0|30300088|130010006|130752023|1|20220525|170309|8001586|20220525|183905|8002889|1|1250|0|      |20220525|20220525|0603|2022-06-05 07:05:11
361418|0000000743587835              |20220525|180200|006|676|0|30300088|130010002|130752356|1|20220525|165154|8001196|20220525|184504|8002351|1|1250|0|      |20220525|20220525|0603|2022-06-05 07:05:11
361420|0000000904269002              |20220525|190139|002|676|0|30300088|130010002|130752512|1|20220525|185943|8001195|20220525|192803|8001305|1|1250|0|      |20220525|20220525|0603|2022-06-05 07:05:11
361422|0000000742897195              |20220525|200204|003|676|0|30300088|130010002|130752553|1|20220525|183210|8002847|20220525|200323|8002131|1|1250|0|      |20220525|20220525|0603|2022-06-05 07:05:11
361424|0000000779305214              |20220525|214022|005|676|0|30300088|130010002|130752338|1|20220525|202742|8002048|20220525|215045|8002847|1|1250|0|      |20220525|20220525|0603|2022-06-05 07:05:11
361426|0000000918461797              |20220525|075651|001|676|0|30300043|130010015|130759601|1|20220525|072015|8002697|20220525|080426|8001404|1|1250|0|      |20220525|20220525|0603|2022-06-05 07:05:11
361428|0000000773809950              |20220525|083021|010|676|0|30300043|130010015|130759601|1|20220525|072015|8001628|20220525|083806|8002553|1|1250|0|      |20220525|20220525|0603|2022-06-05 07:05:11
361430|0000000770569487              |20220525|140647|019|676|0|30300043|130010015|130759640|1|20220525|132704|8001404|20220525|142618|8001575|1|1250|0|      |20220525|20220525|0603|2022-06-05 07:05:11
361432|0000000906585022              |20220525|155309|003|676|0|30300043|130010015|130759640|1|20220525|152024|8005918|20220525|155522|8002871|1|1250|0|      |20220525|20220525|0603|2022-06-05 07:05:11
361434|0000000900562319              |20220525|185147|009|676|0|30300043|130010015|130759615|1|20220525|172017|8005921|20220525|185633|8005588|1|1250|0|      |20220525|20220525|0603|2022-06-05 07:05:11
361436|0000000918471916              |20220525|210822|001|676|0|30300043|130010015|130759609|1|20220525|203746|8001428|20220525|214353|8002378|1|1250|0|      |20220525|20220525|0603|2022-06-05 07:05:11
361438|0000000653245586              |20220525|081053|015|675|0|30300055|130010014|130753206|1|20220525|054519|8001553|20220525|082449|8002209|1|1250|0|      |20220525|20220525|0603|2022-06-05 07:05:11
361440|0000000770907112              |20220525|074111|007|675|0|30300055|130010014|130753212|1|20220525|064336|8001553|20220525|075702|8002259|1|1250|0|      |20220525|20220525|0603|2022-06-05 07:05:11
362438|0000000756090151              |20220525|104532|008|675|0|30300059|130010004|130752218|1|20220525|092524|8001542|20220525|105708|8001539|1|1250|0|      |20220525|20220525|0603|2022-06-05 07:05:11
362440|0000000716023821              |20220525|184516|002|675|0|30300078|130010008|130752165|1|20220525|182421|8002620|20220525|191500|8002615|1|1250|0|      |20220525|20220525|0603|2022-06-05 07:05:11
362442|0000000708241239              |20220525|143457|012|676|0|30300130|130010008|130752145|1|20220525|133735|8001760|20220525|144428|8001041|1|1250|0|      |20220525|20220525|0603|2022-06-05 07:05:11
362444|0000000905750784              |20220525|181232|001|675|0|30300061|130010015|130759645|1|20220525|175917|8005881|20220525|183134|8002641|1|1250|0|      |20220525|20220525|0603|2022-06-05 07:05:11
362446|0000000751210295              |20220525|204730|028|674|0|30300002|130010007|130759310|1|20220525|200430|8001721|20220525|211825|8002981|1|1250|0|      |20220525|20220525|0603|2022-06-05 07:05:11
362448|0000000655825462              |20220525|082129|020|676|0|30300071|130010009|130759150|1|20220525|074515|8002758|20220525|083705|8001990|1|1250|0|      |20220525|20220525|0603|2022-06-05 07:05:11
362450|0000000752099504              |20220525|170441|002|676|0|30300036|130010011|130759510|1|20220525|163231|8002721|20220525|174316|8002733|1|1250|0|      |20220525|20220525|0603|2022-06-05 07:05:11
362452|0000000442229708              |20220525|211951|020|675|0|30300045|130010006|130759002|1|20220525|171128|8002920|20220525|220331|8001494|1|1250|0|      |20220525|20220525|0603|2022-06-05 07:05:11
362454|0000000464031992              |20220525|141415|003|675|0|30300145|130010014|130753529|1|20220525|133001|8001193|20220525|142301|8002394|1|1250|0|      |20220525|20220525|0603|2022-06-05 07:05:11
362456|0000000743698645              |20220525|210557|018|676|0|30300093|130010004|130752223|1|20220525|202107|8002658|20220525|214137|8001793|1|1250|0|      |20220525|20220525|0603|2022-06-05 07:05:11
362458|0000000724697102              |20220525|091616|008|676|0|30300036|130010011|130759520|1|20220525|070314|8001426|20220525|093915|8001273|1|1250|0|      |20220525|20220525|0603|2022-06-05 07:05:11
362460|0000000900436757              |20220525|120326|013|676|0|30300051|130010008|130752113|1|20220525|112721|8001715|20220525|121557|8001082|1|1250|0|      |20220525|20220525|0603|2022-06-05 07:05:11
362462|0000000917976577              |20220525|184034|009|676|0|30300038|130010014|130753500|1|20220525|183150|8002063|20220525|185053|8001400|1|1250|0|      |20220525|20220525|0603|2022-06-05 07:05:11
362464|0000000650803320              |20220525|085056|012|675|0|30300046|130010002|130752350|1|20220525|083322|8001369|20220525|091808|8070027|1|1250|0|      |20220525|20220525|0603|2022-06-05 07:05:11
362871|0000000903750953              |20220525|082441|006|675|0|30300056|130010012|130753307|1|20220525|061441|8001590|20220525|090013|8001279|1|1250|0|      |20220525|20220525|0603|2022-06-05 07:05:11
381557|0000000755381518              |20220525|151044|022|675|0|30300055|130010014|130753259|1|20220525|142804|8002345|20220525|153400|8001929|1|1250|0|      |20220525|20220525|0603|2022-06-05 07:05:12
381559|0000000765273978              |20220525|160059|003|676|0|30300041|130010012|130753320|1|20220525|155502|8070030|20220525|164212|8001378|1|1250|0|      |20220525|20220525|0603|2022-06-05 07:05:12
381561|0000000723922109              |20220525|165534|030|676|0|30300037|130010006|130752045|1|20220525|150502|8001443|20220525|170701|8001096|1|1250|0|      |20220525|20220525|0603|2022-06-05 07:05:12
381563|0000000759483278              |20220525|180325|009|675|0|30300055|130010014|130753210|1|20220525|172040|8002345|20220525|180446|8001348|1|1250|0|      |20220525|20220525|0603|2022-06-05 07:05:12
381565|0000000908133534              |20220525|180837|010|676|0|30300054|130010007|130759386|1|20220525|172014|8002556|20220525|184403|8001793|1|1250|0|      |20220525|20220525|0603|2022-06-05 07:05:12
381567|0000000770258241              |20220525|183934|008|676|0|30300054|130010007|130759341|1|20220525|180558|8002831|20220525|185425|8001567|1|1250|0|      |20220525|20220525|0603|2022-06-05 07:05:12
381569|0000000759630774              |20220525|181243|022|676|0|30300041|130010012|130753306|1|20220525|180750|8070030|20220525|184726|8001076|1|1250|0|      |20220525|20220525|0603|2022-06-05 07:05:12
381571|0000000909645500              |20220525|205919|031|676|0|30300041|130010012|130753321|1|20220525|201432|8001076|20220525|214120|8001032|1|1250|0|      |20220525|20220525|0603|2022-06-05 07:05:12
381573|0000000752958648              |20220525|213154|029|675|0|30300055|130010014|130753225|1|20220525|205356|8002345|20220525|214125|8002631|1|1250|0|      |20220525|20220525|0603|2022-06-05 07:05:12
381575|0000000758567804              |20220525|223618|025|676|0|30300041|130010012|130753327|1|20220525|222830|8005990|20220525|225731|8001076|1|1250|0|      |20220525|20220525|0603|2022-06-05 07:05:12
381577|0000000754396265              |20220525|074016|001|676|0|30300041|130010012|130753326|1|20220525|070006|8001076|20220525|074339|8001378|1|1250|0|      |20220525|20220525|0603|2022-06-05 07:05:12
381579|0000000722807888              |20220525|095819|026|675|0|30300055|130010014|130753263|1|20220525|091832|8002345|20220525|100920|8002631|1|1250|0|      |20220525|20220525|0603|2022-06-05 07:05:12
381581|0000000718229829              |20220525|101139|029|676|0|30300054|130010007|130759347|1|20220525|095350|8001304|20220525|103649|8001078|1|1250|0|      |20220525|20220525|0603|2022-06-05 07:05:12
383593|0000000754765497              |20220525|081146|027|675|0|30300065|130010004|130752258|1|20220525|053618|8002990|20220525|081849|8001399|1|1250|0|      |20220525|20220525|0603|2022-06-05 07:05:12
383595|0000000769335266              |20220525|092517|017|675|0|30300047|130010001|130759430|1|20220525|085242|8070011|20220525|093205|8003102|1|1250|0|      |20220525|20220525|0603|2022-06-05 07:05:12
383597|0000000910708971              |20220525|090700|014|675|0|30300047|130010001|130759705|1|20220525|083657|8070011|20220525|091737|8003102|1|1250|0|      |20220525|20220525|0603|2022-06-05 07:05:12
383599|0000000442065827              |20220525|134931|029|675|0|30300047|130010001|130759723|1|20220525|131928|8070011|20220525|135922|8003102|1|1250|0|      |20220525|20220525|0603|2022-06-05 07:05:12
383601|0000000707422711              |20220525|134944|030|675|1|30300061|130010015|130759691|1|20220525|130626|8002779|20220525|135448|8002942|1|0|0|      |20220525|20220525|0603|2022-06-05 07:05:12
383603|0000000910157507              |20220525|155345|008|675|0|30300101|130010002|130752320|4|20220525|142445|8001707|20220525|160933|8001028|1|750|0|      |20220525|20220525|0603|2022-06-05 07:05:12
383605|0000000700217182              |20220525|132653|030|675|1|30300108|130010007|130759317|1|20220525|115809|8002376|20220525|133406|8001878|1|0|0|      |20220525|20220525|0603|2022-06-05 07:05:12
383607|0000000770402522              |20220525|082056|006|676|2|30300089|130010011|130759578|1|20220525|073708|8001567|20220525|083926|8007102|1|0|0|      |20220525|20220525|0603|2022-06-05 07:05:12
383609|0000000753490951              |20220525|082058|006|676|1|30300089|130010011|130759578|1|20220525|073708|8001567|20220525|084112|8007102|1|0|0|      |20220525|20220525|0603|2022-06-05 07:05:12
383611|0000000756548462              |20220525|071042|031|676|1|30300089|130010011|130759536|1|20220525|063816|8001567|20220525|072214|8007102|1|0|0|      |20220525|20220525|0603|2022-06-05 07:05:12
383613|0000000908524060              |20220525|102844|017|676|1|30300089|130010011|130759504|1|20220525|095551|8001567|20220525|104128|8007102|1|0|0|      |20220525|20220525|0603|2022-06-05 07:05:12
383615|0000000662294157              |20220525|173459|020|678|1|30300074|130010014|130753222|1|20220525|172321|8001096|20220525|175004|8002972|1|0|0|      |20220525|20220525|0603|2022-06-05 07:05:12
383617|0000000640840677              |20220525|080032|023|676|2|30300037|130010006|130759016|1|20220525|072850|8002559|20220525|083232|8001035|1|0|0|      |20220525|20220525|0603|2022-06-05 07:05:12
383619|0000000657025525              |20220525|124614|013|676|1|30300037|130010006|130752049|1|20220525|120357|8002235|20220525|125338|8002313|1|0|0|      |20220525|20220525|0603|2022-06-05 07:05:12
383675|0000000745403315              |20220525|181613|014|676|2|30300041|130010012|130753318|1|20220525|152417|8005993|20220525|181948|8007556|1|0|0|      |20220525|20220525|0603|2022-06-05 07:05:12
383677|0000000750614311              |20220525|075455|012|675|0|30300047|130010001|130759718|4|20220525|063013|8005993|20220525|075816|8007556|1|750|0|      |20220525|20220525|0603|2022-06-05 07:05:12
383679|0000000777647026              |20220525|111357|023|676|1|30300069|130010001|130759751|1|20220525|064649|8002970|20220525|111857|8007371|1|0|0|      |20220525|20220525|0603|2022-06-05 07:05:12
383681|0000000760502087              |20220525|132922|010|675|0|30300075|130010005|130759227|4|20220525|130059|8002307|20220525|133306|8001348|1|750|0|      |20220525|20220525|0603|2022-06-05 07:05:12
383683|0000000772888825              |20220525|065616|004|674|1|30300002|130010007|130759322|1|20220525|061122|8002093|20220525|071501|8001096|1|0|0|      |20220525|20220525|0603|2022-06-05 07:05:12
383685|0000000725516901              |20220525|152628|016|674|1|30300002|130010007|130759335|1|20220525|145030|8002093|20220525|154748|8001096|1|0|0|      |20220525|20220525|0603|2022-06-05 07:05:12
383687|0000000641647019              |20220525|141601|020|675|1|30300062|130010008|130752137|1|20220525|134412|8002280|20220525|142448|8002453|1|0|0|      |20220525|20220525|0603|2022-06-05 07:05:12
383689|0000000754773175              |20220525|154919|010|676|1|30300038|130010014|130753502|1|20220525|144948|8001049|20220525|155623|8002846|1|0|0|      |20220525|20220525|0603|2022-06-05 07:05:12
383691|0000000744901473              |20220525|082720|025|674|2|30300002|130010007|130759323|1|20220525|075802|8001996|20220525|084337|8001744|1|0|0|      |20220525|20220525|0603|2022-06-05 07:05:12
383693|0000000770505610              |20220525|081836|006|676|1|30300086|130010013|130759800|1|20220525|064006|8001996|20220525|083310|8001744|1|0|0|      |20220525|20220525|0603|2022-06-05 07:05:12
377832|0000000774207091              |20220525|180432|012|675|0|30300079|130010009|130759138|1|20220525|122907|8002723|~       |      |~      |1|1250|0|      |20220525|~       |0603|2022-06-05 07:05:12
377834|0000000646572397              |20220525|180646|024|676|0|30300068|130010006|130752030|1|20220525|170019|8002228|~       |      |~      |1|1250|0|      |20220525|~       |0603|2022-06-05 07:05:12
377836|0000000768619217              |20220525|141134|019|675|0|30300083|130010001|130759478|1|20220525|121758|8002723|~       |      |~      |1|1250|0|      |20220525|~       |0603|2022-06-05 07:05:12
377838|0000000910201501              |20220525|152007|006|675|0|30300083|130010001|130759771|1|20220525|144539|8002723|~       |      |~      |1|1250|0|      |20220525|~       |0603|2022-06-05 07:05:12
378294|0000000614681781              |20220525|173915|008|675|0|30300046|130010002|130752352|1|20220525|163557|8001273|~       |      |~      |1|1250|0|      |20220525|~       |0603|2022-06-05 07:05:12
378296|0000000667258030              |20220525|193908|006|675|1|30300048|130010006|130759010|1|20220525|185745|8001273|~       |      |~      |1|0|0|      |20220525|~       |0603|2022-06-05 07:05:12
378298|0000000905859567              |20220525|093333|011|676|0|30300040|130010013|130759802|1|20220525|072115|8002954|~       |      |~      |1|1250|0|      |20220525|~       |0603|2022-06-05 07:05:12
378300|0000000732708505              |20220525|174637|019|676|0|30300040|130010007|130759367|1|20220525|165812|8002954|~       |      |~      |1|1250|0|      |20220525|~       |0603|2022-06-05 07:05:12
378302|0000000742487558              |20220525|185847|012|676|0|30300040|130010007|130759364|1|20220525|181301|8002954|~       |      |~      |1|1250|0|      |20220525|~       |0603|2022-06-05 07:05:12
378304|0000000762773355              |20220525|211436|022|676|0|30300040|130010007|130759373|4|20220525|203133|8002954|~       |      |~      |1|750|0|      |20220525|~       |0603|2022-06-05 07:05:12
378306|0000000702853156              |20220525|082419|019|676|0|30300090|130010005|130759216|1|20220525|060459|8002954|~       |      |~      |1|1250|0|      |20220525|~       |0603|2022-06-05 07:05:12
378308|0000000909790962              |20220525|181324|020|676|0|30300090|130010005|130759260|1|20220525|140937|8002954|~       |      |~      |1|1250|0|      |20220525|~       |0603|2022-06-05 07:05:12
378310|0000000742397683              |20220525|131207|029|676|0|30300090|130010005|130759268|1|20220525|091237|8002954|~       |      |~      |1|1250|0|      |20220525|~       |0603|2022-06-05 07:05:12
378312|0000000741430753              |20220525|191500|013|676|0|30300090|130010005|130759218|1|20220525|183919|8002954|~       |      |~      |1|1250|0|      |20220525|~       |0603|2022-06-05 07:05:12
378314|0000000911913848              |20220525|215158|004|676|0|30300090|130010005|130759207|1|20220525|212553|8002954|~       |      |~      |1|1250|0|      |20220525|~       |0603|2022-06-05 07:05:12
378316|0000000743400582              |20220525|173916|001|675|0|30300046|130010002|130752352|1|20220525|163557|8001273|~       |      |~      |1|1250|0|      |20220525|~       |0603|2022-06-05 07:05:12
378318|0000000669819004              |20220525|231152|014|675|0|30300050|130010007|130759348|1|20220525|223106|8001273|~       |      |~      |1|1250|0|      |20220525|~       |0603|2022-06-05 07:05:12
378320|0000000908150247              |20220525|182158|004|675|0|30300108|130010007|130759344|1|20220525|175934|8001273|~       |      |~      |1|1250|0|      |20220525|~       |0603|2022-06-05 07:05:12
378322|0000000730244708              |20220525|211153|024|675|0|30300048|130010006|130752061|1|20220525|203144|8001273|~       |      |~      |1|1250|0|      |20220525|~       |0603|2022-06-05 07:05:12
379012|0000000911809578              |20220525|150138|006|676|1|30300054|130010007|130759349|4|20220525|145606|8001827|20220525|153138|8002453|1|0|0|      |20220525|20220525|0603|2022-06-05 07:05:12
379014|0000000600897871              |20220525|064856|003|675|1|30300055|130010014|130753212|1|20220525|064336|8001827|20220525|071833|8001414|1|0|0|      |20220525|20220525|0603|2022-06-05 07:05:12
379016|0000000761881368              |20220525|102446|011|675|1|30300055|130010014|130753205|1|20220525|101736|8001827|20220525|105221|8002602|1|0|0|      |20220525|20220525|0603|2022-06-05 07:05:12
379018|0000000744945729              |20220525|072031|004|675|1|30300047|130010001|130759408|1|20220525|070313|8002119|20220525|074807|8003100|1|0|0|      |20220525|20220525|0603|2022-06-05 07:05:12
379020|0000000903190373              |20220525|081932|026|681|2|30300006|130010002|130752551|1|20220525|080606|8002119|20220525|083754|8002526|1|0|0|      |20220525|20220525|0603|2022-06-05 07:05:12
379022|0000000633131961              |20220525|100322|003|680|1|30300010|130010002|130752557|1|20220525|095810|8002119|20220525|102822|8002068|1|0|0|      |20220525|20220525|0603|2022-06-05 07:05:12
379024|0000000725587959              |20220525|122655|006|675|2|30300047|130010001|130759718|1|20220525|120514|8002119|20220525|124727|8007555|1|0|0|      |20220525|20220525|0603|2022-06-05 07:05:12
379026|0000000660754700              |20220525|150101|008|675|1|30300095|130010011|130759525|1|20220525|142016|8002119|20220525|150936|8001762|1|0|0|      |20220525|20220525|0603|2022-06-05 07:05:12
379028|0000000771592000              |20220525|192325|007|675|2|30300077|130010006|130752041|1|20220525|182743|8002119|20220525|193146|8001255|1|0|0|      |20220525|20220525|0603|2022-06-05 07:05:12
379030|0000000778526278              |20220525|072054|014|676|1|30300051|130010008|130752102|1|20220525|063824|8002119|20220525|073420|8005647|1|0|0|      |20220525|20220525|0603|2022-06-05 07:05:12
379032|0000000720136052              |20220525|115038|019|681|1|30300006|130010002|130752551|1|20220525|113745|8002119|20220525|121433|8003036|1|0|0|      |20220525|20220525|0603|2022-06-05 07:05:12
379034|0000000742463835              |20220525|181904|013|675|2|30300077|130010006|130759018|1|20220525|172609|8002119|20220525|182733|8001255|1|0|0|      |20220525|20220525|0603|2022-06-05 07:05:12
379036|0000000758072238              |20220525|163642|002|675|1|30300077|130010006|130752017|1|20220525|161206|8001419|20220525|170635|8002580|1|0|0|      |20220525|20220525|0603|2022-06-05 07:05:12
379146|0000000742148989              |20220525|093028|015|674|1|30300100|130010002|130752362|1|20220525|081306|8001493|20220525|094930|8002677|1|0|0|      |20220525|20220525|0603|2022-06-05 07:05:12
379148|0000000749299522              |20220525|152231|011|676|1|30300051|130010008|130752114|1|20220525|131407|8001493|20220525|154304|8005647|1|0|0|      |20220525|20220525|0603|2022-06-05 07:05:12
379150|0000000903349933              |20220525|160331|012|675|2|30300095|130010005|130759229|1|20220525|155919|8001493|20220525|163009|8001784|1|0|0|      |20220525|20220525|0603|2022-06-05 07:05:12
379152|0000000743289125              |20220525|123650|014|676|2|30300036|130010012|130753372|1|20220524|052359|8002733|20220525|124641|8001365|1|0|0|      |20220525|20220525|0603|2022-06-05 07:05:12
379154|0000000771796408              |20220525|144518|026|676|2|30300038|130010014|130753524|1|20220525|111946|8002733|20220525|145529|8001414|1|0|0|      |20220525|20220525|0603|2022-06-05 07:05:12
371956|0000000644794020              |20220525|120110|007|675|0|30300046|130010002|130752357|1|20220525|115256|8001157|20220525|125018|8002722|1|1250|0|      |20220525|20220525|0603|2022-06-05 07:05:12
371958|0000000718060835              |20220525|062545|023|675|0|30300049|130010004|130752240|1|20220525|055009|8001259|20220525|070227|8005857|1|1250|0|      |20220525|20220525|0603|2022-06-05 07:05:12
371960|0000000778020417              |20220525|065611|014|680|0|30300052|130010006|130752019|1|20220525|062236|8070010|20220525|073039|8002995|1|1250|0|      |20220525|20220525|0603|2022-06-05 07:05:12
371962|0000000725927589              |20220525|150628|004|675|0|30300079|130010009|130759120|1|20220525|134415|8002550|20220525|154246|8002995|1|1250|0|      |20220525|20220525|0603|2022-06-05 07:05:12
371964|0000000910124340              |20220525|101739|025|674|0|30300002|130010007|130759318|1|20220525|093018|8001430|20220525|114240|8001097|1|1250|0|      |20220525|20220525|0603|2022-06-05 07:05:12
371966|0000000625555096              |20220525|063556|008|674|0|30300100|130010002|130752509|1|20220525|062422|8002107|20220525|064857|8001714|1|1250|0|      |20220525|20220525|0603|2022-06-05 07:05:12
371968|0000000718341398              |20220525|150619|028|675|0|30300057|130010001|130759759|1|20220525|145146|8002601|20220525|154207|8002823|1|1250|0|      |20220525|20220525|0603|2022-06-05 07:05:12
371970|0000000660884241              |20220525|073237|030|675|0|30300055|130010014|130753263|1|20220525|054319|8001846|20220525|075429|8002733|1|1250|0|      |20220525|20220525|0603|2022-06-05 07:05:12
372377|0000000400189863              |20220525|124859|002|676|0|30300038|130010014|130753500|1|20220525|113444|8002790|20220525|130814|8001414|1|1250|0|      |20220525|20220525|0603|2022-06-05 07:05:12
372379|0000000796476770              |20220525|152507|002|675|0|30300066|130010015|130759688|1|20220525|145121|8002251|20220525|153850|8001929|1|1250|0|      |20220525|20220525|0603|2022-06-05 07:05:12
372381|0000000687702985              |20220525|073825|019|676|0|30300054|130010007|130759351|1|20220525|064055|8007245|20220525|074550|8001856|1|1250|0|      |20220525|20220525|0603|2022-06-05 07:05:12
372383|0000000400199645              |20220525|061249|029|675|0|30300108|130010007|130759328|1|20220525|060721|8003070|20220525|061600|8003068|1|1250|0|      |20220525|20220525|0603|2022-06-05 07:05:12
372385|0000000691424587              |20220525|084339|014|675|1|30300066|130010015|130759675|1|20220525|053510|8001927|20220525|090502|8002457|1|0|0|      |20220525|20220525|0603|2022-06-05 07:05:12
372387|0000000688141957              |20220525|213602|025|675|1|30300079|130010009|130759134|1|20220525|203133|8002545|20220525|214057|8007444|1|0|0|      |20220525|20220525|0603|2022-06-05 07:05:12
372389|0000000787872351              |20220525|094530|017|676|1|30300071|130010009|130759144|1|20220525|051205|8001923|20220525|095305|8002886|1|0|0|      |20220525|20220525|0603|2022-06-05 07:05:12
372391|0000000699887821              |20220525|135544|012|675|1|30300049|130010004|130752248|1|20220525|115604|8001491|20220525|141301|8001589|1|0|0|      |20220525|20220525|0603|2022-06-05 07:05:12
372393|0000000400151131              |20220525|144703|004|675|2|30300082|130010001|130759703|1|20220525|133528|8001572|20220525|145432|8001567|1|0|0|      |20220525|20220525|0603|2022-06-05 07:05:12
372395|0000000687781101              |20220525|093220|001|674|0|30300002|130010007|130759304|1|20220525|092059|8001792|20220525|095618|8001097|1|1250|0|      |20220525|20220525|0603|2022-06-05 07:05:12
372397|0000000400209854              |20220525|120120|025|674|0|30300002|130010007|130759323|1|20220525|115327|8001792|20220525|122236|8001097|1|1250|0|      |20220525|20220525|0603|2022-06-05 07:05:12
372399|0000000698677258              |20220525|165953|012|674|0|30300002|130010007|130759336|1|20220525|164640|8001792|20220525|171910|8001097|1|1250|0|      |20220525|20220525|0603|2022-06-05 07:05:12
372401|0000000785741911              |20220525|174534|022|674|0|30300002|130010007|130759334|1|20220525|154317|8001792|20220525|180441|8001097|2|2500|0|      |20220525|20220525|0603|2022-06-05 07:05:12
372403|0000000695825340              |20220525|140916|007|675|0|30300066|130010015|130759606|1|20220525|134758|8001927|20220525|142809|8002457|1|1250|0|      |20220525|20220525|0603|2022-06-05 07:05:12
372810|0000000699414941              |20220525|061943|006|680|0|30300118|130010011|130759524|1|20220525|052740|8001887|20220525|062738|8002133|1|1250|0|      |20220525|20220525|0603|2022-06-05 07:05:12
372812|0000000787124175              |20220525|152412|002|676|0|30300131|130010008|130752706|1|20220525|151754|8007363|20220525|154009|8007365|1|1250|0|      |20220525|20220525|0603|2022-06-05 07:05:12
372814|0000000483162029              |20220525|180334|024|675|0|30300058|130010004|130752278|1|20220525|132959|8001515|20220525|180822|8005894|1|1250|0|      |20220525|20220525|0603|2022-06-05 07:05:12
372816|0000000692890472              |20220525|155614|006|675|0|30300055|130010014|130753209|1|20220525|130602|8002894|20220525|160641|8001987|1|1250|0|      |20220525|20220525|0603|2022-06-05 07:05:12
372818|0000000686568246              |20220525|152045|025|675|1|30300064|130010015|130759638|1|20220525|134721|8002635|20220525|154200|8001254|1|0|0|      |20220525|20220525|0603|2022-06-05 07:05:12
372820|0000000791022724              |20220525|181224|006|675|1|30300064|130010015|130759638|1|20220525|163450|8002635|20220525|183633|8001254|1|0|0|      |20220525|20220525|0603|2022-06-05 07:05:12
372822|0000000795320066              |20220525|085608|007|679|1|30300063|130010001|130759787|1|20220525|083313|8001419|20220525|094829|8005252|1|0|100|      |20220525|20220525|0603|2022-06-05 07:05:12
372824|0000000698120199              |20220525|182457|005|679|1|30300063|130010001|130759774|1|20220525|175753|8001419|20220525|191651|8005252|1|0|100|      |20220525|20220525|0603|2022-06-05 07:05:12
372826|0000000400183093              |20220525|161337|004|675|0|30300064|130010015|130759626|1|20220525|144550|8002635|20220525|163604|8001254|1|1250|0|      |20220525|20220525|0603|2022-06-05 07:05:12
372828|0000000790885579              |20220525|125144|027|676|0|30300087|130010008|130752160|1|20220525|123148|8001491|20220525|133107|8002235|1|1250|0|      |20220525|20220525|0603|2022-06-05 07:05:12
372830|0000000487946332              |20220525|085608|002|676|0|30300051|130010008|130752100|1|20220525|080840|8002434|20220525|092204|8001097|1|1250|0|      |20220525|20220525|0603|2022-06-05 07:05:12
372832|0000000785352589              |20220525|150304|010|676|0|30300089|130010011|130759536|1|20220525|134453|8007549|20220525|154001|8001420|1|1250|0|      |20220525|20220525|0603|2022-06-05 07:05:12
372834|0000001110446882              |20220525|175318|002|676|0|30300089|130010011|130759521|1|20220525|162949|8007549|20220525|184208|8001420|1|1250|0|      |20220525|20220525|0603|2022-06-05 07:05:12
373241|0000000904496259              |20220525|073917|005|676|0|30300040|130010007|130759367|1|20220525|065637|8002954|20220525|074317|8001380|1|1250|0|      |20220525|20220525|0603|2022-06-05 07:05:12
373243|0000000904692959              |20220525|070848|026|676|0|30300093|130010004|130752207|1|20220525|064017|8001229|20220525|080141|8001586|1|1250|0|      |20220525|20220525|0603|2022-06-05 07:05:12
363816|0000000921602428              |20220525|220752|001|674|0|30300002|130010007|130759318|1|20220525|211111|8001096|20220525|223405|8002833|1|1250|0|      |20220525|20220525|0603|2022-06-05 07:05:12
363818|0000000709503036              |20220525|084142|011|676|0|30300089|130010011|130759518|1|20220525|054259|8001418|20220525|084815|8002636|1|1250|0|      |20220525|20220525|0603|2022-06-05 07:05:12
363820|0000000768196954              |20220525|092925|024|676|0|30300089|130010011|130759526|1|20220525|071341|8001418|20220525|100847|8002206|1|1250|0|      |20220525|20220525|0603|2022-06-05 07:05:12
363822|0000000759400617              |20220525|101337|002|676|0|30300089|130010011|130759527|1|20220525|055611|8001418|20220525|103125|8002969|1|1250|0|      |20220525|20220525|0603|2022-06-05 07:05:12
363824|0000000774620737              |20220525|104525|004|676|0|30300089|130010011|130759577|1|20220525|082648|8001418|20220525|111805|8002206|1|1250|0|      |20220525|20220525|0603|2022-06-05 07:05:12
363826|0000000675060511              |20220525|135337|001|676|0|30300089|130010011|130759522|1|20220525|134402|8001418|20220525|140213|8002636|1|1250|0|      |20220525|20220525|0603|2022-06-05 07:05:12
363828|0000000768184273              |20220525|142259|005|676|0|30300089|130010011|130759526|1|20220525|141751|8001418|20220525|150029|8002204|1|1250|0|      |20220525|20220525|0603|2022-06-05 07:05:12
363830|0000000648088507              |20220525|175333|001|676|0|30300089|130010011|130759512|1|20220525|124551|8001418|20220525|184615|8002206|1|1250|0|      |20220525|20220525|0603|2022-06-05 07:05:12
363832|0000000666072038              |20220525|213256|013|676|0|30300089|130010011|130759575|1|20220525|142050|8001418|20220525|213941|8002636|1|1250|0|      |20220525|20220525|0603|2022-06-05 07:05:12
363834|0000000713776112              |20220525|092218|001|674|0|30300002|130010007|130759331|1|20220525|085640|8001418|20220525|100441|8001631|1|1250|0|      |20220525|20220525|0603|2022-06-05 07:05:12
363836|0000000752111783              |20220525|123658|001|676|0|30300093|130010004|130752225|1|20220525|121524|8001418|20220525|131437|8001658|1|1250|0|      |20220525|20220525|0603|2022-06-05 07:05:12
363838|0000000761818772              |20220525|133811|026|676|0|30300093|130010004|130752262|1|20220525|130331|8001418|20220525|142209|8001658|1|1250|0|      |20220525|20220525|0603|2022-06-05 07:05:12
363840|0000000757032655              |20220525|145541|001|674|0|30300002|130010007|130759307|1|20220525|142301|8001418|20220525|154948|8002911|1|1250|0|      |20220525|20220525|0603|2022-06-05 07:05:12
364247|0000000738979750              |20220525|202751|008|674|0|30300104|130010002|130752341|1|20220525|201557|8001056|20220525|204008|8007184|1|1250|0|      |20220525|20220525|0603|2022-06-05 07:05:12
364249|0000000715879105              |20220525|185235|009|675|0|30300056|130010012|130753331|1|20220525|162917|8001645|20220525|190049|8001903|1|1250|0|      |20220525|20220525|0603|2022-06-05 07:05:12
364251|0000000761963562              |20220525|221459|030|675|0|30300056|130010012|130753331|1|20220525|200331|8001645|20220525|222310|8001903|1|1250|0|      |20220525|20220525|0603|2022-06-05 07:05:12
364253|0000000764849204              |20220525|082105|008|675|0|30300064|130010015|130759642|1|20220525|065939|8001625|20220525|083345|8001414|1|1250|0|      |20220525|20220525|0603|2022-06-05 07:05:12
364255|0000000763124934              |20220525|114038|016|675|0|30300064|130010015|130759670|1|20220525|053646|8001625|20220525|115124|8001414|1|1250|0|      |20220525|20220525|0603|2022-06-05 07:05:12
364257|0000000726627935              |20220525|125022|025|675|0|30300064|130010015|130759638|1|20220525|123251|8001625|20220525|130043|8001414|1|1250|0|      |20220525|20220525|0603|2022-06-05 07:05:12
364259|0000000911438951              |20220525|123702|006|675|0|30300064|130010015|130759623|1|20220525|122608|8001625|20220525|124949|8001414|1|1250|0|      |20220525|20220525|0603|2022-06-05 07:05:12
364261|0000000725630404              |20220525|154904|018|675|0|30300064|130010015|130759642|1|20220525|153825|8001625|20220525|155933|8001414|1|1250|0|      |20220525|20220525|0603|2022-06-05 07:05:12
364263|0000000917920743              |20220525|153447|020|675|0|30300064|130010015|130759625|1|20220525|152716|8001625|20220525|154559|8001414|1|1250|0|      |20220525|20220525|0603|2022-06-05 07:05:12
364265|0000000679258168              |20220525|161429|021|675|0|30300064|130010015|130759676|1|20220525|145906|8001625|20220525|162556|8001414|1|1250|0|      |20220525|20220525|0603|2022-06-05 07:05:12
364267|0000000672875808              |20220525|154235|030|675|0|30300076|130010014|130753235|1|20220525|153311|8002826|20220525|155112|8002691|1|1250|0|      |20220525|20220525|0603|2022-06-05 07:05:12
364269|0000000910651390              |20220525|141840|014|675|0|30300078|130010008|130752170|1|20220525|141300|8001359|20220525|143129|8002603|1|1250|0|      |20220525|20220525|0603|2022-06-05 07:05:12
364271|0000000760678915              |20220525|162510|005|676|0|30300071|130010009|130759102|1|20220525|152048|8001464|20220525|163524|8003017|1|1250|0|      |20220525|20220525|0603|2022-06-05 07:05:12
364273|0000000746606341              |20220525|182338|013|675|0|30300145|130010014|130753606|1|20220525|172655|8001764|20220525|182715|8002491|1|1250|0|      |20220525|20220525|0603|2022-06-05 07:05:12
364680|0000000776096653              |20220525|124411|012|676|0|30300036|130010012|130753302|1|20220525|122431|8001931|20220525|125443|8001949|1|1250|0|      |20220525|20220525|0603|2022-06-05 07:05:12
364682|0000000725865377              |20220525|171337|023|675|0|30300059|130010004|130752271|1|20220525|135848|8001931|20220525|172334|8001949|1|1250|0|      |20220525|20220525|0603|2022-06-05 07:05:12
364684|0000000739246187              |20220525|181031|031|676|0|30300090|130010005|130759260|1|20220525|140937|8002870|20220525|182827|8002453|1|1250|0|      |20220525|20220525|0603|2022-06-05 07:05:12
364686|0000000747759606              |20220525|095145|025|676|0|30300054|130010007|130759360|1|20220525|094032|8002708|20220525|101742|8001567|1|1250|0|      |20220525|20220525|0603|2022-06-05 07:05:12
364688|0000000724275052              |20220525|194830|017|676|0|30300054|130010007|130759375|1|20220525|193543|8002708|20220525|201026|8001567|1|1250|0|      |20220525|20220525|0603|2022-06-05 07:05:12
364690|0000000707253261              |20220525|164557|016|675|0|30300077|130010006|130752064|1|20220525|160204|8001490|20220525|165314|8001737|1|1250|0|      |20220525|20220525|0603|2022-06-05 07:05:12
364692|0000000671128628              |20220525|151745|027|675|0|30300094|130010012|130753329|1|20220525|134620|8001394|20220525|153545|8002870|1|1250|0|      |20220525|20220525|0603|2022-06-05 07:05:12
364694|0000000717415849              |20220525|132314|012|675|0|30300060|130010014|130753526|1|20220525|123411|8006006|20220525|133508|8001240|1|1250|0|      |20220525|20220525|0603|2022-06-05 07:05:12
364696|0000000770227577              |20220525|173926|024|676|0|30300087|130010015|130759634|1|20220525|163511|8006006|20220525|175250|8001240|1|1250|0|      |20220525|20220525|0603|2022-06-05 07:05:12
364698|0000000719418943              |20220525|220009|005|676|0|30300087|130010015|130759610|1|20220525|211422|8006006|20220525|221236|8001240|1|1250|0|      |20220525|20220525|0603|2022-06-05 07:05:12
357476|0000000918042486              |20220525|105401|011|676|1|30300088|130010002|130752315|1|20220525|104659|8002352|20220525|111852|8001169|1|0|0|      |20220525|20220525|0603|2022-06-05 07:05:12
357478|0000000715167917              |20220525|130121|009|676|1|30300088|130010006|130752023|1|20220525|125031|8002352|20220525|132356|8001169|1|0|0|      |20220525|20220525|0603|2022-06-05 07:05:12
357480|0000000771449091              |20220525|143139|024|676|1|30300088|130010002|130752511|1|20220525|142414|8002352|20220525|145622|8001169|1|0|0|      |20220525|20220525|0603|2022-06-05 07:05:12
357482|0000000664204191              |20220525|181013|020|676|1|30300088|130010002|130752361|1|20220525|180104|8002352|20220525|183617|8001169|1|0|0|      |20220525|20220525|0603|2022-06-05 07:05:12
357484|0000000903844329              |20220525|204611|001|676|1|30300069|130010001|130759428|1|20220525|203505|8001058|20220525|205153|8001133|1|0|0|      |20220525|20220525|0603|2022-06-05 07:05:12
357486|0000000900794868              |20220525|102555|006|675|3|30300047|130010001|130759702|1|20220525|101550|8002411|20220525|105041|8002544|1|0|0|      |20220525|20220525|0603|2022-06-05 07:05:12
357488|0000000705395509              |20220525|200656|006|675|1|30300047|130010001|130759433|1|20220525|184634|8002411|20220525|203209|8002544|1|0|0|      |20220525|20220525|0603|2022-06-05 07:05:12
357490|0000000757799243              |20220525|144400|010|676|1|30300087|130010008|130752155|1|20220525|135249|8002969|20220525|145259|8002757|1|0|0|      |20220525|20220525|0603|2022-06-05 07:05:12
357492|0000000600898092              |20220525|081228|025|676|1|30300040|130010013|130759822|1|20220525|074750|8001063|20220525|082349|8002953|1|0|0|      |20220525|20220525|0603|2022-06-05 07:05:12
357494|0000000763929710              |20220525|095627|012|676|1|30300040|130010007|130759388|1|20220525|093505|8001063|20220525|100713|8002953|1|0|0|      |20220525|20220525|0603|2022-06-05 07:05:12
357901|0000000760485515              |20220525|074953|010|674|1|30300100|130010002|130752358|1|20220525|073706|8001081|20220525|081853|8001413|1|0|0|      |20220525|20220525|0603|2022-06-05 07:05:12
357903|0000000709934382              |20220525|081947|011|674|1|30300100|130010002|130752336|1|20220525|080554|8001081|20220525|085029|8001413|1|0|0|      |20220525|20220525|0603|2022-06-05 07:05:12
357905|0000000656092188              |20220525|100546|006|674|1|30300100|130010002|130752383|1|20220525|095035|8001081|20220525|103440|8001413|1|0|0|      |20220525|20220525|0603|2022-06-05 07:05:12
357907|0000000903539774              |20220525|115548|023|674|1|30300100|130010002|130752503|1|20220525|114059|8001081|20220525|122125|8001413|1|0|0|      |20220525|20220525|0603|2022-06-05 07:05:12
357909|0000000653388974              |20220525|113618|024|674|1|30300100|130010002|130752367|1|20220525|112029|8001081|20220525|120550|8001413|1|0|0|      |20220525|20220525|0603|2022-06-05 07:05:12
357911|0000000742285299              |20220525|162650|013|674|1|30300100|130010002|130752359|1|20220525|161506|8001081|20220525|165558|8001413|1|0|0|      |20220525|20220525|0603|2022-06-05 07:05:12
357913|0000000776169287              |20220525|201952|003|674|1|30300100|130010002|130752381|1|20220525|200912|8001081|20220525|205039|8001413|1|0|0|      |20220525|20220525|0603|2022-06-05 07:05:12
357915|0000000906751283              |20220525|064522|019|676|1|30300088|130010006|130752023|1|20220525|062033|8002092|20220525|065547|8001556|1|0|0|      |20220525|20220525|0603|2022-06-05 07:05:12
357917|0000000772010038              |20220525|124618|011|676|2|30300088|130010002|130752315|1|20220525|104659|8002092|20220525|125634|8001556|1|0|0|      |20220525|20220525|0603|2022-06-05 07:05:12
357919|0000000744316898              |20220525|171118|012|676|1|30300088|130010002|130752356|1|20220525|165154|8002092|20220525|172546|8001556|1|0|0|      |20220525|20220525|0603|2022-06-05 07:05:12
357921|0000000675943393              |20220525|173939|003|676|1|30300088|130010002|130752371|1|20220525|172044|8002092|20220525|175342|8001556|1|0|0|      |20220525|20220525|0603|2022-06-05 07:05:12
357923|0000000614335565              |20220525|213855|004|676|1|30300088|130010002|130752380|1|20220525|212353|8002092|20220525|215127|8001556|1|0|0|      |20220525|20220525|0603|2022-06-05 07:05:12
357925|0000000726019609              |20220525|091213|004|675|1|30300050|130010007|130759348|1|20220525|082406|8002410|20220525|094632|8002109|1|0|0|      |20220525|20220525|0603|2022-06-05 07:05:12
358332|0000000903854205              |20220525|083703|004|675|1|30300082|130010001|130759703|1|20220525|055946|8001587|20220525|084407|8001928|1|0|0|      |20220525|20220525|0603|2022-06-05 07:05:12
358834|0000000669938405              |20220525|153714|015|676|0|30300070|130010004|130752228|1|20220525|145525|8002785|20220525|154540|8002620|1|1250|0|      |20220525|20220525|0603|2022-06-05 07:05:12
358836|0000000716542553              |20220525|091048|013|675|0|30300078|130010008|130752168|1|20220525|084715|8001430|20220525|094015|8001875|1|1250|0|      |20220525|20220525|0603|2022-06-05 07:05:12
358838|0000000760122493              |20220525|071345|023|675|0|30300045|130010006|130752058|1|20220525|063639|8002966|20220525|074150|8002721|1|1250|0|      |20220525|20220525|0603|2022-06-05 07:05:12
358840|0000000642912465              |20220525|093253|024|675|0|30300045|130010006|130752012|1|20220525|084230|8002966|20220525|095912|8002721|1|1250|0|      |20220525|20220525|0603|2022-06-05 07:05:12
358842|0000000754021530              |20220525|083439|007|675|0|30300064|130010015|130759642|1|20220525|065939|8002635|20220525|085735|8005877|1|1250|0|      |20220525|20220525|0603|2022-06-05 07:05:12
358844|0000000778043718              |20220525|063136|030|675|0|30300053|130010002|130752376|1|20220525|060356|8002547|20220525|064118|8001736|1|1250|0|      |20220525|20220525|0603|2022-06-05 07:05:12
358846|0000000905912356              |20220525|152721|005|675|0|30300055|130010014|130753208|1|20220525|144458|8001414|20220525|153240|8001349|1|1250|0|      |20220525|20220525|0603|2022-06-05 07:05:12
358848|0000000660837585              |20220525|122753|015|676|0|30300051|130010008|130752153|1|20220525|121338|8001415|20220525|123707|8001929|1|1250|0|      |20220525|20220525|0603|2022-06-05 07:05:12
358850|0000000721583764              |20220525|170548|013|680|0|30300052|130010006|130752056|1|20220525|160049|8001415|20220525|171527|8001929|1|1250|0|      |20220525|20220525|0603|2022-06-05 07:05:12
358852|0000000701343912              |20220525|212920|024|680|0|30300052|130010002|130752329|1|20220525|150703|8001415|20220525|213843|8001929|1|1250|0|      |20220525|20220525|0603|2022-06-05 07:05:12
358854|0000000671995401              |20220525|133621|010|676|0|30300072|130010001|130759712|1|20220525|130301|8002898|20220525|134358|8002658|1|1250|0|      |20220525|20220525|0603|2022-06-05 07:05:12
358856|0000000909234747              |20220525|183152|018|675|0|30300064|130010015|130759624|1|20220525|175411|8003014|20220525|183500|8001043|1|1250|0|      |20220525|20220525|0603|2022-06-05 07:05:12
358858|0000000758096196              |20220525|192629|028|676|0|30300037|130010006|130752014|1|20220525|182311|8001533|20220525|193141|8002485|1|1250|0|      |20220525|20220525|0603|2022-06-05 07:05:12
380950|0000000720711037              |20220525|150012|027|675|0|30300083|130010001|130759775|1|20220525|142430|8002803|20220525|150845|8001791|1|1250|0|      |20220525|20220525|0603|2022-06-05 07:05:12
380952|0000000903746800              |20220525|200733|030|675|0|30300064|130010015|130759625|1|20220525|193807|8003016|20220525|201546|8001527|1|1250|0|      |20220525|20220525|0603|2022-06-05 07:05:12
380954|0000000762357911              |20220525|110104|023|675|0|30300080|130010009|130759153|1|20220525|094437|8001876|20220525|110348|8001420|1|1250|0|      |20220525|20220525|0603|2022-06-05 07:05:12
380956|0000000918201663              |20220525|135659|018|675|0|30300091|130010013|130759805|1|20220525|121445|8001463|20220525|145510|8002318|1|1250|0|      |20220525|20220525|0603|2022-06-05 07:05:12
380958|0000000659239514              |20220525|171143|006|675|0|30300065|130010004|130752203|1|20220525|163145|8002572|20220525|171448|8005872|1|1250|0|      |20220525|20220525|0603|2022-06-05 07:05:12
380960|0000000753097038              |20220525|200446|001|675|0|30300075|130010005|130759221|1|20220525|194031|8002987|20220525|203755|8002819|1|1250|0|      |20220525|20220525|0603|2022-06-05 07:05:12
381286|0000000725541408              |20220525|213259|003|675|0|30300055|130010014|130753225|1|20220525|205356|8002488|20220525|213400|8001348|1|1250|0|      |20220525|20220525|0603|2022-06-05 07:05:12
381288|0000000646807638              |20220525|081123|024|675|0|30300055|130010014|130753267|1|20220525|072952|8002485|20220525|081400|8002345|1|1250|0|      |20220525|20220525|0603|2022-06-05 07:05:12
381290|0000000676283443              |20220525|085255|030|675|0|30300055|130010014|130753204|1|20220525|082018|8001500|20220525|085913|8001403|1|1250|0|      |20220525|20220525|0603|2022-06-05 07:05:12
381292|0000000770743659              |20220525|092303|007|675|0|30300055|130010014|130753229|1|20220525|082605|8001445|20220525|093840|8001553|1|1250|0|      |20220525|20220525|0603|2022-06-05 07:05:12
381294|0000000726036109              |20220525|102718|008|675|0|30300055|130010014|130753204|1|20220525|100242|8001934|20220525|104223|8002627|1|1250|0|      |20220525|20220525|0603|2022-06-05 07:05:12
381296|0000000734208274              |20220525|121449|018|675|0|30300055|130010014|130753267|1|20220525|112121|8002631|20220525|124830|8001828|1|1250|0|      |20220525|20220525|0603|2022-06-05 07:05:12
381298|0000000757495517              |20220525|141834|019|675|0|30300047|130010001|130759430|1|20220525|140234|8001852|20220525|142507|8002119|1|1250|0|      |20220525|20220525|0603|2022-06-05 07:05:12
381300|0000000717822651              |20220525|140920|004|675|0|30300055|130010014|130753213|1|20220525|134736|8001554|20220525|142834|8002488|1|1250|0|      |20220525|20220525|0603|2022-06-05 07:05:12
381302|0000000725518699              |20220525|145644|023|675|0|30300055|130010014|130753206|1|20220525|142934|8001927|20220525|151842|8002344|1|1250|0|      |20220525|20220525|0603|2022-06-05 07:05:12
381304|0000000754941677              |20220525|223950|024|676|0|30300070|130010004|130752205|1|20220525|152315|8002437|20220525|225620|8002826|1|1250|0|      |20220525|20220525|0603|2022-06-05 07:05:12
381306|0000000753490951              |20220525|073346|006|674|0|30300104|130010002|130752313|1|20220525|072819|8001153|20220525|081442|8001567|1|1250|0|      |20220525|20220525|0603|2022-06-05 07:05:12
381308|0000000757962442              |20220525|081248|016|675|0|30300064|130010015|130759670|1|20220525|053646|8001048|20220525|082316|8002357|1|1250|0|      |20220525|20220525|0603|2022-06-05 07:05:12
381310|0000000719512531              |20220525|080058|030|676|0|30300036|130010012|130753333|1|20220525|074358|8002376|20220525|083439|8002425|1|1250|0|      |20220525|20220525|0603|2022-06-05 07:05:12
381312|0000000755877003              |20220525|093317|007|675|0|30300058|130010004|130752247|1|20220525|055158|8001927|20220525|095911|8002904|1|1250|0|      |20220525|20220525|0603|2022-06-05 07:05:12
381665|0000000757651165              |20220525|221508|005|676|0|30300043|130010015|130759618|1|20220525|211916|8005921|20220525|221940|8005588|1|1250|0|      |20220525|20220525|0603|2022-06-05 07:05:12
381667|0000000753002799              |20220525|215539|019|676|0|30300043|130010015|130759619|1|20220525|213309|8001246|20220525|224715|8005588|1|1250|0|      |20220525|20220525|0603|2022-06-05 07:05:12
381669|0000000753006646              |20220525|083319|018|676|0|30300051|130010008|130752134|1|20220525|082125|8001994|20220525|084121|8002330|1|1250|0|      |20220525|20220525|0603|2022-06-05 07:05:12
381671|0000000759483278              |20220525|092234|008|676|0|30300130|130010008|130752138|1|20220525|090837|8001718|20220525|095055|8002340|1|1250|0|      |20220525|20220525|0603|2022-06-05 07:05:12
381673|0000000752988537              |20220525|112357|028|676|0|30300043|130010015|130759603|1|20220525|111912|8005587|20220525|121453|8001245|1|1250|0|      |20220525|20220525|0603|2022-06-05 07:05:12
381675|0000000721590044              |20220525|112226|007|676|0|30300040|130010007|130759388|1|20220525|105932|8001406|20220525|120125|8001388|1|1250|0|      |20220525|20220525|0603|2022-06-05 07:05:12
381677|0000000753389949              |20220525|121055|012|676|0|30300051|130010008|130752109|1|20220525|110156|8001369|20220525|125547|8001418|1|1250|0|      |20220525|20220525|0603|2022-06-05 07:05:12
381679|0000000723366069              |20220525|142755|003|675|0|30300047|130010001|130759438|1|20220525|140255|8003101|20220525|143617|8001014|1|1250|0|      |20220525|20220525|0603|2022-06-05 07:05:12
381681|0000000907928544              |20220525|161347|018|676|0|30300040|130010013|130759822|1|20220525|142727|8001096|20220525|162138|8001406|1|1250|0|      |20220525|20220525|0603|2022-06-05 07:05:12
381683|0000000735657166              |20220525|162227|030|676|0|30300040|130010007|130759367|1|20220525|152750|8002904|20220525|164347|8001611|1|1250|0|      |20220525|20220525|0603|2022-06-05 07:05:12
381685|0000000759717278              |20220525|171344|018|676|0|30300130|130010008|130752720|1|20220525|161817|8005989|20220525|172252|8002824|1|1250|0|      |20220525|20220525|0603|2022-06-05 07:05:12
381687|0000000755968453              |20220525|174222|026|676|0|30300051|130010008|130752110|1|20220525|172839|8001994|20220525|175029|8002454|1|1250|0|      |20220525|20220525|0603|2022-06-05 07:05:12
381689|0000000733340271              |20220525|175557|021|676|0|30300051|130010008|130752121|1|20220525|172729|8001525|20220525|183141|8001418|1|1250|0|      |20220525|20220525|0603|2022-06-05 07:05:12
384565|0000000743251520              |20220525|214348|001|676|1|30300093|130010004|130752231|1|20220525|212240|8001418|20220525|221541|8002208|1|0|0|      |20220525|20220525|0603|2022-06-05 07:05:12
384567|0000000903421148              |20220525|073111|001|675|1|30300145|130010014|130753529|1|20220525|071939|8002721|20220525|075512|8002901|1|0|0|      |20220525|20220525|0603|2022-06-05 07:05:12
384569|0000000732855106              |20220525|102659|001|676|1|30300037|130010006|130752050|1|20220525|081003|8002721|20220525|105029|9002077|1|0|0|      |20220525|20220525|0603|2022-06-05 07:05:12
384571|0000000922048942              |20220525|182807|001|675|1|30300047|130010001|130759430|1|20220525|165821|8002721|20220525|190053|8002547|1|0|0|      |20220525|20220525|0603|2022-06-05 07:05:12
377483|0000000744249067              |20220525|124700|006|675|1|30300057|130010001|130759750|1|20220525|113605|8001280|20220525|130231|8002723|1|0|0|      |20220525|20220525|0603|2022-06-05 07:05:12
377485|0000000741647593              |20220525|135759|024|675|2|30300083|130010001|130759775|1|20220525|131548|8001539|20220525|141912|8001932|1|0|0|      |20220525|20220525|0603|2022-06-05 07:05:12
377487|0000000738281789              |20220525|174452|024|675|1|30300084|130010001|130759760|1|20220525|165938|8002631|20220525|175135|8001748|1|0|0|      |20220525|20220525|0603|2022-06-05 07:05:12
377489|0000000746072333              |20220525|190209|010|675|2|30300059|130010004|130752246|1|20220525|150745|8002425|20220525|191031|8002227|1|0|0|      |20220525|20220525|0603|2022-06-05 07:05:12
377491|0000000714766256              |20220525|184414|011|675|1|30300057|130010001|130759489|1|20220525|181705|8002631|20220525|190357|8001664|1|0|0|      |20220525|20220525|0603|2022-06-05 07:05:12
377493|0000000918371358              |20220525|175445|006|675|1|30300078|130010008|130752168|1|20220525|173437|8002100|20220525|181236|8001419|1|0|0|      |20220525|20220525|0603|2022-06-05 07:05:12
377495|0000000741158587              |20220525|182807|022|677|1|30300129|130010009|130759101|1|20220525|174256|8005906|20220525|183357|8002187|1|0|0|      |20220525|20220525|0603|2022-06-05 07:05:12
377497|0000000720040702              |20220525|224028|030|675|1|30300062|130010008|130752704|1|20220525|222852|8001568|20220525|230624|8001855|1|0|0|      |20220525|20220525|0603|2022-06-05 07:05:12
377499|0000000777014639              |20220525|072555|028|675|1|30300078|130010008|130752165|1|20220525|071406|8001928|20220525|072841|8002603|1|0|0|      |20220525|20220525|0603|2022-06-05 07:05:12
377501|0000000722945971              |20220525|114221|006|675|1|30300050|130010007|130759342|1|20220525|113058|8002531|20220525|115050|8003048|1|0|0|      |20220525|20220525|0603|2022-06-05 07:05:12
377931|0000000756136372              |20220525|160641|019|676|0|30300051|130010008|130752107|1|20220525|154215|8001117|~       |      |~      |1|1250|0|      |20220525|~       |0603|2022-06-05 07:05:12
377933|0000000741845106              |20220525|163537|027|676|0|30300051|130010008|130752128|1|20220525|160930|8001117|~       |      |~      |2|2500|0|      |20220525|~       |0603|2022-06-05 07:05:12
377935|0000000734041641              |20220525|094257|009|676|0|30300051|130010008|130752110|1|20220525|091744|8001117|~       |      |~      |1|1250|0|      |20220525|~       |0603|2022-06-05 07:05:12
377937|0000000742240345              |20220525|174540|016|676|0|30300051|130010008|130752147|1|20220525|172004|8001117|~       |      |~      |1|1250|0|      |20220525|~       |0603|2022-06-05 07:05:12
377939|0000000661152468              |20220525|180758|003|676|0|30300051|130010008|130752124|1|20220525|174143|8001117|~       |      |~      |1|1250|0|      |20220525|~       |0603|2022-06-05 07:05:12
377941|0000000903465819              |20220525|130227|003|675|0|30300091|130010013|130759805|1|20220525|121445|8002616|~       |      |~      |1|1250|0|      |20220525|~       |0603|2022-06-05 07:05:12
377943|0000000723391850              |20220525|085523|006|675|0|30300081|130010011|130759533|1|20220525|050752|8002616|~       |      |~      |1|1250|0|      |20220525|~       |0603|2022-06-05 07:05:12
377945|0000000918184406              |20220525|102406|024|675|0|30300081|130010011|130759506|1|20220525|100137|8002616|~       |      |~      |1|1250|0|      |20220525|~       |0603|2022-06-05 07:05:12
377947|0000000721118973              |20220525|140022|016|675|0|30300081|130010011|130759506|1|20220525|125633|8002616|~       |      |~      |1|1250|0|      |20220525|~       |0603|2022-06-05 07:05:12
377949|0000000722656617              |20220525|185308|014|675|0|30300091|130010013|130759821|1|20220525|180831|8002616|~       |      |~      |1|1250|0|      |20220525|~       |0603|2022-06-05 07:05:12
377951|0000000725717607              |20220525|193620|018|675|0|30300081|130010011|130759570|1|20220525|135928|8002616|~       |      |~      |1|1250|0|      |20220525|~       |0603|2022-06-05 07:05:12
377953|0000000738769450              |20220525|080327|023|676|0|30300131|130010008|130752722|1|20220525|072553|8001117|~       |      |~      |1|1250|0|      |20220525|~       |0603|2022-06-05 07:05:12
377955|0000000725997968              |20220525|170542|014|676|0|30300131|130010008|130752709|1|20220525|162513|8001117|~       |      |~      |1|1250|0|      |20220525|~       |0603|2022-06-05 07:05:12
377957|0000000771923580              |20220525|124914|009|675|0|30300075|130010005|130759264|1|20220525|123315|8002616|~       |      |~      |1|1250|0|      |20220525|~       |0603|2022-06-05 07:05:12
377959|0000000610783101              |20220525|081249|005|675|0|30300078|130010008|130752712|1|20220525|080154|8002616|~       |      |~      |1|1250|0|      |20220525|~       |0603|2022-06-05 07:05:12
378415|0000000760311291              |20220525|201541|025|676|0|30300090|130010005|130759219|1|20220525|182237|8001287|~       |      |~      |1|1250|0|      |20220525|~       |0603|2022-06-05 07:05:12
378417|0000000751681406              |20220525|085232|002|675|1|30300064|130010015|130759673|1|20220524|223143|8002357|~       |      |~      |1|0|0|      |20220525|~       |0603|2022-06-05 07:05:12
378419|0000000917920714              |20220525|153517|003|675|1|30300064|130010015|130759676|1|20220525|145906|8002357|~       |      |~      |1|0|0|      |20220525|~       |0603|2022-06-05 07:05:12
378421|0000000668614770              |20220525|190840|004|675|1|30300064|130010015|130759673|1|20220525|170452|8002357|~       |      |~      |1|0|0|      |20220525|~       |0603|2022-06-05 07:05:12
378423|0000000741291623              |20220525|081522|003|675|0|30300067|130010001|130759735|1|20220525|080519|8001287|~       |      |~      |1|1250|0|      |20220525|~       |0603|2022-06-05 07:05:12
378425|0000000631966647              |20220525|124302|017|675|0|30300076|130010014|130753235|1|20220525|122113|8002357|~       |      |~      |1|1250|0|      |20220525|~       |0603|2022-06-05 07:05:12
378427|0000000721264139              |20220525|063758|012|676|0|30300073|130010009|130759117|1|20220525|062151|8002357|~       |      |~      |1|1250|0|      |20220525|~       |0603|2022-06-05 07:05:12
378429|0000000725088143              |20220525|134601|030|676|2|30300073|130010009|130759122|1|20220525|132622|8002357|~       |      |~      |1|0|0|      |20220525|~       |0603|2022-06-05 07:05:12
378431|0000000759045243              |20220525|172733|013|679|0|30300063|130010001|130759773|1|20220525|163406|8002357|~       |      |~      |1|1250|0|      |20220525|~       |0603|2022-06-05 07:05:12
378433|0000000758703438              |20220525|130729|003|675|0|30300055|130010014|130753204|1|20220525|122057|8002357|~       |      |~      |1|1250|0|      |20220525|~       |0603|2022-06-05 07:05:12
378435|0000000761355891              |20220525|172028|028|676|0|30300070|130010004|130752235|1|20220525|164648|8002357|~       |      |~      |1|1250|0|      |20220525|~       |0603|2022-06-05 07:05:12
378437|0000000702026348              |20220525|120748|027|676|2|30300072|130010001|130759421|1|20220525|115056|8002357|~       |      |~      |1|0|0|      |20220525|~       |0603|2022-06-05 07:05:12
371606|0000000715728519              |20220525|153249|011|681|0|30300042|130010009|130759140|1|20220525|151243|8001409|20220525|155507|8001091|1|1250|0|      |20220525|20220525|0603|2022-06-05 07:05:12
371608|0000000644382578              |20220525|165320|026|676|0|30300090|130010005|130759207|1|20220525|144909|8001075|20220525|171948|8002611|1|1250|0|      |20220525|20220525|0603|2022-06-05 07:05:12
371610|0000000609382401              |20220525|175913|001|676|0|30300070|130010004|130752283|1|20220525|162959|8002823|20220525|180344|8001761|1|1250|0|      |20220525|20220525|0603|2022-06-05 07:05:12
371612|0000000651689915              |20220525|195919|024|676|0|30300070|130010004|130752226|1|20220525|183929|8002823|20220525|200333|8001761|1|1250|0|      |20220525|20220525|0603|2022-06-05 07:05:12
371614|0000000905311284              |20220525|211725|003|676|0|30300090|130010005|130759260|1|20220525|140937|8002954|20220525|214801|8005993|1|1250|0|      |20220525|20220525|0603|2022-06-05 07:05:12
371616|0000000776471543              |20220525|221714|024|681|0|30300042|130010009|130759151|1|20220525|220922|8002633|20220525|224401|8003032|1|1250|0|      |20220525|20220525|0603|2022-06-05 07:05:12
371618|0000000602064865              |20220525|180459|011|675|0|30300055|130010014|130753229|1|20220525|175805|8002093|20220525|185951|8002631|1|1250|0|      |20220525|20220525|0603|2022-06-05 07:05:12
371620|0000000906157544              |20220525|065926|030|676|0|30300072|130010001|130759749|1|20220525|065220|8001060|20220525|072205|8002235|1|1250|0|      |20220525|20220525|0603|2022-06-05 07:05:12
372054|0000000742730238              |20220525|173026|013|675|0|30300049|130010004|130752286|1|20220525|163651|8001588|20220525|173813|8001735|1|1250|0|      |20220525|20220525|0603|2022-06-05 07:05:12
372056|0000000778348556              |20220525|174651|028|675|0|30300049|130010004|130752206|1|20220525|173214|8002662|20220525|182059|8001902|1|1250|0|      |20220525|20220525|0603|2022-06-05 07:05:12
372058|0000000702823977              |20220525|182603|009|675|0|30300049|130010004|130752216|1|20220525|180902|8002662|20220525|190813|8001784|1|1250|0|      |20220525|20220525|0603|2022-06-05 07:05:12
372060|0000000746911424              |20220525|182556|016|675|0|30300049|130010004|130752216|1|20220525|180902|8002662|20220525|191507|8002965|1|1250|0|      |20220525|20220525|0603|2022-06-05 07:05:12
372062|0000000908870010              |20220525|201655|029|675|0|30300049|130010004|130752276|1|20220525|201029|8005571|20220525|203445|8002960|1|1250|0|      |20220525|20220525|0603|2022-06-05 07:05:12
372064|0000000613403589              |20220525|080128|021|681|0|30300042|130010009|130759125|1|20220525|075125|8001409|20220525|084052|8002403|1|1250|0|      |20220525|20220525|0603|2022-06-05 07:05:12
372066|0000000903801702              |20220525|130357|020|675|0|30300045|130010006|130752012|1|20220525|122235|8001736|20220525|133127|8002403|1|1250|0|      |20220525|20220525|0603|2022-06-05 07:05:12
372068|0000000656262476              |20220525|063300|031|683|0|30300015|130010004|130752607|1|20220525|061947|8002561|20220525|064814|8001846|1|1250|0|      |20220525|20220525|0603|2022-06-05 07:05:12
372070|0000000746659279              |20220525|072935|018|683|0|30300015|130010004|130752607|1|20220525|072929|8001956|20220525|080213|8002876|1|1250|0|      |20220525|20220525|0603|2022-06-05 07:05:12
372072|0000000909011346              |20220525|100521|013|683|0|30300015|130010004|130752607|1|20220525|100029|8002877|20220525|103216|8001852|1|1250|0|      |20220525|20220525|0603|2022-06-05 07:05:12
372074|0000000746659279              |20220525|172235|019|683|0|30300015|130010004|130752607|1|20220525|171612|8002877|20220525|174723|8001846|1|1250|0|      |20220525|20220525|0603|2022-06-05 07:05:12
372076|0000000759935836              |20220525|060552|010|675|0|30300055|130010014|130753267|1|20220525|054134|8001934|20220525|061923|8002635|1|1250|0|      |20220525|20220525|0603|2022-06-05 07:05:12
372078|0000000725151333              |20220525|142923|017|675|0|30300055|130010014|130753212|1|20220525|064336|8001934|20220525|144648|8001414|1|1250|0|      |20220525|20220525|0603|2022-06-05 07:05:12
372485|0000000783238024              |20220525|135430|004|676|0|30300041|130010012|130753305|1|20220525|130926|8002702|20220525|141036|8001097|1|1250|0|      |20220525|20220525|0603|2022-06-05 07:05:12
372487|0000000698789426              |20220525|204232|017|676|0|30300041|130010012|130753320|1|20220525|194914|8002702|20220525|210140|8001097|1|1250|0|      |20220525|20220525|0603|2022-06-05 07:05:12
372489|0000000797526600              |20220525|154532|002|675|0|30300050|130010007|130759372|1|20220525|151033|8002402|20220525|155127|8005516|1|1250|0|      |20220525|20220525|0603|2022-06-05 07:05:12
372491|0000000789764004              |20220525|082732|016|676|0|30300037|130010006|130759004|1|20220525|073527|8002316|20220525|084030|8002488|1|1250|0|      |20220525|20220525|0603|2022-06-05 07:05:12
372493|0000000789305090              |20220525|171401|031|676|0|30300041|130010012|130753305|1|20220525|142834|8001076|20220525|173746|8002970|1|1250|0|      |20220525|20220525|0603|2022-06-05 07:05:12
372495|0000000787908567              |20220525|112729|017|676|0|30300069|130010001|130759704|1|20220525|105237|8002648|20220525|113325|8007517|1|1250|0|      |20220525|20220525|0603|2022-06-05 07:05:12
372497|0000000793220869              |20220525|192724|004|676|0|30300070|130010004|130752228|1|20220525|185652|8001240|20220525|193342|8002790|1|1250|0|      |20220525|20220525|0603|2022-06-05 07:05:12
372499|0000000786962130              |20220525|164213|012|675|0|30300058|130010004|130752295|1|20220525|150842|8001406|20220525|165613|8002630|1|1250|0|      |20220525|20220525|0603|2022-06-05 07:05:12
372501|0000000787818911              |20220525|180724|012|676|0|30300069|130010001|130759405|1|20220525|172624|8002648|20220525|181041|8007517|1|1250|0|      |20220525|20220525|0603|2022-06-05 07:05:12
372503|0000000400212087              |20220525|113128|006|676|1|30300087|130010015|130759622|1|20220525|110012|8002279|20220525|114012|8001378|1|0|0|      |20220525|20220525|0603|2022-06-05 07:05:12
372505|0000000681165706              |20220525|080333|027|676|1|30300130|130010008|130752139|1|20220525|070230|8002432|20220525|080617|8002786|1|0|0|      |20220525|20220525|0603|2022-06-05 07:05:12
372507|0000000782356551              |20220525|080759|004|676|0|30300087|130010008|130752156|1|20220525|073308|8002279|20220525|081745|8001378|1|1250|0|      |20220525|20220525|0603|2022-06-05 07:05:12
372509|0000001110047853              |20220525|163323|017|676|0|30300072|130010001|130759422|1|20220525|141510|8002814|20220525|165309|8002607|1|1250|0|      |20220525|20220525|0603|2022-06-05 07:05:12
372511|0000000790720060              |20220525|151320|008|676|0|30300054|130010007|130759354|1|20220525|143052|8002468|20220525|153746|8002707|1|1250|0|      |20220525|20220525|0603|2022-06-05 07:05:12
372918|0000000400127446              |20220525|154437|028|674|1|30300100|130010002|130752348|1|20220525|145334|8001412|20220525|162613|8001916|1|0|0|      |20220525|20220525|0603|2022-06-05 07:05:12
372920|0000001118178786              |20220525|193102|013|674|1|30300100|130010002|130752359|1|20220525|192618|8001412|20220525|200307|8001916|1|0|0|      |20220525|20220525|0603|2022-06-05 07:05:12
363501|0000000735484635              |20220525|124608|001|675|0|30300067|130010001|130759481|1|20220525|120111|8001412|20220525|132316|8003008|1|1250|0|      |20220525|20220525|0603|2022-06-05 07:05:12
363503|0000000775987829              |20220525|201551|012|675|0|30300064|130010015|130759625|1|20220525|193807|8001527|20220525|203242|8002644|1|1250|0|      |20220525|20220525|0603|2022-06-05 07:05:12
363505|0000000732571511              |20220525|172353|001|676|0|30300040|130010013|130759878|1|20220525|150027|8001091|20220525|173616|8002412|1|1250|0|      |20220525|20220525|0603|2022-06-05 07:05:12
363507|0000000603077728              |20220525|092945|006|674|0|30300002|130010007|130759337|1|20220525|090440|8001418|20220525|095620|8002259|1|1250|0|      |20220525|20220525|0603|2022-06-05 07:05:12
363509|0000000648544662              |20220525|113309|001|674|0|30300002|130010007|130759318|1|20220525|110442|8001418|20220525|115812|8002259|1|1250|0|      |20220525|20220525|0603|2022-06-05 07:05:12
363511|0000000716377325              |20220525|130127|012|674|0|30300002|130010007|130759329|1|20220525|123809|8001418|20220525|132533|8002259|1|1250|0|      |20220525|20220525|0603|2022-06-05 07:05:12
363513|0000000772681556              |20220525|150757|001|676|0|30300051|130010008|130752115|1|20220525|145909|8001096|20220525|151700|8001415|1|1250|0|      |20220525|20220525|0603|2022-06-05 07:05:12
363515|0000000627935766              |20220525|171651|016|676|0|30300051|130010008|130752128|1|20220525|160930|8001418|20220525|172546|8003022|1|1250|0|      |20220525|20220525|0603|2022-06-05 07:05:12
363517|0000000707853929              |20220525|185804|004|674|0|30300002|130010007|130759312|1|20220525|183226|8001418|20220525|192058|8002259|1|1250|0|      |20220525|20220525|0603|2022-06-05 07:05:12
363924|0000000668819990              |20220525|190621|017|675|0|30300075|130010005|130759226|1|20220525|183537|8001534|20220525|192657|8001351|1|1250|0|      |20220525|20220525|0603|2022-06-05 07:05:12
363926|0000000904253017              |20220525|074110|023|676|0|30300087|130010015|130759633|1|20220525|073348|8002133|20220525|082944|8002087|1|1250|0|      |20220525|20220525|0603|2022-06-05 07:05:12
363928|0000000918410027              |20220525|075437|006|676|0|30300087|130010015|130759679|1|20220525|074608|8002133|20220525|081948|8001453|1|1250|0|      |20220525|20220525|0603|2022-06-05 07:05:12
363930|0000000903244986              |20220525|092617|030|676|0|30300087|130010015|130759622|1|20220525|091459|8002133|20220525|100637|8002969|1|1250|0|      |20220525|20220525|0603|2022-06-05 07:05:12
363932|0000000908433539              |20220525|110945|025|676|0|30300087|130010008|130752159|1|20220525|110240|8002133|20220525|115447|8002159|1|1250|0|      |20220525|20220525|0603|2022-06-05 07:05:12
363934|0000000771857119              |20220525|141347|006|676|0|30300087|130010008|130752151|1|20220525|140347|8002133|20220525|145824|8002087|1|1250|0|      |20220525|20220525|0603|2022-06-05 07:05:12
363936|0000000700738068              |20220525|190709|020|676|0|30300087|130010008|130752158|1|20220525|185905|8002133|20220525|194209|8001232|1|1250|0|      |20220525|20220525|0603|2022-06-05 07:05:12
363938|0000000917965613              |20220525|190650|002|676|0|30300087|130010008|130752158|1|20220525|185905|8002133|20220525|202403|8002119|1|1250|0|      |20220525|20220525|0603|2022-06-05 07:05:12
363940|0000000736529003              |20220525|082403|031|675|0|30300080|130010009|130759152|1|20220525|054429|8001534|20220525|083251|8002114|1|1250|0|      |20220525|20220525|0603|2022-06-05 07:05:12
363942|0000000774717466              |20220525|092154|025|676|0|30300089|130010011|130759536|1|20220525|090333|8002133|20220525|101546|8007549|1|1250|0|      |20220525|20220525|0603|2022-06-05 07:05:12
363944|0000000903310474              |20220525|125654|018|676|0|30300089|130010011|130759504|1|20220525|124323|8002133|20220525|132604|8001556|1|1250|0|      |20220525|20220525|0603|2022-06-05 07:05:12
363946|0000000623074983              |20220525|195137|001|676|0|30300089|130010011|130759516|1|20220525|194015|8002133|20220525|203145|8002071|1|1250|0|      |20220525|20220525|0603|2022-06-05 07:05:12
363948|0000000768337436              |20220525|200935|001|676|0|30300089|130010011|130759578|1|20220525|195428|8002133|20220525|203556|8001556|1|1250|0|      |20220525|20220525|0603|2022-06-05 07:05:12
364355|0000000771031407              |20220525|093421|001|675|0|30300047|130010001|130759436|1|20220525|093002|8002941|20220525|095457|8070029|1|1250|0|      |20220525|20220525|0603|2022-06-05 07:05:12
364357|0000000776595100              |20220525|181650|008|675|0|30300047|130010001|130759430|1|20220525|165821|8002941|20220525|184449|8070029|1|1250|0|      |20220525|20220525|0603|2022-06-05 07:05:12
364359|0000000725904659              |20220525|220829|004|674|0|30300104|130010002|130752314|1|20220525|211119|8002452|20220525|222321|8002364|1|1250|0|      |20220525|20220525|0603|2022-06-05 07:05:12
364361|0000000740821865              |20220525|074338|024|675|0|30300055|130010014|130753263|1|20220525|054319|8001667|20220525|074632|8005561|1|1250|0|      |20220525|20220525|0603|2022-06-05 07:05:12
364363|0000000725803419              |20220525|092801|028|675|0|30300055|130010014|130753251|1|20220525|090307|8001667|20220525|093134|8005561|1|1250|0|      |20220525|20220525|0603|2022-06-05 07:05:12
364365|0000000653361756              |20220525|130538|028|675|0|30300055|130010014|130753260|1|20220525|124548|8001667|20220525|130749|8005561|1|1250|0|      |20220525|20220525|0603|2022-06-05 07:05:12
364367|0000000646504966              |20220525|183521|007|675|0|30300055|130010014|130753221|1|20220525|181309|8001667|20220525|184017|8005561|1|1250|0|      |20220525|20220525|0603|2022-06-05 07:05:12
364369|0000000743743331              |20220525|161745|022|675|0|30300050|130010007|130759350|1|20220525|155037|8007549|20220525|163142|8002960|1|1250|0|      |20220525|20220525|0603|2022-06-05 07:05:12
364371|0000000918282928              |20220525|193142|008|675|0|30300050|130010007|130759350|1|20220525|190551|8007549|20220525|194345|8002960|1|1250|0|      |20220525|20220525|0603|2022-06-05 07:05:12
364373|0000000767019474              |20220525|202306|014|675|0|30300050|130010007|130759369|1|20220525|195854|8007549|20220525|203748|8002960|1|1250|0|      |20220525|20220525|0603|2022-06-05 07:05:12
364375|0000000900228160              |20220525|220110|016|675|0|30300050|130010007|130759309|1|20220525|213705|8007549|20220525|221055|8002960|1|1250|0|      |20220525|20220525|0603|2022-06-05 07:05:12
364377|0000000706012533              |20220525|220108|018|675|0|30300050|130010007|130759309|1|20220525|213705|8007549|20220525|221120|8002960|1|1250|0|      |20220525|20220525|0603|2022-06-05 07:05:12
364379|0000000665334544              |20220525|092021|023|676|0|30300073|130010009|130759141|1|20220525|082655|8007270|20220525|092217|8001420|1|1250|0|      |20220525|20220525|0603|2022-06-05 07:05:12
364381|0000000909264569              |20220525|105937|012|675|0|30300080|130010009|130759153|1|20220525|094437|8007270|20220525|110358|8001420|1|1250|0|      |20220525|20220525|0603|2022-06-05 07:05:12
364788|0000000760521954              |20220525|130347|012|676|0|30300036|130010012|130753301|1|20220525|121853|8002757|20220525|131545|8001928|1|1250|0|      |20220525|20220525|0603|2022-06-05 07:05:12
