SERIAL_NO|CARD_NO|GETON_YMD|GETON_TM|TRANSACTION_ID|TR_MEANS_TYPE|TRANSF_CNT|BUS_ROUTE_ID|BUS_CO_ID|BUS_CAR_ID|USR_TYPE|DRVN_START_YMD|DRVN_START_TM|GETON_BUS_STTN_ID|GETOFF_YMD|GETOFF_TM|GETOFF_BUS_STTN_ID|YSR_CNT|GETON_PAY|GETOFF_PAY|DRVR_ID|GETON_CALC_YMD|GETOFF_CALC_YMD|ETL_TYPE|ETL_DATE
511915|0000000912111648              |20220603|211934|021|676|0|30300040|130010007|130759346|1|20220603|203516|8001062|20220603|212934|8002997|1|1250|0|      |20220603|20220603|0603|2022-06-14 07:03:10
511917|0000000743168768              |20220603|211856|010|676|0|30300070|130010004|130752604|1|20220603|195017|8002794|20220603|214352|8001383|1|1250|0|      |20220603|20220603|0603|2022-06-14 07:03:10
511919|0000000730280006              |20220603|214120|016|676|0|30300130|130010008|130752145|1|20220603|205811|8002487|20220603|215445|8002820|1|1250|0|      |20220603|20220603|0603|2022-06-14 07:03:10
512374|0000000776594874              |20220603|212851|022|676|0|30300090|130010005|130759260|1|20220603|200033|8007155|20220603|213643|8070027|1|1250|0|      |20220603|20220603|0603|2022-06-14 07:03:10
512376|0000000734021257              |20220603|220207|022|676|0|30300071|130010009|130759144|1|20220603|125253|8002278|20220603|220944|8002642|1|1250|0|      |20220603|20220603|0603|2022-06-14 07:03:10
512378|0000000918217818              |20220603|054628|022|676|0|30300040|130010013|130759871|1|20220603|053711|8002240|20220603|061831|8002412|1|1250|0|      |20220603|20220603|0603|2022-06-14 07:03:10
512380|0000000908045339              |20220603|073832|001|676|0|30300090|130010005|130759225|1|20220603|053502|8007155|20220603|074827|8070027|1|1250|0|      |20220603|20220603|0603|2022-06-14 07:03:10
512382|0000000625217032              |20220603|070346|007|676|0|30300086|130010013|130759879|1|20220603|053841|8001413|20220603|080056|8001310|1|1250|0|      |20220603|20220603|0603|2022-06-14 07:03:10
512384|0000000758568381              |20220603|072413|021|676|0|30300071|130010009|130759106|1|20220603|053239|8002278|20220603|074242|8002743|1|1250|0|      |20220603|20220603|0603|2022-06-14 07:03:10
512386|0000000904125406              |20220603|075816|008|676|0|30300040|130010007|130759388|1|20220603|073126|8002240|20220603|082524|8001275|1|1250|0|      |20220603|20220603|0603|2022-06-14 07:03:10
512388|0000000719414752              |20220603|075249|006|676|0|30300090|130010005|130759266|1|20220603|054530|8007155|20220603|082703|8002468|1|1250|0|      |20220603|20220603|0603|2022-06-14 07:03:10
512795|0000000400189257              |20220603|074925|029|676|0|30300040|130010007|130759385|1|20220603|071531|8007275|20220603|075525|8002075|1|1250|0|      |20220603|20220603|0603|2022-06-14 07:03:10
512797|0000001110225414              |20220603|082419|013|676|0|30300070|130010004|130752604|1|20220603|065007|8001645|20220603|084058|8003101|1|1250|0|      |20220603|20220603|0603|2022-06-14 07:03:10
512799|0000000686155487              |20220603|082737|024|676|0|30300054|130010007|130759354|1|20220603|064218|8001645|20220603|083837|8007011|1|1250|0|      |20220603|20220603|0603|2022-06-14 07:03:10
512801|0000000788574629              |20220603|084405|029|676|0|30300070|130010004|130752606|1|20220603|071738|8001645|20220603|090148|8003101|1|1250|0|      |20220603|20220603|0603|2022-06-14 07:03:10
512803|0000000186482260              |20220603|090555|002|676|0|30300051|130010008|130752126|1|20220603|090357|8002950|20220603|092952|8002605|1|1250|0|      |20220603|20220603|0603|2022-06-14 07:03:10
512805|0000000694933591              |20220603|084320|013|832|1|30300128|130710001|130759930|1|20220603|064029|8007275|20220603|091940|3053005|1|450|300|      |20220603|20220603|0603|2022-06-14 07:03:10
512807|0000000788995812              |20220603|090313|006|675|0|30300101|130010002|130752396|1|20220603|082025|8001645|20220603|092035|8001924|1|1250|0|      |20220603|20220603|0603|2022-06-14 07:03:10
512809|0000000691960241              |20220603|092955|003|676|0|30300051|130010008|130752161|1|20220603|092827|8002950|20220603|095426|8002605|1|1250|0|      |20220603|20220603|0603|2022-06-14 07:03:10
512811|0000000789014219              |20220603|182047|005|678|0|30300074|130010014|130753613|1|20220603|145311|8002950|20220603|184339|8002972|1|1250|0|      |20220603|20220603|0603|2022-06-14 07:03:10
512813|0000000400212209              |20220603|181523|005|676|0|30300051|130010008|130752147|1|20220603|181159|8002950|20220603|184245|8002734|1|1250|0|      |20220603|20220603|0603|2022-06-14 07:03:10
512815|0000000789340709              |20220603|182601|009|832|1|30300128|130710001|130759920|1|20220603|060623|8007275|20220603|190156|3053005|1|450|300|      |20220603|20220603|0603|2022-06-14 07:03:10
512817|0000001110506486              |20220603|184458|025|832|1|30300128|130710001|130759922|1|20220603|053209|8007275|20220603|192736|3053005|1|450|300|      |20220603|20220603|0603|2022-06-14 07:03:10
512819|0000000699921319              |20220603|190040|009|832|1|30300128|130710001|130759924|1|20220603|061133|8007275|20220603|193442|8007052|1|450|300|      |20220603|20220603|0603|2022-06-14 07:03:10
512821|0000000488266751              |20220603|191916|018|832|1|30300128|130710001|130759927|1|20220603|061016|8007275|20220603|194628|8007293|1|450|300|      |20220603|20220603|0603|2022-06-14 07:03:10
513228|0000000787898878              |20220603|074532|024|675|0|30300067|130010001|130759742|4|20220603|073833|8005876|20220603|075541|8001467|1|750|0|      |20220603|20220603|0603|2022-06-14 07:03:10
513230|0000000796407175              |20220603|072029|011|675|0|30300047|130010001|130759705|1|20220603|070131|8002119|20220603|073925|8007177|1|1250|0|      |20220603|20220603|0603|2022-06-14 07:03:10
513232|0000000693273576              |20220603|074750|010|832|0|30300128|130710001|130759911|1|20220603|051656|3053004|20220603|081336|8007290|1|1700|300|      |20220603|20220603|0603|2022-06-14 07:03:10
513234|0000000785684294              |20220603|081435|026|680|0|30300011|130010002|130752316|1|20220603|080806|8002119|20220603|082354|8001011|1|1250|0|      |20220603|20220603|0603|2022-06-14 07:03:10
513236|0000000684739478              |20220603|075339|002|675|0|30300064|130010015|130759613|1|20220603|074524|8005876|20220603|082111|8002357|1|1250|0|      |20220603|20220603|0603|2022-06-14 07:03:10
513238|0000000789474483              |20220603|080537|007|675|0|30300065|130010004|130752268|4|20220603|064804|8005876|20220603|081922|8001467|1|750|0|      |20220603|20220603|0603|2022-06-14 07:03:10
513240|0000001118272826              |20220603|082534|003|676|0|30300043|130010015|130759640|1|20220603|065346|8005876|20220603|085528|8002602|1|1250|0|      |20220603|20220603|0603|2022-06-14 07:03:10
513242|0000000793313935              |20220603|083137|022|832|0|30300128|130710001|130759917|1|20220603|060826|3053004|20220603|090554|8007276|1|1700|300|      |20220603|20220603|0603|2022-06-14 07:03:10
513244|0000001118213567              |20220603|085753|009|675|0|30300064|130010015|130759603|1|20220603|084916|8005876|20220603|085957|8001835|1|1250|0|      |20220603|20220603|0603|2022-06-14 07:03:10
513246|0000000698864326              |20220603|091942|013|832|1|30300128|130710001|130759922|1|20220603|053209|3053004|20220603|092652|8007296|1|300|0|      |20220603|20220603|0603|2022-06-14 07:03:10
513248|0000000785142963              |20220603|085030|022|832|0|30300128|130710001|130759919|1|20220603|052416|3053004|20220603|091437|8007290|1|1700|300|      |20220603|20220603|0603|2022-06-14 07:03:10
513250|0000000400182516              |20220603|091154|006|675|0|30300064|130010015|130759673|1|20220603|063142|8005876|20220603|093912|8002357|1|1250|0|      |20220603|20220603|0603|2022-06-14 07:03:10
513252|0000001110525186              |20220603|092542|011|676|0|30300043|130010015|130759601|1|20220603|060548|8005876|20220603|093619|8001362|1|1250|0|      |20220603|20220603|0603|2022-06-14 07:03:10
513686|0000000400159911              |20220603|075500|001|676|0|30300073|130010009|130759178|1|20220603|070325|8007270|20220603|080011|8002634|1|1250|0|      |20220603|20220603|0603|2022-06-14 07:03:10
513688|0000000788261133              |20220603|074413|020|681|0|30300042|130010009|130759140|1|20220603|070642|8002425|20220603|080514|8001408|1|1250|0|      |20220603|20220603|0603|2022-06-14 07:03:10
512415|0000000905381888              |20220603|190517|028|676|0|30300040|130010013|130759834|1|20220603|165525|8002240|20220603|192025|8002763|1|1250|0|      |20220603|20220603|0603|2022-06-14 07:03:10
512822|0000000788355441              |20220603|201317|030|676|0|30300051|130010008|130752125|1|20220603|183753|8002950|20220603|203736|8001929|1|1250|0|      |20220603|20220603|0603|2022-06-14 07:03:10
512824|0000000488397092              |20220603|203924|031|832|1|30300128|130710001|130759914|1|20220603|053858|8007275|20220603|211315|3053005|1|450|300|      |20220603|20220603|0603|2022-06-14 07:03:10
512826|0000000783613615              |20220603|122151|004|832|1|30300128|130710001|130759929|1|20220603|065535|8007275|20220603|124756|8007293|1|450|300|      |20220603|20220603|0603|2022-06-14 07:03:10
512828|0000001118436024              |20220603|122159|002|832|1|30300128|130710001|130759929|1|20220603|065535|8007275|20220603|125502|8007052|1|450|300|      |20220603|20220603|0603|2022-06-14 07:03:10
512830|0000000788988083              |20220603|123259|020|675|0|30300078|130010008|130752165|1|20220603|120323|8007275|20220603|124142|8002218|1|1250|0|      |20220603|20220603|0603|2022-06-14 07:03:10
512832|0000000400153960              |20220603|125034|006|675|0|30300076|130010014|130753615|1|20220603|124151|8001645|20220603|130341|8001718|1|1250|0|      |20220603|20220603|0603|2022-06-14 07:03:10
512834|0000000699063242              |20220603|130015|021|675|0|30300101|130010002|130752326|1|20220603|121901|8001645|20220603|131749|8001924|1|1250|0|      |20220603|20220603|0603|2022-06-14 07:03:10
512836|0000000681218795              |20220603|133618|023|676|0|30300070|130010004|130752226|1|20220603|071435|8001645|20220603|133825|8002754|1|1250|0|      |20220603|20220603|0603|2022-06-14 07:03:10
512838|0000000698660994              |20220603|094544|014|680|0|30300013|130010015|130759639|1|20220603|084656|8002601|20220603|100721|8001386|2|2500|0|      |20220603|20220603|0603|2022-06-14 07:03:10
512840|0000000697928501              |20220603|093742|031|675|0|30300057|130010001|130759470|1|20220603|092202|8002601|20220603|095335|8002887|1|1250|0|      |20220603|20220603|0603|2022-06-14 07:03:10
512842|0000000400199156              |20220603|100526|009|832|1|30300128|130710001|130759916|1|20220603|063507|8007412|20220603|105357|8007053|1|450|300|      |20220603|20220603|0603|2022-06-14 07:03:10
512844|0000000400110570              |20220603|104713|014|675|0|30300057|130010001|130759757|1|20220603|103317|8002601|20220603|110717|8002627|1|1250|0|      |20220603|20220603|0603|2022-06-14 07:03:10
512846|0000000699263859              |20220603|105250|004|675|0|30300076|130010014|130753233|1|20220603|104047|8001645|20220603|111912|8002733|1|1250|0|      |20220603|20220603|0603|2022-06-14 07:03:10
512848|0000000693103125              |20220603|104809|001|832|0|30300128|130710001|130759920|1|20220603|060623|8007412|20220603|112942|8007400|1|1700|300|      |20220603|20220603|0603|2022-06-14 07:03:10
513255|0000000790717521              |20220603|175615|019|675|0|30300067|130010001|130759481|1|20220603|174831|8005876|20220603|182630|8002822|1|1250|0|      |20220603|20220603|0603|2022-06-14 07:03:10
513257|0000000687475035              |20220603|182035|029|832|0|30300128|130710001|130759932|1|20220603|124423|3053004|20220603|184447|8007290|1|1700|300|      |20220603|20220603|0603|2022-06-14 07:03:10
513259|0000000684703664              |20220603|183433|011|675|0|30300047|130010001|130759705|1|20220603|180727|8002119|20220603|185706|8005991|1|1250|0|      |20220603|20220603|0603|2022-06-14 07:03:10
513261|0000000693470869              |20220603|190010|031|676|0|30300043|130010015|130759609|1|20220603|185021|8005876|20220603|190947|8002456|1|1250|0|      |20220603|20220603|0603|2022-06-14 07:03:10
513263|0000000791655784              |20220603|185125|010|832|0|30300128|130710001|130759913|1|20220603|052305|3053004|20220603|190119|8007294|1|1700|0|      |20220603|20220603|0603|2022-06-14 07:03:10
513265|0000000693058559              |20220603|185138|002|832|0|30300128|130710001|130759913|1|20220603|052305|3053004|20220603|190451|8007292|1|1700|0|      |20220603|20220603|0603|2022-06-14 07:03:10
513267|0000000790608191              |20220603|192604|003|676|0|30300051|130010008|130752119|1|20220603|170955|8002119|20220603|193836|8002365|1|1250|0|      |20220603|20220603|0603|2022-06-14 07:03:10
513269|0000000691908589              |20220603|184116|009|832|0|30300128|130710001|130759911|1|20220603|051656|3053004|20220603|192220|8007272|1|1700|300|      |20220603|20220603|0603|2022-06-14 07:03:10
513271|0000000691213875              |20220603|192920|027|832|0|30300128|130710001|130759917|1|20220603|060826|3053004|20220603|200502|8007280|1|1700|300|      |20220603|20220603|0603|2022-06-14 07:03:10
513273|0000000691716206              |20220603|201129|015|832|0|30300128|130710001|130759921|1|20220603|055123|3053004|20220603|202007|8007296|1|1700|0|      |20220603|20220603|0603|2022-06-14 07:03:10
513275|0000000692872547              |20220603|204029|025|832|0|30300128|130710001|130759924|1|20220603|061133|3053004|20220603|205029|8007294|1|1700|0|      |20220603|20220603|0603|2022-06-14 07:03:10
513277|0000000785025640              |20220603|115025|025|832|0|30300128|130710001|130759916|1|20220603|063507|3053004|20220603|115846|8007296|1|1700|0|      |20220603|20220603|0603|2022-06-14 07:03:10
513279|0000000488277080              |20220603|125902|009|675|0|30300065|130010004|130752234|1|20220603|125320|8005876|20220603|131623|8005870|1|1250|0|      |20220603|20220603|0603|2022-06-14 07:03:10
513713|0000000788178596              |20220603|184051|020|676|0|30300090|130010005|130759266|1|20220603|130619|8002425|20220603|190631|8002611|1|1250|0|      |20220603|20220603|0603|2022-06-14 07:03:10
513715|0000000699538355              |20220603|185340|023|675|0|30300053|130010002|130752319|1|20220603|183758|8002425|20220603|192200|8001028|1|1250|0|      |20220603|20220603|0603|2022-06-14 07:03:10
513717|0000000785335089              |20220603|195835|001|676|0|30300051|130010008|130752161|1|20220603|194243|8002309|20220603|200622|8001415|1|1250|0|      |20220603|20220603|0603|2022-06-14 07:03:10
513719|0000000690247435              |20220603|211014|012|675|0|30300091|130010013|130759805|1|20220603|201835|8007270|20220603|211626|8001464|1|1250|0|      |20220603|20220603|0603|2022-06-14 07:03:10
513721|0000000400182304              |20220603|123544|017|675|0|30300080|130010009|130759172|1|20220603|055201|8007270|20220603|123738|8001420|1|1250|0|      |20220603|20220603|0603|2022-06-14 07:03:10
513723|0000001110246730              |20220603|115313|002|676|0|30300039|130010005|130759262|1|20220603|051806|8002425|20220603|115438|8005594|1|1250|0|      |20220603|20220603|0603|2022-06-14 07:03:10
513725|0000000400103208              |20220603|124935|023|676|0|30300040|130010007|130759367|1|20220603|121950|8002425|20220603|125751|8002869|1|1250|0|      |20220603|20220603|0603|2022-06-14 07:03:10
513727|0000000790506192              |20220603|131540|006|675|0|30300144|130010012|130753379|1|20220603|125955|8002309|20220603|132135|8001419|1|1250|0|      |20220603|20220603|0603|2022-06-14 07:03:10
513729|0000000690902283              |20220603|094247|015|679|0|30300063|130010001|130759487|1|20220603|054624|8002309|20220603|101924|8001254|1|1250|0|      |20220603|20220603|0603|2022-06-14 07:03:10
512859|0000000689099840              |20220603|150614|011|675|0|30300057|130010001|130759755|1|20220603|144909|8002601|20220603|152748|8002627|1|1250|0|      |20220603|20220603|0603|2022-06-14 07:03:10
512861|0000000488536723              |20220603|153619|021|675|0|30300057|130010001|130759470|1|20220603|140211|8002601|20220603|154913|8001747|1|1250|0|      |20220603|20220603|0603|2022-06-14 07:03:10
512863|0000000787917816              |20220603|150110|002|832|0|30300128|130710001|130759921|1|20220603|055123|8007412|20220603|155618|3014014|1|1700|300|      |20220603|20220603|0603|2022-06-14 07:03:10
512865|0000000694536140              |20220603|163134|027|675|0|30300059|130010004|130752270|1|20220603|161627|8002601|20220603|163944|8002723|1|1250|0|      |20220603|20220603|0603|2022-06-14 07:03:10
512867|0000000696401771              |20220603|154856|024|832|0|30300128|130710001|130759926|1|20220603|063342|8007412|20220603|163121|8007052|1|1700|300|      |20220603|20220603|0603|2022-06-14 07:03:10
512869|0000000694734463              |20220603|161819|017|832|1|30300128|130710001|130759930|1|20220603|064029|8007412|20220603|165857|8007052|1|450|300|      |20220603|20220603|0603|2022-06-14 07:03:10
512871|0000000699535655              |20220603|163641|021|832|0|30300128|130710001|130759932|1|20220603|124423|8007412|20220603|171929|8007400|1|1700|300|      |20220603|20220603|0603|2022-06-14 07:03:10
512873|0000001110686758              |20220603|165934|011|832|0|30300128|130710001|130759911|1|20220603|051656|8007412|20220603|173802|8007052|1|1700|300|      |20220603|20220603|0603|2022-06-14 07:03:10
512875|0000000695216286              |20220603|172338|004|675|0|30300057|130010001|130759489|1|20220603|170916|8002601|20220603|175134|8002627|1|1250|0|      |20220603|20220603|0603|2022-06-14 07:03:10
513282|0000000488751520              |20220603|130836|021|675|0|30300064|130010015|130759613|1|20220603|125922|8005876|20220603|133251|8002357|1|1250|0|      |20220603|20220603|0603|2022-06-14 07:03:10
513284|0000000699485219              |20220603|120049|002|675|0|30300065|130010004|130752281|1|20220603|115410|8005876|20220603|123024|8002358|1|1250|0|      |20220603|20220603|0603|2022-06-14 07:03:10
513286|0000000789591102              |20220603|092831|029|676|0|30300051|130010008|130752130|1|20220603|090757|8001369|20220603|094655|8001489|1|1250|0|      |20220603|20220603|0603|2022-06-14 07:03:10
513288|0000000695360284              |20220603|101123|008|675|0|30300053|130010002|130752513|1|20220603|094114|8002119|20220603|101412|8002542|1|1250|0|      |20220603|20220603|0603|2022-06-14 07:03:10
513290|0000000400210703              |20220603|111430|005|676|0|30300054|130010007|130759351|1|20220603|105514|8001084|20220603|111810|8001645|1|1250|0|      |20220603|20220603|0603|2022-06-14 07:03:10
513292|0000000784477163              |20220603|104543|013|676|0|30300051|130010008|130752119|1|20220603|102520|8001369|20220603|105859|8002544|1|1250|0|      |20220603|20220603|0603|2022-06-14 07:03:10
513294|0000000400187922              |20220603|111323|028|680|0|30300007|130010002|130752389|1|20220603|110733|8002119|20220603|112648|8007381|1|1250|0|      |20220603|20220603|0603|2022-06-14 07:03:10
513296|0000000400924621              |20220603|113141|017|676|0|30300054|130010007|130759352|1|20220603|111007|8001084|20220603|114303|8002814|1|1250|0|      |20220603|20220603|0603|2022-06-14 07:03:10
513298|0000000400204359              |20220603|141109|020|675|0|30300095|130010011|130759507|1|20220603|135750|8002119|20220603|142528|8001645|1|1250|0|      |20220603|20220603|0603|2022-06-14 07:03:10
513300|0000000694598970              |20220603|134811|005|675|0|30300046|130010002|130752352|1|20220603|132958|8001369|20220603|142041|8002412|1|1250|0|      |20220603|20220603|0603|2022-06-14 07:03:10
513302|0000000792912344              |20220603|142548|027|676|0|30300051|130010008|130752121|1|20220603|140442|8001369|20220603|142917|8001081|1|1250|0|      |20220603|20220603|0603|2022-06-14 07:03:10
513304|0000000695537073              |20220603|143921|003|675|0|30300101|130010002|130752309|1|20220603|140433|8001084|20220603|145428|8002453|1|1250|0|      |20220603|20220603|0603|2022-06-14 07:03:10
513306|0000000400194737              |20220603|145903|003|676|0|30300054|130010007|130759352|1|20220603|143720|8001084|20220603|151256|8002814|1|1250|0|      |20220603|20220603|0603|2022-06-14 07:03:10
513740|0000000186300597              |20220603|115300|003|676|0|30300051|130010008|130752153|1|20220603|114028|8002309|20220603|121305|8001935|1|1250|0|      |20220603|20220603|0603|2022-06-14 07:03:10
513742|0000000788467927              |20220603|132520|001|676|0|30300041|130010012|130753316|1|20220603|131731|8005991|20220603|135347|8001076|1|1250|0|      |20220603|20220603|0603|2022-06-14 07:03:10
513744|0000000484785450              |20220603|135216|009|676|0|30300040|130010007|130759364|1|20220603|132210|8002953|20220603|142206|8002899|1|1250|0|      |20220603|20220603|0603|2022-06-14 07:03:10
513746|0000000791179859              |20220603|143408|011|676|0|30300040|130010013|130759802|1|20220603|140057|8002953|20220603|145936|8001097|1|1250|0|      |20220603|20220603|0603|2022-06-14 07:03:10
513748|0000000698731427              |20220603|145916|014|675|0|30300094|130010014|130753608|1|20220603|141453|8002953|20220603|151145|8001232|1|1250|0|      |20220603|20220603|0603|2022-06-14 07:03:10
513750|0000000488696453              |20220603|143714|024|675|0|30300056|130010012|130753307|1|20220603|134423|8005991|20220603|151858|8001707|1|1250|0|      |20220603|20220603|0603|2022-06-14 07:03:10
513752|0000000486024044              |20220603|154339|031|676|0|30300041|130010012|130753327|1|20220603|153407|8005991|20220603|154752|8005990|1|1250|0|      |20220603|20220603|0603|2022-06-14 07:03:10
513754|0000000781586490              |20220603|155348|023|676|0|30300040|130010007|130759366|1|20220603|152020|8002953|20220603|161148|8002241|1|1250|0|      |20220603|20220603|0603|2022-06-14 07:03:10
513756|0000000786472882              |20220603|154933|026|676|0|30300090|130010005|130759201|1|20220603|150039|8002953|20220603|161250|8002611|1|1250|0|      |20220603|20220603|0603|2022-06-14 07:03:10
513758|0000001110080746              |20220603|161946|003|675|0|30300056|130010012|130753371|4|20220603|152947|8005991|20220603|162854|8007482|1|750|0|      |20220603|20220603|0603|2022-06-14 07:03:10
513760|0000000789104047              |20220603|160715|012|676|0|30300090|130010005|130759205|1|20220603|135355|8002953|20220603|162454|8002235|1|1250|0|      |20220603|20220603|0603|2022-06-14 07:03:10
513762|0000000789737854              |20220603|163015|021|676|0|30300041|130010012|130753309|4|20220603|162114|8005991|20220603|164159|8002997|1|750|0|      |20220603|20220603|0603|2022-06-14 07:03:10
513764|0000000699381687              |20220603|163347|026|675|0|30300047|130010001|130759702|1|20220603|155002|8005991|20220603|165643|8002737|1|1250|0|      |20220603|20220603|0603|2022-06-14 07:03:10
513766|0000000694509563              |20220603|171755|014|675|0|30300056|130010012|130753373|1|20220603|170920|8005991|20220603|173226|8001169|1|1250|0|      |20220603|20220603|0603|2022-06-14 07:03:10
514173|0000000716172224              |20220603|113734|019|676|0|30300088|130010006|130752001|1|20220603|102756|8002742|20220603|113941|8001196|1|1250|0|      |20220603|20220603|0603|2022-06-14 07:03:10
514215|0000000921506347              |20220603|232244|029|676|0|30300088|130010002|130752364|1|20220603|224032|8002742|20220604|000021|8005858|1|1250|0|      |20220603|20220604|0603|2022-06-14 07:03:10
514217|0000000644697065              |20220603|210603|025|676|0|30300069|130010001|130759409|1|20220603|203621|8002277|20220603|210923|8002650|1|1250|0|      |20220603|20220603|0603|2022-06-14 07:03:10
514219|0000000725840918              |20220603|213706|031|676|0|30300071|130010009|130759174|1|20220603|210749|8001409|20220603|214812|8002280|1|1250|0|      |20220603|20220603|0603|2022-06-14 07:03:10
514221|0000000910265983              |20220603|063504|023|676|0|30300071|130010009|130759135|1|20220603|060914|8001409|20220603|070601|8001114|1|1250|0|      |20220603|20220603|0603|2022-06-14 07:03:10
514223|0000000756983002              |20220603|065909|017|676|0|30300089|130010011|130759504|1|20220603|054328|8001477|20220603|070158|8001242|1|1250|0|      |20220603|20220603|0603|2022-06-14 07:03:10
514225|0000000918187634              |20220603|070942|025|676|0|30300086|130010013|130759800|1|20220603|064021|8001477|20220603|072412|8002464|1|1250|0|      |20220603|20220603|0603|2022-06-14 07:03:10
514632|0000000759710277              |20220603|160523|009|676|0|30300054|130010007|130759383|1|20220603|150054|8002976|20220603|161027|8002915|1|1250|0|      |20220603|20220603|0603|2022-06-14 07:03:10
514634|0000000667365369              |20220603|162057|013|676|0|30300054|130010007|130759363|1|20220603|150429|8002976|20220603|162122|8002707|1|1250|0|      |20220603|20220603|0603|2022-06-14 07:03:10
514636|0000000748096318              |20220603|161629|010|676|0|30300038|130010014|130753246|1|20220603|153219|8001052|20220603|164717|8002635|1|1250|0|      |20220603|20220603|0603|2022-06-14 07:03:10
514638|0000000903147906              |20220603|163514|027|676|0|30300037|130010006|130752046|1|20220603|161922|8007541|20220603|171552|8005960|1|1250|0|      |20220603|20220603|0603|2022-06-14 07:03:10
514640|0000000730914825              |20220603|172147|010|676|0|30300070|130010004|130752603|1|20220603|162948|8001052|20220603|172610|8002790|1|1250|0|      |20220603|20220603|0603|2022-06-14 07:03:10
514642|0000000911344222              |20220603|170900|007|676|0|30300038|130010014|130753257|1|20220603|161840|8001052|20220603|172658|8002603|1|1250|0|      |20220603|20220603|0603|2022-06-14 07:03:10
514644|0000000753916928              |20220603|172145|026|676|0|30300070|130010004|130752603|1|20220603|162948|8001052|20220603|173238|8002794|1|1250|0|      |20220603|20220603|0603|2022-06-14 07:03:10
514646|0000000764613662              |20220603|175944|029|676|0|30300041|130010012|130753304|1|20220603|151425|8002967|20220603|180610|8002850|1|1250|0|      |20220603|20220603|0603|2022-06-14 07:03:10
514648|0000000743350192              |20220603|183349|007|676|0|30300054|130010007|130759376|1|20220603|171617|8002976|20220603|183648|8002915|1|1250|0|      |20220603|20220603|0603|2022-06-14 07:03:10
514650|0000000752764873              |20220603|223224|014|676|0|30300054|130010007|130759379|1|20220603|213733|8001707|20220603|224308|8001847|1|1250|0|      |20220603|20220603|0603|2022-06-14 07:03:10
514652|0000000673197266              |20220603|212327|019|676|0|30300071|130010009|130759106|1|20220603|120200|8001464|20220603|213128|8003017|1|1250|0|      |20220603|20220603|0603|2022-06-14 07:03:10
514654|0000000763443343              |20220603|211152|005|676|0|30300039|130010005|130759217|1|20220603|151049|8002967|20220603|213154|8002735|1|1250|0|      |20220603|20220603|0603|2022-06-14 07:03:10
514656|0000000717293388              |20220603|204107|015|676|0|30300071|130010009|130759186|1|20220603|194825|8001464|20220603|204924|8003017|1|1250|0|      |20220603|20220603|0603|2022-06-14 07:03:10
515063|0000000770163662              |20220603|072955|026|675|0|30300080|130010009|130759137|1|20220603|070956|8007273|20220603|075002|8002577|1|1250|0|      |20220603|20220603|0603|2022-06-14 07:03:10
515065|0000000726842230              |20220603|073821|004|675|0|30300091|130010013|130759876|1|20220603|055728|8007273|20220603|081305|8002139|1|1250|0|      |20220603|20220603|0603|2022-06-14 07:03:10
515067|0000000758576353              |20220603|073155|028|675|0|30300079|130010009|130759134|1|20220603|071354|8002313|20220603|075627|8002724|1|1250|0|      |20220603|20220603|0603|2022-06-14 07:03:10
515069|0000000751297371              |20220603|073800|012|676|0|30300073|130010009|130759116|1|20220603|070613|8007273|20220603|081434|8002883|1|1250|0|      |20220603|20220603|0603|2022-06-14 07:03:10
515071|0000000920959091              |20220603|081327|019|675|0|30300055|130010014|130753266|1|20220603|070338|8001987|20220603|082217|8002566|1|1250|0|      |20220603|20220603|0603|2022-06-14 07:03:10
515073|0000000640485284              |20220603|075323|005|675|0|30300081|130010011|130759582|1|20220603|071019|8001987|20220603|081659|8002100|1|1250|0|      |20220603|20220603|0603|2022-06-14 07:03:10
515075|0000000742469057              |20220603|081021|016|675|0|30300081|130010011|130759511|1|20220603|075828|8001987|20220603|083530|8002100|1|1250|0|      |20220603|20220603|0603|2022-06-14 07:03:10
515077|0000000725017676              |20220603|075318|008|675|0|30300081|130010011|130759582|1|20220603|071019|8001987|20220603|084510|8001058|1|1250|0|      |20220603|20220603|0603|2022-06-14 07:03:10
515079|0000000741931923              |20220603|090415|016|675|0|30300081|130010011|130759523|1|20220603|085219|8001987|20220603|092224|8002100|1|1250|0|      |20220603|20220603|0603|2022-06-14 07:03:10
515081|0000000921443411              |20220603|082901|014|676|0|30300088|130010002|130752371|1|20220603|063610|8001968|20220603|084354|8002092|1|1250|0|      |20220603|20220603|0603|2022-06-14 07:03:10
515083|0000000906897175              |20220603|082819|002|675|0|30300081|130010011|130759515|1|20220603|081553|8001987|20220603|085421|8002935|1|1250|0|      |20220603|20220603|0603|2022-06-14 07:03:10
515085|0000000903666836              |20220603|090619|020|675|0|30300080|130010009|130759103|1|20220603|083108|8001987|20220603|091518|8003011|1|1250|0|      |20220603|20220603|0603|2022-06-14 07:03:10
515087|0000000753848131              |20220603|092917|030|675|0|30300091|130010013|130759812|1|20220603|092156|8001968|20220603|094744|8002093|1|1250|0|      |20220603|20220603|0603|2022-06-14 07:03:10
515089|0000000768596067              |20220603|093426|029|675|0|30300058|130010004|130752293|1|20220603|083951|8007273|20220603|094551|8005894|1|1250|0|      |20220603|20220603|0603|2022-06-14 07:03:10
515496|0000000542270711              |20220603|220539|001|675|0|30300053|130010002|130752377|1|20220603|212853|8002966|20220603|221043|8001950|1|1250|0|      |20220603|20220603|0603|2022-06-14 07:03:10
515498|0000000542783988              |20220603|220319|010|675|0|30300048|130010006|130752069|4|20220603|213804|8002376|20220603|221428|8002493|1|750|0|      |20220603|20220603|0603|2022-06-14 07:03:10
515500|0000000544013764              |20220603|222305|023|676|0|30300130|130010008|130752145|4|20220603|220955|8001042|20220603|222515|8002823|1|750|0|      |20220603|20220603|0603|2022-06-14 07:03:10
515502|0000000098405828              |20220603|183441|009|675|0|30300046|130010002|130752321|1|20220603|181629|8005575|20220603|185351|8002596|1|1250|0|      |20220603|20220603|0603|2022-06-14 07:03:10
515095|0000000742121399              |20220603|185020|024|675|0|30300081|130010011|130759533|1|20220603|183528|8001987|20220603|185225|8002912|1|1250|0|      |20220603|20220603|0603|2022-06-14 07:03:11
515097|0000000701713443              |20220603|182846|002|676|0|30300093|130010004|130752207|1|20220603|171730|8002313|20220603|185409|8001419|1|1250|0|      |20220603|20220603|0603|2022-06-14 07:03:11
515099|0000000746024869              |20220603|190008|002|675|0|30300091|130010013|130759814|1|20220603|165321|8007273|20220603|191543|8002426|1|1250|0|      |20220603|20220603|0603|2022-06-14 07:03:11
515101|0000000733158780              |20220603|195045|027|675|0|30300058|130010004|130752294|1|20220603|151333|8007273|20220603|200515|8001553|1|1250|0|      |20220603|20220603|0603|2022-06-14 07:03:11
515103|0000000642609422              |20220603|201912|015|675|0|30300079|130010009|130759134|1|20220603|200243|8002313|20220603|202432|8001993|1|1250|0|      |20220603|20220603|0603|2022-06-14 07:03:11
515105|0000000759131879              |20220603|204826|004|676|0|30300037|130010006|130752040|1|20220603|161104|8002313|20220603|210756|8003054|1|1250|0|      |20220603|20220603|0603|2022-06-14 07:03:11
515107|0000000624771881              |20220603|123117|016|676|0|30300093|130010004|130752231|1|20220603|114137|8002313|20220603|123931|8001035|1|1250|0|      |20220603|20220603|0603|2022-06-14 07:03:11
515109|0000000738658215              |20220603|115319|005|675|0|30300079|130010009|130759111|1|20220603|053432|8002313|20220603|120756|8002454|1|1250|0|      |20220603|20220603|0603|2022-06-14 07:03:11
515111|0000000773543643              |20220603|121325|006|676|0|30300037|130010006|130752011|1|20220603|112014|8002313|20220603|122742|8002339|1|1250|0|      |20220603|20220603|0603|2022-06-14 07:03:11
515113|0000000741906076              |20220603|124403|004|675|0|30300079|130010009|130759128|1|20220603|061021|8002313|20220603|130918|8002724|1|1250|0|      |20220603|20220603|0603|2022-06-14 07:03:11
515115|0000000660642346              |20220603|131038|004|676|0|30300073|130010009|130759183|1|20220603|123838|8007273|20220603|132958|8002081|1|1250|0|      |20220603|20220603|0603|2022-06-14 07:03:11
515522|0000000532395403              |20220603|085715|002|676|0|30300051|130010008|130752712|1|20220603|082707|8001029|20220603|090234|8002544|1|1250|0|      |20220603|20220603|0603|2022-06-14 07:03:11
515524|0000000516593376              |20220603|092213|007|676|0|30300039|130010005|130759267|1|20220603|060228|8002721|20220603|093906|8002921|1|1250|0|      |20220603|20220603|0603|2022-06-14 07:03:11
515526|0000000536769894              |20220603|094819|020|676|0|30300038|130010014|130753508|4|20220603|084950|8001928|20220603|095936|8002627|1|750|0|      |20220603|20220603|0603|2022-06-14 07:03:11
515528|0000000279273118              |20220603|102547|025|675|0|30300064|130010015|130759637|1|20220603|102103|8002651|20220603|103120|8001980|1|1250|0|      |20220603|20220603|0603|2022-06-14 07:03:11
515530|0000000094996554              |20220603|103054|008|676|0|30300087|130010008|130752141|1|20220603|095655|8002075|20220603|110557|8001240|1|1250|0|      |20220603|20220603|0603|2022-06-14 07:03:11
515532|0000000533262091              |20220603|112341|004|674|0|30300100|130010002|130752362|4|20220603|101901|8001929|20220603|115308|8002677|1|750|0|      |20220603|20220603|0603|2022-06-14 07:03:11
515534|0000000515980829              |20220603|112135|003|674|0|30300100|130010002|130752383|1|20220603|111355|8001412|20220603|114215|8001493|1|1250|0|      |20220603|20220603|0603|2022-06-14 07:03:11
515536|0000000533843843              |20220603|115531|029|676|0|30300089|130010011|130759574|1|20220603|064507|8002159|20220603|121423|8002208|1|1250|0|      |20220603|20220603|0603|2022-06-14 07:03:11
515538|0000000262280991              |20220603|113916|002|676|0|30300051|130010008|130752147|1|20220603|112736|8001994|20220603|114144|8001876|1|1250|0|      |20220603|20220603|0603|2022-06-14 07:03:11
515540|0000000302171639              |20220603|224446|028|676|0|30300041|130010012|130753320|1|20220603|214041|8001533|20220603|225223|8002894|1|1250|0|      |20220603|20220603|0603|2022-06-14 07:03:11
515542|0000000536603010              |20220603|224318|013|675|0|30300065|130010004|130752277|1|20220603|220750|8001418|20220603|224939|8002902|1|1250|0|      |20220603|20220603|0603|2022-06-14 07:03:11
515544|0000000510823229              |20220603|162357|006|675|0|30300055|130010014|130753209|4|20220603|153434|8001349|20220603|164451|8001553|1|750|0|      |20220603|20220603|0603|2022-06-14 07:03:11
515546|0000000549527239              |20220603|155952|013|675|0|30300060|130010014|130753230|1|20220603|145214|8002276|20220603|162929|8005913|1|1250|0|      |20220603|20220603|0603|2022-06-14 07:03:11
515548|0000000537492249              |20220603|163918|002|676|0|30300041|130010012|130753309|1|20220603|162114|8002412|20220603|164158|8002997|1|1250|0|      |20220603|20220603|0603|2022-06-14 07:03:11
515955|0000000536372399              |20220603|074708|018|676|0|30300089|130010011|130759516|1|20220603|053521|8001250|20220603|075605|8001990|1|1250|0|      |20220603|20220603|0603|2022-06-14 07:03:11
515957|0000000529071153              |20220603|081648|022|676|0|30300037|130010006|130759024|1|20220603|070811|8002345|20220603|082343|8003054|1|1250|0|      |20220603|20220603|0603|2022-06-14 07:03:11
515959|0000000542463808              |20220603|081750|025|676|0|30300093|130010004|130752225|1|20220603|071703|8002310|20220603|085841|8007002|1|1250|0|      |20220603|20220603|0603|2022-06-14 07:03:11
515961|0000000544254699              |20220603|080502|016|676|0|30300068|130010006|130759026|4|20220603|074723|8002971|20220603|081132|8001359|1|750|0|      |20220603|20220603|0603|2022-06-14 07:03:11
515963|0000000522435793              |20220603|090317|010|678|0|30300074|130010014|130753219|1|20220603|075108|8007371|20220603|090750|8001097|1|1250|0|      |20220603|20220603|0603|2022-06-14 07:03:11
515965|0000000131080789              |20220603|094552|024|676|0|30300037|130010006|130752038|1|20220603|092811|8001443|20220603|095403|8002317|1|1250|0|      |20220603|20220603|0603|2022-06-14 07:03:11
515967|0000000528854046              |20220603|095904|025|675|0|30300061|130010015|130759648|1|20220603|085609|8001366|20220603|100252|8001348|1|1250|0|      |20220603|20220603|0603|2022-06-14 07:03:11
515969|0000000536245320              |20220603|100758|005|676|0|30300037|130010006|130752040|1|20220603|082439|8001036|20220603|102414|8002100|1|1250|0|      |20220603|20220603|0603|2022-06-14 07:03:11
515971|0000000509279821              |20220603|094747|029|675|0|30300049|130010004|130752289|1|20220603|064056|8001263|20220603|101615|8001791|1|1250|0|      |20220603|20220603|0603|2022-06-14 07:03:11
515973|0000000543667620              |20220603|092540|008|676|0|30300041|130010012|130753326|1|20220603|074746|8001612|20220603|103242|8005992|1|1250|0|      |20220603|20220603|0603|2022-06-14 07:03:11
515975|0000000101118983              |20220603|104740|007|676|0|30300054|130010007|130759358|1|20220603|104424|8001178|20220603|105616|8001556|1|1250|0|      |20220603|20220603|0603|2022-06-14 07:03:11
515977|0000000544192051              |20220603|103437|028|675|0|30300067|130010001|130759742|1|20220603|094139|8001414|20220603|105145|8002447|1|1250|0|      |20220603|20220603|0603|2022-06-14 07:03:11
526275|0000000712334948              |20220603|150406|024|675|0|30300078|130010008|130752163|1|20220603|141436|8002615|20220603|150730|8001536|1|1250|0|      |20220603|20220603|0603|2022-06-14 07:03:11
526277|0000000903784904              |20220603|145201|006|675|0|30300081|130010011|130759570|1|20220603|135903|8002615|20220603|150709|8001982|1|1250|0|      |20220603|20220603|0603|2022-06-14 07:03:11
526279|0000000741635555              |20220603|152159|014|675|0|30300076|130010014|130753510|1|20220603|144240|8002001|20220603|160628|8005948|1|1250|0|      |20220603|20220603|0603|2022-06-14 07:03:11
526281|0000000711632123              |20220603|162209|002|675|0|30300081|130010011|130759514|1|20220603|141159|8002615|20220603|163251|8001203|1|1250|0|      |20220603|20220603|0603|2022-06-14 07:03:11
526688|0000000760716528              |20220603|172654|017|674|1|30300002|130010007|130759312|1|20220603|161147|8001419|20220603|174251|8002743|1|0|0|      |20220603|20220603|0603|2022-06-14 07:03:11
526690|0000000722977356              |20220603|174648|003|681|1|30300042|130010009|130759151|1|20220603|165917|8002757|20220603|181129|8002627|1|0|0|      |20220603|20220603|0603|2022-06-14 07:03:11
526692|0000000742921194              |20220603|175854|027|676|1|30300054|130010007|130759379|1|20220603|175219|8001794|20220603|180629|8001556|1|0|0|      |20220603|20220603|0603|2022-06-14 07:03:11
526694|0000000707892233              |20220603|175432|010|674|1|30300002|130010007|130759320|1|20220603|163204|8001419|20220603|180638|8002743|1|0|0|      |20220603|20220603|0603|2022-06-14 07:03:11
526696|0000000653265870              |20220603|175417|017|674|1|30300002|130010007|130759320|1|20220603|163204|8001419|20220603|180930|8002743|1|0|0|      |20220603|20220603|0603|2022-06-14 07:03:11
526698|0000000743353139              |20220603|180855|028|674|1|30300002|130010007|130759323|1|20220603|164551|8001419|20220603|182250|8002743|1|0|0|      |20220603|20220603|0603|2022-06-14 07:03:11
526700|0000000639941273              |20220603|182732|008|674|1|30300002|130010007|130759325|1|20220603|170138|8001419|20220603|183845|8002743|1|0|0|      |20220603|20220603|0603|2022-06-14 07:03:11
526702|0000000725253714              |20220603|225831|004|674|1|30300002|130010007|130759329|1|20220603|220025|8001419|20220603|230827|8002743|1|0|0|      |20220603|20220603|0603|2022-06-14 07:03:11
526704|0000000732057354              |20220603|213718|022|674|1|30300100|130010002|130752345|1|20220603|211622|8002547|20220603|215504|8002629|1|0|0|      |20220603|20220603|0603|2022-06-14 07:03:11
526706|0000000778914619              |20220603|070746|024|676|1|30300089|130010011|130759529|1|20220603|054758|8001555|20220603|071153|8005505|1|0|0|      |20220603|20220603|0603|2022-06-14 07:03:11
526708|0000000658428436              |20220603|065242|009|676|1|30300089|130010011|130759527|1|20220603|054734|8001555|20220603|065642|8005505|1|0|0|      |20220603|20220603|0603|2022-06-14 07:03:11
526710|0000000664424603              |20220603|071745|008|676|2|30300089|130010011|130759522|1|20220603|061822|8001555|20220603|072221|8005505|1|0|0|      |20220603|20220603|0603|2022-06-14 07:03:11
526712|0000000655960316              |20220603|061751|006|674|1|30300100|130010002|130752345|1|20220603|052956|8001412|20220603|064239|8001028|1|0|0|      |20220603|20220603|0603|2022-06-14 07:03:11
526714|0000000778178409              |20220603|071743|008|676|1|30300089|130010011|130759522|1|20220603|061822|8001555|20220603|072219|8005505|1|0|0|      |20220603|20220603|0603|2022-06-14 07:03:11
525852|0000000726014729              |20220603|070400|010|676|1|30300037|130010006|130752039|1|20220603|062654|8002075|20220603|071743|8002721|1|0|0|      |20220603|20220603|0603|2022-06-14 07:03:11
525854|0000000903845032              |20220603|072507|006|676|1|30300051|130010008|130752153|1|20220603|065451|8002547|20220603|074505|8002603|1|0|0|      |20220603|20220603|0603|2022-06-14 07:03:11
525856|0000000660647832              |20220603|075134|028|676|1|30300037|130010006|130752044|1|20220603|054040|8002075|20220603|080447|8002721|1|0|0|      |20220603|20220603|0603|2022-06-14 07:03:11
525858|0000000911178320              |20220603|075536|008|676|1|30300037|130010006|130752073|4|20220603|071310|8002075|20220603|081148|8002721|1|0|0|      |20220603|20220603|0603|2022-06-14 07:03:11
525860|0000000772102832              |20220603|075706|021|676|1|30300054|130010007|130759360|1|20220603|072108|8001922|20220603|080145|8002468|1|0|0|      |20220603|20220603|0603|2022-06-14 07:03:11
525862|0000000777710988              |20220603|081536|005|676|1|30300137|130010004|130752279|1|20220603|074324|8002547|20220603|084246|8002603|1|0|0|      |20220603|20220603|0603|2022-06-14 07:03:11
525864|0000000727301605              |20220603|081604|012|678|1|30300074|130010014|130753217|1|20220603|073343|8001412|20220603|082114|8002934|1|0|0|      |20220603|20220603|0603|2022-06-14 07:03:11
525866|0000000707616414              |20220603|080913|004|674|1|30300100|130010002|130752381|1|20220603|074909|8002547|20220603|083020|8002603|1|0|0|      |20220603|20220603|0603|2022-06-14 07:03:11
525868|0000000705661373              |20220603|082451|004|674|1|30300100|130010002|130752383|1|20220603|080427|8002547|20220603|084726|8002603|1|0|0|      |20220603|20220603|0603|2022-06-14 07:03:11
525870|0000000705467075              |20220603|075938|018|676|1|30300037|130010006|130752053|1|20220603|071354|8002075|20220603|081559|8002721|1|0|0|      |20220603|20220603|0603|2022-06-14 07:03:11
525872|0000000777888356              |20220603|081930|006|676|1|30300037|130010006|130759017|1|20220603|073402|8002075|20220603|083851|8002721|1|0|0|      |20220603|20220603|0603|2022-06-14 07:03:11
525874|0000000704029650              |20220603|084806|008|676|1|30300054|130010007|130759363|1|20220603|081010|8001922|20220603|085254|8002468|1|0|0|      |20220603|20220603|0603|2022-06-14 07:03:11
525876|0000000725592108              |20220603|090743|021|676|1|30300089|130010011|130759504|1|20220603|074613|8001922|20220603|091508|8002468|1|0|0|      |20220603|20220603|0603|2022-06-14 07:03:11
526283|0000000774585453              |20220603|161903|001|675|0|30300053|130010002|130752376|1|20220603|154818|8001276|20220603|162149|8002119|1|1250|0|      |20220603|20220603|0603|2022-06-14 07:03:11
526285|0000000705013397              |20220603|163106|029|675|0|30300091|130010013|130759811|1|20220603|142318|8002615|20220603|163747|8002465|1|1250|0|      |20220603|20220603|0603|2022-06-14 07:03:11
526287|0000000674367590              |20220603|155738|002|676|0|30300072|130010001|130759714|1|20220603|154339|8002345|20220603|170443|8001059|1|1250|0|      |20220603|20220603|0603|2022-06-14 07:03:11
526289|0000000763688525              |20220603|164805|008|675|0|30300055|130010014|130753216|1|20220603|153934|8002001|20220603|172403|8001828|1|1250|0|      |20220603|20220603|0603|2022-06-14 07:03:11
526291|0000000903373549              |20220603|170250|008|676|0|30300087|130010008|130752157|1|20220603|153433|8001276|20220603|171329|8001198|1|1250|0|      |20220603|20220603|0603|2022-06-14 07:03:11
526293|0000000741941722              |20220603|173441|006|675|0|30300066|130010015|130759687|1|20220603|165750|8002001|20220603|174900|8001855|1|1250|0|      |20220603|20220603|0603|2022-06-14 07:03:11
521544|0000000742830560              |20220603|060048|027|676|0|30300086|130010013|130759879|1|20220603|053841|8001479|20220603|063421|8001527|1|1250|0|      |20220603|20220603|0603|2022-06-14 07:03:10
521546|0000000704318990              |20220603|062224|015|676|0|30300088|130010002|130752338|1|20220603|054158|8001195|20220603|065512|8002943|1|1250|0|      |20220603|20220603|0603|2022-06-14 07:03:10
521548|0000000648271389              |20220603|065227|014|676|0|30300086|130010013|130759808|1|20220603|062749|8001479|20220603|065632|8001978|1|1250|0|      |20220603|20220603|0603|2022-06-14 07:03:10
521550|0000000903890872              |20220603|063906|019|676|0|30300086|130010013|130759801|1|20220603|061003|8001479|20220603|071639|8002454|1|1250|0|      |20220603|20220603|0603|2022-06-14 07:03:10
521552|0000000900979334              |20220603|063657|026|676|0|30300088|130010002|130752315|1|20220603|055613|8001195|20220603|065953|8001321|1|1250|0|      |20220603|20220603|0603|2022-06-14 07:03:10
521554|0000000646766102              |20220603|074059|024|676|0|30300086|130010013|130759807|1|20220603|071117|8001479|20220603|075529|8001455|1|1250|0|      |20220603|20220603|0603|2022-06-14 07:03:10
521556|0000000751098112              |20220603|074106|020|676|0|30300086|130010013|130759807|1|20220603|071117|8001479|20220603|075553|8001455|1|1250|0|      |20220603|20220603|0603|2022-06-14 07:03:10
521558|0000000918343031              |20220603|074506|004|676|0|30300090|130010005|130759260|1|20220603|064316|8005993|20220603|075208|8001641|1|1250|0|      |20220603|20220603|0603|2022-06-14 07:03:10
521560|0000000904221188              |20220603|072706|004|676|0|30300131|130010008|130752707|1|20220603|071623|8007396|20220603|080959|8002453|1|1250|0|      |20220603|20220603|0603|2022-06-14 07:03:10
521562|0000000776883072              |20220603|073748|019|676|0|30300089|130010011|130759517|1|20220603|064337|8002071|20220603|083028|8001990|1|1250|0|      |20220603|20220603|0603|2022-06-14 07:03:10
521564|0000000742509231              |20220603|074205|030|676|0|30300131|130010008|130752722|1|20220603|060728|8007396|20220603|082346|8002453|1|1250|0|      |20220603|20220603|0603|2022-06-14 07:03:10
521566|0000000743747936              |20220603|074210|017|676|0|30300131|130010008|130752722|1|20220603|060728|8007396|20220603|082354|8002453|1|1250|0|      |20220603|20220603|0603|2022-06-14 07:03:10
521568|0000000918461395              |20220603|082645|004|676|0|30300088|130010002|130752511|1|20220603|072451|8001195|20220603|085124|8002540|1|1250|0|      |20220603|20220603|0603|2022-06-14 07:03:10
521570|0000000770964414              |20220603|075900|029|676|0|30300088|130010002|130752374|1|20220603|071159|8001195|20220603|082907|8001555|1|1250|0|      |20220603|20220603|0603|2022-06-14 07:03:10
521815|0000000910626758              |20220603|185418|012|676|0|30300037|130010006|130759021|1|20220603|181116|8001912|20220603|191051|8002316|1|1250|0|      |20220603|20220603|0603|2022-06-14 07:03:10
521817|0000000650125957              |20220603|184723|017|676|0|30300038|130010014|130753525|1|20220603|182418|8002392|20220603|191257|8002779|1|1250|0|      |20220603|20220603|0603|2022-06-14 07:03:10
521819|0000000903408092              |20220603|181308|013|676|0|30300073|130010009|130759185|1|20220603|180257|8002110|20220603|191012|8002356|1|1250|0|      |20220603|20220603|0603|2022-06-14 07:03:10
521821|0000000776645785              |20220603|185322|012|676|0|30300071|130010009|130759102|1|20220603|183323|8002744|20220603|192455|8002453|1|1250|0|      |20220603|20220603|0603|2022-06-14 07:03:10
521823|0000000903821230              |20220603|193421|015|676|0|30300037|130010006|130752011|1|20220603|112014|8001912|20220603|195402|8001097|1|1250|0|      |20220603|20220603|0603|2022-06-14 07:03:10
521825|0000000900822846              |20220603|193714|008|676|0|30300038|130010014|130753203|1|20220603|191419|8002392|20220603|194811|8001054|1|1250|0|      |20220603|20220603|0603|2022-06-14 07:03:10
521827|0000000779393625              |20220603|201723|027|676|0|30300089|130010011|130759575|1|20220603|191056|8003048|20220603|204218|8002702|1|1250|0|      |20220603|20220603|0603|2022-06-14 07:03:10
521829|0000000709260593              |20220603|203058|031|676|0|30300071|130010009|130759146|1|20220603|201057|8002744|20220603|205252|8002280|1|1250|0|      |20220603|20220603|0603|2022-06-14 07:03:10
521831|0000000725971618              |20220603|121942|021|676|0|30300089|130010011|130759516|1|20220603|105430|8003048|20220603|124050|8002088|1|1250|0|      |20220603|20220603|0603|2022-06-14 07:03:10
521833|0000000906608058              |20220603|123407|006|676|0|30300038|130010014|130753502|1|20220603|121714|8002392|20220603|130457|8002779|1|1250|0|      |20220603|20220603|0603|2022-06-14 07:03:10
521835|0000000661845824              |20220603|130042|021|676|0|30300071|130010009|130759135|1|20220603|124130|8002744|20220603|133226|8001380|1|1250|0|      |20220603|20220603|0603|2022-06-14 07:03:10
521837|0000000656114991              |20220603|092140|007|676|0|30300086|130010013|130759879|1|20220603|085039|8001314|20220603|100730|8001527|1|1250|0|      |20220603|20220603|0603|2022-06-14 07:03:10
521839|0000000760344192              |20220603|093934|003|676|0|30300038|130010014|130753257|1|20220603|091038|8002358|20220603|101117|8001132|1|1250|0|      |20220603|20220603|0603|2022-06-14 07:03:10
522111|0000000727192754              |20220603|065936|007|676|0|30300068|130010006|130759026|1|20220603|061304|8002642|20220603|065956|8002970|1|1250|0|      |20220603|20220603|0603|2022-06-14 07:03:10
522113|0000000767473456              |20220603|073650|003|676|0|30300068|130010006|130752028|1|20220603|045904|8002642|20220603|074349|8002994|1|1250|0|      |20220603|20220603|0603|2022-06-14 07:03:10
522115|0000000903763636              |20220603|081156|016|676|0|30300088|130010006|130752023|1|20220603|070441|8001196|20220603|081356|8002721|1|1250|0|      |20220603|20220603|0603|2022-06-14 07:03:10
522117|0000000714015329              |20220603|074710|014|676|0|30300038|130010014|130753246|1|20220603|061027|8001928|20220603|082106|8001034|1|1250|0|      |20220603|20220603|0603|2022-06-14 07:03:10
522119|0000000908266475              |20220603|083113|006|676|0|30300038|130010014|130753214|1|20220603|080728|8003130|20220603|083723|8001348|1|1250|0|      |20220603|20220603|0603|2022-06-14 07:03:10
522121|0000000771481992              |20220603|080335|010|676|0|30300086|130010013|130759829|1|20220603|074107|8002889|20220603|081612|8001477|1|1250|0|      |20220603|20220603|0603|2022-06-14 07:03:10
522123|0000000768686283              |20220603|083217|010|676|0|30300071|130010009|130759139|1|20220603|062043|8002642|20220603|083810|8001464|1|1250|0|      |20220603|20220603|0603|2022-06-14 07:03:10
522125|0000000777621612              |20220603|083110|016|676|0|30300038|130010014|130753214|1|20220603|080728|8003130|20220603|090711|8001049|1|1250|0|      |20220603|20220603|0603|2022-06-14 07:03:10
522127|0000000729532179              |20220603|091357|005|676|0|30300088|130010002|130752511|1|20220603|072451|8002889|20220603|092142|8002133|1|1250|0|      |20220603|20220603|0603|2022-06-14 07:03:10
522129|0000000664938772              |20220603|083115|028|676|0|30300038|130010014|130753214|1|20220603|080728|8003130|20220603|092912|8003032|1|1250|0|      |20220603|20220603|0603|2022-06-14 07:03:10
521851|0000000612560807              |20220603|144938|013|676|0|30300038|130010014|130753501|1|20220603|141433|8002358|20220603|152105|8002913|1|1250|0|      |20220603|20220603|0603|2022-06-14 07:03:10
521853|0000000659647834              |20220603|152024|008|676|0|30300088|130010006|130752023|1|20220603|133323|8001753|20220603|153616|8001631|1|1250|0|      |20220603|20220603|0603|2022-06-14 07:03:10
521855|0000000617185557              |20220603|155658|013|676|0|30300089|130010011|130759531|1|20220603|133604|8002934|20220603|161454|8002969|1|1250|0|      |20220603|20220603|0603|2022-06-14 07:03:10
521857|0000000743159314              |20220603|155449|026|676|0|30300068|130010006|130752032|1|20220603|154444|8007178|20220603|160220|8001959|1|1250|0|      |20220603|20220603|0603|2022-06-14 07:03:10
521859|0000000776630180              |20220603|161313|016|676|0|30300089|130010011|130759536|1|20220603|160153|8002934|20220603|162917|8002756|1|1250|0|      |20220603|20220603|0603|2022-06-14 07:03:10
521861|0000000721432999              |20220603|154900|012|676|0|30300070|130010004|130752254|1|20220603|153733|8007178|20220603|163212|8002748|1|1250|0|      |20220603|20220603|0603|2022-06-14 07:03:10
521863|0000000776003028              |20220603|160233|022|676|0|30300088|130010002|130752370|1|20220603|141049|8001753|20220603|161747|8002892|1|1250|0|      |20220603|20220603|0603|2022-06-14 07:03:10
521865|0000000755678856              |20220603|164005|010|676|0|30300088|130010002|130752380|1|20220603|163943|8001753|20220603|170249|8001794|1|1250|0|      |20220603|20220603|0603|2022-06-14 07:03:10
521867|0000000753440435              |20220603|164811|007|676|0|30300088|130010002|130752356|1|20220603|164750|8001753|20220603|172148|8001585|1|1250|0|      |20220603|20220603|0603|2022-06-14 07:03:10
522139|0000000757856259              |20220603|191214|019|676|0|30300068|130010006|130752032|1|20220603|183051|8002642|20220603|191710|8002994|1|1250|0|      |20220603|20220603|0603|2022-06-14 07:03:10
522141|0000000717010287              |20220603|200556|022|676|0|30300087|130010008|130752123|1|20220603|184622|8001494|20220603|201615|8007445|1|1250|0|      |20220603|20220603|0603|2022-06-14 07:03:10
522143|0000000767473456              |20220603|203441|005|676|0|30300068|130010006|130752008|1|20220603|184928|8002642|20220603|203921|8002994|1|1250|0|      |20220603|20220603|0603|2022-06-14 07:03:10
522145|0000000726203507              |20220603|120855|024|676|0|30300088|130010002|130752356|1|20220603|111606|8001299|20220603|123622|8002048|1|1250|0|      |20220603|20220603|0603|2022-06-14 07:03:10
522147|0000000900420278              |20220603|093518|012|676|0|30300072|130010001|130759407|1|20220603|090909|8001365|20220603|100655|8002558|1|1250|0|      |20220603|20220603|0603|2022-06-14 07:03:10
522149|0000000741918768              |20220603|094118|012|676|0|30300070|130010004|130752226|1|20220603|071435|8001868|20220603|101149|8007177|1|1250|0|      |20220603|20220603|0603|2022-06-14 07:03:10
522151|0000000908754367              |20220603|100611|028|676|0|30300130|130010008|130752719|1|20220603|100131|8001042|20220603|101005|8002823|1|1250|0|      |20220603|20220603|0603|2022-06-14 07:03:10
522153|0000000701531321              |20220603|100410|009|676|0|30300087|130010015|130759629|1|20220603|094241|8001736|20220603|102104|8002453|1|1250|0|      |20220603|20220603|0603|2022-06-14 07:03:10
522155|0000000909000622              |20220603|105401|030|676|0|30300087|130010015|130759679|1|20220603|102611|8001736|20220603|110844|8002453|1|1250|0|      |20220603|20220603|0603|2022-06-14 07:03:10
522157|0000000721555327              |20220603|110005|019|676|0|30300088|130010002|130752512|1|20220603|100205|8001196|20220603|110234|8002721|1|1250|0|      |20220603|20220603|0603|2022-06-14 07:03:10
522159|0000000736242827              |20220603|113816|004|676|0|30300130|130010008|130752149|1|20220603|112915|8001042|20220603|115011|8002305|1|1250|0|      |20220603|20220603|0603|2022-06-14 07:03:10
522161|0000000714252948              |20220603|142919|003|676|0|30300040|130010013|130759873|1|20220603|132931|8002904|20220603|143311|8002158|1|1250|0|      |20220603|20220603|0603|2022-06-14 07:03:10
522163|0000000677513427              |20220603|144137|010|676|0|30300087|130010015|130759631|1|20220603|141922|8001736|20220603|154229|8002139|1|1250|0|      |20220603|20220603|0603|2022-06-14 07:03:10
505399|0000000774565425              |20220603|220545|031|676|1|30300073|130010009|130759183|1|20220603|210919|8001420|20220603|221321|8002148|1|0|0|      |20220603|20220603|0603|2022-06-14 07:03:10
505401|0000000745450966              |20220603|073506|030|676|1|30300073|130010009|130759177|1|20220603|064601|8001420|20220603|073904|8002356|1|0|0|      |20220603|20220603|0603|2022-06-14 07:03:10
505403|0000000736427551              |20220603|072150|019|680|1|30300026|130010014|130753604|1|20220603|070700|8001420|20220603|072945|8002571|1|0|0|      |20220603|20220603|0603|2022-06-14 07:03:10
505405|0000000773730030              |20220603|065930|010|676|1|30300051|130010008|130752712|1|20220603|063618|8001420|20220603|070829|8002734|1|0|0|      |20220603|20220603|0603|2022-06-14 07:03:10
505407|0000000726150916              |20220603|081752|025|678|1|30300074|130110001|130745026|1|20220603|064104|8001420|20220603|081928|8002634|1|0|0|      |20220603|20220603|0603|2022-06-14 07:03:10
505409|0000000763219668              |20220603|083634|001|676|1|30300051|130010008|130752153|1|20220603|082206|8001420|20220603|085627|8001715|1|0|0|      |20220603|20220603|0603|2022-06-14 07:03:10
505411|0000000660443276              |20220603|090832|025|675|3|30300075|130010005|130759213|1|20220603|082603|8001420|20220603|090958|8001421|1|0|0|      |20220603|20220603|0603|2022-06-14 07:03:10
505413|0000000918050521              |20220603|095003|031|675|2|30300065|130010004|130752267|1|20220603|062917|8001420|20220603|101504|8005875|1|0|0|      |20220603|20220603|0603|2022-06-14 07:03:10
505415|0000000744342232              |20220603|101109|002|676|1|30300051|130010008|130752712|1|20220603|095345|8001420|20220603|101844|8002605|1|0|0|      |20220603|20220603|0603|2022-06-14 07:03:10
505417|0000000770973098              |20220603|183448|003|678|1|30300074|130010014|130753226|1|20220603|175222|8001420|20220603|184535|8002571|1|0|0|      |20220603|20220603|0603|2022-06-14 07:03:10
505419|0000000921009832              |20220603|184814|016|676|1|30300051|130010008|130752153|1|20220603|183058|8001420|20220603|185910|8002605|1|0|0|      |20220603|20220603|0603|2022-06-14 07:03:10
505421|0000000758942019              |20220603|182630|020|680|1|30300052|130010002|130752322|1|20220603|174014|8001420|20220603|185711|8002119|1|0|0|      |20220603|20220603|0603|2022-06-14 07:03:10
505423|0000000764050712              |20220603|184746|018|675|1|30300075|130010005|130759226|1|20220603|175440|8001420|20220603|190231|8001382|1|0|0|      |20220603|20220603|0603|2022-06-14 07:03:10
505425|0000000764053534              |20220603|181854|001|676|1|30300073|130010009|130759170|1|20220603|171652|8001420|20220603|183444|8002823|1|0|0|      |20220603|20220603|0603|2022-06-14 07:03:10
505832|0000000785241845              |20220603|075316|008|676|0|30300070|130010004|130752226|1|20220603|071435|8001938|20220603|082513|8002301|1|1250|0|      |20220603|20220603|0603|2022-06-14 07:03:10
505440|0000000740955693              |20220603|122124|024|680|1|30300026|130010014|130753604|1|20220603|120714|8001420|20220603|123004|8002148|1|0|0|      |20220603|20220603|0603|2022-06-14 07:03:10
505442|0000000758215010              |20220603|124515|015|676|1|30300051|130010008|130752126|1|20220603|122825|8001420|20220603|125313|8002605|1|0|0|      |20220603|20220603|0603|2022-06-14 07:03:10
505444|0000000607888134              |20220603|130355|004|676|1|30300051|130010008|130752109|1|20220603|123635|8001420|20220603|131522|8001929|1|0|0|      |20220603|20220603|0603|2022-06-14 07:03:10
505446|0000000706530574              |20220603|133308|022|678|1|30300074|130110001|130745012|1|20220603|115646|8001420|20220603|134402|8002571|1|0|0|      |20220603|20220603|0603|2022-06-14 07:03:10
505448|0000000739752456              |20220603|102116|014|675|1|30300075|130010005|130759264|1|20220603|094109|8001420|20220603|103549|8002287|1|0|0|      |20220603|20220603|0603|2022-06-14 07:03:10
505450|0000000751225291              |20220603|101320|012|678|1|30300074|130010014|130753219|1|20220603|093645|8001420|20220603|102449|8001670|1|0|0|      |20220603|20220603|0603|2022-06-14 07:03:10
505452|0000000777099690              |20220603|110109|003|676|2|30300051|130010008|130752110|1|20220603|104325|8001420|20220603|110210|8001415|1|0|0|      |20220603|20220603|0603|2022-06-14 07:03:10
505859|0000000186347875              |20220603|204222|029|675|0|30300062|130010008|130752721|1|20220603|201959|8001938|20220603|205035|8001949|1|1250|0|      |20220603|20220603|0603|2022-06-14 07:03:10
505861|0000000685963783              |20220603|200728|030|676|0|30300051|130010008|130752100|1|20220603|200601|8001535|20220603|211345|8002352|1|1250|0|      |20220603|20220603|0603|2022-06-14 07:03:10
505863|0000000698737784              |20220603|121807|021|676|0|30300070|130010004|130752238|1|20220603|105627|8001938|20220603|123121|8001413|1|1250|0|      |20220603|20220603|0603|2022-06-14 07:03:10
505865|0000000781803749              |20220603|121218|017|675|0|30300062|130010008|130752137|1|20220603|115114|8001938|20220603|124027|8001329|1|1250|0|      |20220603|20220603|0603|2022-06-14 07:03:10
505867|0000000400182820              |20220603|133918|003|676|0|30300070|130010004|130752605|1|20220603|125941|8001938|20220603|135453|8001421|1|1250|0|      |20220603|20220603|0603|2022-06-14 07:03:10
505869|0000000782655100              |20220603|130622|002|676|0|30300051|130010008|130752122|1|20220603|125732|8001535|20220603|134520|8002542|1|1250|0|      |20220603|20220603|0603|2022-06-14 07:03:10
505871|0000000796586462              |20220603|095741|025|675|0|30300060|130010014|130753522|1|20220603|085203|8001951|20220603|102101|8001754|1|1250|0|      |20220603|20220603|0603|2022-06-14 07:03:10
505873|0000000400172951              |20220603|103917|027|676|0|30300071|130010009|130759146|1|20220603|095655|8002230|20220603|104920|8001380|1|1250|0|      |20220603|20220603|0603|2022-06-14 07:03:10
505875|0000000400126942              |20220603|105848|013|676|0|30300071|130010009|130759149|1|20220603|102231|8002230|20220603|111727|8002556|1|1250|0|      |20220603|20220603|0603|2022-06-14 07:03:10
505877|0000000787850664              |20220603|113649|001|675|0|30300045|130010006|130752029|1|20220603|111201|8002973|20220603|114113|8002402|1|1250|0|      |20220603|20220603|0603|2022-06-14 07:03:10
505879|0000000695862585              |20220603|114854|026|675|0|30300082|130010001|130759411|1|20220603|105236|8002230|20220603|115627|8001074|1|1250|0|      |20220603|20220603|0603|2022-06-14 07:03:10
505881|0000000400133591              |20220603|140716|016|676|0|30300038|130010014|130753213|1|20220603|115408|8002973|20220603|143823|8002790|1|1250|0|      |20220603|20220603|0603|2022-06-14 07:03:10
505883|0000000791914846              |20220603|141557|005|676|0|30300071|130010009|130759147|1|20220603|133318|8002230|20220603|142029|8002279|1|1250|0|      |20220603|20220603|0603|2022-06-14 07:03:10
506290|0000000788580348              |20220603|102534|011|676|0|30300087|130010015|130759629|1|20220603|094241|8001378|20220603|110919|8002134|1|1250|0|      |20220603|20220603|0603|2022-06-14 07:03:10
506292|0000000400185012              |20220603|103934|010|675|0|30300081|130010011|130759523|1|20220603|101517|8001378|20220603|110841|8001745|1|1250|0|      |20220603|20220603|0603|2022-06-14 07:03:10
506294|0000000400112080              |20220603|112222|015|675|0|30300053|130010002|130752386|1|20220603|104026|8001278|20220603|113754|8001949|1|1250|0|      |20220603|20220603|0603|2022-06-14 07:03:10
506296|0000000793117123              |20220603|105527|004|675|0|30300059|130010004|130752256|1|20220603|051344|8001356|20220603|110744|8002279|1|1250|0|      |20220603|20220603|0603|2022-06-14 07:03:10
506298|0000000695099214              |20220603|113009|030|675|0|30300059|130010004|130752204|1|20220603|110712|8001356|20220603|114846|8001380|1|1250|0|      |20220603|20220603|0603|2022-06-14 07:03:10
506300|0000000400114000              |20220603|120458|004|675|0|30300053|130010002|130752513|1|20220603|113041|8001278|20220603|121118|8001736|1|1250|0|      |20220603|20220603|0603|2022-06-14 07:03:10
506302|0000000787867701              |20220603|115036|031|675|0|30300049|130010004|130752232|1|20220603|063302|8001356|20220603|115330|8001929|1|1250|0|      |20220603|20220603|0603|2022-06-14 07:03:10
506304|0000000400139834              |20220603|134053|020|675|0|30300049|130010004|130752285|1|20220603|131737|8001356|20220603|134841|8001715|1|1250|0|      |20220603|20220603|0603|2022-06-14 07:03:10
506306|0000000699263859              |20220603|134058|005|675|0|30300049|130010004|130752285|1|20220603|131737|8001356|20220603|140435|8002754|1|1250|0|      |20220603|20220603|0603|2022-06-14 07:03:10
506308|0000000476186208              |20220603|133203|031|676|0|30300087|130010015|130759614|1|20220603|131342|8001278|20220603|135440|8002851|1|1250|0|      |20220603|20220603|0603|2022-06-14 07:03:10
506310|0000000783591152              |20220603|133801|021|675|0|30300059|130010004|130752256|1|20220603|130441|8001356|20220603|135927|8002453|1|1250|0|      |20220603|20220603|0603|2022-06-14 07:03:10
506312|0000000699763178              |20220603|142620|016|675|0|30300059|130010004|130752204|1|20220603|135140|8001356|20220603|142934|8001540|1|1250|0|      |20220603|20220603|0603|2022-06-14 07:03:10
506314|0000000400123032              |20220603|141021|015|676|0|30300087|130010015|130759621|1|20220603|132658|8001378|20220603|144239|8002259|1|1250|0|      |20220603|20220603|0603|2022-06-14 07:03:10
506316|0000000697635593              |20220603|135827|005|675|0|30300049|130010004|130752286|1|20220603|133325|8001356|20220603|142845|8001962|1|1250|0|      |20220603|20220603|0603|2022-06-14 07:03:10
506723|0000000918420687              |20220603|162426|016|675|1|30300045|130010006|130752055|1|20220603|144340|8002410|20220603|164113|8003069|1|0|0|      |20220603|20220603|0603|2022-06-14 07:03:10
506725|0000000779239545              |20220603|162702|001|676|1|30300088|130010006|130752023|1|20220603|133323|8002410|20220603|164502|8001577|1|0|0|      |20220603|20220603|0603|2022-06-14 07:03:10
506727|0000000738276739              |20220603|164210|005|676|1|30300088|130010002|130752338|1|20220603|153054|8002410|20220603|165506|8002864|1|0|0|      |20220603|20220603|0603|2022-06-14 07:03:10
506318|0000000400150549              |20220603|135839|029|675|0|30300049|130010004|130752286|1|20220603|133325|8001356|20220603|142400|8001262|1|1250|0|      |20220603|20220603|0603|2022-06-14 07:03:10
506320|0000000688435453              |20220603|135654|001|676|0|30300090|130010005|130759260|1|20220603|125243|8002870|20220603|143529|8007554|1|1250|0|      |20220603|20220603|0603|2022-06-14 07:03:10
506322|0000000693548823              |20220603|143259|027|675|0|30300049|130010004|130752206|1|20220603|125043|8001356|20220603|150427|8001589|1|1250|0|      |20220603|20220603|0603|2022-06-14 07:03:10
506324|0000000695253133              |20220603|152215|012|676|0|30300041|130010012|130753313|1|20220603|144046|8001378|20220603|153301|8002650|1|1250|0|      |20220603|20220603|0603|2022-06-14 07:03:10
506326|0000000788578596              |20220603|151126|030|675|0|30300059|130010004|130752274|1|20220603|144723|8001356|20220603|152204|8002279|1|1250|0|      |20220603|20220603|0603|2022-06-14 07:03:10
506328|0000000400210821              |20220603|153041|007|675|0|30300094|130010012|130753329|1|20220603|134834|8002870|20220603|154449|8001569|1|1250|0|      |20220603|20220603|0603|2022-06-14 07:03:10
506330|0000000400196046              |20220603|145429|025|675|0|30300049|130010004|130752212|1|20220603|143834|8001356|20220603|152554|8001903|1|1250|0|      |20220603|20220603|0603|2022-06-14 07:03:10
506332|0000001110554348              |20220603|153503|004|676|0|30300087|130010015|130759636|1|20220603|151641|8001278|20220603|154417|8001950|1|1250|0|      |20220603|20220603|0603|2022-06-14 07:03:10
506334|0000000400210678              |20220603|152855|002|675|0|30300049|130010004|130752232|1|20220603|151449|8001356|20220603|155534|8001259|1|1250|0|      |20220603|20220603|0603|2022-06-14 07:03:10
506336|0000000692440562              |20220603|153534|021|676|0|30300087|130010015|130759634|1|20220603|145413|8001378|20220603|155109|8001890|1|1250|0|      |20220603|20220603|0603|2022-06-14 07:03:10
506338|0000000788712250              |20220603|155159|002|676|0|30300087|130010008|130752160|1|20220603|135422|8001278|20220603|155714|8001237|1|1250|0|      |20220603|20220603|0603|2022-06-14 07:03:10
506340|0000000788472800              |20220603|155719|009|675|0|30300059|130010004|130752246|1|20220603|151206|8001356|20220603|161728|8002453|1|1250|0|      |20220603|20220603|0603|2022-06-14 07:03:10
506342|0000000797651296              |20220603|164428|014|676|0|30300041|130010012|130753306|1|20220603|135409|8001378|20220603|164823|8001629|1|1250|0|      |20220603|20220603|0603|2022-06-14 07:03:10
506749|0000000643967099              |20220603|060620|023|675|1|30300145|130010014|130753509|1|20220603|055504|8002410|20220603|063210|8002489|1|0|0|      |20220603|20220603|0603|2022-06-14 07:03:10
506751|0000000906728849              |20220603|071801|022|675|1|30300145|130010014|130753601|1|20220603|070803|8002410|20220603|071927|8002401|1|0|0|      |20220603|20220603|0603|2022-06-14 07:03:10
506753|0000000736539721              |20220603|074755|008|676|1|30300088|130010006|130752006|1|20220603|064733|8002410|20220603|080308|8001093|1|0|0|      |20220603|20220603|0603|2022-06-14 07:03:10
506755|0000000900747413              |20220603|080309|025|676|1|30300088|130010006|130752016|1|20220603|065519|8002410|20220603|082443|8001577|1|0|0|      |20220603|20220603|0603|2022-06-14 07:03:10
506757|0000000910548124              |20220603|084748|006|676|1|30300088|130010002|130752315|1|20220603|073825|8002410|20220603|085949|8001758|1|0|0|      |20220603|20220603|0603|2022-06-14 07:03:10
506759|0000000748077220              |20220603|082721|008|675|1|30300108|130010007|130759301|1|20220603|074400|8002410|20220603|082850|8002401|1|0|0|      |20220603|20220603|0603|2022-06-14 07:03:10
506761|0000000707077919              |20220603|082933|001|675|1|30300145|130010014|130753527|1|20220603|074659|8002410|20220603|085215|8001293|1|0|0|      |20220603|20220603|0603|2022-06-14 07:03:10
506763|0000000920921687              |20220603|090623|030|675|1|30300145|130010014|130753529|1|20220603|083100|8002410|20220603|091441|8002738|1|0|0|      |20220603|20220603|0603|2022-06-14 07:03:10
506765|0000000743325308              |20220603|092422|002|675|2|30300145|130010014|130753601|1|20220603|091120|8002410|20220603|092523|8002401|1|0|0|      |20220603|20220603|0603|2022-06-14 07:03:10
506767|0000000765069845              |20220603|100525|013|675|2|30300145|130010014|130753606|1|20220603|095036|8002410|20220603|101311|8002738|1|0|0|      |20220603|20220603|0603|2022-06-14 07:03:10
506769|0000000753857905              |20220603|092949|006|676|2|30300088|130010002|130752371|1|20220603|063610|8002410|20220603|095005|8001580|1|0|0|      |20220603|20220603|0603|2022-06-14 07:03:10
506771|0000000708699959              |20220603|185518|010|674|1|30300100|130010002|130752508|1|20220603|181507|8001493|20220603|185927|8002542|1|0|0|      |20220603|20220603|0603|2022-06-14 07:03:10
506773|0000000749253102              |20220603|185503|031|675|1|30300145|130010014|130753601|1|20220603|182646|8002410|20220603|190334|8001195|1|0|0|      |20220603|20220603|0603|2022-06-14 07:03:10
506775|0000000742698194              |20220603|190407|001|676|1|30300088|130010002|130752511|1|20220603|153142|8002410|20220603|192813|8002948|1|0|0|      |20220603|20220603|0603|2022-06-14 07:03:10
507182|0000000725147738              |20220603|065229|016|676|1|30300054|130010007|130759352|1|20220603|061941|8001922|20220603|070005|8001055|1|0|0|      |20220603|20220603|0603|2022-06-14 07:03:10
507184|0000000770103777              |20220603|081646|004|676|1|30300089|130010011|130759521|1|20220603|065930|8001922|20220603|082645|8002089|1|0|0|      |20220603|20220603|0603|2022-06-14 07:03:10
507186|0000000720366241              |20220603|075402|017|676|1|30300071|130010009|130759135|1|20220603|060914|8001922|20220603|081331|8001542|1|0|0|      |20220603|20220603|0603|2022-06-14 07:03:10
507188|0000000721353684              |20220603|080602|026|675|1|30300062|130010008|130752703|1|20220603|074626|8001922|20220603|082117|8001587|1|0|0|      |20220603|20220603|0603|2022-06-14 07:03:10
507190|0000000629991516              |20220603|083049|023|676|1|30300089|130010011|130759526|1|20220603|071108|8001922|20220603|084548|8001629|1|0|0|      |20220603|20220603|0603|2022-06-14 07:03:10
507192|0000000621183887              |20220603|082832|025|676|1|30300054|130010007|130759382|1|20220603|074339|8001922|20220603|084728|8001368|1|0|0|      |20220603|20220603|0603|2022-06-14 07:03:10
507194|0000000740108914              |20220603|080926|028|676|1|30300054|130010007|130759381|1|20220603|072546|8001922|20220603|084716|8002707|1|0|0|      |20220603|20220603|0603|2022-06-14 07:03:10
507196|0000000903942159              |20220603|085039|014|676|1|30300071|130010009|130759147|1|20220603|070011|8001922|20220603|090203|8001587|1|0|0|      |20220603|20220603|0603|2022-06-14 07:03:10
507198|0000000653146432              |20220603|091354|010|676|1|30300054|130010007|130759387|1|20220603|083642|8001922|20220603|093348|8001707|1|0|0|      |20220603|20220603|0603|2022-06-14 07:03:10
507200|0000000743313088              |20220603|091205|025|675|3|30300062|130010008|130752133|1|20220603|075531|8001922|20220603|092742|8001587|1|0|0|      |20220603|20220603|0603|2022-06-14 07:03:10
507212|0000000751411027              |20220603|183443|020|676|1|30300054|130010007|130759358|1|20220603|174418|8001922|20220603|190402|8001707|1|0|0|      |20220603|20220603|0603|2022-06-14 07:03:10
507214|0000000740690412              |20220603|184122|027|676|1|30300039|130010005|130759269|1|20220603|174918|8001922|20220603|185819|8001076|1|0|0|      |20220603|20220603|0603|2022-06-14 07:03:10
507216|0000000921984331              |20220603|185321|009|676|1|30300071|130010009|130759147|1|20220603|133318|8001922|20220603|191212|8001587|1|0|0|      |20220603|20220603|0603|2022-06-14 07:03:10
507218|0000000758135556              |20220603|183738|001|675|1|30300062|130010008|130752704|1|20220603|182723|8001922|20220603|191756|8002430|1|0|0|      |20220603|20220603|0603|2022-06-14 07:03:10
507220|0000000740636999              |20220603|184253|029|675|1|30300062|130010008|130752704|1|20220603|182723|8001922|20220603|190259|8001587|1|0|0|      |20220603|20220603|0603|2022-06-14 07:03:10
507222|0000000912905966              |20220603|185251|013|676|1|30300073|130010009|130759112|1|20220603|182836|8001922|20220603|190019|8001576|1|0|0|      |20220603|20220603|0603|2022-06-14 07:03:10
507224|0000000712280409              |20220603|190903|030|675|1|30300096|130010006|130752063|1|20220603|181234|8001922|20220603|191641|8001452|1|0|0|      |20220603|20220603|0603|2022-06-14 07:03:10
507226|0000000733347277              |20220603|190914|025|675|1|30300096|130010006|130752063|1|20220603|181234|8001922|20220603|192453|8002969|1|0|0|      |20220603|20220603|0603|2022-06-14 07:03:10
507228|0000000753002920              |20220603|190049|016|676|1|30300089|130010011|130759527|1|20220603|150145|8001922|20220603|191859|8002702|1|0|0|      |20220603|20220603|0603|2022-06-14 07:03:10
507230|0000000741062023              |20220603|190609|019|676|1|30300071|130010009|130759149|1|20220603|134727|8001922|20220603|192626|8001587|1|0|0|      |20220603|20220603|0603|2022-06-14 07:03:10
507232|0000000767561968              |20220603|192127|022|676|1|30300071|130010009|130759150|1|20220603|185624|8001922|20220603|193514|8002758|1|0|0|      |20220603|20220603|0603|2022-06-14 07:03:10
507234|0000000774001693              |20220603|195401|017|676|1|30300089|130010011|130759536|1|20220603|183508|8001922|20220603|200405|8002088|1|0|0|      |20220603|20220603|0603|2022-06-14 07:03:10
507641|0000000714246125              |20220603|201214|027|675|1|30300045|130010006|130752043|1|20220603|200055|8001491|20220603|202611|8001952|1|0|0|      |20220603|20220603|0603|2022-06-14 07:03:10
507643|0000000725515177              |20220603|121230|006|675|1|30300056|130010012|130753331|1|20220603|101919|8001491|20220603|122036|8001645|1|0|0|      |20220603|20220603|0603|2022-06-14 07:03:10
507645|0000000603964345              |20220603|120905|022|676|1|30300087|130010008|130752150|1|20220603|101059|8001491|20220603|121405|8001731|1|0|0|      |20220603|20220603|0603|2022-06-14 07:03:10
507647|0000000906761640              |20220603|120643|002|675|2|30300049|130010004|130752232|1|20220603|063302|8001491|20220603|121800|8001589|1|0|0|      |20220603|20220603|0603|2022-06-14 07:03:10
507649|0000000702989755              |20220603|115449|011|675|2|30300056|130010012|130753373|1|20220603|100047|8001491|20220603|124051|8005992|1|0|0|      |20220603|20220603|0603|2022-06-14 07:03:10
507651|0000000762149675              |20220603|125714|005|675|1|30300056|130010012|130753374|1|20220603|110503|8001491|20220603|130408|8002831|1|0|0|      |20220603|20220603|0603|2022-06-14 07:03:10
507653|0000000722976833              |20220603|130124|026|676|1|30300087|130010008|130752159|1|20220603|124654|8001491|20220603|131904|8001949|1|0|0|      |20220603|20220603|0603|2022-06-14 07:03:10
507655|0000000748693440              |20220603|132035|030|675|1|30300045|130010006|130759003|1|20220603|131223|8001491|20220603|133615|8001952|1|0|0|      |20220603|20220603|0603|2022-06-14 07:03:10
507657|0000000708440338              |20220603|102110|025|675|1|30300049|130010004|130752285|1|20220603|093919|8001491|20220603|104809|8002412|1|0|0|      |20220603|20220603|0603|2022-06-14 07:03:10
507659|0000000641758975              |20220603|102402|013|676|1|30300087|130010015|130759631|1|20220603|055443|8001491|20220603|105718|8002088|1|0|0|      |20220603|20220603|0603|2022-06-14 07:03:10
507661|0000000660883140              |20220603|131941|030|675|1|30300056|130010012|130753308|1|20220603|110646|8001491|20220603|134300|8001056|1|0|0|      |20220603|20220603|0603|2022-06-14 07:03:10
507663|0000000917960025              |20220603|133733|026|675|1|30300056|130010012|130753322|1|20220603|114528|8001491|20220603|135436|8001060|1|0|0|      |20220603|20220603|0603|2022-06-14 07:03:10
507665|0000000743032510              |20220603|140850|002|675|1|30300127|130010004|130752245|1|20220603|140621|8001028|20220603|141709|8007284|1|0|0|      |20220603|20220603|0603|2022-06-14 07:03:10
508072|0000000533576762              |20220603|173917|007|676|0|30300070|130010004|130752604|4|20220603|160240|8001943|20220603|174756|8002620|1|750|0|      |20220603|20220603|0603|2022-06-14 07:03:10
508074|0000000296953455              |20220603|175938|014|676|0|30300036|130010012|130753333|1|20220603|165430|8002722|20220603|182809|8001680|1|1250|0|      |20220603|20220603|0603|2022-06-14 07:03:10
508076|0000000505359064              |20220603|174611|015|675|0|30300055|130010014|130753216|1|20220603|173105|8001661|20220603|184225|8001611|1|1250|0|      |20220603|20220603|0603|2022-06-14 07:03:10
508078|0000000176956423              |20220603|181303|019|675|0|30300055|130010014|130753225|1|20220603|175149|8001203|20220603|182229|8001500|1|1250|0|      |20220603|20220603|0603|2022-06-14 07:03:10
508080|0000000534046685              |20220603|054908|007|675|0|30300057|130010001|130759489|1|20220603|053131|8001849|20220603|060620|8002627|1|1250|0|      |20220603|20220603|0603|2022-06-14 07:03:10
508082|0000000531717208              |20220603|061132|024|675|0|30300055|130010014|130753252|1|20220603|054200|8001414|20220603|063553|8001987|1|1250|0|      |20220603|20220603|0603|2022-06-14 07:03:10
508084|0000000098405419              |20220603|064911|018|676|0|30300086|130010013|130759808|4|20220603|062749|8001314|20220603|070129|8002093|1|750|0|      |20220603|20220603|0603|2022-06-14 07:03:10
508086|0000000525425686              |20220603|071726|009|675|0|30300061|130010015|130759647|4|20220603|065326|8002971|20220603|072045|8001624|1|750|0|      |20220603|20220603|0603|2022-06-14 07:03:10
508088|0000000524951946              |20220603|070843|015|675|0|30300055|130010014|130753225|1|20220603|064419|8001500|20220603|073929|8002001|1|1250|0|      |20220603|20220603|0603|2022-06-14 07:03:10
508090|0000000537108742              |20220603|065715|006|675|0|30300055|130010014|130753221|4|20220603|061544|8002357|20220603|071926|8001539|1|750|0|      |20220603|20220603|0603|2022-06-14 07:03:10
508092|0000000547813492              |20220603|064950|022|675|0|30300055|130010014|130753268|4|20220603|063935|8001827|20220603|071638|8002627|1|750|0|      |20220603|20220603|0603|2022-06-14 07:03:10
508094|0000000308059268              |20220603|075848|003|675|0|30300055|130010014|130753221|4|20220603|073855|8001827|20220603|080356|8002764|1|750|0|      |20220603|20220603|0603|2022-06-14 07:03:10
511921|0000000766567386              |20220603|213501|019|676|0|30300070|130010004|130752605|1|20220603|205731|8002794|20220603|214717|8001421|1|1250|0|      |20220603|20220603|0603|2022-06-14 07:03:10
511923|0000000766741363              |20220603|222402|002|676|0|30300043|130010015|130759618|1|20220603|215011|8001990|20220603|224918|8001834|1|1250|0|      |20220603|20220603|0603|2022-06-14 07:03:10
511925|0000000765495931              |20220603|065700|025|676|0|30300130|130010008|130752718|1|20220603|055517|8002487|20220603|071100|8002298|1|1250|0|      |20220603|20220603|0603|2022-06-14 07:03:10
511927|0000000713872769              |20220603|072045|014|676|0|30300090|130010005|130759216|1|20220603|054254|8003100|20220603|074202|8001568|1|1250|0|      |20220603|20220603|0603|2022-06-14 07:03:10
511929|0000000742240100              |20220603|070336|016|676|0|30300041|130010012|130753321|1|20220603|065149|8003100|20220603|074247|8001743|1|1250|0|      |20220603|20220603|0603|2022-06-14 07:03:10
512336|0000000712474280              |20220603|133752|029|676|0|30300070|130010004|130752235|1|20220603|125350|8001874|20220603|142652|8002184|1|1250|0|      |20220603|20220603|0603|2022-06-14 07:03:10
512338|0000000918479409              |20220603|150810|022|676|0|30300086|130010013|130759874|1|20220603|145413|8005552|20220603|152210|8002891|1|1250|0|      |20220603|20220603|0603|2022-06-14 07:03:10
512340|0000000758312909              |20220603|150916|005|676|0|30300040|130010007|130759359|1|20220603|143546|8002240|20220603|151542|8007279|1|1250|0|      |20220603|20220603|0603|2022-06-14 07:03:10
512342|0000000704684621              |20220603|152510|005|676|0|30300086|130010013|130759829|1|20220603|151731|8005552|20220603|154919|8001477|1|1250|0|      |20220603|20220603|0603|2022-06-14 07:03:10
512344|0000000753110097              |20220603|162403|005|676|0|30300036|130010012|130753333|1|20220603|152616|8002278|20220603|162620|8002229|1|1250|0|      |20220603|20220603|0603|2022-06-14 07:03:10
512346|0000000726422512              |20220603|152507|005|676|0|30300086|130010013|130759829|1|20220603|151731|8005552|20220603|162550|8001992|1|1250|0|      |20220603|20220603|0603|2022-06-14 07:03:10
512348|0000000773264661              |20220603|162913|027|676|0|30300090|130010005|130759209|1|20220603|150525|8007155|20220603|170110|8001078|1|1250|0|      |20220603|20220603|0603|2022-06-14 07:03:10
512350|0000000778305073              |20220603|161756|025|676|0|30300086|130010013|130759820|1|20220603|160554|8005552|20220603|171429|8001096|1|1250|0|      |20220603|20220603|0603|2022-06-14 07:03:10
512352|0000000735577109              |20220603|174503|005|676|0|30300086|130010013|130759800|1|20220603|173055|8005552|20220603|175517|8001002|1|1250|0|      |20220603|20220603|0603|2022-06-14 07:03:10
512354|0000000769117218              |20220603|170752|028|676|0|30300090|130010005|130759216|1|20220603|153809|8007155|20220603|174024|8002468|1|1250|0|      |20220603|20220603|0603|2022-06-14 07:03:10
512356|0000000910835225              |20220603|174501|013|676|0|30300086|130010013|130759800|1|20220603|173055|8005552|20220603|183042|8002464|1|1250|0|      |20220603|20220603|0603|2022-06-14 07:03:10
512358|0000000908490692              |20220603|171019|023|676|0|30300086|130010013|130759801|1|20220603|170022|8005552|20220603|181213|8001096|1|1250|0|      |20220603|20220603|0603|2022-06-14 07:03:10
512360|0000000743233930              |20220603|180104|026|676|0|30300040|130010007|130759385|1|20220603|172457|8002240|20220603|182308|8005865|1|1250|0|      |20220603|20220603|0603|2022-06-14 07:03:10
512362|0000000717138617              |20220603|182247|030|676|0|30300086|130010013|130759807|1|20220603|181157|8005552|20220603|183829|8002889|1|1250|0|      |20220603|20220603|0603|2022-06-14 07:03:10
512769|0000000649143589              |20220603|191348|013|676|1|30300072|130010001|130759421|1|20220603|180933|8002468|20220603|192236|8001058|1|0|0|      |20220603|20220603|0603|2022-06-14 07:03:10
512771|0000000908474131              |20220603|195012|004|676|1|30300040|130010007|130759380|1|20220603|183514|8001097|20220603|195844|8001611|1|0|0|      |20220603|20220603|0603|2022-06-14 07:03:10
512773|0000000918367214              |20220603|192459|024|675|1|30300064|130010015|130759625|1|20220603|174218|8002833|20220603|193040|8001357|1|0|0|      |20220603|20220603|0603|2022-06-14 07:03:10
512775|0000000911220858              |20220603|195621|024|675|1|30300060|130010014|130753240|1|20220603|192856|8007279|20220603|200517|8002935|1|0|0|      |20220603|20220603|0603|2022-06-14 07:03:10
512777|0000000731596978              |20220603|203506|025|676|1|30300041|130010012|130753327|1|20220603|192832|8001097|20220603|204312|8001611|1|0|0|      |20220603|20220603|0603|2022-06-14 07:03:10
512779|0000000904802507              |20220603|204100|020|676|1|30300130|130010008|130752116|1|20220603|195916|8001349|20220603|204429|8002487|1|0|0|      |20220603|20220603|0603|2022-06-14 07:03:10
512781|0000000903410106              |20220603|204641|020|676|1|30300041|130010012|130753332|1|20220603|193945|8001097|20220603|205507|8001611|1|0|0|      |20220603|20220603|0603|2022-06-14 07:03:10
512783|0000000757208959              |20220603|205828|013|676|1|30300072|130010001|130759422|1|20220603|120731|8002468|20220603|210709|8001058|1|0|0|      |20220603|20220603|0603|2022-06-14 07:03:10
512785|0000000693109549              |20220603|065546|013|832|1|30300128|130710001|130759917|1|20220603|060826|8007275|20220603|073532|3062006|1|450|300|      |20220603|20220603|0603|2022-06-14 07:03:10
512787|0000000783016946              |20220603|071113|005|676|0|30300069|130010001|130759715|1|20220603|070303|8002950|20220603|074248|8001712|1|1250|0|      |20220603|20220603|0603|2022-06-14 07:03:10
512789|0000000797225181              |20220603|072801|012|676|0|30300054|130010007|130759347|1|20220603|070714|8001645|20220603|074450|8001567|1|1250|0|      |20220603|20220603|0603|2022-06-14 07:03:10
512791|0000000788981476              |20220603|072551|007|832|1|30300128|130710001|130759920|1|20220603|060623|8007275|20220603|080800|3054003|1|450|300|      |20220603|20220603|0603|2022-06-14 07:03:10
512793|0000000796846503              |20220603|073357|014|832|1|30300128|130710001|130759921|1|20220603|055123|8007275|20220603|080325|8007295|1|450|300|      |20220603|20220603|0603|2022-06-14 07:03:10
513200|0000000400158167              |20220603|180611|006|680|0|30300012|130010004|130752227|1|20220603|175712|8002119|20220603|181320|8002551|1|1250|0|      |20220603|20220603|0603|2022-06-14 07:03:10
513202|0000000788394086              |20220603|180233|004|675|0|30300047|130010001|130759723|1|20220603|173731|8002119|20220603|181249|8070011|1|1250|0|      |20220603|20220603|0603|2022-06-14 07:03:10
513204|0000000797195803              |20220603|223558|020|832|0|30300128|130710001|130759913|1|20220603|052305|3053004|20220603|231253|8007280|1|1700|300|      |20220603|20220603|0603|2022-06-14 07:03:10
513207|0000000400154209              |20220603|235138|013|832|0|30300128|130710001|130759917|1|20220603|060826|3053004|20220604|002738|8007280|1|1700|300|      |20220603|20220604|0603|2022-06-14 07:03:10
513210|0000000783740901              |20220603|212814|010|832|0|30300128|130710001|130759930|1|20220603|064029|3053004|20220603|213827|8007294|1|1700|0|      |20220603|20220603|0603|2022-06-14 07:03:10
513690|0000000486096608              |20220603|074433|003|675|0|30300091|130010013|130759814|1|20220603|064248|8007270|20220603|075042|8005994|1|1250|0|      |20220603|20220603|0603|2022-06-14 07:03:10
513692|0000000400099372              |20220603|075457|012|676|0|30300073|130010009|130759178|1|20220603|070325|8007270|20220603|081618|8007173|1|1250|0|      |20220603|20220603|0603|2022-06-14 07:03:10
513694|0000000787830723              |20220603|080901|028|676|0|30300051|130010008|130752114|1|20220603|080104|8002309|20220603|083038|8001929|1|1250|0|      |20220603|20220603|0603|2022-06-14 07:03:10
513696|0000000781712723              |20220603|083239|002|676|0|30300090|130010005|130759266|1|20220603|054530|8002425|20220603|085359|8005960|1|1250|0|      |20220603|20220603|0603|2022-06-14 07:03:10
513698|0000000787863513              |20220603|084321|003|676|0|30300039|130010005|130759271|1|20220603|074358|8002425|20220603|084607|8005594|1|1250|0|      |20220603|20220603|0603|2022-06-14 07:03:10
513700|0000000684071926              |20220603|084904|024|679|0|30300063|130010001|130759403|1|20220603|083236|8002309|20220603|091819|8002981|1|1250|0|      |20220603|20220603|0603|2022-06-14 07:03:10
513702|0000000400184589              |20220603|090844|020|675|0|30300065|130010004|130752242|1|20220603|051704|8007270|20220603|091317|8001421|1|1250|0|      |20220603|20220603|0603|2022-06-14 07:03:10
513704|0000000400197989              |20220603|090840|022|675|0|30300065|130010004|130752242|1|20220603|051704|8007270|20220603|091522|8001421|1|1250|0|      |20220603|20220603|0603|2022-06-14 07:03:10
513706|0000000400096620              |20220603|100341|016|676|0|30300051|130010008|130752712|1|20220603|095345|8002309|20220603|101238|8001415|1|1250|0|      |20220603|20220603|0603|2022-06-14 07:03:10
513708|0000000680927048              |20220603|183551|031|675|0|30300091|130010013|130759819|1|20220603|172758|8007270|20220603|185231|8005881|1|1250|0|      |20220603|20220603|0603|2022-06-14 07:03:10
513710|0000000783208941              |20220603|184225|013|675|0|30300065|130010004|130752242|1|20220603|051704|8007270|20220603|185302|8001344|1|1250|0|      |20220603|20220603|0603|2022-06-14 07:03:10
513712|0000000789352893              |20220603|184900|014|675|0|30300078|130010008|130752172|4|20220603|181758|8007270|20220603|190059|8002605|1|750|0|      |20220603|20220603|0603|2022-06-14 07:03:10
514119|0000000725626098              |20220603|080358|015|676|0|30300068|130010006|130752032|1|20220603|074921|8002753|20220603|081933|8001541|1|1250|0|      |20220603|20220603|0603|2022-06-14 07:03:10
514121|0000000751740670              |20220603|082200|014|676|0|30300068|130010006|130752036|1|20220603|070325|8002753|20220603|084819|8002942|1|1250|0|      |20220603|20220603|0603|2022-06-14 07:03:10
514123|0000000703683083              |20220603|083134|014|676|0|30300086|130010013|130759801|1|20220603|061003|8001634|20220603|084944|8005551|1|1250|0|      |20220603|20220603|0603|2022-06-14 07:03:10
514125|0000000774419424              |20220603|084359|027|676|0|30300051|130010008|130752161|1|20220603|075446|8002434|20220603|090645|8001872|1|1250|0|      |20220603|20220603|0603|2022-06-14 07:03:10
514127|0000000754572710              |20220603|090951|011|676|0|30300071|130010009|130759174|1|20220603|072929|8007420|20220603|091304|8001318|1|1250|0|      |20220603|20220603|0603|2022-06-14 07:03:10
514129|0000000910708889              |20220603|085351|007|676|0|30300068|130010006|130759025|1|20220603|060014|8002753|20220603|090500|8002790|1|1250|0|      |20220603|20220603|0603|2022-06-14 07:03:10
514131|0000000678709228              |20220603|094654|028|676|0|30300051|130010008|130752107|1|20220603|085829|8002434|20220603|095014|8001927|1|1250|0|      |20220603|20220603|0603|2022-06-14 07:03:10
514133|0000000724198008              |20220603|182101|021|676|0|30300043|130010015|130759684|1|20220603|172426|8002729|20220603|183136|8001245|1|1250|0|      |20220603|20220603|0603|2022-06-14 07:03:10
514135|0000000725475492              |20220603|181933|023|676|0|30300071|130010009|130759146|1|20220603|181358|8007420|20220603|190119|8002758|1|1250|0|      |20220603|20220603|0603|2022-06-14 07:03:10
514137|0000000922073080              |20220603|181949|004|676|0|30300071|130010009|130759146|1|20220603|181358|8007420|20220603|185310|8001078|1|1250|0|      |20220603|20220603|0603|2022-06-14 07:03:10
514139|0000000900714928              |20220603|181937|002|676|0|30300071|130010009|130759146|1|20220603|181358|8007420|20220603|185218|8001078|1|1250|0|      |20220603|20220603|0603|2022-06-14 07:03:10
514141|0000000775930148              |20220603|190302|007|676|0|30300071|130010009|130759150|1|20220603|185624|8007420|20220603|192610|8002468|1|1250|0|      |20220603|20220603|0603|2022-06-14 07:03:10
514143|0000000903832601              |20220603|183916|005|676|0|30300070|130010004|130752224|1|20220603|182507|8002753|20220603|185818|8001941|1|1250|0|      |20220603|20220603|0603|2022-06-14 07:03:10
514550|0000000909238648              |20220603|211328|021|676|0|30300088|130010002|130752361|1|20220603|142345|8002890|20220603|215619|8002948|1|1250|0|      |20220603|20220603|0603|2022-06-14 07:03:10
514552|0000000745682387              |20220603|220011|021|676|0|30300038|130010014|130753503|1|20220603|205924|8002628|20220603|221325|8001443|1|1250|0|      |20220603|20220603|0603|2022-06-14 07:03:10
514554|0000000770774654              |20220603|070736|021|676|0|30300051|130010008|130752122|1|20220603|061648|8001371|20220603|072447|8002675|1|1250|0|      |20220603|20220603|0603|2022-06-14 07:03:10
514556|0000000771964203              |20220603|070542|002|676|0|30300089|130010011|130759517|1|20220603|064337|8001478|20220603|074004|8002532|1|1250|0|      |20220603|20220603|0603|2022-06-14 07:03:10
514558|0000000903647117              |20220603|072545|025|676|0|30300041|130010012|130753312|1|20220603|064448|8001629|20220603|073353|8001250|1|1250|0|      |20220603|20220603|0603|2022-06-14 07:03:10
514560|0000000649803825              |20220603|071752|018|676|0|30300089|130010011|130759577|1|20220603|055326|8001629|20220603|073933|8007268|1|1250|0|      |20220603|20220603|0603|2022-06-14 07:03:10
514562|0000000742494385              |20220603|081721|012|676|0|30300054|130010007|130759358|1|20220603|070728|8002976|20220603|082403|8001847|1|1250|0|      |20220603|20220603|0603|2022-06-14 07:03:10
514564|0000000659784777              |20220603|080509|010|676|0|30300089|130010011|130759504|1|20220603|074613|8001478|20220603|081808|8001310|1|1250|0|      |20220603|20220603|0603|2022-06-14 07:03:10
514566|0000000909455317              |20220603|072238|026|676|0|30300071|130010009|130759133|1|20220603|055458|8002890|20220603|082746|8001670|1|1250|0|      |20220603|20220603|0603|2022-06-14 07:03:10
514568|0000000710109743              |20220603|082156|004|676|0|30300041|130010012|130753380|1|20220603|052912|8001629|20220603|085631|8002894|1|1250|0|      |20220603|20220603|0603|2022-06-14 07:03:10
514570|0000000764090313              |20220603|082556|013|676|0|30300089|130010011|130759527|1|20220603|054734|8001478|20220603|084637|8005506|1|1250|0|      |20220603|20220603|0603|2022-06-14 07:03:10
514572|0000000764432318              |20220603|085824|031|676|0|30300089|130010011|130759522|1|20220603|061822|8001478|20220603|091014|8002666|1|1250|0|      |20220603|20220603|0603|2022-06-14 07:03:10
513731|0000000692665186              |20220603|095949|001|676|0|30300040|130010007|130759385|1|20220603|092902|8002953|20220603|103015|8001097|1|1250|0|      |20220603|20220603|0603|2022-06-14 07:03:10
513733|0000000400203771              |20220603|104340|023|679|0|30300063|130010001|130759488|1|20220603|102854|8002309|20220603|105611|8003014|1|1250|0|      |20220603|20220603|0603|2022-06-14 07:03:10
513735|0000000690563267              |20220603|104703|004|676|0|30300040|130010013|130759873|1|20220603|101204|8002953|20220603|105145|8001655|1|1250|0|      |20220603|20220603|0603|2022-06-14 07:03:10
513737|0000000186147329              |20220603|112038|016|675|0|30300094|130010012|130753329|1|20220603|103439|8002953|20220603|113040|8001232|1|1250|0|      |20220603|20220603|0603|2022-06-14 07:03:10
513739|0000000186347875              |20220603|121404|028|675|0|30300094|130010014|130753609|1|20220603|113420|8002953|20220603|122724|8001913|1|1250|0|      |20220603|20220603|0603|2022-06-14 07:03:10
514146|0000000742289875              |20220603|184629|010|676|0|30300038|130010014|130753506|1|20220603|151443|8001541|20220603|192455|8002064|1|1250|0|      |20220603|20220603|0603|2022-06-14 07:03:10
514148|0000000644371655              |20220603|191721|015|676|0|30300038|130010014|130753525|1|20220603|182418|8001541|20220603|192451|8002733|1|1250|0|      |20220603|20220603|0603|2022-06-14 07:03:10
514150|0000000641587674              |20220603|194429|004|676|0|30300070|130010004|130752228|1|20220603|184200|8002729|20220603|194925|8001421|1|1250|0|      |20220603|20220603|0603|2022-06-14 07:03:10
514152|0000000715719244              |20220603|194652|015|676|0|30300051|130010008|130752103|1|20220603|190343|8002434|20220603|200852|8001090|1|1250|0|      |20220603|20220603|0603|2022-06-14 07:03:10
514154|0000000741653175              |20220603|200555|017|676|0|30300089|130010011|130759578|1|20220603|194233|8001634|20220603|202111|8005507|1|1250|0|      |20220603|20220603|0603|2022-06-14 07:03:10
514156|0000000740957619              |20220603|204352|013|676|0|30300071|130010009|130759107|1|20220603|121645|8007420|20220603|205710|8001922|1|1250|0|      |20220603|20220603|0603|2022-06-14 07:03:10
514158|0000000752626967              |20220603|203105|017|676|0|30300071|130010009|130759106|1|20220603|120200|8007420|20220603|205719|8001078|1|1250|0|      |20220603|20220603|0603|2022-06-14 07:03:10
514160|0000000767811589              |20220603|121306|027|676|0|30300130|130010008|130752145|1|20220603|115408|8002434|20220603|121644|8001934|1|1250|0|      |20220603|20220603|0603|2022-06-14 07:03:10
514162|0000000903324187              |20220603|121302|024|676|0|30300130|130010008|130752145|1|20220603|115408|8002434|20220603|123841|8002340|1|1250|0|      |20220603|20220603|0603|2022-06-14 07:03:10
514164|0000000749885916              |20220603|123829|023|676|0|30300051|130010008|130752712|1|20220603|115549|8002434|20220603|124232|8001927|1|1250|0|      |20220603|20220603|0603|2022-06-14 07:03:10
514166|0000000668460231              |20220603|095621|026|676|0|30300087|130010015|130759629|1|20220603|094241|8001491|20220603|102544|8001378|1|1250|0|      |20220603|20220603|0603|2022-06-14 07:03:10
514168|0000000728729993              |20220603|105515|002|676|0|30300041|130010012|130753320|1|20220603|102224|8001288|20220603|105839|8001076|1|1250|0|      |20220603|20220603|0603|2022-06-14 07:03:10
514170|0000000630141576              |20220603|105141|020|676|0|30300086|130010013|130759806|1|20220603|102039|8001477|20220603|110710|8001430|1|1250|0|      |20220603|20220603|0603|2022-06-14 07:03:10
514577|0000000728748802              |20220603|094741|025|676|0|30300051|130010008|130752106|1|20220603|083855|8001371|20220603|095009|8001080|1|1250|0|      |20220603|20220603|0603|2022-06-14 07:03:10
514579|0000000446319669              |20220603|180849|015|676|0|30300071|130010009|130759144|1|20220603|125253|8002890|20220603|184512|8001078|1|1250|0|      |20220603|20220603|0603|2022-06-14 07:03:10
514581|0000000726798488              |20220603|182157|021|676|0|30300071|130010009|130759146|1|20220603|181358|8002890|20220603|190115|8002758|1|1250|0|      |20220603|20220603|0603|2022-06-14 07:03:10
514583|0000000725520562              |20220603|180317|026|676|0|30300088|130010002|130752374|1|20220603|170735|8002890|20220603|185955|8002948|1|1250|0|      |20220603|20220603|0603|2022-06-14 07:03:10
514585|0000000911182805              |20220603|180842|024|676|0|30300071|130010009|130759144|1|20220603|125253|8002890|20220603|190358|8002942|1|1250|0|      |20220603|20220603|0603|2022-06-14 07:03:10
514587|0000000462185379              |20220603|185911|020|676|0|30300041|130010012|130753370|1|20220603|173529|8001629|20220603|192048|8001097|1|1250|0|      |20220603|20220603|0603|2022-06-14 07:03:10
514589|0000000722975636              |20220603|194927|017|676|0|30300041|130010012|130753326|1|20220603|185731|8001629|20220603|201801|8001611|1|1250|0|      |20220603|20220603|0603|2022-06-14 07:03:10
514591|0000000904687469              |20220603|201859|028|676|0|30300089|130010011|130759512|1|20220603|150451|8001478|20220603|202524|8001631|1|1250|0|      |20220603|20220603|0603|2022-06-14 07:03:10
514593|0000000911252663              |20220603|204253|009|676|0|30300038|130010014|130753220|1|20220603|193902|8002628|20220603|205517|8003128|1|1250|0|      |20220603|20220603|0603|2022-06-14 07:03:10
514595|0000000745283535              |20220603|120607|001|676|0|30300071|130010009|130759150|1|20220603|063144|8002890|20220603|122742|8006006|1|1250|0|      |20220603|20220603|0603|2022-06-14 07:03:10
514597|0000000776630180              |20220603|124252|015|676|0|30300089|130010011|130759516|1|20220603|105430|8001629|20220603|125542|8001749|1|1250|0|      |20220603|20220603|0603|2022-06-14 07:03:10
514599|0000000745170431              |20220603|125355|016|676|0|30300038|130010014|130753500|1|20220603|115343|8002628|20220603|130116|8005881|1|1250|0|      |20220603|20220603|0603|2022-06-14 07:03:10
514601|0000000725683552              |20220603|134439|020|676|0|30300089|130010011|130759522|1|20220603|132602|8001478|20220603|135235|8001631|1|1250|0|      |20220603|20220603|0603|2022-06-14 07:03:10
514603|0000000777487058              |20220603|132548|022|676|0|30300071|130010009|130759105|1|20220603|132204|8002890|20220603|134509|8001568|1|1250|0|      |20220603|20220603|0603|2022-06-14 07:03:10
515010|0000000746899347              |20220603|111817|002|675|0|30300081|130010011|130759582|1|20220603|102748|8001987|20220603|113252|8002217|1|1250|0|      |20220603|20220603|0603|2022-06-14 07:03:10
515012|0000000701062289              |20220603|105825|013|675|0|30300081|130010011|130759514|1|20220603|104545|8001987|20220603|112607|8002969|1|1250|0|      |20220603|20220603|0603|2022-06-14 07:03:10
515014|0000000751375456              |20220603|113721|015|675|0|30300081|130010011|130759511|1|20220603|112930|8001987|20220603|115130|8002080|1|1250|0|      |20220603|20220603|0603|2022-06-14 07:03:10
515016|0000000762655637              |20220603|115353|008|675|0|30300058|130010004|130752290|1|20220603|102708|8007273|20220603|115726|8001407|1|1250|0|      |20220603|20220603|0603|2022-06-14 07:03:10
515018|0000000903879515              |20220603|134144|001|676|0|30300037|130010006|130752074|1|20220603|124532|8002313|20220603|135448|8002339|1|1250|0|      |20220603|20220603|0603|2022-06-14 07:03:10
514175|0000000771611295              |20220603|135339|030|676|0|30300088|130010002|130752356|1|20220603|111606|8002742|20220603|140922|8001168|1|1250|0|      |20220603|20220603|0603|2022-06-14 07:03:10
514177|0000000607434274              |20220603|143311|002|676|0|30300071|130010009|130759150|1|20220603|134151|8001409|20220603|143952|8002641|1|1250|0|      |20220603|20220603|0603|2022-06-14 07:03:10
514179|0000000741754525              |20220603|140718|029|676|0|30300088|130010002|130752374|1|20220603|131120|8002742|20220603|144156|8002948|1|1250|0|      |20220603|20220603|0603|2022-06-14 07:03:10
514181|0000000763931151              |20220603|143918|005|676|0|30300041|130010012|130753320|1|20220603|140925|8001288|20220603|145142|8002088|1|1250|0|      |20220603|20220603|0603|2022-06-14 07:03:10
514183|0000000753904194              |20220603|150304|023|676|0|30300088|130010002|130752512|1|20220603|121837|8002742|20220603|151450|8001168|1|1250|0|      |20220603|20220603|0603|2022-06-14 07:03:10
514185|0000000601212761              |20220603|143355|026|676|0|30300088|130010002|130752372|1|20220603|115526|8002742|20220603|150444|8001577|1|1250|0|      |20220603|20220603|0603|2022-06-14 07:03:10
514187|0000000910150554              |20220603|150851|007|676|0|30300071|130010009|130759180|1|20220603|110857|8001409|20220603|152909|8001074|1|1250|0|      |20220603|20220603|0603|2022-06-14 07:03:10
514189|0000000726099351              |20220603|152118|028|676|0|30300071|130010009|130759186|1|20220603|145128|8001409|20220603|154620|8002814|1|1250|0|      |20220603|20220603|0603|2022-06-14 07:03:10
514191|0000000668723103              |20220603|152715|020|676|0|30300088|130010002|130752364|1|20220603|124429|8002742|20220603|154033|8001168|1|1250|0|      |20220603|20220603|0603|2022-06-14 07:03:10
514193|0000000741823616              |20220603|150306|025|676|0|30300088|130010002|130752512|1|20220603|121837|8002742|20220603|153441|8002575|1|1250|0|      |20220603|20220603|0603|2022-06-14 07:03:10
514195|0000000744924954              |20220603|153411|021|676|0|30300087|130010015|130759636|1|20220603|151641|8001491|20220603|161241|8001575|1|1250|0|      |20220603|20220603|0603|2022-06-14 07:03:10
514197|0000000725944004              |20220603|154557|023|676|0|30300041|130010012|130753326|1|20220603|151150|8001288|20220603|161027|8002648|1|1250|0|      |20220603|20220603|0603|2022-06-14 07:03:10
514604|0000000719873745              |20220603|134148|009|676|0|30300089|130010011|130759526|1|20220603|120914|8001629|20220603|134930|8002648|1|1250|0|      |20220603|20220603|0603|2022-06-14 07:03:10
514606|0000000903830292              |20220603|100808|009|676|0|30300054|130010007|130759341|1|20220603|090228|8002976|20220603|101507|8001856|1|1250|0|      |20220603|20220603|0603|2022-06-14 07:03:10
514608|0000000612199953              |20220603|100359|030|676|0|30300038|130010014|130753213|1|20220603|044916|8001052|20220603|100736|8002779|1|1250|0|      |20220603|20220603|0603|2022-06-14 07:03:10
514610|0000000749861856              |20220603|095953|025|676|0|30300071|130010009|130759144|1|20220603|063315|8001660|20220603|103519|8002814|1|1250|0|      |20220603|20220603|0603|2022-06-14 07:03:10
514612|0000000743666371              |20220603|102717|005|676|0|30300041|130010012|130753327|1|20220603|080500|8002967|20220603|105011|8005992|1|1250|0|      |20220603|20220603|0603|2022-06-14 07:03:10
514614|0000000742397803              |20220603|110150|006|676|0|30300041|130010012|130753334|1|20220603|084308|8002967|20220603|111352|8001296|1|1250|0|      |20220603|20220603|0603|2022-06-14 07:03:10
514616|0000000725439953              |20220603|114803|023|676|0|30300071|130010009|130759139|1|20220603|062043|8001464|20220603|115915|8002692|1|1250|0|      |20220603|20220603|0603|2022-06-14 07:03:10
514618|0000000900897856              |20220603|135556|028|676|0|30300071|130010009|130759102|1|20220603|130530|8001464|20220603|140523|8001791|1|1250|0|      |20220603|20220603|0603|2022-06-14 07:03:10
514620|0000000712010786              |20220603|135633|006|676|0|30300054|130010007|130759351|1|20220603|130027|8001707|20220603|140908|8001847|1|1250|0|      |20220603|20220603|0603|2022-06-14 07:03:10
514622|0000000775922247              |20220603|143141|002|676|0|30300093|130010004|130752207|1|20220603|131215|8001464|20220603|144044|8002932|1|1250|0|      |20220603|20220603|0603|2022-06-14 07:03:10
514624|0000000918443655              |20220603|151537|018|676|0|30300071|130010009|130759139|1|20220603|125557|8001464|20220603|152255|8001791|1|1250|0|      |20220603|20220603|0603|2022-06-14 07:03:10
514626|0000000907993163              |20220603|144501|004|676|0|30300037|130010006|130752050|1|20220603|143213|8007541|20220603|151827|8002906|1|1250|0|      |20220603|20220603|0603|2022-06-14 07:03:10
514628|0000000741651567              |20220603|151114|003|676|0|30300054|130010007|130759378|1|20220603|141029|8001707|20220603|152311|8001847|1|1250|0|      |20220603|20220603|0603|2022-06-14 07:03:10
514630|0000000777665357              |20220603|154744|021|676|0|30300037|130010006|130752024|1|20220603|153135|8007541|20220603|155559|8002984|1|1250|0|      |20220603|20220603|0603|2022-06-14 07:03:10
515037|0000000764683780              |20220603|182236|003|675|0|30300079|130010009|130759111|1|20220603|145529|8002313|20220603|183322|8005548|1|1250|0|      |20220603|20220603|0603|2022-06-14 07:03:10
515039|0000000742308943              |20220603|180720|018|675|0|30300091|130010013|130759811|1|20220603|175022|8001968|20220603|183537|8002464|1|1250|0|      |20220603|20220603|0603|2022-06-14 07:03:10
515041|0000000743714337              |20220603|222743|001|675|0|30300081|130010011|130759570|1|20220603|221746|8001987|20220603|230050|8002452|1|1250|0|      |20220603|20220603|0603|2022-06-14 07:03:10
515043|0000000757913223              |20220603|204625|014|675|0|30300081|130010011|130759514|1|20220603|203413|8001987|20220603|212141|8002159|1|1250|0|      |20220603|20220603|0603|2022-06-14 07:03:10
515045|0000000766417270              |20220603|213614|003|675|0|30300079|130010009|130759111|1|20220603|145529|8002313|20220603|214721|8001529|1|1250|0|      |20220603|20220603|0603|2022-06-14 07:03:10
515047|0000000746891101              |20220603|055811|006|676|0|30300037|130010006|130752074|1|20220603|053403|8002313|20220603|061452|8003054|1|1250|0|      |20220603|20220603|0603|2022-06-14 07:03:10
515049|0000000749267211              |20220603|062326|001|675|0|30300078|130010008|130752163|1|20220603|055944|8007273|20220603|062757|8003006|1|1250|0|      |20220603|20220603|0603|2022-06-14 07:03:10
515051|0000000716884619              |20220603|063412|002|676|0|30300088|130010006|130752001|1|20220603|061908|8001968|20220603|064515|8002092|1|1250|0|      |20220603|20220603|0603|2022-06-14 07:03:10
515053|0000000765443489              |20220603|073237|008|676|0|30300037|130010006|130759021|1|20220603|064724|8002313|20220603|073807|8001533|1|1250|0|      |20220603|20220603|0603|2022-06-14 07:03:10
515055|0000000753739134              |20220603|071726|007|676|0|30300093|130010004|130752214|1|20220603|062907|8002313|20220603|073513|8001419|1|1250|0|      |20220603|20220603|0603|2022-06-14 07:03:10
515057|0000000741886411              |20220603|074513|026|675|0|30300079|130010009|130759173|1|20220603|052751|8002313|20220603|074904|8002309|1|1250|0|      |20220603|20220603|0603|2022-06-14 07:03:10
515504|0000000544702061              |20220603|185816|012|675|0|30300108|130010007|130759305|4|20220603|172316|8070046|20220603|191023|8002375|1|750|0|      |20220603|20220603|0603|2022-06-14 07:03:10
515506|0000000303146737              |20220603|191029|014|675|0|30300049|130010004|130752216|1|20220603|171511|8002798|20220603|191703|8002433|1|1250|0|      |20220603|20220603|0603|2022-06-14 07:03:10
515508|0000000532582980              |20220603|194234|027|676|0|30300040|130010007|130759343|1|20220603|191951|8001063|20220603|194521|8002757|1|1250|0|      |20220603|20220603|0603|2022-06-14 07:03:10
515510|0000000543205973              |20220603|195901|014|676|0|30300043|130010015|130759611|1|20220603|195257|8002725|20220603|200141|8007325|1|1250|0|      |20220603|20220603|0603|2022-06-14 07:03:10
515512|0000000540002558              |20220603|200243|012|675|0|30300091|130010013|130759811|1|20220603|175022|8002946|20220603|200712|8002615|1|1250|0|      |20220603|20220603|0603|2022-06-14 07:03:10
515514|0000000533745646              |20220603|201721|005|676|0|30300089|130010011|130759575|1|20220603|191056|8003048|20220603|203044|8002468|1|1250|0|      |20220603|20220603|0603|2022-06-14 07:03:10
515516|0000000171894519              |20220603|083013|010|674|0|30300002|130010007|130759326|1|20220603|074140|8002259|20220603|083925|8001242|1|1250|0|      |20220603|20220603|0603|2022-06-14 07:03:10
515518|0000000525645650              |20220603|090109|018|677|0|30300129|130010009|130759163|1|20220603|081317|8007356|20220603|090430|8007340|1|1250|0|      |20220603|20220603|0603|2022-06-14 07:03:10
515520|0000000092312475              |20220603|080054|001|675|0|30300046|130010002|130752351|1|20220603|063632|8007163|20220603|080351|8007167|1|1250|0|      |20220603|20220603|0603|2022-06-14 07:03:10
515927|0000000125038885              |20220603|133856|010|676|0|30300072|130010001|130759434|1|20220603|131334|8001970|20220603|134342|8002898|1|1250|0|      |20220603|20220603|0603|2022-06-14 07:03:10
515929|0000000302072179              |20220603|141225|028|675|0|30300083|130010001|130759480|1|20220603|131619|8001491|20220603|142400|8001932|1|1250|0|      |20220603|20220603|0603|2022-06-14 07:03:10
515931|0000000530231632              |20220603|140805|005|675|0|30300066|130010015|130759620|1|20220603|133608|8001963|20220603|142720|8001929|1|1250|0|      |20220603|20220603|0603|2022-06-14 07:03:10
515933|0000000302170373              |20220603|143423|031|676|0|30300089|130010011|130759521|1|20220603|115947|8002969|20220603|144207|8002814|1|1250|0|      |20220603|20220603|0603|2022-06-14 07:03:10
515935|0000000133294524              |20220603|145752|010|676|0|30300043|130010015|130759615|1|20220603|140818|8002729|20220603|150718|8001789|1|1250|0|      |20220603|20220603|0603|2022-06-14 07:03:10
515937|0000000546664072              |20220603|151523|002|676|0|30300051|130010008|130752121|4|20220603|140442|8001996|20220603|152155|8002951|1|750|0|      |20220603|20220603|0603|2022-06-14 07:03:10
515939|0000000508230209              |20220603|145220|007|676|0|30300041|130010012|130753334|1|20220603|141010|8002703|20220603|153050|8005993|1|1250|0|      |20220603|20220603|0603|2022-06-14 07:03:10
515941|0000000166880850              |20220603|151923|020|676|0|30300037|130010006|130752005|1|20220603|145930|8002412|20220603|154510|8003006|1|1250|0|      |20220603|20220603|0603|2022-06-14 07:03:10
515943|0000000298671292              |20220603|160530|023|676|0|30300037|130010006|130752024|1|20220603|153135|8002559|20220603|161156|8001005|1|1250|0|      |20220603|20220603|0603|2022-06-14 07:03:10
515945|0000000504032322              |20220603|193700|002|675|0|30300055|130010014|130753263|2|20220603|192455|8001353|20220603|194705|8005561|1|350|0|      |20220603|20220603|0603|2022-06-14 07:03:10
515947|0000000544012726              |20220603|190715|021|676|0|30300130|130010008|130752720|1|20220603|183409|8001527|20220603|192448|8001716|1|1250|0|      |20220603|20220603|0603|2022-06-14 07:03:10
515949|0000000546295340              |20220603|193917|028|675|0|30300050|130010007|130759309|2|20220603|181633|8002849|20220603|194647|8001299|1|350|0|      |20220603|20220603|0603|2022-06-14 07:03:10
515951|0000000547665163              |20220603|201222|002|676|0|30300037|130010006|130752039|1|20220603|194547|8002984|20220603|202025|8002559|1|1250|0|      |20220603|20220603|0603|2022-06-14 07:03:10
515953|0000000303116746              |20220603|201249|027|674|0|30300100|130010002|130752365|1|20220603|195943|8001029|20220603|203939|8001413|1|1250|0|      |20220603|20220603|0603|2022-06-14 07:03:10
516385|0000000773963438              |20220603|124858|022|674|0|30300002|130010007|130759310|1|20220603|112434|8002833|~       |      |~      |1|1250|0|      |20220603|~       |0603|2022-06-14 07:03:10
516387|0000000673106663              |20220603|125411|017|674|0|30300002|130010007|130759318|1|20220603|123520|8003020|~       |      |~      |1|1250|0|      |20220603|~       |0603|2022-06-14 07:03:10
516389|0000000918032327              |20220603|131817|006|675|0|30300045|130010006|130752012|1|20220603|115625|8070046|~       |      |~      |1|1250|0|      |20220603|~       |0603|2022-06-14 07:03:10
516391|0000000655956113              |20220603|104604|011|679|0|30300063|130010001|130759474|1|20220603|102410|8002852|~       |      |~      |1|1250|0|      |20220603|~       |0603|2022-06-14 07:03:10
516393|0000000470335306              |20220603|101304|013|675|0|30300045|130010006|130752055|1|20220603|100737|8003070|~       |      |~      |1|1250|0|      |20220603|~       |0603|2022-06-14 07:03:10
516395|0000000756247143              |20220603|110807|028|679|1|30300063|130010001|130759474|1|20220603|102410|8001364|~       |      |~      |2|1250|0|      |20220603|~       |0603|2022-06-14 07:03:10
516397|0000000918182883              |20220603|112310|029|679|0|30300063|130010001|130759488|1|20220603|102854|8001470|~       |      |~      |1|1250|0|      |20220603|~       |0603|2022-06-14 07:03:10
516399|0000000742567549              |20220603|122152|021|675|0|30300045|130010006|130752048|1|20220603|113101|8002142|~       |      |~      |2|2000|0|      |20220603|~       |0603|2022-06-14 07:03:10
516401|0000000727490366              |20220603|140901|023|675|0|30300045|130010006|130752029|1|20220603|130115|8001064|~       |      |~      |1|1250|0|      |20220603|~       |0603|2022-06-14 07:03:10
516403|0000000908429270              |20220603|144715|008|679|0|30300063|130010001|130759787|1|20220603|142100|8001862|~       |      |~      |1|1250|0|      |20220603|~       |0603|2022-06-14 07:03:10
516405|0000000611770213              |20220603|144004|030|675|1|30300108|130010007|130759303|1|20220603|142530|8002401|~       |      |~      |1|0|0|      |20220603|~       |0603|2022-06-14 07:03:10
516407|0000000900498941              |20220603|143539|007|675|0|30300045|130010006|130759003|1|20220603|141720|8070046|~       |      |~      |1|1250|0|      |20220603|~       |0603|2022-06-14 07:03:10
516409|0000000733451661              |20220603|145304|006|679|0|30300063|130010001|130759410|1|20220603|141309|8001964|~       |      |~      |1|1250|0|      |20220603|~       |0603|2022-06-14 07:03:10
516411|0000000900300194              |20220603|151217|021|675|0|30300108|130010007|130759356|1|20220603|144507|8002664|~       |      |~      |1|1250|0|      |20220603|~       |0603|2022-06-14 07:03:10
515979|0000000510607355              |20220603|110252|020|675|0|30300064|130010015|130759686|1|20220603|054426|8001048|20220603|112629|8001626|1|1250|0|      |20220603|20220603|0603|2022-06-14 07:03:11
516414|0000000757555371              |20220603|153709|015|675|0|30300045|130010006|130752012|1|20220603|152208|8003043|~       |      |~      |1|1250|0|      |20220603|~       |0603|2022-06-14 07:03:11
516416|0000000760397561              |20220603|153555|015|675|0|30300045|130010006|130752029|4|20220603|144810|8001065|~       |      |~      |1|750|0|      |20220603|~       |0603|2022-06-14 07:03:11
516418|0000000903754017              |20220603|163222|002|679|0|30300063|130010001|130759474|1|20220603|153605|8001834|~       |      |~      |1|1250|0|      |20220603|~       |0603|2022-06-14 07:03:11
516420|0000000647250252              |20220603|162735|026|675|0|30300045|130010006|130759003|1|20220603|162538|8001956|~       |      |~      |1|1250|0|      |20220603|~       |0603|2022-06-14 07:03:11
516422|0000000667124897              |20220603|164032|023|675|0|30300045|130010006|130752012|1|20220603|152208|8070046|~       |      |~      |1|1250|0|      |20220603|~       |0603|2022-06-14 07:03:11
516424|0000000900657137              |20220603|165343|026|679|0|30300063|130010001|130759406|1|20220603|142207|8002852|~       |      |~      |1|1250|0|      |20220603|~       |0603|2022-06-14 07:03:11
516426|0000000918518828              |20220603|171224|003|675|0|30300045|130010006|130752055|1|20220603|165011|8002589|~       |      |~      |1|1250|0|      |20220603|~       |0603|2022-06-14 07:03:11
516428|0000000652550205              |20220603|172159|010|675|0|30300045|130010006|130752058|1|20220603|172112|8003072|~       |      |~      |1|1250|0|      |20220603|~       |0603|2022-06-14 07:03:11
516430|0000000909922643              |20220603|173809|006|679|0|30300063|130010001|130759719|1|20220603|171037|8002854|~       |      |~      |1|1250|0|      |20220603|~       |0603|2022-06-14 07:03:11
516432|0000000757183362              |20220603|174603|020|675|0|30300108|130010007|130759356|4|20220603|173531|8070046|~       |      |~      |1|750|0|      |20220603|~       |0603|2022-06-14 07:03:11
516434|0000000908097302              |20220603|175207|005|679|0|30300063|130010001|130759487|1|20220603|141055|8001007|~       |      |~      |1|1250|0|      |20220603|~       |0603|2022-06-14 07:03:11
516436|0000000742946725              |20220603|174829|011|675|0|30300045|130010006|130759003|1|20220603|174119|8070046|~       |      |~      |1|1250|0|      |20220603|~       |0603|2022-06-14 07:03:11
516438|0000000903924707              |20220603|184034|028|675|0|30300045|130010006|130752043|1|20220603|171442|8070046|~       |      |~      |1|1250|0|      |20220603|~       |0603|2022-06-14 07:03:11
516440|0000000631918397              |20220603|183559|029|679|0|30300063|130010001|130759406|1|20220603|142207|8001800|~       |      |~      |1|1250|0|      |20220603|~       |0603|2022-06-14 07:03:11
516442|0000000752861585              |20220603|184228|022|675|0|30300108|130010007|130759316|1|20220603|174641|8002052|~       |      |~      |1|1250|0|      |20220603|~       |0603|2022-06-14 07:03:11
516897|0000000735406650              |20220603|181410|024|675|1|30300066|130010015|130759605|1|20220603|172346|8001669|~       |      |~      |1|0|0|      |20220603|~       |0603|2022-06-14 07:03:11
516899|0000000773466226              |20220603|182751|001|676|0|30300041|130010012|130753304|1|20220603|151425|8003099|~       |      |~      |1|1250|0|      |20220603|~       |0603|2022-06-14 07:03:11
516901|0000000655934183              |20220603|181937|015|676|0|30300041|130010012|130753370|1|20220603|173529|8007555|~       |      |~      |1|1250|0|      |20220603|~       |0603|2022-06-14 07:03:11
516903|0000000918281548              |20220603|221551|018|675|0|30300066|130010015|130759606|1|20220603|221333|8002937|~       |      |~      |1|1250|0|      |20220603|~       |0603|2022-06-14 07:03:11
516905|0000000912420753              |20220603|221605|012|675|0|30300066|130010015|130759606|4|20220603|221333|8002937|~       |      |~      |1|750|0|      |20220603|~       |0603|2022-06-14 07:03:11
516907|0000000777797806              |20220603|213123|013|675|0|30300057|130010001|130759750|1|20220603|210916|8002803|~       |      |~      |1|1250|0|      |20220603|~       |0603|2022-06-14 07:03:11
516909|0000000672284051              |20220603|215238|025|675|0|30300057|130010001|130759489|1|20220603|211418|8002600|~       |      |~      |1|1250|0|      |20220603|~       |0603|2022-06-14 07:03:11
516911|0000000903960425              |20220603|222123|001|676|0|30300041|130010012|130753310|1|20220603|213009|8002970|~       |      |~      |1|1250|0|      |20220603|~       |0603|2022-06-14 07:03:11
516913|0000000759919610              |20220603|220644|027|675|0|30300057|130010001|130759755|1|20220603|213606|8001748|~       |      |~      |1|1250|0|      |20220603|~       |0603|2022-06-14 07:03:11
516915|0000000719590459              |20220603|220803|014|675|0|30300057|130010001|130759755|1|20220603|213606|8002800|~       |      |~      |1|1250|0|      |20220603|~       |0603|2022-06-14 07:03:11
516917|0000000761683375              |20220603|221856|027|675|0|30300066|130010015|130759605|1|20220603|214521|8002743|~       |      |~      |1|1250|0|      |20220603|~       |0603|2022-06-14 07:03:11
516919|0000000742313277              |20220603|062520|029|675|0|30300066|130010015|130759682|1|20220603|055652|8001462|~       |      |~      |1|1250|0|      |20220603|~       |0603|2022-06-14 07:03:11
516921|0000000661121975              |20220603|065203|004|675|0|30300057|130010001|130759757|1|20220603|063807|8002149|~       |      |~      |1|1250|0|      |20220603|~       |0603|2022-06-14 07:03:11
516923|0000000765723114              |20220603|071444|015|675|0|30300057|130010001|130759750|1|20220603|055952|8001849|~       |      |~      |1|1250|0|      |20220603|~       |0603|2022-06-14 07:03:11
516925|0000000658008716              |20220603|073356|013|675|0|30300057|130010001|130759489|1|20220603|071658|8002149|~       |      |~      |1|1250|0|      |20220603|~       |0603|2022-06-14 07:03:11
517922|0000000300790624              |20220603|092410|019|676|0|30300087|130010008|130752159|1|20220603|082947|8001378|20220603|101057|8002134|1|1250|0|      |20220603|20220603|0603|2022-06-14 07:03:11
517924|0000000124323200              |20220603|103546|003|675|0|30300067|130010001|130759742|1|20220603|094139|8002635|20220603|103935|8002480|1|1250|0|      |20220603|20220603|0603|2022-06-14 07:03:11
517926|0000000302165198              |20220603|103954|021|675|0|30300092|130010013|130759824|1|20220603|100810|8001476|20220603|104440|8001313|1|1250|0|      |20220603|20220603|0603|2022-06-14 07:03:11
517928|0000000547751507              |20220603|111216|017|676|0|30300037|130010006|130759004|4|20220603|101330|8002339|20220603|111826|8002358|1|750|0|      |20220603|20220603|0603|2022-06-14 07:03:11
517930|0000000521770425              |20220603|114419|002|676|0|30300041|130010012|130753321|1|20220603|104406|8002648|20220603|115141|8002994|1|1250|0|      |20220603|20220603|0603|2022-06-14 07:03:11
517932|0000000532597994              |20220603|122200|013|676|0|30300038|130010014|130753213|1|20220603|115408|8001527|20220603|122517|8002330|1|1250|0|      |20220603|20220603|0603|2022-06-14 07:03:11
526295|0000000903917329              |20220603|173525|022|676|0|30300130|130010008|130752138|1|20220603|170150|8002345|20220603|180042|8001929|1|1250|0|      |20220603|20220603|0603|2022-06-14 07:03:11
526297|0000000417867611              |20220603|174255|018|675|0|30300049|130010004|130752206|1|20220603|163809|8001276|20220603|175306|8002434|1|1250|0|      |20220603|20220603|0603|2022-06-14 07:03:11
526299|0000000726273595              |20220603|181517|015|675|0|30300075|130010005|130759272|1|20220603|155251|8002615|20220603|181943|8001536|1|1250|0|      |20220603|20220603|0603|2022-06-14 07:03:11
526301|0000000754462187              |20220603|180024|026|675|0|30300081|130010011|130759523|1|20220603|154306|8002615|20220603|181707|8001982|1|1250|0|      |20220603|20220603|0603|2022-06-14 07:03:11
526303|0000000918326493              |20220603|215310|008|675|0|30300055|130010014|130753208|1|20220603|211845|8002345|20220603|222729|8001750|1|1250|0|      |20220603|20220603|0603|2022-06-14 07:03:11
526305|0000000911158151              |20220603|220908|006|675|0|30300055|130010014|130753208|1|20220603|211845|8002001|20220603|223052|8001847|1|1250|0|      |20220603|20220603|0603|2022-06-14 07:03:11
526307|0000000669784172              |20220603|224346|013|675|0|30300055|130010014|130753227|1|20220603|213914|8002345|20220603|231626|8001856|1|1250|0|      |20220603|20220603|0603|2022-06-14 07:03:11
526309|0000000661786032              |20220603|230244|017|675|0|30300055|130010014|130753228|1|20220603|143903|8002001|20220603|232156|8001828|1|1250|0|      |20220603|20220603|0603|2022-06-14 07:03:11
526716|0000000760421334              |20220603|074649|008|674|1|30300100|130010002|130752348|1|20220603|072825|8002547|20220603|080758|8002629|1|0|0|      |20220603|20220603|0603|2022-06-14 07:03:11
526718|0000000636515580              |20220603|073814|021|674|1|30300104|130010002|130752314|1|20220603|072135|8001081|20220603|080338|8070014|1|0|0|      |20220603|20220603|0603|2022-06-14 07:03:11
526720|0000000728477056              |20220603|075031|021|674|1|30300100|130010002|130752393|1|20220603|065910|8001412|20220603|081908|8001028|1|0|0|      |20220603|20220603|0603|2022-06-14 07:03:11
526722|0000000649643791              |20220603|081035|009|676|1|30300089|130010011|130759575|1|20220603|062452|8001555|20220603|081442|8005505|1|0|0|      |20220603|20220603|0603|2022-06-14 07:03:11
526724|0000000908780545              |20220603|081402|011|674|1|30300100|130010002|130752509|1|20220603|080622|8001412|20220603|084242|8001028|1|0|0|      |20220603|20220603|0603|2022-06-14 07:03:11
526726|0000000707259674              |20220603|082436|013|676|1|30300089|130010011|130759576|1|20220603|053933|8001555|20220603|082943|8005505|1|0|0|      |20220603|20220603|0603|2022-06-14 07:03:11
526728|0000000715961161              |20220603|082445|028|676|2|30300089|130010011|130759576|1|20220603|053933|8001555|20220603|082918|8005505|1|0|0|      |20220603|20220603|0603|2022-06-14 07:03:11
526730|0000000921524706              |20220603|082416|030|676|1|30300089|130010011|130759576|1|20220603|053933|8001555|20220603|082952|8005505|1|0|0|      |20220603|20220603|0603|2022-06-14 07:03:11
526732|0000000441865477              |20220603|082423|005|676|1|30300089|130010011|130759576|1|20220603|053933|8001555|20220603|082947|8005505|1|0|0|      |20220603|20220603|0603|2022-06-14 07:03:11
526734|0000000922084725              |20220603|082427|011|676|1|30300089|130010011|130759576|1|20220603|053933|8001555|20220603|082959|8005505|1|0|0|      |20220603|20220603|0603|2022-06-14 07:03:11
526736|0000000750469302              |20220603|084639|031|676|1|30300089|130010011|130759512|1|20220603|053902|8001555|20220603|085152|8005505|1|0|0|      |20220603|20220603|0603|2022-06-14 07:03:11
526738|0000000900173080              |20220603|090816|015|676|1|30300089|130010011|130759577|1|20220603|055326|8001555|20220603|091242|8005505|1|0|0|      |20220603|20220603|0603|2022-06-14 07:03:11
526740|0000000763133251              |20220603|090819|020|676|2|30300089|130010011|130759577|1|20220603|055326|8001555|20220603|091250|8005505|1|0|0|      |20220603|20220603|0603|2022-06-14 07:03:11
525878|0000000769244064              |20220603|091315|019|676|1|30300072|130010001|130759429|1|20220603|085121|8002559|20220603|091922|8001576|1|0|0|      |20220603|20220603|0603|2022-06-14 07:03:11
525880|0000000765949236              |20220603|091502|017|678|1|30300074|130010014|130753248|1|20220603|083041|8001412|20220603|091952|8002934|1|0|0|      |20220603|20220603|0603|2022-06-14 07:03:11
525882|0000000775894956              |20220603|091936|002|676|1|30300051|130010008|130752103|1|20220603|084614|8002547|20220603|093826|8002603|1|0|0|      |20220603|20220603|0603|2022-06-14 07:03:11
525884|0000000663414635              |20220603|181232|013|674|1|30300100|130010002|130752360|1|20220603|132509|8002547|20220603|182940|8002603|1|0|0|      |20220603|20220603|0603|2022-06-14 07:03:11
525886|0000000734671324              |20220603|185819|011|676|1|30300072|130010001|130759420|1|20220603|183302|8002559|20220603|190308|8001576|1|0|0|      |20220603|20220603|0603|2022-06-14 07:03:11
525888|0000000903417259              |20220603|182721|015|676|1|30300037|130010006|130752039|1|20220603|173129|8002075|20220603|184904|8002721|1|0|0|      |20220603|20220603|0603|2022-06-14 07:03:11
525890|0000000703779092              |20220603|182759|019|676|1|30300037|130010006|130752039|1|20220603|173129|8002075|20220603|185351|8002721|1|0|0|      |20220603|20220603|0603|2022-06-14 07:03:11
525892|0000000756476829              |20220603|183114|001|674|1|30300100|130010002|130752359|1|20220603|180723|8002547|20220603|184756|8002603|1|0|0|      |20220603|20220603|0603|2022-06-14 07:03:11
525894|0000000720654427              |20220603|184623|015|674|1|30300100|130010002|130752509|1|20220603|183030|8002547|20220603|190629|8002603|1|0|0|      |20220603|20220603|0603|2022-06-14 07:03:11
525896|0000000721961963              |20220603|191303|022|676|1|30300043|130010015|130759611|1|20220603|175142|8001988|20220603|191935|8002850|1|0|0|      |20220603|20220603|0603|2022-06-14 07:03:11
525898|0000000732314952              |20220603|192135|024|676|1|30300043|130010015|130759675|1|20220603|181408|8001988|20220603|192803|8002850|1|0|0|      |20220603|20220603|0603|2022-06-14 07:03:11
525900|0000000763696264              |20220603|200507|012|678|1|30300074|130010014|130753226|1|20220603|192327|8001412|20220603|201058|8002934|1|0|0|      |20220603|20220603|0603|2022-06-14 07:03:11
525902|0000000711435917              |20220603|194816|004|676|1|30300072|130010001|130759435|1|20220603|191826|8002559|20220603|195453|8001576|1|0|0|      |20220603|20220603|0603|2022-06-14 07:03:11
525904|0000000922040086              |20220603|200736|001|676|1|30300037|130010006|130752039|1|20220603|194547|8002412|20220603|202547|8001005|1|0|0|      |20220603|20220603|0603|2022-06-14 07:03:11
526311|0000000742285289              |20220603|212125|017|675|0|30300083|130010001|130759478|1|20220603|194103|8001276|20220603|215706|8002286|1|1250|0|      |20220603|20220603|0603|2022-06-14 07:03:11
526313|0000000776070455              |20220603|214505|028|675|0|30300055|130010014|130753259|1|20220603|211126|8002345|20220603|215903|8002001|1|1250|0|      |20220603|20220603|0603|2022-06-14 07:03:11
522131|0000000768581941              |20220603|091908|022|676|0|30300038|130010014|130753255|1|20220603|085658|8003130|20220603|095122|8002793|1|1250|0|      |20220603|20220603|0603|2022-06-14 07:03:10
522133|0000000920923558              |20220603|180941|026|676|0|30300038|130010014|130753503|1|20220603|170614|8001928|20220603|184123|8001401|1|1250|0|      |20220603|20220603|0603|2022-06-14 07:03:10
522135|0000000777538431              |20220603|182934|005|676|0|30300071|130010009|130759135|1|20220603|173158|8002642|20220603|184556|8001659|1|1250|0|      |20220603|20220603|0603|2022-06-14 07:03:10
522137|0000000762291055              |20220603|182204|002|676|0|30300089|130010011|130759576|1|20220603|143751|8002889|20220603|184302|8002134|1|1250|0|      |20220603|20220603|0603|2022-06-14 07:03:10
525447|0000000522440834              |20220603|172942|024|676|0|30300051|130010008|130752134|1|20220603|162625|8002995|20220603|173531|8001996|1|1250|0|      |20220603|20220603|0603|2022-06-14 07:03:10
525449|0000000540002060              |20220603|174932|012|675|0|30300067|130010001|130759726|1|20220603|170933|8002648|20220603|180014|8002635|1|1250|0|      |20220603|20220603|0603|2022-06-14 07:03:10
525451|0000000530727789              |20220603|173535|031|676|0|30300089|130010011|130759519|4|20220603|142419|8002929|20220603|175136|8005507|1|750|0|      |20220603|20220603|0603|2022-06-14 07:03:10
525453|0000000520349891              |20220603|175654|024|675|0|30300067|130010001|130759777|1|20220603|173054|8001042|20220603|180916|8002357|1|1250|0|      |20220603|20220603|0603|2022-06-14 07:03:10
525455|0000000093644704              |20220603|183055|018|675|0|30300067|130010001|130759729|1|20220603|180652|8005874|20220603|185536|8002633|1|1250|0|      |20220603|20220603|0603|2022-06-14 07:03:10
525457|0000000520876112              |20220603|064458|027|674|0|30300002|130010007|130759315|1|20220603|062812|8002251|20220603|065139|8001418|1|1250|0|      |20220603|20220603|0603|2022-06-14 07:03:10
525459|0000000273819978              |20220603|063941|013|676|0|30300054|130010007|130759353|4|20220603|063123|8001200|20220603|070820|8002468|1|750|0|      |20220603|20220603|0603|2022-06-14 07:03:10
525461|0000000505358100              |20220603|120051|006|675|0|30300067|130010001|130759425|1|20220603|100050|8001726|20220603|122338|8001414|1|1250|0|      |20220603|20220603|0603|2022-06-14 07:03:10
525463|0000000533973488              |20220603|134051|030|675|0|30300055|130010014|130753512|1|20220603|125843|8002339|20220603|135357|8002631|1|1250|0|      |20220603|20220603|0603|2022-06-14 07:03:10
525465|0000000523105013              |20220603|134656|028|676|0|30300090|130010005|130759216|1|20220603|121631|8007555|20220603|135344|8002412|1|1250|0|      |20220603|20220603|0603|2022-06-14 07:03:10
525467|0000000545095936              |20220603|132836|022|675|0|30300065|130010004|130752268|1|20220603|064804|8001344|20220603|133639|8005872|1|1250|0|      |20220603|20220603|0603|2022-06-14 07:03:10
525469|0000000540003455              |20220603|142429|014|675|0|30300075|130010005|130759208|1|20220603|140921|8002616|20220603|144133|8001992|1|1250|0|      |20220603|20220603|0603|2022-06-14 07:03:10
525471|0000000303150529              |20220603|144043|031|675|0|30300055|130010014|130753261|1|20220603|135929|8002635|20220603|144733|8002340|1|1250|0|      |20220603|20220603|0603|2022-06-14 07:03:10
525500|0000000535396523              |20220603|204542|015|675|0|30300055|130010014|130753269|1|20220603|160648|8002345|20220603|205455|8002631|1|1250|0|      |20220603|20220603|0603|2022-06-14 07:03:10
525502|0000000515982821              |20220603|205058|005|674|0|30300100|130010002|130752359|1|20220603|203320|8001029|20220603|210026|8002434|1|1250|0|      |20220603|20220603|0603|2022-06-14 07:03:10
525504|0000000131058528              |20220603|072233|007|675|0|30300058|130010004|130752257|1|20220603|070447|8002915|20220603|081728|8001553|1|1250|0|      |20220603|20220603|0603|2022-06-14 07:03:10
525506|0000000549402877              |20220603|081258|018|676|0|30300086|130010013|130759829|2|20220603|074107|8002137|20220603|081621|8001477|1|350|0|      |20220603|20220603|0603|2022-06-14 07:03:10
525508|0000000543051980              |20220603|080144|007|676|0|30300093|130010004|130752223|1|20220603|065712|8002310|20220603|080534|8001097|1|1250|0|      |20220603|20220603|0603|2022-06-14 07:03:10
525510|0000000535606344              |20220603|074309|008|675|0|30300108|130010007|130759317|4|20220603|071314|8005860|20220603|075158|8002663|1|750|0|      |20220603|20220603|0603|2022-06-14 07:03:10
525512|0000000540002652              |20220603|074529|002|676|0|30300037|130010006|130752045|1|20220603|071033|8001443|20220603|085317|9002077|1|1250|0|      |20220603|20220603|0603|2022-06-14 07:03:10
525514|0000000536247663              |20220603|092937|021|675|0|30300079|130010009|130759138|1|20220603|055246|8001430|20220603|094118|8002310|1|1250|0|      |20220603|20220603|0603|2022-06-14 07:03:10
525516|0000000294776892              |20220603|085011|019|676|0|30300089|130010011|130759522|1|20220603|061822|8002133|20220603|093417|8002531|1|1250|0|      |20220603|20220603|0603|2022-06-14 07:03:10
525518|0000000122873495              |20220603|082641|024|676|0|30300037|130010006|130752011|1|20220603|053831|8001533|20220603|083331|8002339|1|1250|0|      |20220603|20220603|0603|2022-06-14 07:03:10
525520|0000000546761978              |20220603|081115|028|675|0|30300045|130010006|130752048|1|20220603|081037|8001956|20220603|084351|8002378|1|1250|0|      |20220603|20220603|0603|2022-06-14 07:03:10
525522|0000000536529541              |20220603|095119|011|676|0|30300068|130010006|130752036|1|20220603|093438|8002971|20220603|095511|8001624|1|1250|0|      |20220603|20220603|0603|2022-06-14 07:03:10
525524|0000000272030090              |20220603|102320|002|676|0|30300088|130010002|130752338|1|20220603|094649|8002412|20220603|103554|8002109|1|1250|0|      |20220603|20220603|0603|2022-06-14 07:03:10
525526|0000000298672458              |20220603|110214|022|676|0|30300051|130010008|130752712|1|20220603|095345|8001155|20220603|110914|8002352|1|1250|0|      |20220603|20220603|0603|2022-06-14 07:03:10
525555|0000000527452603              |20220603|165657|018|676|0|30300054|130010007|130759386|4|20220603|165607|8001393|20220603|174626|8001923|1|750|0|      |20220603|20220603|0603|2022-06-14 07:03:10
525557|0000000527192488              |20220603|172817|016|676|0|30300088|130010006|130752001|1|20220603|143410|8001759|20220603|173737|8002402|1|1250|0|      |20220603|20220603|0603|2022-06-14 07:03:10
525559|0000000303151417              |20220603|182447|004|675|0|30300050|130010007|130759370|1|20220603|170345|8001273|20220603|183005|8002849|1|1250|0|      |20220603|20220603|0603|2022-06-14 07:03:10
525561|0000000546162261              |20220603|173421|027|674|0|30300002|130010007|130759326|1|20220603|172339|8001284|20220603|175817|8001473|1|1250|0|      |20220603|20220603|0603|2022-06-14 07:03:10
525563|0000000547466134              |20220603|182046|028|679|0|30300063|130010001|130759410|4|20220603|174218|8001247|20220603|182511|8002457|1|750|0|      |20220603|20220603|0603|2022-06-14 07:03:10
525565|0000000294091057              |20220603|180456|008|676|0|30300088|130010002|130752380|1|20220603|163943|8001168|20220603|182526|8001577|1|1250|0|      |20220603|20220603|0603|2022-06-14 07:03:10
505834|0000000484513460              |20220603|085458|024|675|0|30300055|130010014|130753210|1|20220603|083201|8001667|20220603|091329|8001414|1|1250|0|      |20220603|20220603|0603|2022-06-14 07:03:10
505836|0000000681395671              |20220603|085810|030|675|0|30300055|130010014|130753227|1|20220603|083901|8001667|20220603|092101|8002155|1|1250|0|      |20220603|20220603|0603|2022-06-14 07:03:10
505838|0000000784119885              |20220603|093013|001|675|0|30300055|130010014|130753252|1|20220603|090949|8001667|20220603|093318|8005561|1|1250|0|      |20220603|20220603|0603|2022-06-14 07:03:10
505840|0000000791661461              |20220603|092455|013|675|0|30300055|130010014|130753229|1|20220603|090214|8001667|20220603|094508|8001414|1|1250|0|      |20220603|20220603|0603|2022-06-14 07:03:10
505842|0000000186261892              |20220603|181428|001|676|0|30300070|130010004|130752201|1|20220603|172126|8001938|20220603|182555|8002638|1|1250|0|      |20220603|20220603|0603|2022-06-14 07:03:10
505844|0000000793834637              |20220603|183935|001|675|0|30300062|130010008|130752162|1|20220603|180853|8001938|20220603|190254|8001923|1|1250|0|      |20220603|20220603|0603|2022-06-14 07:03:10
505846|0000001118240701              |20220603|181618|005|675|0|30300055|130010014|130753265|1|20220603|155611|8001667|20220603|191122|8001553|1|1250|0|      |20220603|20220603|0603|2022-06-14 07:03:10
505848|0000000692817042              |20220603|185735|004|676|0|30300070|130010004|130752210|1|20220603|181144|8001938|20220603|191533|8001413|1|1250|0|      |20220603|20220603|0603|2022-06-14 07:03:10
505850|0000000695446657              |20220603|191759|001|675|0|30300062|130010008|130752129|1|20220603|184703|8001938|20220603|192004|8002387|1|1250|0|      |20220603|20220603|0603|2022-06-14 07:03:10
505852|0000000789357604              |20220603|191734|001|675|0|30300062|130010008|130752129|1|20220603|184703|8001938|20220603|193625|8002557|1|1250|0|      |20220603|20220603|0603|2022-06-14 07:03:10
505854|0000000400202219              |20220603|193150|015|675|0|30300062|130010008|130752705|1|20220603|190610|8001938|20220603|193752|8002280|1|1250|0|      |20220603|20220603|0603|2022-06-14 07:03:10
505856|0000001110108629              |20220603|192752|011|676|0|30300051|130010008|130752108|1|20220603|191125|8001535|20220603|194455|8002330|1|1250|0|      |20220603|20220603|0603|2022-06-14 07:03:10
506263|0000000400205952              |20220603|205016|012|675|0|30300094|130010014|130753607|1|20220603|201912|8002870|20220603|210206|8003008|1|1250|0|      |20220603|20220603|0603|2022-06-14 07:03:10
506265|0000000788153476              |20220603|121314|028|676|0|30300088|130010002|130752370|1|20220603|061035|8001631|20220603|121702|8002092|1|1250|0|      |20220603|20220603|0603|2022-06-14 07:03:10
506267|0000000691834197              |20220603|125326|031|675|0|30300067|130010001|130759424|1|20220603|123421|8005874|20220603|130158|8002822|1|1250|0|      |20220603|20220603|0603|2022-06-14 07:03:10
506269|0000000788468817              |20220603|130624|013|676|0|30300090|130010005|130759219|1|20220603|123548|8002870|20220603|132433|8002850|1|1250|0|      |20220603|20220603|0603|2022-06-14 07:03:10
506271|0000000688463371              |20220603|131227|031|675|0|30300065|130010004|130752234|1|20220603|125320|8005874|20220603|133821|8001873|1|1250|0|      |20220603|20220603|0603|2022-06-14 07:03:10
506273|0000000788879522              |20220603|133512|015|675|0|30300065|130010004|130752242|1|20220603|051704|8005874|20220603|134107|8005870|1|1250|0|      |20220603|20220603|0603|2022-06-14 07:03:10
506275|0000000400195129              |20220603|130449|006|678|0|30300074|130010014|130753613|1|20220603|125500|8005036|20220603|134044|8002357|1|1250|450|      |20220603|20220603|0603|2022-06-14 07:03:10
506277|0000000694706992              |20220603|101704|003|675|0|30300049|130010004|130752286|1|20220603|095219|8001356|20220603|102129|8001935|1|1250|0|      |20220603|20220603|0603|2022-06-14 07:03:10
506279|0000000400205443              |20220603|101018|014|675|0|30300060|130010014|130753241|1|20220603|072031|8001378|20220603|102448|8002242|1|1250|0|      |20220603|20220603|0603|2022-06-14 07:03:10
506281|0000000696927189              |20220603|093704|004|675|0|30300049|130010004|130752248|1|20220603|072106|8001278|20220603|100350|8002412|1|1250|0|      |20220603|20220603|0603|2022-06-14 07:03:10
506283|0000000686558159              |20220603|094905|030|675|0|30300049|130010004|130752276|1|20220603|092313|8001356|20220603|100624|8002966|1|1250|0|      |20220603|20220603|0603|2022-06-14 07:03:10
506285|0000000785175737              |20220603|095004|021|675|0|30300049|130010004|130752264|1|20220603|073747|8001278|20220603|101646|8003032|1|1250|0|      |20220603|20220603|0603|2022-06-14 07:03:10
506287|0000001110318042              |20220603|105826|023|676|0|30300090|130010005|130759205|1|20220603|102205|8002870|20220603|111255|8001919|1|1250|0|      |20220603|20220603|0603|2022-06-14 07:03:10
506289|0000000688440570              |20220603|104644|011|675|0|30300049|130010004|130752289|1|20220603|064056|8001356|20220603|104948|8001929|1|1250|0|      |20220603|20220603|0603|2022-06-14 07:03:10
506696|0000000625843876              |20220603|203017|028|675|1|30300045|130010006|130752029|1|20220603|192338|8002410|20220603|204704|8003071|1|0|0|      |20220603|20220603|0603|2022-06-14 07:03:10
506698|0000000903819218              |20220603|210411|021|675|1|30300045|130010006|130752047|1|20220603|202620|8002410|20220603|212159|8003071|1|0|0|      |20220603|20220603|0603|2022-06-14 07:03:10
506700|0000000663877247              |20220603|123029|010|675|1|30300108|130010007|130759316|1|20220603|121804|8002410|20220603|123304|8002394|1|0|0|      |20220603|20220603|0603|2022-06-14 07:03:10
506702|0000000678663014              |20220603|125333|006|675|1|30300108|130010007|130759317|1|20220603|123757|8002410|20220603|130206|8007321|1|0|0|      |20220603|20220603|0603|2022-06-14 07:03:10
506704|0000000717207372              |20220603|124023|006|679|1|30300063|130010001|130759474|1|20220603|122123|8001419|20220603|130135|8002349|1|0|0|      |20220603|20220603|0603|2022-06-14 07:03:10
506706|0000000735414594              |20220603|132712|023|675|1|30300045|130010006|130752058|1|20220603|125107|8002410|20220603|134434|8070045|1|0|0|      |20220603|20220603|0603|2022-06-14 07:03:10
506708|0000000903936528              |20220603|130125|009|675|1|30300045|130010006|130752055|1|20220603|122325|8002410|20220603|132404|8003073|1|0|0|      |20220603|20220603|0603|2022-06-14 07:03:10
506710|0000000779393133              |20220603|100448|014|675|1|30300077|130010006|130752064|1|20220603|091833|8001493|20220603|100914|8002579|1|0|0|      |20220603|20220603|0603|2022-06-14 07:03:10
506712|0000000742050445              |20220603|102113|005|675|2|30300145|130010014|130753509|1|20220603|100825|8002410|20220603|103115|8002738|1|0|0|      |20220603|20220603|0603|2022-06-14 07:03:10
506714|0000000753370691              |20220603|140424|017|676|1|30300088|130010002|130752356|1|20220603|111606|8002410|20220603|143426|8002351|1|0|0|      |20220603|20220603|0603|2022-06-14 07:03:10
506716|0000000717866910              |20220603|144826|015|675|1|30300045|130010006|130752043|1|20220603|140350|8002410|20220603|150520|8007064|1|0|0|      |20220603|20220603|0603|2022-06-14 07:03:10
506729|0000000766935895              |20220603|165947|006|676|1|30300088|130010002|130752315|1|20220603|154952|8002410|20220603|171450|8001758|1|0|0|      |20220603|20220603|0603|2022-06-14 07:03:10
506731|0000000918434632              |20220603|165951|027|676|1|30300088|130010002|130752315|1|20220603|154952|8002410|20220603|173319|8002674|1|0|0|      |20220603|20220603|0603|2022-06-14 07:03:10
506733|0000000757142192              |20220603|164309|001|675|2|30300145|130010014|130753600|1|20220603|162624|8002410|20220603|172252|8001191|1|0|0|      |20220603|20220603|0603|2022-06-14 07:03:10
506735|0000000742638909              |20220603|174545|003|681|1|30300042|130010009|130759104|1|20220603|164849|8002410|20220603|180422|8001070|1|0|0|      |20220603|20220603|0603|2022-06-14 07:03:10
506737|0000000909476601              |20220603|174211|020|676|1|30300088|130010002|130752361|1|20220603|142345|8002410|20220603|175818|8002867|1|0|0|      |20220603|20220603|0603|2022-06-14 07:03:10
506739|0000000725340662              |20220603|175950|006|676|1|30300088|130010002|130752380|1|20220603|163943|8002410|20220603|181222|8001758|1|0|0|      |20220603|20220603|0603|2022-06-14 07:03:10
506741|0000000726068705              |20220603|222357|020|676|1|30300088|130010002|130752374|1|20220603|212135|8002410|20220603|224908|8002351|1|0|0|      |20220603|20220603|0603|2022-06-14 07:03:10
506743|0000000904328351              |20220603|231541|025|675|1|30300056|130010012|130753373|1|20220603|170920|8002410|20220603|232517|8007485|1|0|0|      |20220603|20220603|0603|2022-06-14 07:03:10
506745|0000000741896952              |20220603|213334|006|675|1|30300145|130010014|130753606|1|20220603|195843|8002410|20220603|213502|8002401|1|0|0|      |20220603|20220603|0603|2022-06-14 07:03:10
506747|0000000779375228              |20220603|214817|014|676|1|30300088|130010002|130752371|1|20220603|204731|8002410|20220603|220547|8001580|1|0|0|      |20220603|20220603|0603|2022-06-14 07:03:10
507154|0000000921806949              |20220603|162313|029|676|1|30300089|130010011|130759512|1|20220603|150451|8001922|20220603|163840|8002088|1|0|0|      |20220603|20220603|0603|2022-06-14 07:03:10
507156|0000000639569364              |20220603|162907|008|676|1|30300054|130010007|130759347|1|20220603|154708|8001922|20220603|170427|8001368|1|0|0|      |20220603|20220603|0603|2022-06-14 07:03:10
507158|0000000742602628              |20220603|162910|005|675|1|30300062|130010008|130752137|1|20220603|161603|8001922|20220603|170029|8001939|1|0|0|      |20220603|20220603|0603|2022-06-14 07:03:10
507160|0000000741171350              |20220603|171339|001|676|1|30300039|130010005|130759262|1|20220603|163307|8001922|20220603|172354|8001570|1|0|0|      |20220603|20220603|0603|2022-06-14 07:03:10
507162|0000000721600648              |20220603|170344|006|676|1|30300054|130010007|130759355|1|20220603|162738|8001922|20220603|173154|8001763|1|0|0|      |20220603|20220603|0603|2022-06-14 07:03:10
507164|0000000731958857              |20220603|174345|022|676|1|30300071|130010009|130759107|1|20220603|121645|8001922|20220603|180411|8001542|1|0|0|      |20220603|20220603|0603|2022-06-14 07:03:10
507166|0000000712020544              |20220603|175853|002|675|1|30300096|130010006|130752004|1|20220603|170509|8001922|20220603|181707|8002756|1|0|0|      |20220603|20220603|0603|2022-06-14 07:03:10
507168|0000000920861687              |20220603|180741|027|676|1|30300073|130010009|130759183|1|20220603|173511|8001922|20220603|181239|8002555|1|0|0|      |20220603|20220603|0603|2022-06-14 07:03:10
507170|0000000667990124              |20220603|182041|014|675|1|30300094|130010012|130753329|1|20220603|134834|8001922|20220603|183045|8002555|1|0|0|      |20220603|20220603|0603|2022-06-14 07:03:10
507172|0000000679150890              |20220603|182057|021|675|1|30300094|130010012|130753329|1|20220603|134834|8001922|20220603|183015|8002555|1|0|0|      |20220603|20220603|0603|2022-06-14 07:03:10
507174|0000000774121375              |20220603|223936|028|676|1|30300054|130010007|130759383|1|20220603|220737|8001922|20220603|225554|8002585|1|0|0|      |20220603|20220603|0603|2022-06-14 07:03:10
507176|0000000903037173              |20220603|210809|013|676|1|30300089|130010011|130759512|1|20220603|150451|8001922|20220603|212157|8001629|1|0|0|      |20220603|20220603|0603|2022-06-14 07:03:10
507178|0000000700315263              |20220603|214256|023|676|1|30300071|130010009|130759144|1|20220603|125253|8001922|20220603|215801|8001587|1|0|0|      |20220603|20220603|0603|2022-06-14 07:03:10
507180|0000000716205828              |20220603|214336|021|676|1|30300054|130010007|130759357|1|20220603|211143|8001922|20220603|220930|8002707|1|0|0|      |20220603|20220603|0603|2022-06-14 07:03:10
507587|0000000658141478              |20220603|162338|027|675|1|30300049|130010004|130752237|1|20220603|155224|8001491|20220603|163057|8001262|1|0|0|      |20220603|20220603|0603|2022-06-14 07:03:10
507589|0000000755556255              |20220603|164434|026|675|3|30300056|130010012|130753374|1|20220603|162248|8001491|20220603|165435|8002831|1|0|0|      |20220603|20220603|0603|2022-06-14 07:03:10
507591|0000000642359957              |20220603|170901|006|675|1|30300056|130010012|130753322|1|20220603|114528|8001491|20220603|171531|8001084|1|0|0|      |20220603|20220603|0603|2022-06-14 07:03:10
507593|0000000757554582              |20220603|170913|030|675|1|30300056|130010012|130753322|1|20220603|114528|8001491|20220603|171511|8001084|1|0|0|      |20220603|20220603|0603|2022-06-14 07:03:10
507595|0000000767477631              |20220603|171308|003|675|1|30300053|130010002|130752394|1|20220603|163058|8001491|20220603|173901|8002453|1|0|0|      |20220603|20220603|0603|2022-06-14 07:03:10
507597|0000000903056696              |20220603|174139|011|675|1|30300056|130010012|130753315|1|20220603|153216|8001491|20220603|174516|8002584|1|0|0|      |20220603|20220603|0603|2022-06-14 07:03:10
507599|0000000742226311              |20220603|180434|009|675|1|30300083|130010001|130759775|1|20220603|162223|8001491|20220603|181132|8001262|1|0|0|      |20220603|20220603|0603|2022-06-14 07:03:10
507601|0000000777078039              |20220603|180441|030|675|1|30300056|130010012|130753317|1|20220603|134915|8001491|20220603|181058|8002582|1|0|0|      |20220603|20220603|0603|2022-06-14 07:03:10
507603|0000000651956434              |20220603|181343|016|675|1|30300045|130010006|130752048|1|20220603|180529|8001491|20220603|181758|8001731|1|0|0|      |20220603|20220603|0603|2022-06-14 07:03:10
507605|0000000679433264              |20220603|182834|017|675|2|30300083|130010001|130759722|1|20220603|172331|8001491|20220603|183632|8005910|1|0|0|      |20220603|20220603|0603|2022-06-14 07:03:10
507607|0000000705250503              |20220603|222836|019|676|1|30300087|130010015|130759629|1|20220603|221505|8001491|20220603|223051|8001731|1|0|0|      |20220603|20220603|0603|2022-06-14 07:03:10
507609|0000000730841005              |20220603|220045|031|675|1|30300045|130010006|130752058|1|20220603|211839|8001491|20220603|221101|8001132|1|0|0|      |20220603|20220603|0603|2022-06-14 07:03:10
507611|0000000900647361              |20220603|060839|025|676|1|30300087|130010015|130759629|1|20220603|055433|8001491|20220603|062335|8001074|1|0|0|      |20220603|20220603|0603|2022-06-14 07:03:10
507202|0000000740485060              |20220603|094038|001|676|1|30300089|130010011|130759529|1|20220603|054758|8001922|20220603|094731|8001565|1|0|0|      |20220603|20220603|0603|2022-06-14 07:03:10
507204|0000000752841953              |20220603|092451|026|676|1|30300089|130010011|130759527|1|20220603|054734|8001922|20220603|093614|8002089|1|0|0|      |20220603|20220603|0603|2022-06-14 07:03:10
507206|0000000763144149              |20220603|174720|005|675|1|30300062|130010008|130752705|1|20220603|173242|8001922|20220603|183814|8001847|1|0|0|      |20220603|20220603|0603|2022-06-14 07:03:10
507613|0000000773479935              |20220603|073716|008|675|1|30300053|130010002|130752328|1|20220603|065549|8001491|20220603|075909|8002814|1|0|0|      |20220603|20220603|0603|2022-06-14 07:03:10
507615|0000000735758779              |20220603|073607|029|675|1|30300049|130010004|130752206|1|20220603|070858|8001491|20220603|074306|8001731|1|0|0|      |20220603|20220603|0603|2022-06-14 07:03:10
507617|0000000769002766              |20220603|081301|025|676|1|30300087|130010008|130752123|1|20220603|060735|8001491|20220603|082104|8001736|1|0|0|      |20220603|20220603|0603|2022-06-14 07:03:10
507619|0000000921783537              |20220603|081547|004|675|1|30300056|130010012|130753373|1|20220603|063016|8001491|20220603|084015|8001205|1|0|0|      |20220603|20220603|0603|2022-06-14 07:03:10
507621|0000000460266055              |20220603|084109|009|675|1|30300045|130010006|130752012|1|20220603|052012|8001491|20220603|084714|8002913|1|0|0|      |20220603|20220603|0603|2022-06-14 07:03:10
507623|0000000600720322              |20220603|090320|027|675|1|30300053|130010002|130752513|1|20220603|082613|8001491|20220603|093812|8002814|1|0|0|      |20220603|20220603|0603|2022-06-14 07:03:10
507625|0000000738179865              |20220603|094138|015|676|1|30300087|130010015|130759622|1|20220603|092220|8001491|20220603|094806|8001731|1|0|0|      |20220603|20220603|0603|2022-06-14 07:03:10
507627|0000000770869222              |20220603|183541|005|675|1|30300045|130010006|130752012|1|20220603|182907|8001491|20220603|185045|8001132|1|0|0|      |20220603|20220603|0603|2022-06-14 07:03:10
507629|0000000672336356              |20220603|185158|014|676|1|30300087|130010015|130759641|1|20220603|163514|8001491|20220603|185251|8001278|1|0|0|      |20220603|20220603|0603|2022-06-14 07:03:10
507631|0000000742239952              |20220603|185537|017|675|2|30300056|130010012|130753325|1|20220603|165101|8001491|20220603|185837|8002582|1|0|0|      |20220603|20220603|0603|2022-06-14 07:03:10
507633|0000000769504917              |20220603|185541|008|675|2|30300056|130010012|130753325|1|20220603|165101|8001491|20220603|190332|8002831|1|0|0|      |20220603|20220603|0603|2022-06-14 07:03:10
507635|0000000743460031              |20220603|190540|021|675|1|30300053|130010002|130752377|1|20220603|182319|8001491|20220603|192435|8002453|1|0|0|      |20220603|20220603|0603|2022-06-14 07:03:10
507637|0000000910139724              |20220603|191557|002|675|1|30300053|130010002|130752384|1|20220603|183905|8001491|20220603|192354|8001237|1|0|0|      |20220603|20220603|0603|2022-06-14 07:03:10
507639|0000000748909884              |20220603|194045|020|675|1|30300056|130010012|130753331|1|20220603|173128|8001491|20220603|195708|8001589|1|0|0|      |20220603|20220603|0603|2022-06-14 07:03:10
508046|0000000318432177              |20220603|120705|014|676|0|30300037|130010006|130752050|4|20220603|102823|8002340|20220603|122049|8001096|1|750|0|      |20220603|20220603|0603|2022-06-14 07:03:10
508048|0000000548760237              |20220603|225545|010|675|0|30300053|130010002|130752369|1|20220603|223734|8002108|20220603|232124|8001949|1|1250|0|      |20220603|20220603|0603|2022-06-14 07:03:10
508050|0000000527229796              |20220603|161155|017|676|0|30300037|130010006|130759016|1|20220603|151107|8002721|20220603|161416|8002411|1|1250|0|      |20220603|20220603|0603|2022-06-14 07:03:10
508052|0000000545684987              |20220603|162540|029|675|0|30300058|130010004|130752288|2|20220603|154602|8001875|20220603|170221|8005916|1|350|0|      |20220603|20220603|0603|2022-06-14 07:03:10
508054|0000000301394522              |20220603|161318|012|675|0|30300055|130010014|130753208|4|20220603|151631|8001349|20220603|164010|8002038|1|750|0|      |20220603|20220603|0603|2022-06-14 07:03:10
508056|0000000533412473              |20220603|163400|015|675|0|30300055|130010014|130753268|4|20220603|155637|8002346|20220603|164309|8001348|1|750|0|      |20220603|20220603|0603|2022-06-14 07:03:10
508058|0000000524698563              |20220603|162520|022|674|0|30300100|130010002|130752360|4|20220603|132509|8001348|20220603|164023|8001929|1|750|0|      |20220603|20220603|0603|2022-06-14 07:03:10
508060|0000000548312327              |20220603|164525|004|676|0|30300087|130010008|130752150|4|20220603|161104|8001950|20220603|165717|8002453|1|750|0|      |20220603|20220603|0603|2022-06-14 07:03:10
508062|0000000547773909              |20220603|163318|007|676|0|30300054|130010007|130759362|4|20220603|162036|8002977|20220603|165943|8001567|1|750|0|      |20220603|20220603|0603|2022-06-14 07:03:10
508064|0000000536245619              |20220603|170726|020|675|0|30300047|130010001|130759408|1|20220603|162614|8005991|20220603|171246|8070027|1|1250|0|      |20220603|20220603|0603|2022-06-14 07:03:10
508066|0000000525970069              |20220603|172659|004|676|0|30300088|130010002|130752361|1|20220603|142345|8002742|20220603|173853|8002960|1|1250|0|      |20220603|20220603|0603|2022-06-14 07:03:10
508068|0000000546629840              |20220603|162555|006|674|0|30300100|130010002|130752382|4|20220603|162259|8002678|20220603|171433|8001348|1|750|0|      |20220603|20220603|0603|2022-06-14 07:03:10
508070|0000000531844858              |20220603|173609|002|676|0|30300041|130010012|130753310|4|20220603|173439|8070030|20220603|174544|8070027|1|750|0|      |20220603|20220603|0603|2022-06-14 07:03:10
508477|0000000270179693              |20220603|152909|013|676|0|30300036|130010011|130759532|1|20220603|150455|8001931|20220603|154535|8001091|1|1250|0|      |20220603|20220603|0603|2022-06-14 07:03:10
508479|0000000092569035              |20220603|160028|026|676|0|30300040|130010013|130759830|4|20220603|145114|8001086|20220603|160917|8001097|1|750|0|      |20220603|20220603|0603|2022-06-14 07:03:10
508481|0000000139717459              |20220603|154712|025|675|0|30300055|130010014|130753263|1|20220603|134439|8002927|20220603|160312|8002887|1|1250|0|      |20220603|20220603|0603|2022-06-14 07:03:10
508483|0000000504540605              |20220603|153523|011|676|0|30300037|130010006|130759023|4|20220603|151949|8002344|20220603|155602|8002311|1|750|0|      |20220603|20220603|0603|2022-06-14 07:03:10
508485|0000000509270021              |20220603|221519|015|675|0|30300055|130010014|130753261|4|20220603|191316|8002887|20220603|222744|8002340|1|750|0|      |20220603|20220603|0603|2022-06-14 07:03:10
508487|0000000304108426              |20220603|222124|010|675|0|30300055|130010014|130753267|4|20220603|214115|8002340|20220603|223341|8001499|1|750|0|      |20220603|20220603|0603|2022-06-14 07:03:10
508489|0000000549503897              |20220603|190001|009|675|0|30300055|130010014|130753218|1|20220603|185307|8001857|20220603|191420|8001934|1|1250|0|      |20220603|20220603|0603|2022-06-14 07:03:10
508096|0000000170410179              |20220603|131421|026|676|0|30300072|130010001|130759421|1|20220603|121650|8005881|20220603|131949|8002487|1|1250|0|      |20220603|20220603|0603|2022-06-14 07:03:10
508098|0000000533518620              |20220603|140156|002|676|0|30300041|130010012|130753305|1|20220603|135150|8005990|20220603|140315|8070027|1|1250|0|      |20220603|20220603|0603|2022-06-14 07:03:10
508505|0000000535658112              |20220603|071848|030|675|0|30300065|130010004|130752234|4|20220603|064311|8007017|20220603|075315|8001087|1|750|0|      |20220603|20220603|0603|2022-06-14 07:03:10
508507|0000000526735666              |20220603|080333|012|675|0|30300055|130010014|130753221|4|20220603|073855|8002764|20220603|081048|8002927|1|750|0|      |20220603|20220603|0603|2022-06-14 07:03:10
508509|0000000539053552              |20220603|080533|014|675|0|30300081|130010011|130759523|4|20220603|070505|8006007|20220603|081048|8001203|1|750|0|      |20220603|20220603|0603|2022-06-14 07:03:10
508511|0000000523541072              |20220603|072447|024|675|0|30300055|130010014|130753234|4|20220603|070735|8001203|20220603|074225|8001547|1|750|0|      |20220603|20220603|0603|2022-06-14 07:03:10
508513|0000000101419219              |20220603|083532|028|675|0|30300055|130010014|130753268|1|20220603|082700|8002258|20220603|084835|8001203|1|1250|0|      |20220603|20220603|0603|2022-06-14 07:03:10
508515|0000000544779966              |20220603|074743|003|675|0|30300058|130010004|130752266|4|20220603|065615|8007273|20220603|075820|8001515|1|750|0|      |20220603|20220603|0603|2022-06-14 07:03:10
508517|0000000511830228              |20220603|093823|002|675|0|30300082|130010001|130759776|1|20220603|084756|8005561|20220603|094036|8001934|1|1250|0|      |20220603|20220603|0603|2022-06-14 07:03:10
508519|0000000102439514              |20220603|101603|004|675|0|30300077|130010006|130752041|1|20220603|095620|8001714|20220603|102442|8002733|1|1250|0|      |20220603|20220603|0603|2022-06-14 07:03:10
508521|0000000536730753              |20220603|091928|008|675|0|30300091|130010013|130759819|1|20220603|055938|8002426|20220603|094228|8001965|1|1250|0|      |20220603|20220603|0603|2022-06-14 07:03:10
508523|0000000516897349              |20220603|110946|007|676|0|30300068|130010006|130752036|1|20220603|093438|8002942|20220603|111710|8002994|1|1250|0|      |20220603|20220603|0603|2022-06-14 07:03:10
508525|0000000119162588              |20220603|121005|019|675|0|30300055|130010014|130753238|1|20220603|113316|8002339|20220603|122200|8001529|1|1250|0|      |20220603|20220603|0603|2022-06-14 07:03:10
508527|0000000101490412              |20220603|115305|028|675|0|30300078|130010008|130752168|1|20220603|105139|8002616|20220603|121421|8007270|1|1250|0|      |20220603|20220603|0603|2022-06-14 07:03:10
508529|0000000308071465              |20220603|162046|023|676|0|30300054|130010007|130759363|4|20220603|150429|8002976|20220603|162950|8001847|1|750|0|      |20220603|20220603|0603|2022-06-14 07:03:10
508936|0000000272467532              |20220603|173349|008|676|0|30300041|130010012|130753377|1|20220603|143709|8002648|20220603|174642|8001097|1|1250|0|      |20220603|20220603|0603|2022-06-14 07:03:10
508938|0000000280964724              |20220603|172312|022|675|0|30300065|130010004|130752267|1|20220603|122858|8005874|20220603|173744|8002728|1|1250|0|      |20220603|20220603|0603|2022-06-14 07:03:10
508940|0000000093646169              |20220603|164645|020|676|0|30300037|130010006|130752062|1|20220603|161302|8002311|20220603|171931|8002961|1|1250|0|      |20220603|20220603|0603|2022-06-14 07:03:10
508942|0000000298672175              |20220603|181910|022|675|0|30300065|130010004|130752229|1|20220603|174657|8001421|20220603|183307|8005872|1|1250|0|      |20220603|20220603|0603|2022-06-14 07:03:10
508944|0000000542033862              |20220603|182125|031|675|0|30300077|130010006|130752054|4|20220603|161607|8002628|20220603|182610|8001418|1|750|0|      |20220603|20220603|0603|2022-06-14 07:03:10
508946|0000000098444696              |20220603|184601|005|675|0|30300065|130010004|130752242|4|20220603|051704|8001420|20220603|190211|8005872|1|750|0|      |20220603|20220603|0603|2022-06-14 07:03:10
508948|0000000526759377              |20220603|060911|031|674|0|30300002|130010007|130759307|1|20220603|055920|8001963|20220603|061442|8002251|1|1250|0|      |20220603|20220603|0603|2022-06-14 07:03:10
508950|0000000540004671              |20220603|061253|030|675|0|30300064|130010015|130759642|1|20220603|060914|8002651|20220603|063741|8001094|1|1250|0|      |20220603|20220603|0603|2022-06-14 07:03:10
508952|0000000302171708              |20220603|061839|015|675|0|30300064|130010015|130759686|1|20220603|054426|8001527|20220603|062817|8001979|1|1250|0|      |20220603|20220603|0603|2022-06-14 07:03:10
508954|0000000126735345              |20220603|065425|015|674|0|30300002|130010007|130759318|1|20220603|063604|8002251|20220603|070046|8001418|1|1250|0|      |20220603|20220603|0603|2022-06-14 07:03:10
508956|0000000540657595              |20220603|072843|031|679|0|30300063|130010001|130759474|4|20220603|070641|8001111|20220603|073422|8001835|1|750|0|      |20220603|20220603|0603|2022-06-14 07:03:10
508958|0000000524293051              |20220603|074533|008|675|0|30300064|130010015|130759642|2|20220603|060914|8001358|20220603|075024|8001095|1|350|0|      |20220603|20220603|0603|2022-06-14 07:03:10
508960|0000000521769120              |20220603|124749|013|677|0|30300098|130010011|130759579|1|20220603|121549|8002130|20220603|130202|8002078|1|1250|0|      |20220603|20220603|0603|2022-06-14 07:03:10
508962|0000000139742347              |20220603|125243|021|681|0|30300042|130010009|130759121|1|20220603|115234|8001408|20220603|125755|8001413|1|1250|0|      |20220603|20220603|0603|2022-06-14 07:03:10
509369|0000000488397092              |20220603|202731|031|676|0|30300040|130010007|130759380|1|20220603|201006|8001096|20220603|203606|8007275|1|1250|0|      |20220603|20220603|0603|2022-06-14 07:03:10
509371|0000001118131572              |20220603|201715|017|676|0|30300069|130010001|130759405|1|20220603|200806|8001096|20220603|202223|8007370|1|1250|0|      |20220603|20220603|0603|2022-06-14 07:03:10
509373|0000000400156612              |20220603|202528|002|676|0|30300051|130010008|130752712|1|20220603|201724|8001096|20220603|204232|8002605|1|1250|0|      |20220603|20220603|0603|2022-06-14 07:03:10
509375|0000000400174017              |20220603|203733|031|676|0|30300037|130010006|130752005|1|20220603|201313|8001096|20220603|203930|8002312|1|1250|0|      |20220603|20220603|0603|2022-06-14 07:03:10
509377|0000000784935887              |20220603|203009|003|676|0|30300041|130010012|130753324|1|20220603|183656|8001096|20220603|204244|8001249|1|1250|0|      |20220603|20220603|0603|2022-06-14 07:03:10
509379|0000000698038245              |20220603|200949|020|676|0|30300051|130010008|130752100|1|20220603|200601|8001096|20220603|205027|8001028|1|1250|0|      |20220603|20220603|0603|2022-06-14 07:03:10
509381|0000000698312070              |20220603|210709|029|676|0|30300040|130010007|130759385|1|20220603|204742|8001096|20220603|211456|8002240|1|1250|0|      |20220603|20220603|0603|2022-06-14 07:03:10
509383|0000000781005828              |20220603|122448|029|675|0|30300075|130010005|130759226|1|20220603|115253|8001096|20220603|123644|8001421|1|1250|0|      |20220603|20220603|0603|2022-06-14 07:03:10
513212|0000000688954938              |20220603|211608|010|832|0|30300128|130710001|130759929|1|20220603|065535|3053004|20220603|212559|8007294|1|1700|0|      |20220603|20220603|0603|2022-06-14 07:03:10
513214|0000000798072790              |20220603|205555|015|675|0|30300065|130010004|130752268|1|20220603|204749|8005876|20220603|212418|8001348|1|1250|0|      |20220603|20220603|0603|2022-06-14 07:03:10
513216|0000000694933591              |20220603|210459|014|832|0|30300128|130710001|130759927|1|20220603|061016|3053004|20220603|214048|8007280|1|1700|300|      |20220603|20220603|0603|2022-06-14 07:03:10
513218|0000000400173317              |20220603|213137|008|675|0|30300066|130010015|130759607|1|20220603|212536|8005876|20220603|221326|8001484|1|1250|0|      |20220603|20220603|0603|2022-06-14 07:03:10
513220|0000000788999667              |20220603|054615|028|675|0|30300064|130010015|130759613|1|20220603|053826|8005876|20220603|060519|8002357|1|1250|0|      |20220603|20220603|0603|2022-06-14 07:03:10
513222|0000000693074726              |20220603|061944|021|832|0|30300128|130710001|130759921|1|20220603|055123|3053004|20220603|062949|8007294|1|1700|0|      |20220603|20220603|0603|2022-06-14 07:03:10
513224|0000000789294192              |20220603|061947|031|832|0|30300128|130710001|130759921|1|20220603|055123|3053004|20220603|065607|8007276|1|1700|300|      |20220603|20220603|0603|2022-06-14 07:03:10
513226|0000000694567431              |20220603|065832|004|675|0|30300084|130010001|130759753|1|20220603|065231|8005876|20220603|072451|8002633|1|1250|0|      |20220603|20220603|0603|2022-06-14 07:03:10
513660|0000000788045282              |20220603|171023|006|675|0|30300058|130010004|130752220|1|20220603|151920|8007270|20220603|173426|8001929|1|1250|0|      |20220603|20220603|0603|2022-06-14 07:03:10
513662|0000000692824963              |20220603|173402|006|675|0|30300082|130010001|130759776|1|20220603|170743|8002425|20220603|175111|8001929|1|1250|0|      |20220603|20220603|0603|2022-06-14 07:03:10
513664|0000000789258784              |20220603|181037|007|675|0|30300065|130010004|130752229|1|20220603|174657|8007270|20220603|181306|8001876|1|1250|0|      |20220603|20220603|0603|2022-06-14 07:03:10
513666|0000000400202680              |20220603|182025|007|676|0|30300087|130010015|130759633|1|20220603|165819|8002425|20220603|182225|8002758|1|1250|0|      |20220603|20220603|0603|2022-06-14 07:03:10
513668|0000000788513087              |20220603|181201|005|675|0|30300058|130010004|130752200|1|20220603|174009|8007270|20220603|181908|8001419|1|1250|0|      |20220603|20220603|0603|2022-06-14 07:03:10
513670|0000000788453381              |20220603|175232|005|675|0|30300059|130010004|130752204|1|20220603|174109|8002425|20220603|182156|8002600|1|1250|0|      |20220603|20220603|0603|2022-06-14 07:03:10
513672|0000000790501452              |20220603|230110|006|676|0|30300090|130010005|130759206|1|20220603|210537|8002425|20220603|231709|8005960|1|1250|0|      |20220603|20220603|0603|2022-06-14 07:03:10
513674|0000000487297069              |20220603|061226|007|675|0|30300078|130010008|130752166|1|20220603|053844|8007270|20220603|061442|8001419|1|1250|0|      |20220603|20220603|0603|2022-06-14 07:03:10
513676|0000000400145577              |20220603|064703|023|675|0|30300078|130010008|130752171|1|20220603|052140|8007270|20220603|065820|8002734|1|1250|0|      |20220603|20220603|0603|2022-06-14 07:03:10
513678|0000000785857908              |20220603|070422|017|676|0|30300040|130010007|130759364|4|20220603|064047|8002425|20220603|074225|8002894|1|750|0|      |20220603|20220603|0603|2022-06-14 07:03:10
513680|0000000694731575              |20220603|063325|008|675|0|30300079|130010009|130759128|1|20220603|061021|8002309|20220603|064424|8002631|1|1250|0|      |20220603|20220603|0603|2022-06-14 07:03:10
513682|0000000781652436              |20220603|074556|029|675|0|30300065|130010004|130752281|1|20220603|072507|8007270|20220603|075238|8001421|1|1250|0|      |20220603|20220603|0603|2022-06-14 07:03:10
513684|0000000789299847              |20220603|064342|006|675|0|30300062|130010008|130752133|1|20220603|062515|8002425|20220603|065817|8002795|1|1250|0|      |20220603|20220603|0603|2022-06-14 07:03:10
514091|0000000757453579              |20220603|182111|014|676|0|30300068|130010006|130752028|1|20220603|163351|8001541|20220603|183403|8002994|1|1250|0|      |20220603|20220603|0603|2022-06-14 07:03:10
514093|0000000661507598              |20220603|210734|010|676|0|30300071|130010009|130759139|1|20220603|125557|8007420|20220603|213441|8002758|1|1250|0|      |20220603|20220603|0603|2022-06-14 07:03:10
514095|0000000649402536              |20220603|064055|011|676|0|30300089|130010011|130759516|1|20220603|053521|8001634|20220603|064430|8001310|1|1250|0|      |20220603|20220603|0603|2022-06-14 07:03:10
514097|0000000761771261              |20220603|064319|014|676|0|30300086|130010013|130759829|1|20220603|055412|8001634|20220603|065640|8005542|1|1250|0|      |20220603|20220603|0603|2022-06-14 07:03:10
514099|0000000777988345              |20220603|065345|007|676|0|30300068|130010006|130752008|1|20220603|054242|8002753|20220603|071338|8002726|1|1250|0|      |20220603|20220603|0603|2022-06-14 07:03:10
514101|0000000900199624              |20220603|070621|011|676|0|30300086|130010013|130759823|1|20220603|055655|8001634|20220603|072339|8005953|1|1250|0|      |20220603|20220603|0603|2022-06-14 07:03:10
514103|0000000732912538              |20220603|074955|012|676|0|30300071|130010009|130759139|1|20220603|062043|8007420|20220603|081007|8001568|1|1250|0|      |20220603|20220603|0603|2022-06-14 07:03:10
514105|0000000736043948              |20220603|075500|022|676|0|30300086|130010013|130759879|1|20220603|053841|8001634|20220603|081413|8005896|1|1250|0|      |20220603|20220603|0603|2022-06-14 07:03:10
514107|0000000725989319              |20220603|072256|015|676|0|30300089|130010011|130759521|1|20220603|065930|8001634|20220603|082134|8002468|1|1250|0|      |20220603|20220603|0603|2022-06-14 07:03:10
514109|0000000669857231              |20220603|075955|010|676|0|30300089|130010011|130759519|1|20220603|072910|8001634|20220603|082835|8007030|1|1250|0|      |20220603|20220603|0603|2022-06-14 07:03:10
514111|0000000741504448              |20220603|082136|027|676|0|30300068|130010006|130752032|1|20220603|074921|8001541|20220603|083201|8002994|1|1250|0|      |20220603|20220603|0603|2022-06-14 07:03:10
514113|0000000658572284              |20220603|072909|031|676|0|30300068|130010006|130752009|1|20220603|051619|8002753|20220603|080411|8001097|1|1250|0|      |20220603|20220603|0603|2022-06-14 07:03:10
514115|0000000671395750              |20220603|080702|025|676|0|30300068|130010006|130752030|1|20220603|072516|8001541|20220603|083057|8002951|1|1250|0|      |20220603|20220603|0603|2022-06-14 07:03:10
514117|0000000740553825              |20220603|080354|009|676|0|30300068|130010006|130752032|1|20220603|074921|8002753|20220603|082139|8001541|1|1250|0|      |20220603|20220603|0603|2022-06-14 07:03:10
514524|0000000772946384              |20220603|163531|003|676|0|30300086|130010013|130759806|1|20220603|141645|8001478|20220603|164707|8001631|1|1250|0|      |20220603|20220603|0603|2022-06-14 07:03:10
514526|0000000774927709              |20220603|161356|003|676|0|30300071|130010009|130759180|1|20220603|110857|8002890|20220603|163438|8001568|1|1250|0|      |20220603|20220603|0603|2022-06-14 07:03:10
514574|0000000754631721              |20220603|085411|013|676|0|30300088|130010002|130752361|1|20220603|081031|8002890|20220603|091738|8001168|1|1250|0|      |20220603|20220603|0603|2022-06-14 07:03:10
514576|0000000903352406              |20220603|091116|011|676|0|30300089|130010011|130759502|1|20220603|063105|8001478|20220603|094906|8002531|1|1250|0|      |20220603|20220603|0603|2022-06-14 07:03:10
514983|0000000678099710              |20220603|194416|022|675|0|30300058|130010004|130752293|1|20220603|153208|8002241|20220603|194703|8001407|1|1250|0|      |20220603|20220603|0603|2022-06-14 07:03:10
514985|0000000655908317              |20220603|194601|018|675|0|30300055|130010014|130753234|1|20220603|182643|8005646|20220603|194730|8001539|1|1250|0|      |20220603|20220603|0603|2022-06-14 07:03:10
514987|0000000753803711              |20220603|200204|013|675|0|30300055|130010014|130753250|1|20220603|144607|8005646|20220603|201020|8002685|1|1250|0|      |20220603|20220603|0603|2022-06-14 07:03:10
514989|0000000743522579              |20220603|200520|013|676|0|30300040|130010007|130759343|1|20220603|191951|8002241|20220603|200728|8001407|1|1250|0|      |20220603|20220603|0603|2022-06-14 07:03:10
514991|0000000742072717              |20220603|203700|001|675|0|30300061|130010015|130759617|1|20220603|195257|8005646|20220603|203938|8002878|1|1250|0|      |20220603|20220603|0603|2022-06-14 07:03:10
514993|0000000647805384              |20220603|120322|005|675|0|30300091|130010013|130759816|1|20220603|101309|8002241|20220603|122651|8002209|1|1250|0|      |20220603|20220603|0603|2022-06-14 07:03:10
514995|0000000742099050              |20220603|122841|014|675|0|30300082|130010001|130759709|1|20220603|115032|8005646|20220603|123519|8005923|1|1250|0|      |20220603|20220603|0603|2022-06-14 07:03:10
514997|0000000722169240              |20220603|125156|003|675|0|30300144|130010012|130753382|1|20220603|053147|8001936|20220603|130811|8002995|1|1250|0|      |20220603|20220603|0603|2022-06-14 07:03:10
514999|0000000740917714              |20220603|132352|001|676|0|30300040|130010007|130759343|1|20220603|123727|8002241|20220603|134320|8001401|1|1250|0|      |20220603|20220603|0603|2022-06-14 07:03:10
515001|0000000729020824              |20220603|133626|025|675|0|30300055|130010014|130753268|1|20220603|122836|8005646|20220603|134421|8001354|1|1250|0|      |20220603|20220603|0603|2022-06-14 07:03:10
515003|0000000711948621              |20220603|095731|024|675|0|30300081|130010011|130759572|1|20220603|094608|8001987|20220603|100100|8002912|1|1250|0|      |20220603|20220603|0603|2022-06-14 07:03:10
515005|0000000903715291              |20220603|101234|008|675|0|30300058|130010004|130752200|1|20220603|091643|8007273|20220603|101805|8001407|1|1250|0|      |20220603|20220603|0603|2022-06-14 07:03:10
515007|0000000773934247              |20220603|103841|012|675|0|30300079|130010009|130759134|1|20220603|102111|8002313|20220603|105054|8002454|1|1250|0|      |20220603|20220603|0603|2022-06-14 07:03:10
515414|0000000520346990              |20220603|081447|012|676|0|30300038|130010014|130753501|1|20220603|075549|8002392|20220603|081810|8001774|1|1250|0|      |20220603|20220603|0603|2022-06-14 07:03:10
515416|0000000520181649              |20220603|092304|003|675|0|30300065|130010004|130752277|1|20220603|085901|8005870|20220603|092657|8002570|1|1250|0|      |20220603|20220603|0603|2022-06-14 07:03:10
515418|0000000124331150              |20220603|094954|031|679|0|30300063|130010001|130759719|1|20220603|091814|8001964|20220603|095351|8002457|1|1250|0|      |20220603|20220603|0603|2022-06-14 07:03:10
515420|0000000531716674              |20220603|100427|016|675|0|30300064|130010015|130759635|1|20220603|093018|8002482|20220603|100717|8001527|1|1250|0|      |20220603|20220603|0603|2022-06-14 07:03:10
515422|0000000095510338              |20220603|092632|008|675|0|30300055|130010014|130753216|1|20220603|080719|8001663|20220603|092839|8002926|1|1250|0|      |20220603|20220603|0603|2022-06-14 07:03:10
515424|0000000316406460              |20220603|103331|025|676|0|30300037|130010006|130752044|1|20220603|054040|8002340|20220603|104421|8001096|1|1250|0|      |20220603|20220603|0603|2022-06-14 07:03:10
515426|0000000510441414              |20220603|105210|005|676|0|30300089|130010011|130759526|1|20220603|071108|8001314|20220603|110651|8002134|1|1250|0|      |20220603|20220603|0603|2022-06-14 07:03:10
515428|0000000541352450              |20220603|110510|007|675|0|30300080|130010009|130759103|1|20220603|095437|8001993|20220603|111401|8003054|1|1250|0|      |20220603|20220603|0603|2022-06-14 07:03:10
515430|0000000115003400              |20220603|121024|003|675|0|30300081|130010011|130759515|1|20220603|114233|8002616|20220603|123721|8001058|1|1250|0|      |20220603|20220603|0603|2022-06-14 07:03:10
515432|0000000545807272              |20220603|223242|027|675|0|30300050|130010007|130759309|1|20220603|220313|8002398|20220603|223806|8002960|1|1250|0|      |20220603|20220603|0603|2022-06-14 07:03:10
515434|0000000270548195              |20220603|225155|013|674|0|30300100|130010002|130752367|1|20220603|224420|8001529|20220603|231925|8002352|1|1250|0|      |20220603|20220603|0603|2022-06-14 07:03:10
515436|0000000099188029              |20220603|155652|019|675|0|30300084|130010001|130759760|4|20220603|152440|8001400|20220603|164930|8001254|1|750|0|      |20220603|20220603|0603|2022-06-14 07:03:10
515438|0000000120234711              |20220603|165611|010|675|0|30300055|130010014|130753229|1|20220603|163715|8002927|20220603|165933|8001538|1|1250|0|      |20220603|20220603|0603|2022-06-14 07:03:10
515440|0000000171758333              |20220603|170953|005|675|0|30300082|130010001|130759776|1|20220603|170743|8005950|20220603|172115|8002559|1|1250|0|      |20220603|20220603|0603|2022-06-14 07:03:10
515847|0000000535112542              |20220603|210345|009|675|0|30300056|130010012|130753317|1|20220603|134915|8001812|20220603|212902|8001084|1|1250|0|      |20220603|20220603|0603|2022-06-14 07:03:10
515849|0000000303448286              |20220603|222646|002|676|0|30300041|130010012|130753316|4|20220603|204434|8001534|20220603|223422|8002649|1|750|0|      |20220603|20220603|0603|2022-06-14 07:03:10
515851|0000000545583556              |20220603|185650|028|675|0|30300091|130010013|130759821|1|20220603|180304|8002612|20220603|191850|8001464|1|1250|0|      |20220603|20220603|0603|2022-06-14 07:03:10
515853|0000000521367155              |20220603|191930|029|675|0|30300079|130010009|130759173|1|20220603|182310|8002311|20220603|192942|8001536|1|1250|0|      |20220603|20220603|0603|2022-06-14 07:03:10
515855|0000000126737172              |20220603|192139|023|676|0|30300089|130010011|130759526|1|20220603|141818|8001418|20220603|193621|8002703|1|1250|0|      |20220603|20220603|0603|2022-06-14 07:03:10
515857|0000000099747321              |20220603|194629|027|676|0|30300041|130010012|130753305|1|20220603|135150|8002969|20220603|200404|8002850|1|1250|0|      |20220603|20220603|0603|2022-06-14 07:03:10
515859|0000000303136494              |20220603|071845|017|680|0|30300052|130010006|130752003|1|20220603|062431|8001940|20220603|072756|8002629|1|1250|0|      |20220603|20220603|0603|2022-06-14 07:03:10
515861|0000000546590333              |20220603|073547|027|676|0|30300054|130010007|130759381|4|20220603|072546|8001200|20220603|073825|8002909|1|750|0|      |20220603|20220603|0603|2022-06-14 07:03:10
515020|0000000754799382              |20220603|142748|004|675|0|30300058|130010004|130752251|1|20220603|133115|8007273|20220603|144545|8001553|1|1250|0|      |20220603|20220603|0603|2022-06-14 07:03:10
515022|0000000712443886              |20220603|150054|012|676|0|30300088|130010006|130752006|1|20220603|144038|8001968|20220603|151800|8002092|1|1250|0|      |20220603|20220603|0603|2022-06-14 07:03:10
515024|0000000673545814              |20220603|154041|022|675|0|30300091|130010013|130759816|1|20220603|134429|8007273|20220603|155610|8002426|1|1250|0|      |20220603|20220603|0603|2022-06-14 07:03:10
515026|0000000725790010              |20220603|153937|026|675|0|30300081|130010011|130759533|1|20220603|152351|8001987|20220603|160950|8002969|1|1250|0|      |20220603|20220603|0603|2022-06-14 07:03:10
515028|0000000766155307              |20220603|162749|018|675|0|30300081|130010011|130759571|1|20220603|161510|8001987|20220603|164147|8002616|1|1250|0|      |20220603|20220603|0603|2022-06-14 07:03:10
515030|0000000743470448              |20220603|153941|025|675|0|30300081|130010011|130759533|1|20220603|152351|8001987|20220603|164050|8001263|1|1250|0|      |20220603|20220603|0603|2022-06-14 07:03:10
515032|0000000900920525              |20220603|171625|017|675|0|30300078|130010008|130752172|1|20220603|163656|8007273|20220603|173505|8001532|1|1250|0|      |20220603|20220603|0603|2022-06-14 07:03:10
515034|0000000745122667              |20220603|174018|018|676|0|30300037|130010006|130752044|1|20220603|164150|8002313|20220603|174130|8002316|1|1250|0|      |20220603|20220603|0603|2022-06-14 07:03:10
515441|0000000546698634              |20220603|165639|005|676|0|30300038|130010014|130753501|4|20220603|163227|8001703|20220603|170253|8001596|1|750|0|      |20220603|20220603|0603|2022-06-14 07:03:10
515443|0000000092825806              |20220603|172347|002|676|0|30300068|130010006|130759025|1|20220603|100833|8002779|20220603|174220|8001097|1|1250|0|      |20220603|20220603|0603|2022-06-14 07:03:10
515445|0000000526435510              |20220603|181605|024|676|0|30300070|130010004|130752238|1|20220603|164707|8002754|20220603|182128|8002184|1|1250|0|      |20220603|20220603|0603|2022-06-14 07:03:10
515447|0000000536244178              |20220603|182012|012|679|0|30300063|130010001|130759719|4|20220603|171037|8001090|20220603|183106|8002951|1|750|0|      |20220603|20220603|0603|2022-06-14 07:03:10
515449|0000000544013319              |20220603|182337|003|675|0|30300055|130010014|130753268|1|20220603|173524|8002635|20220603|183646|8001445|1|1250|0|      |20220603|20220603|0603|2022-06-14 07:03:10
515451|0000000540004389              |20220603|055114|022|676|0|30300037|130010006|130752035|1|20220603|053744|8001443|20220603|061812|8002558|1|1250|0|      |20220603|20220603|0603|2022-06-14 07:03:10
515453|0000000516971054              |20220603|072829|026|676|0|30300072|130010001|130759711|4|20220602|125218|8002607|20220603|073312|8002899|1|750|0|      |20220603|20220603|0603|2022-06-14 07:03:10
515455|0000000510441292              |20220603|063549|009|676|0|30300089|130010011|130759529|1|20220603|054758|8002556|20220603|065329|8002208|1|1250|0|      |20220603|20220603|0603|2022-06-14 07:03:10
515457|0000000530042377              |20220603|070437|015|675|0|30300095|130010005|130759210|1|20220603|065321|8001287|20220603|072136|8001250|1|1250|0|      |20220603|20220603|0603|2022-06-14 07:03:10
515459|0000000298676154              |20220603|122415|012|680|0|30300018|130010004|130752236|1|20220603|060707|8002624|20220603|124045|8002351|1|1250|0|      |20220603|20220603|0603|2022-06-14 07:03:10
515461|0000000171904921              |20220603|125704|024|675|0|30300065|130010004|130752277|1|20220603|120935|8003054|20220603|131003|8002902|1|1250|0|      |20220603|20220603|0603|2022-06-14 07:03:10
515463|0000000527521384              |20220603|120055|027|674|0|30300100|130010002|130752348|1|20220603|115435|8001915|20220603|121207|8002547|1|1250|0|      |20220603|20220603|0603|2022-06-14 07:03:10
515465|0000000532833367              |20220603|115751|009|676|0|30300088|130010002|130752338|4|20220603|113407|8002909|20220603|123050|8002742|1|750|0|      |20220603|20220603|0603|2022-06-14 07:03:10
515467|0000000546561127              |20220603|122814|027|676|0|30300072|130010001|130759711|4|20220603|122146|8002305|20220603|124335|8001412|1|750|0|      |20220603|20220603|0603|2022-06-14 07:03:10
515874|0000000546639491              |20220603|100602|028|676|0|30300051|130010008|130752128|1|20220603|100454|9007010|20220603|103305|8001929|1|1250|0|      |20220603|20220603|0603|2022-06-14 07:03:10
515876|0000000131058694              |20220603|101531|010|676|0|30300131|130010008|130752700|1|20220603|093508|8007364|20220603|101848|8001914|1|1250|0|      |20220603|20220603|0603|2022-06-14 07:03:10
515878|0000000303138584              |20220603|102534|019|676|0|30300043|130010015|130759683|1|20220603|100234|8001963|20220603|103618|8002887|1|1250|0|      |20220603|20220603|0603|2022-06-14 07:03:10
515880|0000000505360663              |20220603|105427|003|676|0|30300041|130010012|130753310|1|20220603|101316|8002088|20220603|111550|8001097|1|1250|0|      |20220603|20220603|0603|2022-06-14 07:03:10
515882|0000000530498151              |20220603|110527|004|675|0|30300067|130010001|130759701|1|20220603|103335|8002466|20220603|112103|8002648|1|1250|0|      |20220603|20220603|0603|2022-06-14 07:03:10
515884|0000000543582138              |20220603|223936|009|676|0|30300072|130010001|130759420|4|20220603|214658|8001993|20220603|225003|8002487|1|750|0|      |20220603|20220603|0603|2022-06-14 07:03:10
515886|0000000533263483              |20220603|160717|026|675|0|30300065|130010004|130752229|4|20220603|154408|8007017|20220603|161846|8001345|1|750|0|      |20220603|20220603|0603|2022-06-14 07:03:10
515888|0000000534048800              |20220603|163158|010|680|0|30300052|130010002|130752323|1|20220603|153216|8001492|20220603|165424|8002995|1|1250|0|      |20220603|20220603|0603|2022-06-14 07:03:10
515890|0000000521766994              |20220603|164753|004|675|0|30300091|130010013|130759876|1|20220603|160627|8001722|20220603|171546|8001419|1|1250|0|      |20220603|20220603|0603|2022-06-14 07:03:10
515892|0000000305391141              |20220603|155023|028|676|0|30300038|130010014|130753247|4|20220603|154706|8002920|20220603|173103|8001553|1|750|0|      |20220603|20220603|0603|2022-06-14 07:03:10
515894|0000000544685883              |20220603|174352|016|676|0|30300089|130010011|130759512|1|20220603|150451|8002969|20220603|180321|8001923|1|1250|0|      |20220603|20220603|0603|2022-06-14 07:03:10
515896|0000000539056131              |20220603|180226|005|674|0|30300002|130010007|130759318|4|20220603|154420|8001789|20220603|180548|8002981|1|750|0|      |20220603|20220603|0603|2022-06-14 07:03:10
515898|0000000535174827              |20220603|172046|002|675|0|30300050|130010007|130759370|1|20220603|170345|8002531|20220603|180106|8002721|1|1250|0|      |20220603|20220603|0603|2022-06-14 07:03:10
516322|0000000635642515              |20220603|220903|026|674|1|30300002|130010007|130759322|1|20220603|204557|8002743|~       |      |~      |1|0|0|      |20220603|~       |0603|2022-06-14 07:03:10
516324|0000000748214376              |20220603|220509|006|674|0|30300002|130010007|130759335|1|20220603|215116|8003020|~       |      |~      |1|1250|0|      |20220603|~       |0603|2022-06-14 07:03:10
515059|0000000777932049              |20220603|065120|001|675|0|30300079|130010009|130759129|1|20220603|063744|8002313|20220603|071059|8002888|1|1250|0|      |20220603|20220603|0603|2022-06-14 07:03:10
515061|0000000714551942              |20220603|075528|019|675|0|30300091|130010013|130759821|1|20220603|074207|8001968|20220603|081155|8002093|1|1250|0|      |20220603|20220603|0603|2022-06-14 07:03:10
515468|0000000505354914              |20220603|132345|020|675|0|30300049|130010004|130752286|1|20220603|120404|8002803|20220603|132954|8001791|1|1250|0|      |20220603|20220603|0603|2022-06-14 07:03:10
515470|0000000300704113              |20220603|135601|012|675|0|30300048|130010006|130752060|1|20220603|131139|8002409|20220603|142117|8002381|1|1250|0|      |20220603|20220603|0603|2022-06-14 07:03:10
515472|0000000305434004              |20220603|134951|024|675|0|30300091|130010013|130759805|1|20220603|131317|8002219|20220603|135830|8002906|1|1250|0|      |20220603|20220603|0603|2022-06-14 07:03:10
515474|0000000539968815              |20220603|142312|017|676|0|30300089|130010011|130759529|1|20220603|130253|8007549|20220603|143139|8002468|1|1250|0|      |20220603|20220603|0603|2022-06-14 07:03:10
515476|0000000509277496              |20220603|135150|011|676|0|30300087|130010015|130759614|1|20220603|131342|8001380|20220603|141453|8001458|1|1250|0|      |20220603|20220603|0603|2022-06-14 07:03:10
515478|0000000509471156              |20220603|145617|009|676|0|30300051|130010008|130752106|1|20220603|132941|8001489|20220603|151604|8002629|1|1250|0|      |20220603|20220603|0603|2022-06-14 07:03:10
515480|0000000110490139              |20220603|140839|007|675|0|30300060|130010014|130753245|1|20220603|044200|8002705|20220603|144303|8002279|1|1250|0|      |20220603|20220603|0603|2022-06-14 07:03:10
515482|0000000124328918              |20220603|145448|009|675|0|30300064|130010015|130759603|1|20220603|144755|8002652|20220603|153323|8001832|1|1250|0|      |20220603|20220603|0603|2022-06-14 07:03:10
515484|0000000303138530              |20220603|153603|015|675|0|30300058|130010004|130752291|1|20220603|145231|8001418|20220603|154209|8007271|1|1250|0|      |20220603|20220603|0603|2022-06-14 07:03:10
515486|0000000546239623              |20220603|160217|013|675|0|30300080|130010009|130759182|4|20220603|151758|8001987|20220603|161004|8002465|1|750|0|      |20220603|20220603|0603|2022-06-14 07:03:10
515488|0000000515815869              |20220603|160254|025|675|0|30300059|130010004|130752274|1|20220603|154508|8001542|20220603|161055|8001355|1|1250|0|      |20220603|20220603|0603|2022-06-14 07:03:10
515490|0000000536055702              |20220603|160948|017|676|0|30300038|130010014|130753246|4|20220603|153219|8003044|20220603|161514|8002914|1|750|0|      |20220603|20220603|0603|2022-06-14 07:03:10
515492|0000000544013559              |20220603|161951|017|675|0|30300060|130010014|130753223|2|20220603|161157|8001280|20220603|163050|8002705|1|350|0|      |20220603|20220603|0603|2022-06-14 07:03:10
515494|0000000535578779              |20220603|211316|001|674|0|30300100|130010002|130752359|4|20220603|203320|8002629|20220603|211514|8001413|1|750|0|      |20220603|20220603|0603|2022-06-14 07:03:10
515901|0000000516898237              |20220603|173617|028|676|0|30300093|130010004|130752223|1|20220603|144857|8001374|20220603|181159|8002943|1|1250|0|      |20220603|20220603|0603|2022-06-14 07:03:10
515903|0000000534671511              |20220603|175807|014|675|0|30300078|130010008|130752171|1|20220603|173506|8007278|20220603|180608|8001876|1|1250|0|      |20220603|20220603|0603|2022-06-14 07:03:10
515905|0000000532599969              |20220603|180244|012|675|0|30300058|130010004|130752266|4|20220603|171841|8001647|20220603|184346|8001553|1|750|0|      |20220603|20220603|0603|2022-06-14 07:03:10
515907|0000000305214468              |20220603|185000|024|675|0|30300058|130010004|130752251|1|20220603|170246|8007274|20220603|190045|8001528|1|1250|0|      |20220603|20220603|0603|2022-06-14 07:03:10
515909|0000000539967233              |20220603|061847|014|674|0|30300100|130010002|130752382|1|20220603|052359|8001935|20220603|062549|8002119|1|1250|0|      |20220603|20220603|0603|2022-06-14 07:03:10
515911|0000000541908476              |20220603|064208|014|676|0|30300087|130010008|130752155|4|20220603|061830|8002258|20220603|070935|8002159|1|750|0|      |20220603|20220603|0603|2022-06-14 07:03:10
515913|0000000547508583              |20220603|071554|016|679|0|30300063|130010001|130759773|4|20220603|065313|8002481|20220603|071808|8001660|1|750|0|      |20220603|20220603|0603|2022-06-14 07:03:10
515915|0000000533843878              |20220603|121422|004|676|0|30300054|130010007|130759358|1|20220603|120754|8001827|20220603|124123|8002814|1|1250|0|      |20220603|20220603|0603|2022-06-14 07:03:10
515917|0000000540002766              |20220603|124002|014|675|0|30300077|130010006|130759018|1|20220603|115326|8002995|20220603|125938|8001032|1|1250|0|      |20220603|20220603|0603|2022-06-14 07:03:10
515919|0000000171760940              |20220603|135507|008|675|0|30300062|130010008|130752703|1|20220603|133513|8001922|20220603|140332|8006006|1|1250|0|      |20220603|20220603|0603|2022-06-14 07:03:10
515921|0000000517185245              |20220603|123128|015|674|0|30300002|130010007|130759326|1|20220603|112938|8002132|20220603|123504|8001631|1|1250|0|      |20220603|20220603|0603|2022-06-14 07:03:10
515923|0000000124321260              |20220603|131206|015|676|0|30300070|130010004|130752603|1|20220603|123938|8002796|20220603|132838|8002729|1|1250|0|      |20220603|20220603|0603|2022-06-14 07:03:10
515925|0000000102455219              |20220603|132310|022|675|0|30300053|130010002|130752387|1|20220603|124036|8002966|20220603|134800|8001567|1|1250|0|      |20220603|20220603|0603|2022-06-14 07:03:10
516353|0000000725739841              |20220603|083513|023|675|0|30300045|130010006|130752012|1|20220603|052012|8001956|~       |      |~      |1|1250|0|      |20220603|~       |0603|2022-06-14 07:03:10
516355|0000000614178927              |20220603|085133|006|675|0|30300101|130010002|130752309|1|20220603|084030|8001156|~       |      |~      |1|1250|0|      |20220603|~       |0603|2022-06-14 07:03:10
516357|0000000651050937              |20220603|091044|025|675|0|30300101|130010002|130752332|1|20220603|085826|8001785|~       |      |~      |1|1250|0|      |20220603|~       |0603|2022-06-14 07:03:10
516359|0000000747947038              |20220603|093440|020|674|0|30300002|130010007|130759304|1|20220603|083702|8001474|~       |      |~      |1|1250|0|      |20220603|~       |0603|2022-06-14 07:03:10
516361|0000000747593329              |20220603|100130|009|675|0|30300101|130010002|130752326|1|20220603|093740|8007326|~       |      |~      |1|1250|0|      |20220603|~       |0603|2022-06-14 07:03:10
516363|0000000728732598              |20220603|182827|008|675|0|30300101|130010002|130752325|4|20220603|175626|8001755|~       |      |~      |2|1500|0|      |20220603|~       |0603|2022-06-14 07:03:10
516365|0000000904552816              |20220603|183530|002|674|0|30300002|130010007|130759313|1|20220603|172942|8002139|~       |      |~      |1|1250|0|      |20220603|~       |0603|2022-06-14 07:03:10
516367|0000000717119136              |20220603|190115|018|674|0|30300002|130010007|130759313|1|20220603|172942|8002911|~       |      |~      |1|1250|0|      |20220603|~       |0603|2022-06-14 07:03:10
