SERIAL_NO|CARD_NO|GETON_YMD|GETON_TM|TRANSACTION_ID|TR_MEANS_TYPE|TRANSF_CNT|BUS_ROUTE_ID|BUS_CO_ID|BUS_CAR_ID|USR_TYPE|DRVN_START_YMD|DRVN_START_TM|GETON_BUS_STTN_ID|GETOFF_YMD|GETOFF_TM|GETOFF_BUS_STTN_ID|YSR_CNT|GETON_PAY|GETOFF_PAY|DRVR_ID|GETON_CALC_YMD|GETOFF_CALC_YMD|ETL_TYPE|ETL_DATE
523513|0000000525793604              |20220520|143713|004|675|0|30300084|130010001|130759785|4|20220520|132416|8002038|20220520|144146|8002465|1|750|0|      |20220520|20220520|0603|2022-05-31 16:06:16
523515|0000000319487477              |20220520|145447|013|676|0|30300054|130010007|130759351|4|20220520|141033|8002452|20220520|145831|8002161|1|750|0|      |20220520|20220520|0603|2022-05-31 16:06:16
523517|0000000543688010              |20220520|141226|015|676|0|30300089|130010011|130759576|4|20220520|132015|8002556|20220520|152224|8002134|1|750|0|      |20220520|20220520|0603|2022-05-31 16:06:16
523519|0000000533165606              |20220520|153603|009|675|0|30300146|130010008|130752711|4|20220520|145035|8007178|20220520|153959|8007503|1|750|0|      |20220520|20220520|0603|2022-05-31 16:06:16
523521|0000000536735087              |20220520|220513|006|676|0|30300041|130010012|130753377|1|20220520|135651|8001076|20220520|221102|8002088|1|1250|0|      |20220520|20220520|0603|2022-05-31 16:06:16
523523|0000000546623754              |20220520|190107|029|676|0|30300089|130010011|130759576|1|20220520|155702|8002969|20220520|191607|8002206|1|1250|0|      |20220520|20220520|0603|2022-05-31 16:06:16
523525|0000000531265240              |20220520|190954|016|676|0|30300070|130010004|130752603|1|20220520|170919|8002296|20220520|192407|8002454|1|1250|0|      |20220520|20220520|0603|2022-05-31 16:06:16
523959|0000000521111255              |20220520|164219|009|676|1|30300087|130010008|130752141|1|20220520|160436|8002453|20220520|164551|8002088|1|0|0|      |20220520|20220520|0603|2022-05-31 16:06:16
523961|0000000529951377              |20220520|171112|007|676|1|30300037|130010006|130752002|1|20220520|155459|8002411|20220520|173300|8002921|1|0|0|      |20220520|20220520|0603|2022-05-31 16:06:16
523963|0000000139714397              |20220520|175401|018|676|2|30300090|130010005|130759218|1|20220520|164607|8002411|20220520|180120|8007556|1|0|0|      |20220520|20220520|0603|2022-05-31 16:06:16
523965|0000000524340717              |20220520|222706|020|676|1|30300041|130010012|130753321|1|20220520|192035|8002411|20220520|223723|9001641|1|0|0|      |20220520|20220520|0603|2022-05-31 16:06:16
523967|0000000533801514              |20220520|222747|026|676|1|30300130|130010008|130752148|1|20220520|215850|8002437|20220520|223527|8002340|1|0|0|      |20220520|20220520|0603|2022-05-31 16:06:16
523969|0000000516479685              |20220520|072425|029|676|1|30300054|130010007|130759381|1|20220520|064954|8002453|20220520|075814|8001793|1|0|0|      |20220520|20220520|0603|2022-05-31 16:06:16
523971|0000000513166755              |20220520|075527|001|674|1|30300100|130010002|130752348|1|20220520|064916|8001348|20220520|080934|8001929|1|0|0|      |20220520|20220520|0603|2022-05-31 16:06:16
523973|0000000536722047              |20220520|114952|029|676|1|30300038|130010014|130753501|1|20220520|112315|8001348|20220520|121600|8002793|1|0|0|      |20220520|20220520|0603|2022-05-31 16:06:16
523975|0000000279288766              |20220520|131534|028|676|1|30300054|130010007|130759354|1|20220520|054737|8002453|20220520|135207|8001793|1|0|0|      |20220520|20220520|0603|2022-05-31 16:06:16
523977|0000000294238877              |20220520|144942|008|675|2|30300077|130010006|130752034|1|20220520|141322|8001929|20220520|151342|8001589|1|0|0|      |20220520|20220520|0603|2022-05-31 16:06:16
523979|0000000270699945              |20220520|153725|009|675|1|30300055|130010014|130753249|1|20220520|142842|8001929|20220520|154841|8001663|1|0|0|      |20220520|20220520|0603|2022-05-31 16:06:16
523981|0000000177476156              |20220520|215916|009|676|1|30300072|130010001|130759421|1|20220520|202045|8002453|20220520|220426|8001575|1|0|0|      |20220520|20220520|0603|2022-05-31 16:06:16
523983|0000000545944717              |20220520|215113|008|674|1|30300100|130010002|130752397|1|20220520|210305|8001348|20220520|222429|8001158|1|0|0|      |20220520|20220520|0603|2022-05-31 16:06:16
523985|0000000536743480              |20220520|182659|022|675|1|30300045|130010006|130752048|1|20220520|174044|8002721|20220520|185131|8002142|1|0|0|      |20220520|20220520|0603|2022-05-31 16:06:16
524392|0000000131152397              |20220520|184913|020|675|1|30300081|130010011|130759502|1|20220520|165105|8002088|20220520|191047|8002426|1|0|0|      |20220520|20220520|0603|2022-05-31 16:06:16
524394|0000000506818737              |20220520|194944|001|675|1|30300048|130010006|130752069|1|20220520|191436|8001681|20220520|195656|8007542|1|0|0|      |20220520|20220520|0603|2022-05-31 16:06:16
524396|0000000525280166              |20220520|202541|001|676|1|30300041|130010012|130753324|1|20220520|194029|8002088|20220520|204242|8002994|1|0|0|      |20220520|20220520|0603|2022-05-31 16:06:16
524398|0000000528336116              |20220520|152245|005|676|1|30300088|130010002|130752338|1|20220520|145125|8002402|20220520|155531|8001305|1|0|0|      |20220520|20220520|0603|2022-05-31 16:06:16
524400|0000000170817137              |20220520|161658|013|675|1|30300056|130010012|130753317|1|20220520|135100|8002402|20220520|165112|8001707|1|0|0|      |20220520|20220520|0603|2022-05-31 16:06:16
524402|0000000521994861              |20220520|163613|017|676|1|30300036|130010011|130759503|1|20220520|162321|8001681|20220520|170327|8002721|1|0|0|      |20220520|20220520|0603|2022-05-31 16:06:16
524404|0000000515674922              |20220520|165848|017|676|1|30300037|130010006|130752031|1|20220520|164141|8002402|20220520|172701|8001005|1|0|0|      |20220520|20220520|0603|2022-05-31 16:06:16
524406|0000000514763572              |20220520|181929|015|676|1|30300130|130010008|130752720|1|20220520|171828|8002824|20220520|182458|8002448|1|0|0|      |20220520|20220520|0603|2022-05-31 16:06:16
524408|0000000527907426              |20220520|175725|030|676|1|30300088|130010006|130752023|1|20220520|171842|8002402|20220520|183305|8001303|1|0|0|      |20220520|20220520|0603|2022-05-31 16:06:16
524410|0000000277146883              |20220520|084351|017|676|2|30300070|130010004|130752205|1|20220520|065127|8002816|20220520|085025|8002296|1|0|0|      |20220520|20220520|0603|2022-05-31 16:06:16
524412|0000000170893092              |20220520|095816|028|676|1|30300051|130010008|130752132|1|20220520|090930|8001940|20220520|102259|8001097|1|0|0|      |20220520|20220520|0603|2022-05-31 16:06:16
530597|0000000531162174              |20220520|154901|014|675|0|30300055|130010014|130753269|1|20220520|150157|8002339|20220520|155217|8001348|1|1250|0|      |20220520|20220520|0603|2022-05-31 16:06:16
530599|0000000545683187              |20220520|160825|023|676|0|30300070|130010004|130752228|4|20220520|152654|8001869|20220520|163059|8002620|1|750|0|      |20220520|20220520|0603|2022-05-31 16:06:16
530601|0000000301548642              |20220520|163613|013|676|0|30300054|130010007|130759383|1|20220520|155933|8001325|20220520|165000|8002452|1|1250|0|      |20220520|20220520|0603|2022-05-31 16:06:16
530603|0000000536768075              |20220520|170558|002|675|0|30300053|130010002|130752319|4|20220520|165847|8006006|20220520|173422|8002119|1|750|0|      |20220520|20220520|0603|2022-05-31 16:06:16
530605|0000000504872080              |20220520|181619|028|675|0|30300080|130010009|130759172|1|20220520|160443|8001549|20220520|182601|8002464|1|1250|0|      |20220520|20220520|0603|2022-05-31 16:06:16
530607|0000000536920752              |20220520|175820|022|675|0|30300049|130010004|130752264|1|20220520|171345|8002966|20220520|181549|8001903|1|1250|0|      |20220520|20220520|0603|2022-05-31 16:06:16
531657|0000000906728925              |20220520|081758|008|675|1|30300062|130010008|130752721|1|20220520|080944|8001102|~       |      |~      |1|150|0|      |20220520|~       |0603|2022-05-31 16:06:16
531659|0000000649068979              |20220520|083746|003|675|0|30300084|130010001|130759418|1|20220520|081611|8001364|~       |      |~      |1|1250|0|      |20220520|~       |0603|2022-05-31 16:06:16
531661|0000000763258231              |20220520|091420|017|676|1|30300073|130010009|130759122|4|20220520|085611|8001102|~       |      |~      |1|100|0|      |20220520|~       |0603|2022-05-31 16:06:16
531663|0000000648363571              |20220520|093729|027|675|0|30300149|130810001|130753618|1|20220520|091825|8001102|~       |      |~      |1|1250|0|      |20220520|~       |0603|2022-05-31 16:06:16
531665|0000000753250636              |20220520|172515|016|675|0|30300062|130010008|130752721|1|20220520|171121|8001102|~       |      |~      |1|1250|0|      |20220520|~       |0603|2022-05-31 16:06:16
531667|0000000650330835              |20220520|174349|010|679|0|30300063|130010001|130759774|1|20220520|165623|8001364|~       |      |~      |1|1250|0|      |20220520|~       |0603|2022-05-31 16:06:16
531669|0000000441853852              |20220520|181015|031|676|0|30300043|130010015|130759640|1|20220520|162127|8001364|~       |      |~      |1|1250|0|      |20220520|~       |0603|2022-05-31 16:06:16
531671|0000000903552672              |20220520|185644|007|676|0|30300054|130010007|130759376|1|20220520|182138|8001102|~       |      |~      |2|2500|0|      |20220520|~       |0603|2022-05-31 16:06:16
531673|0000000768560286              |20220520|185955|029|675|0|30300058|130010004|130752291|4|20220520|185140|8005895|~       |      |~      |1|750|0|      |20220520|~       |0603|2022-05-31 16:06:16
531675|0000000756809747              |20220520|125059|011|675|0|30300058|130010004|130752295|1|20220520|055628|8005895|~       |      |~      |1|1250|0|      |20220520|~       |0603|2022-05-31 16:06:16
531677|0000000673822662              |20220520|214749|002|675|0|30300058|130010004|130752288|1|20220520|202257|8005895|~       |      |~      |2|2500|0|      |20220520|~       |0603|2022-05-31 16:06:16
531679|0000000760068195              |20220520|161841|012|675|0|30300066|130010015|130759687|4|20220520|160124|8001364|~       |      |~      |1|750|0|      |20220520|~       |0603|2022-05-31 16:06:16
531681|0000000763700273              |20220520|170029|016|675|0|30300058|130010004|130752202|1|20220520|165054|8005895|~       |      |~      |1|1250|0|      |20220520|~       |0603|2022-05-31 16:06:16
531683|0000000626740044              |20220520|073920|005|676|0|30300131|130010008|130752722|1|20220520|073019|8007363|~       |      |~      |1|1250|0|      |20220520|~       |0603|2022-05-31 16:06:16
531685|0000000765994412              |20220520|081457|012|675|0|30300058|130010004|130752290|1|20220520|064648|8005895|~       |      |~      |1|1250|0|      |20220520|~       |0603|2022-05-31 16:06:16
531867|0000000747263990              |20220520|194616|007|676|0|30300131|130010008|130752707|1|20220520|194215|8005856|~       |      |~      |1|1250|0|      |20220520|~       |0603|2022-05-31 16:06:16
531869|0000000748439254              |20220520|203622|008|676|0|30300072|130010001|130759435|1|20220520|200544|8002039|~       |      |~      |1|1250|0|      |20220520|~       |0603|2022-05-31 16:06:16
531871|0000000903920415              |20220520|114523|001|675|0|30300078|130010008|130752168|1|20220520|103233|8001635|~       |      |~      |1|1250|0|      |20220520|~       |0603|2022-05-31 16:06:16
531873|0000000746615814              |20220520|161949|014|675|1|30300080|130010009|130759172|1|20220520|160443|8002039|~       |      |~      |1|0|0|      |20220520|~       |0603|2022-05-31 16:06:16
531875|0000000648182942              |20220520|162614|020|675|0|30300101|130010002|130752320|1|20220520|161740|8005856|~       |      |~      |1|1250|0|      |20220520|~       |0603|2022-05-31 16:06:16
531877|0000000738923543              |20220520|073755|018|675|0|30300078|130010008|130752172|1|20220520|073221|8001635|~       |      |~      |1|1250|0|      |20220520|~       |0603|2022-05-31 16:06:16
531879|0000000730402006              |20220520|074258|030|676|0|30300086|130010013|130759801|1|20220520|060807|8002039|~       |      |~      |1|1250|0|      |20220520|~       |0603|2022-05-31 16:06:16
531881|0000000743441196              |20220520|075902|004|676|0|30300086|130010013|130759823|1|20220520|061331|8002039|~       |      |~      |1|1250|0|      |20220520|~       |0603|2022-05-31 16:06:16
531883|0000000779060345              |20220520|081218|010|674|0|30300104|130010002|130752303|1|20220520|080759|8070010|~       |      |~      |1|1250|0|      |20220520|~       |0603|2022-05-31 16:06:16
531885|0000000733184086              |20220520|082339|005|676|0|30300070|130010004|130752224|1|20220520|074209|8002796|~       |      |~      |1|1250|0|      |20220520|~       |0603|2022-05-31 16:06:16
531887|0000000719531794              |20220520|083429|023|676|0|30300070|130010004|130752226|1|20220520|060337|8002796|~       |      |~      |1|1250|0|      |20220520|~       |0603|2022-05-31 16:06:16
531889|0000000776812422              |20220520|093500|005|674|0|30300104|130010002|130752341|1|20220520|090656|8005997|~       |      |~      |1|1250|0|      |20220520|~       |0603|2022-05-31 16:06:16
531891|0000000665288263              |20220520|175017|016|674|0|30300104|130010002|130752355|1|20220520|150947|8005997|~       |      |~      |1|1250|0|      |20220520|~       |0603|2022-05-31 16:06:16
531893|0000000911263876              |20220520|180223|008|675|0|30300061|130010015|130759691|1|20220520|171417|8002796|~       |      |~      |1|1250|0|      |20220520|~       |0603|2022-05-31 16:06:16
531895|0000000655392074              |20220520|190808|020|674|0|30300104|130010002|130752303|1|20220520|183823|8005997|~       |      |~      |1|1250|0|      |20220520|~       |0603|2022-05-31 16:06:16
532096|0000000770971456              |20220520|223332|030|675|0|30300067|130010001|130759412|1|20220520|223007|8001649|20220520|234055|8001832|1|1250|0|      |20220520|20220520|0603|2022-05-31 16:06:16
509251|0000000535439316              |20220520|133052|001|676|0|30300088|130010002|130752356|1|20220520|132616|8002134|20220520|143212|8002960|1|1250|0|      |20220520|20220520|0603|2022-05-31 16:06:16
509253|0000000544780049              |20220520|155258|001|676|0|30300088|130010002|130752511|1|20220520|154803|8002134|20220520|155940|8001631|1|1250|0|      |20220520|20220520|0603|2022-05-31 16:06:16
509255|0000000523535697              |20220520|213015|001|676|0|30300037|130010006|130752037|1|20220520|203722|8001097|20220520|213828|8002345|1|1250|0|      |20220520|20220520|0603|2022-05-31 16:06:16
509257|0000000127601659              |20220520|215457|001|674|0|30300002|130010007|130759329|1|20220520|205835|8002134|20220520|220947|8001793|1|1250|0|      |20220520|20220520|0603|2022-05-31 16:06:16
509259|0000000318512119              |20220520|191527|001|676|0|30300088|130010006|130752023|1|20220520|171842|8002134|20220520|193857|8001556|1|1250|0|      |20220520|20220520|0603|2022-05-31 16:06:16
509261|0000000293216027              |20220520|194358|001|674|0|30300002|130010007|130759307|1|20220520|184840|8002134|20220520|195655|8001283|1|1250|0|      |20220520|20220520|0603|2022-05-31 16:06:16
509263|0000000545633342              |20220520|161223|001|677|0|30300035|130010009|130759119|1|20220520|150439|8002134|20220520|162227|8002092|1|1250|0|      |20220520|20220520|0603|2022-05-31 16:06:16
509265|0000000519630442              |20220520|162914|001|674|0|30300002|130010007|130759318|4|20220520|152113|8002134|20220520|164356|8002911|1|750|0|      |20220520|20220520|0603|2022-05-31 16:06:16
509267|0000000511027178              |20220520|171114|001|676|0|30300037|130010006|130752050|1|20220520|160927|8001097|20220520|172244|8002339|1|1250|0|      |20220520|20220520|0603|2022-05-31 16:06:16
509269|0000000530084787              |20220520|172721|001|676|0|30300088|130010002|130752356|1|20220520|152538|8002134|20220520|175230|8001585|1|1250|0|      |20220520|20220520|0603|2022-05-31 16:06:16
509676|0000000756174941              |20220520|153120|031|675|0|30300101|130010002|130752332|1|20220520|140543|8001368|20220520|155334|8001083|1|1250|0|      |20220520|20220520|0603|2022-05-31 16:06:16
509678|0000000743778604              |20220520|164051|008|675|0|30300053|130010002|130752387|1|20220520|154903|8002542|20220520|164741|8002106|1|1250|0|      |20220520|20220520|0603|2022-05-31 16:06:16
509680|0000000918230155              |20220520|072723|015|675|0|30300058|130010004|130752247|1|20220520|050025|8001419|20220520|073546|8002605|1|1250|0|      |20220520|20220520|0603|2022-05-31 16:06:16
509682|0000000623754443              |20220520|135901|016|675|0|30300047|130010001|130759718|1|20220520|123634|8002411|20220520|141803|8070018|1|1250|0|      |20220520|20220520|0603|2022-05-31 16:06:16
509684|0000000465114054              |20220520|134525|004|675|0|30300081|130010011|130759511|1|20220520|125022|8002615|20220520|135032|8001889|1|1250|0|      |20220520|20220520|0603|2022-05-31 16:06:16
509686|0000000742199113              |20220520|071932|002|675|0|30300081|130010011|130759515|1|20220520|055206|8001060|20220520|075628|8001889|1|1250|0|      |20220520|20220520|0603|2022-05-31 16:06:16
509688|0000000766524515              |20220520|080431|005|675|0|30300077|130010006|130752070|1|20220520|075113|8001708|20220520|082823|8002603|1|1250|0|      |20220520|20220520|0603|2022-05-31 16:06:16
509690|0000000905856562              |20220520|091031|003|675|0|30300047|130010001|130759702|1|20220520|084354|8070017|20220520|092331|8002118|1|1250|0|      |20220520|20220520|0603|2022-05-31 16:06:16
509692|0000000744974194              |20220520|174042|019|675|0|30300077|130010006|130759015|1|20220520|174000|8001803|20220520|175907|8001038|1|1250|0|      |20220520|20220520|0603|2022-05-31 16:06:16
509694|0000000744899647              |20220520|180744|019|675|0|30300081|130010011|130759570|1|20220520|060730|8002217|20220520|182547|8002969|1|1250|0|      |20220520|20220520|0603|2022-05-31 16:06:16
509696|0000000633125750              |20220520|182558|012|675|0|30300077|130010006|130752018|1|20220520|180429|8001495|20220520|183955|8001927|1|1250|0|      |20220520|20220520|0603|2022-05-31 16:06:16
509698|0000000743733740              |20220520|191310|016|675|0|30300047|130010001|130759436|1|20220520|185638|8002721|20220520|195146|8001484|1|1250|0|      |20220520|20220520|0603|2022-05-31 16:06:16
509700|0000000622734418              |20220520|125336|008|675|0|30300077|130010006|130759018|1|20220520|121029|8001490|20220520|130126|8001257|1|1250|0|      |20220520|20220520|0603|2022-05-31 16:06:16
510107|0000000661774817              |20220520|195814|010|679|0|30300063|130010001|130759787|1|20220520|192941|8001876|20220520|200648|8002483|1|1250|0|      |20220520|20220520|0603|2022-05-31 16:06:16
510109|0000000725735602              |20220520|102135|003|675|0|30300055|130010014|130753204|1|20220520|095427|8002733|20220520|102900|8002627|1|1250|0|      |20220520|20220520|0603|2022-05-31 16:06:16
510111|0000000714058363              |20220520|111344|014|674|0|30300002|130010007|130759322|1|20220520|102952|8001430|20220520|113602|8005994|1|1250|0|      |20220520|20220520|0603|2022-05-31 16:06:16
510113|0000000629597908              |20220520|115010|023|674|0|30300002|130010007|130759326|1|20220520|110338|8002609|20220520|121352|8002252|1|1250|0|      |20220520|20220520|0603|2022-05-31 16:06:16
510115|0000000706049098              |20220520|161333|016|674|0|30300002|130010007|130759312|1|20220520|150943|8001242|20220520|161905|8002132|1|1250|0|      |20220520|20220520|0603|2022-05-31 16:06:16
510117|0000000903215325              |20220520|163334|023|679|0|30300063|130010001|130759787|1|20220520|153602|8002634|20220520|164651|8002981|1|1250|0|      |20220520|20220520|0603|2022-05-31 16:06:16
510119|0000000671595898              |20220520|065539|026|674|0|30300002|130010007|130759304|1|20220520|055513|8002134|20220520|071214|8002910|1|1250|0|      |20220520|20220520|0603|2022-05-31 16:06:16
510121|0000000725366693              |20220520|075159|007|674|0|30300002|130010007|130759324|1|20220520|065657|8001721|20220520|075515|8002880|1|1250|0|      |20220520|20220520|0603|2022-05-31 16:06:16
510123|0000000464859062              |20220520|142620|014|675|0|30300101|130010002|130752325|1|20220520|125629|8002978|20220520|143155|8002542|1|1250|0|      |20220520|20220520|0603|2022-05-31 16:06:16
510125|0000000773533801              |20220520|075233|007|675|0|30300058|130010004|130752288|1|20220520|063114|8001553|20220520|080606|8002608|1|1250|0|      |20220520|20220520|0603|2022-05-31 16:06:16
510127|0000000741248921              |20220520|084403|004|675|0|30300081|130010011|130759533|1|20220520|083112|8002038|20220520|092046|8002159|1|1250|0|      |20220520|20220520|0603|2022-05-31 16:06:16
510129|0000000673904771              |20220520|090030|014|675|0|30300101|130010002|130752332|1|20220520|083956|8001029|20220520|093108|8002453|1|1250|0|      |20220520|20220520|0603|2022-05-31 16:06:16
510131|0000000911372855              |20220520|091019|014|675|0|30300081|130010011|130759570|1|20220520|060730|8001262|20220520|093535|8002088|1|1250|0|      |20220520|20220520|0603|2022-05-31 16:06:16
510133|0000000761743845              |20220520|164308|029|675|0|30300079|130010009|130759111|1|20220520|150239|8001668|20220520|170520|8002995|1|1250|0|      |20220520|20220520|0603|2022-05-31 16:06:16
514002|0000000535310504              |20220520|165010|022|674|1|30300100|130010002|130752383|1|20220520|155551|8001412|20220520|173007|8001916|1|0|0|      |20220520|20220520|0603|2022-05-31 16:06:16
514004|0000000546579783              |20220520|184019|008|675|1|30300079|130010009|130759173|1|20220520|182323|8001488|20220520|185055|8002723|1|0|0|      |20220520|20220520|0603|2022-05-31 16:06:16
514006|0000000545428342              |20220520|232030|017|676|1|30300072|130010001|130759714|1|20220520|222626|8001349|20220520|232151|8002340|1|0|0|      |20220520|20220520|0603|2022-05-31 16:06:16
514008|0000000527192709              |20220520|061522|011|674|1|30300002|130010007|130759332|1|20220520|054615|8001097|20220520|063843|8001242|1|0|0|      |20220520|20220520|0603|2022-05-31 16:06:16
514010|0000000545307314              |20220520|072918|026|675|1|30300066|130010015|130759682|1|20220520|063115|8001851|20220520|073806|8002174|1|0|0|      |20220520|20220520|0603|2022-05-31 16:06:16
514012|0000000536470134              |20220520|070319|031|675|1|30300080|130010009|130759182|1|20220520|052143|8001418|20220520|072534|8002362|1|0|0|      |20220520|20220520|0603|2022-05-31 16:06:16
514014|0000000533994687              |20220520|090155|011|675|1|30300081|130010011|130759533|1|20220520|083112|8002100|20220520|092750|8001057|1|0|0|      |20220520|20220520|0603|2022-05-31 16:06:16
514016|0000000542477584              |20220520|084949|026|676|1|30300043|130010015|130759601|1|20220520|081731|8002887|20220520|085347|8001404|1|0|0|      |20220520|20220520|0603|2022-05-31 16:06:16
514018|0000000541100344              |20220520|105308|006|676|2|30300041|130010012|130753313|1|20220520|093851|8001773|20220520|110428|9001641|1|0|0|      |20220520|20220520|0603|2022-05-31 16:06:16
514020|0000000541100344              |20220520|113413|006|676|3|30300090|130010005|130759209|1|20220520|064727|8001641|20220520|114752|8002412|1|0|0|      |20220520|20220520|0603|2022-05-31 16:06:16
514427|0000000539967365              |20220520|221302|012|674|1|30300002|130010007|130759314|1|20220520|211206|8001419|20220520|222243|8001789|1|0|0|      |20220520|20220520|0603|2022-05-31 16:06:16
514429|0000000541428785              |20220520|185037|015|674|1|30300002|130010007|130759315|1|20220520|171750|8001419|20220520|190411|8001789|1|0|0|      |20220520|20220520|0603|2022-05-31 16:06:16
514431|0000000545307282              |20220520|194411|021|674|1|30300002|130010007|130759325|1|20220520|183341|8001419|20220520|195249|8002252|1|0|0|      |20220520|20220520|0603|2022-05-31 16:06:16
514433|0000000540346895              |20220520|164424|030|675|1|30300095|130010005|130759202|1|20220520|164137|8001493|20220520|165114|8001755|1|0|0|      |20220520|20220520|0603|2022-05-31 16:06:16
514435|0000000535235729              |20220520|172944|030|674|1|30300002|130010007|130759308|1|20220520|161015|8001419|20220520|174747|8002981|1|0|0|      |20220520|20220520|0603|2022-05-31 16:06:16
514437|0000000515982428              |20220520|182957|026|675|1|30300045|130010006|130752047|1|20220520|182803|8001493|20220520|183634|8001731|1|0|0|      |20220520|20220520|0603|2022-05-31 16:06:16
514439|0000000301548890              |20220520|070736|011|675|1|30300062|130010008|130752162|1|20220520|062723|8002453|20220520|072325|8001329|1|0|0|      |20220520|20220520|0603|2022-05-31 16:06:16
514441|0000000504573046              |20220520|074913|020|675|1|30300062|130010008|130752721|1|20220520|070343|8002453|20220520|080855|8001318|1|0|0|      |20220520|20220520|0603|2022-05-31 16:06:16
514443|0000000303150932              |20220520|083134|008|674|1|30300002|130010007|130759335|1|20220520|071457|8001419|20220520|084345|8002743|1|0|0|      |20220520|20220520|0603|2022-05-31 16:06:16
514445|0000000312250665              |20220520|084452|028|675|1|30300058|130010004|130752291|1|20220520|065612|8001419|20220520|084612|8001528|1|0|0|      |20220520|20220520|0603|2022-05-31 16:06:16
514447|0000000302033723              |20220520|092312|011|675|1|30300060|130010014|130753504|1|20220520|082928|8002453|20220520|092903|8002088|1|0|0|      |20220520|20220520|0603|2022-05-31 16:06:16
514449|0000000540667350              |20220520|091938|025|676|1|30300071|130010009|130759144|1|20220520|062936|8002453|20220520|092728|8001923|1|0|0|      |20220520|20220520|0603|2022-05-31 16:06:16
514451|0000000503991259              |20220520|093927|005|676|1|30300054|130010007|130759353|1|20220520|090127|8002453|20220520|100832|8001586|1|0|0|      |20220520|20220520|0603|2022-05-31 16:06:16
514453|0000000293242810              |20220520|111425|012|676|1|30300072|130010001|130759435|1|20220520|092530|8002453|20220520|112136|8001576|1|0|0|      |20220520|20220520|0603|2022-05-31 16:06:16
514860|0000000531716998              |20220520|173147|001|680|1|30300052|130010002|130752323|1|20220520|171651|8001420|20220520|175805|8001715|1|0|0|      |20220520|20220520|0603|2022-05-31 16:06:16
514862|0000000531846738              |20220520|171354|028|682|1|30300030|130010014|130753605|1|20220520|165530|8001420|20220520|175924|8002124|1|0|0|      |20220520|20220520|0603|2022-05-31 16:06:16
514864|0000000546664391              |20220520|221832|005|675|1|30300075|130010005|130759227|1|20220520|214450|8001420|20220520|223019|8002299|1|0|0|      |20220520|20220520|0603|2022-05-31 16:06:16
514866|0000000118969195              |20220520|064600|007|679|1|30300063|130010001|130759474|1|20220520|062041|8002634|20220520|072518|8002698|1|0|0|      |20220520|20220520|0603|2022-05-31 16:06:16
514868|0000000536243671              |20220520|064606|029|679|2|30300063|130010001|130759474|1|20220520|062041|8002634|20220520|072405|8001863|1|0|0|      |20220520|20220520|0603|2022-05-31 16:06:16
514870|0000000534828653              |20220520|075329|001|676|1|30300090|130010005|130759207|1|20220520|054410|8002235|20220520|080303|8001744|1|0|0|      |20220520|20220520|0603|2022-05-31 16:06:16
514872|0000000171359732              |20220520|080943|029|676|2|30300037|130010006|130759012|1|20220520|072919|8002235|20220520|081728|8002315|1|0|0|      |20220520|20220520|0603|2022-05-31 16:06:16
514874|0000000306360678              |20220520|091014|003|679|1|30300063|130010001|130759487|1|20220520|084803|8002634|20220520|091255|8002356|1|0|0|      |20220520|20220520|0603|2022-05-31 16:06:16
514876|0000000545307308              |20220520|095823|008|676|1|30300087|130010015|130759610|1|20220520|085747|8002235|20220520|102345|8001474|1|0|0|      |20220520|20220520|0603|2022-05-31 16:06:16
514878|0000000522649403              |20220520|095318|012|679|2|30300063|130010001|130759787|1|20220520|092946|8002634|20220520|101044|8002255|1|0|0|      |20220520|20220520|0603|2022-05-31 16:06:16
514880|0000000531845941              |20220520|105431|013|676|1|30300073|130010009|130759183|1|20220520|101647|8002235|20220520|111031|8002634|1|0|0|      |20220520|20220520|0603|2022-05-31 16:06:16
514882|0000000542470917              |20220520|120325|024|676|2|30300072|130010001|130759431|1|20220520|095720|8002235|20220520|121638|8001035|1|0|0|      |20220520|20220520|0603|2022-05-31 16:06:16
514884|0000000542477367              |20220520|113702|017|676|2|30300072|130010001|130759421|1|20220520|110907|8002235|20220520|114556|8002987|1|0|0|      |20220520|20220520|0603|2022-05-31 16:06:16
520844|0000000163055736              |20220520|081211|020|675|0|30300059|130010004|130752204|1|20220520|052520|8001928|20220520|083231|8001847|1|1250|0|      |20220520|20220520|0603|2022-05-31 16:06:16
521251|0000000505357260              |20220520|061052|029|676|0|30300086|130010013|130759827|1|20220520|055304|8003022|20220520|062309|8002465|1|1250|0|      |20220520|20220520|0603|2022-05-31 16:06:16
521253|0000000520876003              |20220520|064441|012|675|0|30300058|130010004|130752295|4|20220520|055628|8007272|20220520|065202|8002630|1|750|0|      |20220520|20220520|0603|2022-05-31 16:06:16
521255|0000000547515777              |20220520|071131|029|676|0|30300089|130010011|130759519|4|20220520|064303|8001634|20220520|072927|8002640|1|750|0|      |20220520|20220520|0603|2022-05-31 16:06:16
521257|0000000534672251              |20220520|071615|027|676|0|30300088|130010002|130752371|1|20220520|070010|8001579|20220520|073335|8001169|1|1250|0|      |20220520|20220520|0603|2022-05-31 16:06:16
521259|0000000518837556              |20220520|075755|013|675|0|30300065|130010004|130752281|1|20220520|073030|8005870|20220520|081325|8001418|1|1250|0|      |20220520|20220520|0603|2022-05-31 16:06:16
521261|0000000517937448              |20220520|091226|005|675|0|30300083|130010001|130759775|1|20220520|081102|8002287|20220520|091922|8002823|1|1250|0|      |20220520|20220520|0603|2022-05-31 16:06:16
521263|0000000541870872              |20220520|081357|030|675|0|30300075|130010005|130759221|4|20220520|071749|8002287|20220520|081849|8002826|1|750|0|      |20220520|20220520|0603|2022-05-31 16:06:16
521265|0000000544805672              |20220520|091300|021|676|0|30300043|130010015|130759630|1|20220520|085232|8002980|20220520|092706|8001747|1|1250|0|      |20220520|20220520|0603|2022-05-31 16:06:16
521267|0000000545789058              |20220520|104152|003|676|0|30300130|130010008|130752146|4|20220520|101624|8002305|20220520|105619|8001527|1|750|0|      |20220520|20220520|0603|2022-05-31 16:06:16
521269|0000000546571108              |20220520|112151|006|675|0|30300075|130010005|130759264|4|20220520|091917|8002986|20220520|112445|8002608|1|750|0|      |20220520|20220520|0603|2022-05-31 16:06:16
521271|0000000542265299              |20220520|125246|027|676|0|30300041|130010012|130753316|1|20220520|104258|8001400|20220520|130859|8002649|1|1250|0|      |20220520|20220520|0603|2022-05-31 16:06:16
521273|0000000546571179              |20220520|133904|011|676|0|30300088|130010002|130752361|4|20220520|120624|8002891|20220520|134052|8002131|1|750|0|      |20220520|20220520|0603|2022-05-31 16:06:16
521275|0000000532633194              |20220520|135000|012|675|0|30300101|130010002|130752326|1|20220520|131206|8002831|20220520|140028|8002453|1|1250|0|      |20220520|20220520|0603|2022-05-31 16:06:16
521682|0000000758259199              |20220520|064152|025|676|0|30300041|130010012|130753370|1|20220520|061538|8001287|20220520|072357|8001499|1|1250|0|      |20220520|20220520|0603|2022-05-31 16:06:16
521684|0000000619574883              |20220520|072923|026|676|0|30300041|130010012|130753334|1|20220520|055931|8001500|20220520|081035|8002969|1|1250|0|      |20220520|20220520|0603|2022-05-31 16:06:16
521686|0000000767707891              |20220520|141318|010|674|0|30300002|130010007|130759320|1|20220520|135243|8001230|20220520|150249|8001419|1|1250|0|      |20220520|20220520|0603|2022-05-31 16:06:16
521688|0000000750654230              |20220520|080125|015|674|0|30300002|130010007|130759307|1|20220520|071450|8001536|20220520|081639|8001474|1|1250|0|      |20220520|20220520|0603|2022-05-31 16:06:16
521690|0000000752205045              |20220520|082319|005|674|0|30300002|130010007|130759323|1|20220520|081916|8002254|20220520|085717|8002611|1|1250|0|      |20220520|20220520|0603|2022-05-31 16:06:16
521692|0000000774369054              |20220520|084049|012|675|0|30300055|130010014|130753512|1|20220520|080554|8002346|20220520|091245|8002734|1|1250|0|      |20220520|20220520|0603|2022-05-31 16:06:16
521694|0000000769221868              |20220520|092400|030|675|0|30300091|130010013|130759876|1|20220520|070030|8002946|20220520|093417|8002465|1|1250|0|      |20220520|20220520|0603|2022-05-31 16:06:16
521696|0000000640851612              |20220520|173219|011|675|0|30300091|130010013|130759819|1|20220520|165427|8002464|20220520|174323|8001516|1|1250|0|      |20220520|20220520|0603|2022-05-31 16:06:16
521698|0000000743768249              |20220520|181428|018|674|0|30300002|130010007|130759329|1|20220520|170409|8002139|20220520|184448|8002911|1|1250|0|      |20220520|20220520|0603|2022-05-31 16:06:16
521700|0000000900077368              |20220520|184617|020|674|0|30300002|130010007|130759307|1|20220520|165430|8002833|20220520|191343|8001097|1|1250|0|      |20220520|20220520|0603|2022-05-31 16:06:16
521702|0000000725008797              |20220520|185104|021|675|0|30300053|130010002|130752377|1|20220520|165526|8001494|20220520|191222|8001217|1|1250|0|      |20220520|20220520|0603|2022-05-31 16:06:16
521704|0000000637446843              |20220520|120310|016|675|0|30300055|130010014|130753229|1|20220520|115803|8001437|20220520|122423|8002733|1|1250|0|      |20220520|20220520|0603|2022-05-31 16:06:16
521706|0000000446344913              |20220520|114944|018|675|0|30300091|130010013|130759805|1|20220520|113723|8002847|20220520|123142|8001085|1|1250|0|      |20220520|20220520|0603|2022-05-31 16:06:16
521708|0000000726182371              |20220520|122741|018|675|0|30300049|130010004|130752232|1|20220520|065033|8001356|20220520|133256|8005554|1|1250|0|      |20220520|20220520|0603|2022-05-31 16:06:16
522115|0000000763183702              |20220520|144704|021|675|0|30300127|130010004|130752245|1|20220520|143055|8002351|20220520|145552|8007396|1|1250|0|      |20220520|20220520|0603|2022-05-31 16:06:16
522117|0000000903844446              |20220520|144458|021|675|0|30300060|130010014|130753262|1|20220520|123345|8001954|20220520|144922|8001716|1|1250|0|      |20220520|20220520|0603|2022-05-31 16:06:16
522119|0000000722754412              |20220520|080612|024|675|0|30300045|130010006|130752048|1|20220520|074443|8001132|20220520|082521|8005921|1|1250|0|      |20220520|20220520|0603|2022-05-31 16:06:16
522121|0000000761071046              |20220520|083244|029|675|0|30300145|130010014|130753600|1|20220520|072314|8002955|20220520|084059|8001196|1|1250|0|      |20220520|20220520|0603|2022-05-31 16:06:16
522123|0000000771085909              |20220520|081848|001|675|0|30300059|130010004|130752246|1|20220520|081201|8001857|20220520|083235|8002723|1|1250|0|      |20220520|20220520|0603|2022-05-31 16:06:16
522125|0000000742426988              |20220520|082000|023|675|0|30300059|130010004|130752246|1|20220520|081201|8001846|20220520|084225|8001540|1|1250|0|      |20220520|20220520|0603|2022-05-31 16:06:16
522127|0000000644552242              |20220520|084025|023|675|0|30300096|130010006|130752026|1|20220520|081958|8001232|20220520|085838|8002885|1|1250|0|      |20220520|20220520|0603|2022-05-31 16:06:16
522129|0000000745139081              |20220520|083050|007|676|0|30300037|130010006|130752005|1|20220520|081404|8001443|20220520|090739|8002378|1|1250|0|      |20220520|20220520|0603|2022-05-31 16:06:16
522131|0000000917989470              |20220520|095942|013|675|0|30300048|130010006|130752067|1|20220520|094932|8002381|20220520|101132|8001056|1|1250|0|      |20220520|20220520|0603|2022-05-31 16:06:16
530180|0000000300701593              |20220520|112937|002|674|0|30300100|130010002|130752345|1|20220520|112105|8001412|20220520|115126|8001493|1|1250|0|      |20220520|20220520|0603|2022-05-31 16:06:16
530182|0000000536247711              |20220520|123452|008|676|0|30300087|130010008|130752151|1|20220520|060829|8001237|20220520|123933|8002279|1|1250|0|      |20220520|20220520|0603|2022-05-31 16:06:16
530184|0000000504754689              |20220520|142410|024|675|0|30300056|130010012|130753319|1|20220520|130810|8070007|20220520|142447|8005916|1|1250|0|      |20220520|20220520|0603|2022-05-31 16:06:16
530186|0000000303134465              |20220520|151013|005|675|0|30300049|130010004|130752237|1|20220520|144526|8002596|20220520|154028|8001263|1|1250|0|      |20220520|20220520|0603|2022-05-31 16:06:16
530188|0000000097393275              |20220520|154226|015|676|0|30300051|130010008|130752101|1|20220520|150903|8002433|20220520|154746|8001715|1|1250|0|      |20220520|20220520|0603|2022-05-31 16:06:16
530190|0000000519646328              |20220520|154244|005|675|0|30300056|130010012|130753330|1|20220520|141817|8001491|20220520|154926|8002831|1|1250|0|      |20220520|20220520|0603|2022-05-31 16:06:16
530192|0000000171771429              |20220520|205930|013|675|0|30300096|130010006|130752065|1|20220520|201756|8001922|20220520|210454|8001576|1|1250|0|      |20220520|20220520|0603|2022-05-31 16:06:16
530194|0000000312544199              |20220520|214153|028|675|0|30300047|130010001|130759732|1|20220520|210936|8070011|20220520|215309|8005991|1|1250|0|      |20220520|20220520|0603|2022-05-31 16:06:16
530196|0000000304027387              |20220520|184354|018|676|0|30300087|130010015|130759641|1|20220520|174113|8002969|20220520|185716|8001587|1|1250|0|      |20220520|20220520|0603|2022-05-31 16:06:16
530198|0000000542942295              |20220520|182717|026|676|0|30300038|130010014|130753525|1|20220520|172015|8002228|20220520|185059|8001952|1|1250|0|      |20220520|20220520|0603|2022-05-31 16:06:16
530200|0000000260088707              |20220520|161916|003|675|0|30300049|130010004|130752216|4|20220520|153032|8001589|20220520|162150|8001060|1|750|0|      |20220520|20220520|0603|2022-05-31 16:06:16
530202|0000000516440005              |20220520|153631|005|676|0|30300087|130010015|130759636|1|20220520|151420|8001736|20220520|161648|8002235|1|1250|0|      |20220520|20220520|0603|2022-05-31 16:06:16
530609|0000000543088364              |20220520|224134|017|675|0|30300053|130010002|130752386|1|20220520|222501|8001118|20220520|230047|8001950|1|1250|0|      |20220520|20220520|0603|2022-05-31 16:06:16
530611|0000000299121781              |20220520|065527|014|676|0|30300072|130010001|130759429|1|20220520|063757|8001412|20220520|070047|8001970|1|1250|0|      |20220520|20220520|0603|2022-05-31 16:06:16
530613|0000000535590368              |20220520|070939|004|675|0|30300101|130010002|130752309|1|20220520|063435|8002831|20220520|072548|8002559|1|1250|0|      |20220520|20220520|0603|2022-05-31 16:06:16
530615|0000000297730566              |20220520|074033|001|676|0|30300087|130010008|130752141|4|20220520|073327|8002541|20220520|074311|8001199|1|750|0|      |20220520|20220520|0603|2022-05-31 16:06:16
530617|0000000542799141              |20220520|075956|010|675|0|30300083|130010001|130759478|4|20220520|071023|8002572|20220520|080624|8001790|1|750|0|      |20220520|20220520|0603|2022-05-31 16:06:16
530619|0000000515597097              |20220520|080942|015|675|0|30300101|130010002|130752325|1|20220520|072822|8001261|20220520|082205|8002814|1|1250|0|      |20220520|20220520|0603|2022-05-31 16:06:16
530621|0000000303135727              |20220520|074459|024|675|0|30300077|130010006|130759018|1|20220520|073845|8001784|20220520|081816|8001418|1|1250|0|      |20220520|20220520|0603|2022-05-31 16:06:16
530623|0000000528417474              |20220520|093608|004|675|0|30300050|130010007|130759309|1|20220520|091055|8003048|20220520|093905|8001182|1|1250|0|      |20220520|20220520|0603|2022-05-31 16:06:16
530625|0000000516646327              |20220520|092715|002|675|0|30300077|130010006|130752034|1|20220520|091907|8001256|20220520|095951|8001418|1|1250|0|      |20220520|20220520|0603|2022-05-31 16:06:16
530627|0000000519944809              |20220520|101700|019|675|0|30300077|130010006|130752013|4|20220520|100137|8001228|20220520|103145|8002605|1|750|0|      |20220520|20220520|0603|2022-05-31 16:06:16
530629|0000000544818146              |20220520|112942|018|675|0|30300095|130010005|130759210|1|20220520|112027|8002379|20220520|114246|8002702|1|1250|0|      |20220520|20220520|0603|2022-05-31 16:06:16
530631|0000000531746855              |20220520|125055|010|675|0|30300079|130010009|130759175|4|20220520|122100|8002032|20220520|130353|8002627|1|750|0|      |20220520|20220520|0603|2022-05-31 16:06:16
530633|0000000171765557              |20220520|130941|004|676|0|30300131|130010008|130752724|1|20220520|125732|8007283|20220520|131314|8001289|1|1250|0|      |20220520|20220520|0603|2022-05-31 16:06:16
530635|0000000532384455              |20220520|143946|028|675|0|30300053|130010002|130752319|4|20220520|135253|8001786|20220520|144437|8002352|1|750|0|      |20220520|20220520|0603|2022-05-31 16:06:16
531898|0000000756637341              |20220520|193347|027|674|0|30300104|130010002|130752355|1|20220520|150947|8070010|~       |      |~      |1|1250|0|      |20220520|~       |0603|2022-05-31 16:06:16
531900|0000000653980124              |20220520|214840|007|675|0|30300061|130010015|130759691|1|20220520|210639|8002796|~       |      |~      |1|1250|0|      |20220520|~       |0603|2022-05-31 16:06:16
531902|0000000753935211              |20220520|223930|001|676|0|30300070|130010004|130752201|1|20220520|144216|8002796|~       |      |~      |1|1250|0|      |20220520|~       |0603|2022-05-31 16:06:16
531904|0000000917917622              |20220520|210704|011|674|0|30300104|130010002|130752303|1|20220520|205951|8070010|~       |      |~      |1|1250|0|      |20220520|~       |0603|2022-05-31 16:06:16
531906|0000000727103251              |20220520|110722|028|674|1|30300104|130010002|130752314|1|20220520|110149|8070010|~       |      |~      |1|0|0|      |20220520|~       |0603|2022-05-31 16:06:16
531908|0000000761478669              |20220520|115853|024|674|0|30300104|130010002|130752507|1|20220520|113335|8005997|~       |      |~      |1|1250|0|      |20220520|~       |0603|2022-05-31 16:06:16
531910|0000000903383171              |20220520|155102|025|675|0|30300046|130010002|130752342|1|20220520|150721|8005997|~       |      |~      |1|1250|0|      |20220520|~       |0603|2022-05-31 16:06:16
531912|0000000900955849              |20220520|170115|030|675|0|30300061|130010015|130759645|1|20220520|161113|8002796|~       |      |~      |1|1250|0|      |20220520|~       |0603|2022-05-31 16:06:16
531914|0000000719098337              |20220520|223100|025|676|0|30300070|130010004|130752606|1|20220520|152735|8002796|~       |      |~      |1|1250|0|      |20220520|~       |0603|2022-05-31 16:06:16
531916|0000000755077489              |20220520|065759|026|674|0|30300002|130010007|130759307|1|20220520|054215|8001964|~       |      |~      |1|1250|0|      |20220520|~       |0603|2022-05-31 16:06:16
531918|0000000725725562              |20220520|074030|011|675|0|30300061|130010015|130759612|1|20220520|070646|8002796|~       |      |~      |1|1250|0|      |20220520|~       |0603|2022-05-31 16:06:16
511442|0000000766582022              |20220520|183249|008|681|0|30300042|130010009|130759151|1|20220520|182404|8001415|20220520|184227|8001624|1|1250|0|      |20220520|20220520|0603|2022-05-31 16:06:16
511444|0000000722760172              |20220520|185506|030|675|0|30300067|130010001|130759412|1|20220520|182320|8001252|20220520|190447|8002648|1|1250|0|      |20220520|20220520|0603|2022-05-31 16:06:16
511446|0000000900045184              |20220520|122036|014|675|0|30300064|130010015|130759686|1|20220520|060617|8001625|20220520|122931|8001414|1|1250|0|      |20220520|20220520|0603|2022-05-31 16:06:16
511448|0000000746332491              |20220520|124136|011|675|0|30300058|130010004|130752294|1|20220520|110448|8007272|20220520|124756|8001528|1|1250|0|      |20220520|20220520|0603|2022-05-31 16:06:16
511450|0000000720970319              |20220520|213631|029|675|0|30300091|130010013|130759816|1|20220520|195930|8001647|20220520|215105|8001086|1|1250|0|      |20220520|20220520|0603|2022-05-31 16:06:16
511452|0000000669053482              |20220520|204024|001|675|0|30300048|130010006|130752068|1|20220520|202219|8001078|20220520|204719|8001426|1|1250|0|      |20220520|20220520|0603|2022-05-31 16:06:16
511454|0000000655670687              |20220520|204805|025|675|0|30300058|130010004|130752257|1|20220520|201004|8001647|20220520|210408|8001086|1|1250|0|      |20220520|20220520|0603|2022-05-31 16:06:16
511456|0000000727382487              |20220520|103942|018|675|0|30300062|130010008|130752705|1|20220520|103415|8001330|20220520|104852|8001568|1|1250|0|      |20220520|20220520|0603|2022-05-31 16:06:16
511863|0000000625958018              |20220520|120526|006|675|0|30300066|130010015|130759675|1|20220520|115330|8001253|20220520|121604|8002980|1|1250|0|      |20220520|20220520|0603|2022-05-31 16:06:16
511865|0000000903354840              |20220520|152911|007|681|0|30300042|130010009|130759140|1|20220520|145400|8001074|20220520|154129|8002410|1|1250|0|      |20220520|20220520|0603|2022-05-31 16:06:16
511867|0000000733974145              |20220520|160509|018|675|0|30300096|130010006|130752071|1|20220520|141310|8002554|20220520|161107|8002935|1|1250|0|      |20220520|20220520|0603|2022-05-31 16:06:16
511869|0000000752814862              |20220520|161451|012|675|0|30300081|130010011|130759570|1|20220520|060730|8001378|20220520|162620|8002235|1|1250|0|      |20220520|20220520|0603|2022-05-31 16:06:16
511871|0000000769489315              |20220520|163715|023|675|0|30300091|130010013|130759816|1|20220520|162531|8001968|20220520|163834|8001241|1|1250|0|      |20220520|20220520|0603|2022-05-31 16:06:16
511873|0000000900418142              |20220520|170309|024|675|0|30300091|130010013|130759877|1|20220520|160703|8001516|20220520|172013|8001419|1|1250|0|      |20220520|20220520|0603|2022-05-31 16:06:16
511875|0000000736534599              |20220520|054747|022|675|0|30300081|130010011|130759533|1|20220520|053814|8001981|20220520|060524|8002075|1|1250|0|      |20220520|20220520|0603|2022-05-31 16:06:16
511877|0000000745191288              |20220520|070657|024|681|0|30300042|130010009|130759140|1|20220520|064730|8007541|20220520|071521|8001425|1|1250|0|      |20220520|20220520|0603|2022-05-31 16:06:16
511879|0000000777085952              |20220520|065412|008|675|0|30300079|130010009|130759120|1|20220520|064358|8001430|20220520|072204|8002888|1|1250|0|      |20220520|20220520|0603|2022-05-31 16:06:16
511881|0000000744896019              |20220520|073503|002|680|0|30300027|130010006|130752075|1|20220520|072621|8002826|20220520|075229|8001521|1|1250|0|      |20220520|20220520|0603|2022-05-31 16:06:16
511883|0000000769278622              |20220520|071149|012|675|0|30300078|130010008|130752165|1|20220520|065908|8001427|20220520|072032|8002100|1|1250|0|      |20220520|20220520|0603|2022-05-31 16:06:16
511885|0000000905338949              |20220520|074442|009|675|0|30300079|130010009|130759128|1|20220520|061828|8002550|20220520|074831|8002543|1|1250|0|      |20220520|20220520|0603|2022-05-31 16:06:16
511887|0000000716516583              |20220520|072401|025|677|0|30300120|130010011|130759579|1|20220520|052422|8001149|20220520|072800|8001178|1|1250|0|      |20220520|20220520|0603|2022-05-31 16:06:16
512294|0000000743275411              |20220520|135814|009|675|0|30300096|130010006|130752057|1|20220520|133848|8005600|20220520|140959|8001312|1|1250|0|      |20220520|20220520|0603|2022-05-31 16:06:16
512296|0000000722192621              |20220520|143136|004|675|0|30300055|130010014|130753212|1|20220520|130959|8002602|20220520|143709|8002635|1|1250|0|      |20220520|20220520|0603|2022-05-31 16:06:16
512298|0000000903403989              |20220520|141800|030|675|0|30300048|130010006|130752033|1|20220520|140454|8001206|20220520|150221|8001425|1|1250|0|      |20220520|20220520|0603|2022-05-31 16:06:16
512300|0000000741231881              |20220520|144327|022|678|0|30300074|130010014|130753222|1|20220520|141223|8002621|20220520|150757|8002828|1|1250|0|      |20220520|20220520|0603|2022-05-31 16:06:16
512302|0000000740053588              |20220520|080005|018|675|0|30300060|130010014|130753523|1|20220520|073528|8002361|20220520|082442|8002969|1|1250|0|      |20220520|20220520|0603|2022-05-31 16:06:16
512304|0000000904826573              |20220520|081131|019|675|0|30300045|130010006|130752048|1|20220520|074443|8001952|20220520|082527|8005921|1|1250|0|      |20220520|20220520|0603|2022-05-31 16:06:16
512306|0000000734633822              |20220520|075602|004|675|0|30300067|130010001|130759481|1|20220520|074210|8002379|20220520|082601|8002650|1|1250|0|      |20220520|20220520|0603|2022-05-31 16:06:16
512308|0000000750951254              |20220520|080332|031|675|0|30300067|130010001|130759481|1|20220520|074210|8002968|20220520|082750|8001990|1|1250|0|      |20220520|20220520|0603|2022-05-31 16:06:16
512310|0000000740578792              |20220520|083419|017|675|0|30300081|130010011|130759511|1|20220520|080345|8001722|20220520|085907|8002969|1|1250|0|      |20220520|20220520|0603|2022-05-31 16:06:16
512312|0000000779425645              |20220520|091218|023|675|0|30300084|130010001|130759752|1|20220520|085048|8002980|20220520|091808|8001790|1|1250|0|      |20220520|20220520|0603|2022-05-31 16:06:16
512314|0000000740660033              |20220520|083219|016|674|0|30300002|130010007|130759320|1|20220520|075223|8001744|20220520|085918|8001631|1|1250|0|      |20220520|20220520|0603|2022-05-31 16:06:16
512316|0000000778299112              |20220520|091736|010|675|0|30300077|130010006|130752010|1|20220520|084235|8002603|20220520|093619|8001401|1|1250|0|      |20220520|20220520|0603|2022-05-31 16:06:16
512318|0000000747717038              |20220520|092453|013|675|0|30300077|130010006|130752017|1|20220520|085702|8002118|20220520|093708|8002733|1|1250|0|      |20220520|20220520|0603|2022-05-31 16:06:16
512320|0000000768805432              |20220520|095116|023|675|0|30300065|130010004|130752203|1|20220520|085502|8001876|20220520|095553|8001421|1|1250|0|      |20220520|20220520|0603|2022-05-31 16:06:16
512727|0000000700278442              |20220520|174014|014|675|0|30300053|130010002|130752377|1|20220520|165526|8001491|20220520|174909|8001950|1|1250|0|      |20220520|20220520|0603|2022-05-31 16:06:16
512729|0000000903674660              |20220520|180520|005|675|0|30300058|130010004|130752266|1|20220520|162821|8002608|20220520|181116|8001085|1|1250|0|      |20220520|20220520|0603|2022-05-31 16:06:16
518366|0000000536246107              |20220520|164051|026|675|0|30300055|130010014|130753260|4|20220520|162019|8002719|20220520|164438|8001934|1|750|0|      |20220520|20220520|0603|2022-05-31 16:06:16
518368|0000000514840953              |20220520|163328|008|675|0|30300064|130010015|130759623|4|20220520|144915|8001465|20220520|163903|8001254|1|750|0|      |20220520|20220520|0603|2022-05-31 16:06:16
518775|0000000535339438              |20220520|144726|002|675|0|30300045|130010006|130752055|1|20220520|140034|8003044|20220520|145749|8001276|1|1250|0|      |20220520|20220520|0603|2022-05-31 16:06:16
518777|0000000544709811              |20220520|144943|025|675|0|30300092|130010013|130759810|1|20220520|140041|8002133|20220520|150932|8001475|1|1250|0|      |20220520|20220520|0603|2022-05-31 16:06:16
518779|0000000540004208              |20220520|150041|017|676|0|30300054|130010007|130759363|1|20220520|141118|8001923|20220520|151945|8001305|1|1250|0|      |20220520|20220520|0603|2022-05-31 16:06:16
518781|0000000546676601              |20220520|184441|015|675|0|30300060|130010014|130753523|4|20220520|160231|8001716|20220520|210456|8002159|1|750|0|      |20220520|20220520|0603|2022-05-31 16:06:16
518783|0000000546525136              |20220520|183644|022|676|0|30300051|130010008|130752109|1|20220520|172458|8001948|20220520|190552|8001097|1|1250|0|      |20220520|20220520|0603|2022-05-31 16:06:16
518785|0000000532600121              |20220520|190125|023|676|0|30300038|130010014|130753246|1|20220520|182727|8001527|20220520|193901|8002846|1|1250|0|      |20220520|20220520|0603|2022-05-31 16:06:16
518787|0000000545788457              |20220520|155816|018|676|0|30300038|130010014|130753525|1|20220520|151533|8002914|20220520|160944|8001541|1|1250|0|      |20220520|20220520|0603|2022-05-31 16:06:16
518789|0000000545647836              |20220520|163844|022|675|0|30300101|130010002|130752327|1|20220520|160410|8001707|20220520|164626|8001947|1|1250|0|      |20220520|20220520|0603|2022-05-31 16:06:16
518791|0000000311074443              |20220520|164741|011|675|0|30300078|130010008|130752169|1|20220520|163237|8002217|20220520|165037|8002100|1|1250|0|      |20220520|20220520|0603|2022-05-31 16:06:16
518793|0000000512721751              |20220520|170957|004|676|0|30300040|130010007|130759373|1|20220520|164139|8002757|20220520|173633|8001407|1|1250|0|      |20220520|20220520|0603|2022-05-31 16:06:16
518795|0000000549415036              |20220520|181115|025|675|0|30300078|130010008|130752170|1|20220520|180633|8001359|20220520|182922|8002733|1|1250|0|      |20220520|20220520|0603|2022-05-31 16:06:16
518797|0000000536243765              |20220520|052812|014|674|0|30300100|130010002|130752381|1|20220520|052223|8002351|20220520|053709|8001029|1|1250|0|      |20220520|20220520|0603|2022-05-31 16:06:16
518799|0000000543142261              |20220520|061107|030|676|0|30300069|130010001|130759409|1|20220520|060101|8001096|20220520|062841|8002761|1|1250|0|      |20220520|20220520|0603|2022-05-31 16:06:16
520413|0000000266316077              |20220520|151715|004|675|0|30300082|130010001|130759703|1|20220520|144038|8001397|20220520|155039|8002280|1|1250|0|      |20220520|20220520|0603|2022-05-31 16:06:16
520415|0000000544632745              |20220520|190133|018|674|0|30300100|130010002|130752509|1|20220520|180253|8001083|20220520|190624|8002352|1|1250|0|      |20220520|20220520|0603|2022-05-31 16:06:16
520417|0000000125038458              |20220520|192742|001|676|0|30300130|130010008|130752140|1|20220520|185410|8001527|20220520|195522|8001482|1|1250|0|      |20220520|20220520|0603|2022-05-31 16:06:16
520419|0000000522232964              |20220520|201702|006|675|0|30300058|130010004|130752266|1|20220520|194615|8002733|20220520|203041|8001418|1|1250|0|      |20220520|20220520|0603|2022-05-31 16:06:16
520421|0000000544220836              |20220520|163210|027|676|0|30300072|130010001|130759427|1|20220520|154543|8002658|20220520|164605|8001831|1|1250|0|      |20220520|20220520|0603|2022-05-31 16:06:16
520423|0000000092425492              |20220520|163530|017|675|0|30300060|130010014|130753244|1|20220520|140621|8002279|20220520|171511|8002577|1|1250|0|      |20220520|20220520|0603|2022-05-31 16:06:16
520425|0000000524391096              |20220520|175209|004|676|0|30300068|130010006|130752009|1|20220520|170201|8002642|20220520|180332|8001097|1|1250|0|      |20220520|20220520|0603|2022-05-31 16:06:16
520427|0000000538925504              |20220520|222410|005|676|0|30300088|130010006|130752023|4|20220520|215211|8002997|20220520|224730|8001305|1|750|0|      |20220520|20220520|0603|2022-05-31 16:06:16
520429|0000000277285807              |20220520|072947|010|676|0|30300040|130010007|130759365|4|20220520|061107|8001891|20220520|073820|8001612|1|750|0|      |20220520|20220520|0603|2022-05-31 16:06:16
520431|0000000527991740              |20220520|082056|005|675|0|30300065|130010004|130752203|4|20220520|074400|8001345|20220520|082102|8001348|1|750|0|      |20220520|20220520|0603|2022-05-31 16:06:16
520433|0000000279289606              |20220520|080940|014|676|0|30300051|130010008|130752122|1|20220520|071500|8001373|20220520|082218|8002547|1|1250|0|      |20220520|20220520|0603|2022-05-31 16:06:16
520435|0000000542798872              |20220520|091722|028|674|0|30300100|130010002|130752345|1|20220520|081151|8007042|20220520|092737|8001493|1|1250|0|      |20220520|20220520|0603|2022-05-31 16:06:16
520437|0000000534671939              |20220520|085741|002|675|0|30300047|130010001|130759702|1|20220520|084354|8005993|20220520|094113|8007041|1|1250|0|      |20220520|20220520|0603|2022-05-31 16:06:16
520439|0000000540000516              |20220520|121648|009|675|0|30300056|130010012|130753330|1|20220520|100100|8001426|20220520|122342|8001168|1|1250|0|      |20220520|20220520|0603|2022-05-31 16:06:16
520846|0000000543598677              |20220520|090235|013|676|0|30300089|130010011|130759576|1|20220520|055351|8002703|20220520|090604|8002969|1|1250|0|      |20220520|20220520|0603|2022-05-31 16:06:16
520848|0000000535421516              |20220520|081648|029|675|0|30300082|130010001|130759776|4|20220520|075507|8002440|20220520|083040|8002697|1|750|0|      |20220520|20220520|0603|2022-05-31 16:06:16
520850|0000000163066662              |20220520|075309|030|675|0|30300067|130010001|130759707|1|20220520|073905|8001358|20220520|081233|8002822|1|1250|0|      |20220520|20220520|0603|2022-05-31 16:06:16
520852|0000000546712327              |20220520|093303|015|675|0|30300045|130010006|130752055|1|20220520|092031|8002966|20220520|094139|8001132|1|1250|0|      |20220520|20220520|0603|2022-05-31 16:06:16
520854|0000000313863651              |20220520|112126|030|676|0|30300068|130010006|130759025|1|20220520|095205|8002779|20220520|113931|8001097|1|1250|0|      |20220520|20220520|0603|2022-05-31 16:06:16
520856|0000000538805129              |20220520|114626|016|676|0|30300068|130010006|130752032|1|20220520|114015|8001535|20220520|122740|8003102|1|1250|0|      |20220520|20220520|0603|2022-05-31 16:06:16
520858|0000000547459079              |20220520|123346|016|675|0|30300101|130010002|130752327|4|20220520|121837|8002108|20220520|123954|8001029|1|750|0|      |20220520|20220520|0603|2022-05-31 16:06:16
520860|0000000131084100              |20220520|130837|018|676|0|30300089|130010011|130759578|1|20220520|120013|8001922|20220520|134047|8001420|1|1250|0|      |20220520|20220520|0603|2022-05-31 16:06:16
522753|0000000400132254              |20220520|113750|030|676|0|30300093|130010004|130752250|8|20220520|113659|8007006|~       |      |~      |1|0|0|      |20220520|~       |0603|2022-05-31 16:06:16
522755|0000000400167438              |20220520|155003|022|676|0|30300089|130010011|130759531|8|20220520|141744|8002089|~       |      |~      |1|0|0|      |20220520|~       |0603|2022-05-31 16:06:16
522757|0000000400209439              |20220520|164533|029|675|0|30300080|130010009|130759145|8|20220520|160355|8003012|~       |      |~      |1|0|0|      |20220520|~       |0603|2022-05-31 16:06:16
522759|0000000400153102              |20220520|172844|028|676|0|30300041|130010012|130753326|8|20220520|160447|8001533|~       |      |~      |1|0|0|      |20220520|~       |0603|2022-05-31 16:06:16
522761|0000000400162627              |20220520|055424|012|676|0|30300068|130010006|130752059|8|20220520|053746|8001263|~       |      |~      |1|0|0|      |20220520|~       |0603|2022-05-31 16:06:16
522763|0000000400138154              |20220520|064446|003|675|0|30300060|130010014|130753223|8|20220520|061605|8001716|~       |      |~      |1|0|0|      |20220520|~       |0603|2022-05-31 16:06:16
522765|0000000516897734              |20220520|183013|018|676|0|30300090|130010005|130759209|1|20220520|170118|8001641|20220520|183942|8070027|1|1250|0|      |20220520|20220520|0603|2022-05-31 16:06:16
522767|0000000547297160              |20220520|183036|030|675|0|30300049|130010004|130752212|1|20220520|165231|8001902|20220520|184046|8001263|1|1250|0|      |20220520|20220520|0603|2022-05-31 16:06:16
522769|0000000545298914              |20220520|185842|018|675|0|30300047|130010001|130759732|1|20220520|182218|8001013|20220520|192405|8002997|1|1250|0|      |20220520|20220520|0603|2022-05-31 16:06:16
523176|0000000532483302              |20220520|211209|005|676|0|30300072|130010001|130759714|4|20220520|205842|8002345|20220520|211610|8001412|1|750|0|      |20220520|20220520|0603|2022-05-31 16:06:16
523178|0000000519320063              |20220520|211042|008|675|0|30300058|130010004|130752263|4|20220520|204634|8001085|20220520|212009|8001419|1|750|0|      |20220520|20220520|0603|2022-05-31 16:06:16
523180|0000000529276446              |20220520|184130|007|676|0|30300072|130010001|130759421|4|20220520|165449|8002453|20220520|190952|8001035|1|750|0|      |20220520|20220520|0603|2022-05-31 16:06:16
523182|0000000533559127              |20220520|193509|021|675|0|30300064|130010015|130759683|4|20220520|192446|8001253|20220520|194452|8001740|1|750|0|      |20220520|20220520|0603|2022-05-31 16:06:16
523184|0000000171892787              |20220520|194657|016|675|0|30300049|130010004|130752233|1|20220520|175938|8001492|20220520|200207|8001746|1|1250|0|      |20220520|20220520|0603|2022-05-31 16:06:16
523186|0000000096556033              |20220520|200700|011|676|0|30300070|130010004|130752201|1|20220520|144216|8002625|20220520|201813|8001348|1|1250|0|      |20220520|20220520|0603|2022-05-31 16:06:16
523188|0000000549151158              |20220520|164430|012|675|0|30300080|130010009|130759160|1|20220520|154130|8002578|20220520|170654|8001420|1|1250|0|      |20220520|20220520|0603|2022-05-31 16:06:16
523190|0000000530684062              |20220520|172701|020|676|0|30300041|130010012|130753312|1|20220520|164511|8002703|20220520|173254|8002969|1|1250|0|      |20220520|20220520|0603|2022-05-31 16:06:16
523192|0000000548068437              |20220520|172522|017|676|0|30300087|130010015|130759629|1|20220520|164714|8001398|20220520|174111|8001724|1|1250|0|      |20220520|20220520|0603|2022-05-31 16:06:16
523194|0000000266316077              |20220520|174218|005|676|0|30300071|130010009|130759144|1|20220520|114744|8001587|20220520|180530|8001791|1|1250|0|      |20220520|20220520|0603|2022-05-31 16:06:16
523196|0000000548908789              |20220520|074805|005|675|0|30300046|130010002|130752342|1|20220520|071942|8001013|20220520|080844|8002412|1|1250|0|      |20220520|20220520|0603|2022-05-31 16:06:16
523198|0000000544471508              |20220520|082857|025|675|0|30300066|130010015|130759676|1|20220520|081329|8001852|20220520|091818|8005528|1|1250|0|      |20220520|20220520|0603|2022-05-31 16:06:16
523200|0000000545787057              |20220520|085943|008|676|0|30300054|130010007|130759361|1|20220520|085427|8001178|20220520|090113|8002050|1|1250|0|      |20220520|20220520|0603|2022-05-31 16:06:16
523202|0000000536602900              |20220520|093233|012|676|0|30300040|130010007|130759364|1|20220520|092847|8002941|20220520|093733|8002721|1|1250|0|      |20220520|20220520|0603|2022-05-31 16:06:16
523609|0000000539967897              |20220520|163851|023|675|0|30300064|130010015|130759625|1|20220520|163538|8002651|20220520|164508|8001625|1|1250|0|      |20220520|20220520|0603|2022-05-31 16:06:16
523611|0000000269933766              |20220520|154751|001|676|0|30300054|130010007|130759358|1|20220520|152118|8005944|20220520|155725|8001922|1|1250|0|      |20220520|20220520|0603|2022-05-31 16:06:16
523613|0000000540235395              |20220520|163932|020|676|0|30300051|130010008|130752103|4|20220520|154728|8001028|20220520|164722|8001371|1|750|0|      |20220520|20220520|0603|2022-05-31 16:06:16
523615|0000000519384048              |20220520|160623|028|676|0|30300088|130010002|130752361|4|20220520|155523|8005859|20220520|163825|8002412|1|750|0|      |20220520|20220520|0603|2022-05-31 16:06:16
523617|0000000545794099              |20220520|164102|003|675|0|30300079|130010009|130759128|4|20220520|154704|8001669|20220520|164813|8001483|1|750|0|      |20220520|20220520|0603|2022-05-31 16:06:16
523619|0000000528396458              |20220520|165832|011|674|0|30300002|130010007|130759332|4|20220520|154439|8005994|20220520|171042|8001964|1|750|0|      |20220520|20220520|0603|2022-05-31 16:06:16
523621|0000000546698283              |20220520|162932|004|675|0|30300053|130010002|130752384|4|20220520|161525|8002351|20220520|170401|8001736|1|750|0|      |20220520|20220520|0603|2022-05-31 16:06:16
523623|0000000542281379              |20220520|163022|006|676|0|30300071|130010009|130759135|1|20220520|125110|8001318|20220520|171040|8001542|1|1250|0|      |20220520|20220520|0603|2022-05-31 16:06:16
523625|0000000541969029              |20220520|162149|005|675|0|30300055|130010014|130753259|4|20220520|160123|8002719|20220520|171237|8002064|1|750|0|      |20220520|20220520|0603|2022-05-31 16:06:16
523627|0000000298534158              |20220520|183835|023|676|0|30300087|130010015|130759622|1|20220520|183139|8002541|20220520|184606|8002118|1|1250|0|      |20220520|20220520|0603|2022-05-31 16:06:16
523629|0000000546590260              |20220520|074411|025|676|0|30300037|130010006|130752015|4|20220520|060024|8002899|20220520|075029|8002345|1|750|0|      |20220520|20220520|0603|2022-05-31 16:06:16
523631|0000000510376509              |20220520|074108|015|676|0|30300054|130010007|130759349|4|20220520|064739|8001707|20220520|074846|8002976|1|750|0|      |20220520|20220520|0603|2022-05-31 16:06:16
523633|0000000545631934              |20220520|075211|005|675|0|30300061|130010015|130759645|4|20220520|072525|8002641|20220520|081812|8005562|1|750|0|      |20220520|20220520|0603|2022-05-31 16:06:16
524067|0000000319700013              |20220520|201055|002|676|1|30300040|130010007|130759364|1|20220520|192930|8001005|20220520|201930|8001407|1|0|0|      |20220520|20220520|0603|2022-05-31 16:06:16
511476|0000000614675099              |20220520|174220|025|675|0|30300145|130010014|130753600|1|20220520|171741|8002955|20220520|180738|8002412|1|1250|0|      |20220520|20220520|0603|2022-05-31 16:06:16
511478|0000000908955852              |20220520|181523|031|675|0|30300064|130010015|130759683|1|20220520|175618|8001405|20220520|182600|8002437|1|1250|0|      |20220520|20220520|0603|2022-05-31 16:06:16
511480|0000000757925331              |20220520|182755|001|675|0|30300101|130010002|130752327|1|20220520|174404|8001645|20220520|183919|8002453|1|1250|0|      |20220520|20220520|0603|2022-05-31 16:06:16
511482|0000000763426863              |20220520|184402|010|675|0|30300077|130010006|130752070|1|20220520|182934|8001228|20220520|185025|8001419|1|1250|0|      |20220520|20220520|0603|2022-05-31 16:06:16
511889|0000000903402068              |20220520|071816|017|675|0|30300077|130010006|130759015|1|20220520|071030|8001258|20220520|074417|8002603|1|1250|0|      |20220520|20220520|0603|2022-05-31 16:06:16
511891|0000000778285025              |20220520|074200|030|675|0|30300079|130010009|130759123|1|20220520|072404|8001488|20220520|080407|8002628|1|1250|0|      |20220520|20220520|0603|2022-05-31 16:06:16
511893|0000000677145079              |20220520|080101|018|674|0|30300002|130010007|130759320|1|20220520|075223|8001792|20220520|081626|8001996|1|1250|0|      |20220520|20220520|0603|2022-05-31 16:06:16
511895|0000000673383469              |20220520|135910|021|675|0|30300049|130010004|130752285|1|20220520|122219|9003016|20220520|141721|8001929|1|1250|0|      |20220520|20220520|0603|2022-05-31 16:06:16
511897|0000000750459541              |20220520|141816|024|678|0|30300074|130010014|130753614|1|20220520|135146|8002030|20220520|143756|8001412|1|1250|0|      |20220520|20220520|0603|2022-05-31 16:06:16
511899|0000000716887389              |20220520|152548|014|675|0|30300047|130010001|130759436|1|20220520|143813|8007555|20220520|153544|8002997|1|1250|0|      |20220520|20220520|0603|2022-05-31 16:06:16
511901|0000000767831440              |20220520|074535|026|674|0|30300002|130010007|130759313|1|20220520|070647|8002881|20220520|082020|8003021|1|1250|0|      |20220520|20220520|0603|2022-05-31 16:06:16
511903|0000000776724178              |20220520|083602|024|675|0|30300062|130010008|130752133|1|20220520|075326|8001949|20220520|085325|8001923|1|1250|0|      |20220520|20220520|0603|2022-05-31 16:06:16
511905|0000000767191555              |20220520|084629|029|675|0|30300080|130010009|130759108|1|20220520|072803|8002309|20220520|084905|8001993|1|1250|0|      |20220520|20220520|0603|2022-05-31 16:06:16
511907|0000000741615901              |20220520|081650|012|675|0|30300055|130010014|130753268|1|20220520|052953|8002485|20220520|083720|8002888|1|1250|0|      |20220520|20220520|0603|2022-05-31 16:06:16
511909|0000000726098224              |20220520|090221|016|675|0|30300091|130010013|130759876|1|20220520|070030|8001385|20220520|090931|8001871|1|1250|0|      |20220520|20220520|0603|2022-05-31 16:06:16
511911|0000000715678740              |20220520|090631|025|675|0|30300059|130010004|130752256|1|20220520|062050|8002280|20220520|092200|8001988|1|1250|0|      |20220520|20220520|0603|2022-05-31 16:06:16
511913|0000000740965646              |20220520|092402|015|675|0|30300053|130010002|130752387|1|20220520|082254|8001380|20220520|092521|8002453|1|1250|0|      |20220520|20220520|0603|2022-05-31 16:06:16
511915|0000000776067391              |20220520|090808|002|675|0|30300077|130010006|130752018|1|20220520|073422|8001495|20220520|093801|8001418|1|1250|0|      |20220520|20220520|0603|2022-05-31 16:06:16
512322|0000000775973807              |20220520|170001|004|675|0|30300055|130010014|130753218|1|20220520|160408|8001412|20220520|173747|8001847|1|1250|0|      |20220520|20220520|0603|2022-05-31 16:06:16
512324|0000000918275501              |20220520|171953|001|679|0|30300063|130010001|130759719|1|20220520|165705|8001992|20220520|173741|8003014|1|1250|0|      |20220520|20220520|0603|2022-05-31 16:06:16
512326|0000000709917137              |20220520|174925|011|675|0|30300080|130010009|130759172|1|20220520|160443|8001873|20220520|175807|8002245|1|1250|0|      |20220520|20220520|0603|2022-05-31 16:06:16
512328|0000000761675810              |20220520|181950|027|674|0|30300002|130010007|130759318|1|20220520|172855|8002093|20220520|182647|8001430|1|1250|0|      |20220520|20220520|0603|2022-05-31 16:06:16
512330|0000000770248533              |20220520|181520|005|675|0|30300055|130010014|130753212|1|20220520|152547|8002627|20220520|182203|8002155|1|1250|0|      |20220520|20220520|0603|2022-05-31 16:06:16
512332|0000000900085847              |20220520|174941|013|674|0|30300002|130010007|130759318|1|20220520|172855|8001230|20220520|182614|8002464|1|1250|0|      |20220520|20220520|0603|2022-05-31 16:06:16
512334|0000000744966280              |20220520|175950|014|675|0|30300055|130010014|130753229|1|20220520|175130|8002093|20220520|184357|8002488|1|1250|0|      |20220520|20220520|0603|2022-05-31 16:06:16
512336|0000000903452602              |20220520|180946|010|681|0|30300042|130010009|130759140|1|20220520|180145|8002633|20220520|184310|8001091|1|1250|0|      |20220520|20220520|0603|2022-05-31 16:06:16
512338|0000000724694369              |20220520|181140|001|675|0|30300067|130010001|130759402|1|20220520|155918|8001726|20220520|183016|8002650|1|1250|0|      |20220520|20220520|0603|2022-05-31 16:06:16
512340|0000000767130874              |20220520|183314|019|675|0|30300049|130010004|130752216|1|20220520|153032|8002960|20220520|184705|8001204|1|1250|0|      |20220520|20220520|0603|2022-05-31 16:06:16
512342|0000000672970568              |20220520|190723|025|675|0|30300083|130010001|130759771|1|20220520|183531|8001790|20220520|194153|8005910|1|1250|0|      |20220520|20220520|0603|2022-05-31 16:06:16
512344|0000000656247162              |20220520|125125|022|675|0|30300067|130010001|130759729|1|20220520|094636|8002571|20220520|125601|8001670|1|1250|0|      |20220520|20220520|0603|2022-05-31 16:06:16
512346|0000000644915924              |20220520|131045|013|675|0|30300083|130010001|130759775|1|20220520|125556|8001381|20220520|134546|8001483|1|1250|0|      |20220520|20220520|0603|2022-05-31 16:06:16
512753|0000000904875874              |20220520|201956|020|675|0|30300096|130010006|130752020|1|20220520|183743|8002202|20220520|203055|8002208|1|1250|0|      |20220520|20220520|0603|2022-05-31 16:06:16
512755|0000000767830543              |20220520|194629|008|675|0|30300050|130010007|130759368|1|20220520|191356|8001590|20220520|201759|8002026|1|1250|0|      |20220520|20220520|0603|2022-05-31 16:06:16
512757|0000000708269392              |20220520|202738|001|678|0|30300074|130010014|130753613|1|20220520|151317|8002822|20220520|205331|8007371|1|1250|0|      |20220520|20220520|0603|2022-05-31 16:06:16
512759|0000000917922718              |20220520|204949|008|675|0|30300045|130010006|130752058|1|20220520|202828|8002589|20220520|211939|8001059|1|1250|0|      |20220520|20220520|0603|2022-05-31 16:06:16
512761|0000000641420600              |20220520|094800|015|675|0|30300095|130010011|130759525|1|20220520|060706|8002952|20220520|101900|8001951|1|1250|0|      |20220520|20220520|0603|2022-05-31 16:06:16
512763|0000000738430918              |20220520|102705|027|675|0|30300049|130010004|130752248|1|20220520|053821|8001426|20220520|103231|8002412|1|1250|0|      |20220520|20220520|0603|2022-05-31 16:06:16
514938|0000000543541235              |20220520|150220|026|674|1|30300100|130010002|130752381|1|20220520|145932|8001348|20220520|154047|8001083|1|0|0|      |20220520|20220520|0603|2022-05-31 16:06:16
515345|0000000766718068              |20220520|212503|024|681|0|30300006|130010002|130752318|1|20220520|205738|8003036|20220520|212743|8001814|1|1250|0|      |20220520|20220520|0603|2022-05-31 16:06:16
515347|0000000742664104              |20220520|103037|028|676|0|30300054|130010007|130759360|1|20220520|100336|8002160|20220520|110304|8001305|1|1250|0|      |20220520|20220520|0603|2022-05-31 16:06:16
515349|0000000666489505              |20220520|110629|011|675|0|30300055|130010014|130753206|1|20220520|102602|8002627|20220520|111204|8005881|1|1250|0|      |20220520|20220520|0603|2022-05-31 16:06:16
515351|0000000703498806              |20220520|110608|002|676|0|30300051|130010008|130752102|1|20220520|103857|8001525|20220520|111041|8002547|1|1250|0|      |20220520|20220520|0603|2022-05-31 16:06:16
515353|0000000759874916              |20220520|104814|007|675|0|30300082|130010001|130759471|1|20220520|104203|8002081|20220520|113422|8001746|1|1250|0|      |20220520|20220520|0603|2022-05-31 16:06:16
515355|0000000759299621              |20220520|110540|003|675|0|30300053|130010002|130752378|1|20220520|104342|8001081|20220520|113025|8001950|1|1250|0|      |20220520|20220520|0603|2022-05-31 16:06:16
515357|0000000735608701              |20220520|110940|014|675|0|30300141|130010001|130759472|1|20220520|055944|8001908|20220520|111826|8005878|1|1250|0|      |20220520|20220520|0603|2022-05-31 16:06:16
515359|0000000769002766              |20220520|120742|019|675|0|30300045|130010006|130759002|1|20220520|053358|8002914|20220520|121311|8001494|1|1250|0|      |20220520|20220520|0603|2022-05-31 16:06:16
515361|0000000743298314              |20220520|121105|007|674|0|30300100|130010002|130752397|1|20220520|115524|8001153|20220520|122436|8001714|1|1250|0|      |20220520|20220520|0603|2022-05-31 16:06:16
515363|0000000912837677              |20220520|150942|002|676|0|30300054|130010007|130759384|1|20220520|144127|8002831|20220520|152349|8002453|1|1250|0|      |20220520|20220520|0603|2022-05-31 16:06:16
515365|0000000778028439              |20220520|151435|008|676|0|30300036|130010012|130753302|1|20220520|143626|8001206|20220520|151944|8002210|1|1250|0|      |20220520|20220520|0603|2022-05-31 16:06:16
515367|0000000776907293              |20220520|150643|022|674|0|30300100|130010002|130752509|1|20220520|145437|8001081|20220520|152638|8001934|1|1250|0|      |20220520|20220520|0603|2022-05-31 16:06:16
515369|0000000609670966              |20220520|145557|030|676|0|30300038|130010014|130753246|1|20220520|142142|8001527|20220520|152625|8001132|1|1250|0|      |20220520|20220520|0603|2022-05-31 16:06:16
515371|0000000724835381              |20220520|152810|030|675|0|30300058|130010004|130752222|1|20220520|151824|8005914|20220520|154314|8001653|1|1250|0|      |20220520|20220520|0603|2022-05-31 16:06:16
515778|0000000537596445              |20220520|095321|012|676|0|30300071|130010009|130759139|1|20220520|062138|8002083|20220520|095654|8001113|1|1250|0|      |20220520|20220520|0603|2022-05-31 16:06:16
515780|0000000302070653              |20220520|100022|020|676|0|30300087|130010015|130759622|1|20220520|095022|8001199|20220520|100821|8001491|1|1250|0|      |20220520|20220520|0603|2022-05-31 16:06:16
515782|0000000124961448              |20220520|095057|002|676|0|30300090|130010005|130759219|1|20220520|081309|8002412|20220520|100310|8001287|1|1250|0|      |20220520|20220520|0603|2022-05-31 16:06:16
515784|0000000300707394              |20220520|105555|026|680|0|30300026|130010014|130753603|1|20220520|101321|8001994|20220520|110235|8002635|1|1250|0|      |20220520|20220520|0603|2022-05-31 16:06:16
515786|0000000303136849              |20220520|105330|018|676|0|30300043|130010015|130759607|1|20220520|103514|8002456|20220520|111852|8001991|1|1250|0|      |20220520|20220520|0603|2022-05-31 16:06:16
515788|0000000505356701              |20220520|115309|004|676|0|30300038|130010014|130753501|1|20220520|112315|8002358|20220520|121502|8002778|1|1250|0|      |20220520|20220520|0603|2022-05-31 16:06:16
515790|0000000128606070              |20220520|125120|015|674|0|30300100|130010002|130752344|1|20220520|123541|8001029|20220520|131933|8002114|1|1250|0|      |20220520|20220520|0603|2022-05-31 16:06:16
515792|0000000519901274              |20220520|133726|024|675|0|30300127|130010004|130752602|4|20220520|132210|8007406|20220520|135143|8001029|1|750|0|      |20220520|20220520|0603|2022-05-31 16:06:16
515794|0000000536243413              |20220520|141754|028|675|0|30300049|130010004|130752206|1|20220520|132339|8002965|20220520|143159|8001934|1|1250|0|      |20220520|20220520|0603|2022-05-31 16:06:16
515796|0000000262500239              |20220520|155117|016|675|0|30300084|130010001|130759440|1|20220520|145934|8001034|20220520|161525|8002465|1|1250|0|      |20220520|20220520|0603|2022-05-31 16:06:16
515798|0000000511816376              |20220520|185004|008|675|0|30300084|130010001|130759439|1|20220520|125409|8001994|20220520|192053|8002255|1|1250|0|      |20220520|20220520|0603|2022-05-31 16:06:16
515800|0000000312352888              |20220520|202614|029|675|0|30300081|130010011|130759572|4|20220520|194643|8002969|20220520|204400|8001588|1|750|0|      |20220520|20220520|0603|2022-05-31 16:06:16
515802|0000000527603076              |20220520|163953|023|676|0|30300038|130010014|130753501|1|20220520|154454|8002793|20220520|170041|8001056|1|1250|0|      |20220520|20220520|0603|2022-05-31 16:06:16
516209|0000000530231632              |20220520|112534|003|674|0|30300002|130010007|130759312|1|20220520|111525|8001963|20220520|112909|8001792|1|1250|0|      |20220520|20220520|0603|2022-05-31 16:06:16
516211|0000000518970610              |20220520|113315|024|676|0|30300073|130010009|130759116|1|20220520|064225|8002895|20220520|115729|8001005|1|1250|0|      |20220520|20220520|0603|2022-05-31 16:06:16
516213|0000000319997007              |20220520|130548|012|675|0|30300049|130010004|130752264|1|20220520|115413|8001930|20220520|130956|8001746|1|1250|0|      |20220520|20220520|0603|2022-05-31 16:06:16
516215|0000000533584749              |20220520|143651|023|675|0|30300091|130010013|130759821|4|20220520|134646|8002905|20220520|144027|8007274|1|750|0|      |20220520|20220520|0603|2022-05-31 16:06:16
516217|0000000510984103              |20220520|185145|024|675|0|30300077|130010006|130752017|4|20220520|181500|8001927|20220520|185906|8002628|1|750|0|      |20220520|20220520|0603|2022-05-31 16:06:16
516219|0000000546629905              |20220520|185854|025|675|0|30300060|130010014|130753230|1|20220520|172645|8001953|20220520|190406|8001851|1|1250|0|      |20220520|20220520|0603|2022-05-31 16:06:16
516221|0000000513931454              |20220520|200046|007|676|0|30300037|130010006|130759012|4|20220520|190336|8001097|20220520|201000|8002339|1|750|0|      |20220520|20220520|0603|2022-05-31 16:06:16
516223|0000000131045661              |20220520|164200|020|676|0|30300088|130010002|130752364|1|20220520|143534|8001310|20220520|164549|8001794|1|1250|0|      |20220520|20220520|0603|2022-05-31 16:06:16
516225|0000000534143620              |20220520|162323|020|676|0|30300040|130010013|130759872|4|20220520|144432|8001612|20220520|164351|8001085|1|750|0|      |20220520|20220520|0603|2022-05-31 16:06:16
518805|0000000542477642              |20220520|082021|030|676|0|30300137|130010004|130752279|1|20220520|061146|8001492|20220520|084743|8002115|1|1250|0|      |20220520|20220520|0603|2022-05-31 16:06:16
518807|0000000312650931              |20220520|105346|011|676|0|30300072|130010001|130759483|1|20220520|082111|8001421|20220520|110123|8002487|1|1250|0|      |20220520|20220520|0603|2022-05-31 16:06:16
518809|0000000539084946              |20220520|113052|029|679|0|30300063|130010001|130759787|1|20220520|105308|8001358|20220520|115310|8001412|1|1250|0|      |20220520|20220520|0603|2022-05-31 16:06:16
518811|0000000539967674              |20220520|122845|027|675|0|30300067|130010001|130759729|1|20220520|094636|8002650|20220520|124445|8002635|1|1250|0|      |20220520|20220520|0603|2022-05-31 16:06:16
518813|0000000513779283              |20220520|124518|028|676|0|30300071|130010009|130759133|4|20220520|122951|8001318|20220520|132247|8002642|1|750|0|      |20220520|20220520|0603|2022-05-31 16:06:16
518815|0000000312720006              |20220520|153054|003|681|0|30300042|130010009|130759104|1|20220520|123435|8002642|20220520|154018|8001413|1|1250|0|      |20220520|20220520|0603|2022-05-31 16:06:16
518817|0000000540657483              |20220520|222917|013|676|0|30300088|130010006|130752016|1|20220520|213454|8001586|20220520|223330|8002943|1|1250|0|      |20220520|20220520|0603|2022-05-31 16:06:16
518819|0000000090963294              |20220520|191117|020|674|0|30300100|130010002|130752381|1|20220520|184720|8001714|20220520|191744|8001927|1|1250|0|      |20220520|20220520|0603|2022-05-31 16:06:16
518821|0000000522441028              |20220520|160016|027|675|0|30300077|130010006|130752034|1|20220520|152800|8002733|20220520|160658|8002995|1|1250|0|      |20220520|20220520|0603|2022-05-31 16:06:16
518823|0000000540859090              |20220520|173126|013|675|0|30300053|130010002|130752378|1|20220520|171036|8002108|20220520|173646|8001029|1|1250|0|      |20220520|20220520|0603|2022-05-31 16:06:16
518825|0000000533684943              |20220520|171147|002|675|0|30300050|130010007|130759372|1|20220520|164625|8002376|20220520|173232|8002997|1|1250|0|      |20220520|20220520|0603|2022-05-31 16:06:16
518827|0000000541285785              |20220520|174608|001|676|0|30300051|130010008|130752134|1|20220520|160954|8001096|20220520|180239|8002454|1|1250|0|      |20220520|20220520|0603|2022-05-31 16:06:16
520018|0000000400206119              |20220520|142154|029|675|0|30300075|130010005|130759211|8|20220520|123421|8001618|~       |      |~      |1|0|0|      |20220520|~       |0603|2022-05-31 16:06:16
520020|0000000400151021              |20220520|132629|008|678|0|30300074|130010014|130753264|8|20220520|122303|8002622|~       |      |~      |1|0|0|      |20220520|~       |0603|2022-05-31 16:06:16
520022|0000000400151227              |20220520|150851|029|676|0|30300038|130010014|130753524|8|20220520|125152|8001162|~       |      |~      |1|0|0|      |20220520|~       |0603|2022-05-31 16:06:16
520024|0000000400114930              |20220520|081513|003|675|0|30300091|130010013|130759880|8|20220520|061142|8001889|~       |      |~      |1|0|0|      |20220520|~       |0603|2022-05-31 16:06:16
520026|0000000400137632              |20220520|092123|014|675|0|30300055|130010014|130753249|8|20220520|084523|8002000|~       |      |~      |1|0|0|      |20220520|~       |0603|2022-05-31 16:06:16
520028|0000000400167438              |20220520|095839|018|676|0|30300089|130010011|130759519|8|20220520|064303|8005512|~       |      |~      |1|0|0|      |20220520|~       |0603|2022-05-31 16:06:16
520441|0000000531876054              |20220520|123529|005|676|0|30300089|130010011|130759517|4|20220520|111442|8002088|20220520|125542|8001420|1|750|0|      |20220520|20220520|0603|2022-05-31 16:06:16
520443|0000000511939326              |20220520|132545|026|675|0|30300055|130010014|130753221|1|20220520|125501|8001403|20220520|134100|8002357|1|1250|0|      |20220520|20220520|0603|2022-05-31 16:06:16
520445|0000000518128088              |20220520|151415|015|679|0|30300063|130010001|130759488|1|20220520|134313|9005122|20220520|151940|8007214|1|1200|0|      |20220520|20220520|0603|2022-05-31 16:06:16
520447|0000000507544825              |20220520|154652|010|675|0|30300049|130010004|130752206|1|20220520|145737|8001060|20220520|154758|8005909|1|1250|0|      |20220520|20220520|0603|2022-05-31 16:06:16
520449|0000000544232236              |20220520|210259|015|676|0|30300051|130010008|130752119|4|20220520|203253|8001935|20220520|212636|8005647|1|750|0|      |20220520|20220520|0603|2022-05-31 16:06:16
520451|0000000548149697              |20220520|182332|009|675|0|30300080|130010009|130759145|4|20220520|181230|8005881|20220520|184424|8002064|1|750|0|      |20220520|20220520|0603|2022-05-31 16:06:16
520453|0000000545538574              |20220520|191132|016|675|0|30300053|130010002|130752377|4|20220520|165526|8001154|20220520|191455|8001916|1|750|0|      |20220520|20220520|0603|2022-05-31 16:06:16
520455|0000000505956879              |20220520|181136|012|679|0|30300063|130010001|130759773|1|20220520|171414|8001659|20220520|182131|8002695|1|1250|0|      |20220520|20220520|0603|2022-05-31 16:06:16
520457|0000000534249381              |20220520|204946|017|676|0|30300087|130010015|130759636|4|20220520|193328|8002139|20220520|205604|8002132|1|750|0|      |20220520|20220520|0603|2022-05-31 16:06:16
520459|0000000533947941              |20220520|163945|009|675|0|30300058|130010004|130752222|4|20220520|151824|8001553|20220520|165853|8002240|1|750|0|      |20220520|20220520|0603|2022-05-31 16:06:16
520461|0000000524340717              |20220520|162747|019|676|0|30300088|130010002|130752553|1|20220520|140642|8002909|20220520|171317|8002403|1|1250|0|      |20220520|20220520|0603|2022-05-31 16:06:16
520463|0000000166881502              |20220520|171610|027|676|0|30300051|130010008|130752122|1|20220520|144349|8001079|20220520|173722|8002352|1|1250|0|      |20220520|20220520|0603|2022-05-31 16:06:16
520465|0000000302176251              |20220520|174003|020|675|0|30300058|130010004|130752252|1|20220520|173240|8005895|20220520|174724|8002947|1|1250|0|      |20220520|20220520|0603|2022-05-31 16:06:16
520872|0000000542783703              |20220520|185113|008|675|0|30300056|130010012|130753308|2|20220520|174731|8001056|20220520|192001|8070030|1|350|0|      |20220520|20220520|0603|2022-05-31 16:06:16
520874|0000000518679918              |20220520|202111|030|676|0|30300086|130010013|130759874|1|20220520|175111|8001313|20220520|202736|8001631|1|1250|0|      |20220520|20220520|0603|2022-05-31 16:06:16
520876|0000000546525072              |20220520|162339|012|676|0|30300040|130010007|130759364|4|20220520|155936|8002757|20220520|163422|8002869|1|750|0|      |20220520|20220520|0603|2022-05-31 16:06:16
520878|0000000535500323              |20220520|163243|002|675|0|30300081|130010011|130759515|4|20220520|122331|8002452|20220520|164322|8002753|1|750|0|      |20220520|20220520|0603|2022-05-31 16:06:16
520880|0000000517169155              |20220520|171315|004|675|0|30300055|130010014|130753221|1|20220520|160644|8002345|20220520|172441|8001412|1|1250|0|      |20220520|20220520|0603|2022-05-31 16:06:16
520882|0000000546525178              |20220520|060527|019|676|0|30300051|130010008|130752107|1|20220520|054307|8001929|20220520|062857|8002365|1|1250|0|      |20220520|20220520|0603|2022-05-31 16:06:16
523606|0000000548315434              |20220520|201536|010|676|0|30300051|130010008|130752132|4|20220520|191819|8002437|20220520|203136|8005878|1|750|0|      |20220520|20220520|0603|2022-05-31 16:06:16
524040|0000000313596809              |20220520|083356|011|676|1|30300041|130010012|130753303|1|20220520|054121|8001096|20220520|084228|8002636|1|0|0|      |20220520|20220520|0603|2022-05-31 16:06:16
524042|0000000090052852              |20220520|084821|023|676|1|30300072|130010001|130759714|1|20220520|081312|8001005|20220520|085625|8005960|1|0|0|      |20220520|20220520|0603|2022-05-31 16:06:16
524044|0000000177038992              |20220520|094143|011|676|1|30300037|130010006|130752053|1|20220520|084158|8002559|20220520|095422|8005960|1|0|0|      |20220520|20220520|0603|2022-05-31 16:06:16
524046|0000000533076914              |20220520|093935|009|679|1|30300063|130010001|130759787|1|20220520|092946|8001096|20220520|095317|8002634|1|0|0|      |20220520|20220520|0603|2022-05-31 16:06:16
524048|0000000523452861              |20220520|093153|010|676|1|30300037|130010006|130752031|1|20220520|085043|8001005|20220520|095436|8002339|1|0|0|      |20220520|20220520|0603|2022-05-31 16:06:16
524050|0000000124345111              |20220520|110940|015|676|1|30300072|130010001|130759420|1|20220520|103009|8001005|20220520|112135|8002880|1|0|0|      |20220520|20220520|0603|2022-05-31 16:06:16
524052|0000000536718676              |20220520|121325|011|676|1|30300090|130010005|130759218|1|20220520|095827|8001005|20220520|122524|8001744|1|0|0|      |20220520|20220520|0603|2022-05-31 16:06:16
524054|0000000507293603              |20220520|133610|003|676|1|30300037|130010006|130752024|1|20220520|130040|8002559|20220520|135748|8001097|1|0|0|      |20220520|20220520|0603|2022-05-31 16:06:16
524056|0000000266938014              |20220520|143511|007|676|1|30300041|130010012|130753326|1|20220520|141106|8001096|20220520|150152|8002087|1|0|0|      |20220520|20220520|0603|2022-05-31 16:06:16
524058|0000000267693451              |20220520|143601|019|676|1|30300068|130010006|130752032|1|20220520|142400|8001096|20220520|151351|8003102|1|0|0|      |20220520|20220520|0603|2022-05-31 16:06:16
524060|0000000505769759              |20220520|150448|028|674|1|30300100|130010002|130752381|1|20220520|145932|8001412|20220520|153657|8001028|1|0|0|      |20220520|20220520|0603|2022-05-31 16:06:16
524062|0000000525128843              |20220520|205659|022|676|1|30300072|130010001|130759483|1|20220520|203658|8002559|20220520|212209|8001035|1|0|0|      |20220520|20220520|0603|2022-05-31 16:06:16
524064|0000000302174707              |20220520|185618|010|676|2|30300090|130010005|130759206|1|20220520|124723|8001005|20220520|191507|8001532|1|0|0|      |20220520|20220520|0603|2022-05-31 16:06:16
524066|0000000522321989              |20220520|193528|010|676|1|30300072|130010001|130759714|1|20220520|174140|8002559|20220520|195205|8002607|1|0|0|      |20220520|20220520|0603|2022-05-31 16:06:16
524473|0000000536336021              |20220520|180657|021|675|1|30300055|130010014|130753209|1|20220520|164602|8005646|20220520|180829|8005562|1|0|0|      |20220520|20220520|0603|2022-05-31 16:06:16
524475|0000000531533306              |20220520|223435|009|675|1|30300055|130010014|130753229|1|20220520|214154|8002888|20220520|224022|8001929|1|0|0|      |20220520|20220520|0603|2022-05-31 16:06:16
524477|0000000521000816              |20220520|065449|011|676|1|30300037|130010006|130752046|1|20220520|063625|8002720|20220520|073723|8002345|1|0|0|      |20220520|20220520|0603|2022-05-31 16:06:16
524479|0000000511816111              |20220520|111056|031|676|1|30300037|130010006|130752002|1|20220520|102748|8003006|20220520|112550|8002339|1|0|0|      |20220520|20220520|0603|2022-05-31 16:06:16
524481|0000000504879373              |20220520|123629|026|675|1|30300058|130010004|130752259|1|20220520|113544|8001851|20220520|124329|8002706|1|0|0|      |20220520|20220520|0603|2022-05-31 16:06:16
524483|0000000269365150              |20220520|122703|025|676|1|30300037|130010006|130759016|1|20220520|055547|8002906|20220520|124440|8002488|1|0|0|      |20220520|20220520|0603|2022-05-31 16:06:16
524485|0000000103006362              |20220520|132922|011|676|1|30300054|130010007|130759362|1|20220520|121358|8001260|20220520|133642|8002585|1|0|0|      |20220520|20220520|0603|2022-05-31 16:06:16
524487|0000000311800886              |20220520|135831|030|675|2|30300058|130010004|130752278|1|20220520|130800|8007273|20220520|140255|8001407|1|0|0|      |20220520|20220520|0603|2022-05-31 16:06:16
524489|0000000526702500              |20220520|205424|003|676|1|30300054|130010007|130759378|1|20220520|201121|8001311|20220520|211433|8001793|1|0|0|      |20220520|20220520|0603|2022-05-31 16:06:16
524491|0000000511712520              |20220520|215546|001|676|1|30300054|130010007|130759344|1|20220520|214850|8002909|20220520|220023|8001556|1|0|0|      |20220520|20220520|0603|2022-05-31 16:06:16
524493|0000000281416622              |20220520|182214|008|676|1|30300054|130010007|130759344|1|20220520|180352|8001306|20220520|185003|8001989|1|0|0|      |20220520|20220520|0603|2022-05-31 16:06:16
524495|0000000319992711              |20220520|183918|025|676|1|30300054|130010007|130759376|1|20220520|182138|8001556|20220520|190507|8001568|1|0|0|      |20220520|20220520|0603|2022-05-31 16:06:16
524497|0000000527609532              |20220520|153814|017|676|1|30300054|130010007|130759341|1|20220520|150026|8002160|20220520|161041|8001303|1|0|0|      |20220520|20220520|0603|2022-05-31 16:06:16
525451|0000000124962838              |20220520|204549|015|675|0|30300080|130010009|130759182|1|20220520|115707|8001981|20220520|205111|8002912|1|1250|0|      |20220520|20220520|0603|2022-05-31 16:06:16
525453|0000000530620918              |20220520|175916|031|675|0|30300066|130010015|130759606|4|20220520|165701|8001654|20220520|180117|8001851|1|750|0|      |20220520|20220520|0603|2022-05-31 16:06:16
525455|0000000540003530              |20220520|180234|011|675|0|30300079|130010009|130759148|1|20220520|171721|8002802|20220520|181403|8001669|1|1250|0|      |20220520|20220520|0603|2022-05-31 16:06:16
525457|0000000315721629              |20220520|174023|014|675|0|30300067|130010001|130759742|1|20220520|153356|8002379|20220520|180816|8002648|1|1250|0|      |20220520|20220520|0603|2022-05-31 16:06:16
525459|0000000524292671              |20220520|225929|009|675|0|30300080|130010009|130759108|4|20220520|222644|8006007|20220520|231434|8002950|1|750|0|      |20220520|20220520|0603|2022-05-31 16:06:16
525461|0000000171823255              |20220520|064600|024|675|0|30300075|130010005|130759213|1|20220520|062738|8002289|20220520|065648|8001417|1|1250|0|      |20220520|20220520|0603|2022-05-31 16:06:16
525463|0000000097396801              |20220520|065127|025|679|0|30300063|130010001|130759748|1|20220520|063944|8001994|20220520|065943|8002634|1|1250|0|      |20220520|20220520|0603|2022-05-31 16:06:16
525465|0000000504872080              |20220520|071744|027|675|0|30300079|130010009|130759175|1|20220520|061839|8001744|20220520|072232|8002465|1|1250|0|      |20220520|20220520|0603|2022-05-31 16:06:16
525467|0000000509553120              |20220520|103504|002|676|0|30300038|130010014|130753524|1|20220520|094911|8002392|20220520|111918|8002733|1|1250|0|      |20220520|20220520|0603|2022-05-31 16:06:16
530249|0000000090130075              |20220520|110925|026|674|0|30300002|130010007|130759307|4|20220520|105851|8001963|20220520|112100|8002437|1|750|0|      |20220520|20220520|0603|2022-05-31 16:06:16
530251|0000000302168859              |20220520|120714|014|675|0|30300075|130010005|130759227|1|20220520|115432|8001430|20220520|121806|8002906|1|1250|0|      |20220520|20220520|0603|2022-05-31 16:06:16
530253|0000000536557438              |20220520|130148|003|676|0|30300088|130010002|130752372|4|20220520|123213|8001166|20220520|130335|8001219|1|750|0|      |20220520|20220520|0603|2022-05-31 16:06:16
530255|0000000537142415              |20220520|135317|005|676|0|30300071|130010009|130759144|1|20220520|114744|8001078|20220520|140230|8002758|1|1250|0|      |20220520|20220520|0603|2022-05-31 16:06:16
530257|0000000545759798              |20220520|145200|022|676|0|30300043|130010015|130759677|4|20220520|144610|8005587|20220520|145848|8007325|1|750|0|      |20220520|20220520|0603|2022-05-31 16:06:16
530664|0000000507017919              |20220520|085413|001|676|0|30300040|130010013|130759871|1|20220520|064736|8002763|20220520|085718|8002954|1|1250|0|      |20220520|20220520|0603|2022-05-31 16:06:16
530666|0000000172584832              |20220520|100254|018|676|0|30300054|130010007|130759384|1|20220520|095448|8001794|20220520|103233|8001568|1|1250|0|      |20220520|20220520|0603|2022-05-31 16:06:16
530668|0000000511079816              |20220520|110651|028|675|0|30300076|130010014|130753239|1|20220520|110309|8002831|20220520|115649|8001413|1|1250|0|      |20220520|20220520|0603|2022-05-31 16:06:16
530670|0000000510297294              |20220520|130514|018|676|0|30300054|130010007|130759353|1|20220520|122855|8002556|20220520|131642|8005943|1|1250|0|      |20220520|20220520|0603|2022-05-31 16:06:16
530672|0000000308040250              |20220520|140017|017|675|0|30300060|130010014|130753522|1|20220520|130959|8002851|20220520|141026|8001005|1|1250|0|      |20220520|20220520|0603|2022-05-31 16:06:16
530674|0000000522439710              |20220520|144454|004|676|0|30300051|130010008|130752142|1|20220520|143939|8001535|20220520|144647|8001096|1|1250|0|      |20220520|20220520|0603|2022-05-31 16:06:16
530676|0000000171766429              |20220520|151402|009|674|0|30300100|130010002|130752358|1|20220520|142013|8001412|20220520|153935|8001493|1|1250|0|      |20220520|20220520|0603|2022-05-31 16:06:16
530678|0000000302262557              |20220520|211934|012|676|0|30300070|130010004|130752265|1|20220520|140813|8002794|20220520|213025|8002729|1|1250|0|      |20220520|20220520|0603|2022-05-31 16:06:16
530680|0000000541486250              |20220520|221722|015|676|0|30300068|130010006|130759025|4|20220520|213144|8002942|20220520|222626|8001097|1|750|0|      |20220520|20220520|0603|2022-05-31 16:06:16
530682|0000000315616648              |20220520|153750|014|675|0|30300067|130010001|130759473|4|20220520|144832|8001409|20220520|160746|8001651|1|750|0|      |20220520|20220520|0603|2022-05-31 16:06:16
530684|0000000533132941              |20220520|161126|021|676|0|30300068|130010006|130752059|4|20220520|150157|8003101|20220520|164133|8002970|1|750|0|      |20220520|20220520|0603|2022-05-31 16:06:16
530686|0000000533995365              |20220520|173227|024|675|0|30300058|130010004|130752247|1|20220520|154414|8007274|20220520|180248|8001935|1|1250|0|      |20220520|20220520|0603|2022-05-31 16:06:16
530688|0000000125603058              |20220520|221420|023|676|0|30300054|130010007|130759340|1|20220520|214722|8002453|20220520|224745|8002910|1|1250|0|      |20220520|20220520|0603|2022-05-31 16:06:16
532420|0000000535402023              |20220520|163931|022|676|0|30300069|130010001|130759409|1|20220520|163142|8002950|20220520|170627|8002649|1|1250|0|      |20220520|20220520|0603|2022-05-31 16:06:16
532422|0000000547799784              |20220520|181058|009|675|0|30300108|130010007|130759317|4|20220520|180439|8070046|20220520|182439|8001273|1|750|0|      |20220520|20220520|0603|2022-05-31 16:06:16
532424|0000000293195959              |20220520|171308|002|676|0|30300037|130010006|130752044|4|20220520|170933|8002920|20220520|180956|8002310|1|750|0|      |20220520|20220520|0603|2022-05-31 16:06:16
532426|0000000293358672              |20220520|225938|011|676|0|30300088|130010006|130752006|1|20220520|211833|8002722|20220520|232238|8001555|1|1250|0|      |20220520|20220520|0603|2022-05-31 16:06:16
532428|0000000177315100              |20220520|061009|017|675|0|30300080|130010009|130759103|1|20220520|054451|8001985|20220520|063739|8001460|1|1250|0|      |20220520|20220520|0603|2022-05-31 16:06:16
532430|0000000515674324              |20220520|071916|006|675|0|30300053|130010002|130752387|1|20220520|054804|8001735|20220520|073245|8001028|1|1250|0|      |20220520|20220520|0603|2022-05-31 16:06:16
532432|0000000303137292              |20220520|073722|022|675|0|30300127|130010004|130752280|1|20220520|063336|8007283|20220520|074317|8001081|1|1250|0|      |20220520|20220520|0603|2022-05-31 16:06:16
532434|0000000301523145              |20220520|075733|014|675|0|30300058|130010004|130752257|1|20220520|062948|8001516|20220520|080732|8007274|1|1250|0|      |20220520|20220520|0603|2022-05-31 16:06:16
532436|0000000518603638              |20220520|082709|009|675|0|30300045|130010006|130752058|1|20220520|075437|8002984|20220520|084724|8002914|1|1250|0|      |20220520|20220520|0603|2022-05-31 16:06:16
532438|0000000511817154              |20220520|073656|011|674|0|30300002|130010007|130759336|1|20220520|073101|8002050|20220520|084451|8001419|1|1250|0|      |20220520|20220520|0603|2022-05-31 16:06:16
532440|0000000102447374              |20220520|100841|002|674|0|30300002|130010007|130759313|1|20220520|091537|8002880|20220520|102105|8001419|1|1250|0|      |20220520|20220520|0603|2022-05-31 16:06:16
532442|0000000546698558              |20220520|102157|022|676|0|30300072|130010001|130759726|4|20220520|101329|8001060|20220520|111816|8003051|1|750|0|      |20220520|20220520|0603|2022-05-31 16:06:16
532444|0000000546030439              |20220520|113018|022|676|0|30300089|130010011|130759574|4|20220520|102312|8007549|20220520|114023|8002468|1|750|0|      |20220520|20220520|0603|2022-05-31 16:06:16
532446|0000000505769830              |20220520|130451|027|675|0|30300081|130010011|130759571|1|20220520|130015|8001553|20220520|132939|8002075|1|1250|0|      |20220520|20220520|0603|2022-05-31 16:06:16
532691|0000000522438227              |20220520|165241|010|675|0|30300145|130010014|130753528|1|20220520|152849|8002395|20220520|165845|8002412|1|1250|0|      |20220520|20220520|0603|2022-05-31 16:06:16
532693|0000000522668890              |20220520|164119|005|676|0|30300041|130010012|130753332|4|20220520|163058|8005991|20220520|165128|8070027|1|750|0|      |20220520|20220520|0603|2022-05-31 16:06:16
532695|0000000511934867              |20220520|170601|017|676|0|30300072|130010001|130759421|1|20220520|165449|8002486|20220520|171214|8002357|1|1250|0|      |20220520|20220520|0603|2022-05-31 16:06:16
532697|0000000542751053              |20220520|172444|004|676|0|30300089|130010011|130759512|4|20220520|141524|8007490|20220520|172836|8001556|1|750|0|      |20220520|20220520|0603|2022-05-31 16:06:16
532699|0000000110393880              |20220520|173714|016|675|0|30300079|130010009|130759123|1|20220520|152156|8002628|20220520|180716|8001536|1|1250|0|      |20220520|20220520|0603|2022-05-31 16:06:16
535523|0000000543668001              |20220520|080130|014|675|0|30300083|130010001|130759771|4|20220520|071354|8002692|~       |      |~      |1|750|0|      |20220520|~       |0603|2022-05-31 16:06:16
535525|0000000526766172              |20220520|101832|017|676|1|30300071|130010009|130759176|4|20220520|094619|8001991|~       |      |~      |1|0|0|      |20220520|~       |0603|2022-05-31 16:06:16
535527|0000000532600513              |20220520|154345|020|676|0|30300090|130010005|130759215|1|20220520|135822|8001287|~       |      |~      |1|1250|0|      |20220520|~       |0603|2022-05-31 16:06:16
535529|0000000492008742              |20220520|164247|002|676|0|30300068|130010006|130752009|1|20220520|150727|8001262|~       |      |~      |1|1250|0|      |20220520|~       |0603|2022-05-31 16:06:16
535531|0000000524292658              |20220520|183352|017|676|0|30300037|130010006|130752040|4|20220520|140540|8002906|~       |      |~      |1|750|0|      |20220520|~       |0603|2022-05-31 16:06:16
535533|0000000541903540              |20220520|181019|003|676|1|30300040|130010007|130759366|4|20220520|174900|8002898|~       |      |~      |1|0|0|      |20220520|~       |0603|2022-05-31 16:06:16
535535|0000000533653579              |20220520|184722|021|675|0|30300055|130010014|130753234|1|20220520|172428|8001929|~       |      |~      |1|1250|0|      |20220520|~       |0603|2022-05-31 16:06:16
535537|0000000521097386              |20220520|092456|031|676|0|30300038|130010014|130753524|1|20220520|080311|8001426|~       |      |~      |1|1250|0|      |20220520|~       |0603|2022-05-31 16:06:16
535539|0000000513781176              |20220520|140037|009|674|1|30300104|130010002|130752341|4|20220520|133508|8001425|~       |      |~      |1|0|0|      |20220520|~       |0603|2022-05-31 16:06:16
535541|0000000546579734              |20220520|141630|012|675|0|30300079|130010009|130759171|2|20220520|125906|8001539|~       |      |~      |1|350|0|      |20220520|~       |0603|2022-05-31 16:06:16
535543|0000000171903729              |20220520|191620|028|675|1|30300062|130010008|130752705|1|20220520|180210|8001567|~       |      |~      |1|0|0|      |20220520|~       |0603|2022-05-31 16:06:16
535545|0000000566295260              |20220520|162453|020|675|0|30300055|130010014|130753210|4|20220520|151011|8002064|~       |      |~      |1|750|0|      |20220520|~       |0603|2022-05-31 16:06:16
535547|0000000547439950              |20220520|095322|029|675|0|30300053|130010002|130752386|1|20220520|093108|8002351|~       |      |~      |1|1250|0|      |20220520|~       |0603|2022-05-31 16:06:16
535549|0000000131083379              |20220520|132717|024|675|0|30300080|130010009|130759152|1|20220520|123431|8001982|~       |      |~      |1|1250|0|      |20220520|~       |0603|2022-05-31 16:06:16
535581|0000000598765249              |20220520|193446|002|679|0|30300063|130010001|130759410|1|20220520|180006|8005121|~       |      |~      |1|1200|0|      |20220520|~       |0603|2022-05-31 16:06:16
535583|0000000596183542              |20220520|161940|001|676|1|30300051|130010008|130752130|4|20220520|152602|8001934|~       |      |~      |1|0|0|      |20220520|~       |0603|2022-05-31 16:06:16
535585|0000000540351020              |20220520|172352|008|676|0|30300068|130010006|130752032|1|20220520|170338|8001096|~       |      |~      |1|1250|0|      |20220520|~       |0603|2022-05-31 16:06:16
535587|0000000529070596              |20220520|083403|018|675|0|30300055|130010014|130753252|1|20220520|082618|8001827|~       |      |~      |1|1250|0|      |20220520|~       |0603|2022-05-31 16:06:16
535589|0000000133315777              |20220520|095957|029|675|1|30300078|130010008|130752170|1|20220520|082321|8001417|~       |      |~      |1|0|0|      |20220520|~       |0603|2022-05-31 16:06:16
535591|0000000538931376              |20220520|155208|009|676|0|30300088|130010002|130752364|1|20220520|143534|8001555|~       |      |~      |1|1250|0|      |20220520|~       |0603|2022-05-31 16:06:16
535593|0000000534811738              |20220520|215646|006|676|0|30300070|130010004|130752283|1|20220520|144300|8002290|~       |      |~      |1|1250|0|      |20220520|~       |0603|2022-05-31 16:06:16
535595|0000000101419895              |20220520|172638|020|676|0|30300039|130010005|130759271|1|20220520|165142|8002399|~       |      |~      |1|1250|0|      |20220520|~       |0603|2022-05-31 16:06:16
535597|0000000507305195              |20220520|180028|014|676|1|30300070|130010004|130752228|1|20220520|171549|8002454|~       |      |~      |1|0|0|      |20220520|~       |0603|2022-05-31 16:06:16
535599|0000000516894756              |20220520|065442|023|680|0|30300118|130010011|130759524|1|20220520|044906|8002319|~       |      |~      |1|1250|0|      |20220520|~       |0603|2022-05-31 16:06:16
535601|0000000521771353              |20220520|115459|026|676|0|30300043|130010015|130759609|1|20220520|062414|8002636|~       |      |~      |1|1250|0|      |20220520|~       |0603|2022-05-31 16:06:16
535603|0000000496725042              |20220520|190451|011|675|0|30300077|130010006|130752041|2|20220520|184915|8001256|~       |      |~      |1|350|0|      |20220520|~       |0603|2022-05-31 16:06:16
535605|0000000493602349              |20220520|170407|004|675|1|30300078|130010008|130752165|2|20220520|164211|8002620|~       |      |~      |1|0|0|      |20220520|~       |0603|2022-05-31 16:06:16
535607|0000000543075189              |20220520|223931|023|832|1|30300128|130710001|130759911|1|20220520|062233|8007275|~       |      |~      |1|450|0|      |20220520|~       |0603|2022-05-31 16:06:16
535609|0000000509421441              |20220520|065932|026|675|0|30300057|130010001|130759755|4|20220520|061831|8002600|~       |      |~      |1|750|0|      |20220520|~       |0603|2022-05-31 16:06:16
535671|0000000542413814              |20220520|071742|026|675|0|30300060|130010014|130753244|4|20220520|053843|8005913|~       |      |~      |1|750|0|      |20220520|~       |0603|2022-05-31 16:06:16
535673|0000000544583507              |20220520|080520|016|674|0|30300100|130010002|130752358|4|20220520|074411|8002118|~       |      |~      |1|750|0|      |20220520|~       |0603|2022-05-31 16:06:16
535675|0000000520347240              |20220520|091441|017|676|1|30300040|130010007|130759380|1|20220520|084605|8002760|~       |      |~      |1|0|0|      |20220520|~       |0603|2022-05-31 16:06:16
535677|0000000176859860              |20220520|143751|001|675|0|30300067|130010001|130759481|1|20220520|134858|8001529|~       |      |~      |1|1250|0|      |20220520|~       |0603|2022-05-31 16:06:16
535679|0000000536913751              |20220520|162329|002|674|0|30300002|130010007|130759322|1|20220520|155935|8002437|~       |      |~      |1|1250|0|      |20220520|~       |0603|2022-05-31 16:06:16
535681|0000000532826836              |20220520|220617|013|675|0|30300066|130010015|130759682|4|20220520|212148|8001539|~       |      |~      |1|750|0|      |20220520|~       |0603|2022-05-31 16:06:16
535683|0000000538205909              |20220520|161921|021|675|0|30300049|130010004|130752216|4|20220520|153032|8001589|~       |      |~      |1|750|0|      |20220520|~       |0603|2022-05-31 16:06:16
535685|0000000535513352              |20220520|064746|026|675|0|30300053|130010002|130752328|1|20220520|061825|8002119|~       |      |~      |1|1250|0|      |20220520|~       |0603|2022-05-31 16:06:16
511066|0000000296079991              |20220520|211343|014|676|0|30300131|130010008|130752724|1|20220520|210230|8001078|20220520|212213|8002754|1|1250|0|      |20220520|20220520|0603|2022-05-31 16:06:16
511068|0000000825287922              |20220520|203011|002|676|0|30300088|130010002|130752511|1|20220520|200321|8001585|20220520|210416|8002721|1|1250|0|      |20220520|20220520|0603|2022-05-31 16:06:16
511070|0000000317563518              |20220520|212931|012|675|0|30300101|130010002|130752327|1|20220520|212105|8001078|20220520|214937|8007245|1|1250|0|      |20220520|20220520|0603|2022-05-31 16:06:16
511072|0000000503173042              |20220520|215044|002|676|0|30300054|130010007|130759351|1|20220520|212100|8001922|20220520|221451|8002976|1|1250|0|      |20220520|20220520|0603|2022-05-31 16:06:16
511074|0000000546933226              |20220520|212822|001|679|0|30300063|130010001|130759410|1|20220520|211900|8001096|20220520|220136|8001110|1|1250|0|      |20220520|20220520|0603|2022-05-31 16:06:16
511076|0000000541721341              |20220520|221745|004|676|0|30300131|130010008|130752707|1|20220520|220607|8001078|20220520|223032|8070017|1|1250|0|      |20220520|20220520|0603|2022-05-31 16:06:16
511078|0000000517507601              |20220520|190844|018|676|0|30300072|130010001|130759432|1|20220520|175540|8001078|20220520|191422|8001058|1|1250|0|      |20220520|20220520|0603|2022-05-31 16:06:16
511485|0000000903892624              |20220520|191216|015|675|0|30300145|130010014|130753528|1|20220520|174432|8002955|20220520|193350|8002412|1|1250|0|      |20220520|20220520|0603|2022-05-31 16:06:16
511487|0000000743322183              |20220520|131346|007|674|0|30300104|130010002|130752504|1|20220520|130844|8001078|20220520|132057|8001426|1|1250|0|      |20220520|20220520|0603|2022-05-31 16:06:16
511489|0000000903420931              |20220520|203839|004|675|0|30300050|130010007|130759369|1|20220520|193914|8002206|20220520|204522|8002374|1|1250|0|      |20220520|20220520|0603|2022-05-31 16:06:16
511491|0000000903813568              |20220520|201428|016|675|0|30300101|130010002|130752396|1|20220520|194244|8001645|20220520|202420|8002453|1|1250|0|      |20220520|20220520|0603|2022-05-31 16:06:16
511493|0000000903114342              |20220520|204000|012|675|0|30300055|130010014|130753238|1|20220520|200335|8002627|20220520|205452|8001402|1|1250|0|      |20220520|20220520|0603|2022-05-31 16:06:16
511495|0000000719250561              |20220520|211323|020|675|0|30300145|130010014|130753528|1|20220520|200143|8002955|20220520|213132|8002412|1|1250|0|      |20220520|20220520|0603|2022-05-31 16:06:16
511497|0000000905465064              |20220520|152948|005|675|0|30300062|130010008|130752129|1|20220520|144757|8001567|20220520|153440|8001923|1|1250|0|      |20220520|20220520|0603|2022-05-31 16:06:16
511499|0000000703011365              |20220520|152521|004|675|0|30300055|130010014|130753263|1|20220520|150226|8002627|20220520|154347|8001402|1|1250|0|      |20220520|20220520|0603|2022-05-31 16:06:16
511501|0000000911220776              |20220520|161838|005|675|0|30300055|130010014|130753250|1|20220520|153413|8002627|20220520|164102|8001402|1|1250|0|      |20220520|20220520|0603|2022-05-31 16:06:16
511503|0000000768321903              |20220520|221949|005|675|0|30300055|130010014|130753212|1|20220520|152547|8002627|20220520|223228|8001402|1|1250|0|      |20220520|20220520|0603|2022-05-31 16:06:16
511505|0000000742355277              |20220520|061112|004|675|0|30300101|130010002|130752311|1|20220520|054223|8001645|20220520|061644|8002453|1|1250|0|      |20220520|20220520|0603|2022-05-31 16:06:16
511507|0000000771475208              |20220520|072840|024|675|0|30300077|130010006|130752013|1|20220520|071415|8001228|20220520|073521|8001419|1|1250|0|      |20220520|20220520|0603|2022-05-31 16:06:16
511509|0000000903227755              |20220520|135640|010|675|0|30300067|130010001|130759707|1|20220520|114839|8001252|20220520|141500|8001414|1|1250|0|      |20220520|20220520|0603|2022-05-31 16:06:16
511916|0000000763392656              |20220520|091043|017|674|0|30300104|130010002|130752341|1|20220520|090656|8001960|20220520|095112|8001567|1|1250|0|      |20220520|20220520|0603|2022-05-31 16:06:16
511918|0000000713183951              |20220520|093350|005|675|0|30300047|130010001|130759433|1|20220520|091034|8003053|20220520|094950|8005991|1|1250|0|      |20220520|20220520|0603|2022-05-31 16:06:16
511920|0000000769040283              |20220520|171741|005|675|0|30300053|130010002|130752386|1|20220520|171345|8002468|20220520|172631|8002758|1|1250|0|      |20220520|20220520|0603|2022-05-31 16:06:16
511922|0000000714174044              |20220520|165938|004|675|0|30300060|130010014|130753526|1|20220520|162235|8007277|20220520|172951|8006006|1|1250|0|      |20220520|20220520|0603|2022-05-31 16:06:16
511924|0000000627707659              |20220520|174137|015|675|0|30300059|130010004|130752256|1|20220520|174123|8002968|20220520|175656|8001587|1|1250|0|      |20220520|20220520|0603|2022-05-31 16:06:16
511926|0000000730555660              |20220520|173245|021|675|0|30300056|130010012|130753325|1|20220520|165018|8001053|20220520|175040|8001368|1|1250|0|      |20220520|20220520|0603|2022-05-31 16:06:16
511928|0000000743756087              |20220520|175744|025|675|0|30300149|130810001|130753620|1|20220520|173209|8007549|20220520|181715|8002873|1|1250|0|      |20220520|20220520|0603|2022-05-31 16:06:16
511930|0000000628311435              |20220520|175136|025|674|0|30300002|130010007|130759320|1|20220520|174112|8001200|20220520|181420|8002131|1|1250|0|      |20220520|20220520|0603|2022-05-31 16:06:16
511932|0000000764012632              |20220520|181124|017|675|0|30300053|130010002|130752513|1|20220520|175326|8002425|20220520|183013|8002965|1|1250|0|      |20220520|20220520|0603|2022-05-31 16:06:16
511934|0000000741324427              |20220520|182456|008|681|0|30300042|130010009|130759104|1|20220520|154754|8001425|20220520|184135|8001587|1|1250|0|      |20220520|20220520|0603|2022-05-31 16:06:16
511936|0000000616654184              |20220520|183527|026|675|0|30300056|130010012|130753319|1|20220520|154836|8001852|20220520|184401|8001491|1|1250|0|      |20220520|20220520|0603|2022-05-31 16:06:16
511938|0000000626836169              |20220520|182334|028|675|0|30300076|130010014|130753270|1|20220520|135254|8002786|20220520|184903|8005948|1|1250|0|      |20220520|20220520|0603|2022-05-31 16:06:16
511940|0000000754805791              |20220520|183306|014|679|0|30300063|130010001|130759748|1|20220520|164035|8002852|20220520|191957|8001412|1|1250|0|      |20220520|20220520|0603|2022-05-31 16:06:16
511942|0000000776711076              |20220520|121822|017|675|0|30300060|130010014|130753244|1|20220520|053843|8001950|20220520|122429|8001074|1|1250|0|      |20220520|20220520|0603|2022-05-31 16:06:16
512349|0000000732087923              |20220520|221603|014|675|0|30300077|130010006|130752064|1|20220520|215328|8001495|20220520|222225|8001948|1|1250|0|      |20220520|20220520|0603|2022-05-31 16:06:16
512351|0000000752178622              |20220520|220108|026|675|0|30300055|130010014|130753234|1|20220520|211755|8001529|20220520|222915|8001828|1|1250|0|      |20220520|20220520|0603|2022-05-31 16:06:16
512353|0000000758140359              |20220520|204920|016|675|0|30300067|130010001|130759729|1|20220520|180643|8002635|20220520|205459|8002571|1|1250|0|      |20220520|20220520|0603|2022-05-31 16:06:16
510668|0000000774281706              |20220520|210308|015|676|0|30300089|130010011|130759527|1|20220520|205728|8001418|20220520|215902|8005508|1|1250|0|      |20220520|20220520|0603|2022-05-31 16:06:16
510670|0000000716301282              |20220520|220238|028|675|0|30300064|130010015|130759642|1|20220520|054714|8002652|20220520|221201|8002437|1|1250|0|      |20220520|20220520|0603|2022-05-31 16:06:16
510672|0000000908323991              |20220520|201055|011|675|0|30300083|130010001|130759780|1|20220520|192001|8001654|20220520|202208|8005910|1|1250|0|      |20220520|20220520|0603|2022-05-31 16:06:16
511079|0000000277685880              |20220520|194807|010|674|0|30300002|130010007|130759326|1|20220520|185315|8001096|20220520|200157|8005994|1|1250|0|      |20220520|20220520|0603|2022-05-31 16:06:16
511081|0000000317080189              |20220520|201049|018|674|0|30300104|130010002|130752314|1|20220520|195651|8001078|20220520|203821|8001028|1|1250|0|      |20220520|20220520|0603|2022-05-31 16:06:16
511083|0000000271565031              |20220520|164345|006|676|0|30300069|130010001|130759409|1|20220520|163142|8001096|20220520|165432|8007518|1|1250|0|      |20220520|20220520|0603|2022-05-31 16:06:16
511085|0000000543624416              |20220520|174143|027|675|0|30300094|130010014|130753609|1|20220520|172115|8001596|20220520|174611|8005520|1|1250|0|      |20220520|20220520|0603|2022-05-31 16:06:16
511087|0000000541642575              |20220520|171007|005|674|0|30300104|130010002|130752313|1|20220520|170504|8001078|20220520|174343|8001028|1|1250|0|      |20220520|20220520|0603|2022-05-31 16:06:16
511089|0000000544272991              |20220520|180448|023|676|0|30300093|130010004|130752213|1|20220520|114105|8001096|20220520|183658|8002537|1|1250|0|      |20220520|20220520|0603|2022-05-31 16:06:16
511091|0000000825270847              |20220520|224328|002|676|0|30300054|130010007|130759358|1|20220520|222835|8001556|20220520|224457|8001304|1|1250|0|      |20220520|20220520|0603|2022-05-31 16:06:16
511093|0000000542641249              |20220520|072703|008|676|0|30300071|130010009|130759176|1|20220520|064123|8002814|20220520|074140|8003007|1|1250|0|      |20220520|20220520|0603|2022-05-31 16:06:16
511095|0000000313615908              |20220520|084551|024|676|0|30300071|130010009|130759186|1|20220520|064239|8001922|20220520|084838|8001989|1|1250|0|      |20220520|20220520|0603|2022-05-31 16:06:16
511097|0000000317288249              |20220520|112451|010|674|0|30300002|130010007|130759322|1|20220520|102952|8001096|20220520|113255|8001419|1|1250|0|      |20220520|20220520|0603|2022-05-31 16:06:16
511099|0000000319069146              |20220520|115022|017|674|0|30300002|130010007|130759324|1|20220520|105823|8001096|20220520|120051|8001419|1|1250|0|      |20220520|20220520|0603|2022-05-31 16:06:16
511101|0000000514446596              |20220520|141245|002|676|0|30300071|130010009|130759147|1|20220520|121727|8001922|20220520|141803|8002468|1|1250|0|      |20220520|20220520|0603|2022-05-31 16:06:16
511103|0000000316707329              |20220520|152531|028|676|0|30300054|130010007|130759376|1|20220520|145154|8001922|20220520|153727|8002452|1|1250|0|      |20220520|20220520|0603|2022-05-31 16:06:16
511105|0000000539921362              |20220520|204134|020|676|0|30300072|130010001|130759734|1|20220520|202329|8002814|20220520|205657|8003006|1|1250|0|      |20220520|20220520|0603|2022-05-31 16:06:16
511512|0000000909706223              |20220520|144148|006|675|0|30300083|130010001|130759722|1|20220520|141954|8002727|20220520|145143|8002697|1|1250|0|      |20220520|20220520|0603|2022-05-31 16:06:16
511514|0000000652501015              |20220520|152047|030|679|0|30300063|130010001|130759787|1|20220520|140623|8001996|20220520|152818|8001039|1|1250|0|      |20220520|20220520|0603|2022-05-31 16:06:16
511516|0000000903447035              |20220520|080720|021|675|0|30300049|130010004|130752237|1|20220520|071613|8001053|20220520|082902|8001494|1|1250|0|      |20220520|20220520|0603|2022-05-31 16:06:16
511518|0000000635858442              |20220520|084059|022|674|0|30300002|130010007|130759325|1|20220520|083144|8001792|20220520|090126|8001097|1|1250|0|      |20220520|20220520|0603|2022-05-31 16:06:16
511520|0000000708092424              |20220520|085926|023|679|0|30300063|130010001|130759748|1|20220520|075614|8001412|20220520|090716|8003022|1|1250|0|      |20220520|20220520|0603|2022-05-31 16:06:16
511522|0000000749369528              |20220520|091556|022|674|0|30300002|130010007|130759329|1|20220520|090314|8001792|20220520|093537|8001097|1|1250|0|      |20220520|20220520|0603|2022-05-31 16:06:16
511524|0000000921625864              |20220520|170803|011|675|0|30300145|130010014|130753529|1|20220520|163630|8001196|20220520|171938|8002412|1|1250|0|      |20220520|20220520|0603|2022-05-31 16:06:16
511526|0000000730815286              |20220520|180329|002|679|0|30300063|130010001|130759774|1|20220520|165623|8001412|20220520|181329|8003022|1|1250|0|      |20220520|20220520|0603|2022-05-31 16:06:16
511528|0000000918031694              |20220520|181933|002|675|0|30300145|130010014|130753606|1|20220520|173911|8001196|20220520|183145|8002412|1|1250|0|      |20220520|20220520|0603|2022-05-31 16:06:16
511530|0000000765565716              |20220520|180939|001|674|0|30300002|130010007|130759308|1|20220520|175712|8001792|20220520|183653|8001097|1|1250|0|      |20220520|20220520|0603|2022-05-31 16:06:16
511532|0000000747854038              |20220520|181946|023|679|0|30300063|130010001|130759773|1|20220520|171414|8001412|20220520|183200|8003022|1|1250|0|      |20220520|20220520|0603|2022-05-31 16:06:16
511534|0000000745641658              |20220520|124407|026|678|0|30300074|130110001|130745028|1|20220517|143234|8001412|20220520|130219|8002994|1|1250|0|      |20220520|20220520|0603|2022-05-31 16:06:16
511536|0000000722543051              |20220520|213103|010|675|0|30300082|130010001|130759770|1|20220520|204940|8005922|20220520|214507|8001047|1|1250|0|      |20220520|20220520|0603|2022-05-31 16:06:16
511943|0000000674280487              |20220520|115940|029|675|0|30300081|130010011|130759506|1|20220520|053247|8002453|20220520|123405|8001986|1|1250|0|      |20220520|20220520|0603|2022-05-31 16:06:16
511945|0000000920864761              |20220520|122123|006|675|0|30300067|130010001|130759735|1|20220520|113104|8002357|20220520|122551|8002630|1|1250|0|      |20220520|20220520|0603|2022-05-31 16:06:16
511947|0000000918027501              |20220520|131550|002|675|0|30300060|130010014|130753223|1|20220520|125828|8001460|20220520|132035|8001398|1|1250|0|      |20220520|20220520|0603|2022-05-31 16:06:16
511949|0000000750766184              |20220520|132901|024|675|0|30300082|130010001|130759776|1|20220520|125655|8001928|20220520|134038|8005922|1|1250|0|      |20220520|20220520|0603|2022-05-31 16:06:16
511951|0000000750927069              |20220520|215255|024|675|0|30300079|130010009|130759171|1|20220520|205407|8003022|20220520|215744|8002312|1|1250|0|      |20220520|20220520|0603|2022-05-31 16:06:16
511953|0000000744875111              |20220520|215248|018|675|0|30300048|130010006|130752060|1|20220520|211110|8002409|20220520|215748|8001425|1|1250|0|      |20220520|20220520|0603|2022-05-31 16:06:16
511955|0000000743329685              |20220520|195512|003|678|0|30300074|130010014|130753222|1|20220520|174240|8002934|20220520|201447|8001039|1|1250|0|      |20220520|20220520|0603|2022-05-31 16:06:16
513246|0000000516898879              |20220520|143030|004|674|1|30300100|130010002|130752348|1|20220520|142458|8001412|20220520|145813|8002542|1|0|0|      |20220520|20220520|0603|2022-05-31 16:06:16
513248|0000000100901186              |20220520|143111|001|676|1|30300086|130010013|130759808|1|20220520|130119|8002437|20220520|144159|8001097|1|0|0|      |20220520|20220520|0603|2022-05-31 16:06:16
513250|0000000546599262              |20220520|150751|002|675|1|30300049|130010004|130752206|1|20220520|145737|8005998|20220520|151650|8001935|1|0|0|      |20220520|20220520|0603|2022-05-31 16:06:16
513252|0000000520027882              |20220520|152648|009|674|1|30300002|130010007|130759325|1|20220520|144155|8002464|20220520|154012|8001096|1|0|0|      |20220520|20220520|0603|2022-05-31 16:06:16
513254|0000000300703776              |20220520|192820|015|675|1|30300108|130010007|130759316|1|20220520|191142|8002721|20220520|194118|8007320|1|0|0|      |20220520|20220520|0603|2022-05-31 16:06:16
513256|0000000540003151              |20220520|203829|004|675|2|30300053|130010002|130752513|1|20220520|200410|8002118|20220520|204718|8001237|1|0|0|      |20220520|20220520|0603|2022-05-31 16:06:16
513258|0000000527875612              |20220520|163617|021|675|1|30300047|130010001|130759718|1|20220520|150945|8002411|20220520|164749|8003101|1|0|0|      |20220520|20220520|0603|2022-05-31 16:06:16
513260|0000000547699340              |20220520|170442|015|675|1|30300083|130010001|130759710|1|20220520|162633|8002829|20220520|171257|8002296|1|0|0|      |20220520|20220520|0603|2022-05-31 16:06:16
513262|0000000127295120              |20220520|172129|030|678|1|30300074|130010014|130753217|1|20220520|170358|8001096|20220520|172655|8002993|1|0|0|      |20220520|20220520|0603|2022-05-31 16:06:16
513264|0000000535073696              |20220520|172212|008|676|2|30300051|130010008|130752125|1|20220520|162451|8001028|20220520|173841|8001292|1|0|0|      |20220520|20220520|0603|2022-05-31 16:06:16
513671|0000000543978946              |20220520|201544|010|675|1|30300082|130010001|130759770|1|20220520|190929|8002558|20220520|202334|8005563|1|0|0|      |20220520|20220520|0603|2022-05-31 16:06:16
513673|0000000508274215              |20220520|161422|017|676|1|30300051|130010008|130752102|1|20220520|152730|8001493|20220520|162443|8001028|1|0|0|      |20220520|20220520|0603|2022-05-31 16:06:16
513675|0000000520349880              |20220520|163320|028|679|2|30300063|130010001|130759787|1|20220520|153602|8002634|20220520|164025|8001660|1|0|0|      |20220520|20220520|0603|2022-05-31 16:06:16
513677|0000000528275487              |20220520|171910|029|675|1|30300076|130010014|130753233|1|20220520|155731|8001262|20220520|173457|8005948|1|0|0|      |20220520|20220520|0603|2022-05-31 16:06:16
513679|0000000547773056              |20220520|180003|008|676|1|30300041|130010012|130753303|1|20220520|175930|8070030|20220520|181220|8002412|1|0|0|      |20220520|20220520|0603|2022-05-31 16:06:16
513681|0000000534040056              |20220520|175207|011|675|1|30300053|130010002|130752376|1|20220520|174648|8002468|20220520|175442|8006006|1|0|0|      |20220520|20220520|0603|2022-05-31 16:06:16
513683|0000000534040056              |20220520|180549|011|675|2|30300101|130010002|130752332|1|20220520|140543|8002452|20220520|184632|8001083|1|0|0|      |20220520|20220520|0603|2022-05-31 16:06:16
513685|0000000537968666              |20220520|070525|017|676|1|30300071|130010009|130759174|1|20220520|060511|8002279|20220520|072310|8001114|1|0|0|      |20220520|20220520|0603|2022-05-31 16:06:16
513687|0000000544013863              |20220520|074527|026|676|1|30300090|130010005|130759225|1|20220520|063425|8003006|20220520|075844|8003108|1|0|0|      |20220520|20220520|0603|2022-05-31 16:06:16
513689|0000000509472246              |20220520|083937|020|675|1|30300055|130010014|130753227|1|20220520|075251|8002635|20220520|085606|8002347|1|0|0|      |20220520|20220520|0603|2022-05-31 16:06:16
513691|0000000302180900              |20220520|093458|015|675|2|30300049|130010004|130752276|1|20220520|081801|8001940|20220520|094230|8002803|1|0|0|      |20220520|20220520|0603|2022-05-31 16:06:16
513693|0000000544012652              |20220520|093744|024|676|1|30300037|130010006|130752031|1|20220520|085043|8003006|20220520|094519|8002310|1|0|0|      |20220520|20220520|0603|2022-05-31 16:06:16
513695|0000000544013369              |20220520|093411|006|676|1|30300051|130010008|130752125|1|20220520|092742|8001096|20220520|100339|8002433|1|0|0|      |20220520|20220520|0603|2022-05-31 16:06:16
513697|0000000302173451              |20220520|101133|013|676|1|30300070|130010004|130752235|1|20220520|095256|8002824|20220520|102310|8001381|1|0|0|      |20220520|20220520|0603|2022-05-31 16:06:16
514104|0000000544631729              |20220520|085743|022|676|1|30300089|130010011|130759519|1|20220520|064303|8001418|20220520|093501|8002556|1|0|0|      |20220520|20220520|0603|2022-05-31 16:06:16
514106|0000000521627771              |20220520|093743|001|676|1|30300072|130010001|130759427|1|20220520|063446|8002558|20220520|094312|8001078|1|0|0|      |20220520|20220520|0603|2022-05-31 16:06:16
514108|0000000099683531              |20220520|101351|013|680|1|30300010|130010002|130752557|1|20220520|095010|8001011|20220520|102134|8007543|1|0|0|      |20220520|20220520|0603|2022-05-31 16:06:16
514110|0000000513779485              |20220520|111510|015|675|1|30300055|130010014|130753221|1|20220520|103405|8002635|20220520|112120|8002340|1|0|0|      |20220520|20220520|0603|2022-05-31 16:06:16
514112|0000000540002736              |20220520|112346|007|675|1|30300075|130010005|130759222|1|20220520|104647|8001096|20220520|113743|8001421|1|0|0|      |20220520|20220520|0603|2022-05-31 16:06:16
514114|0000000547791111              |20220520|114155|027|676|1|30300054|130010007|130759352|1|20220520|104749|8001646|20220520|114840|8001763|1|0|0|      |20220520|20220520|0603|2022-05-31 16:06:16
514116|0000000536245979              |20220520|123650|005|676|1|30300131|130010008|130752700|1|20220520|115110|8001080|20220520|124026|8007284|1|0|0|      |20220520|20220520|0603|2022-05-31 16:06:16
514118|0000000534966888              |20220520|135332|020|676|1|30300040|130010013|130759872|1|20220520|113349|8001091|20220520|140825|8002997|1|0|0|      |20220520|20220520|0603|2022-05-31 16:06:16
514120|0000000522436395              |20220520|145606|029|675|1|30300066|130010015|130759687|1|20220520|143511|8001538|20220520|152433|8001834|1|0|0|      |20220520|20220520|0603|2022-05-31 16:06:16
514122|0000000531282373              |20220520|150320|003|675|1|30300091|130010013|130759814|1|20220520|131214|8007273|20220520|151853|8002426|1|0|0|      |20220520|20220520|0603|2022-05-31 16:06:16
514124|0000000523807724              |20220520|221633|020|675|1|30300053|130010002|130752394|1|20220520|210426|8006006|20220520|223248|8001730|1|0|0|      |20220520|20220520|0603|2022-05-31 16:06:16
514126|0000000542463864              |20220520|184300|002|676|1|30300037|130010006|130752040|1|20220520|140540|8001097|20220520|184907|8001035|1|0|0|      |20220520|20220520|0603|2022-05-31 16:06:16
514128|0000000534791909              |20220520|190618|031|675|1|30300075|130010005|130759208|1|20220520|165450|8002881|20220520|191145|8002658|1|0|0|      |20220520|20220520|0603|2022-05-31 16:06:16
516708|0000000772255844              |20220520|211009|004|676|1|30300051|130010008|130752124|1|20220520|205326|8001415|20220520|214733|8001371|1|0|0|      |20220520|20220520|0603|2022-05-31 16:06:16
516710|0000000741207418              |20220520|193440|016|675|1|30300079|130010009|130759123|1|20220520|152156|8001483|20220520|194223|8001198|1|0|0|      |20220520|20220520|0603|2022-05-31 16:06:16
516712|0000000658266100              |20220520|201627|026|676|1|30300130|130010008|130752113|1|20220520|193419|8001929|20220520|202438|8007361|1|0|0|      |20220520|20220520|0603|2022-05-31 16:06:16
516714|0000000903324442              |20220520|193421|028|676|2|30300137|130010004|130752600|1|20220520|192748|8002114|20220520|203215|8002524|1|0|0|      |20220520|20220520|0603|2022-05-31 16:06:16
516716|0000000675311611              |20220520|205516|022|676|1|30300071|130010009|130759135|1|20220520|125110|8002570|20220520|205751|8001670|1|0|0|      |20220520|20220520|0603|2022-05-31 16:06:16
516718|0000000743665501              |20220520|211522|001|676|1|30300068|130010006|130759025|1|20220520|210501|8001262|20220520|213054|8007553|1|0|0|      |20220520|20220520|0603|2022-05-31 16:06:16
516720|0000000725000198              |20220520|104507|003|676|1|30300051|130010008|130752101|1|20220520|101542|8001029|20220520|104620|8001009|1|0|0|      |20220520|20220520|0603|2022-05-31 16:06:16
517127|0000000921528482              |20220520|075547|003|676|0|30300054|130010007|130759352|4|20220520|071016|8001568|20220520|084303|8007031|1|750|0|      |20220520|20220520|0603|2022-05-31 16:06:16
517129|0000000756880692              |20220520|083111|030|675|0|30300062|130010008|130752705|4|20220520|075015|8002795|20220520|085801|8007031|1|750|0|      |20220520|20220520|0603|2022-05-31 16:06:16
517131|0000000743771565              |20220520|172454|011|675|0|30300083|130010001|130759789|4|20220520|153321|8001730|20220520|175648|8002696|1|750|0|      |20220520|20220520|0603|2022-05-31 16:06:16
517133|0000000908818036              |20220520|184853|006|675|0|30300058|130010004|130752295|4|20220520|144845|8001852|20220520|190629|8002620|1|750|0|      |20220520|20220520|0603|2022-05-31 16:06:16
517135|0000000719255542              |20220520|210358|016|676|0|30300054|130010007|130759347|4|20220520|205030|8001556|20220520|212654|8001989|1|750|0|      |20220520|20220520|0603|2022-05-31 16:06:16
517137|0000000757104710              |20220520|154858|014|676|0|30300093|130010004|130752272|4|20220520|121558|8001464|20220520|155908|8007002|1|750|0|      |20220520|20220520|0603|2022-05-31 16:06:16
517139|0000000921171134              |20220520|162413|011|675|0|30300053|130010002|130752384|4|20220520|161525|8002948|20220520|164031|8001081|1|750|0|      |20220520|20220520|0603|2022-05-31 16:06:16
517141|0000000709657061              |20220520|163723|007|675|0|30300055|130010014|130753229|4|20220520|135759|8001349|20220520|170609|8001536|1|750|0|      |20220520|20220520|0603|2022-05-31 16:06:16
517143|0000000736284804              |20220520|223046|026|676|0|30300070|130010004|130752265|4|20220520|140813|8002454|20220520|230608|8007177|1|750|0|      |20220520|20220520|0603|2022-05-31 16:06:16
517145|0000000775969715              |20220520|122814|031|675|1|30300046|130010002|130752321|1|20220520|064803|8002376|20220520|131758|8001217|1|0|0|      |20220520|20220520|0603|2022-05-31 16:06:16
517147|0000000753573893              |20220520|134008|022|676|0|30300089|130010011|130759575|4|20220520|105916|8002556|20220520|143609|8001479|1|750|0|      |20220520|20220520|0603|2022-05-31 16:06:16
517149|0000000715763952              |20220520|141308|001|675|0|30300096|130010006|130752063|4|20220520|135737|8001306|20220520|142347|8001331|1|750|0|      |20220520|20220520|0603|2022-05-31 16:06:16
517151|0000000778884582              |20220520|144028|003|676|1|30300069|130010001|130759411|1|20220520|140621|8001571|20220520|144250|8002279|1|0|0|      |20220520|20220520|0603|2022-05-31 16:06:16
517153|0000000634817047              |20220520|074218|024|679|1|30300063|130010001|130759740|1|20220520|073408|8001800|20220520|082740|8002349|1|0|0|      |20220520|20220520|0603|2022-05-31 16:06:16
517560|0000000903191016              |20220520|121606|015|676|1|30300051|130010008|130752125|1|20220520|113605|8001489|20220520|123606|8002629|1|0|0|      |20220520|20220520|0603|2022-05-31 16:06:16
517562|0000000711330035              |20220520|130340|008|675|1|30300050|130010007|130759309|1|20220520|123835|8007549|20220520|131532|8002721|1|0|0|      |20220520|20220520|0603|2022-05-31 16:06:16
517564|0000000743145272              |20220520|131636|010|676|1|30300054|130010007|130759375|1|20220520|123408|8002202|20220520|134216|8001793|1|0|0|      |20220520|20220520|0603|2022-05-31 16:06:16
517566|0000000911166356              |20220520|212216|006|676|1|30300041|130010012|130753312|1|20220520|203648|8001077|20220520|214915|8070029|1|0|0|      |20220520|20220520|0603|2022-05-31 16:06:16
517568|0000000773262050              |20220520|213815|011|675|2|30300081|130010011|130759502|1|20220520|200404|8001259|20220520|215511|8002088|1|0|0|      |20220520|20220520|0603|2022-05-31 16:06:16
517570|0000000734446140              |20220520|194914|015|675|1|30300081|130010011|130759570|1|20220520|060730|8001005|20220520|195734|8001583|1|0|0|      |20220520|20220520|0603|2022-05-31 16:06:16
517572|0000000725385287              |20220520|203534|003|678|1|30300074|130010014|130753237|1|20220520|195110|8002823|20220520|204403|8003009|1|0|0|      |20220520|20220520|0603|2022-05-31 16:06:16
517574|0000000678189174              |20220520|202507|006|676|1|30300043|130010015|130759613|1|20220520|192630|8001789|20220520|204418|8001834|1|0|0|      |20220520|20220520|0603|2022-05-31 16:06:16
517576|0000000765719246              |20220520|212107|014|675|1|30300045|130010006|130752043|1|20220520|143648|8002721|20220520|213544|8002922|1|150|0|      |20220520|20220520|0603|2022-05-31 16:06:16
517578|0000000751113347              |20220520|104315|028|674|1|30300002|130010007|130759311|1|20220520|103914|8002980|20220520|110900|8001097|1|0|0|      |20220520|20220520|0603|2022-05-31 16:06:16
517580|0000000662358571              |20220520|113228|027|681|2|30300042|130010009|130759127|1|20220520|105850|8001091|20220520|115658|8001163|1|0|0|      |20220520|20220520|0603|2022-05-31 16:06:16
517582|0000000744865955              |20220520|151843|029|675|1|30300053|130010002|130752387|1|20220520|144156|8002543|20220520|152132|8001491|1|0|0|      |20220520|20220520|0603|2022-05-31 16:06:16
517584|0000000743172964              |20220520|150544|008|675|1|30300094|130010014|130753610|1|20220520|144114|8001287|20220520|151220|8001076|1|0|0|      |20220520|20220520|0603|2022-05-31 16:06:16
517991|0000000534861308              |20220520|120207|024|676|0|30300070|130010004|130752605|1|20220520|095908|8001412|20220520|123731|8001134|1|1250|0|      |20220520|20220520|0603|2022-05-31 16:06:16
517993|0000000544707007              |20220520|132953|024|675|0|30300057|130010001|130759470|2|20220520|125023|8001539|20220520|134111|8001856|1|350|0|      |20220520|20220520|0603|2022-05-31 16:06:16
517995|0000000544166377              |20220520|155804|003|675|0|30300058|130010004|130752293|1|20220520|142407|8002947|20220520|160702|8007272|1|1250|0|      |20220520|20220520|0603|2022-05-31 16:06:16
518881|0000000540657170              |20220520|091946|007|674|0|30300002|130010007|130759323|1|20220520|081916|8002134|20220520|093520|8001283|1|1250|0|      |20220520|20220520|0603|2022-05-31 16:06:16
520061|0000000400214117              |20220520|071201|004|676|0|30300040|130010007|130759359|8|20220520|070505|8002843|~       |      |~      |1|0|0|      |20220520|~       |0603|2022-05-31 16:06:16
520063|0000000784929492              |20220520|185922|018|832|0|30300128|130710001|130759932|4|20220520|073254|8007289|~       |      |~      |1|1100|0|      |20220520|~       |0603|2022-05-31 16:06:16
520065|0000000486350818              |20220520|131509|003|832|0|30300128|130710001|130759932|1|20220520|073254|8007292|~       |      |~      |1|1700|0|      |20220520|~       |0603|2022-05-31 16:06:16
520067|0000000785681718              |20220520|134417|025|832|0|30300128|130710001|130759912|1|20220520|062954|8007298|~       |      |~      |1|1700|0|      |20220520|~       |0603|2022-05-31 16:06:16
520069|0000000488285741              |20220520|135715|013|832|0|30300128|130710001|130759913|1|20220520|062545|8007298|~       |      |~      |1|1700|0|      |20220520|~       |0603|2022-05-31 16:06:16
520071|0000000692595274              |20220520|144919|018|832|0|30300128|130710001|130759927|1|20220520|052204|8007279|~       |      |~      |1|1700|0|      |20220520|~       |0603|2022-05-31 16:06:16
520073|0000000792710760              |20220520|175544|008|832|1|30300128|130710001|130759925|1|20220520|140644|8007271|~       |      |~      |1|450|0|      |20220520|~       |0603|2022-05-31 16:06:16
520075|0000000729330726              |20220520|160824|029|832|0|30300128|130710001|130759911|1|20220520|062233|8007291|20220520|162917|3056003|1|1700|0|      |20220520|20220520|0603|2022-05-31 16:06:16
520077|0000000765187050              |20220520|225110|025|832|0|30300128|130710001|130759910|1|20220520|061113|8007291|20220520|230927|3056003|1|1700|0|      |20220520|20220520|0603|2022-05-31 16:06:16
520079|0000000746274099              |20220520|072549|025|832|0|30300128|130710001|130759925|1|20220520|064347|8007297|20220520|073646|8007053|1|1700|0|      |20220520|20220520|0603|2022-05-31 16:06:16
520081|0000000905678824              |20220520|073622|025|832|0|30300128|130710001|130759926|1|20220520|064943|8007297|20220520|074712|8007053|1|1700|0|      |20220520|20220520|0603|2022-05-31 16:06:16
520083|0000000610716101              |20220520|141352|007|673|0|30300003|130510004|130751002|1|20220520|060415|8002352|20220520|141925|8001579|1|1100|0|      |20220520|20220520|0603|2022-05-31 16:06:16
520085|0000000724345658              |20220520|150302|023|832|0|30300128|130710001|130759926|1|20220520|064943|8007295|20220520|152115|3014014|1|1700|0|      |20220520|20220520|0603|2022-05-31 16:06:16
520087|0000000736903005              |20220520|082954|006|832|0|30300128|130710001|130759926|1|20220520|064943|3014017|20220520|084945|8007296|1|1700|0|      |20220520|20220520|0603|2022-05-31 16:06:16
520494|0000000523452726              |20220520|144850|014|675|0|30300053|130010002|130752384|1|20220520|130352|8001494|20220520|145904|8001115|1|1250|0|      |20220520|20220520|0603|2022-05-31 16:06:16
520496|0000000505683000              |20220520|150402|014|675|0|30300053|130010002|130752377|1|20220520|134204|8002757|20220520|151600|8001604|1|1250|0|      |20220520|20220520|0603|2022-05-31 16:06:16
520498|0000000547589635              |20220520|160304|005|674|0|30300002|130010007|130759315|4|20220520|151312|8001744|20220520|160510|8002465|1|750|0|      |20220520|20220520|0603|2022-05-31 16:06:16
520500|0000000546591851              |20220520|153637|020|676|0|30300054|130010007|130759379|2|20220520|152943|8002050|20220520|154333|8001556|1|350|0|      |20220520|20220520|0603|2022-05-31 16:06:16
520502|0000000544946568              |20220520|210717|008|676|0|30300043|130010015|130759603|1|20220520|203751|8001747|20220520|212109|8002649|1|1250|0|      |20220520|20220520|0603|2022-05-31 16:06:16
520504|0000000507271313              |20220520|191432|006|676|0|30300090|130010005|130759209|2|20220520|170118|8002953|20220520|192033|8002338|1|350|0|      |20220520|20220520|0603|2022-05-31 16:06:16
520506|0000000313702529              |20220520|205304|003|676|0|30300041|130010012|130753312|1|20220520|203648|8001096|20220520|210524|8001249|1|1250|0|      |20220520|20220520|0603|2022-05-31 16:06:16
520508|0000000545521991              |20220520|160500|010|675|0|30300081|130010011|130759533|2|20220520|152030|8002969|20220520|161055|8002159|1|350|0|      |20220520|20220520|0603|2022-05-31 16:06:16
520510|0000000529985698              |20220520|164014|006|676|0|30300089|130010011|130759574|1|20220520|145823|8001250|20220520|165535|8001420|1|1250|0|      |20220520|20220520|0603|2022-05-31 16:06:16
520512|0000000541680836              |20220520|164158|011|675|0|30300045|130010006|130752043|1|20220520|143648|8002984|20220520|165455|8002917|1|1250|0|      |20220520|20220520|0603|2022-05-31 16:06:16
520514|0000000281625488              |20220520|181826|025|675|0|30300046|130010002|130752353|4|20220520|180138|8001369|20220520|182549|8001525|1|750|0|      |20220520|20220520|0603|2022-05-31 16:06:16
520516|0000000530501566              |20220520|214652|014|676|0|30300093|130010004|130752230|1|20220520|213243|8001556|20220520|224532|8002481|1|1250|0|      |20220520|20220520|0603|2022-05-31 16:06:16
520518|0000000292306596              |20220520|071206|019|675|0|30300084|130010001|130759760|1|20220520|062645|8001401|20220520|072656|8002038|1|1250|0|      |20220520|20220520|0603|2022-05-31 16:06:16
520520|0000000312435315              |20220520|071919|021|675|0|30300127|130010004|130752209|4|20220520|062837|8007286|20220520|072448|8007405|1|750|0|      |20220520|20220520|0603|2022-05-31 16:06:16
520927|0000000536693283              |20220520|175401|011|675|0|30300080|130010009|130759130|4|20220520|134607|8001097|20220520|181004|8002064|1|750|0|      |20220520|20220520|0603|2022-05-31 16:06:16
520929|0000000518670572              |20220520|072740|008|676|0|30300090|130010005|130759219|4|20220520|063556|8003006|20220520|073044|8005960|1|750|0|      |20220520|20220520|0603|2022-05-31 16:06:16
520931|0000000536031883              |20220520|072438|010|676|0|30300043|130010015|130759613|4|20220520|052306|8001364|20220520|073729|8001246|1|750|0|      |20220520|20220520|0603|2022-05-31 16:06:16
520933|0000000536644523              |20220520|073427|021|676|0|30300038|130010014|130753505|4|20220520|072843|8001983|20220520|074154|8001612|1|750|0|      |20220520|20220520|0603|2022-05-31 16:06:16
520935|0000000540074761              |20220520|074237|029|676|0|30300071|130010009|130759150|4|20220520|051841|8002083|20220520|075103|8001183|1|750|0|      |20220520|20220520|0603|2022-05-31 16:06:16
520937|0000000533469915              |20220520|075020|007|675|0|30300077|130010006|130752013|4|20220520|071415|8002433|20220520|080312|8002579|1|750|0|      |20220520|20220520|0603|2022-05-31 16:06:16
520939|0000000525157402              |20220520|075946|008|675|0|30300064|130010015|130759625|2|20220520|053941|8001253|20220520|080847|8001467|1|350|0|      |20220520|20220520|0603|2022-05-31 16:06:16
520941|0000000276151639              |20220520|091414|009|675|0|30300058|130010004|130752293|4|20220520|072520|8001085|20220520|095032|8001855|1|750|0|      |20220520|20220520|0603|2022-05-31 16:06:16
522232|0000000903581835              |20220520|091753|021|676|0|30300090|130010005|130759216|1|20220520|074304|8007553|20220520|093017|8002720|1|1250|0|      |20220520|20220520|0603|2022-05-31 16:06:16
522234|0000000745967535              |20220520|182110|001|676|0|30300040|130010013|130759830|1|20220520|173705|8001075|20220520|183555|8007276|1|1250|0|      |20220520|20220520|0603|2022-05-31 16:06:16
522236|0000000771896274              |20220520|183911|019|676|0|30300086|130010013|130759808|1|20220520|164314|8002039|20220520|184339|8003022|1|1250|0|      |20220520|20220520|0603|2022-05-31 16:06:16
522238|0000000642814362              |20220520|191649|010|676|0|30300036|130010011|130759537|1|20220520|190656|8001527|20220520|193536|8001949|1|1250|0|      |20220520|20220520|0603|2022-05-31 16:06:16
522240|0000000746076079              |20220520|122311|023|675|0|30300056|130010012|130753315|1|20220520|120205|8001166|20220520|122444|8001219|1|1250|0|      |20220520|20220520|0603|2022-05-31 16:06:16
522242|0000000707878915              |20220520|130116|030|675|0|30300095|130010005|130759230|1|20220520|124434|8001762|20220520|131114|8001784|1|1250|0|      |20220520|20220520|0603|2022-05-31 16:06:16
522244|0000000648279089              |20220520|214720|022|675|0|30300056|130010012|130753331|1|20220520|210026|8001596|20220520|220458|8001646|1|1250|0|      |20220520|20220520|0603|2022-05-31 16:06:16
522246|0000000743303466              |20220520|204108|026|676|0|30300090|130010005|130759218|1|20220520|195907|8001919|20220520|205559|8002961|1|1250|0|      |20220520|20220520|0603|2022-05-31 16:06:16
522248|0000000904961657              |20220520|101418|009|676|0|30300036|130010012|130753333|1|20220520|081816|8001931|20220520|104406|8002997|1|1250|0|      |20220520|20220520|0603|2022-05-31 16:06:16
522772|0000000535309752              |20220520|160106|006|675|0|30300049|130010004|130752237|1|20220520|144526|8001930|20220520|161809|9003016|1|1250|0|      |20220520|20220520|0603|2022-05-31 16:06:16
522774|0000000548086633              |20220520|161304|012|675|0|30300082|130010001|130759471|4|20220520|155820|8002449|20220520|163228|8001790|1|750|0|      |20220520|20220520|0603|2022-05-31 16:06:16
522776|0000000549406918              |20220520|163334|028|676|0|30300071|130010009|130759174|4|20220520|153559|8001792|20220520|171021|8002453|1|750|0|      |20220520|20220520|0603|2022-05-31 16:06:16
522778|0000000546772086              |20220520|171529|018|676|0|30300041|130010012|130753321|4|20220520|152716|8001097|20220520|172351|8001034|1|750|0|      |20220520|20220520|0603|2022-05-31 16:06:16
522780|0000000537703533              |20220520|170853|001|675|0|30300077|130010006|130752070|4|20220520|164743|8002118|20220520|174934|8001401|1|750|0|      |20220520|20220520|0603|2022-05-31 16:06:16
522782|0000000303139739              |20220520|181035|019|675|0|30300082|130010001|130759743|1|20220520|170047|8002279|20220520|182533|8001567|1|1250|0|      |20220520|20220520|0603|2022-05-31 16:06:16
522784|0000000545683083              |20220520|181130|008|675|0|30300101|130010002|130752320|4|20220520|161740|8001152|20220520|182230|8001029|1|750|0|      |20220520|20220520|0603|2022-05-31 16:06:16
522786|0000000535685763              |20220520|223710|031|675|0|30300046|130010002|130752342|4|20220520|222837|8001291|20220520|225805|8070011|1|750|0|      |20220520|20220520|0603|2022-05-31 16:06:16
522788|0000000533115259              |20220520|070738|001|675|0|30300057|130010001|130759755|4|20220520|061831|8001828|20220520|071325|8002938|1|750|0|      |20220520|20220520|0603|2022-05-31 16:06:16
522790|0000000549901460              |20220520|075029|012|676|0|30300054|130010007|130759386|1|20220520|072335|8001261|20220520|083601|8001305|1|1250|0|      |20220520|20220520|0603|2022-05-31 16:06:16
522792|0000000539658241              |20220520|082532|020|676|0|30300040|130010013|130759804|1|20220520|074838|8002759|20220520|083536|8001005|1|1250|0|      |20220520|20220520|0603|2022-05-31 16:06:16
522794|0000000548048467              |20220520|092106|001|675|0|30300096|130010006|130752071|1|20220520|085754|8001331|20220520|093833|8001922|1|1250|0|      |20220520|20220520|0603|2022-05-31 16:06:16
522796|0000000129152248              |20220520|105036|011|676|0|30300054|130010007|130759347|1|20220520|101504|8001922|20220520|111312|8007245|1|1250|0|      |20220520|20220520|0603|2022-05-31 16:06:16
523203|0000000171909171              |20220520|093214|029|676|0|30300054|130010007|130759358|1|20220520|081918|8001828|20220520|093814|8007041|1|1250|0|      |20220520|20220520|0603|2022-05-31 16:06:16
523205|0000000536247018              |20220520|093222|031|675|0|30300084|130010001|130759439|1|20220520|091507|8001253|20220520|102412|8002065|1|1250|0|      |20220520|20220520|0603|2022-05-31 16:06:16
523207|0000000503994059              |20220520|110513|011|675|0|30300061|130010015|130759612|1|20220520|104927|8002798|20220520|111215|8002925|1|1250|0|      |20220520|20220520|0603|2022-05-31 16:06:16
523209|0000000535282937              |20220520|112945|021|676|0|30300072|130010001|130759435|1|20220520|092530|8003006|20220520|114529|8001038|1|1250|0|      |20220520|20220520|0603|2022-05-31 16:06:16
523211|0000000509279942              |20220520|114023|009|676|0|30300054|130010007|130759375|1|20220520|103900|8001312|20220520|115023|8001568|1|1250|0|      |20220520|20220520|0603|2022-05-31 16:06:16
523213|0000000540002252              |20220520|113609|026|675|0|30300057|130010001|130759758|1|20220520|101931|8001846|20220520|121007|8001414|1|1250|0|      |20220520|20220520|0603|2022-05-31 16:06:16
523215|0000000527192691              |20220520|132734|007|675|0|30300062|130010008|130752704|1|20220520|132236|8001895|20220520|133248|8001852|1|1250|0|      |20220520|20220520|0603|2022-05-31 16:06:16
523217|0000000536656398              |20220520|140802|006|676|0|30300051|130010008|130752102|1|20220520|120651|8002676|20220520|141437|8007045|1|1250|0|      |20220520|20220520|0603|2022-05-31 16:06:16
523219|0000000547807526              |20220520|142504|012|676|0|30300054|130010007|130759382|4|20220520|134848|8002814|20220520|145645|8002943|1|750|0|      |20220520|20220520|0603|2022-05-31 16:06:16
523221|0000000302180746              |20220520|145243|001|676|0|30300037|130010006|130752014|1|20220520|142708|8001096|20220520|145911|8002658|1|1250|0|      |20220520|20220520|0603|2022-05-31 16:06:16
523223|0000000532854365              |20220520|152106|006|675|0|30300095|130010011|130759525|1|20220520|151547|8001493|20220520|153138|8001100|1|1250|0|      |20220520|20220520|0603|2022-05-31 16:06:16
523225|0000000538100229              |20220520|160906|007|675|0|30300079|130010009|130759110|1|20220520|144305|8007446|20220520|161407|8002550|1|1250|0|      |20220520|20220520|0603|2022-05-31 16:06:16
523227|0000000510994208              |20220520|211328|011|675|0|30300046|130010002|130752351|1|20220520|204955|8001525|20220520|220853|8007163|1|1250|0|      |20220520|20220520|0603|2022-05-31 16:06:16
523229|0000000537943192              |20220520|184420|014|676|0|30300037|130010006|130752002|1|20220520|173709|8002559|20220520|191539|8002485|1|1250|0|      |20220520|20220520|0603|2022-05-31 16:06:16
523636|0000000542318274              |20220520|095902|019|675|0|30300049|130010004|130752206|1|20220520|094757|8005553|20220520|101335|8002721|1|1250|0|      |20220520|20220520|0603|2022-05-31 16:06:16
524549|0000000310981102              |20220520|074756|023|676|1|30300041|130010012|130753316|1|20220520|060841|8001570|20220520|083127|8001401|1|0|0|      |20220520|20220520|0603|2022-05-31 16:06:16
524551|0000000165537506              |20220520|084726|010|676|1|30300040|130010013|130759834|1|20220520|071139|8001612|20220520|092729|8005865|1|0|0|      |20220520|20220520|0603|2022-05-31 16:06:16
525505|0000000131057712              |20220520|075832|005|675|0|30300057|130010001|130759758|1|20220520|071829|8002718|20220520|081305|8001281|1|1250|0|      |20220520|20220520|0603|2022-05-31 16:06:16
525507|0000000522668049              |20220520|074023|011|676|0|30300072|130010001|130759423|4|20220520|073332|8002305|20220520|074637|8002345|1|750|0|      |20220520|20220520|0603|2022-05-31 16:06:16
525509|0000000301547926              |20220520|090223|019|676|0|30300070|130010004|130752208|1|20220520|084909|8002825|20220520|090829|8002296|1|1250|0|      |20220520|20220520|0603|2022-05-31 16:06:16
525511|0000000510440701              |20220520|082744|007|682|0|30300030|130010014|130753605|1|20220520|062141|8001799|20220520|084807|8002824|1|1250|0|      |20220520|20220520|0603|2022-05-31 16:06:16
525513|0000000298675048              |20220520|103107|001|675|0|30300061|130010015|130759646|1|20220520|092859|8001366|20220520|103526|8001348|1|1250|0|      |20220520|20220520|0603|2022-05-31 16:06:16
525515|0000000524796604              |20220520|112754|019|675|0|30300056|130010012|130753308|4|20220520|112603|8070030|20220520|114618|8001169|1|750|0|      |20220520|20220520|0603|2022-05-31 16:06:16
525517|0000000094508747              |20220520|123059|021|676|0|30300072|130010001|130759429|1|20220520|114127|8001366|20220520|123445|8001421|1|1250|0|      |20220520|20220520|0603|2022-05-31 16:06:16
525519|0000000545109318              |20220520|124237|004|675|0|30300045|130010006|130752012|1|20220520|122300|8002846|20220520|125750|8001296|1|1250|0|      |20220520|20220520|0603|2022-05-31 16:06:16
525521|0000000124961480              |20220520|132856|008|675|0|30300057|130010001|130759758|1|20220520|131331|8002149|20220520|133258|8002358|1|1250|0|      |20220520|20220520|0603|2022-05-31 16:06:16
525523|0000000305516086              |20220520|144907|022|674|0|30300002|130010007|130759311|1|20220520|143156|8002437|20220520|150130|8001097|1|1250|0|      |20220520|20220520|0603|2022-05-31 16:06:16
525525|0000000303114496              |20220520|160535|016|675|0|30300046|130010002|130752342|1|20220520|150721|8002722|20220520|161431|8001273|1|1250|0|      |20220520|20220520|0603|2022-05-31 16:06:16
525527|0000000534711657              |20220520|184618|011|675|0|30300049|130010004|130752216|1|20220520|153032|8001053|20220520|192003|8001927|1|1250|0|      |20220520|20220520|0603|2022-05-31 16:06:16
525529|0000000123582265              |20220520|194633|030|676|0|30300089|130010011|130759576|1|20220520|155702|8005505|20220520|200814|8002839|1|1250|0|      |20220520|20220520|0603|2022-05-31 16:06:16
525531|0000000530132727              |20220520|164624|019|676|0|30300087|130010008|130752151|1|20220520|163332|8001491|20220520|165051|8001731|1|1250|0|      |20220520|20220520|0603|2022-05-31 16:06:16
525938|0000000524293975              |20220520|085100|025|675|0|30300062|130010008|130752721|4|20220520|080944|8002795|20220520|091537|8007031|1|750|0|      |20220520|20220520|0603|2022-05-31 16:06:16
525940|0000000521243990              |20220520|085622|015|676|0|30300072|130010001|130759734|1|20220520|075137|8002658|20220520|091410|8002558|1|1250|0|      |20220520|20220520|0603|2022-05-31 16:06:16
525942|0000000513614878              |20220520|114108|002|676|0|30300051|130010008|130752112|4|20220520|112756|8001157|20220520|114436|8001289|1|750|0|      |20220520|20220520|0603|2022-05-31 16:06:16
525944|0000000514945278              |20220520|113126|023|675|0|30300045|130010006|130752043|1|20220520|112608|8001956|20220520|120352|8005921|1|1250|0|      |20220520|20220520|0603|2022-05-31 16:06:16
525946|0000000524293975              |20220520|150506|028|676|0|30300068|130010006|130752036|4|20220520|144233|8001624|20220520|151040|8002778|1|750|0|      |20220520|20220520|0603|2022-05-31 16:06:16
525948|0000000171896643              |20220520|153515|019|675|0|30300076|130010014|130753270|1|20220520|135254|8001734|20220520|154105|8001868|1|1250|0|      |20220520|20220520|0603|2022-05-31 16:06:16
525950|0000000544820995              |20220520|211715|008|676|0|30300089|130010011|130759517|1|20220520|131821|8007490|20220520|215826|8002088|1|1250|0|      |20220520|20220520|0603|2022-05-31 16:06:16
525952|0000000535517033              |20220520|190839|004|676|0|30300093|130010004|130752231|4|20220520|174118|8001038|20220520|191434|8001419|1|750|0|      |20220520|20220520|0603|2022-05-31 16:06:16
525954|0000000544818146              |20220520|192310|020|675|0|30300095|130010005|130759228|1|20220520|184129|8001736|20220520|195206|8001713|1|1250|0|      |20220520|20220520|0603|2022-05-31 16:06:16
525956|0000000110474442              |20220520|202154|012|676|0|30300043|130010015|130759613|1|20220520|192630|8001245|20220520|203505|8001363|1|1250|0|      |20220520|20220520|0603|2022-05-31 16:06:16
525958|0000000543597813              |20220520|155829|011|676|0|30300131|130010008|130752723|4|20220520|155547|8002089|20220520|160845|8002452|1|750|0|      |20220520|20220520|0603|2022-05-31 16:06:16
525960|0000000102150417              |20220520|162008|019|675|0|30300060|130010014|130753523|1|20220520|160231|8001460|20220520|164209|8002935|1|1250|0|      |20220520|20220520|0603|2022-05-31 16:06:16
525962|0000000539064412              |20220520|165728|011|676|0|30300051|130010008|130752147|4|20220520|162811|8001029|20220520|170544|8002544|1|750|0|      |20220520|20220520|0603|2022-05-31 16:06:16
526393|0000000903931669              |20220520|204412|015|676|0|30300070|130010004|130752238|1|20220520|195700|8002620|~       |      |~      |1|1250|0|      |20220520|~       |0603|2022-05-31 16:06:16
526395|0000000744302684              |20220520|151341|030|676|0|30300070|130010004|130752205|1|20220520|065127|8002620|~       |      |~      |1|1250|0|      |20220520|~       |0603|2022-05-31 16:06:16
526397|0000000725156426              |20220520|154433|015|675|0|30300058|130010004|130752200|1|20220520|150607|8002620|~       |      |~      |1|1250|0|      |20220520|~       |0603|2022-05-31 16:06:16
526399|0000000708988970              |20220520|164145|031|676|0|30300070|130010004|130752235|1|20220520|113458|8002620|~       |      |~      |1|1250|0|      |20220520|~       |0603|2022-05-31 16:06:16
526401|0000000751871244              |20220520|170409|002|675|1|30300078|130010008|130752165|1|20220520|164211|8002620|~       |      |~      |1|0|0|      |20220520|~       |0603|2022-05-31 16:06:16
526403|0000000741731584              |20220520|074325|009|675|1|30300082|130010001|130759709|1|20220520|054611|8002425|~       |      |~      |1|0|0|      |20220520|~       |0603|2022-05-31 16:06:16
526405|0000000760901025              |20220520|081505|001|676|0|30300040|130010013|130759804|1|20220520|074838|8002425|~       |      |~      |1|1250|0|      |20220520|~       |0603|2022-05-31 16:06:16
526407|0000000762675820              |20220520|135616|003|675|0|30300059|130010004|130752274|1|20220520|134100|8002425|~       |      |~      |1|1250|0|      |20220520|~       |0603|2022-05-31 16:06:16
446579|0000000749600964              |20220520|140510|007|675|0|30300075|130010005|130759208|1|20220520|134845|8001427|20220520|144428|8001382|1|1250|0|      |20220520|20220520|0603|2022-05-31 16:05:56
446581|0000000743309596              |20220520|135932|018|676|0|30300090|130010005|130759268|1|20220520|123724|8007553|20220520|142528|8002468|1|1250|0|      |20220520|20220520|0603|2022-05-31 16:05:56
446583|0000000631724919              |20220520|082401|002|675|0|30300057|130010001|130759757|1|20220520|073748|8001664|20220520|082849|8001853|1|1250|0|      |20220520|20220520|0603|2022-05-31 16:05:56
446585|0000000709539553              |20220520|081034|023|675|0|30300075|130010005|130759211|1|20220520|061421|8002825|20220520|084505|8002608|1|1250|0|      |20220520|20220520|0603|2022-05-31 16:05:56
446587|0000000712329963              |20220520|090940|019|676|0|30300090|130010005|130759266|1|20220520|085205|8002608|20220520|093032|8002954|1|1250|0|      |20220520|20220520|0603|2022-05-31 16:05:56
446589|0000000665214134              |20220520|094617|030|676|0|30300090|130010005|130759219|1|20220520|081309|8005990|20220520|101146|8002468|1|1250|0|      |20220520|20220520|0603|2022-05-31 16:05:56
446591|0000000743096747              |20220520|161006|027|675|0|30300075|130010005|130759211|1|20220520|155503|8002616|20220520|165829|8002826|1|1250|0|      |20220520|20220520|0603|2022-05-31 16:05:56
446593|0000000909759353              |20220520|175048|027|675|0|30300075|130010005|130759213|1|20220520|142925|8001430|20220520|175547|8002616|1|1250|0|      |20220520|20220520|0603|2022-05-31 16:05:56
447000|0000000909342701              |20220520|160657|013|676|0|30300040|130010013|130759804|1|20220520|142317|8001400|20220520|161205|8001534|1|1250|0|      |20220520|20220520|0603|2022-05-31 16:05:56
447002|0000000722690805              |20220520|165720|027|675|0|30300046|130010002|130752350|1|20220520|163626|8001081|20220520|171707|8005997|1|1250|0|      |20220520|20220520|0603|2022-05-31 16:05:56
447004|0000000770380579              |20220520|133542|012|676|0|30300087|130010015|130759636|1|20220520|132109|8001241|20220520|135459|8001398|1|1250|0|      |20220520|20220520|0603|2022-05-31 16:05:56
447006|0000000736337191              |20220520|141251|005|676|0|30300041|130010012|130753306|1|20220520|131215|8070030|20220520|142427|8070027|1|1250|0|      |20220520|20220520|0603|2022-05-31 16:05:56
447008|0000000759493077              |20220520|145515|014|675|0|30300076|130010014|130753239|1|20220520|123546|9007074|20220520|152647|8001936|1|1250|0|      |20220520|20220520|0603|2022-05-31 16:05:56
447010|0000000753030211              |20220520|144744|003|676|0|30300089|130010011|130759518|1|20220520|142951|8005504|20220520|152837|8002206|1|1250|0|      |20220520|20220520|0603|2022-05-31 16:05:56
447012|0000000721430930              |20220520|171910|002|676|0|30300041|130010012|130753305|1|20220520|161035|8001296|20220520|172405|8002411|1|1250|0|      |20220520|20220520|0603|2022-05-31 16:05:56
447014|0000000722797545              |20220520|183919|001|675|0|30300108|130010007|130759316|1|20220520|173506|8001590|20220520|184744|8001192|1|1250|0|      |20220520|20220520|0603|2022-05-31 16:05:56
447016|0000000721250103              |20220520|122338|002|676|0|30300089|130010011|130759536|1|20220520|094855|8002814|20220520|123244|8002206|1|1250|0|      |20220520|20220520|0603|2022-05-31 16:05:56
447018|0000000722660315              |20220520|211307|028|676|0|30300070|130010004|130752226|1|20220520|204732|8001345|20220520|212044|8002454|1|1250|0|      |20220520|20220520|0603|2022-05-31 16:05:56
447020|0000000722894177              |20220520|220500|002|676|0|30300041|130010012|130753377|1|20220520|135651|8001076|20220520|221700|8001250|1|1250|0|      |20220520|20220520|0603|2022-05-31 16:05:56
447022|0000000753544697              |20220520|205108|015|675|0|30300076|130010014|130753233|1|20220520|204755|9007074|20220520|211512|8001936|1|1250|0|      |20220520|20220520|0603|2022-05-31 16:05:56
447024|0000000761929836              |20220520|110516|024|676|0|30300043|130010015|130759602|1|20220520|055520|8005587|20220520|111002|8007325|1|1250|0|      |20220520|20220520|0603|2022-05-31 16:05:56
447431|0000000797464364              |20220520|083642|030|676|0|30300038|130010014|130753246|1|20220520|075616|8003044|20220520|085316|8001541|1|1250|0|      |20220520|20220520|0603|2022-05-31 16:05:56
447433|0000000691814521              |20220520|170328|001|674|0|30300104|130010002|130752303|1|20220520|163758|8070011|20220520|171106|8070014|1|1250|0|      |20220520|20220520|0603|2022-05-31 16:05:56
447435|0000000789519325              |20220520|172231|020|676|0|30300036|130010011|130759520|4|20220520|144301|8005928|20220520|172552|8002721|1|750|0|      |20220520|20220520|0603|2022-05-31 16:05:56
447437|0000000680082867              |20220520|173537|031|676|0|30300071|130010009|130759146|1|20220520|165352|8001989|20220520|175225|8001587|1|1250|0|      |20220520|20220520|0603|2022-05-31 16:05:56
447439|0000001110182916              |20220520|182540|003|674|0|30300100|130010002|130752359|1|20220520|164025|8001493|20220520|183443|8001028|1|1250|0|      |20220520|20220520|0603|2022-05-31 16:05:56
447441|0000000785956980              |20220520|190340|009|676|0|30300051|130010008|130752110|1|20220520|180041|8002629|20220520|191744|8001097|1|1250|0|      |20220520|20220520|0603|2022-05-31 16:05:56
447443|0000000486861774              |20220520|185512|004|674|1|30300100|130010002|130752345|1|20220520|145807|8001493|20220520|190407|8001028|1|0|0|      |20220520|20220520|0603|2022-05-31 16:05:56
447445|0000000699304780              |20220520|123953|020|676|0|30300088|130010002|130752371|1|20220520|111635|8002091|20220520|125109|8002133|1|1250|0|      |20220520|20220520|0603|2022-05-31 16:05:56
447447|0000000794541669              |20220520|212845|013|676|0|30300131|130010008|130752707|1|20220520|211058|8001289|20220520|213922|8070012|1|1250|0|      |20220520|20220520|0603|2022-05-31 16:05:56
447449|0000000789036514              |20220520|195428|013|676|1|30300088|130010002|130752553|1|20220520|182925|8002091|20220520|200439|8002133|1|0|0|      |20220520|20220520|0603|2022-05-31 16:05:56
447451|0000000488047090              |20220520|205058|002|676|0|30300051|130010008|130752142|1|20220520|195718|8002629|20220520|210424|8001097|1|1250|0|      |20220520|20220520|0603|2022-05-31 16:05:56
447453|0000000400184136              |20220520|103222|030|676|0|30300051|130010008|130752126|1|20220520|073408|8002629|20220520|104524|8001097|1|1250|0|      |20220520|20220520|0603|2022-05-31 16:05:56
447455|0000000400209643              |20220520|112107|019|680|1|30300018|130010004|130752236|1|20220520|060838|8001493|20220520|112953|8001028|1|0|0|      |20220520|20220520|0603|2022-05-31 16:05:56
447457|0000000400133516              |20220520|161948|012|676|1|30300051|130010008|130752108|1|20220520|154308|8001493|20220520|163000|8001028|1|0|0|      |20220520|20220520|0603|2022-05-31 16:05:56
447864|0000000693750504              |20220520|084017|015|675|0|30300084|130010001|130759441|1|20220520|064936|8002066|20220520|084508|8001500|1|1250|0|      |20220520|20220520|0603|2022-05-31 16:05:56
447866|0000000400144353              |20220520|091746|015|676|0|30300087|130010015|130759631|8|20220520|061623|8001232|20220520|092311|8002969|1|0|0|      |20220520|20220520|0603|2022-05-31 16:05:56
437501|0000000737921207              |20220520|182118|014|676|1|30300069|130010001|130759715|1|20220520|180707|8001534|20220520|190611|8001712|1|0|0|      |20220520|20220520|0603|2022-05-31 16:05:56
437503|0000000624998465              |20220520|191446|005|676|1|30300070|130010004|130752205|1|20220520|182505|8002748|20220520|191840|8002983|1|0|0|      |20220520|20220520|0603|2022-05-31 16:05:56
437505|0000000740982127              |20220520|191130|001|680|2|30300052|130010002|130752337|1|20220520|184000|8002734|20220520|192907|8002542|1|0|0|      |20220520|20220520|0603|2022-05-31 16:05:56
437507|0000000903966170              |20220520|190354|022|676|1|30300054|130010007|130759358|1|20220520|185147|8001556|20220520|193551|8002452|1|0|0|      |20220520|20220520|0603|2022-05-31 16:05:56
437509|0000000903655663              |20220520|194028|005|675|1|30300091|130010013|130759821|1|20220520|171037|8002259|20220520|194759|8002839|1|0|0|      |20220520|20220520|0603|2022-05-31 16:05:56
437511|0000000767280217              |20220520|124941|013|675|1|30300091|130010013|130759811|1|20220520|103134|8002259|20220520|130001|8002839|1|0|0|      |20220520|20220520|0603|2022-05-31 16:05:56
437513|0000000908096975              |20220520|121541|004|676|0|30300051|130010008|130752128|4|20220520|115017|8001117|20220520|125307|8001418|1|750|0|      |20220520|20220520|0603|2022-05-31 16:05:56
437515|0000000649161965              |20220520|210811|018|676|1|30300041|130010012|130753320|1|20220520|183022|8001096|20220520|213316|8001077|1|0|0|      |20220520|20220520|0603|2022-05-31 16:05:56
437517|0000000908396991              |20220520|213124|027|676|1|30300072|130010001|130759706|1|20220520|205610|8003006|20220520|213315|8005960|1|0|0|      |20220520|20220520|0603|2022-05-31 16:05:56
437519|0000000645837136              |20220520|104951|012|676|1|30300041|130010012|130753323|1|20220520|103238|8001096|20220520|111751|8001077|1|0|0|      |20220520|20220520|0603|2022-05-31 16:05:56
437521|0000000722300340              |20220520|110109|008|676|1|30300041|130010012|130753332|1|20220520|091604|8001096|20220520|112834|8001077|1|0|0|      |20220520|20220520|0603|2022-05-31 16:05:56
437928|0000000903972230              |20220520|160627|016|682|3|30300030|130010014|130753602|1|20220520|151127|8002635|20220520|161932|8002823|1|0|0|      |20220520|20220520|0603|2022-05-31 16:05:56
437930|0000000740967805              |20220520|161823|001|676|1|30300051|130010008|130752115|1|20220520|151853|8002437|20220520|162630|8001090|1|0|0|      |20220520|20220520|0603|2022-05-31 16:05:56
437932|0000000768509744              |20220520|161244|028|676|0|30300069|130010001|130759715|4|20220520|151512|8001952|20220520|161828|8001926|1|750|0|      |20220520|20220520|0603|2022-05-31 16:05:56
437934|0000000778090269              |20220520|165726|030|676|2|30300070|130010004|130752265|1|20220520|140813|8001646|20220520|170526|8001131|1|0|0|      |20220520|20220520|0603|2022-05-31 16:05:56
437936|0000000742518431              |20220520|071300|005|675|1|30300065|130010004|130752229|1|20220520|064622|8001421|20220520|072437|8005873|1|0|0|      |20220520|20220520|0603|2022-05-31 16:05:56
437938|0000000774684727              |20220520|132107|022|675|2|30300077|130010006|130752013|1|20220520|131238|8001400|20220520|134402|8001929|1|0|0|      |20220520|20220520|0603|2022-05-31 16:05:56
437940|0000000918016400              |20220520|143330|010|676|1|30300069|130010001|130759411|1|20220520|140621|8002636|20220520|143825|8002761|1|0|0|      |20220520|20220520|0603|2022-05-31 16:05:56
437942|0000000702767673              |20220520|080945|022|676|1|30300090|130010005|130759206|1|20220520|063034|8002720|20220520|082437|8001568|1|0|0|      |20220520|20220520|0603|2022-05-31 16:05:56
437944|0000000777645865              |20220520|094739|016|676|1|30300087|130010015|130759679|1|20220520|085211|8002969|20220520|101534|8001279|1|0|0|      |20220520|20220520|0603|2022-05-31 16:05:56
437946|0000000903725984              |20220520|175057|025|676|1|30300073|130010009|130759116|1|20220520|170735|8002076|20220520|180434|8002202|1|0|0|      |20220520|20220520|0603|2022-05-31 16:05:56
437948|0000000768319057              |20220520|181827|017|675|2|30300046|130010002|130752347|1|20220520|165730|8005857|20220520|182552|8007163|1|0|0|      |20220520|20220520|0603|2022-05-31 16:05:56
437950|0000000676701534              |20220520|184627|012|675|2|30300046|130010002|130752351|1|20220520|171930|8005857|20220520|185351|8007163|1|0|0|      |20220520|20220520|0603|2022-05-31 16:05:56
437952|0000000747035375              |20220520|120536|029|675|1|30300053|130010002|130752368|1|20220520|114202|8001081|20220520|121956|8001277|1|0|0|      |20220520|20220520|0603|2022-05-31 16:05:56
438359|0000000650409270              |20220520|152120|021|675|1|30300055|130010014|130753267|1|20220520|145939|8001554|20220520|154725|8002156|1|0|0|      |20220520|20220520|0603|2022-05-31 16:05:56
438361|0000000733272349              |20220520|160521|015|675|1|30300055|130010014|130753227|1|20220520|133614|8005881|20220520|162654|8001553|1|0|0|      |20220520|20220520|0603|2022-05-31 16:05:56
438363|0000000600603762              |20220520|162248|015|676|1|30300088|130010002|130752356|1|20220520|152538|8002739|20220520|164111|8001305|1|150|0|      |20220520|20220520|0603|2022-05-31 16:05:56
438365|0000000751537700              |20220520|074656|031|675|1|30300055|130010014|130753238|1|20220520|065557|8001529|20220520|081729|8001847|1|0|0|      |20220520|20220520|0603|2022-05-31 16:05:56
438367|0000000776176767              |20220520|092101|001|676|1|30300037|130010006|130752027|1|20220520|081640|8001035|20220520|092535|8002339|1|0|0|      |20220520|20220520|0603|2022-05-31 16:05:56
438369|0000000746897773              |20220520|173404|001|676|1|30300037|130010006|130752044|1|20220520|170933|8002720|20220520|180846|8002316|1|0|0|      |20220520|20220520|0603|2022-05-31 16:05:56
438371|0000000660179285              |20220520|173125|008|676|1|30300054|130010007|130759345|1|20220520|172544|8001794|20220520|181720|8001078|1|0|0|      |20220520|20220520|0603|2022-05-31 16:05:56
438373|0000000673959292              |20220520|181022|012|675|1|30300055|130010014|130753204|1|20220520|171835|8005881|20220520|183558|8001553|1|0|0|      |20220520|20220520|0603|2022-05-31 16:05:56
438375|0000000755590965              |20220520|183912|020|676|1|30300054|130010007|130759376|1|20220520|182138|8001556|20220520|191116|8001055|1|0|0|      |20220520|20220520|0603|2022-05-31 16:05:56
438377|0000000741427331              |20220520|190546|022|676|1|30300037|130010006|130752031|1|20220520|164141|8002236|20220520|191310|8002558|1|0|0|      |20220520|20220520|0603|2022-05-31 16:05:56
438379|0000000664968758              |20220520|123255|001|676|1|30300037|130010006|130752040|1|20220520|100223|8007540|20220520|124303|8002921|1|0|0|      |20220520|20220520|0603|2022-05-31 16:05:56
438381|0000000743843249              |20220520|104627|004|676|1|30300037|130010006|130752040|1|20220520|100223|8002235|20220520|111248|8003054|1|0|0|      |20220520|20220520|0603|2022-05-31 16:05:56
438383|0000000774275182              |20220520|105036|002|675|1|30300055|130010014|130753221|1|20220520|103405|8002927|20220520|114543|8002465|1|0|0|      |20220520|20220520|0603|2022-05-31 16:05:56
428433|0000000780408422              |20220520|152716|026|675|0|30300056|130010012|130753325|1|20220520|133003|8002831|~       |      |~      |1|1250|0|      |20220520|~       |0603|2022-05-31 16:05:56
428887|0000000676723270              |20220520|064429|013|675|0|30300049|130010004|130752264|1|20220520|060619|8001060|~       |      |~      |1|1250|0|      |20220520|~       |0603|2022-05-31 16:05:56
428889|0000000906659589              |20220520|070658|014|676|0|30300072|130010001|130759712|1|20220520|070002|8001060|~       |      |~      |1|1250|0|      |20220520|~       |0603|2022-05-31 16:05:56
428891|0000000754403397              |20220520|073709|012|676|0|30300072|130010001|130759421|1|20220520|072852|8001060|~       |      |~      |1|1250|0|      |20220520|~       |0603|2022-05-31 16:05:56
428893|0000000663100222              |20220520|074457|008|675|0|30300056|130010012|130753322|1|20220520|054111|8001060|~       |      |~      |1|1250|0|      |20220520|~       |0603|2022-05-31 16:05:56
428895|0000000737200537              |20220520|080940|004|675|0|30300081|130010011|130759572|1|20220520|062635|8001060|~       |      |~      |1|1250|0|      |20220520|~       |0603|2022-05-31 16:05:56
428897|0000000760198126              |20220520|080540|022|675|0|30300101|130010002|130752325|1|20220520|072822|8001645|~       |      |~      |1|1250|0|      |20220520|~       |0603|2022-05-31 16:05:56
428899|0000000741997267              |20220520|112741|002|675|0|30300076|130010014|130753270|1|20220520|112043|8001645|~       |      |~      |1|1250|0|      |20220520|~       |0603|2022-05-31 16:05:56
428901|0000000725983587              |20220520|072524|015|675|0|30300076|130010014|130753235|1|20220520|071647|8001645|~       |      |~      |1|1250|0|      |20220520|~       |0603|2022-05-31 16:05:56
428903|0000000779119873              |20220520|150823|016|675|0|30300056|130010012|130753319|1|20220520|143528|8001645|~       |      |~      |1|1250|0|      |20220520|~       |0603|2022-05-31 16:05:56
428905|0000000742973545              |20220520|080556|019|675|0|30300101|130010002|130752325|1|20220520|072822|8001645|~       |      |~      |1|1250|0|      |20220520|~       |0603|2022-05-31 16:05:56
428907|0000000673651376              |20220520|082801|020|676|0|30300070|130010004|130752265|1|20220520|070349|8001645|~       |      |~      |1|1250|0|      |20220520|~       |0603|2022-05-31 16:05:56
428909|0000000627039337              |20220520|084056|027|676|0|30300054|130010007|130759345|1|20220520|081505|8001645|~       |      |~      |1|1250|0|      |20220520|~       |0603|2022-05-31 16:05:56
428911|0000000758113785              |20220520|100057|024|676|0|30300041|130010012|130753313|1|20220520|093851|8002993|~       |      |~      |1|1250|0|      |20220520|~       |0603|2022-05-31 16:05:56
428913|0000000746043745              |20220520|173104|030|676|1|30300068|130010006|130752032|1|20220520|170338|8002993|~       |      |~      |1|0|0|      |20220520|~       |0603|2022-05-31 16:05:56
428915|0000000772458039              |20220520|171726|003|675|0|30300056|130010012|130753373|1|20220520|131337|8001645|~       |      |~      |1|1250|0|      |20220520|~       |0603|2022-05-31 16:05:56
429356|0000000740387409              |20220520|075059|029|675|1|30300080|130010009|130759130|1|20220520|074454|8001418|20220520|081601|8001098|1|0|0|      |20220520|20220520|0603|2022-05-31 16:05:56
429358|0000000766418738              |20220520|081241|021|675|1|30300080|130010009|130759137|1|20220520|080844|8001418|20220520|083624|8001098|1|0|0|      |20220520|20220520|0603|2022-05-31 16:05:56
429360|0000000775970185              |20220520|081248|009|675|1|30300080|130010009|130759137|1|20220520|080844|8001418|20220520|083600|8001098|1|0|0|      |20220520|20220520|0603|2022-05-31 16:05:56
429362|0000000904268698              |20220520|085150|031|676|1|30300070|130010004|130752238|1|20220520|083033|8001646|20220520|090036|8001135|1|0|0|      |20220520|20220520|0603|2022-05-31 16:05:56
429364|0000000756007556              |20220520|094226|003|676|1|30300037|130010006|130752014|1|20220520|084616|8001533|20220520|094811|8002339|1|0|0|      |20220520|20220520|0603|2022-05-31 16:05:56
429366|0000000742834348              |20220520|095552|031|676|1|30300037|130010006|130752024|1|20220520|085858|8001533|20220520|100242|8002339|1|0|0|      |20220520|20220520|0603|2022-05-31 16:05:56
429368|0000000731729150              |20220520|171907|024|675|1|30300056|130010012|130753308|1|20220520|161610|8001494|20220520|172236|8001482|1|0|0|      |20220520|20220520|0603|2022-05-31 16:05:56
429370|0000000776020354              |20220520|180617|024|675|0|30300047|130010001|130759408|4|20220520|175613|8001193|20220520|182506|8005993|1|750|0|      |20220520|20220520|0603|2022-05-31 16:05:56
429372|0000000909258419              |20220520|185543|012|676|1|30300038|130010014|130753502|1|20220520|175900|8001596|20220520|191938|8002790|1|0|0|      |20220520|20220520|0603|2022-05-31 16:05:56
429374|0000000720251111              |20220520|184230|028|675|0|30300047|130010001|130759433|4|20220520|142058|8001193|20220520|190055|8005993|1|750|0|      |20220520|20220520|0603|2022-05-31 16:05:56
429376|0000000669289755              |20220520|124249|026|676|1|30300070|130010004|130752228|1|20220520|115112|8002437|20220520|125252|8002290|1|0|0|      |20220520|20220520|0603|2022-05-31 16:05:56
429378|0000000779983774              |20220520|202958|012|675|1|30300053|130010002|130752384|1|20220520|193653|8001074|20220520|203218|8001380|1|0|0|      |20220520|20220520|0603|2022-05-31 16:05:56
429380|0000000725784794              |20220520|105609|024|675|1|30300056|130010012|130753330|1|20220520|100100|8001494|20220520|105815|8001482|1|0|0|      |20220520|20220520|0603|2022-05-31 16:05:56
429787|0000000904862204              |20220520|160758|023|675|1|30300059|130010004|130752271|1|20220520|143948|8001930|20220520|161243|8002724|1|0|0|      |20220520|20220520|0603|2022-05-31 16:05:56
429789|0000000621216379              |20220520|225037|031|676|1|30300038|130010014|130753501|1|20220520|214831|8002635|20220520|225622|8003128|1|0|0|      |20220520|20220520|0603|2022-05-31 16:05:56
429791|0000000752451187              |20220520|074907|012|675|0|30300083|130010001|130759478|4|20220520|071023|8002296|20220520|075411|8001352|1|750|0|      |20220520|20220520|0603|2022-05-31 16:05:56
429793|0000000903995813              |20220520|150940|003|675|2|30300064|130010015|130759637|1|20220520|143527|8001412|20220520|152427|8001979|1|0|0|      |20220520|20220520|0603|2022-05-31 16:05:56
429795|0000000757260624              |20220520|171234|005|675|1|30300064|130010015|130759670|1|20220520|163627|8001412|20220520|172614|8001979|1|0|0|      |20220520|20220520|0603|2022-05-31 16:05:56
429797|0000000631061529              |20220520|124230|024|675|1|30300101|130010002|130752311|1|20220520|115847|8002542|20220520|125223|8001786|1|0|0|      |20220520|20220520|0603|2022-05-31 16:05:56
429799|0000000761151897              |20220520|212224|006|675|0|30300101|130010002|130752396|4|20220520|204605|8002542|20220520|213402|8001786|1|750|0|      |20220520|20220520|0603|2022-05-31 16:05:56
429801|0000000740575626              |20220520|200204|030|675|1|30300053|130010002|130752387|1|20220520|191504|8002542|20220520|201209|8001786|1|0|0|      |20220520|20220520|0603|2022-05-31 16:05:56
448365|0000000726033998              |20220520|171549|007|675|1|30300081|130010011|130759533|1|20220520|152030|8002338|20220520|173528|8001889|1|0|0|      |20220520|20220520|0603|2022-05-31 16:05:56
448367|0000000677959474              |20220520|172132|006|675|2|30300080|130010009|130759108|1|20220520|171116|8001421|20220520|175940|8001987|1|0|0|      |20220520|20220520|0603|2022-05-31 16:05:56
448369|0000000701577572              |20220520|171750|015|675|2|30300091|130010013|130759828|1|20220520|153543|8001647|20220520|174133|8002614|1|0|0|      |20220520|20220520|0603|2022-05-31 16:05:56
448371|0000000760938023              |20220520|182241|005|676|1|30300040|130010013|130759830|1|20220520|173705|8002760|20220520|182346|8002953|1|0|0|      |20220520|20220520|0603|2022-05-31 16:05:56
448373|0000000600704789              |20220520|174041|024|675|1|30300056|130010012|130753330|1|20220520|171146|8002402|20220520|181339|8001368|1|150|0|      |20220520|20220520|0603|2022-05-31 16:05:56
448375|0000000736134422              |20220520|185550|012|676|1|30300072|130010001|130759423|1|20220520|143303|8001036|20220520|191432|8002076|1|0|0|      |20220520|20220520|0603|2022-05-31 16:05:56
448782|0000000657640158              |20220520|062335|004|676|0|30300043|130010015|130759613|1|20220520|052306|8002729|20220520|064601|8005528|1|1250|0|      |20220520|20220520|0603|2022-05-31 16:05:56
448784|0000000770480282              |20220520|065920|015|675|0|30300060|130010014|130753223|1|20220520|061605|8002279|20220520|073851|8001551|1|1250|0|      |20220520|20220520|0603|2022-05-31 16:05:56
448786|0000000634277327              |20220520|133230|020|680|0|30300013|130010015|130759639|1|20220520|123649|8001857|20220520|134518|8001356|1|1250|0|      |20220520|20220520|0603|2022-05-31 16:05:56
448788|0000000760003473              |20220520|074902|004|675|0|30300045|130010006|130759003|1|20220520|072439|8001710|20220520|083312|8003073|1|1250|0|      |20220520|20220520|0603|2022-05-31 16:05:56
448790|0000000441415237              |20220520|080318|014|675|0|30300055|130010014|130753251|1|20220520|071637|8002345|20220520|084335|8001853|1|1250|0|      |20220520|20220520|0603|2022-05-31 16:05:56
448792|0000000703267604              |20220520|080627|030|675|0|30300076|130010014|130753239|1|20220520|061725|8002388|20220520|084411|8002481|1|1250|0|      |20220520|20220520|0603|2022-05-31 16:05:56
448794|0000000700738282              |20220520|073521|029|675|0|30300081|130010011|130759514|1|20220520|071927|8002912|20220520|082943|8001959|1|1250|0|      |20220520|20220520|0603|2022-05-31 16:05:56
448796|0000000743682301              |20220520|083937|020|675|0|30300045|130010006|130752047|1|20220520|065031|8001278|20220520|085933|8001064|1|1250|0|      |20220520|20220520|0603|2022-05-31 16:05:56
448798|0000000756301798              |20220520|081831|004|675|0|30300055|130010014|130753228|1|20220520|063240|8002764|20220520|085938|8002340|1|1250|0|      |20220520|20220520|0603|2022-05-31 16:05:56
448800|0000000741538514              |20220520|164129|004|674|0|30300002|130010007|130759310|1|20220520|162934|8001284|20220520|171103|8002093|1|1250|0|      |20220520|20220520|0603|2022-05-31 16:05:56
448802|0000000744804735              |20220520|171953|025|676|0|30300037|130010006|130752062|1|20220520|161533|8001533|20220520|172926|8002488|1|1250|0|      |20220520|20220520|0603|2022-05-31 16:05:56
448804|0000000917922718              |20220520|175445|007|676|0|30300037|130010006|130752073|1|20220520|163037|8002721|20220520|180923|8002922|1|1250|0|      |20220520|20220520|0603|2022-05-31 16:05:56
448806|0000000903910360              |20220520|181501|024|675|0|30300091|130010013|130759881|1|20220520|180638|8002131|20220520|185410|8002168|1|1250|0|      |20220520|20220520|0603|2022-05-31 16:05:56
452075|0000000747037882              |20220520|150303|019|676|0|30300040|130010013|130759815|1|20220520|143725|8001054|20220520|150939|8001074|1|1250|0|      |20220520|20220520|0603|2022-05-31 16:05:56
452077|0000000903106424              |20220520|082848|009|676|0|30300040|130010013|130759802|1|20220520|081658|8001193|20220520|083449|8002960|1|1250|0|      |20220520|20220520|0603|2022-05-31 16:05:56
452079|0000000904412608              |20220520|080640|016|676|0|30300040|130010013|130759815|1|20220520|080215|8001193|20220520|090437|8002904|1|1250|0|      |20220520|20220520|0603|2022-05-31 16:05:56
452081|0000000742881446              |20220520|095126|010|676|0|30300040|130010013|130759818|1|20220520|072428|8001426|20220520|095933|8002997|1|1250|0|      |20220520|20220520|0603|2022-05-31 16:05:56
452083|0000000903058330              |20220520|174100|027|676|0|30300040|130010007|130759364|1|20220520|173607|8001400|20220520|175558|8002157|1|1250|0|      |20220520|20220520|0603|2022-05-31 16:05:56
452085|0000000725361240              |20220520|173923|015|676|0|30300040|130010007|130759359|1|20220520|170520|8002240|20220520|180919|8001062|1|1250|0|      |20220520|20220520|0603|2022-05-31 16:05:56
452087|0000000743107903              |20220520|180201|024|676|0|30300040|130010007|130759366|1|20220520|174900|8002893|20220520|182234|8002905|1|1250|0|      |20220520|20220520|0603|2022-05-31 16:05:56
452089|0000000627571083              |20220520|180930|017|676|0|30300040|130010007|130759365|1|20220520|173730|8002157|20220520|184130|8001091|1|1250|0|      |20220520|20220520|0603|2022-05-31 16:05:56
452091|0000000764835454              |20220520|180756|017|676|0|30300040|130010013|130759813|1|20220520|170607|8007280|20220520|183832|8001034|1|1250|0|      |20220520|20220520|0603|2022-05-31 16:05:56
452093|0000000905362401              |20220520|184516|002|676|0|30300040|130010007|130759366|1|20220520|174900|8002954|20220520|191805|8002939|1|1250|0|      |20220520|20220520|0603|2022-05-31 16:05:56
452095|0000000918188669              |20220520|190912|003|676|0|30300040|130010013|130759818|1|20220520|171719|8001400|20220520|192119|8002157|1|1250|0|      |20220520|20220520|0603|2022-05-31 16:05:56
452097|0000000729010887              |20220520|213722|019|676|0|30300040|130010007|130759364|1|20220520|204351|8002954|20220520|215235|8001388|1|1250|0|      |20220520|20220520|0603|2022-05-31 16:05:56
452099|0000000903670170              |20220520|190618|026|676|0|30300040|130010013|130759802|1|20220520|181909|8002757|20220520|194922|8001401|1|1250|0|      |20220520|20220520|0603|2022-05-31 16:05:56
452101|0000000903559145              |20220520|201737|014|676|0|30300040|130010007|130759380|1|20220520|200715|8001040|20220520|203328|8007275|1|1250|0|      |20220520|20220520|0603|2022-05-31 16:05:56
452157|0000000726841226              |20220520|132129|006|676|0|30300089|130010011|130759513|1|20220520|123733|8002532|20220520|133554|8007549|1|1250|0|      |20220520|20220520|0603|2022-05-31 16:05:56
452159|0000000920896524              |20220520|132151|015|676|0|30300089|130010011|130759574|1|20220520|102312|8002533|20220520|132710|8005879|1|1250|0|      |20220520|20220520|0603|2022-05-31 16:05:56
452161|0000000467484265              |20220520|221908|009|676|0|30300089|130010011|130759576|1|20220520|205024|8002088|20220520|223449|8001441|1|1250|0|      |20220520|20220520|0603|2022-05-31 16:05:56
452163|0000000905954011              |20220520|201557|023|676|0|30300089|130010011|130759516|1|20220520|124529|8002131|20220520|202805|8001313|1|1250|0|      |20220520|20220520|0603|2022-05-31 16:05:56
440577|0000000703708703              |20220520|101140|020|675|1|30300058|130010004|130752257|1|20220520|093941|8001934|20220520|103431|8002241|1|0|0|      |20220520|20220520|0603|2022-05-31 16:05:56
440579|0000000743681230              |20220520|103113|011|676|1|30300037|130010006|130752045|1|20220520|101202|8002720|20220520|105447|8005960|1|0|0|      |20220520|20220520|0603|2022-05-31 16:05:56
440581|0000000716713381              |20220520|110125|027|675|1|30300065|130010004|130752281|1|20220520|102303|8003054|20220520|112322|8003012|1|0|0|      |20220520|20220520|0603|2022-05-31 16:05:56
440583|0000000703665055              |20220520|151943|009|676|1|30300093|130010004|130752262|1|20220520|132814|8001419|20220520|153102|8002481|1|0|0|      |20220520|20220520|0603|2022-05-31 16:05:56
440585|0000000778364527              |20220520|155341|003|676|1|30300038|130010014|130753272|1|20220520|152143|8005994|20220520|162839|8002846|1|0|0|      |20220520|20220520|0603|2022-05-31 16:05:56
440587|0000000742546410              |20220520|170737|007|675|1|30300058|130010004|130752251|1|20220520|155642|8001086|20220520|170919|8002946|1|0|0|      |20220520|20220520|0603|2022-05-31 16:05:56
440589|0000000771741405              |20220520|222941|028|675|2|30300055|130010014|130753228|1|20220520|134933|8001539|20220520|223859|8001847|1|0|0|      |20220520|20220520|0603|2022-05-31 16:05:56
440591|0000000711931632              |20220520|071619|008|675|1|30300062|130010008|130752137|1|20220520|071549|8001318|20220520|073724|8002757|1|0|0|      |20220520|20220520|0603|2022-05-31 16:05:56
440593|0000000627780556              |20220520|070720|022|675|1|30300060|130010014|130753223|1|20220520|061605|8002453|20220520|073522|8001459|1|0|0|      |20220520|20220520|0603|2022-05-31 16:05:56
440595|0000000759730327              |20220520|072923|008|675|1|30300096|130010006|130752071|1|20220520|060320|8002338|20220520|075412|8002208|1|0|0|      |20220520|20220520|0603|2022-05-31 16:05:56
440597|0000000719655823              |20220520|080007|005|678|1|30300074|130010014|130753236|1|20220520|053817|8002971|20220520|080233|8007221|1|0|0|      |20220520|20220520|0603|2022-05-31 16:05:56
440599|0000000732148378              |20220520|140826|024|675|1|30300092|130010013|130759833|1|20220520|125100|8001475|20220520|143047|8001231|1|0|0|      |20220520|20220520|0603|2022-05-31 16:05:56
441006|0000000661729128              |20220520|084332|007|676|1|30300037|130010006|130752073|1|20220520|082104|8002344|20220520|085806|8001096|1|0|0|      |20220520|20220520|0603|2022-05-31 16:05:56
441008|0000000736436846              |20220520|094346|020|676|1|30300037|130010006|130752037|1|20220520|092400|8002412|20220520|101835|8001097|1|0|0|      |20220520|20220520|0603|2022-05-31 16:05:56
441010|0000000741364598              |20220520|171259|001|676|2|30300087|130010015|130759611|1|20220520|155746|8001587|20220520|172156|8001735|1|0|0|      |20220520|20220520|0603|2022-05-31 16:05:56
441012|0000000743460236              |20220520|165217|011|675|1|30300049|130010004|130752285|1|20220520|161916|8002721|20220520|173058|8001940|1|0|0|      |20220520|20220520|0603|2022-05-31 16:05:56
441014|0000000743133415              |20220520|184217|014|676|1|30300037|130010006|130752035|1|20220520|164822|8002344|20220520|185457|8001096|1|0|0|      |20220520|20220520|0603|2022-05-31 16:05:56
441016|0000000741253087              |20220520|190521|001|676|2|30300054|130010007|130759349|1|20220520|185545|8001827|20220520|192119|8002977|1|0|0|      |20220520|20220520|0603|2022-05-31 16:05:56
441018|0000000776716009              |20220520|192358|024|676|1|30300087|130010015|130759629|1|20220520|184417|8002088|20220520|193010|8001890|1|0|0|      |20220520|20220520|0603|2022-05-31 16:05:56
441020|0000000732322606              |20220520|191435|028|675|1|30300053|130010002|130752395|1|20220520|174120|8001587|20220520|192247|8001735|1|0|0|      |20220520|20220520|0603|2022-05-31 16:05:56
441022|0000000741045646              |20220520|124238|016|676|1|30300051|130010008|130752106|1|20220520|115429|8001028|20220520|130116|8001155|1|0|0|      |20220520|20220520|0603|2022-05-31 16:05:56
441024|0000000906058002              |20220520|212920|023|674|1|30300100|130010002|130752348|1|20220520|212144|8001529|20220520|215941|8002352|1|0|0|      |20220520|20220520|0603|2022-05-31 16:05:56
441026|0000000743412861              |20220520|194842|004|676|1|30300051|130010008|130752102|1|20220520|185531|8001028|20220520|200442|8001155|1|0|0|      |20220520|20220520|0603|2022-05-31 16:05:56
441028|0000000714273664              |20220520|204911|026|676|2|30300037|130010006|130752072|1|20220520|201325|8001005|20220520|210447|8002316|1|0|0|      |20220520|20220520|0603|2022-05-31 16:05:56
441030|0000000742227983              |20220520|102021|010|674|1|30300100|130010002|130752506|1|20220520|101148|8001529|20220520|105424|8002352|1|0|0|      |20220520|20220520|0603|2022-05-31 16:05:56
441437|0000000918311922              |20220520|162840|004|674|0|30300104|130010002|130752313|1|20220520|161805|8001081|20220520|163557|8001013|1|1250|0|      |20220520|20220520|0603|2022-05-31 16:05:56
441439|0000000724759403              |20220520|163108|003|675|0|30300079|130010009|130759148|1|20220520|153046|8002311|20220520|163423|8002611|1|1250|0|      |20220520|20220520|0603|2022-05-31 16:05:56
441441|0000000776674051              |20220520|165314|007|675|0|30300056|130010012|130753374|1|20220520|161124|8001645|20220520|171256|8002410|1|1250|0|      |20220520|20220520|0603|2022-05-31 16:05:56
441443|0000000668392056              |20220520|062101|002|675|0|30300091|130010013|130759812|1|20220520|054413|8002612|20220520|063831|8001419|1|1250|0|      |20220520|20220520|0603|2022-05-31 16:05:56
441445|0000000903677171              |20220520|072337|018|675|0|30300061|130010015|130759648|1|20220520|064734|8002796|20220520|072728|8001541|1|1250|0|      |20220520|20220520|0603|2022-05-31 16:05:56
441447|0000000772976706              |20220520|072710|020|675|0|30300065|130010004|130752269|1|20220520|071436|8001358|20220520|074650|8001345|1|1250|0|      |20220520|20220520|0603|2022-05-31 16:05:56
441449|0000000778477954              |20220520|135745|012|675|0|30300066|130010015|130759687|1|20220520|132316|8001461|20220520|141506|8001669|1|1250|0|      |20220520|20220520|0603|2022-05-31 16:05:56
441451|0000000762526479              |20220520|140115|027|675|0|30300055|130010014|130753225|1|20220520|131804|8002345|20220520|142342|8001929|1|1250|0|      |20220520|20220520|0603|2022-05-31 16:05:56
441453|0000000722551119              |20220520|144905|012|675|0|30300055|130010014|130753252|1|20220520|140709|8002345|20220520|151255|8001929|1|1250|0|      |20220520|20220520|0603|2022-05-31 16:05:56
441455|0000000751113347              |20220520|075320|027|675|0|30300077|130010006|130759018|1|20220520|073845|8002581|20220520|081047|8002603|1|1250|0|      |20220520|20220520|0603|2022-05-31 16:05:56
441457|0000000674603827              |20220520|083436|005|674|0|30300104|130010002|130752507|1|20220520|081358|8005996|20220520|084851|8001028|1|1250|0|      |20220520|20220520|0603|2022-05-31 16:05:56
441459|0000000910520816              |20220520|092619|003|675|0|30300055|130010014|130753206|1|20220520|084445|8002345|20220520|095240|8001929|1|1250|0|      |20220520|20220520|0603|2022-05-31 16:05:56
432821|0000000774822521              |20220520|131021|004|676|0|30300037|130010006|130752074|1|20220520|124551|8002898|20220520|134406|8001296|1|1250|0|      |20220520|20220520|0603|2022-05-31 16:05:56
432823|0000000740845236              |20220520|210303|016|676|0|30300087|130010008|130752151|1|20220520|204136|8001239|20220520|213624|8003012|1|1250|0|      |20220520|20220520|0603|2022-05-31 16:05:56
432825|0000000725990121              |20220520|221220|004|676|0|30300037|130010006|130752011|1|20220520|145050|8005517|20220520|223246|8002313|1|1250|0|      |20220520|20220520|0603|2022-05-31 16:05:56
432827|0000000742784035              |20220520|101502|008|676|0|30300087|130010015|130759610|1|20220520|085747|8002259|20220520|102649|8002134|1|1250|0|      |20220520|20220520|0603|2022-05-31 16:05:56
432829|0000000770856258              |20220520|103116|014|676|0|30300087|130010008|130752160|1|20220520|085408|8002758|20220520|104307|8002965|1|1250|0|      |20220520|20220520|0603|2022-05-31 16:05:56
432831|0000000614293654              |20220520|113921|005|676|0|30300087|130010015|130759641|1|20220520|110142|8002279|20220520|114632|8002851|1|1250|0|      |20220520|20220520|0603|2022-05-31 16:05:56
433238|0000000662492165              |20220520|134549|005|676|0|30300037|130010006|130759024|1|20220520|113711|8001574|20220520|135538|8005921|1|1250|0|      |20220520|20220520|0603|2022-05-31 16:05:56
433240|0000000903993681              |20220520|140443|010|676|0|30300051|130010008|130752101|1|20220520|133914|8001081|20220520|142435|8001934|1|1250|0|      |20220520|20220520|0603|2022-05-31 16:05:56
433242|0000000777267028              |20220520|081727|014|676|0|30300037|130010006|130752044|1|20220520|060835|8001574|20220520|083035|8005921|1|1250|0|      |20220520|20220520|0603|2022-05-31 16:05:56
433244|0000000903903001              |20220520|084936|009|676|0|30300037|130010006|130752002|1|20220520|064241|8001574|20220520|090147|8005921|1|1250|0|      |20220520|20220520|0603|2022-05-31 16:05:56
433246|0000000918252113              |20220520|085648|005|676|0|30300037|130010006|130752050|1|20220520|082304|8005517|20220520|085938|8002559|1|1250|0|      |20220520|20220520|0603|2022-05-31 16:05:56
433248|0000000744732081              |20220520|092944|005|676|0|30300037|130010006|130752024|1|20220520|085858|8005517|20220520|095047|8002310|1|1250|0|      |20220520|20220520|0603|2022-05-31 16:05:56
433250|0000000917992417              |20220520|171342|007|676|0|30300037|130010006|130752014|1|20220520|163516|8002559|20220520|173705|8002310|1|1250|0|      |20220520|20220520|0603|2022-05-31 16:05:56
433252|0000000639155084              |20220520|174123|008|676|0|30300037|130010006|130759023|1|20220520|153028|8001036|20220520|183432|8002721|1|1250|0|      |20220520|20220520|0603|2022-05-31 16:05:56
433254|0000000918352276              |20220520|184914|005|676|0|30300037|130010006|130752062|1|20220520|174139|8002558|20220520|185658|8002378|1|1250|0|      |20220520|20220520|0603|2022-05-31 16:05:56
433256|0000000764096844              |20220520|120441|017|676|0|30300037|130010006|130752015|1|20220520|114445|8002635|20220520|123140|8002100|1|1250|0|      |20220520|20220520|0603|2022-05-31 16:05:56
433258|0000000732742955              |20220520|131210|013|676|0|30300051|130010008|130752114|1|20220520|114320|8001535|20220520|132722|8002454|1|1250|0|      |20220520|20220520|0603|2022-05-31 16:05:56
433260|0000000749471985              |20220520|204316|005|676|0|30300051|130010008|130752142|1|20220520|195718|8001927|20220520|205743|8001418|1|1250|0|      |20220520|20220520|0603|2022-05-31 16:05:56
433262|0000000674281710              |20220520|110927|014|676|0|30300051|130010008|130752134|1|20220520|105339|8001420|20220520|114522|8002365|1|1250|0|      |20220520|20220520|0603|2022-05-31 16:05:56
433264|0000000768010866              |20220520|224554|008|676|0|30300051|130010008|130752103|1|20220520|223204|8001415|20220520|231730|8001290|1|1250|0|      |20220520|20220520|0603|2022-05-31 16:05:56
433671|0000000742967829              |20220520|193637|017|676|0|30300037|130010006|130752073|1|20220520|183836|8002310|20220520|194919|8002345|1|1250|0|      |20220520|20220520|0603|2022-05-31 16:05:56
433673|0000000777428298              |20220520|120714|011|676|0|30300037|130010006|130752002|1|20220520|102748|8001443|20220520|121614|8002311|1|1250|0|      |20220520|20220520|0603|2022-05-31 16:05:56
433675|0000000740660050              |20220520|125513|025|676|0|30300037|130010006|130759011|1|20220520|122810|8002340|20220520|132947|8005518|1|1250|0|      |20220520|20220520|0603|2022-05-31 16:05:56
433677|0000000745896843              |20220520|130245|007|676|0|30300037|130010006|130752024|1|20220520|130040|8003003|20220520|134016|8001912|1|1250|0|      |20220520|20220520|0603|2022-05-31 16:05:56
433679|0000000635191570              |20220520|205206|003|676|0|30300037|130010006|130752011|1|20220520|145050|8002558|20220520|212238|8003002|1|1250|0|      |20220520|20220520|0603|2022-05-31 16:05:56
433681|0000000709114122              |20220520|211731|031|676|0|30300037|130010006|130752037|1|20220520|203722|8002235|20220520|211916|8002618|1|1250|0|      |20220520|20220520|0603|2022-05-31 16:05:56
433683|0000000661285034              |20220520|102627|015|676|0|30300037|130010006|130752014|1|20220520|095821|8001443|20220520|110620|8002403|1|1250|0|      |20220520|20220520|0603|2022-05-31 16:05:56
433685|0000000627780570              |20220520|111011|010|676|0|30300037|130010006|130752053|1|20220520|102204|8002100|20220520|113539|8002403|1|1250|0|      |20220520|20220520|0603|2022-05-31 16:05:56
433687|0000000711926932              |20220520|152105|018|676|0|30300037|130010006|130752037|1|20220520|132426|8001534|20220520|154313|8001574|1|1250|0|      |20220520|20220520|0603|2022-05-31 16:05:56
433689|0000000757143645              |20220520|123711|029|676|0|30300051|130010008|130752108|1|20220520|120424|8002605|20220520|124405|8002433|1|1250|0|      |20220520|20220520|0603|2022-05-31 16:05:56
433691|0000000725952927              |20220520|130809|021|676|0|30300071|130010009|130759133|1|20220520|122951|8006006|20220520|131428|8001587|1|1250|0|      |20220520|20220520|0603|2022-05-31 16:05:56
433693|0000000917955509              |20220520|134604|014|675|0|30300083|130010001|130759426|1|20220520|061728|8001538|20220520|135259|8001746|1|1250|0|      |20220520|20220520|0603|2022-05-31 16:05:56
433695|0000000654528846              |20220520|220212|031|675|0|30300060|130010014|130753223|1|20220520|212254|8006006|20220520|220902|8001587|1|1250|0|      |20220520|20220520|0603|2022-05-31 16:05:56
434120|0000000673035816              |20220520|101420|031|676|1|30300040|130010007|130759385|1|20220520|095759|8001534|20220520|102416|8007275|1|0|0|      |20220520|20220520|0603|2022-05-31 16:05:56
434122|0000000921584464              |20220520|111531|025|676|1|30300054|130010007|130759383|1|20220520|104008|8002453|20220520|112402|8002202|1|0|0|      |20220520|20220520|0603|2022-05-31 16:05:56
434124|0000000721029435              |20220520|113441|008|676|1|30300054|130010007|130759377|1|20220520|110414|8002453|20220520|114416|8002202|1|0|0|      |20220520|20220520|0603|2022-05-31 16:05:56
434126|0000000776100463              |20220520|113444|010|676|1|30300054|130010007|130759377|1|20220520|110414|8002453|20220520|114529|8002202|1|0|0|      |20220520|20220520|0603|2022-05-31 16:05:56
479240|0000000605506370              |20220520|194118|030|676|0|30300131|130010008|130752716|1|20220520|190125|8001089|20220520|194211|8002453|1|1250|0|      |20220520|20220520|0603|2022-05-31 16:05:56
479242|0000000719763466              |20220520|191709|021|676|0|30300089|130010011|130759578|1|20220520|162846|8002969|20220520|195746|8001555|1|1250|0|      |20220520|20220520|0603|2022-05-31 16:05:56
479244|0000000645110578              |20220520|125957|015|676|0|30300088|130010002|130752512|1|20220520|115944|8001196|20220520|130225|8002721|1|1250|0|      |20220520|20220520|0603|2022-05-31 16:05:56
479246|0000000753912055              |20220520|215520|008|676|0|30300041|130010012|130753313|1|20220520|210117|8005921|20220520|215812|8002721|1|1250|0|      |20220520|20220520|0603|2022-05-31 16:05:56
479248|0000000716274047              |20220520|220709|029|676|0|30300041|130010012|130753321|1|20220520|192035|8002159|20220520|222227|8002721|1|1250|0|      |20220520|20220520|0603|2022-05-31 16:05:56
479250|0000000645212559              |20220520|194306|002|676|0|30300040|130010007|130759365|1|20220520|193933|8002941|20220520|194630|8002721|1|1250|0|      |20220520|20220520|0603|2022-05-31 16:05:56
479252|0000000667018825              |20220520|201523|018|676|0|30300087|130010008|130752160|1|20220520|195217|8002966|20220520|202948|8002453|1|1250|0|      |20220520|20220520|0603|2022-05-31 16:05:56
479254|0000000717718118              |20220520|095315|004|676|0|30300089|130010011|130759513|1|20220520|052921|8002649|20220520|104302|8001555|1|1250|0|      |20220520|20220520|0603|2022-05-31 16:05:56
479256|0000000723848140              |20220520|104418|020|676|0|30300039|130010005|130759217|1|20220520|103638|8005558|20220520|111848|8002721|1|1250|0|      |20220520|20220520|0603|2022-05-31 16:05:56
479258|0000000704231163              |20220520|154103|026|676|0|30300054|130010007|130759347|1|20220520|151106|8001261|20220520|154722|8002453|1|1250|0|      |20220520|20220520|0603|2022-05-31 16:05:56
479260|0000000644983552              |20220520|164513|030|676|0|30300037|130010006|130752046|1|20220520|154357|8005518|20220520|165301|8002721|1|1250|0|      |20220520|20220520|0603|2022-05-31 16:05:56
479505|0000000758045100              |20220520|111441|019|676|0|30300040|130010007|130759389|1|20220520|102230|8002954|20220520|113930|8002939|1|1250|0|      |20220520|20220520|0603|2022-05-31 16:05:56
479507|0000000644584347              |20220520|153647|010|676|0|30300040|130010007|130759389|1|20220520|152854|8001193|20220520|154457|8001596|1|1250|0|      |20220520|20220520|0603|2022-05-31 16:05:56
479509|0000000719157000              |20220520|164331|013|676|0|30300040|130010007|130759373|1|20220520|164139|8002941|20220520|170323|8001425|1|1250|0|      |20220520|20220520|0603|2022-05-31 16:05:56
479511|0000000717485597              |20220520|223403|021|676|0|30300040|130010007|130759388|1|20220520|221222|8001063|20220520|225746|8001407|1|1250|0|      |20220520|20220520|0603|2022-05-31 16:05:56
479513|0000000719164939              |20220520|223603|024|676|0|30300040|130010007|130759389|1|20220520|222354|8001596|20220520|225900|8001005|1|1250|0|      |20220520|20220520|0603|2022-05-31 16:05:56
479515|0000000605624719              |20220520|073635|020|676|0|30300040|130010007|130759364|1|20220520|071924|8001036|20220520|074918|8007275|1|1250|0|      |20220520|20220520|0603|2022-05-31 16:05:56
479517|0000000668629800              |20220520|072800|003|676|0|30300040|130010013|130759822|1|20220520|065457|8002869|20220520|073205|8002338|1|1250|0|      |20220520|20220520|0603|2022-05-31 16:05:56
479519|0000000722538302              |20220520|072648|017|676|0|30300040|130010007|130759343|1|20220520|071620|8001040|20220520|074107|8007275|1|1250|0|      |20220520|20220520|0603|2022-05-31 16:05:56
479521|0000000908062526              |20220520|073307|024|676|0|30300040|130010007|130759388|1|20220520|065043|8002870|20220520|080319|8001192|1|1250|0|      |20220520|20220520|0603|2022-05-31 16:05:56
479523|0000000761862026              |20220520|080017|012|676|0|30300040|130010007|130759366|1|20220520|073638|8001085|20220520|080240|8002240|1|1250|0|      |20220520|20220520|0603|2022-05-31 16:05:56
479525|0000000753842347              |20220520|132620|027|676|0|30300051|130010008|130752114|1|20220520|114320|8001415|20220520|140803|8001080|1|1250|0|      |20220520|20220520|0603|2022-05-31 16:05:56
479527|0000000600704608              |20220520|133855|002|676|0|30300051|130010008|130752153|1|20220520|132433|8001291|20220520|135601|8002547|1|1250|0|      |20220520|20220520|0603|2022-05-31 16:05:56
479529|0000000909836097              |20220520|142435|007|676|0|30300051|130010008|130752119|1|20220520|133748|8002542|20220520|144439|8001155|1|1250|0|      |20220520|20220520|0603|2022-05-31 16:05:56
479531|0000000645642406              |20220520|074846|031|676|0|30300051|130010008|130752102|1|20220520|071101|8002544|20220520|081206|8002995|1|1250|0|      |20220520|20220520|0603|2022-05-31 16:05:56
479803|0000000724735481              |20220520|135745|012|678|0|30300074|130010014|130753614|1|20220520|135146|8005032|20220520|143801|8001412|1|1250|450|      |20220520|20220520|0603|2022-05-31 16:05:56
479805|0000000638019009              |20220520|075157|026|678|0|30300074|130010014|130753217|1|20220520|074923|8005945|20220520|082222|8002824|1|1250|500|      |20220520|20220520|0603|2022-05-31 16:05:56
479807|0000000717698671              |20220520|075206|001|678|0|30300074|130010014|130753217|1|20220520|074923|8005945|20220520|082228|8002824|1|1250|500|      |20220520|20220520|0603|2022-05-31 16:05:56
479809|0000000732612686              |20220520|075524|013|678|0|30300074|130010014|130753217|1|20220520|074923|8005032|20220520|083434|8001412|1|1250|450|      |20220520|20220520|0603|2022-05-31 16:05:56
479811|0000000643698418              |20220520|081541|019|678|0|30300074|130010014|130753219|1|20220520|065051|8005945|20220520|084853|8002824|1|1250|500|      |20220520|20220520|0603|2022-05-31 16:05:56
479813|0000000700337166              |20220520|170803|023|678|0|30300074|130010014|130753236|1|20220520|170255|8005032|20220520|174850|8001412|1|1250|450|      |20220520|20220520|0603|2022-05-31 16:05:56
479815|0000000771893522              |20220520|182632|012|678|0|30300074|130010014|130753222|1|20220520|174240|8001420|20220520|190448|8005037|1|1250|450|      |20220520|20220520|0603|2022-05-31 16:05:56
479817|0000000756426621              |20220520|115508|014|678|1|30300074|130010014|130753226|1|20220520|112314|8001420|20220520|123300|8005037|1|0|450|      |20220520|20220520|0603|2022-05-31 16:05:56
479819|0000000725679981              |20220520|124111|011|678|0|30300074|130010014|130753264|1|20220520|122303|8005032|20220520|132028|8001412|1|1250|450|      |20220520|20220520|0603|2022-05-31 16:05:56
479821|0000000910430219              |20220520|191140|008|678|0|30300074|130010014|130753222|1|20220520|174240|8005032|20220520|194923|8001412|1|1250|450|      |20220520|20220520|0603|2022-05-31 16:05:56
479823|0000000725159140              |20220520|200603|028|680|0|30300052|130010006|130752051|1|20220520|191250|8001929|20220520|204836|8005633|1|1250|150|      |20220520|20220520|0603|2022-05-31 16:05:56
479825|0000000769906641              |20220520|102253|022|678|0|30300074|130010014|130753236|1|20220520|053817|8005032|20220520|110244|8001412|1|1250|450|      |20220520|20220520|0603|2022-05-31 16:05:56
475172|0000000677894207              |20220520|165659|018|675|0|30300084|130010001|130759440|1|20220520|163007|8001400|~       |      |~      |1|1250|0|      |20220520|~       |0603|2022-05-31 16:05:56
475174|0000000749675956              |20220520|074445|023|676|0|30300038|130010014|130753505|1|20220520|072843|8001400|~       |      |~      |1|1250|0|      |20220520|~       |0603|2022-05-31 16:05:56
475176|0000000770248783              |20220520|074048|005|675|0|30300084|130010001|130759439|1|20220520|070936|8001400|~       |      |~      |1|1250|0|      |20220520|~       |0603|2022-05-31 16:05:56
475178|0000000712581279              |20220520|083923|021|675|0|30300046|130010002|130752312|1|20220520|074608|8002997|~       |      |~      |1|1250|0|      |20220520|~       |0603|2022-05-31 16:05:56
475180|0000000722385671              |20220520|173617|021|676|0|30300041|130010012|130753304|1|20220520|170424|8002997|~       |      |~      |1|1250|0|      |20220520|~       |0603|2022-05-31 16:05:56
475182|0000000773200762              |20220520|181530|013|676|0|30300041|130010012|130753303|1|20220520|175930|8002997|~       |      |~      |1|1250|0|      |20220520|~       |0603|2022-05-31 16:05:56
475637|0000000604673312              |20220520|110643|014|676|1|30300037|130010006|130752015|1|20220520|093318|8002559|~       |      |~      |1|0|0|      |20220520|~       |0603|2022-05-31 16:05:56
475639|0000000760864173              |20220520|115732|014|676|1|30300037|130010006|130752074|1|20220520|111733|8002559|~       |      |~      |1|0|0|      |20220520|~       |0603|2022-05-31 16:05:56
475641|0000000755383237              |20220520|164801|011|676|1|30300037|130010006|130752050|1|20220520|160927|8002559|~       |      |~      |1|0|0|      |20220520|~       |0603|2022-05-31 16:05:56
475643|0000000759488026              |20220520|224451|014|676|1|30300037|130010006|130759012|1|20220520|221315|8002559|~       |      |~      |1|0|0|      |20220520|~       |0603|2022-05-31 16:05:56
475645|0000000441584781              |20220520|150504|007|675|0|30300058|130010004|130752288|1|20220520|133204|8001085|~       |      |~      |1|1250|0|      |20220520|~       |0603|2022-05-31 16:05:56
475647|0000000767863850              |20220520|085803|022|675|0|30300058|130010004|130752292|1|20220520|053159|8001085|~       |      |~      |1|1250|0|      |20220520|~       |0603|2022-05-31 16:05:56
475649|0000000909865008              |20220520|095928|007|676|0|30300131|130010008|130752707|1|20220520|090710|8002559|~       |      |~      |1|1250|0|      |20220520|~       |0603|2022-05-31 16:05:56
475651|0000000774757176              |20220520|183514|003|675|0|30300082|130010001|130759413|1|20220520|181208|8002559|~       |      |~      |1|1250|0|      |20220520|~       |0603|2022-05-31 16:05:56
475653|0000000773747170              |20220520|123444|009|675|0|30300058|130010004|130752294|1|20220520|110448|8001085|~       |      |~      |1|1250|0|      |20220520|~       |0603|2022-05-31 16:05:56
475655|0000000741586406              |20220520|132513|011|675|1|30300082|130010001|130759703|1|20220520|130817|8002559|~       |      |~      |1|0|0|      |20220520|~       |0603|2022-05-31 16:05:56
475657|0000000741479343              |20220520|215904|006|675|1|30300082|130010001|130759413|1|20220520|214552|8002559|~       |      |~      |1|0|0|      |20220520|~       |0603|2022-05-31 16:05:56
475659|0000000723039055              |20220520|104250|020|675|0|30300058|130010004|130752252|1|20220520|102439|8001085|~       |      |~      |2|2500|0|      |20220520|~       |0603|2022-05-31 16:05:56
475661|0000000713441938              |20220520|105852|015|675|0|30300058|130010004|130752266|1|20220520|092442|8001085|~       |      |~      |1|1250|0|      |20220520|~       |0603|2022-05-31 16:05:56
475663|0000000755854974              |20220520|114800|016|676|1|30300072|130010001|130759431|4|20220520|095720|8002559|~       |      |~      |1|0|0|      |20220520|~       |0603|2022-05-31 16:05:56
475665|0000000907940734              |20220520|154656|020|675|0|30300058|130010004|130752259|1|20220520|141147|8001085|~       |      |~      |1|1250|0|      |20220520|~       |0603|2022-05-31 16:05:56
475667|0000000910555117              |20220520|162857|003|675|0|30300058|130010004|130752295|1|20220520|144845|8001085|~       |      |~      |1|1250|0|      |20220520|~       |0603|2022-05-31 16:05:56
476091|0000000903633147              |20220520|145416|001|675|0|30300058|130010004|130752266|1|20220520|125241|8001929|20220520|145725|8002429|1|1250|0|      |20220520|20220520|0603|2022-05-31 16:05:56
476093|0000000640239014              |20220520|150326|028|676|0|30300040|130010013|130759802|1|20220520|145539|8002941|20220520|151053|8002721|1|1250|0|      |20220520|20220520|0603|2022-05-31 16:05:56
476095|0000000768829420              |20220520|083024|014|675|0|30300047|130010001|130759732|1|20220520|082708|8002941|20220520|085149|8003101|1|1250|0|      |20220520|20220520|0603|2022-05-31 16:05:56
476097|0000000757040451              |20220520|091908|004|675|0|30300108|130010007|130759339|1|20220520|091604|8002941|20220520|092641|8002410|1|1250|0|      |20220520|20220520|0603|2022-05-31 16:05:56
476099|0000000753767826              |20220520|094910|008|676|0|30300070|130010004|130752604|1|20220520|094058|8003101|20220520|101043|8001135|1|1250|0|      |20220520|20220520|0603|2022-05-31 16:05:56
476101|0000000741692695              |20220520|173643|014|675|0|30300077|130010006|130752017|1|20220520|150921|8001929|20220520|175039|8002119|1|1250|0|      |20220520|20220520|0603|2022-05-31 16:05:56
476103|0000000718284372              |20220520|190658|027|676|0|30300072|130010001|130759711|1|20220520|150317|8002345|20220520|190954|8002488|1|1250|0|      |20220520|20220520|0603|2022-05-31 16:05:56
476105|0000000735938592              |20220520|191317|006|680|0|30300052|130010002|130752337|1|20220520|184000|8001929|20220520|192928|8002542|1|1250|0|      |20220520|20220520|0603|2022-05-31 16:05:56
476107|0000000909197307              |20220520|123019|023|675|0|30300055|130010014|130753269|1|20220520|105644|8002345|20220520|125116|8001929|1|1250|0|      |20220520|20220520|0603|2022-05-31 16:05:56
476109|0000000918335341              |20220520|125429|001|675|0|30300055|130010014|130753204|1|20220520|121222|8002345|20220520|125935|8001412|1|1250|0|      |20220520|20220520|0603|2022-05-31 16:05:56
476111|0000000921957878              |20220520|211330|001|674|0|30300100|130010002|130752360|1|20220520|152652|8001929|20220520|211620|8002433|1|1250|0|      |20220520|20220520|0603|2022-05-31 16:05:56
476113|0000000756628075              |20220520|222256|004|675|0|30300058|130010004|130752290|1|20220520|213627|8001929|20220520|223644|8002706|1|1250|0|      |20220520|20220520|0603|2022-05-31 16:05:56
476115|0000000725790292              |20220520|201024|003|675|0|30300082|130010001|130759728|1|20220520|141448|8001929|20220520|203041|8001791|1|1250|0|      |20220520|20220520|0603|2022-05-31 16:05:56
476522|0000000668832331              |20220520|121541|010|675|0|30300050|130010007|130759350|1|20220520|114402|8002402|20220520|123324|8002206|1|1250|0|      |20220520|20220520|0603|2022-05-31 16:05:56
476524|0000000761489088              |20220520|124946|001|674|0|30300002|130010007|130759304|1|20220520|120127|8001430|20220520|125655|8002880|1|1250|0|      |20220520|20220520|0603|2022-05-31 16:05:56
469941|0000000904447664              |20220520|095102|026|675|0|30300056|130010012|130753374|1|20220520|072303|8001056|20220520|101920|9001641|1|1250|0|      |20220520|20220520|0603|2022-05-31 16:05:56
469943|0000000469053763              |20220520|154004|008|675|0|30300047|130010001|130759732|1|20220520|152741|8001827|20220520|154806|8001483|1|1250|0|      |20220520|20220520|0603|2022-05-31 16:05:56
469945|0000000660193562              |20220520|145245|010|675|0|30300082|130010001|130759728|1|20220520|141448|8002928|20220520|162110|8001929|1|1250|0|      |20220520|20220520|0603|2022-05-31 16:05:56
469947|0000000903410264              |20220520|161257|001|675|0|30300046|130010002|130752352|1|20220520|154923|8001117|20220520|165632|8001273|1|1250|0|      |20220520|20220520|0603|2022-05-31 16:05:56
469949|0000000709382914              |20220520|063247|014|675|0|30300082|130010001|130759776|1|20220520|060159|8005562|20220520|065247|8002688|1|1250|0|      |20220520|20220520|0603|2022-05-31 16:05:56
469951|0000000710973155              |20220520|071818|009|675|0|30300056|130010012|130753319|1|20220520|071643|8001280|20220520|081211|8002410|1|1250|0|      |20220520|20220520|0603|2022-05-31 16:05:56
469953|0000000900023356              |20220520|074627|027|675|0|30300079|130010009|130759173|1|20220520|054000|8002316|20220520|075523|8005548|1|1250|0|      |20220520|20220520|0603|2022-05-31 16:05:56
469955|0000000764419568              |20220520|133444|004|675|0|30300067|130010001|130759707|1|20220520|114839|8002379|20220520|141543|8001414|1|1250|0|      |20220520|20220520|0603|2022-05-31 16:05:56
469957|0000000767009697              |20220520|075547|025|675|0|30300067|130010001|130759717|1|20220520|073129|8002935|20220520|080750|8002648|1|1250|0|      |20220520|20220520|0603|2022-05-31 16:05:56
469959|0000000904648200              |20220520|073940|027|676|0|30300088|130010002|130752371|1|20220520|070010|8001590|20220520|083223|8001230|1|1250|0|      |20220520|20220520|0603|2022-05-31 16:05:56
470366|0000000787972162              |20220520|091256|002|675|0|30300047|130010001|130759408|1|20220520|080024|8002184|20220520|092633|8070027|1|1250|0|      |20220520|20220520|0603|2022-05-31 16:05:56
470368|0000000794463097              |20220520|172337|004|674|0|30300100|130010002|130752381|1|20220520|162406|8001412|20220520|180554|8001158|1|1250|0|      |20220520|20220520|0603|2022-05-31 16:05:56
470370|0000001118392969              |20220520|180856|004|676|0|30300093|130010004|130752231|1|20220520|174118|8007030|20220520|183845|8002460|1|1250|0|      |20220520|20220520|0603|2022-05-31 16:05:56
470372|0000000792290976              |20220520|182245|019|676|0|30300041|130010012|130753332|1|20220520|163058|8001400|20220520|185650|8002756|1|1250|0|      |20220520|20220520|0603|2022-05-31 16:05:56
470374|0000000690838918              |20220520|115609|001|675|0|30300145|130010014|130753529|1|20220520|115557|8002070|20220520|120756|8007420|1|1250|0|      |20220520|20220520|0603|2022-05-31 16:05:56
470376|0000000699534318              |20220520|122748|009|675|0|30300046|130010002|130752366|1|20220520|071010|8001675|20220520|130747|8005996|1|1250|0|      |20220520|20220520|0603|2022-05-31 16:05:56
470378|0000000699339890              |20220520|123648|025|676|0|30300071|130010009|130759106|1|20220520|120046|8002468|20220520|130648|8001791|1|1250|0|      |20220520|20220520|0603|2022-05-31 16:05:56
470380|0000000793989335              |20220520|214154|002|676|0|30300090|130010005|130759218|1|20220520|195907|8002997|20220520|222902|8001744|1|1250|0|      |20220520|20220520|0603|2022-05-31 16:05:56
470382|0000000791678845              |20220520|202440|002|676|0|30300037|130010006|130752046|1|20220520|193214|8005921|20220520|203020|8002403|1|1250|0|      |20220520|20220520|0603|2022-05-31 16:05:56
470384|0000000691018321              |20220520|195709|007|679|0|30300063|130010001|130759403|1|20220520|181242|8001603|20220520|203152|8001659|1|1250|0|      |20220520|20220520|0603|2022-05-31 16:05:56
470386|0000000400190579              |20220520|094417|012|675|1|30300057|130010001|130759489|1|20220520|092639|8002358|20220520|100426|8002724|1|0|0|      |20220520|20220520|0603|2022-05-31 16:05:56
470388|0000000785428855              |20220520|111018|014|832|0|30300128|130710001|130759931|1|20220520|053812|8007279|20220520|112228|8007289|1|1700|0|      |20220520|20220520|0603|2022-05-31 16:05:56
470390|0000000695306862              |20220520|161417|013|676|1|30300051|130010008|130752102|1|20220520|152730|8001493|20220520|161533|8001490|1|0|0|      |20220520|20220520|0603|2022-05-31 16:05:56
470392|0000000796938136              |20220520|222111|002|676|0|30300038|130010014|130753502|1|20220520|214655|8001774|20220520|225946|8002628|1|1250|0|      |20220520|20220520|0603|2022-05-31 16:05:56
470799|0000000400178473              |20220520|062020|017|680|0|30300021|130010002|130752555|8|20220520|055729|8001944|20220520|063400|8007411|1|0|0|      |20220520|20220520|0603|2022-05-31 16:05:56
470801|0000000688464099              |20220520|141738|003|676|0|30300072|130010001|130759432|1|20220520|140739|8001234|20220520|144626|8001921|1|1250|0|      |20220520|20220520|0603|2022-05-31 16:05:56
470803|0000001110382634              |20220520|074156|003|679|0|30300063|130010001|130759474|1|20220520|074105|8005122|20220520|082159|8001243|1|1200|150|      |20220520|20220520|0603|2022-05-31 16:05:56
470805|0000000186276468              |20220520|084356|003|679|0|30300063|130010001|130759488|1|20220520|083119|8007335|20220520|093103|8001412|1|1250|0|      |20220520|20220520|0603|2022-05-31 16:05:56
470807|0000000798071367              |20220520|093432|001|675|1|30300046|130010002|130752342|1|20220520|085706|8002721|20220520|100819|8001079|1|0|0|      |20220520|20220520|0603|2022-05-31 16:05:56
470809|0000000699287476              |20220520|173954|013|675|0|30300108|130010007|130759328|1|20220520|170404|8007321|20220520|175823|8006002|1|1250|0|      |20220520|20220520|0603|2022-05-31 16:05:56
470811|0000000400092380              |20220520|171644|025|680|0|30300052|130010006|130752019|1|20220520|164649|8002734|20220520|180930|8005973|1|1250|200|      |20220520|20220520|0603|2022-05-31 16:05:56
470813|0000000695375942              |20220520|183302|003|676|1|30300086|130010013|130759808|1|20220520|164314|8002437|20220520|183354|8001413|1|0|0|      |20220520|20220520|0603|2022-05-31 16:05:56
470815|0000000186385973              |20220520|182841|012|676|1|30300043|130010015|130759619|1|20220520|152326|8001429|20220520|183714|8001247|1|0|0|      |20220520|20220520|0603|2022-05-31 16:05:56
470817|0000000789671688              |20220520|175912|003|676|0|30300054|130010007|130759355|1|20220520|174213|8001556|20220520|190658|8002707|1|1250|0|      |20220520|20220520|0603|2022-05-31 16:05:56
470819|0000000692276977              |20220520|190128|030|676|1|30300039|130010005|130759212|1|20220520|173519|8001077|20220520|193559|8002493|1|0|0|      |20220520|20220520|0603|2022-05-31 16:05:56
470821|0000000797069177              |20220520|191605|002|675|2|30300053|130010002|130752394|1|20220520|175322|8001078|20220520|193137|8001240|1|0|0|      |20220520|20220520|0603|2022-05-31 16:05:56
470823|0000000699119767              |20220520|130944|008|676|0|30300088|130010006|130752016|1|20220520|125605|8001579|20220520|132532|8001219|1|1250|0|      |20220520|20220520|0603|2022-05-31 16:05:56
462495|0000000917934961              |20220520|195236|012|676|0|30300088|130010002|130752364|1|20220520|190048|8002901|20220520|203557|8002133|1|1250|0|      |20220520|20220520|0603|2022-05-31 16:05:56
462497|0000000743666371              |20220520|102046|023|676|0|30300088|130010002|130752361|1|20220520|095011|8001304|20220520|105306|8002721|1|1250|0|      |20220520|20220520|0603|2022-05-31 16:05:56
464778|0000000918090487              |20220520|090104|001|676|1|30300068|130010006|130759025|1|20220520|055227|8002231|20220520|091301|8001097|1|0|0|      |20220520|20220520|0603|2022-05-31 16:05:56
464780|0000000659432869              |20220520|091045|011|676|1|30300054|130010007|130759351|1|20220520|082408|8002814|20220520|093652|8001555|1|0|0|      |20220520|20220520|0603|2022-05-31 16:05:56
464782|0000000758028209              |20220520|173817|001|676|1|30300088|130010002|130752361|1|20220520|155523|8002091|20220520|173936|8001230|1|0|0|      |20220520|20220520|0603|2022-05-31 16:05:56
464784|0000000643767181              |20220520|180833|029|676|1|30300093|130010004|130752282|1|20220520|170018|8002463|20220520|181328|8007102|1|0|0|      |20220520|20220520|0603|2022-05-31 16:05:56
464786|0000000756590455              |20220520|183801|014|676|1|30300068|130010006|130752008|1|20220520|175909|8002231|20220520|185141|8001097|1|0|0|      |20220520|20220520|0603|2022-05-31 16:05:56
464788|0000000743105065              |20220520|183808|026|676|2|30300068|130010006|130752008|1|20220520|175909|8002231|20220520|184847|8001097|1|0|0|      |20220520|20220520|0603|2022-05-31 16:05:56
464790|0000000642711944              |20220520|185706|028|675|1|30300046|130010002|130752352|1|20220520|154923|8007046|20220520|185850|8001155|1|0|0|      |20220520|20220520|0603|2022-05-31 16:05:56
464792|0000000671645629              |20220520|190611|030|675|1|30300084|130010001|130759439|1|20220520|125409|8002888|20220520|190811|8001748|1|0|0|      |20220520|20220520|0603|2022-05-31 16:05:56
464794|0000000732458353              |20220520|123014|011|676|1|30300054|130010007|130759341|1|20220520|112957|8001555|20220520|123822|8001793|1|0|0|      |20220520|20220520|0603|2022-05-31 16:05:56
464796|0000000904811555              |20220520|221906|012|676|2|30300093|130010004|130752273|4|20220520|203759|8001555|20220520|222607|8001793|1|0|0|      |20220520|20220520|0603|2022-05-31 16:05:56
464798|0000000631900856              |20220520|201402|001|676|1|30300054|130010007|130759344|1|20220520|194508|8002814|20220520|203903|8001555|1|0|0|      |20220520|20220520|0603|2022-05-31 16:05:56
464800|0000000763462206              |20220520|104933|010|676|1|30300068|130010006|130752036|1|20220520|091703|8002231|20220520|110213|8001097|1|0|0|      |20220520|20220520|0603|2022-05-31 16:05:56
464802|0000000770105788              |20220520|112950|002|676|1|30300054|130010007|130759386|1|20220520|105549|8002814|20220520|115426|8001555|1|0|0|      |20220520|20220520|0603|2022-05-31 16:05:56
465209|0000000464905167              |20220520|205933|002|675|0|30300055|130010014|130753263|1|20220520|203057|8002893|20220520|214602|8001847|1|1250|0|      |20220520|20220520|0603|2022-05-31 16:05:56
465211|0000000740894514              |20220520|194335|026|675|0|30300055|130010014|130753211|1|20220520|185731|8002344|20220520|200315|8001987|1|1250|0|      |20220520|20220520|0603|2022-05-31 16:05:56
465213|0000000703895427              |20220520|100412|019|676|0|30300037|130010006|130752050|1|20220520|094443|8002343|20220520|101434|8002311|1|1250|0|      |20220520|20220520|0603|2022-05-31 16:05:56
465215|0000000755397754              |20220520|180437|008|676|0|30300037|130010006|130752045|1|20220520|174643|8001590|20220520|181218|8002984|1|1250|0|      |20220520|20220520|0603|2022-05-31 16:05:56
465217|0000000753363188              |20220520|181428|014|676|0|30300037|130010006|130759016|1|20220520|170554|8005921|20220520|182323|8002411|1|1250|0|      |20220520|20220520|0603|2022-05-31 16:05:56
465219|0000000654663003              |20220520|181321|019|676|0|30300037|130010006|130752049|1|20220520|172002|8002608|20220520|182038|8002236|1|1250|0|      |20220520|20220520|0603|2022-05-31 16:05:56
465221|0000000629429869              |20220520|181613|015|676|0|30300037|130010006|130752027|1|20220520|173807|8002608|20220520|185014|8002961|1|1250|0|      |20220520|20220520|0603|2022-05-31 16:05:56
465223|0000000643247173              |20220520|122615|014|676|0|30300037|130010006|130752074|1|20220520|111733|8002345|20220520|123032|8002358|1|1250|0|      |20220520|20220520|0603|2022-05-31 16:05:56
465225|0000000908423145              |20220520|212512|031|676|0|30300037|130010006|130752038|1|20220520|204725|8002559|20220520|214706|8001533|1|1250|0|      |20220520|20220520|0603|2022-05-31 16:05:56
465227|0000000754549767              |20220520|211158|029|676|0|30300037|130010006|130759021|1|20220520|135520|8005999|20220520|213514|8003002|1|1250|0|      |20220520|20220520|0603|2022-05-31 16:05:56
465229|0000000723394183              |20220520|221104|030|676|0|30300037|130010006|130752037|1|20220520|203722|8005504|20220520|222459|8002898|1|1250|0|      |20220520|20220520|0603|2022-05-31 16:05:56
465231|0000000911344592              |20220520|201333|029|676|0|30300037|130010006|130759024|1|20220520|191314|8001097|20220520|202227|8002488|1|1250|0|      |20220520|20220520|0603|2022-05-31 16:05:56
465233|0000000715530067              |20220520|202627|026|676|0|30300037|130010006|130752050|1|20220520|195749|8006001|20220520|202941|8005517|1|1250|0|      |20220520|20220520|0603|2022-05-31 16:05:56
465235|0000000754215508              |20220520|100824|027|676|0|30300037|130010006|130752062|1|20220520|095718|8002344|20220520|101543|8001036|1|1250|0|      |20220520|20220520|0603|2022-05-31 16:05:56
465642|0000000655818595              |20220520|133754|024|676|0|30300072|130010001|130759420|1|20220520|125259|8002617|20220520|135815|8002452|1|1250|0|      |20220520|20220520|0603|2022-05-31 16:05:56
465644|0000000703935301              |20220520|141132|016|676|0|30300072|130010001|130759431|1|20220520|133324|8002881|20220520|142533|8002076|1|1250|0|      |20220520|20220520|0603|2022-05-31 16:05:56
465646|0000000908830960              |20220520|082007|007|676|0|30300072|130010001|130759421|1|20220520|072852|8001038|20220520|082611|8001422|1|1250|0|      |20220520|20220520|0603|2022-05-31 16:05:56
465648|0000000701485556              |20220520|084511|022|676|0|30300070|130010004|130752228|1|20220520|080824|8001869|20220520|085958|8002638|1|1250|0|      |20220520|20220520|0603|2022-05-31 16:05:56
465650|0000000723480524              |20220520|091658|025|676|0|30300072|130010001|130759749|1|20220520|085152|8001576|20220520|092847|8005960|1|1250|0|      |20220520|20220520|0603|2022-05-31 16:05:56
465652|0000000757911735              |20220520|170519|020|676|0|30300090|130010005|130759225|1|20220520|170430|9001641|20220520|171519|8070027|1|1250|0|      |20220520|20220520|0603|2022-05-31 16:05:56
465654|0000000758282540              |20220520|172322|003|676|0|30300072|130010001|130759711|1|20220520|150317|8001228|20220520|173204|8001421|1|1250|0|      |20220520|20220520|0603|2022-05-31 16:05:56
465656|0000000607399755              |20220520|173224|029|676|0|30300070|130010004|130752226|1|20220520|164848|8001874|20220520|181511|8001134|1|1250|0|      |20220520|20220520|0603|2022-05-31 16:05:56
457143|0000000724538155              |20220520|185706|027|676|1|30300087|130010015|130759633|1|20220520|170802|8001198|20220520|185856|8007444|1|0|0|      |20220520|20220520|0603|2022-05-31 16:05:56
457145|0000000742263034              |20220520|123859|003|675|1|30300079|130010009|130759111|1|20220520|053702|8001198|20220520|124105|8007444|1|0|0|      |20220520|20220520|0603|2022-05-31 16:05:56
457147|0000000756312392              |20220520|212137|018|675|1|30300079|130010009|130759173|1|20220520|202012|8001198|20220520|212440|8007444|1|0|0|      |20220520|20220520|0603|2022-05-31 16:05:56
457149|0000000666377527              |20220520|194240|009|675|1|30300079|130010009|130759123|1|20220520|152156|8001198|20220520|194505|8007444|1|0|0|      |20220520|20220520|0603|2022-05-31 16:05:56
457151|0000000903648351              |20220520|200122|027|675|1|30300079|130010009|130759128|1|20220520|184555|8001198|20220520|200455|8007444|1|0|0|      |20220520|20220520|0603|2022-05-31 16:05:56
457153|0000000722223923              |20220520|203548|002|676|1|30300087|130010008|130752156|1|20220520|191131|8001198|20220520|203857|8007444|1|0|0|      |20220520|20220520|0603|2022-05-31 16:05:56
457155|0000000908257621              |20220520|095642|009|677|1|30300129|130010009|130759101|1|20220520|092045|8001677|20220520|095900|8001190|1|0|0|      |20220520|20220520|0603|2022-05-31 16:05:56
457157|0000000742929759              |20220520|111402|023|676|1|30300087|130010008|130752159|1|20220520|094309|8001198|20220520|111658|8007444|1|0|0|      |20220520|20220520|0603|2022-05-31 16:05:56
457159|0000000722582127              |20220520|120636|018|676|1|30300087|130010008|130752155|1|20220520|103403|8001198|20220520|120841|8007444|1|0|0|      |20220520|20220520|0603|2022-05-31 16:05:56
457161|0000000743785828              |20220520|164647|012|676|1|30300087|130010008|130752156|1|20220520|151006|8001198|20220520|164835|8007444|1|0|0|      |20220520|20220520|0603|2022-05-31 16:05:56
457163|0000000735807188              |20220520|222850|006|677|2|30300129|130010009|130759109|1|20220520|143604|8001677|20220520|223333|8001190|1|0|0|      |20220520|20220520|0603|2022-05-31 16:05:56
457165|0000000751169267              |20220520|231711|030|676|1|30300089|130010011|130759574|1|20220520|220905|8002891|20220520|231835|8001423|1|0|0|      |20220520|20220520|0603|2022-05-31 16:05:56
457167|0000000904643583              |20220520|071731|029|677|1|30300129|130010009|130759109|1|20220520|063743|8001677|20220520|072049|8001190|1|0|0|      |20220520|20220520|0603|2022-05-31 16:05:56
457574|0000000774021358              |20220520|191100|006|676|2|30300072|130010001|130759432|1|20220520|175540|8002452|20220520|191436|8001058|1|0|0|      |20220520|20220520|0603|2022-05-31 16:05:56
457576|0000000903707452              |20220520|190226|029|676|3|30300069|130010001|130759437|1|20220520|182750|8001587|20220520|192106|8007369|1|0|0|      |20220520|20220520|0603|2022-05-31 16:05:56
457578|0000000743668527              |20220520|192725|014|676|2|30300040|130010013|130759802|1|20220520|181909|8007280|20220520|194222|8001097|1|0|0|      |20220520|20220520|0603|2022-05-31 16:05:56
457580|0000000778032763              |20220520|131330|011|676|1|30300072|130010001|130759427|1|20220520|063446|8002452|20220520|131552|8001058|1|0|0|      |20220520|20220520|0603|2022-05-31 16:05:56
457582|0000000745426782              |20220520|214853|023|675|1|30300081|130010011|130759582|1|20220520|134842|8002452|20220520|215205|8001058|1|0|0|      |20220520|20220520|0603|2022-05-31 16:05:56
457584|0000000673035816              |20220520|213432|001|676|2|30300040|130010013|130759818|1|20220520|204728|8007280|20220520|214925|8001097|1|0|0|      |20220520|20220520|0603|2022-05-31 16:05:56
457586|0000000905381888              |20220520|203232|002|675|1|30300081|130010011|130759572|1|20220520|194643|8002452|20220520|203655|8001058|1|0|0|      |20220520|20220520|0603|2022-05-31 16:05:56
457588|0000000739556147              |20220520|113108|020|675|1|30300081|130010011|130759514|1|20220520|104116|8002452|20220520|113313|8001058|1|0|0|      |20220520|20220520|0603|2022-05-31 16:05:56
457590|0000000751765842              |20220520|113321|029|676|2|30300040|130010013|130759818|1|20220520|104741|8007280|20220520|115008|8001097|1|0|0|      |20220520|20220520|0603|2022-05-31 16:05:56
457592|0000000776919195              |20220520|150349|024|676|1|30300040|130010013|130759873|1|20220520|140819|8007280|20220520|152036|8001097|1|0|0|      |20220520|20220520|0603|2022-05-31 16:05:56
457594|0000000740705369              |20220520|152937|009|676|1|30300072|130010001|130759422|1|20220520|142324|8002452|20220520|153252|8001058|1|0|0|      |20220520|20220520|0603|2022-05-31 16:05:56
457596|0000000732210185              |20220520|165519|025|676|1|30300072|130010001|130759427|1|20220520|154543|8002452|20220520|165959|8001058|1|0|0|      |20220520|20220520|0603|2022-05-31 16:05:56
457598|0000000725522503              |20220520|165254|017|675|2|30300046|130010002|130752353|1|20220520|154929|8001526|20220520|165851|8002365|1|0|0|      |20220520|20220520|0603|2022-05-31 16:05:56
458005|0000000745472228              |20220520|065706|015|676|0|30300051|130010008|130752153|1|20220520|062715|8001372|20220520|070902|8002544|1|1250|0|      |20220520|20220520|0603|2022-05-31 16:05:56
458007|0000000764200069              |20220520|073250|015|675|0|30300059|130010004|130752271|1|20220520|054709|8002032|20220520|074759|8001949|1|1250|0|      |20220520|20220520|0603|2022-05-31 16:05:56
458009|0000000759140992              |20220520|151315|029|676|0|30300087|130010008|130752160|1|20220520|130556|8001276|20220520|152616|8001198|1|1250|0|      |20220520|20220520|0603|2022-05-31 16:05:56
458011|0000000761658025              |20220520|080325|021|675|0|30300077|130010006|130752070|1|20220520|075113|8001495|20220520|083206|8002995|1|1250|0|      |20220520|20220520|0603|2022-05-31 16:05:56
458013|0000000908406002              |20220520|090819|024|676|0|30300087|130010015|130759621|1|20220520|074430|8001276|20220520|091855|8001198|1|1250|0|      |20220520|20220520|0603|2022-05-31 16:05:56
458015|0000000768357645              |20220520|081811|019|675|0|30300077|130010006|130759013|1|20220520|080422|8001495|20220520|085030|8002995|1|1250|0|      |20220520|20220520|0603|2022-05-31 16:05:56
458017|0000000645116646              |20220520|091213|012|675|0|30300056|130010012|130753371|1|20220520|054849|8002403|20220520|092824|9001641|1|1250|0|      |20220520|20220520|0603|2022-05-31 16:05:56
458019|0000000699928268              |20220520|154146|028|676|0|30300086|130010013|130759879|1|20220520|135950|8001097|20220520|161846|8001634|1|1250|0|      |20220520|20220520|0603|2022-05-31 16:05:56
458021|0000000699619951              |20220520|153544|013|681|0|30300006|130010002|130752502|1|20220520|150646|8001019|20220520|162304|8007426|1|1250|700|      |20220520|20220520|0603|2022-05-31 16:05:56
458023|0000000785811602              |20220520|160339|025|676|0|30300036|130010012|130753372|1|20220520|053814|8002376|20220520|163117|8001063|1|1250|0|      |20220520|20220520|0603|2022-05-31 16:05:56
458025|0000000788734139              |20220520|162746|001|676|0|30300036|130010012|130753372|1|20220520|053814|8001425|20220520|165830|8001413|1|1250|0|      |20220520|20220520|0603|2022-05-31 16:05:56
478901|0000000656112960              |20220520|181330|018|676|0|30300070|130010004|130752201|1|20220520|144216|8003101|20220520|193242|8002823|1|1250|0|      |20220520|20220520|0603|2022-05-31 16:05:56
478903|0000000719542025              |20220520|121231|025|676|0|30300041|130010012|130753304|1|20220520|094813|8001651|20220520|122844|8002961|1|1250|0|      |20220520|20220520|0603|2022-05-31 16:05:56
478905|0000000755493860              |20220520|201102|022|676|0|30300090|130010005|130759201|1|20220520|192724|8001919|20220520|202323|8002721|1|1250|0|      |20220520|20220520|0603|2022-05-31 16:05:56
478907|0000000643111471              |20220520|115914|003|676|0|30300037|130010006|130752002|1|20220520|102748|8002155|20220520|120339|8002340|1|1250|0|      |20220520|20220520|0603|2022-05-31 16:05:56
478909|0000000760879727              |20220520|163452|004|676|0|30300131|130010008|130752724|1|20220520|161044|8002754|20220520|164217|8070017|1|1250|0|      |20220520|20220520|0603|2022-05-31 16:05:56
479100|0000000760440374              |20220520|114756|007|676|0|30300090|130010005|130759209|1|20220520|064727|8002412|20220520|115322|8002984|1|1250|0|      |20220520|20220520|0603|2022-05-31 16:05:56
479102|0000000753402928              |20220520|150101|021|676|0|30300043|130010015|130759689|1|20220520|145334|8005587|20220520|155317|8002888|1|1250|0|      |20220520|20220520|0603|2022-05-31 16:05:56
479104|0000000600698954              |20220520|160714|002|676|0|30300041|130010012|130753324|1|20220520|154721|8002720|20220520|163702|8001250|1|1250|0|      |20220520|20220520|0603|2022-05-31 16:05:56
479106|0000000762842207              |20220520|161610|031|676|0|30300037|130010006|130752049|1|20220520|150650|8002412|20220520|165342|8001097|1|1250|0|      |20220520|20220520|0603|2022-05-31 16:05:56
479108|0000000703207822              |20220520|170452|023|676|0|30300043|130010015|130759601|1|20220520|170212|8005587|20220520|172011|8002538|1|1250|0|      |20220520|20220520|0603|2022-05-31 16:05:56
479110|0000000667220323              |20220520|062852|028|676|0|30300043|130010015|130759609|1|20220520|062414|8005587|20220520|064225|8002554|1|1250|0|      |20220520|20220520|0603|2022-05-31 16:05:56
479112|0000000723979319              |20220520|070528|027|676|0|30300043|130010015|130759618|1|20220520|070153|8005587|20220520|072145|8001831|1|1250|0|      |20220520|20220520|0603|2022-05-31 16:05:57
479114|0000000655543321              |20220520|073821|013|676|0|30300043|130010015|130759602|1|20220520|055520|8005587|20220520|073942|8005589|1|1250|0|      |20220520|20220520|0603|2022-05-31 16:05:57
479116|0000000762445310              |20220520|141346|005|676|0|30300093|130010004|130752262|1|20220520|132814|8001178|20220520|143419|8002532|1|1250|0|      |20220520|20220520|0603|2022-05-31 16:05:57
479118|0000000757432994              |20220520|141023|006|676|0|30300072|130010001|130759432|1|20220520|140739|8005988|20220520|142654|8001348|1|1250|0|      |20220520|20220520|0603|2022-05-31 16:05:57
479120|0000000757325005              |20220520|143117|016|676|0|30300054|130010007|130759382|1|20220520|134848|8001923|20220520|145808|8001793|1|1250|0|      |20220520|20220520|0603|2022-05-31 16:05:57
479122|0000000665813723              |20220520|150317|001|676|0|30300040|130010007|130759367|1|20220520|131033|8002905|20220520|150515|8002240|1|1250|0|      |20220520|20220520|0603|2022-05-31 16:05:57
479124|0000000717591050              |20220520|150442|019|676|0|30300130|130010008|130752149|1|20220520|145105|8005988|20220520|151755|8001348|1|1250|0|      |20220520|20220520|0603|2022-05-31 16:05:57
479126|0000000761420961              |20220520|075751|015|676|0|30300054|130010007|130759376|1|20220520|075108|8001178|20220520|083853|8001078|1|1250|0|      |20220520|20220520|0603|2022-05-31 16:05:57
479344|0000000761244752              |20220520|172355|025|676|0|30300072|130010001|130759431|1|20220520|171910|8002305|20220520|183500|8001078|1|1250|0|      |20220520|20220520|0603|2022-05-31 16:05:57
479346|0000000758127639              |20220520|191627|006|676|0|30300090|130010005|130759223|1|20220520|141254|9001641|20220520|193251|8002997|1|1250|0|      |20220520|20220520|0603|2022-05-31 16:05:57
479348|0000000757541074              |20220520|120647|016|676|0|30300071|130010009|130759105|1|20220520|054255|8001318|20220520|122439|8001078|1|1250|0|      |20220520|20220520|0603|2022-05-31 16:05:57
479350|0000000701763037              |20220520|212707|002|676|0|30300054|130010007|130759345|1|20220520|210840|8001306|20220520|214636|8001078|1|1250|0|      |20220520|20220520|0603|2022-05-31 16:05:57
479352|0000000717763088              |20220520|222115|016|676|0|30300043|130010015|130759609|1|20220520|211522|8001723|20220520|224130|8001296|1|1250|0|      |20220520|20220520|0603|2022-05-31 16:05:57
479354|0000000720749446              |20220520|194703|001|676|0|30300089|130010011|130759531|1|20220520|141744|8002640|20220520|201944|8002468|1|1250|0|      |20220520|20220520|0603|2022-05-31 16:05:57
479356|0000000718145410              |20220520|101113|016|676|0|30300043|130010015|130759632|1|20220520|090913|8001628|20220520|102824|8001296|1|1250|0|      |20220520|20220520|0603|2022-05-31 16:05:57
479358|0000000649591912              |20220520|111210|024|676|0|30300041|130010012|130753305|1|20220520|105459|8005990|20220520|111830|8002997|1|1250|0|      |20220520|20220520|0603|2022-05-31 16:05:57
479360|0000000754554811              |20220520|155603|023|676|0|30300037|130010006|130759023|1|20220520|153028|8002402|20220520|162605|8002235|1|1250|0|      |20220520|20220520|0603|2022-05-31 16:05:57
479362|0000000719971821              |20220520|162436|020|676|0|30300040|130010013|130759813|1|20220520|134536|8002382|20220520|163311|8002997|1|1250|0|      |20220520|20220520|0603|2022-05-31 16:05:57
479364|0000000908331891              |20220520|220215|028|676|0|30300054|130010007|130759344|1|20220520|214850|8001306|20220520|222411|8001078|1|1250|0|      |20220520|20220520|0603|2022-05-31 16:05:57
479366|0000000722825812              |20220520|224503|015|676|0|30300070|130010004|130752605|1|20220520|205300|8002301|20220520|225044|8002823|1|1250|0|      |20220520|20220520|0603|2022-05-31 16:05:57
479368|0000000667995137              |20220520|054842|008|676|0|30300088|130010002|130752315|1|20220520|054206|8005859|20220520|061219|8001169|1|1250|0|      |20220520|20220520|0603|2022-05-31 16:05:57
479613|0000000665813213              |20220520|064528|029|677|0|30300129|130010009|130759101|1|20220520|062942|8007348|20220520|070253|8001677|1|1250|300|      |20220520|20220520|0603|2022-05-31 16:05:57
479615|0000000771949300              |20220520|071717|022|677|0|30300129|130010009|130759115|1|20220520|065957|8007348|20220520|073530|8001677|1|1250|300|      |20220520|20220520|0603|2022-05-31 16:05:57
479617|0000000743037389              |20220520|074643|013|677|0|30300129|130010009|130759143|1|20220520|061755|8007348|20220520|080556|8001677|1|1250|300|      |20220520|20220520|0603|2022-05-31 16:05:57
479619|0000000759280119              |20220520|140347|013|678|0|30300074|130010014|130753614|1|20220520|135146|8005038|20220520|142514|8002824|1|1250|450|      |20220520|20220520|0603|2022-05-31 16:05:57
479621|0000000710035831              |20220520|143331|006|678|0|30300074|130010014|130753219|1|20220520|135417|8002634|20220520|151754|8005033|1|1250|450|      |20220520|20220520|0603|2022-05-31 16:05:57
472216|0000000728356243              |20220520|070541|029|676|0|30300090|130010005|130759207|1|20220520|054410|8007553|20220520|073059|8001078|1|1250|0|      |20220520|20220520|0603|2022-05-31 16:05:57
472218|0000000920919481              |20220520|071134|019|676|0|30300054|130010007|130759345|1|20220520|065557|8001304|20220520|073510|8001078|1|1250|0|      |20220520|20220520|0603|2022-05-31 16:05:57
472220|0000000778364069              |20220520|072429|019|676|0|30300090|130010005|130759266|1|20220520|070522|8070027|20220520|074609|8001078|1|1250|0|      |20220520|20220520|0603|2022-05-31 16:05:57
472222|0000000729166747              |20220520|080052|001|676|0|30300072|130010001|130759749|1|20220520|072342|8001921|20220520|081741|8002075|1|1250|0|      |20220520|20220520|0603|2022-05-31 16:05:57
472224|0000000918155783              |20220520|084813|012|676|0|30300051|130010008|130752128|1|20220520|080928|8002118|20220520|090424|8002733|1|1250|0|      |20220520|20220520|0603|2022-05-31 16:05:57
472226|0000000743724886              |20220520|083917|031|676|0|30300051|130010008|130752112|1|20220520|081858|8001373|20220520|090636|8002733|1|1250|0|      |20220520|20220520|0603|2022-05-31 16:05:57
472228|0000000903259661              |20220520|172033|019|676|0|30300051|130010008|130752161|1|20220520|165404|8001117|20220520|175350|8002733|1|1250|0|      |20220520|20220520|0603|2022-05-31 16:05:57
472635|0000000688948798              |20220520|113341|008|675|1|30300045|130010006|130752043|1|20220520|112608|8001493|20220520|120246|8002378|1|0|0|      |20220520|20220520|0603|2022-05-31 16:05:57
472637|0000000400102747              |20220520|164127|031|675|1|30300058|130010004|130752247|1|20220520|154414|8001871|20220520|165538|8002946|1|0|0|      |20220520|20220520|0603|2022-05-31 16:05:57
472639|0000000789231758              |20220520|055453|002|675|0|30300059|130010004|130752218|1|20220520|053926|8001665|20220520|061610|8001949|1|1250|0|      |20220520|20220520|0603|2022-05-31 16:05:57
472641|0000000400188667              |20220520|072536|008|675|0|30300080|130010009|130759182|1|20220520|052143|8002362|20220520|074324|8006007|1|1250|0|      |20220520|20220520|0603|2022-05-31 16:05:57
472643|0000000788261133              |20220520|074654|014|681|0|30300042|130010009|130759151|1|20220520|070917|8002425|20220520|080220|8001408|1|1250|0|      |20220520|20220520|0603|2022-05-31 16:05:57
472645|0000000400107598              |20220520|135546|010|675|0|30300076|130010014|130753231|1|20220520|132148|8002388|20220520|141452|8002627|1|1250|0|      |20220520|20220520|0603|2022-05-31 16:05:57
472647|0000000400166971              |20220520|135455|024|676|0|30300130|130010008|130752113|1|20220520|132405|8002345|20220520|143015|8001488|1|1250|0|      |20220520|20220520|0603|2022-05-31 16:05:57
472649|0000000400180789              |20220520|135430|006|676|1|30300090|130010005|130759206|1|20220520|124723|8001919|20220520|135818|8002850|1|0|0|      |20220520|20220520|0603|2022-05-31 16:05:57
472651|0000000684052822              |20220520|080832|007|675|0|30300076|130010014|130753271|1|20220520|080100|8002826|20220520|083527|8001461|1|1250|0|      |20220520|20220520|0603|2022-05-31 16:05:57
472653|0000000788720120              |20220520|092252|028|675|0|30300076|130010014|130753232|1|20220520|083404|8001937|20220520|095704|8007074|1|1250|0|      |20220520|20220520|0603|2022-05-31 16:05:57
472655|0000000693712313              |20220520|092639|004|675|0|30300075|130010005|130759264|1|20220520|091917|8002093|20220520|100929|8002155|1|1250|0|      |20220520|20220520|0603|2022-05-31 16:05:57
472657|0000000698163793              |20220520|175713|030|676|1|30300041|130010012|130753332|1|20220520|163058|8001034|20220520|175952|8001401|1|0|0|      |20220520|20220520|0603|2022-05-31 16:05:57
472659|0000000788126978              |20220520|181521|018|676|0|30300041|130010012|130753332|1|20220520|163058|8001500|20220520|181746|8001612|1|1250|0|      |20220520|20220520|0603|2022-05-31 16:05:57
473066|0000000400205520              |20220520|142408|013|676|0|30300037|130010006|130752038|1|20220520|134930|8002559|20220520|144411|8002310|1|1250|0|      |20220520|20220520|0603|2022-05-31 16:05:57
473068|0000000780609397              |20220520|141951|024|676|0|30300088|130010002|130752315|1|20220520|134444|8002412|20220520|144753|8003005|1|1250|0|      |20220520|20220520|0603|2022-05-31 16:05:57
473070|0000001110039917              |20220520|083927|016|676|0|30300037|130010006|130752039|1|20220520|074220|8005999|20220520|084138|8005921|1|1250|0|      |20220520|20220520|0603|2022-05-31 16:05:57
473072|0000000681730039              |20220520|080427|016|676|0|30300037|130010006|130752007|1|20220520|072014|8001590|20220520|084428|8002310|1|1250|0|      |20220520|20220520|0603|2022-05-31 16:05:57
473074|0000000693903987              |20220520|085409|024|676|0|30300037|130010006|130752073|1|20220520|082104|8002898|20220520|090947|8002100|1|1250|0|      |20220520|20220520|0603|2022-05-31 16:05:57
473076|0000000401267265              |20220520|091242|020|676|0|30300089|130010011|130759517|1|20220520|062027|8003047|20220520|095133|8001423|1|1250|0|      |20220520|20220520|0603|2022-05-31 16:05:57
473078|0000000481990822              |20220520|171352|007|676|0|30300089|130010011|130759578|1|20220520|162846|8005506|20220520|180104|8001989|1|1250|0|      |20220520|20220520|0603|2022-05-31 16:05:57
473080|0000000482032748              |20220520|183606|005|676|0|30300051|130010008|130752112|1|20220520|181422|8001369|20220520|191842|8002995|1|1250|0|      |20220520|20220520|0603|2022-05-31 16:05:57
473082|0000001110284107              |20220520|122216|016|676|1|30300037|130010006|130759016|1|20220520|055547|8002235|20220520|124251|8002339|1|0|0|      |20220520|20220520|0603|2022-05-31 16:05:57
473084|0000000692131010              |20220520|130025|024|676|0|30300037|130010006|130752027|1|20220520|121818|8003006|20220520|131706|8002485|1|1250|0|      |20220520|20220520|0603|2022-05-31 16:05:57
473086|0000000697196617              |20220520|200013|029|676|0|30300037|130010006|130759027|1|20220520|193415|8002984|20220520|203212|8001097|1|1250|0|      |20220520|20220520|0603|2022-05-31 16:05:57
473088|0000000789742070              |20220520|102602|028|676|0|30300051|130010008|130752101|1|20220520|101542|8001152|20220520|104013|8001117|1|1250|0|      |20220520|20220520|0603|2022-05-31 16:05:57
473090|0000000400159086              |20220520|095228|006|676|1|30300088|130010006|130752001|1|20220520|084258|8002412|20220520|102053|8001303|1|0|0|      |20220520|20220520|0603|2022-05-31 16:05:57
473092|0000000695096123              |20220520|103659|026|676|0|30300051|130010008|130752101|1|20220520|101542|8001372|20220520|111754|8002995|1|1250|0|      |20220520|20220520|0603|2022-05-31 16:05:57
473499|0000000774648603              |20220520|100742|010|676|1|30300071|130010009|130759107|1|20220520|053827|8001408|20220520|101514|8002743|1|0|0|      |20220520|20220520|0603|2022-05-31 16:05:57
473501|0000000723644476              |20220520|115028|013|675|1|30300079|130010009|130759120|1|20220520|094907|8003022|20220520|115234|8002312|1|0|0|      |20220520|20220520|0603|2022-05-31 16:05:57
473503|0000000747830489              |20220520|150903|028|676|1|30300089|130010011|130759513|1|20220520|143135|8002814|20220520|154142|8005508|1|0|0|      |20220520|20220520|0603|2022-05-31 16:05:57
465725|0000000759871676              |20220520|184820|015|676|0|30300130|130010008|130752145|1|20220520|175748|8003051|20220520|191128|8002448|1|1250|0|      |20220520|20220520|0603|2022-05-31 16:05:57
465727|0000000665944659              |20220520|115942|018|676|0|30300130|130010008|130752139|1|20220520|115349|8002447|20220520|121644|8002486|1|1250|0|      |20220520|20220520|0603|2022-05-31 16:05:57
465729|0000000759794640              |20220520|134031|029|676|0|30300130|130010008|130752148|1|20220520|125629|8002155|20220520|135244|8001236|1|1250|0|      |20220520|20220520|0603|2022-05-31 16:05:57
465731|0000000644935810              |20220520|130940|031|676|0|30300130|130010008|130752146|1|20220520|123826|8002629|20220520|132845|8001236|1|1250|0|      |20220520|20220520|0603|2022-05-31 16:05:57
465733|0000000756138222              |20220520|220951|011|676|0|30300130|130010008|130752720|1|20220520|213637|8002454|20220520|221118|8002330|1|1250|0|      |20220520|20220520|0603|2022-05-31 16:05:57
465735|0000000721708271              |20220520|095335|022|676|0|30300130|130010008|130752148|1|20220520|093239|8001940|20220520|100739|8002437|1|1250|0|      |20220520|20220520|0603|2022-05-31 16:05:57
465737|0000000908242584              |20220520|102258|004|676|0|30300090|130010005|130759268|1|20220520|091425|8007156|20220520|102839|8001641|1|1250|0|      |20220520|20220520|0603|2022-05-31 16:05:57
465739|0000000910510628              |20220520|113957|019|676|0|30300090|130010005|130759209|1|20220520|064727|8003100|20220520|120132|8001652|1|1250|0|      |20220520|20220520|0603|2022-05-31 16:05:57
465741|0000000755123969              |20220520|154229|026|676|0|30300130|130010008|130752720|1|20220520|153930|8002447|20220520|155452|8001908|1|1250|0|      |20220520|20220520|0603|2022-05-31 16:05:57
465743|0000000668617245              |20220520|163331|010|676|0|30300130|130010008|130752146|1|20220520|153743|8001384|20220520|164457|8001041|1|1250|0|      |20220520|20220520|0603|2022-05-31 16:05:57
465745|0000000759593198              |20220520|165517|006|676|0|30300130|130010008|130752148|1|20220520|155818|8002304|20220520|170933|8002824|1|1250|0|      |20220520|20220520|0603|2022-05-31 16:05:57
465747|0000000722976047              |20220520|231429|005|676|0|30300130|130010008|130752149|1|20220520|223830|8002487|20220520|231708|8001236|1|1250|0|      |20220520|20220520|0603|2022-05-31 16:05:57
466154|0000000661256371              |20220520|080333|008|676|0|30300040|130010007|130759366|1|20220520|073638|8002240|20220520|081137|8002075|1|1250|0|      |20220520|20220520|0603|2022-05-31 16:05:57
466156|0000000768432897              |20220520|081308|012|676|0|30300040|130010007|130759367|1|20220520|074928|8002240|20220520|082227|8002075|1|1250|0|      |20220520|20220520|0603|2022-05-31 16:05:57
466158|0000000903054066              |20220520|083625|011|676|0|30300040|130010013|130759871|1|20220520|064736|8002240|20220520|084406|8002075|1|1250|0|      |20220520|20220520|0603|2022-05-31 16:05:57
466160|0000000741651073              |20220520|082543|022|676|0|30300040|130010007|130759373|1|20220520|080056|8002240|20220520|083238|8002075|1|1250|0|      |20220520|20220520|0603|2022-05-31 16:05:57
466162|0000000728635851              |20220520|083235|026|676|0|30300037|130010006|130759024|1|20220520|073127|8001097|20220520|084400|8002339|1|1250|0|      |20220520|20220520|0603|2022-05-31 16:05:57
466164|0000000777124022              |20220520|090946|026|676|0|30300037|130010006|130759027|1|20220520|080332|8001097|20220520|091543|8002339|1|1250|0|      |20220520|20220520|0603|2022-05-31 16:05:57
466166|0000000731368779              |20220520|094131|031|676|0|30300037|130010006|130752014|1|20220520|084616|8001097|20220520|094814|8002339|1|1250|0|      |20220520|20220520|0603|2022-05-31 16:05:57
466168|0000000614820487              |20220520|174146|006|676|0|30300037|130010006|130752014|1|20220520|163516|8001097|20220520|175042|8002339|1|1250|0|      |20220520|20220520|0603|2022-05-31 16:05:57
466170|0000000746802030              |20220520|181326|015|676|0|30300037|130010006|130752044|1|20220520|170933|8001097|20220520|182709|8002339|1|1250|0|      |20220520|20220520|0603|2022-05-31 16:05:57
466172|0000000906041404              |20220520|181532|018|676|0|30300038|130010014|130753203|1|20220520|161832|8001982|20220520|182154|8001500|1|1250|0|      |20220520|20220520|0603|2022-05-31 16:05:57
466174|0000000768164708              |20220520|193900|018|676|0|30300037|130010006|130752073|1|20220520|183836|8001097|20220520|194825|8002339|1|1250|0|      |20220520|20220520|0603|2022-05-31 16:05:57
466176|0000000728635851              |20220520|123513|027|676|0|30300037|130010006|130759016|1|20220520|055547|8001097|20220520|124228|8002339|1|1250|0|      |20220520|20220520|0603|2022-05-31 16:05:57
466178|0000000631420380              |20220520|133508|022|676|0|30300040|130010013|130759802|1|20220520|114437|8002240|20220520|134159|8002075|1|1250|0|      |20220520|20220520|0603|2022-05-31 16:05:57
466180|0000000741195418              |20220520|133907|016|676|0|30300037|130010006|130752014|1|20220520|124629|8001097|20220520|134525|8002339|1|1250|0|      |20220520|20220520|0603|2022-05-31 16:05:57
466587|0000000653262566              |20220520|133101|001|675|0|30300053|130010002|130752384|1|20220520|130352|8001081|20220520|140455|8002453|1|1250|0|      |20220520|20220520|0603|2022-05-31 16:05:57
466589|0000000742038585              |20220520|134951|020|676|0|30300051|130010008|130752153|1|20220520|132433|8001081|20220520|140105|8001489|1|1250|0|      |20220520|20220520|0603|2022-05-31 16:05:57
466591|0000000747429354              |20220520|140323|007|674|0|30300104|130010002|130752346|1|20220520|135230|8001081|20220520|143329|8001567|1|1250|0|      |20220520|20220520|0603|2022-05-31 16:05:57
466593|0000000645124960              |20220520|134957|014|676|0|30300051|130010008|130752153|1|20220520|132433|8001081|20220520|143903|8001097|1|1250|0|      |20220520|20220520|0603|2022-05-31 16:05:57
466595|0000000921815021              |20220520|142208|001|676|0|30300051|130010008|130752106|1|20220520|135542|8001081|20220520|150951|8001097|1|1250|0|      |20220520|20220520|0603|2022-05-31 16:05:57
466597|0000000668943650              |20220520|151209|022|675|0|30300046|130010002|130752366|1|20220520|144605|8001081|20220520|153844|8002412|1|1250|0|      |20220520|20220520|0603|2022-05-31 16:05:57
466599|0000000672749449              |20220520|083645|008|675|0|30300056|130010012|130753325|1|20220520|061445|8001168|20220520|085256|9001641|1|1250|0|      |20220520|20220520|0603|2022-05-31 16:05:57
466601|0000000760352506              |20220520|174718|020|674|0|30300104|130010002|130752507|1|20220520|170640|8001081|20220520|181002|8001425|1|1250|0|      |20220520|20220520|0603|2022-05-31 16:05:57
466603|0000000669243202              |20220520|174404|010|675|0|30300101|130010002|130752309|1|20220520|172317|8001081|20220520|181330|8002453|1|1250|0|      |20220520|20220520|0603|2022-05-31 16:05:57
466605|0000000918228611              |20220520|182251|001|674|0|30300100|130010002|130752348|1|20220520|181144|8001081|20220520|185058|8002629|1|1250|0|      |20220520|20220520|0603|2022-05-31 16:05:57
466607|0000000769148173              |20220520|185012|022|674|0|30300100|130010002|130752397|1|20220520|183807|8001081|20220520|190704|8001934|1|1250|0|      |20220520|20220520|0603|2022-05-31 16:05:57
455603|0000000773287075              |20220520|102150|017|675|0|30300046|130010002|130752353|1|20220520|100413|8001117|20220520|105247|8002412|1|1250|0|      |20220520|20220520|0603|2022-05-31 16:05:57
455605|0000000910058239              |20220520|111244|005|675|0|30300078|130010008|130752169|1|20220520|062451|8002217|20220520|113306|8001528|1|1250|0|      |20220520|20220520|0603|2022-05-31 16:05:57
455607|0000000900728128              |20220520|152101|007|674|0|30300104|130010002|130752314|1|20220520|145726|8001013|20220520|153002|8001643|1|1250|0|      |20220520|20220520|0603|2022-05-31 16:05:57
455609|0000000735495063              |20220520|150817|017|676|0|30300068|130010006|130752036|1|20220520|144233|8002228|20220520|151950|8001262|1|1250|0|      |20220520|20220520|0603|2022-05-31 16:05:57
455611|0000000676260896              |20220520|063828|011|675|0|30300066|130010015|130759687|1|20220520|055459|8001927|20220520|070104|8001832|1|1250|0|      |20220520|20220520|0603|2022-05-31 16:05:57
455613|0000000918279011              |20220520|072106|021|674|0|30300104|130010002|130752333|1|20220520|071615|8002452|20220520|072745|8002382|1|1250|0|      |20220520|20220520|0603|2022-05-31 16:05:57
456791|0000000741309093              |20220520|125639|030|676|1|30300088|130010002|130752356|1|20220520|114328|8001555|20220520|130921|8002091|1|0|0|      |20220520|20220520|0603|2022-05-31 16:05:57
456793|0000000714652554              |20220520|124639|007|674|1|30300100|130010002|130752383|1|20220520|122818|8001929|20220520|130253|8001028|1|0|0|      |20220520|20220520|0603|2022-05-31 16:05:57
456795|0000000607946638              |20220520|213037|028|674|1|30300100|130010002|130752393|1|20220520|202444|8001929|20220520|214543|8001028|1|0|0|      |20220520|20220520|0603|2022-05-31 16:05:57
456797|0000000771369279              |20220520|215733|021|676|1|30300038|130010014|130753505|1|20220520|202541|8002974|20220520|220320|8003002|1|0|0|      |20220520|20220520|0603|2022-05-31 16:05:57
456799|0000000716063805              |20220520|223050|018|676|1|30300037|130010006|130752050|1|20220520|212507|8002974|20220520|223744|8003002|1|0|0|      |20220520|20220520|0603|2022-05-31 16:05:57
456801|0000000743100895              |20220520|223455|002|676|1|30300037|130010006|130752062|1|20220520|212618|8002974|20220520|224241|8003002|1|0|0|      |20220520|20220520|0603|2022-05-31 16:05:57
456803|0000000904743666              |20220520|200046|013|674|1|30300100|130010002|130752358|1|20220520|185525|8001929|20220520|201621|8001028|1|0|0|      |20220520|20220520|0603|2022-05-31 16:05:57
456805|0000000725967663              |20220520|202238|022|676|1|30300037|130010006|130752040|1|20220520|140540|8002974|20220520|202914|8003002|1|0|0|      |20220520|20220520|0603|2022-05-31 16:05:57
456807|0000000642368087              |20220520|210210|009|676|1|30300051|130010008|130752119|1|20220520|203253|8001929|20220520|211634|8001028|1|0|0|      |20220520|20220520|0603|2022-05-31 16:05:57
456809|0000000757837785              |20220520|111747|005|676|1|30300037|130010006|130752014|1|20220520|095821|8002974|20220520|112510|8003002|1|0|0|      |20220520|20220520|0603|2022-05-31 16:05:57
456811|0000000903619598              |20220520|113231|024|676|1|30300039|130010005|130759217|1|20220520|103638|8002974|20220520|114237|8003002|1|0|0|      |20220520|20220520|0603|2022-05-31 16:05:57
456813|0000000918229252              |20220520|225132|009|676|2|30300037|130010006|130752031|1|20220520|202352|8002974|20220520|225744|8003002|1|0|0|      |20220520|20220520|0603|2022-05-31 16:05:57
456815|0000000779963849              |20220520|233219|024|676|1|30300037|130010006|130752039|1|20220520|223318|8002974|20220520|233833|8003002|1|0|0|      |20220520|20220520|0603|2022-05-31 16:05:57
457222|0000000725942747              |20220520|184004|031|675|1|30300065|130010004|130752242|1|20220520|053615|8001418|20220520|184501|8001873|1|0|0|      |20220520|20220520|0603|2022-05-31 16:05:57
457224|0000000777647898              |20220520|191114|003|676|1|30300072|130010001|130759423|1|20220520|143303|8002075|20220520|191720|8001232|1|0|0|      |20220520|20220520|0603|2022-05-31 16:05:57
457226|0000000623723236              |20220520|125916|006|676|1|30300070|130010004|130752235|1|20220520|113458|8001421|20220520|130237|8002155|1|0|0|      |20220520|20220520|0603|2022-05-31 16:05:57
457228|0000000645347943              |20220520|220230|003|675|1|30300058|130010004|130752295|1|20220520|144845|8001647|20220520|221410|8002904|1|0|0|      |20220520|20220520|0603|2022-05-31 16:05:57
457230|0000000674826019              |20220520|203227|028|680|1|30300010|130010002|130752560|1|20220520|191452|8002547|20220520|203405|8002544|1|0|0|      |20220520|20220520|0603|2022-05-31 16:05:57
457232|0000000741492024              |20220520|102629|026|675|1|30300091|130010013|130759812|1|20220520|084633|8001418|20220520|102843|8001873|1|0|0|      |20220520|20220520|0603|2022-05-31 16:05:57
457234|0000000776111608              |20220520|103423|001|675|1|30300058|130010004|130752288|1|20220520|094604|8001647|20220520|104626|8002904|1|0|0|      |20220520|20220520|0603|2022-05-31 16:05:57
457236|0000000773651444              |20220520|112950|015|675|1|30300091|130010013|130759819|1|20220520|095345|8001647|20220520|114645|8002904|1|0|0|      |20220520|20220520|0603|2022-05-31 16:05:57
457238|0000000761418078              |20220520|153911|029|676|1|30300070|130010004|130752210|1|20220520|143722|8001421|20220520|154219|8002155|1|0|0|      |20220520|20220520|0603|2022-05-31 16:05:57
457240|0000000764813916              |20220520|160435|012|676|2|30300087|130010008|130752123|1|20220520|152242|8002075|20220520|160701|8001232|1|0|0|      |20220520|20220520|0603|2022-05-31 16:05:57
457242|0000000735285672              |20220520|165345|002|676|1|30300087|130010015|130759614|1|20220520|161136|8002075|20220520|165903|8001232|1|0|0|      |20220520|20220520|0603|2022-05-31 16:05:57
457244|0000000723700752              |20220520|223044|014|675|1|30300091|130010013|130759821|1|20220520|205345|8001647|20220520|224119|8002904|1|0|0|      |20220520|20220520|0603|2022-05-31 16:05:57
457246|0000000767979622              |20220520|064017|022|676|1|30300072|130010001|130759435|1|20220520|055356|8002075|20220520|064403|8001232|1|0|0|      |20220520|20220520|0603|2022-05-31 16:05:57
457248|0000000765975935              |20220520|135304|020|675|1|30300083|130010001|130759426|1|20220520|061728|8001746|20220520|140757|8002287|1|0|0|      |20220520|20220520|0603|2022-05-31 16:05:57
457655|0000000741465333              |20220520|150252|026|676|1|30300040|130010007|130759366|1|20220520|142801|8002075|20220520|151222|8002954|1|0|0|      |20220520|20220520|0603|2022-05-31 16:05:57
457657|0000000741794352              |20220520|080252|005|675|2|30300053|130010002|130752385|1|20220520|063614|8002276|20220520|081235|8001730|1|0|0|      |20220520|20220520|0603|2022-05-31 16:05:57
457659|0000000760994286              |20220520|082226|004|676|2|30300040|130010007|130759367|1|20220520|074928|8002075|20220520|083443|8002954|1|0|0|      |20220520|20220520|0603|2022-05-31 16:05:57
457661|0000000741195354              |20220520|083253|013|676|1|30300087|130010015|130759611|1|20220520|072003|8002276|20220520|083953|8001730|1|0|0|      |20220520|20220520|0603|2022-05-31 16:05:57
479438|0000000761396640              |20220520|144648|008|676|0|30300040|130010013|130759873|1|20220520|140819|8002760|20220520|150250|8007280|1|1250|0|      |20220520|20220520|0603|2022-05-31 16:05:57
479440|0000000757574056              |20220520|144109|007|676|0|30300088|130010002|130752374|1|20220520|134347|8002740|20220520|145109|8002410|1|1250|0|      |20220520|20220520|0603|2022-05-31 16:05:57
479442|0000000760352622              |20220520|080540|013|676|0|30300088|130010006|130752001|1|20220520|065722|8001220|20220520|083506|8001944|1|1250|0|      |20220520|20220520|0603|2022-05-31 16:05:57
479444|0000000757540652              |20220520|075133|010|676|0|30300088|130010002|130752374|1|20220520|073345|8002949|20220520|084514|8001319|1|1250|0|      |20220520|20220520|0603|2022-05-31 16:05:57
479446|0000000442231087              |20220520|084152|017|676|0|30300088|130010002|130752338|1|20220520|084145|8001753|20220520|085804|8002092|1|1250|0|      |20220520|20220520|0603|2022-05-31 16:05:57
479448|0000000722367979              |20220520|093213|016|676|0|30300088|130010006|130752001|1|20220520|084258|8001578|20220520|094909|8002402|1|1250|0|      |20220520|20220520|0603|2022-05-31 16:05:57
479450|0000000757540473              |20220520|171212|013|676|0|30300088|130010002|130752370|1|20220520|164441|8002863|20220520|173417|8002739|1|1250|0|      |20220520|20220520|0603|2022-05-31 16:05:57
479695|0000000903700430              |20220520|171618|006|677|0|30300129|130010009|130759179|1|20220520|163655|8005906|20220520|174545|8007462|1|1250|300|      |20220520|20220520|0603|2022-05-31 16:05:57
479697|0000000628200068              |20220520|175158|007|679|0|30300063|130010001|130759474|1|20220520|162601|8005122|20220520|185609|8001412|1|1200|150|      |20220520|20220520|0603|2022-05-31 16:05:57
479699|0000000666592271              |20220520|190404|029|677|1|30300129|130010009|130759126|1|20220520|180806|8005906|20220520|192927|8007462|1|0|300|      |20220520|20220520|0603|2022-05-31 16:05:57
479701|0000000600866770              |20220520|192218|007|677|1|30300129|130010009|130759143|1|20220520|151726|8005906|20220520|194305|8007462|1|0|300|      |20220520|20220520|0603|2022-05-31 16:05:57
479703|0000000644672826              |20220520|192230|005|677|1|30300129|130010009|130759143|1|20220520|151726|8005906|20220520|194325|8007462|1|0|300|      |20220520|20220520|0603|2022-05-31 16:05:57
479705|0000000725998133              |20220520|214256|006|677|0|30300129|130010009|130759126|1|20220520|210558|8005906|20220520|220326|8007402|1|1250|300|      |20220520|20220520|0603|2022-05-31 16:05:57
479707|0000000741642742              |20220520|194327|007|677|1|30300129|130010009|130759163|1|20220520|140534|8005906|20220520|200531|8007402|1|0|300|      |20220520|20220520|0603|2022-05-31 16:05:57
479709|0000000624386599              |20220520|210026|008|677|0|30300129|130010009|130759101|1|20220520|141226|8005906|20220520|212239|8007462|1|1250|300|      |20220520|20220520|0603|2022-05-31 16:05:57
479711|0000000675694250              |20220520|112158|028|677|1|30300129|130010009|130759184|1|20220520|053811|8005906|20220520|114612|8007462|1|0|300|      |20220520|20220520|0603|2022-05-31 16:05:57
479713|0000000759303100              |20220520|114302|013|677|0|30300129|130010009|130759101|1|20220520|110522|8005906|20220520|120948|8007462|1|1250|300|      |20220520|20220520|0603|2022-05-31 16:05:57
479715|0000000905907756              |20220520|162742|020|677|1|30300129|130010009|130759163|1|20220520|140534|8005906|20220520|164901|8007402|1|0|300|      |20220520|20220520|0603|2022-05-31 16:05:57
479717|0000000622294850              |20220520|222351|021|677|0|30300129|130010009|130759163|1|20220520|215205|8005906|20220520|225028|8007462|1|1250|300|      |20220520|20220520|0603|2022-05-31 16:05:57
479719|0000000728602648              |20220520|063010|013|677|1|30300129|130010009|130759126|1|20220520|055704|8005906|20220520|064823|8007402|1|0|300|      |20220520|20220520|0603|2022-05-31 16:05:57
479991|0000000757358323              |20220520|155824|003|677|0|30300129|130010009|130759163|1|20220520|140534|8002722|20220520|164001|8007341|1|1250|300|      |20220520|20220520|0603|2022-05-31 16:05:57
479993|0000000753166524              |20220520|074048|026|678|1|30300074|130010014|130753222|1|20220520|053947|8001420|20220520|081741|8005031|1|0|450|      |20220520|20220520|0603|2022-05-31 16:05:57
479995|0000000678046144              |20220520|084618|001|677|0|30300129|130010009|130759101|1|20220520|080623|8002187|20220520|090116|8007345|1|1250|300|      |20220520|20220520|0603|2022-05-31 16:05:57
479997|0000000645725312              |20220520|085650|026|679|1|30300063|130010001|130759486|1|20220520|083310|8002634|20220520|095131|8005122|1|0|100|      |20220520|20220520|0603|2022-05-31 16:05:57
479999|0000000666634560              |20220520|164917|031|677|0|30300129|130010009|130759179|1|20220520|163655|8002722|20220520|173807|8007349|1|1250|300|      |20220520|20220520|0603|2022-05-31 16:05:57
480001|0000000721823225              |20220520|181613|019|677|1|30300129|130010009|130759101|1|20220520|141226|8002187|20220520|182934|8007345|1|0|300|      |20220520|20220520|0603|2022-05-31 16:05:57
480003|0000000625154207              |20220520|184326|005|677|1|30300129|130010009|130759109|1|20220520|143604|8002187|20220520|185823|8007345|1|0|300|      |20220520|20220520|0603|2022-05-31 16:05:57
480005|0000000651892499              |20220520|113754|021|679|0|30300063|130010001|130759410|1|20220520|111137|8002634|20220520|123451|8005122|1|1250|100|      |20220520|20220520|0603|2022-05-31 16:05:57
480007|0000000661333723              |20220520|131032|007|677|1|30300129|130010009|130759143|1|20220520|061755|8002187|20220520|132218|8007345|1|0|300|      |20220520|20220520|0603|2022-05-31 16:05:57
480009|0000000735064910              |20220520|211620|030|677|0|30300129|130010009|130759126|1|20220520|210558|8002722|20220520|220230|8007349|1|1250|300|      |20220520|20220520|0603|2022-05-31 16:05:57
480011|0000000637980968              |20220520|192552|017|679|0|30300063|130010001|130759774|1|20220520|190322|8001419|20220520|201952|8005249|1|1250|50|      |20220520|20220520|0603|2022-05-31 16:05:57
480013|0000000742568287              |20220520|112517|024|677|1|30300129|130010009|130759184|1|20220520|053811|8002187|20220520|113821|8007345|1|0|300|      |20220520|20220520|0603|2022-05-31 16:05:57
480015|0000000627128656              |20220520|144419|004|679|1|30300063|130010001|130759740|1|20220520|141752|8002634|20220520|154045|8005122|1|0|100|      |20220520|20220520|0603|2022-05-31 16:05:57
480017|0000000911288375              |20220520|145312|007|679|0|30300063|130010001|130759410|1|20220520|143301|8001419|20220520|154714|8005249|1|1250|50|      |20220520|20220520|0603|2022-05-31 16:05:57
480316|0000000907979605              |20220520|124558|008|679|0|30300063|130010001|130759410|1|20220520|123504|8007213|20220520|133333|8001412|1|1200|100|      |20220520|20220520|0603|2022-05-31 16:05:57
480318|0000000911288375              |20220520|124602|006|679|0|30300063|130010001|130759410|1|20220520|123504|8007213|20220520|133440|8001412|1|1200|100|      |20220520|20220520|0603|2022-05-31 16:05:57
480320|0000000709739083              |20220520|123055|030|679|0|30300063|130010001|130759740|1|20220520|122315|8007213|20220520|132602|8001412|1|1200|100|      |20220520|20220520|0603|2022-05-31 16:05:57
472718|0000001110487040              |20220520|203712|015|675|0|30300049|130010004|130752233|1|20220520|175938|8001278|20220520|211232|8001282|1|1250|0|      |20220520|20220520|0603|2022-05-31 16:05:57
472720|0000000789375358              |20220520|205039|014|677|0|30300120|130010011|130759579|1|20220520|192953|8002320|20220520|205255|8002133|1|1250|0|      |20220520|20220520|0603|2022-05-31 16:05:57
472722|0000000695267010              |20220520|103034|016|676|1|30300040|130010007|130759380|1|20220520|100943|8001406|20220520|103426|8007275|1|0|0|      |20220520|20220520|0603|2022-05-31 16:05:57
472724|0000000400137505              |20220520|103831|014|675|0|30300045|130010006|130759002|1|20220520|053358|8002378|20220520|111301|8007064|1|1250|0|      |20220520|20220520|0603|2022-05-31 16:05:57
472726|0000000400144717              |20220520|113723|018|675|0|30300081|130010011|130759582|1|20220520|112022|8002912|20220520|115233|8002100|1|1250|0|      |20220520|20220520|0603|2022-05-31 16:05:57
472728|0000000400208638              |20220520|134518|029|675|0|30300064|130010015|130759638|1|20220520|123723|8002651|20220520|153625|8001412|1|1250|0|      |20220520|20220520|0603|2022-05-31 16:05:57
472730|0000000400203146              |20220520|223407|010|676|0|30300040|130010013|130759813|1|20220520|203704|8002870|20220520|225600|8002412|1|1250|0|      |20220520|20220520|0603|2022-05-31 16:05:57
472732|0000000793864119              |20220520|064627|014|676|0|30300036|130010011|130759520|1|20220520|062104|8002596|20220520|070453|8002757|1|1250|0|      |20220520|20220520|0603|2022-05-31 16:05:57
472734|0000000400132891              |20220520|074811|023|676|0|30300036|130010011|130759510|1|20220520|054351|8001426|20220520|081222|8002415|1|1250|0|      |20220520|20220520|0603|2022-05-31 16:05:57
472736|0000000400191771              |20220520|141746|012|675|1|30300055|130010014|130753263|1|20220520|125943|8001539|20220520|142111|8002685|1|0|0|      |20220520|20220520|0603|2022-05-31 16:05:57
472738|0000000400168399              |20220520|144438|015|676|0|30300054|130010007|130759377|1|20220520|130829|8002708|20220520|150806|8002814|1|1250|0|      |20220520|20220520|0603|2022-05-31 16:05:57
472740|0000000793743793              |20220520|075851|002|676|0|30300087|130010008|130752150|1|20220520|074117|8002118|20220520|084016|8001575|1|1250|0|      |20220520|20220520|0603|2022-05-31 16:05:57
473147|0000000797750197              |20220520|163614|003|675|0|30300053|130010002|130752384|1|20220520|161525|8001156|20220520|171735|8002453|1|1250|0|      |20220520|20220520|0603|2022-05-31 16:05:57
473149|0000000688711424              |20220520|061922|005|675|0|30300067|130010001|130759717|1|20220520|055310|8002451|20220520|071054|8002557|1|1250|0|      |20220520|20220520|0603|2022-05-31 16:05:57
473151|0000000785851750              |20220520|074526|019|676|0|30300071|130010009|130759107|1|20220520|053827|8001879|20220520|074658|8002829|1|1250|0|      |20220520|20220520|0603|2022-05-31 16:05:57
473153|0000000699271699              |20220520|134113|030|675|0|30300101|130010002|130752326|1|20220520|131206|8007326|20220520|140030|8002453|1|1250|0|      |20220520|20220520|0603|2022-05-31 16:05:57
473155|0000000699570640              |20220520|141551|024|675|0|30300058|130010004|130752263|1|20220520|135601|8002608|20220520|145337|8001669|1|1250|0|      |20220520|20220520|0603|2022-05-31 16:05:57
473157|0000000400212196              |20220520|143122|026|675|0|30300046|130010002|130752353|1|20220520|140830|8001525|20220520|153256|8001190|1|1250|0|      |20220520|20220520|0603|2022-05-31 16:05:57
473159|0000000699246421              |20220520|075818|017|675|1|30300058|130010004|130752263|1|20220520|060603|8001929|20220520|080652|8001654|1|0|0|      |20220520|20220520|0603|2022-05-31 16:05:57
473161|0000000687287751              |20220520|082350|003|675|0|30300065|130010004|130752203|1|20220520|074400|8002156|20220520|084715|8001374|1|1250|0|      |20220520|20220520|0603|2022-05-31 16:05:57
473163|0000000682434126              |20220520|175401|016|674|1|30300104|130010002|130752505|1|20220520|174737|8001153|20220520|183520|8001567|1|0|0|      |20220520|20220520|0603|2022-05-31 16:05:57
473165|0000000400159522              |20220520|180736|001|675|0|30300065|130010004|130752267|1|20220520|152545|8005873|20220520|183452|8001834|1|1250|0|      |20220520|20220520|0603|2022-05-31 16:05:57
473167|0000000781056332              |20220520|180337|006|676|0|30300093|130010004|130752213|1|20220520|114105|8001534|20220520|184907|8002639|1|1250|0|      |20220520|20220520|0603|2022-05-31 16:05:57
473169|0000000694818393              |20220520|180257|004|675|0|30300058|130010004|130752247|1|20220520|154414|8001935|20220520|181622|8001484|1|1250|0|      |20220520|20220520|0603|2022-05-31 16:05:57
473171|0000000790485674              |20220520|184114|010|675|1|30300079|130010009|130759111|1|20220520|150239|8001529|20220520|192403|8007445|1|0|0|      |20220520|20220520|0603|2022-05-31 16:05:57
473173|0000000400209503              |20220520|190933|020|674|1|30300100|130010002|130752383|1|20220520|181935|8001348|20220520|193930|8002542|1|0|0|      |20220520|20220520|0603|2022-05-31 16:05:57
473580|0000000665397318              |20220520|081257|001|675|1|30300094|130010012|130753328|1|20220520|073901|8001378|20220520|081636|8002953|1|0|0|      |20220520|20220520|0603|2022-05-31 16:05:57
473582|0000000767228417              |20220520|074654|012|675|1|30300056|130010012|130753374|1|20220520|072303|8002402|20220520|084728|8002706|1|0|0|      |20220520|20220520|0603|2022-05-31 16:05:57
473584|0000000677724737              |20220520|171812|029|675|1|30300075|130010005|130759208|1|20220520|165450|8002607|20220520|172353|8001920|1|0|0|      |20220520|20220520|0603|2022-05-31 16:05:57
473586|0000000724581153              |20220520|172953|006|676|1|30300041|130010012|130753320|1|20220520|144907|8002649|20220520|173648|8002703|1|0|0|      |20220520|20220520|0603|2022-05-31 16:05:57
473588|0000000918029472              |20220520|175403|019|675|1|30300075|130010005|130759208|1|20220520|165450|8005881|20220520|180418|8001619|1|0|0|      |20220520|20220520|0603|2022-05-31 16:05:57
473590|0000000908439891              |20220520|185522|010|675|1|30300056|130010012|130753319|1|20220520|154836|8001645|20220520|190021|8002754|1|0|0|      |20220520|20220520|0603|2022-05-31 16:05:57
473592|0000000741324992              |20220520|131227|005|676|1|30300073|130010009|130759185|1|20220520|123739|8002242|20220520|131325|8002245|1|0|0|      |20220520|20220520|0603|2022-05-31 16:05:57
473594|0000000722975662              |20220520|210916|021|675|1|30300094|130010012|130753329|1|20220520|143409|8001890|20220520|211912|8002954|1|0|0|      |20220520|20220520|0603|2022-05-31 16:05:57
473596|0000000743241840              |20220520|221545|002|675|1|30300056|130010012|130753331|1|20220520|210026|8001494|20220520|222627|8002706|1|0|0|      |20220520|20220520|0603|2022-05-31 16:05:57
473598|0000000627707629              |20220520|201618|013|675|1|30300056|130010012|130753317|1|20220520|135100|8001279|20220520|203210|8005916|1|0|0|      |20220520|20220520|0603|2022-05-31 16:05:57
473600|0000000628146565              |20220520|105121|007|675|2|30300075|130010005|130759221|1|20220520|101826|8001096|20220520|110245|8001421|1|0|0|      |20220520|20220520|0603|2022-05-31 16:05:57
466235|0000000751688370              |20220520|155650|010|676|0|30300040|130010013|130759830|1|20220520|141709|8001400|20220520|160426|8001096|1|1250|0|      |20220520|20220520|0603|2022-05-31 16:05:57
466237|0000000637694580              |20220520|172501|007|675|0|30300055|130010014|130753221|1|20220520|160644|8001412|20220520|180046|8001663|1|1250|0|      |20220520|20220520|0603|2022-05-31 16:05:57
466239|0000000710030821              |20220520|181857|001|675|0|30300064|130010015|130759638|1|20220520|174036|8001412|20220520|183227|8002730|1|1250|0|      |20220520|20220520|0603|2022-05-31 16:05:57
466241|0000000751750985              |20220520|190629|009|674|0|30300100|130010002|130752348|1|20220520|185841|8001529|20220520|192545|8002119|1|1250|0|      |20220520|20220520|0603|2022-05-31 16:05:57
466243|0000000757143485              |20220520|190739|019|676|0|30300070|130010004|130752283|1|20220520|144300|8001412|20220520|192737|8002795|1|1250|0|      |20220520|20220520|0603|2022-05-31 16:05:57
466245|0000000725277164              |20220520|121910|012|675|0|30300055|130010014|130753268|1|20220520|052953|8001412|20220520|125329|8001828|1|1250|0|      |20220520|20220520|0603|2022-05-31 16:05:57
466247|0000000777361761              |20220520|215735|004|675|0|30300067|130010001|130759717|1|20220520|211947|8001412|20220520|221524|8001655|1|1250|0|      |20220520|20220520|0603|2022-05-31 16:05:57
466249|0000000762055527              |20220520|200613|012|676|0|30300070|130010004|130752606|1|20220520|152735|8001412|20220520|203029|8001868|1|1250|0|      |20220520|20220520|0603|2022-05-31 16:05:57
466251|0000000464915936              |20220520|201530|027|674|0|30300100|130010002|130752344|1|20220520|200512|8001412|20220520|203844|8002542|1|1250|0|      |20220520|20220520|0603|2022-05-31 16:05:57
466253|0000000908385583              |20220520|210351|026|675|0|30300067|130010001|130759424|1|20220520|202326|8001412|20220520|211657|8002636|1|1250|0|      |20220520|20220520|0603|2022-05-31 16:05:57
466255|0000000904056869              |20220520|205135|005|674|0|30300100|130010002|130752382|1|20220520|195922|8001412|20220520|212926|8002677|1|1250|0|      |20220520|20220520|0603|2022-05-31 16:05:57
466257|0000000638008347              |20220520|104723|001|676|0|30300070|130010004|130752238|1|20220520|101500|8001412|20220520|114349|8003101|1|1250|0|      |20220520|20220520|0603|2022-05-31 16:05:57
466259|0000000754432063              |20220520|163432|001|676|0|30300072|130010001|130759712|1|20220520|161430|8001412|20220520|171105|8001831|1|1250|0|      |20220520|20220520|0603|2022-05-31 16:05:57
466261|0000000740689343              |20220520|221714|003|674|0|30300100|130010002|130752359|1|20220520|212715|8001412|20220520|223718|8002542|1|1250|0|      |20220520|20220520|0603|2022-05-31 16:05:57
466668|0000000918230501              |20220520|132433|001|676|0|30300089|130010011|130759512|1|20220520|121255|8001922|20220520|135910|8001420|1|1250|0|      |20220520|20220520|0603|2022-05-31 16:05:57
466670|0000000753150076              |20220520|142344|026|675|0|30300055|130010014|130753512|1|20220520|134407|8001414|20220520|143905|8002347|1|1250|0|      |20220520|20220520|0603|2022-05-31 16:05:57
466672|0000000601259197              |20220520|145808|015|676|0|30300071|130010009|130759176|1|20220520|143348|8001922|20220520|151457|8001587|1|1250|0|      |20220520|20220520|0603|2022-05-31 16:05:57
466674|0000000910728987              |20220520|081524|015|675|0|30300055|130010014|130753225|1|20220520|073207|8001414|20220520|082907|8002347|1|1250|0|      |20220520|20220520|0603|2022-05-31 16:05:57
466676|0000000904931159              |20220520|082302|028|676|0|30300038|130010014|130753202|1|20220520|071427|8001414|20220520|083401|8003128|1|1250|0|      |20220520|20220520|0603|2022-05-31 16:05:57
466678|0000000760484139              |20220520|082817|014|675|0|30300055|130010014|130753210|1|20220520|072854|8001414|20220520|084347|8002347|1|1250|0|      |20220520|20220520|0603|2022-05-31 16:05:57
466680|0000000776434076              |20220520|170642|001|675|0|30300062|130010008|130752705|1|20220520|164838|8001922|20220520|172641|8001587|1|1250|0|      |20220520|20220520|0603|2022-05-31 16:05:57
466682|0000000735680697              |20220520|170833|006|675|0|30300064|130010015|130759642|1|20220520|054714|8001414|20220520|172543|8001047|1|1250|0|      |20220520|20220520|0603|2022-05-31 16:05:57
466684|0000000903698958              |20220520|180521|001|675|0|30300062|130010008|130752131|1|20220520|174931|8001922|20220520|182154|8002758|1|1250|0|      |20220520|20220520|0603|2022-05-31 16:05:57
466686|0000000911328263              |20220520|184326|001|676|0|30300071|130010009|130759180|1|20220520|181149|8001922|20220520|185917|8002425|1|1250|0|      |20220520|20220520|0603|2022-05-31 16:05:57
466688|0000000755102035              |20220520|192455|028|675|0|30300064|130010015|130759624|1|20220520|190421|8001414|20220520|193959|8001047|1|1250|0|      |20220520|20220520|0603|2022-05-31 16:05:57
466690|0000000742873188              |20220520|121443|018|675|0|30300055|130010014|130753213|1|20220520|113450|8001414|20220520|122128|8002344|1|1250|0|      |20220520|20220520|0603|2022-05-31 16:05:57
466692|0000000671750937              |20220520|124745|003|675|0|30300064|130010015|130759644|1|20220520|085316|8001414|20220520|130034|8001047|1|1250|0|      |20220520|20220520|0603|2022-05-31 16:05:57
467099|0000000747695421              |20220520|070257|001|676|0|30300054|130010007|130759379|1|20220520|063332|8002814|20220520|071022|8002202|1|1250|0|      |20220520|20220520|0603|2022-05-31 16:05:57
467101|0000000921669012              |20220520|135147|001|676|0|30300041|130010012|130753334|1|20220520|133110|8002720|20220520|140313|8001570|1|1250|0|      |20220520|20220520|0603|2022-05-31 16:05:57
467103|0000000752950826              |20220520|135158|001|674|0|30300002|130010007|130759314|1|20220520|132439|8001241|20220520|142154|8001096|1|1250|0|      |20220520|20220520|0603|2022-05-31 16:05:57
467105|0000000746660455              |20220520|141445|001|676|0|30300039|130010005|130759271|1|20220520|135927|8002973|20220520|143913|8001922|1|1250|0|      |20220520|20220520|0603|2022-05-31 16:05:57
467107|0000000904738345              |20220520|145804|001|675|0|30300045|130010006|130752058|1|20220520|142107|8002720|20220520|153523|8001953|1|1250|0|      |20220520|20220520|0603|2022-05-31 16:05:57
467109|0000000724106059              |20220520|150101|001|676|0|30300041|130010012|130753305|1|20220520|143953|8002720|20220520|151710|8001076|1|1250|0|      |20220520|20220520|0603|2022-05-31 16:05:57
467111|0000000716642198              |20220520|075941|002|676|0|30300037|130010006|130752007|1|20220520|072014|8002973|20220520|084451|8002310|1|1250|0|      |20220520|20220520|0603|2022-05-31 16:05:57
467113|0000000663456452              |20220520|174654|016|676|0|30300037|130010006|130752040|1|20220520|140540|8002973|20220520|175604|8002402|1|1250|0|      |20220520|20220520|0603|2022-05-31 16:05:57
467115|0000000774723918              |20220520|170338|001|676|0|30300037|130010006|130752014|1|20220520|163516|8002720|20220520|174045|8001097|1|1250|0|      |20220520|20220520|0603|2022-05-31 16:05:57
467117|0000000723833638              |20220520|173448|006|676|0|30300038|130010014|130753257|1|20220520|172435|8002973|20220520|175653|8001054|1|1250|0|      |20220520|20220520|0603|2022-05-31 16:05:57
457320|0000000763760258              |20220520|145935|004|676|2|30300071|130010009|130759150|1|20220520|140501|8001464|20220520|150633|8001791|1|0|0|      |20220520|20220520|0603|2022-05-31 16:05:57
457322|0000000671480974              |20220520|160508|012|675|1|30300081|130010011|130759533|1|20220520|152030|8002969|20220520|161049|8002159|1|0|0|      |20220520|20220520|0603|2022-05-31 16:05:57
457324|0000000772176745              |20220520|155438|001|676|1|30300041|130010012|130753304|1|20220520|141427|8002969|20220520|155742|8002159|1|0|0|      |20220520|20220520|0603|2022-05-31 16:05:57
457326|0000000741444435              |20220520|164622|018|676|1|30300071|130010009|130759106|1|20220520|141234|8001464|20220520|165311|8001791|1|0|0|      |20220520|20220520|0603|2022-05-31 16:05:57
457328|0000000905049545              |20220520|073524|031|676|1|30300087|130010008|130752123|1|20220520|064340|8002969|20220520|073852|8002159|1|0|0|      |20220520|20220520|0603|2022-05-31 16:05:57
457735|0000000766275577              |20220520|062726|021|674|0|30300104|130010002|130752504|1|20220520|060705|8070012|20220520|064635|8001567|1|1250|0|      |20220520|20220520|0603|2022-05-31 16:05:57
457737|0000000903954344              |20220520|072125|014|674|0|30300104|130010002|130752355|1|20220520|065440|8070012|20220520|074042|8001567|1|1250|0|      |20220520|20220520|0603|2022-05-31 16:05:57
457739|0000000778050430              |20220520|074056|019|675|0|30300066|130010015|130759605|1|20220520|061651|8001852|20220520|075243|8001927|1|1250|0|      |20220520|20220520|0603|2022-05-31 16:05:57
457741|0000000754706842              |20220520|132217|013|681|0|30300042|130010009|130759136|1|20220520|123626|8001587|20220520|133657|8002627|1|1250|0|      |20220520|20220520|0603|2022-05-31 16:05:57
457743|0000000771736292              |20220520|140058|017|675|0|30300053|130010002|130752319|1|20220520|135253|8006006|20220520|141707|8001604|1|1250|0|      |20220520|20220520|0603|2022-05-31 16:05:57
457745|0000000742647629              |20220520|150157|004|675|0|30300058|130010004|130752288|1|20220520|133204|8002947|20220520|153055|8001935|1|1250|0|      |20220520|20220520|0603|2022-05-31 16:05:57
457747|0000000721053976              |20220520|082137|005|681|0|30300042|130010009|130759181|1|20220520|075147|8001425|20220520|083613|8001587|1|1250|0|      |20220520|20220520|0603|2022-05-31 16:05:57
457749|0000000918178856              |20220520|082010|019|676|0|30300037|130010006|130759023|1|20220520|072237|8002720|20220520|083516|8001912|1|1250|0|      |20220520|20220520|0603|2022-05-31 16:05:57
457751|0000000767659293              |20220520|172044|010|681|0|30300042|130010009|130759151|1|20220520|163235|8001587|20220520|173631|8002627|1|1250|0|      |20220520|20220520|0603|2022-05-31 16:05:57
457753|0000000903725984              |20220520|172725|025|676|0|30300072|130010001|130759435|1|20220520|163722|8002608|20220520|173846|8002076|1|1250|0|      |20220520|20220520|0603|2022-05-31 16:05:57
457755|0000000722977512              |20220520|181752|011|675|0|30300056|130010012|130753374|1|20220520|181620|8070030|20220520|183101|8001166|1|1250|0|      |20220520|20220520|0603|2022-05-31 16:05:57
457757|0000000741427331              |20220520|184611|022|675|0|30300081|130010011|130759533|1|20220520|183706|8001984|20220520|190513|8002075|1|1250|0|      |20220520|20220520|0603|2022-05-31 16:05:57
457759|0000000750512677              |20220520|121511|010|675|0|30300056|130010012|130753371|1|20220520|100411|8001645|20220520|124423|8001168|1|1250|0|      |20220520|20220520|0603|2022-05-31 16:05:57
457761|0000000672842814              |20220520|123403|013|681|0|30300042|130010009|130759125|1|20220520|103500|8001587|20220520|125128|8002627|1|1250|0|      |20220520|20220520|0603|2022-05-31 16:05:57
458168|0000000697832665              |20220520|123740|001|673|0|30300003|130510004|130751014|1|20220520|062251|8003072|20220520|124703|8001703|1|1100|0|      |20220520|20220520|0603|2022-05-31 16:05:57
458170|0000000789621642              |20220520|212639|013|674|1|30300100|130010002|130752348|1|20220520|212144|8001412|20220520|220103|8002677|1|0|0|      |20220520|20220520|0603|2022-05-31 16:05:57
458172|0000000785885945              |20220520|205525|020|673|0|30300003|130510004|130751015|1|20220520|055200|8003072|20220520|211433|8070009|1|1100|0|      |20220520|20220520|0603|2022-05-31 16:05:57
458174|0000000788429686              |20220520|101356|016|674|0|30300100|130010002|130752506|1|20220520|101148|8002114|20220520|104248|8002542|1|1250|0|      |20220520|20220520|0603|2022-05-31 16:05:57
458176|0000000789621642              |20220520|110935|012|674|0|30300100|130010002|130752508|1|20220520|110644|8001946|20220520|114651|8002629|1|1250|0|      |20220520|20220520|0603|2022-05-31 16:05:57
458178|0000000694678791              |20220520|152749|002|676|0|30300131|130010008|130752724|1|20220520|151648|8007281|20220520|153042|8007285|1|1250|0|      |20220520|20220520|0603|2022-05-31 16:05:57
458180|0000000692893476              |20220520|151606|004|675|0|30300067|130010001|130759786|1|20220520|131509|8001924|20220520|160647|8005875|1|1250|0|      |20220520|20220520|0603|2022-05-31 16:05:57
458182|0000000788483402              |20220520|162538|004|676|0|30300131|130010008|130752707|4|20220520|161737|8001152|20220520|171010|8001089|1|750|0|      |20220520|20220520|0603|2022-05-31 16:05:57
458184|0000000400134048              |20220520|052632|011|674|0|30300100|130010002|130752381|1|20220520|052223|8002676|20220520|055813|8001413|1|1250|0|      |20220520|20220520|0603|2022-05-31 16:05:57
458186|0000000400116591              |20220520|061659|022|675|0|30300067|130010001|130759717|1|20220520|055310|8002448|20220520|063319|8001529|1|1250|0|      |20220520|20220520|0603|2022-05-31 16:05:57
458188|0000000789791806              |20220520|072020|026|676|0|30300131|130010008|130752716|1|20220520|070130|8007285|20220520|075153|8002559|1|1250|0|      |20220520|20220520|0603|2022-05-31 16:05:57
458190|0000000482999186              |20220520|072202|015|674|0|30300100|130010002|130752348|1|20220520|064916|8001029|20220520|075006|8002114|1|1250|0|      |20220520|20220520|0603|2022-05-31 16:05:57
458192|0000000785643904              |20220520|075731|021|673|0|30300003|130510004|130751014|4|20220520|062251|8005653|20220520|081420|8001997|1|650|0|      |20220520|20220520|0603|2022-05-31 16:05:57
459204|0000000903291350              |20220520|170242|030|832|0|30300128|130710001|130759930|1|20220520|053540|8007290|20220520|172702|8001420|1|1700|0|      |20220520|20220520|0603|2022-05-31 16:05:57
459206|0000000722795967              |20220520|172437|011|832|1|30300128|130710001|130759932|1|20220520|073254|8007290|20220520|175643|8001420|1|450|0|      |20220520|20220520|0603|2022-05-31 16:05:57
459208|0000000918367659              |20220520|172441|006|832|0|30300128|130710001|130759932|1|20220520|073254|8007290|20220520|175644|8001420|1|1700|0|      |20220520|20220520|0603|2022-05-31 16:05:57
459210|0000000771813106              |20220520|174712|013|832|0|30300128|130710001|130759911|4|20220520|062233|8007290|20220520|182315|8001420|1|1100|0|      |20220520|20220520|0603|2022-05-31 16:05:57
459212|0000000745841611              |20220520|174731|012|832|0|30300128|130710001|130759911|1|20220520|062233|8007290|20220520|182011|8001420|1|1700|0|      |20220520|20220520|0603|2022-05-31 16:05:57
480079|0000000665712653              |20220520|110715|002|832|0|30300128|130710001|130759925|1|20220520|101050|3056003|20220520|112535|8007055|1|1700|300|      |20220520|20220520|0603|2022-05-31 16:05:57
480081|0000000730572853              |20220520|113733|012|677|0|30300129|130010009|130759109|1|20220520|063743|8002722|20220520|122254|8007345|1|1250|300|      |20220520|20220520|0603|2022-05-31 16:05:57
480083|0000000771251584              |20220520|155308|003|679|0|30300063|130010001|130759740|1|20220520|141752|8006005|20220520|161802|8001835|2|2400|300|      |20220520|20220520|0603|2022-05-31 16:05:57
480085|0000000753956786              |20220520|155820|002|677|0|30300129|130010009|130759163|1|20220520|140534|8002722|20220520|164601|8007345|1|1250|300|      |20220520|20220520|0603|2022-05-31 16:05:57
480087|0000000661859170              |20220520|073838|021|832|0|30300128|130710001|130759925|1|20220520|064347|3056003|20220520|075637|8007055|1|1700|300|      |20220520|20220520|0603|2022-05-31 16:05:57
480089|0000000637786879              |20220520|073843|013|832|0|30300128|130710001|130759925|1|20220520|064347|3056003|20220520|075618|8007055|1|1700|300|      |20220520|20220520|0603|2022-05-31 16:05:57
480091|0000000758231329              |20220520|073852|004|832|0|30300128|130710001|130759925|1|20220520|064347|3056003|20220520|075702|8007055|1|1700|300|      |20220520|20220520|0603|2022-05-31 16:05:57
480093|0000000756660621              |20220520|073859|013|832|0|30300128|130710001|130759925|1|20220520|064347|3056003|20220520|075705|8007055|1|1700|300|      |20220520|20220520|0603|2022-05-31 16:05:57
480095|0000000715964377              |20220520|142855|016|677|1|30300129|130010009|130759184|1|20220520|135118|8005906|20220520|144103|8007399|1|0|300|      |20220520|20220520|0603|2022-05-31 16:05:57
480097|0000000743715896              |20220520|141245|008|681|1|30300042|130010009|130759104|1|20220520|123435|8002974|20220520|143040|9005104|1|0|250|      |20220520|20220520|0603|2022-05-31 16:05:57
480396|0000000776075429              |20220520|140057|008|679|0|30300063|130010001|130759773|1|20220520|135145|8005122|20220520|144027|8002254|1|1200|150|      |20220520|20220520|0603|2022-05-31 16:05:57
480398|0000000921771360              |20220520|073853|011|679|0|30300063|130010001|130759474|1|20220520|062041|8005122|20220520|081913|8002254|1|1200|150|      |20220520|20220520|0603|2022-05-31 16:05:57
480400|0000000740413002              |20220520|164146|028|832|1|30300128|130710001|130759918|1|20220520|163739|8007412|20220520|172244|8007295|1|450|300|      |20220520|20220520|0603|2022-05-31 16:05:57
480402|0000000677704086              |20220520|175429|031|679|0|30300063|130010001|130759474|1|20220520|162601|8005122|20220520|183739|8002254|1|1200|150|      |20220520|20220520|0603|2022-05-31 16:05:57
480404|0000000908816893              |20220520|192807|010|678|0|30300074|130010014|130753264|1|20220520|192145|8005038|20220520|194940|8002829|1|1250|450|      |20220520|20220520|0603|2022-05-31 16:05:57
480406|0000000710043227              |20220520|214031|010|679|0|30300063|130010001|130759740|1|20220520|210612|8002981|20220520|221349|8005122|1|1250|100|      |20220520|20220520|0603|2022-05-31 16:05:57
480408|0000000717698671              |20220520|214919|003|678|0|30300074|130010014|130753226|1|20220520|210858|8002153|20220520|221655|8005037|1|1250|450|      |20220520|20220520|0603|2022-05-31 16:05:57
480410|0000000911146930              |20220520|104412|023|678|0|30300074|130010014|130753614|1|20220520|103124|8005038|20220520|110458|8002829|1|1250|450|      |20220520|20220520|0603|2022-05-31 16:05:57
480412|0000000757005413              |20220520|165908|019|677|0|30300129|130010009|130759143|1|20220520|151726|8007350|20220520|171558|8002189|1|1250|300|      |20220520|20220520|0603|2022-05-31 16:05:57
480414|0000000673186248              |20220520|055233|026|677|0|30300129|130010009|130759179|1|20220520|053144|8007350|20220520|061016|8002189|1|1250|300|      |20220520|20220520|0603|2022-05-31 16:05:57
480416|0000000706167448              |20220520|065922|007|677|0|30300129|130010009|130759109|1|20220520|063743|8007350|20220520|071640|8002189|1|1250|300|      |20220520|20220520|0603|2022-05-31 16:05:57
480418|0000000712306659              |20220520|073255|019|832|0|30300128|130710001|130759925|1|20220520|064347|3054003|20220520|075713|8007055|1|1700|300|      |20220520|20220520|0603|2022-05-31 16:05:57
480420|0000000679281059              |20220520|080421|028|678|1|30300074|130110001|130745026|1|20220520|061917|8002153|20220520|083443|8005037|1|0|450|      |20220520|20220520|0603|2022-05-31 16:05:57
480422|0000000759032283              |20220520|091827|001|677|0|30300129|130010009|130759184|1|20220520|053811|8007346|20220520|093138|8002189|1|1250|300|      |20220520|20220520|0603|2022-05-31 16:05:57
482341|0000000636815393              |20220520|111441|003|832|0|30300128|130710001|130759923|1|20220520|054411|9007055|20220520|114102|8007057|1|1700|300|      |20220520|20220520|0603|2022-05-31 16:05:57
482343|0000000764987714              |20220520|161257|019|832|0|30300128|130710001|130759930|1|20220520|053540|9007055|20220520|163904|8007057|1|1700|300|      |20220520|20220520|0603|2022-05-31 16:05:57
482345|0000000705318401              |20220520|162245|001|832|0|30300128|130710001|130759931|1|20220520|053812|9007055|20220520|165250|8007057|1|1700|300|      |20220520|20220520|0603|2022-05-31 16:05:57
482347|0000000906585136              |20220520|150001|005|832|0|30300128|130710001|130759922|1|20220520|145626|8007055|20220520|152405|3062007|1|1700|300|      |20220520|20220520|0603|2022-05-31 16:05:57
482349|0000000716137627              |20220520|150016|014|832|0|30300128|130710001|130759922|1|20220520|145626|8007055|20220520|152419|3062007|1|1700|300|      |20220520|20220520|0603|2022-05-31 16:05:57
482351|0000000643848270              |20220520|081058|021|832|0|30300128|130710001|130759926|1|20220520|064943|9007055|20220520|085129|8007294|1|1700|300|      |20220520|20220520|0603|2022-05-31 16:05:57
482353|0000000718354222              |20220520|163423|002|832|0|30300128|130710001|130759932|1|20220520|073254|9007055|20220520|170941|8007294|1|1700|300|      |20220520|20220520|0603|2022-05-31 16:05:57
482355|0000000763237464              |20220520|173648|008|832|0|30300128|130710001|130759915|1|20220520|070038|8007055|20220520|175836|3062007|1|1700|300|      |20220520|20220520|0603|2022-05-31 16:05:57
482357|0000000608840100              |20220520|173730|018|832|0|30300128|130710001|130759915|1|20220520|070038|8007055|20220520|175843|3062007|1|1700|300|      |20220520|20220520|0603|2022-05-31 16:05:57
482359|0000000777759785              |20220520|175710|001|832|0|30300128|130710001|130759918|1|20220520|163739|8007055|20220520|182643|3062007|1|1700|300|      |20220520|20220520|0603|2022-05-31 16:05:57
482361|0000000770307252              |20220520|182152|001|832|0|30300128|130710001|130759921|1|20220520|045359|8007055|20220520|184921|3062007|1|1700|300|      |20220520|20220520|0603|2022-05-31 16:05:57
482363|0000000703592569              |20220520|183358|001|832|0|30300128|130710001|130759922|1|20220520|145626|8007055|20220520|185910|3062007|1|1700|300|      |20220520|20220520|0603|2022-05-31 16:05:57
482365|0000000732757400              |20220520|183303|029|832|0|30300128|130710001|130759922|1|20220520|145626|8007055|20220520|185952|3062007|1|1700|300|      |20220520|20220520|0603|2022-05-31 16:05:57
471935|0000000675390255              |20220520|122746|013|674|1|30300100|130010002|130752381|1|20220520|120900|8002547|20220520|124945|8002629|1|0|0|      |20220520|20220520|0603|2022-05-31 16:05:57
471937|0000000773862470              |20220520|130312|002|675|1|30300055|130010014|130753267|1|20220520|125341|8001846|20220520|130516|8002764|1|0|0|      |20220520|20220520|0603|2022-05-31 16:05:57
471939|0000000649986168              |20220520|200103|014|676|1|30300087|130010015|130759641|1|20220520|194229|8001491|20220520|200324|8002966|1|0|0|      |20220520|20220520|0603|2022-05-31 16:05:57
471941|0000000743409940              |20220520|195218|007|675|1|30300045|130010006|130759002|1|20220520|181241|8001491|20220520|195522|8002966|1|0|0|      |20220520|20220520|0603|2022-05-31 16:05:57
471943|0000000763148447              |20220520|210522|007|675|1|30300055|130010014|130753267|1|20220520|205750|8001846|20220520|210658|8002764|1|0|0|      |20220520|20220520|0603|2022-05-31 16:05:57
471945|0000000908255964              |20220520|151652|031|681|2|30300042|130010009|130759104|1|20220520|123435|8002757|20220520|153942|8002627|1|0|0|      |20220520|20220520|0603|2022-05-31 16:05:57
471947|0000000773855769              |20220520|224800|002|675|1|30300049|130010004|130752206|1|20220520|222831|8001491|20220520|225021|8002966|1|0|0|      |20220520|20220520|0603|2022-05-31 16:05:57
471949|0000000771271509              |20220520|072014|006|674|1|30300104|130010002|130752341|1|20220520|070455|8001081|20220520|074214|8070014|1|0|0|      |20220520|20220520|0603|2022-05-31 16:05:57
471951|0000000921596047              |20220520|074029|012|680|1|30300052|130010006|130752003|1|20220520|053552|8002547|20220520|080309|8002629|1|0|0|      |20220520|20220520|0603|2022-05-31 16:05:57
471953|0000000678519349              |20220520|150305|022|676|1|30300072|130010001|130759714|1|20220520|135541|8002468|20220520|151007|8001058|1|0|0|      |20220520|20220520|0603|2022-05-31 16:05:57
471955|0000000714594020              |20220520|082924|003|675|1|30300145|130010014|130753527|1|20220520|081240|8002410|20220520|084514|8001299|1|0|0|      |20220520|20220520|0603|2022-05-31 16:05:57
471957|0000000903452796              |20220520|172342|003|675|1|30300055|130010014|130753512|1|20220520|171059|8001846|20220520|172536|8002764|1|0|0|      |20220520|20220520|0603|2022-05-31 16:05:57
472364|0000000736424088              |20220520|200802|012|676|0|30300043|130010015|130759609|1|20220520|194222|8002737|20220520|201451|8002984|1|1250|0|      |20220520|20220520|0603|2022-05-31 16:05:57
472366|0000000776287182              |20220520|211410|007|676|0|30300043|130010015|130759601|1|20220520|203226|8002729|20220520|212336|8001789|1|1250|0|      |20220520|20220520|0603|2022-05-31 16:05:57
472368|0000000769976244              |20220520|111305|028|676|0|30300043|130010015|130759618|1|20220520|102537|8001429|20220520|113646|8001834|1|1250|0|      |20220520|20220520|0603|2022-05-31 16:05:57
472370|0000000614169676              |20220520|105256|013|676|0|30300043|130010015|130759630|1|20220520|104921|8005587|20220520|115454|8002349|1|1250|0|      |20220520|20220520|0603|2022-05-31 16:05:57
472372|0000000630743493              |20220520|151722|001|676|0|30300043|130010015|130759601|1|20220520|150057|8002350|20220520|162552|8002736|1|1250|0|      |20220520|20220520|0603|2022-05-31 16:05:57
472374|0000000732899563              |20220520|152931|030|676|0|30300043|130010015|130759618|1|20220520|151138|8002350|20220520|164215|8005590|1|1250|0|      |20220520|20220520|0603|2022-05-31 16:05:57
472376|0000000741308969              |20220520|071513|031|676|0|30300043|130010015|130759601|1|20220520|065229|8001724|20220520|073233|8001429|1|1250|0|      |20220520|20220520|0603|2022-05-31 16:05:57
472378|0000000921753542              |20220520|073823|015|676|0|30300043|130010015|130759602|1|20220520|055520|8005587|20220520|073936|8005589|1|1250|0|      |20220520|20220520|0603|2022-05-31 16:05:57
472380|0000000750050232              |20220520|142549|028|676|0|30300043|130010015|130759613|1|20220520|135215|8001747|20220520|145518|8001723|1|1250|0|      |20220520|20220520|0603|2022-05-31 16:05:57
472382|0000000740708544              |20220520|073532|016|676|0|30300043|130010015|130759608|1|20220520|072450|8001358|20220520|082236|8001723|1|1250|0|      |20220520|20220520|0603|2022-05-31 16:05:57
472384|0000000733127511              |20220520|080347|018|676|0|30300043|130010015|130759609|1|20220520|062414|8002980|20220520|084546|8001628|1|1250|0|      |20220520|20220520|0603|2022-05-31 16:05:57
472386|0000000736052763              |20220520|081656|002|676|0|30300043|130010015|130759632|1|20220520|074415|8002871|20220520|083643|8001429|1|1250|0|      |20220520|20220520|0603|2022-05-31 16:05:57
472388|0000000619398854              |20220520|083012|029|676|0|30300043|130010015|130759677|1|20220520|075610|8002871|20220520|085746|8001789|1|1250|0|      |20220520|20220520|0603|2022-05-31 16:05:57
472390|0000000918089569              |20220520|091158|022|676|0|30300043|130010015|130759615|1|20220520|075458|8002378|20220520|091705|8005588|1|1250|0|      |20220520|20220520|0603|2022-05-31 16:05:57
472797|0000000797477605              |20220520|193331|017|676|0|30300089|130010011|130759517|1|20220520|131821|8005505|20220520|194325|8001423|1|1250|0|      |20220520|20220520|0603|2022-05-31 16:05:57
472799|0000000697448067              |20220520|202121|008|676|0|30300089|130010011|130759577|1|20220520|193206|8001556|20220520|211409|8001250|1|1250|0|      |20220520|20220520|0603|2022-05-31 16:05:57
472801|0000000792282608              |20220520|095858|031|676|0|30300038|130010014|130753502|1|20220520|091221|8001052|20220520|103811|8001401|1|1250|0|      |20220520|20220520|0603|2022-05-31 16:05:57
472803|0000000782820557              |20220520|103216|023|675|0|30300049|130010004|130752206|1|20220520|094757|8001588|20220520|105712|8001934|1|1250|0|      |20220520|20220520|0603|2022-05-31 16:05:57
472805|0000000400193075              |20220520|112614|025|675|0|30300049|130010004|130752232|1|20220520|065033|8001057|20220520|120449|8001746|1|1250|0|      |20220520|20220520|0603|2022-05-31 16:05:57
472807|0000000692956344              |20220520|154232|014|676|0|30300038|130010014|130753200|1|20220520|153219|8002973|20220520|160041|8001425|1|1250|0|      |20220520|20220520|0603|2022-05-31 16:05:57
472809|0000000783517683              |20220520|165842|015|676|0|30300071|130010009|130759135|1|20220520|125110|8002757|20220520|171757|8001990|1|1250|0|      |20220520|20220520|0603|2022-05-31 16:05:57
472811|0000000785798329              |20220520|072551|013|676|0|30300088|130010002|130752364|1|20220520|063436|8002109|20220520|073414|8001104|1|1250|0|      |20220520|20220520|0603|2022-05-31 16:05:57
472813|0000000689843317              |20220520|130927|024|675|0|30300053|130010002|130752386|1|20220520|093108|8001156|20220520|134816|8001380|1|1250|0|      |20220520|20220520|0603|2022-05-31 16:05:57
472815|0000000794600658              |20220520|132419|028|675|0|30300053|130010002|130752376|1|20220520|131901|8002948|20220520|140753|8001239|1|1250|0|      |20220520|20220520|0603|2022-05-31 16:05:57
472817|0000000693260653              |20220520|134527|024|675|0|30300053|130010002|130752385|1|20220520|122948|8002468|20220520|140912|8001276|1|1250|0|      |20220520|20220520|0603|2022-05-31 16:05:57
465040|0000000653519163              |20220520|095327|003|679|1|30300063|130010001|130759474|1|20220520|094425|8001096|20220520|100903|8003014|1|0|0|      |20220520|20220520|0603|2022-05-31 16:05:57
465042|0000000749471985              |20220520|172617|004|676|1|30300051|130010008|130752119|1|20220520|170517|8001876|20220520|174707|8001929|1|0|0|      |20220520|20220520|0603|2022-05-31 16:05:57
465044|0000000731358946              |20220520|175033|007|676|1|30300090|130010005|130759207|1|20220520|150535|8002235|20220520|180754|8002465|1|0|0|      |20220520|20220520|0603|2022-05-31 16:05:57
465046|0000000759342911              |20220520|123821|027|675|1|30300077|130010006|130752017|1|20220520|115058|8001418|20220520|124903|8001401|1|0|0|      |20220520|20220520|0603|2022-05-31 16:05:57
465453|0000000722538302              |20220520|175408|019|676|0|30300041|130010012|130753304|1|20220520|170424|8001076|20220520|183551|8001034|1|1250|0|      |20220520|20220520|0603|2022-05-31 16:05:57
465455|0000000717590851              |20220520|185519|010|676|0|30300041|130010012|130753318|1|20220520|184150|8005991|20220520|190016|8005990|1|1250|0|      |20220520|20220520|0603|2022-05-31 16:05:57
465457|0000000655379607              |20220520|183200|007|676|0|30300041|130010012|130753321|1|20220520|152716|8002087|20220520|190942|8005993|1|1250|0|      |20220520|20220520|0603|2022-05-31 16:05:57
465459|0000000760663854              |20220520|185742|017|676|0|30300041|130010012|130753332|1|20220520|163058|8002756|20220520|190735|8001077|1|1250|0|      |20220520|20220520|0603|2022-05-31 16:05:57
465461|0000000723164156              |20220520|123929|007|676|0|30300038|130010014|130753503|1|20220520|115125|8002228|20220520|125325|8001132|1|1250|0|      |20220520|20220520|0603|2022-05-31 16:05:57
465463|0000000665214134              |20220520|130835|001|676|0|30300041|130010012|130753323|1|20220520|125840|8003100|20220520|133017|8001076|1|1250|0|      |20220520|20220520|0603|2022-05-31 16:05:57
465465|0000000755476190              |20220520|214624|009|676|0|30300041|130010012|130753313|1|20220520|210117|8001651|20220520|221345|8070029|1|1250|0|      |20220520|20220520|0603|2022-05-31 16:05:57
465467|0000000666622675              |20220520|222655|008|676|0|30300041|130010012|130753321|1|20220520|192035|8002411|20220520|222939|8005993|1|1250|0|      |20220520|20220520|0603|2022-05-31 16:05:57
465469|0000000655689114              |20220520|101444|030|676|0|30300041|130010012|130753321|1|20220520|083050|8001040|20220520|104215|8002969|1|1250|0|      |20220520|20220520|0603|2022-05-31 16:05:57
465471|0000000667575295              |20220520|105159|026|676|0|30300041|130010012|130753323|1|20220520|103238|8002993|20220520|114942|9001641|1|1250|0|      |20220520|20220520|0603|2022-05-31 16:05:57
465473|0000000762784443              |20220520|113932|005|676|0|30300041|130010012|130753318|1|20220520|113310|8005991|20220520|120711|8001076|1|1250|0|      |20220520|20220520|0603|2022-05-31 16:05:57
465475|0000000755972844              |20220520|163405|003|676|0|30300041|130010012|130753321|1|20220520|152716|8001570|20220520|164634|8002088|1|1250|0|      |20220520|20220520|0603|2022-05-31 16:05:57
465477|0000000760435487              |20220520|164322|023|676|0|30300041|130010012|130753332|1|20220520|163058|8005991|20220520|170334|8007325|1|1250|0|      |20220520|20220520|0603|2022-05-31 16:05:57
465884|0000000701684368              |20220520|223143|005|676|0|30300137|130010004|130752600|1|20220520|221836|8002734|20220520|224250|8002542|1|1250|0|      |20220520|20220520|0603|2022-05-31 16:05:57
465886|0000000665131965              |20220520|074414|015|676|0|30300068|130010006|130752008|1|20220520|071607|8002779|20220520|075221|8002942|1|1250|0|      |20220520|20220520|0603|2022-05-31 16:05:57
465888|0000000743137785              |20220520|083054|016|676|0|30300070|130010004|130752201|1|20220520|081726|8002625|20220520|084056|8001345|1|1250|0|      |20220520|20220520|0603|2022-05-31 16:05:57
465890|0000000776094149              |20220520|083820|010|676|0|30300038|130010014|130753200|1|20220520|061214|8001983|20220520|084054|8001500|1|1250|0|      |20220520|20220520|0603|2022-05-31 16:05:57
465892|0000000769548463              |20220520|092725|022|676|0|30300040|130010007|130759359|1|20220520|091021|8001425|20220520|094400|8002759|1|1250|0|      |20220520|20220520|0603|2022-05-31 16:05:57
465894|0000000764278378              |20220520|112317|020|676|0|30300051|130010008|130752107|1|20220520|110111|8001369|20220520|115029|8001927|1|1250|0|      |20220520|20220520|0603|2022-05-31 16:05:57
465896|0000000773392680              |20220520|073404|023|676|0|30300088|130010002|130752364|1|20220520|063436|8002746|20220520|074100|8002540|1|1250|0|      |20220520|20220520|0603|2022-05-31 16:05:57
465898|0000000903073044              |20220520|075359|029|676|0|30300071|130010009|130759150|1|20220520|051841|8001922|20220520|080053|8006006|1|1250|0|      |20220520|20220520|0603|2022-05-31 16:05:57
465900|0000000774003476              |20220520|142524|015|676|0|30300037|130010006|130752046|1|20220520|142259|8002920|20220520|143219|8002973|1|1250|0|      |20220520|20220520|0603|2022-05-31 16:05:57
465902|0000000416184899              |20220520|145756|021|676|0|30300037|130010006|130752011|1|20220520|145050|8002920|20220520|150445|8002973|1|1250|0|      |20220520|20220520|0603|2022-05-31 16:05:57
465904|0000000904431790              |20220520|084800|009|676|0|30300037|130010006|130752014|1|20220520|084616|8002920|20220520|085441|8002973|1|1250|0|      |20220520|20220520|0603|2022-05-31 16:05:57
465906|0000000778481081              |20220520|172326|028|676|0|30300037|130010006|130752038|1|20220520|171736|8002920|20220520|173154|8002973|1|1250|0|      |20220520|20220520|0603|2022-05-31 16:05:57
465908|0000000663236735              |20220520|180827|002|676|0|30300037|130010006|130752002|1|20220520|173709|8002920|20220520|181656|8002973|1|1250|0|      |20220520|20220520|0603|2022-05-31 16:05:57
465910|0000000708128430              |20220520|181550|031|676|0|30300037|130010006|130752015|1|20220520|181152|8002920|20220520|182150|8002973|1|1250|0|      |20220520|20220520|0603|2022-05-31 16:05:57
466317|0000000734680593              |20220520|221144|016|674|0|30300100|130010002|130752358|1|20220520|212006|8001529|20220520|223201|8002542|1|1250|0|      |20220520|20220520|0603|2022-05-31 16:05:57
466319|0000000725962786              |20220520|072813|008|674|0|30300100|130010002|130752360|1|20220520|063511|8001529|20220520|075847|8001158|1|1250|0|      |20220520|20220520|0603|2022-05-31 16:05:57
466321|0000000720941725              |20220520|142408|007|675|0|30300057|130010001|130759750|1|20220520|140554|8001529|20220520|143628|8001748|1|1250|0|      |20220520|20220520|0603|2022-05-31 16:05:57
466323|0000000721970825              |20220520|171708|018|675|0|30300057|130010001|130759750|1|20220520|165400|8001529|20220520|172633|8001429|1|1250|0|      |20220520|20220520|0603|2022-05-31 16:05:57
466325|0000000723936654              |20220520|182341|010|675|0|30300064|130010015|130759638|1|20220520|174036|8001527|20220520|183903|8001626|1|1250|0|      |20220520|20220520|0603|2022-05-31 16:05:57
466327|0000000635589559              |20220520|182916|014|676|0|30300130|130010008|130752149|1|20220520|174913|8001527|20220520|185723|8001716|1|1250|0|      |20220520|20220520|0603|2022-05-31 16:05:57
455327|0000000921916115              |20220520|212710|001|676|0|30300038|130010014|130753201|1|20220520|200307|8001034|20220520|213353|8001499|1|1250|0|      |20220520|20220520|0603|2022-05-31 16:05:57
455329|0000000742609960              |20220520|211038|002|676|0|30300038|130010014|130753508|1|20220520|210336|8002063|20220520|223020|8002921|1|1250|0|      |20220520|20220520|0603|2022-05-31 16:05:57
455331|0000000910738883              |20220520|194116|001|676|0|30300038|130010014|130753257|1|20220520|172435|8003131|20220520|201133|8002778|1|1250|0|      |20220520|20220520|0603|2022-05-31 16:05:57
455333|0000000903560049              |20220520|205032|001|676|0|30300038|130010014|130753505|1|20220520|202541|8001040|20220520|205342|8003131|1|1250|0|      |20220520|20220520|0603|2022-05-31 16:05:57
455335|0000000743794782              |20220520|212750|001|676|0|30300038|130010014|130753214|1|20220520|201548|8003127|20220520|213032|8001443|1|1250|0|      |20220520|20220520|0603|2022-05-31 16:05:57
455337|0000000709830488              |20220520|104825|001|676|0|30300038|130010014|130753525|1|20220520|103022|8001703|20220520|105705|8001425|1|1250|0|      |20220520|20220520|0603|2022-05-31 16:05:57
455339|0000000910905302              |20220520|113654|001|676|0|30300038|130010014|130753257|1|20220520|103920|8001132|20220520|114204|8001952|1|1250|0|      |20220520|20220520|0603|2022-05-31 16:05:57
455341|0000000754438522              |20220520|154027|001|676|0|30300038|130010014|130753524|1|20220520|125152|8002914|20220520|162747|8001034|1|1250|0|      |20220520|20220520|0603|2022-05-31 16:05:57
455343|0000000909350433              |20220520|164412|009|676|0|30300087|130010015|130759614|1|20220520|161136|8001453|20220520|165322|8002075|1|1250|0|      |20220520|20220520|0603|2022-05-31 16:05:57
456953|0000000606098291              |20220520|223732|021|675|1|30300149|130810001|130753618|1|20220520|215712|8002378|20220520|224154|8002721|1|0|0|      |20220520|20220520|0603|2022-05-31 16:05:57
456955|0000000767253470              |20220520|071617|019|676|1|30300037|130010006|130752049|1|20220520|060520|8002378|20220520|072056|8002721|1|0|0|      |20220520|20220520|0603|2022-05-31 16:05:57
456957|0000000725362550              |20220520|080850|028|675|1|30300078|130010008|130752166|1|20220520|072055|8002231|20220520|081149|8001627|1|0|0|      |20220520|20220520|0603|2022-05-31 16:05:57
456959|0000000908389348              |20220520|141305|010|675|2|30300094|130010012|130753329|1|20220520|132056|8002076|20220520|142638|8002206|1|0|0|      |20220520|20220520|0603|2022-05-31 16:05:57
456961|0000000769256827              |20220520|081728|027|674|1|30300002|130010007|130759318|1|20220520|074850|8001097|20220520|082758|8001744|1|0|0|      |20220520|20220520|0603|2022-05-31 16:05:57
456963|0000000742640315              |20220520|081411|006|676|1|30300040|130010007|130759364|1|20220520|071924|8001380|20220520|082414|8003032|1|0|0|      |20220520|20220520|0603|2022-05-31 16:05:57
456965|0000000764460126              |20220520|170509|016|674|2|30300002|130010007|130759324|1|20220520|162526|8001097|20220520|171816|8001744|1|0|0|      |20220520|20220520|0603|2022-05-31 16:05:57
456967|0000000678653166              |20220520|171929|012|674|1|30300002|130010007|130759327|1|20220520|164306|8001097|20220520|173328|8001744|1|0|0|      |20220520|20220520|0603|2022-05-31 16:05:57
456969|0000000743331722              |20220520|182909|015|674|1|30300002|130010007|130759304|1|20220520|175056|8001097|20220520|184618|8001744|1|0|0|      |20220520|20220520|0603|2022-05-31 16:05:57
456971|0000000903107163              |20220520|182220|031|676|1|30300086|130010013|130759807|1|20220520|162617|8001097|20220520|184113|8001744|1|0|0|      |20220520|20220520|0603|2022-05-31 16:05:57
456973|0000000779688327              |20220520|185753|007|674|1|30300002|130010007|130759338|1|20220520|182704|8001097|20220520|191057|8001744|1|0|0|      |20220520|20220520|0603|2022-05-31 16:05:57
456975|0000000709710885              |20220520|132242|004|676|1|30300086|130010013|130759820|1|20220520|113921|8001097|20220520|133036|8001744|1|0|0|      |20220520|20220520|0603|2022-05-31 16:05:57
456977|0000000921240672              |20220520|220510|003|676|1|30300086|130010013|130759808|1|20220520|202751|8001097|20220520|221410|8001744|1|0|0|      |20220520|20220520|0603|2022-05-31 16:05:57
457384|0000000723644126              |20220520|180012|008|675|1|30300053|130010002|130752395|1|20220520|174120|8002351|20220520|180829|8001156|1|0|0|      |20220520|20220520|0603|2022-05-31 16:05:57
457386|0000000639770533              |20220520|185314|017|675|1|30300053|130010002|130752369|1|20220520|183941|8002351|20220520|185729|8001156|1|150|0|      |20220520|20220520|0603|2022-05-31 16:05:57
457388|0000000721080657              |20220520|193645|030|675|1|30300062|130010008|130752131|1|20220520|192514|8001846|20220520|193708|8001852|1|0|0|      |20220520|20220520|0603|2022-05-31 16:05:57
457390|0000000723222712              |20220520|220648|014|675|1|30300053|130010002|130752385|1|20220520|215726|8002351|20220520|221106|8001156|1|0|0|      |20220520|20220520|0603|2022-05-31 16:05:57
457392|0000000716245530              |20220520|101641|015|675|1|30300059|130010004|130752271|1|20220520|054709|8002453|20220520|101726|8002814|1|0|0|      |20220520|20220520|0603|2022-05-31 16:05:57
457394|0000000649233110              |20220520|105819|019|676|1|30300087|130010015|130759631|1|20220520|061623|8002453|20220520|105910|8002851|1|0|0|      |20220520|20220520|0603|2022-05-31 16:05:57
457396|0000000774328486              |20220520|112348|014|676|1|30300071|130010009|130759105|1|20220520|054255|8002453|20220520|112446|8002814|1|0|0|      |20220520|20220520|0603|2022-05-31 16:05:57
457398|0000000777562823              |20220520|120632|008|675|2|30300101|130010002|130752309|1|20220520|120259|8002351|20220520|121139|8001156|1|0|0|      |20220520|20220520|0603|2022-05-31 16:05:57
457400|0000000742611138              |20220520|165456|003|675|1|30300053|130010002|130752513|1|20220520|164354|8002351|20220520|170103|8001156|1|0|0|      |20220520|20220520|0603|2022-05-31 16:05:57
457402|0000000722763663              |20220520|165608|006|675|1|30300101|130010002|130752332|1|20220520|140543|8002351|20220520|170337|8001156|1|0|0|      |20220520|20220520|0603|2022-05-31 16:05:57
457404|0000000653482913              |20220520|074026|020|675|2|30300059|130010004|130752204|1|20220520|052520|8002453|20220520|074046|8002814|1|0|0|      |20220520|20220520|0603|2022-05-31 16:05:57
457406|0000000773101127              |20220520|080614|031|676|1|30300071|130010009|130759102|1|20220520|071213|8002453|20220520|080730|8002814|1|0|0|      |20220520|20220520|0603|2022-05-31 16:05:57
457408|0000000745329221              |20220520|075201|030|676|1|30300054|130010007|130759384|1|20220520|074240|8001846|20220520|075738|8002977|1|0|0|      |20220520|20220520|0603|2022-05-31 16:05:57
457410|0000000756607014              |20220520|142110|018|675|1|30300053|130010002|130752386|1|20220520|093108|8002276|20220520|142717|8001735|1|0|0|      |20220520|20220520|0603|2022-05-31 16:05:57
457817|0000000721818090              |20220520|104335|020|676|0|30300087|130010008|130752151|1|20220520|060829|8002093|20220520|105052|8003011|1|1250|0|      |20220520|20220520|0603|2022-05-31 16:05:57
477714|0000000792354243              |20220520|213755|016|675|0|30300094|130010014|130753609|1|20220520|213514|8005950|20220520|214216|8001922|1|1250|0|      |20220520|20220520|0603|2022-05-31 16:05:57
477716|0000000780899664              |20220520|202100|004|676|0|30300088|130010002|130752315|1|20220520|194622|8001556|20220520|203936|8002963|1|1250|0|      |20220520|20220520|0603|2022-05-31 16:05:57
477718|0000000785032614              |20220520|210438|012|832|0|30300128|130710001|130759913|4|20220520|062545|3053004|20220520|211913|8007292|1|1100|0|      |20220520|20220520|0603|2022-05-31 16:05:57
477720|0000000792787704              |20220520|102816|004|673|0|30300003|130510004|130751003|1|20220520|055731|8001194|20220520|103103|8005968|1|1100|0|      |20220520|20220520|0603|2022-05-31 16:05:57
477722|0000000400162891              |20220520|103942|027|675|1|30300083|130010001|130759780|1|20220520|050431|8001660|20220520|104940|8002798|1|0|0|      |20220520|20220520|0603|2022-05-31 16:05:57
477724|0000000787947565              |20220520|113040|021|675|1|30300079|130010009|130759148|1|20220520|055337|8002802|20220520|115013|8002119|1|0|0|      |20220520|20220520|0603|2022-05-31 16:05:57
477726|0000000686263780              |20220520|160156|013|675|0|30300064|130010015|130759623|1|20220520|144915|8001625|20220520|160642|8002729|1|1250|0|      |20220520|20220520|0603|2022-05-31 16:05:57
477728|0000000785210247              |20220520|162808|009|675|0|30300094|130010014|130753616|1|20220520|162556|8005950|20220520|163605|8001922|1|1250|0|      |20220520|20220520|0603|2022-05-31 16:05:57
477730|0000000790574378              |20220520|163604|025|676|0|30300039|130010005|130759224|1|20220520|163315|8005594|20220520|170236|8001999|1|1250|0|      |20220520|20220520|0603|2022-05-31 16:05:57
477732|0000000792760315              |20220520|164408|012|832|1|30300128|130710001|130759917|1|20220520|063831|8007279|20220520|170915|8007295|1|450|300|      |20220520|20220520|0603|2022-05-31 16:05:57
477734|0000000694457807              |20220520|164424|010|675|0|30300079|130010009|130759138|1|20220520|141201|8002802|20220520|170122|8002119|1|1250|0|      |20220520|20220520|0603|2022-05-31 16:05:57
477736|0000000694677977              |20220520|065629|001|676|0|30300051|130010008|130752119|1|20220520|054233|8001096|20220520|073834|8001079|1|1250|0|      |20220520|20220520|0603|2022-05-31 16:05:57
480856|0000000707282891              |20220520|204552|001|675|0|30300067|130010001|130759424|1|20220520|202326|8005874|20220520|205909|8002149|1|1250|0|      |20220520|20220520|0603|2022-05-31 16:05:57
480858|0000000749739680              |20220520|073732|011|676|0|30300089|130010011|130759577|1|20220520|053731|8002649|20220520|074644|8002969|1|1250|0|      |20220520|20220520|0603|2022-05-31 16:05:57
480860|0000000740391583              |20220520|075321|029|676|0|30300041|130010012|130753312|1|20220520|074541|8005991|20220520|080943|8002720|1|1250|0|      |20220520|20220520|0603|2022-05-31 16:05:57
480862|0000000728296624              |20220520|081214|019|675|0|30300053|130010002|130752376|1|20220520|071531|8001380|20220520|081812|8001567|1|1250|0|      |20220520|20220520|0603|2022-05-31 16:05:57
480864|0000000900717216              |20220520|082143|015|676|0|30300087|130010015|130759614|1|20220520|073144|8001232|20220520|082421|8001724|1|1250|0|      |20220520|20220520|0603|2022-05-31 16:05:57
480866|0000000766587431              |20220520|075833|007|675|0|30300079|130010009|130759138|1|20220520|060344|8002550|20220520|083544|8002628|1|1250|0|      |20220520|20220520|0603|2022-05-31 16:05:57
480868|0000000904781435              |20220520|080037|023|675|0|30300079|130010009|130759148|1|20220520|055337|8002310|20220520|082539|8002724|1|1250|0|      |20220520|20220520|0603|2022-05-31 16:05:57
480870|0000000772083115              |20220520|080036|014|675|0|30300079|130010009|130759148|1|20220520|055337|8002310|20220520|082036|8002888|1|1250|0|      |20220520|20220520|0603|2022-05-31 16:05:57
480872|0000000701210363              |20220520|081600|010|675|0|30300082|130010001|130759772|1|20220520|081118|8005950|20220520|081738|8002081|1|1250|0|      |20220520|20220520|0603|2022-05-31 16:05:57
480874|0000000752228526              |20220520|080939|011|675|0|30300091|130010013|130759880|1|20220520|061142|8002615|20220520|082201|8002209|1|1250|0|      |20220520|20220520|0603|2022-05-31 16:05:57
480876|0000000679669595              |20220520|082625|003|676|0|30300036|130010012|130753301|1|20220520|072445|8001928|20220520|083113|8002733|1|1250|0|      |20220520|20220520|0603|2022-05-31 16:05:57
480878|0000000763076441              |20220520|081448|019|674|0|30300100|130010002|130752345|1|20220520|081151|8002678|20220520|083056|8002547|1|1250|0|      |20220520|20220520|0603|2022-05-31 16:05:57
480880|0000000753080656              |20220520|080923|001|675|0|30300080|130010009|130759152|1|20220520|072757|8002912|20220520|084409|8007274|1|1250|0|      |20220520|20220520|0603|2022-05-31 16:05:57
480936|0000000733085247              |20220520|112627|007|675|0|30300059|130010004|130752256|1|20220520|062050|8002723|20220520|115419|8001988|1|1250|0|      |20220520|20220520|0603|2022-05-31 16:05:57
480938|0000000760399403              |20220520|155228|002|676|0|30300037|130010006|130752005|1|20220520|144726|8002339|20220520|155418|8002488|1|1250|0|      |20220520|20220520|0603|2022-05-31 16:05:57
480940|0000000765027892              |20220520|164231|030|676|0|30300054|130010007|130759383|1|20220520|155933|8001989|20220520|165352|8001260|1|1250|0|      |20220520|20220520|0603|2022-05-31 16:05:57
480942|0000000707214289              |20220520|224729|008|675|0|30300078|130010008|130752170|1|20220520|223026|8007274|20220520|225307|8001419|1|1250|0|      |20220520|20220520|0603|2022-05-31 16:05:57
480944|0000000708874057              |20220520|070138|014|676|0|30300070|130010004|130752238|1|20220520|063506|8002156|20220520|070243|8002357|1|1250|0|      |20220520|20220520|0603|2022-05-31 16:05:57
480946|0000000739328484              |20220520|075454|007|674|0|30300104|130010002|130752346|1|20220520|053619|8070011|20220520|080158|8005997|1|1250|0|      |20220520|20220520|0603|2022-05-31 16:05:57
480948|0000000625590520              |20220520|073452|022|676|0|30300043|130010015|130759613|1|20220520|052306|8001790|20220520|074209|8002887|1|1250|0|      |20220520|20220520|0603|2022-05-31 16:05:57
480950|0000000614065747              |20220520|073309|022|675|0|30300081|130010011|130759506|1|20220520|053247|8002616|20220520|075809|8002087|1|1250|0|      |20220520|20220520|0603|2022-05-31 16:05:57
480952|0000000703924273              |20220520|075056|002|675|0|30300077|130010006|130759018|1|20220520|073845|8001495|20220520|080718|8002733|1|1250|0|      |20220520|20220520|0603|2022-05-31 16:05:57
480954|0000000910475259              |20220520|081109|016|675|0|30300079|130010009|130759128|1|20220520|061828|8002801|20220520|081316|8002887|1|1250|0|      |20220520|20220520|0603|2022-05-31 16:05:57
480956|0000000769395205              |20220520|075752|030|675|0|30300058|130010004|130752257|1|20220520|062948|8001516|20220520|082405|8002605|1|1250|0|      |20220520|20220520|0603|2022-05-31 16:05:57
480958|0000000900825234              |20220520|075735|010|676|0|30300036|130010011|130759503|1|20220520|072945|8001949|20220520|080444|8001426|1|1250|0|      |20220520|20220520|0603|2022-05-31 16:05:57
471122|0000000744842562              |20220520|175847|008|676|1|30300037|130010006|130752062|1|20220520|174139|8002635|20220520|180847|8002343|1|0|0|      |20220520|20220520|0603|2022-05-31 16:05:57
471124|0000000745753389              |20220520|183548|010|676|2|30300037|130010006|130752035|1|20220520|164822|8002635|20220520|184453|8002343|1|0|0|      |20220520|20220520|0603|2022-05-31 16:05:57
471126|0000000776424375              |20220520|183539|003|676|1|30300068|130010006|130752032|1|20220520|181711|8001959|20220520|184255|8002790|1|0|0|      |20220520|20220520|0603|2022-05-31 16:05:57
471128|0000000918273362              |20220520|191029|011|674|1|30300002|130010007|130759326|1|20220520|185315|8003020|20220520|191710|8002131|1|0|0|      |20220520|20220520|0603|2022-05-31 16:05:57
471130|0000000732641717              |20220520|115638|004|676|1|30300037|130010006|130752002|1|20220520|102748|8002635|20220520|120436|8002343|1|0|0|      |20220520|20220520|0603|2022-05-31 16:05:57
471132|0000000743705832              |20220520|132645|007|676|1|30300037|130010006|130752007|1|20220520|131000|8002635|20220520|133733|8002343|1|0|0|      |20220520|20220520|0603|2022-05-31 16:05:57
471134|0000000716890290              |20220520|135020|017|676|1|30300041|130010012|130753320|1|20220520|132820|8002993|20220520|135608|8002636|1|0|0|      |20220520|20220520|0603|2022-05-31 16:05:57
471136|0000000679116799              |20220520|135202|002|674|1|30300002|130010007|130759312|1|20220520|133159|8003020|20220520|135801|8002131|1|0|0|      |20220520|20220520|0603|2022-05-31 16:05:57
471138|0000000777833472              |20220520|223347|023|676|1|30300070|130010004|130752605|1|20220520|205300|8002155|20220520|224150|8001383|1|0|0|      |20220520|20220520|0603|2022-05-31 16:05:57
471140|0000000736510718              |20220520|195741|015|676|1|30300068|130010006|130752009|1|20220520|193506|8001959|20220520|200616|8002790|1|0|0|      |20220520|20220520|0603|2022-05-31 16:05:57
471142|0000000752121181              |20220520|203817|009|676|1|30300070|130010004|130752235|1|20220520|113458|8002155|20220520|204443|8001383|1|0|0|      |20220520|20220520|0603|2022-05-31 16:05:57
471144|0000000717555482              |20220520|104725|005|676|1|30300037|130010006|130752035|1|20220520|103046|8002635|20220520|105551|8002343|1|0|0|      |20220520|20220520|0603|2022-05-31 16:05:57
471146|0000000638333127              |20220520|114115|009|675|0|30300065|130010004|130752234|2|20220520|112344|8002991|20220520|115318|8001421|1|350|0|      |20220520|20220520|0603|2022-05-31 16:05:57
471148|0000000463042406              |20220520|153548|022|676|1|30300037|130010006|130752040|1|20220520|140540|8002635|20220520|154832|8002343|1|0|0|      |20220520|20220520|0603|2022-05-31 16:05:57
471582|0000000700177251              |20220520|184402|003|676|1|30300051|130010008|130752103|1|20220520|174328|8002995|20220520|185500|8001097|1|0|0|      |20220520|20220520|0603|2022-05-31 16:05:57
471584|0000000638480714              |20220520|193805|017|674|1|30300002|130010007|130759323|1|20220520|174710|8005994|20220520|194448|8002252|1|0|0|      |20220520|20220520|0603|2022-05-31 16:05:57
471586|0000000903495436              |20220520|123941|003|674|2|30300002|130010007|130759336|1|20220520|113417|8005994|20220520|124600|8002252|1|0|0|      |20220520|20220520|0603|2022-05-31 16:05:57
471588|0000000615816176              |20220520|215711|003|674|1|30300002|130010007|130759313|1|20220520|204935|8005994|20220520|220308|8002252|1|0|0|      |20220520|20220520|0603|2022-05-31 16:05:57
471590|0000000761961665              |20220520|202950|008|675|1|30300081|130010011|130759571|1|20220520|192954|8001959|20220520|203313|8001736|1|0|0|      |20220520|20220520|0603|2022-05-31 16:05:57
471592|0000000677271006              |20220520|103025|006|676|2|30300040|130010007|130759385|1|20220520|095759|8002075|20220520|104636|8001380|1|0|0|      |20220520|20220520|0603|2022-05-31 16:05:57
471594|0000000462190342              |20220520|153242|022|676|1|30300051|130010008|130752109|1|20220520|142816|8002995|20220520|154600|8001097|1|0|0|      |20220520|20220520|0603|2022-05-31 16:05:57
471596|0000000903977387              |20220520|154311|021|676|1|30300051|130010008|130752110|1|20220520|143523|8002995|20220520|155452|8001097|1|0|0|      |20220520|20220520|0603|2022-05-31 16:05:57
471598|0000000777603276              |20220520|164959|009|674|2|30300100|130010002|130752383|1|20220520|155551|8001412|20220520|165518|8002330|1|0|0|      |20220520|20220520|0603|2022-05-31 16:05:57
471600|0000000769339456              |20220520|070216|010|676|1|30300051|130010008|130752134|1|20220520|061037|8002995|20220520|071227|8001097|1|0|0|      |20220520|20220520|0603|2022-05-31 16:05:57
471602|0000000761529638              |20220520|065211|030|674|2|30300002|130010007|130759314|1|20220520|055013|8005994|20220520|065448|8002252|1|0|0|      |20220520|20220520|0603|2022-05-31 16:05:57
471604|0000000718029528              |20220520|073207|020|674|1|30300002|130010007|130759319|1|20220520|062530|8005994|20220520|073934|8002252|1|0|0|      |20220520|20220520|0603|2022-05-31 16:05:57
471606|0000000661787453              |20220520|072648|008|674|1|30300002|130010007|130759320|1|20220520|061728|8005994|20220520|073428|8002252|1|0|0|      |20220520|20220520|0603|2022-05-31 16:05:57
472013|0000000768124670              |20220520|173630|026|675|1|30300047|130010001|130759408|1|20220520|164404|8002412|20220520|174440|8002737|1|0|0|      |20220520|20220520|0603|2022-05-31 16:05:57
472015|0000000734002094              |20220520|174142|007|676|2|30300038|130010014|130753257|1|20220520|172435|8001168|20220520|174511|8001703|1|0|0|      |20220520|20220520|0603|2022-05-31 16:05:57
472017|0000000720580157              |20220520|175853|001|676|1|30300038|130010014|130753272|1|20220520|173943|8001168|20220520|180234|8001703|1|0|0|      |20220520|20220520|0603|2022-05-31 16:05:57
472019|0000000900791129              |20220520|175402|005|675|1|30300108|130010007|130759339|1|20220520|172618|8001282|20220520|175737|8007320|1|0|0|      |20220520|20220520|0603|2022-05-31 16:05:57
472021|0000000722163028              |20220520|175253|005|675|1|30300108|130010007|130759303|1|20220520|165350|8002412|20220520|180326|8002737|1|0|0|      |20220520|20220520|0603|2022-05-31 16:05:57
472023|0000000903373629              |20220520|184517|007|676|1|30300038|130010014|130753502|1|20220520|175900|8001168|20220520|184728|8001703|1|0|0|      |20220520|20220520|0603|2022-05-31 16:05:57
472025|0000000721908846              |20220520|190658|017|676|1|30300038|130010014|130753505|1|20220520|181720|8001168|20220520|191033|8001703|1|0|0|      |20220520|20220520|0603|2022-05-31 16:05:57
472027|0000000743752176              |20220520|191640|001|675|2|30300108|130010007|130759328|1|20220520|181939|8002412|20220520|192340|8002737|1|0|0|      |20220520|20220520|0603|2022-05-31 16:05:57
472029|0000000469588604              |20220520|124456|005|676|1|30300038|130010014|130753255|1|20220520|123216|8001168|20220520|124806|8001703|1|0|0|      |20220520|20220520|0603|2022-05-31 16:05:57
472031|0000000763529317              |20220520|220253|024|675|1|30300047|130010001|130759732|1|20220520|210936|8002412|20220520|221239|8002737|1|0|0|      |20220520|20220520|0603|2022-05-31 16:05:57
462814|0000000742138819              |20220520|084457|031|676|0|30300089|130010011|130759576|1|20220520|055351|8002934|20220520|090851|8002087|1|1250|0|      |20220520|20220520|0603|2022-05-31 16:05:57
464670|0000000778434360              |20220520|100956|018|675|1|30300053|130010002|130752385|1|20220520|091950|8001237|20220520|102538|8002453|1|0|0|      |20220520|20220520|0603|2022-05-31 16:05:57
464672|0000000723592566              |20220520|105751|015|676|1|30300073|130010009|130759183|1|20220520|101647|8002243|20220520|111307|8002356|1|0|0|      |20220520|20220520|0603|2022-05-31 16:05:57
464674|0000000763277048              |20220520|112943|003|676|0|30300041|130010012|130753380|4|20220520|092541|8002756|20220520|113849|8002159|1|750|0|      |20220520|20220520|0603|2022-05-31 16:05:57
464676|0000000908683440              |20220520|154046|020|675|1|30300060|130010014|130753230|4|20220520|150406|8001237|20220520|155427|8002453|1|0|0|      |20220520|20220520|0603|2022-05-31 16:05:57
464678|0000000772137535              |20220520|223216|006|676|1|30300131|130010008|130752716|1|20220520|222244|8002452|20220520|225255|8001117|1|0|0|      |20220520|20220520|0603|2022-05-31 16:05:57
464680|0000000613161525              |20220520|080221|008|676|1|30300069|130010001|130759411|1|20220520|072121|8007517|20220520|081503|8002951|1|0|0|      |20220520|20220520|0603|2022-05-31 16:05:57
464682|0000000765291303              |20220520|142658|008|676|0|30300041|130010012|130753334|4|20220520|133110|8002648|20220520|143203|8002994|1|750|0|      |20220520|20220520|0603|2022-05-31 16:05:57
464684|0000000774225231              |20220520|080959|015|675|1|30300049|130010004|130752233|1|20220520|063309|8001735|20220520|083340|8001355|1|0|0|      |20220520|20220520|0603|2022-05-31 16:05:57
464686|0000000677555468              |20220520|083107|003|675|1|30300079|130010009|130759175|1|20220520|061839|8002631|20220520|084105|8002724|1|0|0|      |20220520|20220520|0603|2022-05-31 16:05:57
464688|0000000611414208              |20220520|093933|020|680|1|30300052|130010002|130752337|1|20220520|085112|8001029|20220520|094932|8001492|1|0|0|      |20220520|20220520|0603|2022-05-31 16:05:57
464690|0000000748235217              |20220520|170810|014|675|1|30300080|130010009|130759153|1|20220520|162720|8002462|20220520|171542|8006007|1|0|0|      |20220520|20220520|0603|2022-05-31 16:05:57
464692|0000000755875680              |20220520|172439|028|676|1|30300051|130010008|130752115|1|20220520|151853|8001935|20220520|174542|8001028|1|0|0|      |20220520|20220520|0603|2022-05-31 16:05:57
464694|0000000637752744              |20220520|180005|006|676|1|30300051|130010008|130752102|1|20220520|172707|8001029|20220520|180948|8001492|1|0|0|      |20220520|20220520|0603|2022-05-31 16:05:57
465101|0000000744911059              |20220520|093608|007|675|0|30300080|130010009|130759172|1|20220520|084702|8002463|20220520|094644|8001099|1|1250|0|      |20220520|20220520|0603|2022-05-31 16:05:57
465103|0000000723796141              |20220520|094925|019|675|0|30300062|130010008|130752129|1|20220520|094146|8001325|20220520|100440|8001587|1|1250|0|      |20220520|20220520|0603|2022-05-31 16:05:57
465105|0000000741948880              |20220520|163717|026|675|0|30300076|130010014|130753510|1|20220520|141746|8001463|20220520|170102|8002816|1|1250|0|      |20220520|20220520|0603|2022-05-31 16:05:57
465107|0000000760407983              |20220520|172928|019|676|0|30300071|130010009|130759102|1|20220520|134534|8001660|20220520|173901|8001463|1|1250|0|      |20220520|20220520|0603|2022-05-31 16:05:57
465109|0000000637479356              |20220520|170556|010|676|0|30300071|130010009|130759135|1|20220520|125110|8001587|20220520|173022|8003017|1|1250|0|      |20220520|20220520|0603|2022-05-31 16:05:57
465111|0000000910721182              |20220520|183648|015|676|0|30300071|130010009|130759133|1|20220520|180429|8001409|20220520|185956|8001074|1|1250|0|      |20220520|20220520|0603|2022-05-31 16:05:57
465113|0000000918258666              |20220520|183838|015|676|0|30300043|130010015|130759607|1|20220520|182119|8001364|20220520|190040|8002887|1|1250|0|      |20220520|20220520|0603|2022-05-31 16:05:57
465115|0000000645599956              |20220520|121354|016|676|0|30300071|130010009|130759139|1|20220520|113444|8001543|20220520|124344|8001795|1|1250|0|      |20220520|20220520|0603|2022-05-31 16:05:57
465117|0000000673806855              |20220520|130258|005|675|0|30300078|130010008|130752165|1|20220520|124324|8002237|20220520|133712|8001627|1|1250|0|      |20220520|20220520|0603|2022-05-31 16:05:57
465119|0000000626607477              |20220520|103457|008|675|0|30300078|130010008|130752168|1|20220520|103233|8002464|20220520|110911|8002605|1|1250|0|      |20220520|20220520|0603|2022-05-31 16:05:57
465121|0000000644025559              |20220520|114219|018|681|0|30300042|130010009|130759136|1|20220520|112108|8001624|20220520|120120|8001056|1|1250|0|      |20220520|20220520|0603|2022-05-31 16:05:57
465123|0000000629515240              |20220520|153309|031|680|0|30300099|130010009|130759162|1|20220520|152527|8001336|20220520|154338|8005941|1|1250|0|      |20220520|20220520|0603|2022-05-31 16:05:57
465125|0000000776100238              |20220520|155355|026|680|0|30300027|130010006|130752075|1|20220520|153837|8002714|20220520|160849|8002829|1|1250|0|      |20220520|20220520|0603|2022-05-31 16:05:57
465127|0000000462209507              |20220520|160212|011|680|0|30300026|130010014|130753604|1|20220520|154554|8002714|20220520|161854|8002824|1|1250|0|      |20220520|20220520|0603|2022-05-31 16:05:57
465534|0000000757260624              |20220520|070758|004|676|0|30300089|130010011|130759574|1|20220520|054502|8002648|20220520|071529|8001876|1|1250|0|      |20220520|20220520|0603|2022-05-31 16:05:57
465536|0000000910548958              |20220520|073842|022|676|0|30300089|130010011|130759529|1|20220520|060910|8002537|20220520|074611|8005512|1|1250|0|      |20220520|20220520|0603|2022-05-31 16:05:57
465538|0000000669097352              |20220520|132136|012|676|0|30300087|130010008|130752123|1|20220520|064340|8001074|20220520|140715|8002139|1|1250|0|      |20220520|20220520|0603|2022-05-31 16:05:57
465540|0000000754027221              |20220520|075749|005|676|0|30300087|130010015|130759614|1|20220520|073144|8002093|20220520|082809|8002969|1|1250|0|      |20220520|20220520|0603|2022-05-31 16:05:57
465542|0000000762848448              |20220520|075238|020|676|0|30300087|130010008|130752150|1|20220520|074117|8002550|20220520|082747|8001378|1|1250|0|      |20220520|20220520|0603|2022-05-31 16:05:57
465544|0000000668795385              |20220520|084128|029|676|0|30300087|130010008|130752150|1|20220520|074117|8001576|20220520|084957|8003006|1|1250|0|      |20220520|20220520|0603|2022-05-31 16:05:57
465546|0000000715016987              |20220520|092346|019|676|0|30300087|130010015|130759641|1|20220520|091631|8002131|20220520|094003|8002258|1|1250|0|      |20220520|20220520|0603|2022-05-31 16:05:57
465548|0000000908346991              |20220520|091458|012|676|0|30300043|130010015|130759618|1|20220520|082941|8002636|20220520|094853|8005590|1|1250|0|      |20220520|20220520|0603|2022-05-31 16:05:57
465550|0000000719881011              |20220520|094058|008|676|0|30300043|130010015|130759607|1|20220520|090645|8001250|20220520|095132|8002729|1|1250|0|      |20220520|20220520|0603|2022-05-31 16:05:57
482274|0000000704764611              |20220520|183531|001|832|0|30300128|130710001|130759924|1|20220520|063253|3056003|20220520|185347|8007055|1|1700|300|      |20220520|20220520|0603|2022-05-31 16:05:57
482276|0000000766427218              |20220520|121310|025|832|0|30300128|130710001|130759910|1|20220520|061113|3056003|20220520|123112|8007055|1|1700|300|      |20220520|20220520|0603|2022-05-31 16:05:57
482278|0000000733172352              |20220520|194357|025|832|0|30300128|130710001|130759911|1|20220520|062233|3056003|20220520|195853|8007055|1|1700|300|      |20220520|20220520|0603|2022-05-31 16:05:57
482280|0000000741223840              |20220520|201101|008|832|0|30300128|130710001|130759914|1|20220520|063217|3056003|20220520|202931|8007055|1|1700|300|      |20220520|20220520|0603|2022-05-31 16:05:57
482282|0000000658415505              |20220520|201045|001|832|0|30300128|130710001|130759914|1|20220520|063217|3056003|20220520|202813|8007055|1|1700|300|      |20220520|20220520|0603|2022-05-31 16:05:57
482284|0000000637263634              |20220520|202430|021|832|0|30300128|130710001|130759912|1|20220520|062954|9007055|20220520|205954|8007296|1|1700|300|      |20220520|20220520|0603|2022-05-31 16:05:57
454966|0000000701777538              |20220520|173720|020|675|0|30300082|130010001|130759471|1|20220520|155820|8005925|20220520|174904|8001989|1|1250|0|      |20220520|20220520|0603|2022-05-31 16:05:57
454968|0000000712302446              |20220520|180354|020|675|0|30300065|130010004|130752268|1|20220520|142733|8002250|20220520|181402|8001876|1|1250|0|      |20220520|20220520|0603|2022-05-31 16:05:57
454970|0000000702717096              |20220520|180436|026|675|0|30300050|130010007|130759368|1|20220520|172739|8002940|20220520|182426|8002960|1|1250|0|      |20220520|20220520|0603|2022-05-31 16:05:57
454972|0000000774832403              |20220520|180451|001|675|0|30300055|130010014|130753234|1|20220520|172428|8002346|20220520|182944|8002631|1|1250|0|      |20220520|20220520|0603|2022-05-31 16:05:57
454974|0000000918339206              |20220520|182541|001|676|0|30300071|130010009|130759176|1|20220520|175918|8001160|20220520|183859|8001989|1|1250|0|      |20220520|20220520|0603|2022-05-31 16:05:57
454976|0000000759938885              |20220520|185743|001|675|0|30300061|130010015|130759648|1|20220520|174350|8001090|20220520|190506|8001348|1|1250|0|      |20220520|20220520|0603|2022-05-31 16:05:57
454978|0000000737263236              |20220520|190148|001|676|0|30300070|130010004|130752603|1|20220520|170919|8002824|20220520|191549|8001348|1|1250|0|      |20220520|20220520|0603|2022-05-31 16:05:57
454980|0000000906473499              |20220520|193959|001|680|0|30300052|130010002|130752322|1|20220520|192546|8005159|20220520|195105|8005053|1|1250|0|      |20220520|20220520|0603|2022-05-31 16:05:57
454982|0000000760773864              |20220520|212740|001|675|0|30300055|130010014|130753211|1|20220520|205321|8001547|20220520|214336|8002631|1|1250|0|      |20220520|20220520|0603|2022-05-31 16:05:57
454984|0000000668349192              |20220520|201920|006|675|0|30300075|130010005|130759211|1|20220520|185944|8002829|20220520|203440|8001348|1|1250|0|      |20220520|20220520|0603|2022-05-31 16:05:57
454986|0000000632616043              |20220520|110524|001|675|0|30300079|130010009|130759173|1|20220520|054000|8002040|20220520|111120|8002631|1|1250|0|      |20220520|20220520|0603|2022-05-31 16:05:57
454988|0000000912856839              |20220520|110129|001|675|0|30300065|130010004|130752267|1|20220520|104323|8002903|20220520|110843|8001876|1|1250|0|      |20220520|20220520|0603|2022-05-31 16:05:57
454990|0000000904734654              |20220520|111531|024|675|0|30300058|130010004|130752257|1|20220520|093941|8002947|20220520|112638|8001876|1|1250|0|      |20220520|20220520|0603|2022-05-31 16:05:57
454992|0000000702065780              |20220520|115007|025|676|0|30300036|130010012|130753302|1|20220520|113812|8002210|20220520|120440|8002960|1|1250|0|      |20220520|20220520|0603|2022-05-31 16:05:57
455399|0000000918098583              |20220520|171146|001|676|0|30300071|130010009|130759135|1|20220520|125110|8001542|20220520|172634|8002743|1|1250|0|      |20220520|20220520|0603|2022-05-31 16:05:57
455401|0000000918266687              |20220520|180753|010|676|0|30300070|130010004|130752604|1|20220520|172324|8001869|20220520|182309|8002983|1|1250|0|      |20220520|20220520|0603|2022-05-31 16:05:57
455403|0000000908017976              |20220520|182247|011|676|0|30300070|130010004|130752605|1|20220520|170306|8002796|20220520|183845|8002620|1|1250|0|      |20220520|20220520|0603|2022-05-31 16:05:57
455405|0000000743149232              |20220520|184518|001|676|0|30300071|130010009|130759174|1|20220520|173335|8002642|20220520|185006|8001464|1|1250|0|      |20220520|20220520|0603|2022-05-31 16:05:57
455407|0000000903887281              |20220520|183037|001|676|0|30300071|130010009|130759180|1|20220520|181149|8001113|20220520|185333|8006006|1|1250|0|      |20220520|20220520|0603|2022-05-31 16:05:57
455409|0000000759403860              |20220520|190037|001|676|0|30300070|130010004|130752210|1|20220520|143722|8001255|20220520|190551|8001135|1|1250|0|      |20220520|20220520|0603|2022-05-31 16:05:57
455411|0000000908818303              |20220520|193440|019|676|0|30300070|130010004|130752224|1|20220520|181445|8002796|20220520|193833|8001938|1|1250|0|      |20220520|20220520|0603|2022-05-31 16:05:57
455413|0000000725012200              |20220520|211242|003|676|0|30300070|130010004|130752265|1|20220520|140813|8001050|20220520|211815|8002796|1|1250|0|      |20220520|20220520|0603|2022-05-31 16:05:57
455415|0000000703641389              |20220520|210240|001|676|0|30300070|130010004|130752241|1|20220520|154553|8002620|20220520|211743|8002308|1|1250|0|      |20220520|20220520|0603|2022-05-31 16:05:57
455417|0000000908627573              |20220520|103613|001|676|0|30300070|130010004|130752605|1|20220520|095908|8001869|20220520|105401|8002729|1|1250|0|      |20220520|20220520|0603|2022-05-31 16:05:57
455419|0000000748220106              |20220520|112813|017|676|0|30300070|130010004|130752208|1|20220520|105503|8001869|20220520|113232|8001938|1|1250|0|      |20220520|20220520|0603|2022-05-31 16:05:57
455421|0000000774855920              |20220520|113048|001|676|0|30300070|130010004|130752210|1|20220520|111001|8001135|20220520|115604|8002620|1|1250|0|      |20220520|20220520|0603|2022-05-31 16:05:57
455423|0000000628107256              |20220520|165038|010|676|0|30300070|130010004|130752241|1|20220520|154553|8001050|20220520|170126|8001938|1|1250|0|      |20220520|20220520|0603|2022-05-31 16:05:57
457033|0000000774533055              |20220520|073148|015|675|1|30300060|130010014|130753504|1|20220520|064521|8006006|20220520|074727|8001052|1|0|0|      |20220520|20220520|0603|2022-05-31 16:05:57
457035|0000000720343248              |20220520|140322|018|675|0|30300047|130010001|130759430|4|20220520|132218|8005990|20220520|140701|8002412|1|750|0|      |20220520|20220520|0603|2022-05-31 16:05:57
457037|0000000903460695              |20220520|142055|008|675|1|30300075|130010005|130759221|1|20220520|132859|8005881|20220520|142641|8002286|1|0|0|      |20220520|20220520|0603|2022-05-31 16:05:57
457039|0000000645333967              |20220520|143039|030|675|1|30300077|130010006|130752018|1|20220520|134249|8002119|20220520|143346|8001709|1|0|0|      |20220520|20220520|0603|2022-05-31 16:05:57
505528|0000000735578396              |20220520|203207|011|676|0|30300054|130010007|130759378|1|20220520|201121|8002831|20220520|204135|8002453|1|1250|0|      |20220520|20220520|0603|2022-05-31 16:05:57
505530|0000000743513552              |20220520|211400|021|676|0|30300054|130010007|130759383|1|20220520|205311|8002831|20220520|212110|8002453|1|1250|0|      |20220520|20220520|0603|2022-05-31 16:05:57
505532|0000000631794959              |20220520|100542|008|675|0|30300058|130010004|130752202|1|20220520|100025|8001982|20220520|101626|8001516|1|1250|0|      |20220520|20220520|0603|2022-05-31 16:05:57
505534|0000000703591190              |20220520|111007|005|676|0|30300054|130010007|130759363|1|20220520|105114|8002831|20220520|112048|8002453|1|1250|0|      |20220520|20220520|0603|2022-05-31 16:05:57
505536|0000000777321167              |20220520|151712|017|676|0|30300054|130010007|130759340|1|20220520|145431|8002831|20220520|152906|8002453|1|1250|0|      |20220520|20220520|0603|2022-05-31 16:05:57
505538|0000000670609533              |20220520|155933|027|675|0|30300101|130010002|130752320|1|20220520|151415|8002831|20220520|161144|8002453|1|1250|0|      |20220520|20220520|0603|2022-05-31 16:05:57
505540|0000000673084320              |20220520|163706|029|675|0|30300101|130010002|130752326|1|20220520|155700|8002831|20220520|164830|8002453|1|1250|0|      |20220520|20220520|0603|2022-05-31 16:05:57
505542|0000000743453446              |20220520|055421|029|675|0|30300101|130010002|130752304|1|20220520|053601|8002831|20220520|060307|8002453|1|1250|0|      |20220520|20220520|0603|2022-05-31 16:05:57
505922|0000000785017001              |20220520|092125|009|676|0|30300068|130010006|130752009|1|20220520|085720|8002790|20220520|092317|8002779|1|1250|0|      |20220520|20220520|0603|2022-05-31 16:05:57
505924|0000000400203146              |20220520|092020|009|676|1|30300040|130010007|130759388|1|20220520|085430|8002425|20220520|092748|8002869|1|0|0|      |20220520|20220520|0603|2022-05-31 16:05:57
505926|0000000784985772              |20220520|165855|018|676|1|30300068|130010006|130752008|1|20220520|165124|8001534|20220520|173011|8002793|1|0|0|      |20220520|20220520|0603|2022-05-31 16:05:57
505928|0000000695901148              |20220520|180412|008|676|1|30300068|130010006|130752028|1|20220520|161747|8002231|20220520|180527|8002726|1|0|0|      |20220520|20220520|0603|2022-05-31 16:05:57
505930|0000000400134958              |20220520|180650|021|675|0|30300144|130010012|130753376|1|20220520|180547|8001936|20220520|181056|8001934|1|1250|0|      |20220520|20220520|0603|2022-05-31 16:05:57
505932|0000000793851526              |20220520|184012|001|675|0|30300067|130010001|130759481|1|20220520|174832|8002630|20220520|190753|8002964|1|1250|0|      |20220520|20220520|0603|2022-05-31 16:05:57
505934|0000000781813111              |20220520|192047|019|676|0|30300090|130010005|130759223|1|20220520|141254|8007553|20220520|195124|8001078|1|1250|0|      |20220520|20220520|0603|2022-05-31 16:05:57
505936|0000000790618642              |20220520|131613|012|678|0|30300074|130110001|130745028|1|20220517|143234|8001096|20220520|132900|8001870|1|1250|0|      |20220520|20220520|0603|2022-05-31 16:05:57
505938|0000001110057010              |20220520|134920|003|676|0|30300088|130010002|130752371|1|20220520|125610|8002955|20220520|135323|8002742|2|1600|0|      |20220520|20220520|0603|2022-05-31 16:05:57
505940|0000000693116974              |20220520|215454|031|675|1|30300055|130010014|130753250|1|20220520|193350|8001500|20220520|215515|8001033|1|0|0|      |20220520|20220520|0603|2022-05-31 16:05:57
505942|0000000697963713              |20220520|201503|001|675|0|30300067|130010001|130759707|1|20220520|192658|8002630|20220520|203144|8002964|1|1250|0|      |20220520|20220520|0603|2022-05-31 16:05:57
505944|0000000400171864              |20220520|095214|014|676|0|30300036|130010011|130759510|1|20220520|091037|8001054|20220520|101842|8001413|1|1250|0|      |20220520|20220520|0603|2022-05-31 16:05:57
505946|0000000691329730              |20220520|102427|013|675|0|30300064|130010015|130759683|1|20220520|091614|8007154|20220520|103226|8001405|1|1250|0|      |20220520|20220520|0603|2022-05-31 16:05:57
505948|0000000789010638              |20220520|111657|003|675|0|30300082|130010001|130759739|1|20220520|103758|8005561|20220520|113113|8001949|1|1250|0|      |20220520|20220520|0603|2022-05-31 16:05:57
506355|0000000273190534              |20220520|164645|002|675|1|30300082|130010001|130759776|4|20220520|155558|8005646|20220520|165351|8005923|1|0|0|      |20220520|20220520|0603|2022-05-31 16:05:57
506357|0000000525689537              |20220520|163028|016|676|1|30300040|130010007|130759365|4|20220520|160844|8001054|20220520|164532|8002759|1|0|0|      |20220520|20220520|0603|2022-05-31 16:05:57
506359|0000000516594596              |20220520|170648|007|676|1|30300040|130010013|130759815|4|20220520|143725|8001062|20220520|172058|8002997|1|0|0|      |20220520|20220520|0603|2022-05-31 16:05:57
506361|0000000095851027              |20220520|172822|012|675|1|30300082|130010001|130759413|4|20220520|163719|8002925|20220520|175337|8001572|1|0|0|      |20220520|20220520|0603|2022-05-31 16:05:57
506363|0000000265213771              |20220520|175159|022|676|1|30300040|130010007|130759388|4|20220520|164616|8001380|20220520|181725|8001192|1|0|0|      |20220520|20220520|0603|2022-05-31 16:05:57
506365|0000000535772911              |20220520|183236|026|676|2|30300040|130010007|130759367|4|20220520|162943|8001085|20220520|185005|8002954|1|0|0|      |20220520|20220520|0603|2022-05-31 16:05:57
506367|0000000303145188              |20220520|222456|009|675|1|30300082|130010001|130759743|2|20220520|202950|8001275|20220520|223619|8001928|1|0|0|      |20220520|20220520|0603|2022-05-31 16:05:57
506369|0000000533476583              |20220520|074429|027|675|1|30300079|130010009|130759171|4|20220520|065843|8001539|20220520|075721|8002119|1|0|0|      |20220520|20220520|0603|2022-05-31 16:05:57
506371|0000000517696560              |20220520|072419|004|675|1|30300079|130010009|130759118|4|20220520|070418|8001199|20220520|074038|8001538|1|0|0|      |20220520|20220520|0603|2022-05-31 16:05:57
506373|0000000548160250              |20220520|081314|002|675|1|30300079|130010009|130759138|4|20220520|060344|8001653|20220520|081932|8001538|1|0|0|      |20220520|20220520|0603|2022-05-31 16:05:57
506375|0000000505984006              |20220520|081224|006|675|1|30300079|130010009|130759120|4|20220520|064358|8001199|20220520|083049|8001538|1|0|0|      |20220520|20220520|0603|2022-05-31 16:05:57
506377|0000000533447956              |20220520|094433|001|675|1|30300079|130010009|130759118|4|20220520|083819|8001539|20220520|095011|8001855|1|0|0|      |20220520|20220520|0603|2022-05-31 16:05:57
506379|0000000549155975              |20220520|121927|020|676|1|30300087|130010008|130752159|4|20220520|112642|8001576|20220520|122440|8002235|1|0|0|      |20220520|20220520|0603|2022-05-31 16:05:57
506408|0000000536030190              |20220520|165257|017|675|1|30300079|130010009|130759110|4|20220520|144305|8002628|20220520|171322|8002314|1|0|0|      |20220520|20220520|0603|2022-05-31 16:05:57
506410|0000000543656191              |20220520|164604|010|676|2|30300070|130010004|130752606|4|20220520|152735|8001051|20220520|171657|8003101|1|0|0|      |20220520|20220520|0603|2022-05-31 16:05:57
499664|0000000764971856              |20220520|162213|003|675|0|30300055|130010014|130753238|1|20220520|141343|8001927|~       |      |~      |1|1250|0|      |20220520|~       |0603|2022-05-31 16:05:57
499666|0000000761873265              |20220520|163857|017|673|0|30300004|130510004|130751104|1|20220520|055810|8002050|~       |      |~      |1|1100|0|      |20220520|~       |0603|2022-05-31 16:05:57
499668|0000000776733685              |20220520|071838|025|676|0|30300088|130010006|130752001|1|20220520|065722|8002050|~       |      |~      |1|1250|0|      |20220520|~       |0603|2022-05-31 16:05:57
499670|0000000667746132              |20220520|071841|015|676|0|30300088|130010006|130752001|1|20220520|065722|8002050|~       |      |~      |1|1250|0|      |20220520|~       |0603|2022-05-31 16:05:57
499672|0000000908424387              |20220520|075453|018|673|0|30300004|130510004|130751009|1|20220520|054854|8002050|~       |      |~      |1|1100|0|      |20220520|~       |0603|2022-05-31 16:05:57
499674|0000000771676101              |20220520|134603|014|675|0|30300066|130010015|130759605|1|20220520|061651|8001927|~       |      |~      |1|1250|0|      |20220520|~       |0603|2022-05-31 16:05:57
499676|0000000743190764              |20220520|083319|031|676|1|30300051|130010008|130752109|1|20220520|073710|8001927|~       |      |~      |1|0|0|      |20220520|~       |0603|2022-05-31 16:05:57
499678|0000000761316721              |20220520|084444|028|675|1|30300077|130010006|130759022|1|20220520|051616|8001927|~       |      |~      |1|0|0|      |20220520|~       |0603|2022-05-31 16:05:57
499680|0000000906112441              |20220520|173401|001|675|1|30300049|130010004|130752285|1|20220520|161916|8001927|~       |      |~      |1|0|0|      |20220520|~       |0603|2022-05-31 16:05:57
500138|0000000746215958              |20220520|083449|017|676|0|30300093|130010004|130752219|1|20220520|083011|8001794|~       |      |~      |1|1250|0|      |20220520|~       |0603|2022-05-31 16:05:57
500140|0000000607372199              |20220520|093335|014|673|0|30300004|130510004|130751007|1|20220520|050600|8001794|~       |      |~      |1|1100|0|      |20220520|~       |0603|2022-05-31 16:05:57
500142|0000000725444567              |20220520|171630|021|675|0|30300058|130010004|130752200|1|20220520|162356|8001935|~       |      |~      |1|1250|0|      |20220520|~       |0603|2022-05-31 16:05:57
500144|0000000910688413              |20220520|172427|019|676|1|30300093|130010004|130752230|1|20220520|171648|8001794|~       |      |~      |1|0|0|      |20220520|~       |0603|2022-05-31 16:05:57
500146|0000000717472606              |20220520|182617|005|675|0|30300077|130010006|130759015|1|20220520|174000|8001935|~       |      |~      |1|1250|0|      |20220520|~       |0603|2022-05-31 16:05:57
500148|0000000726986477              |20220520|183100|010|676|0|30300093|130010004|130752262|1|20220520|154139|8001794|~       |      |~      |1|1250|0|      |20220520|~       |0603|2022-05-31 16:05:57
500150|0000000700177730              |20220520|190317|021|676|0|30300051|130010008|130752153|1|20220520|182326|8001935|~       |      |~      |1|1250|0|      |20220520|~       |0603|2022-05-31 16:05:57
500152|0000000753178247              |20220520|192140|011|676|0|30300130|130010008|130752720|1|20220520|183345|8001935|~       |      |~      |1|1250|0|      |20220520|~       |0603|2022-05-31 16:05:57
500154|0000000760357680              |20220520|123642|019|676|0|30300051|130010008|130752102|1|20220520|120651|8001935|~       |      |~      |1|1250|0|      |20220520|~       |0603|2022-05-31 16:05:57
500156|0000000765829926              |20220520|130201|022|673|0|30300004|130510004|130751009|1|20220520|054854|8001794|~       |      |~      |1|1100|0|      |20220520|~       |0603|2022-05-31 16:05:57
500158|0000000741392807              |20220520|215636|014|675|0|30300077|130010006|130752070|1|20220520|212455|8001935|~       |      |~      |1|1250|0|      |20220520|~       |0603|2022-05-31 16:05:57
501353|0000000400205219              |20220520|124835|023|675|0|30300066|130010015|130759675|1|20220520|115330|8001855|20220520|125645|8001828|1|1250|0|      |20220520|20220520|0603|2022-05-31 16:05:57
501355|0000000791269938              |20220520|195822|030|673|0|30300001|130510004|130751005|1|20220520|055849|8005663|20220520|201219|8001590|1|1100|0|      |20220520|20220520|0603|2022-05-31 16:05:57
501357|0000000690700533              |20220520|104634|006|676|0|30300089|130010011|130759574|1|20220520|102312|8002138|20220520|105218|8001631|1|1250|0|      |20220520|20220520|0603|2022-05-31 16:05:57
501359|0000000788566810              |20220520|110755|002|678|0|30300074|130010014|130753264|1|20220520|104445|8001802|20220520|111203|8001535|1|1250|0|      |20220520|20220520|0603|2022-05-31 16:05:57
501361|0000000788668379              |20220520|110347|022|680|0|30300013|130010015|130759639|1|20220520|102801|8001847|20220520|111444|8005641|1|1250|0|      |20220520|20220520|0603|2022-05-31 16:05:57
501363|0000000400151350              |20220520|112547|020|675|1|30300060|130010014|130753504|1|20220520|104135|8006006|20220520|114216|8001050|1|0|0|      |20220520|20220520|0603|2022-05-31 16:05:57
501365|0000000186946279              |20220520|145237|004|674|1|30300104|130010002|130752343|1|20220520|145129|8002558|20220520|152849|8001083|1|0|0|      |20220520|20220520|0603|2022-05-31 16:05:57
501367|0000000400163417              |20220520|160032|027|675|0|30300062|130010008|130752133|1|20220520|151314|8001855|20220520|160749|8001828|1|1250|0|      |20220520|20220520|0603|2022-05-31 16:05:57
501369|0000000400166408              |20220520|154628|015|676|0|30300072|130010001|130759434|1|20220520|145005|8001421|20220520|155233|8002344|1|1250|0|      |20220520|20220520|0603|2022-05-31 16:05:57
501371|0000000487459951              |20220520|165917|019|675|0|30300066|130010015|130759682|1|20220520|151210|8002733|20220520|170604|8002252|1|1250|0|      |20220520|20220520|0603|2022-05-31 16:05:57
501373|0000000785531610              |20220520|160644|025|680|1|30300052|130010002|130752323|1|20220520|150752|8001492|20220520|161253|8001940|1|0|0|      |20220520|20220520|0603|2022-05-31 16:05:57
501375|0000000793852150              |20220520|172001|021|675|0|30300145|130010014|130753601|1|20220520|165736|8002963|20220520|172641|8002740|1|1250|0|      |20220520|20220520|0603|2022-05-31 16:05:57
501377|0000000476696456              |20220520|072333|028|675|0|30300091|130010013|130759819|1|20220520|064038|8002616|20220520|074256|8001419|1|1250|0|      |20220520|20220520|0603|2022-05-31 16:05:57
501784|0000000788947493              |20220520|162812|027|675|0|30300066|130010015|130759687|4|20220520|160124|8001792|20220520|164324|8001929|1|750|0|      |20220520|20220520|0603|2022-05-31 16:05:57
501786|0000001110459365              |20220520|163144|028|675|0|30300046|130010002|130752379|4|20220520|161336|8001373|20220520|164756|8070011|1|750|0|      |20220520|20220520|0603|2022-05-31 16:05:57
501788|0000000694508392              |20220520|225537|018|676|0|30300037|130010006|130752035|1|20220520|202736|8002961|20220520|231032|9002077|1|1250|0|      |20220520|20220520|0603|2022-05-31 16:05:57
501790|0000000398959991              |20220520|060235|016|675|0|30300079|130010009|130759173|1|20220520|054000|8001653|20220520|061555|8002801|1|1250|0|      |20220520|20220520|0603|2022-05-31 16:05:57
496244|0000000749874694              |20220520|151410|028|675|0|30300080|130010009|130759137|1|20220520|140947|8002361|20220520|153504|8001420|1|1250|0|      |20220520|20220520|0603|2022-05-31 16:05:57
496246|0000000764225543              |20220520|091626|024|675|0|30300080|130010009|130759154|1|20220520|060046|8002361|20220520|093257|8001420|1|1250|0|      |20220520|20220520|0603|2022-05-31 16:05:57
496248|0000000661868423              |20220520|093216|008|675|0|30300080|130010009|130759160|1|20220520|075029|8002361|20220520|094421|8001420|1|1250|0|      |20220520|20220520|0603|2022-05-31 16:05:57
496250|0000000725607021              |20220520|095154|001|675|0|30300080|130010009|130759172|1|20220520|084702|8002361|20220520|101028|8001420|1|1250|0|      |20220520|20220520|0603|2022-05-31 16:05:57
496252|0000000917928178              |20220520|172202|030|675|0|30300053|130010002|130752513|1|20220520|164354|8002118|20220520|174813|8002453|1|1250|0|      |20220520|20220520|0603|2022-05-31 16:05:57
496254|0000000709985548              |20220520|173149|010|676|0|30300089|130010011|130759536|1|20220520|164508|8002556|20220520|175210|8002208|1|1250|0|      |20220520|20220520|0603|2022-05-31 16:05:57
496256|0000000742312493              |20220520|175649|026|675|0|30300055|130010014|130753228|1|20220520|134933|8001203|20220520|181952|8002485|1|1250|0|      |20220520|20220520|0603|2022-05-31 16:05:57
496258|0000000701868141              |20220520|180650|017|675|0|30300055|130010014|130753250|1|20220520|153413|8001203|20220520|182746|8002485|1|1250|0|      |20220520|20220520|0603|2022-05-31 16:05:57
496260|0000000741386443              |20220520|184455|024|675|0|30300047|130010001|130759718|1|20220520|180350|8070011|20220520|190322|8070027|1|1250|0|      |20220520|20220520|0603|2022-05-31 16:05:57
496262|0000000732269946              |20220520|124758|027|675|0|30300080|130010009|130759154|1|20220520|060046|8002361|20220520|130135|8001420|1|1250|0|      |20220520|20220520|0603|2022-05-31 16:05:57
496264|0000000903914176              |20220520|210119|008|676|0|30300073|130010009|130759116|1|20220520|203957|8001417|20220520|212308|8001232|1|1250|0|      |20220520|20220520|0603|2022-05-31 16:05:57
496266|0000000634705666              |20220520|195757|005|675|0|30300047|130010001|130759732|1|20220520|182218|8005992|20220520|201118|8001009|1|1250|0|      |20220520|20220520|0603|2022-05-31 16:05:57
496268|0000000732057354              |20220520|201532|002|675|0|30300047|130010001|130759702|1|20220520|195749|8005992|20220520|202858|8001009|1|1250|0|      |20220520|20220520|0603|2022-05-31 16:05:57
496270|0000000742641530              |20220520|203405|023|675|0|30300077|130010006|130752013|1|20220520|202634|8001784|20220520|205556|8001927|1|1250|0|      |20220520|20220520|0603|2022-05-31 16:05:57
496680|0000000743444329              |20220520|191229|015|673|0|30300004|130510004|130751104|1|20220520|055810|8005846|~       |      |~      |1|1100|0|      |20220520|~       |0603|2022-05-31 16:05:57
496682|0000000761491317              |20220520|192954|030|673|0|30300004|130510004|130751007|1|20220520|050600|8001783|~       |      |~      |1|1100|0|      |20220520|~       |0603|2022-05-31 16:05:57
496684|0000000900997585              |20220520|125042|007|676|0|30300051|130010008|130752101|1|20220520|114415|8001217|~       |      |~      |1|1250|0|      |20220520|~       |0603|2022-05-31 16:05:57
496686|0000000763759644              |20220520|130506|001|680|0|30300021|130010002|130752554|1|20220520|061433|8002675|~       |      |~      |1|1250|0|      |20220520|~       |0603|2022-05-31 16:05:57
496688|0000000731499188              |20220520|215243|003|675|0|30300059|130010004|130752274|1|20220520|213052|8001355|~       |      |~      |1|1250|0|      |20220520|~       |0603|2022-05-31 16:05:57
496690|0000000733648279              |20220520|194935|011|675|1|30300059|130010004|130752274|1|20220520|191209|8001850|~       |      |~      |1|0|0|      |20220520|~       |0603|2022-05-31 16:05:57
496692|0000000761666258              |20220520|202328|004|675|0|30300059|130010004|130752246|1|20220520|133352|8002033|~       |      |~      |1|1250|0|      |20220520|~       |0603|2022-05-31 16:05:57
496694|0000000665487048              |20220520|101830|006|680|0|30300005|130010002|130752552|1|20220520|075909|8005929|~       |      |~      |1|1250|0|      |20220520|~       |0603|2022-05-31 16:05:57
496696|0000000903057347              |20220520|104049|024|680|0|30300011|130010002|130752559|1|20220520|100642|8003036|~       |      |~      |1|1250|0|      |20220520|~       |0603|2022-05-31 16:05:57
496698|0000000772293162              |20220520|155728|012|680|0|30300010|130010002|130752560|1|20220520|145441|8003035|~       |      |~      |2|2500|0|      |20220520|~       |0603|2022-05-31 16:05:57
496700|0000000739832670              |20220520|162303|013|680|0|30300007|130010002|130752390|1|20220520|161224|8002521|~       |      |~      |1|1250|0|      |20220520|~       |0603|2022-05-31 16:05:57
496702|0000000726109581              |20220520|163129|009|674|0|30300100|130010002|130752509|1|20220520|154148|8002677|~       |      |~      |1|1250|0|      |20220520|~       |0603|2022-05-31 16:05:57
496704|0000000717816384              |20220520|171847|004|680|0|30300008|130010002|130752388|1|20220520|160036|8002178|~       |      |~      |1|1250|0|      |20220520|~       |0603|2022-05-31 16:05:57
496706|0000000738427070              |20220520|071005|021|675|0|30300094|130010014|130753610|4|20220520|065509|8002555|~       |      |~      |1|750|0|      |20220520|~       |0603|2022-05-31 16:05:57
496708|0000000638843778              |20220520|075029|028|673|0|30300004|130510004|130751104|1|20220520|055810|8005656|~       |      |~      |1|1100|0|      |20220520|~       |0603|2022-05-31 16:05:57
497110|0000000783226809              |20220520|182936|001|675|0|30300055|130010014|130753204|1|20220520|171835|8001032|20220520|183855|8001553|1|1250|0|      |20220520|20220520|0603|2022-05-31 16:05:57
497112|0000000697845791              |20220520|190522|001|676|0|30300054|130010007|130759387|1|20220520|180930|8002453|20220520|190842|8002556|1|1250|0|      |20220520|20220520|0603|2022-05-31 16:05:57
497114|0000000691737637              |20220520|191902|001|676|0|30300054|130010007|130759376|1|20220520|182138|8001260|20220520|192829|8001707|1|1250|0|      |20220520|20220520|0603|2022-05-31 16:05:57
497116|0000000697233633              |20220520|115344|001|676|0|30300089|130010011|130759575|1|20220520|105916|8002531|20220520|121215|8001568|1|1250|0|      |20220520|20220520|0603|2022-05-31 16:05:57
497118|0000000786649179              |20220520|125124|001|675|0|30300055|130010014|130753205|1|20220520|062405|8001554|20220520|131117|8002339|1|1250|0|      |20220520|20220520|0603|2022-05-31 16:05:57
497120|0000000789444092              |20220520|130509|001|676|0|30300087|130010015|130759633|1|20220520|130039|8002131|20220520|134931|8006006|1|1250|0|      |20220520|20220520|0603|2022-05-31 16:05:57
497122|0000001118300678              |20220520|203814|001|676|0|30300089|130010011|130759536|1|20220520|192109|8007549|20220520|204803|8002468|1|1250|0|      |20220520|20220520|0603|2022-05-31 16:05:57
497124|0000001110607594              |20220520|101851|001|675|0|30300055|130010014|130753204|1|20220520|095427|8001927|20220520|102509|8002602|1|1250|0|      |20220520|20220520|0603|2022-05-31 16:05:57
488644|0000001118256653              |20220520|101231|001|674|1|30300002|130010007|130759333|1|20220520|095112|8002437|20220520|102234|8001097|1|0|0|      |20220520|20220520|0603|2022-05-31 16:06:04
488646|0000000695389953              |20220520|152146|021|674|0|30300002|130010007|130759314|1|20220520|145853|8002437|20220520|153356|8001097|1|1250|0|      |20220520|20220520|0603|2022-05-31 16:06:04
488648|0000000693159523              |20220520|224629|014|674|0|30300002|130010007|130759307|1|20220520|222937|8002437|20220520|225828|8001097|1|1250|0|      |20220520|20220520|0603|2022-05-31 16:06:04
488650|0000001118266335              |20220520|074804|006|674|0|30300002|130010007|130759312|1|20220520|072941|8002437|20220520|080006|8001097|1|1250|0|      |20220520|20220520|0603|2022-05-31 16:06:04
488652|0000000695584515              |20220520|133930|002|832|0|30300128|130710001|130759918|1|20220520|070938|8007053|20220520|135934|8007055|1|1700|300|      |20220520|20220520|0603|2022-05-31 16:06:04
488654|0000000784332548              |20220520|133941|004|832|0|30300128|130710001|130759918|1|20220520|070938|8007053|20220520|135947|8007055|1|1700|300|      |20220520|20220520|0603|2022-05-31 16:06:04
488656|0000000694468179              |20220520|133951|008|832|0|30300128|130710001|130759918|1|20220520|070938|8007053|20220520|140014|8007055|1|1700|300|      |20220520|20220520|0603|2022-05-31 16:06:04
489063|0000000788783059              |20220520|132942|002|675|0|30300047|130010001|130759436|1|20220520|131812|8002411|20220520|133329|8005993|1|1250|0|      |20220520|20220520|0603|2022-05-31 16:06:04
489065|0000000793333010              |20220520|200614|016|675|1|30300047|130010001|130759702|1|20220520|195749|8002411|20220520|200933|8005993|1|0|0|      |20220520|20220520|0603|2022-05-31 16:06:04
489067|0000000400202146              |20220520|204422|002|676|1|30300041|130010012|130753306|1|20220520|174054|8002411|20220520|204828|8005993|1|0|0|      |20220520|20220520|0603|2022-05-31 16:06:04
489069|0000000400125931              |20220520|105617|022|675|0|30300047|130010001|130759415|1|20220520|103948|8002411|20220520|105905|8005993|1|1250|0|      |20220520|20220520|0603|2022-05-31 16:06:04
489071|0000000487364998              |20220520|160247|008|676|1|30300041|130010012|130753380|1|20220520|145149|8002411|20220520|160825|8005993|1|0|0|      |20220520|20220520|0603|2022-05-31 16:06:04
489073|0000000793390379              |20220520|164756|019|676|1|30300090|130010005|130759225|1|20220520|153954|8002411|20220520|165039|8005993|1|0|0|      |20220520|20220520|0603|2022-05-31 16:06:04
489075|0000000782339799              |20220520|224425|002|675|1|30300047|130010001|130759702|1|20220520|223512|8002411|20220520|225046|8005993|1|0|0|      |20220520|20220520|0603|2022-05-31 16:06:04
489077|0000000400170371              |20220520|135359|025|676|0|30300090|130010005|130759201|1|20220520|123335|8002411|20220520|135659|8005993|1|1250|0|      |20220520|20220520|0603|2022-05-31 16:06:04
489079|0000000789691444              |20220520|140511|002|676|0|30300041|130010012|130753377|1|20220520|135651|8005991|20220520|141751|8002412|1|1250|0|      |20220520|20220520|0603|2022-05-31 16:06:04
489081|0000000692057697              |20220520|134348|011|676|0|30300041|130010012|130753304|1|20220520|133956|8005991|20220520|135352|8002412|1|1250|0|      |20220520|20220520|0603|2022-05-31 16:06:04
489083|0000000693602935              |20220520|090543|014|677|0|30300035|130010009|130759119|1|20220520|072922|8005237|20220520|090914|8005289|1|1250|150|      |20220520|20220520|0603|2022-05-31 16:06:04
489085|0000000784714693              |20220520|172515|005|675|0|30300047|130010001|130759408|1|20220520|164404|8005991|20220520|173634|8002412|1|1250|0|      |20220520|20220520|0603|2022-05-31 16:06:04
489087|0000000681472170              |20220520|164920|010|832|0|30300128|130710001|130759930|1|20220520|053540|8007294|20220520|172653|8001420|1|1700|300|      |20220520|20220520|0603|2022-05-31 16:06:04
489089|0000001118405401              |20220520|181504|016|676|0|30300041|130010012|130753309|1|20220520|180824|8005991|20220520|182726|8002412|1|1250|0|      |20220520|20220520|0603|2022-05-31 16:06:04
489512|0000000709286767              |20220520|201535|009|675|0|30300058|130010004|130752252|1|20220520|192802|8001418|~       |      |~      |1|1250|0|      |20220520|~       |0603|2022-05-31 16:06:04
489514|0000000778629660              |20220520|210104|001|676|0|30300093|130010004|130752272|1|20220520|121558|8001418|~       |      |~      |1|1250|0|      |20220520|~       |0603|2022-05-31 16:06:04
489516|0000000669163110              |20220520|104515|001|676|0|30300089|130010011|130759573|1|20220520|103831|8001418|~       |      |~      |1|1250|0|      |20220520|~       |0603|2022-05-31 16:06:04
489518|0000000725349160              |20220520|115721|001|675|0|30300058|130010004|130752220|1|20220520|061315|8001418|~       |      |~      |1|1250|0|      |20220520|~       |0603|2022-05-31 16:06:04
489520|0000000778032503              |20220520|153210|001|676|0|30300089|130010011|130759573|1|20220520|151407|8001418|~       |      |~      |1|1250|0|      |20220520|~       |0603|2022-05-31 16:06:04
489522|0000000649815613              |20220520|154813|001|676|0|30300089|130010011|130759504|1|20220520|133756|8001418|~       |      |~      |1|1250|0|      |20220520|~       |0603|2022-05-31 16:06:04
489524|0000000721170326              |20220520|163908|001|675|0|30300058|130010004|130752247|1|20220520|154414|8001418|~       |      |~      |1|1250|0|      |20220520|~       |0603|2022-05-31 16:06:04
489526|0000000702721076              |20220520|163719|001|676|0|30300093|130010004|130752272|1|20220520|121558|8001418|~       |      |~      |1|1250|0|      |20220520|~       |0603|2022-05-31 16:06:04
489528|0000000739637765              |20220520|170332|008|676|0|30300089|130010011|130759577|1|20220520|144241|8001418|~       |      |~      |1|1250|0|      |20220520|~       |0603|2022-05-31 16:06:04
489530|0000000719134065              |20220520|231718|001|676|0|30300051|130010008|130752130|1|20220520|222844|8001418|~       |      |~      |1|1250|0|      |20220520|~       |0603|2022-05-31 16:06:04
489532|0000000761196554              |20220520|070435|002|676|0|30300051|130010008|130752134|1|20220520|061037|8001418|~       |      |~      |1|1250|0|      |20220520|~       |0603|2022-05-31 16:06:04
489534|0000000636207665              |20220520|135210|013|674|0|30300002|130010007|130759331|1|20220520|113821|8001097|~       |      |~      |1|1250|0|      |20220520|~       |0603|2022-05-31 16:06:04
489536|0000000903174406              |20220520|150133|001|674|0|30300002|130010007|130759311|1|20220520|143156|8001097|~       |      |~      |1|1250|0|      |20220520|~       |0603|2022-05-31 16:06:04
489538|0000000627726378              |20220520|101614|007|675|0|30300077|130010006|130752054|1|20220520|091906|8001418|~       |      |~      |1|1250|0|      |20220520|~       |0603|2022-05-31 16:06:04
489540|0000000759738340              |20220520|183353|021|675|0|30300080|130010009|130759145|1|20220520|181230|8001097|~       |      |~      |1|1250|0|      |20220520|~       |0603|2022-05-31 16:06:04
489994|0000000715467739              |20220520|201101|001|674|0|30300002|130010007|130759323|1|20220520|200648|8001963|~       |      |~      |1|1250|0|      |20220520|~       |0603|2022-05-31 16:06:04
532224|0000000662350908              |20220520|200623|011|675|0|30300077|130010006|130752018|1|20220520|180429|8001876|20220520|201504|8002605|1|1250|0|      |20220520|20220520|0603|2022-05-31 16:06:16
532226|0000000752254679              |20220520|103447|022|675|0|30300056|130010012|130753371|1|20220520|100411|8007482|20220520|110346|8001707|1|1250|0|      |20220520|20220520|0603|2022-05-31 16:06:16
532228|0000000903220773              |20220520|105257|019|675|0|30300065|130010004|130752281|1|20220520|102303|8002151|20220520|112324|8003012|1|1250|0|      |20220520|20220520|0603|2022-05-31 16:06:16
532230|0000000725786307              |20220520|154511|018|675|0|30300149|130810001|130753620|1|20220520|151049|8007528|20220520|155911|8002411|1|1250|0|      |20220520|20220520|0603|2022-05-31 16:06:16
532475|0000000539968815              |20220520|144515|028|676|0|30300089|130010011|130759504|1|20220520|133756|8007549|20220520|145522|8002468|1|1250|0|      |20220520|20220520|0603|2022-05-31 16:06:16
532477|0000000530619525              |20220520|161654|006|675|0|30300049|130010004|130752276|4|20220520|155210|8005904|20220520|162415|8005928|1|750|0|      |20220520|20220520|0603|2022-05-31 16:06:16
532479|0000000535892458              |20220520|183320|008|676|0|30300041|130010012|130753309|4|20220520|180824|8002984|20220520|184653|8001061|1|750|0|      |20220520|20220520|0603|2022-05-31 16:06:16
532481|0000000519525263              |20220520|190215|015|676|0|30300130|130010008|130752146|1|20220520|183720|8002733|20220520|191126|8002635|1|1250|0|      |20220520|20220520|0603|2022-05-31 16:06:16
532483|0000000131083502              |20220520|194716|004|675|0|30300075|130010005|130759203|1|20220520|191755|8001096|20220520|195137|8001994|1|1250|0|      |20220520|20220520|0603|2022-05-31 16:06:16
532485|0000000540832933              |20220520|165545|004|676|1|30300054|130010007|130759386|4|20220520|161818|8001922|20220520|165804|8001922|1|100|0|      |20220520|20220520|0603|2022-05-31 16:06:16
532487|0000000530398391              |20220520|175425|030|676|0|30300041|130010012|130753377|4|20220520|135651|8002412|20220520|180448|8002538|1|750|0|      |20220520|20220520|0603|2022-05-31 16:06:16
532489|0000000162497172              |20220520|055122|010|675|0|30300053|130010002|130752376|1|20220520|053305|8002965|20220520|060006|8001028|1|1250|0|      |20220520|20220520|0603|2022-05-31 16:06:16
532491|0000000522436840              |20220520|074040|012|675|0|30300064|130010015|130759686|1|20220520|060617|8002690|20220520|075317|8001832|1|1250|0|      |20220520|20220520|0603|2022-05-31 16:06:16
532493|0000000171826138              |20220520|090103|009|675|0|30300048|130010006|130752061|1|20220520|080914|8001590|20220520|091111|8001054|1|1250|0|      |20220520|20220520|0603|2022-05-31 16:06:16
532495|0000000131043385              |20220520|082455|013|675|0|30300075|130010005|130759222|1|20220520|074304|8001994|20220520|082919|8001421|1|1250|0|      |20220520|20220520|0603|2022-05-31 16:06:16
532497|0000000302239418              |20220520|083158|001|676|0|30300073|130010009|130759177|1|20220520|081204|8001417|20220520|084917|8002100|1|1250|0|      |20220520|20220520|0603|2022-05-31 16:06:16
532499|0000000312470294              |20220520|090027|003|676|0|30300054|130010007|130759352|1|20220520|084642|8002708|20220520|093510|8001567|1|1250|0|      |20220520|20220520|0603|2022-05-31 16:06:16
532771|0000000301528636              |20220520|132725|026|676|0|30300093|130010004|130752223|1|20220520|123940|8005960|20220520|134713|8001876|1|1250|0|      |20220520|20220520|0603|2022-05-31 16:06:16
532773|0000000319808762              |20220520|134340|008|675|0|30300062|130010008|130752704|1|20220520|132236|8002794|20220520|140706|8001567|1|1250|0|      |20220520|20220520|0603|2022-05-31 16:06:16
532775|0000000171918413              |20220520|143504|013|676|0|30300087|130010015|130759641|1|20220520|133702|8002159|20220520|144743|8002276|1|1250|0|      |20220520|20220520|0603|2022-05-31 16:06:16
532777|0000000534755590              |20220520|153904|005|675|0|30300144|130010012|130753381|1|20220520|132244|8002437|20220520|154732|8001090|1|1250|0|      |20220520|20220520|0603|2022-05-31 16:06:16
532779|0000000531270529              |20220520|145303|029|676|0|30300089|130010011|130759517|1|20220520|131821|8001479|20220520|145850|8002134|1|1250|0|      |20220520|20220520|0603|2022-05-31 16:06:16
532781|0000000548151840              |20220520|153332|008|676|0|30300054|130010007|130759341|4|20220520|150026|8001645|20220520|154228|8002453|1|750|0|      |20220520|20220520|0603|2022-05-31 16:06:16
532783|0000000513779555              |20220520|214642|029|674|0|30300002|130010007|130759304|1|20220520|212710|8001418|20220520|215126|8001996|1|1250|0|      |20220520|20220520|0603|2022-05-31 16:06:16
532785|0000000296797878              |20220520|194219|013|676|0|30300040|130010007|130759388|1|20220520|184755|8001086|20220520|195008|8001097|1|1250|0|      |20220520|20220520|0603|2022-05-31 16:06:16
532787|0000000541481319              |20220520|161703|003|676|0|30300041|130010012|130753304|1|20220520|141427|8005921|20220520|163732|9001641|1|1250|0|      |20220520|20220520|0603|2022-05-31 16:06:16
532789|0000000540555460              |20220520|163210|010|675|0|30300067|130010001|130759473|4|20220520|162829|8001922|20220520|170230|8002650|1|750|0|      |20220520|20220520|0603|2022-05-31 16:06:16
532791|0000000527410665              |20220520|172204|011|675|0|30300067|130010001|130759731|4|20220520|142503|8005875|20220520|173329|8001832|1|750|0|      |20220520|20220520|0603|2022-05-31 16:06:16
532793|0000000297215038              |20220520|180037|009|676|0|30300037|130010006|130752050|1|20220520|174600|8002340|20220520|181125|8001534|1|1250|0|      |20220520|20220520|0603|2022-05-31 16:06:16
532795|0000000311198610              |20220520|182509|006|675|0|30300048|130010006|130752060|4|20220520|175616|8002053|20220520|183558|8002376|1|750|0|      |20220520|20220520|0603|2022-05-31 16:06:16
532797|0000000509135151              |20220520|225457|002|676|0|30300131|130010008|130752723|1|20220520|221917|8002814|20220520|225643|8002559|1|1250|0|      |20220520|20220520|0603|2022-05-31 16:06:16
533096|0000000166904737              |20220520|161112|028|676|0|30300040|130010013|130759815|1|20220520|143725|8001891|20220520|162327|8001096|1|1250|0|      |20220520|20220520|0603|2022-05-31 16:06:16
533098|0000000507295106              |20220520|162738|024|675|0|30300058|130010004|130752200|1|20220520|162356|8001983|20220520|163916|8001516|1|1250|0|      |20220520|20220520|0603|2022-05-31 16:06:16
533100|0000000507383974              |20220520|165532|008|676|0|30300037|130010006|130752005|4|20220520|161423|8002658|20220520|170307|8002075|1|750|0|      |20220520|20220520|0603|2022-05-31 16:06:16
533102|0000000523140900              |20220520|180549|002|675|0|30300057|130010001|130759757|1|20220520|173123|8001428|20220520|181036|8002627|1|1250|0|      |20220520|20220520|0603|2022-05-31 16:06:16
533104|0000000504831823              |20220520|180150|001|675|0|30300101|130010002|130752309|4|20220520|172317|8002831|20220520|180523|8001261|1|750|0|      |20220520|20220520|0603|2022-05-31 16:06:16
533106|0000000167437071              |20220520|181040|024|675|0|30300053|130010002|130752328|1|20220520|172604|8001239|20220520|181520|8002279|1|1250|0|      |20220520|20220520|0603|2022-05-31 16:06:16
531127|0000000666959595              |20220520|155555|007|675|0|30300056|130010012|130753373|1|20220520|131337|8002753|~       |      |~      |1|1250|0|      |20220520|~       |0603|2022-05-31 16:06:16
531129|0000000773631491              |20220520|162643|012|676|3|30300070|130010004|130752241|1|20220520|154553|8002753|~       |      |~      |1|0|0|      |20220520|~       |0603|2022-05-31 16:06:16
531131|0000000911405349              |20220520|062722|003|676|0|30300088|130010002|130752512|1|20220520|062214|8005859|~       |      |~      |1|1250|0|      |20220520|~       |0603|2022-05-31 16:06:16
531133|0000000751696558              |20220520|070419|023|676|0|30300088|130010002|130752371|1|20220520|070010|8005859|~       |      |~      |1|1250|0|      |20220520|~       |0603|2022-05-31 16:06:16
531135|0000000903100180              |20220520|073333|001|675|0|30300081|130010011|130759572|1|20220520|062635|8002753|~       |      |~      |1|1250|0|      |20220520|~       |0603|2022-05-31 16:06:16
531137|0000000762860650              |20220520|075222|019|676|0|30300088|130010002|130752361|1|20220520|074651|8005859|~       |      |~      |1|1250|0|      |20220520|~       |0603|2022-05-31 16:06:16
531139|0000000743436829              |20220520|080456|010|676|0|30300088|130010002|130752317|1|20220520|054554|8005859|~       |      |~      |1|1250|0|      |20220520|~       |0603|2022-05-31 16:06:16
531233|0000000441532945              |20220520|185557|019|676|0|30300069|130010001|130759437|1|20220520|182750|8001135|~       |      |~      |1|1250|0|      |20220520|~       |0603|2022-05-31 16:06:16
531235|0000000769365270              |20220520|191415|007|675|0|30300058|130010004|130752295|1|20220520|144845|8001871|~       |      |~      |1|1250|0|      |20220520|~       |0603|2022-05-31 16:06:16
531237|0000000908393774              |20220520|125048|024|676|0|30300070|130010004|130752241|1|20220520|122916|8001135|~       |      |~      |1|1250|0|      |20220520|~       |0603|2022-05-31 16:06:16
531239|0000000645607798              |20220520|220509|009|676|0|30300069|130010001|130759704|1|20220520|214527|8001135|~       |      |~      |1|1250|0|      |20220520|~       |0603|2022-05-31 16:06:16
531241|0000000722230620              |20220520|194529|013|675|0|30300053|130010002|130752387|1|20220520|191504|8001238|~       |      |~      |2|2500|0|      |20220520|~       |0603|2022-05-31 16:06:16
531243|0000000777068928              |20220520|164445|019|676|0|30300073|130010009|130759185|4|20220520|161711|8001871|~       |      |~      |1|750|0|      |20220520|~       |0603|2022-05-31 16:06:16
531245|0000000778822252              |20220520|064335|006|676|0|30300087|130010008|130752141|1|20220520|054351|8001238|~       |      |~      |1|1250|0|      |20220520|~       |0603|2022-05-31 16:06:16
531247|0000000765127284              |20220520|072147|026|675|0|30300065|130010004|130752268|1|20220520|062732|8001871|~       |      |~      |1|1250|0|      |20220520|~       |0603|2022-05-31 16:06:16
531249|0000000763768541              |20220520|075049|015|676|0|30300070|130010004|130752210|1|20220520|072805|8001135|~       |      |~      |1|1250|0|      |20220520|~       |0603|2022-05-31 16:06:16
531251|0000000908403649              |20220520|081304|026|676|0|30300069|130010001|130759416|1|20220520|064924|8001135|~       |      |~      |1|1250|0|      |20220520|~       |0603|2022-05-31 16:06:16
531253|0000000736950497              |20220520|141435|004|675|0|30300047|130010001|130759438|1|20220520|133706|8003102|~       |      |~      |1|1250|0|      |20220520|~       |0603|2022-05-31 16:06:16
531255|0000000745988164              |20220520|145924|015|675|0|30300047|130010001|130759433|1|20220520|142058|8003102|~       |      |~      |1|1250|0|      |20220520|~       |0603|2022-05-31 16:06:16
531257|0000000709207220              |20220520|093241|002|675|0|30300047|130010001|130759723|1|20220520|085132|8003102|~       |      |~      |1|1250|0|      |20220520|~       |0603|2022-05-31 16:06:16
531259|0000000724284039              |20220520|093246|031|675|0|30300047|130010001|130759723|1|20220520|085132|8003102|~       |      |~      |1|1250|0|      |20220520|~       |0603|2022-05-31 16:06:16
531261|0000000761904981              |20220520|171537|002|675|0|30300081|130010011|130759506|1|20220520|170537|8001981|~       |      |~      |1|1250|0|      |20220520|~       |0603|2022-05-31 16:06:16
531384|0000000758221462              |20220520|080732|005|674|0|30300002|130010007|130759313|1|20220520|070647|8002139|~       |      |~      |1|1250|0|      |20220520|~       |0603|2022-05-31 16:06:16
531386|0000000904338299              |20220520|170643|026|676|1|30300040|130010013|130759822|1|20220520|165720|8002735|~       |      |~      |1|0|0|      |20220520|~       |0603|2022-05-31 16:06:16
531388|0000000668943531              |20220520|181249|010|676|0|30300051|130010008|130752130|1|20220520|152602|8001371|~       |      |~      |1|1250|0|      |20220520|~       |0603|2022-05-31 16:06:16
531390|0000000742973681              |20220520|175952|029|675|1|30300046|130010002|130752342|1|20220520|165044|8001371|~       |      |~      |1|0|0|      |20220520|~       |0603|2022-05-31 16:06:16
531392|0000000662397180              |20220520|181435|031|674|0|30300002|130010007|130759329|1|20220520|170409|8002139|~       |      |~      |1|1250|0|      |20220520|~       |0603|2022-05-31 16:06:16
531394|0000000906092403              |20220520|191015|012|676|0|30300051|130010008|130752147|1|20220520|180143|8001371|~       |      |~      |1|1250|0|      |20220520|~       |0603|2022-05-31 16:06:16
531396|0000000722977616              |20220520|192419|023|676|3|30300039|130010005|130759212|1|20220520|173519|8002735|~       |      |~      |1|0|0|      |20220520|~       |0603|2022-05-31 16:06:16
531398|0000000757418811              |20220520|122143|008|673|0|30300003|130510004|130751014|1|20220520|062251|8001579|~       |      |~      |1|1100|0|      |20220520|~       |0603|2022-05-31 16:06:16
531400|0000000656092188              |20220520|133949|002|676|0|30300051|130010008|130752110|1|20220520|124234|8001371|~       |      |~      |1|1250|0|      |20220520|~       |0603|2022-05-31 16:06:16
531402|0000000724837338              |20220520|221951|031|676|0|30300051|130010008|130752153|1|20220520|213157|8001371|~       |      |~      |1|1250|0|      |20220520|~       |0603|2022-05-31 16:06:16
531404|0000000616419419              |20220520|195443|002|676|0|30300040|130010007|130759366|1|20220520|195050|8002735|~       |      |~      |1|1250|0|      |20220520|~       |0603|2022-05-31 16:06:16
531406|0000000903176934              |20220520|200003|013|675|0|30300047|130010001|130759702|1|20220520|195749|8002735|~       |      |~      |1|1250|0|      |20220520|~       |0603|2022-05-31 16:06:16
531408|0000000755806026              |20220520|201206|019|676|0|30300088|130010002|130752356|1|20220520|195848|8001579|~       |      |~      |1|1250|0|      |20220520|~       |0603|2022-05-31 16:06:16
531410|0000000903158518              |20220520|100931|017|675|0|30300050|130010007|130759342|1|20220520|093742|8002735|~       |      |~      |1|1250|0|      |20220520|~       |0603|2022-05-31 16:06:16
531412|0000000757540339              |20220520|150450|003|676|0|30300051|130010008|130752124|1|20220520|140430|8001371|~       |      |~      |1|1250|0|      |20220520|~       |0603|2022-05-31 16:06:16
510032|0000000904512939              |20220520|131024|004|675|0|30300046|130010002|130752350|1|20220520|125026|8001117|20220520|133852|8002412|1|1250|0|      |20220520|20220520|0603|2022-05-31 16:06:16
510034|0000000741376300              |20220520|214102|013|675|0|30300059|130010004|130752274|1|20220520|213052|8002757|20220520|215150|8001930|1|1250|0|      |20220520|20220520|0603|2022-05-31 16:06:16
510036|0000000743163370              |20220520|102650|026|674|0|30300104|130010002|130752313|1|20220520|100453|8001024|20220520|102731|8070011|1|1250|0|      |20220520|20220520|0603|2022-05-31 16:06:16
510038|0000000742044775              |20220520|110930|009|674|0|30300104|130010002|130752314|1|20220520|110149|8001153|20220520|114428|8002453|1|1250|0|      |20220520|20220520|0603|2022-05-31 16:06:16
510040|0000000764831399              |20220520|162707|007|675|0|30300096|130010006|130752022|1|20220520|155638|8002531|20220520|165554|8002935|1|1250|0|      |20220520|20220520|0603|2022-05-31 16:06:16
510042|0000000606950209              |20220520|161313|025|675|0|30300046|130010002|130752321|1|20220520|142837|8007209|20220520|164842|8002721|1|1250|0|      |20220520|20220520|0603|2022-05-31 16:06:16
510044|0000000773836444              |20220520|065945|021|675|0|30300056|130010012|130753330|1|20220520|063233|8001204|20220520|071126|8001707|1|1250|0|      |20220520|20220520|0603|2022-05-31 16:06:16
510046|0000000677552683              |20220520|073708|009|675|0|30300096|130010006|130752026|1|20220520|071116|8002531|20220520|081005|8002969|1|1250|0|      |20220520|20220520|0603|2022-05-31 16:06:16
510048|0000000767414849              |20220520|081557|010|675|0|30300048|130010006|130752033|1|20220520|072110|8001590|20220520|083508|8002814|1|1250|0|      |20220520|20220520|0603|2022-05-31 16:06:16
510050|0000000738192335              |20220520|080853|013|675|0|30300092|130010013|130759831|1|20220520|064954|8001477|20220520|083113|8005601|1|1250|0|      |20220520|20220520|0603|2022-05-31 16:06:16
510052|0000000741665059              |20220520|084939|026|675|0|30300048|130010006|130752060|1|20220520|074102|8001063|20220520|085547|8001988|1|1250|0|      |20220520|20220520|0603|2022-05-31 16:06:16
510459|0000000674529984              |20220520|223604|005|675|0|30300046|130010002|130752366|1|20220520|220849|8001013|20220520|224215|8070012|1|1250|0|      |20220520|20220520|0603|2022-05-31 16:06:16
510461|0000000722693496              |20220520|085112|008|674|0|30300100|130010002|130752362|1|20220520|084637|8002351|20220520|091609|8001934|1|1250|0|      |20220520|20220520|0603|2022-05-31 16:06:16
510463|0000000674745136              |20220520|180338|010|675|0|30300127|130010004|130752243|1|20220520|163146|8001577|20220520|184458|8001029|1|1250|0|      |20220520|20220520|0603|2022-05-31 16:06:16
510465|0000000760327036              |20220520|122111|026|676|0|30300088|130010002|130752315|1|20220520|113150|8003045|20220520|123902|8002410|1|1250|0|      |20220520|20220520|0603|2022-05-31 16:06:16
510467|0000000777129951              |20220520|131829|029|674|0|30300100|130010002|130752360|1|20220520|131201|8001915|20220520|134548|8001927|1|1250|0|      |20220520|20220520|0603|2022-05-31 16:06:16
510469|0000000664820543              |20220520|142010|029|674|0|30300100|130010002|130752360|1|20220520|131201|8002433|20220520|142803|8002119|1|1250|0|      |20220520|20220520|0603|2022-05-31 16:06:16
510471|0000000776251381              |20220520|080148|011|674|0|30300002|130010007|130759327|1|20220520|071011|8001430|20220520|081425|8001096|1|1250|0|      |20220520|20220520|0603|2022-05-31 16:06:16
510473|0000000741327907              |20220520|082707|026|675|0|30300049|130010004|130752206|1|20220520|061820|8001589|20220520|084646|8002412|1|1250|0|      |20220520|20220520|0603|2022-05-31 16:06:16
510475|0000000670897388              |20220520|074756|008|676|0|30300087|130010008|130752141|1|20220520|073327|8002118|20220520|081214|8001949|1|1250|0|      |20220520|20220520|0603|2022-05-31 16:06:16
510477|0000000764478545              |20220520|081809|009|675|0|30300077|130010006|130759013|1|20220520|080422|8001495|20220520|082746|8001489|1|1250|0|      |20220520|20220520|0603|2022-05-31 16:06:16
510479|0000000761223320              |20220520|075825|024|675|0|30300082|130010001|130759413|1|20220520|060516|8002425|20220520|080949|8001929|1|1250|0|      |20220520|20220520|0603|2022-05-31 16:06:16
510481|0000000761397554              |20220520|081110|026|675|0|30300050|130010007|130759369|1|20220520|073935|8002940|20220520|081429|8002721|1|1250|0|      |20220520|20220520|0603|2022-05-31 16:06:16
510483|0000000764571221              |20220520|083146|012|675|0|30300145|130010014|130753600|1|20220520|072314|8002963|20220520|083926|8002742|1|1250|0|      |20220520|20220520|0603|2022-05-31 16:06:16
510890|0000000541706834              |20220520|111038|028|675|0|30300076|130010014|130753615|1|20220520|105907|8002572|20220520|111231|8003018|1|1250|0|      |20220520|20220520|0603|2022-05-31 16:06:16
510892|0000000305778399              |20220520|104713|013|675|0|30300057|130010001|130759757|1|20220520|104253|8001879|20220520|104923|8002824|1|1250|0|      |20220520|20220520|0603|2022-05-31 16:06:16
510894|0000000540096959              |20220520|122534|006|675|0|30300084|130010001|130759756|1|20220520|113600|8001229|20220520|122942|8001401|1|1250|0|      |20220520|20220520|0603|2022-05-31 16:06:16
510896|0000000543519022              |20220520|125032|001|675|0|30300076|130010014|130753233|1|20220520|124100|8002826|20220520|130245|8002482|1|1250|0|      |20220520|20220520|0603|2022-05-31 16:06:16
510898|0000000532152561              |20220520|134655|017|674|0|30300104|130010002|130752333|1|20220520|132816|8070015|20220520|135423|8070018|1|1250|0|      |20220520|20220520|0603|2022-05-31 16:06:16
510900|0000000516101208              |20220520|134450|011|675|0|30300094|130010014|130753607|1|20220520|134106|8005925|20220520|140320|8002935|1|1250|0|      |20220520|20220520|0603|2022-05-31 16:06:16
510902|0000000512672668              |20220520|183709|004|675|0|30300084|130010001|130759752|1|20220520|173150|8001789|20220520|184453|8002253|1|1250|0|      |20220520|20220520|0603|2022-05-31 16:06:16
510904|0000000544280724              |20220520|165239|007|674|0|30300104|130010002|130752505|1|20220520|163234|8070015|20220520|165934|8070018|1|1250|0|      |20220520|20220520|0603|2022-05-31 16:06:16
510906|0000000539650197              |20220520|171529|013|675|0|30300094|130010014|130753607|1|20220520|165153|8001890|20220520|172404|8002870|1|1250|0|      |20220520|20220520|0603|2022-05-31 16:06:16
510908|0000000520298405              |20220520|175011|011|675|0|30300075|130010005|130759208|1|20220520|165450|8001421|20220520|180548|8002819|1|1250|0|      |20220520|20220520|0603|2022-05-31 16:06:16
510910|0000000545269720              |20220520|231635|023|674|0|30300104|130010002|130752507|1|20220520|213043|8070017|20220520|232104|8001014|1|1250|0|      |20220520|20220520|0603|2022-05-31 16:06:16
510912|0000000297074960              |20220520|063924|030|679|0|30300063|130010001|130759787|1|20220520|061013|8001660|20220520|065650|8001834|1|1250|0|      |20220520|20220520|0603|2022-05-31 16:06:16
510914|0000000542873895              |20220520|065752|006|675|0|30300084|130010001|130759785|1|20220520|060711|8001499|20220520|065954|8002064|1|1250|0|      |20220520|20220520|0603|2022-05-31 16:06:16
515667|0000000540004552              |20220520|145906|002|675|0|30300061|130010015|130759612|1|20220520|142610|8005526|20220520|150420|8005561|1|1250|0|      |20220520|20220520|0603|2022-05-31 16:06:16
516074|0000000131074727              |20220520|204029|010|680|0|30300010|130010002|130752557|1|20220520|202449|8002119|20220520|205951|8003037|1|1250|0|      |20220520|20220520|0603|2022-05-31 16:06:16
516076|0000000546698957              |20220520|183134|008|676|0|30300037|130010006|130752002|1|20220520|173709|8002412|20220520|184952|8001005|1|1250|0|      |20220520|20220520|0603|2022-05-31 16:06:16
516078|0000000109017856              |20220520|194214|008|675|0|30300058|130010004|130752294|1|20220520|143716|8002947|20220520|201004|8002429|1|1250|0|      |20220520|20220520|0603|2022-05-31 16:06:16
516080|0000000524136151              |20220520|155511|005|676|0|30300086|130010013|130759809|1|20220520|145610|8002093|20220520|161504|8001096|1|1250|0|      |20220520|20220520|0603|2022-05-31 16:06:16
516082|0000000096857183              |20220520|171125|016|676|0|30300036|130010012|130753311|4|20220520|161059|8002722|20220520|173610|8001680|1|750|0|      |20220520|20220520|0603|2022-05-31 16:06:16
516084|0000000536245526              |20220520|183921|016|676|0|30300040|130010013|130759873|1|20220520|172758|8001086|20220520|184901|8001097|1|1250|0|      |20220520|20220520|0603|2022-05-31 16:06:16
516086|0000000534049030              |20220520|064641|014|675|0|30300082|130010001|130759703|1|20220520|061053|8001929|20220520|070638|8001659|1|1250|0|      |20220520|20220520|0603|2022-05-31 16:06:16
516088|0000000540004637              |20220520|090045|005|675|0|30300064|130010015|130759625|1|20220520|053941|8002651|20220520|091613|8002628|1|1250|0|      |20220520|20220520|0603|2022-05-31 16:06:16
516090|0000000536378185              |20220520|093926|004|676|0|30300037|130010006|130752044|1|20220520|060835|8002923|20220520|094725|8007541|1|1250|0|      |20220520|20220520|0603|2022-05-31 16:06:16
516092|0000000536635524              |20220520|122459|031|675|0|30300056|130010012|130753308|1|20220520|112603|8001488|20220520|123111|8002916|1|1250|0|      |20220520|20220520|0603|2022-05-31 16:06:16
516094|0000000096350876              |20220520|131159|018|679|0|30300063|130010001|130759410|1|20220520|123504|8002350|20220520|132505|8001791|1|1250|0|      |20220520|20220520|0603|2022-05-31 16:06:16
516096|0000000530592980              |20220520|144444|015|680|0|30300021|130010002|130752556|4|20220520|142234|8002352|20220520|145207|8001692|1|750|0|      |20220520|20220520|0603|2022-05-31 16:06:16
516098|0000000527192380              |20220520|155818|014|675|0|30300045|130010006|130759003|1|20220520|151451|8001058|20220520|160732|8002914|1|1250|0|      |20220520|20220520|0603|2022-05-31 16:06:16
516100|0000000541987570              |20220520|154752|004|675|0|30300064|130010015|130759638|4|20220520|145926|8001404|20220520|155329|8001626|1|750|0|      |20220520|20220520|0603|2022-05-31 16:06:16
516507|0000000281735216              |20220520|082935|013|675|0|30300067|130010001|130759717|1|20220520|073129|8002571|20220520|084516|8002442|1|1250|0|      |20220520|20220520|0603|2022-05-31 16:06:16
516509|0000000171918461              |20220520|085726|031|675|0|30300062|130010008|130752137|1|20220520|085000|8001827|20220520|085939|8001846|1|1250|0|      |20220520|20220520|0603|2022-05-31 16:06:16
516511|0000000520028567              |20220520|083449|025|675|0|30300066|130010015|130759688|1|20220520|072824|8001963|20220520|085218|8001302|1|1250|0|      |20220520|20220520|0603|2022-05-31 16:06:16
516513|0000000298674305              |20220520|102743|008|675|0|30300082|130010001|130759772|1|20220520|101400|8002824|20220520|103943|8001048|1|1250|0|      |20220520|20220520|0603|2022-05-31 16:06:16
516515|0000000535516192              |20220520|104015|027|675|0|30300049|130010004|130752216|1|20220520|102301|8005904|20220520|105711|8001425|1|1250|0|      |20220520|20220520|0603|2022-05-31 16:06:16
516517|0000000171820594              |20220520|131547|011|676|0|30300040|130010007|130759359|1|20220520|122914|8002241|20220520|132601|8001097|1|1250|0|      |20220520|20220520|0603|2022-05-31 16:06:16
516519|0000000171906415              |20220520|132006|002|675|0|30300065|130010004|130752234|1|20220520|125432|8005870|20220520|133659|8003054|1|1250|0|      |20220520|20220520|0603|2022-05-31 16:06:16
516521|0000000538315119              |20220520|142951|005|675|0|30300065|130010004|130752229|2|20220520|141923|8001253|20220520|143919|8005874|1|350|0|      |20220520|20220520|0603|2022-05-31 16:06:16
516523|0000000511077429              |20220520|155556|009|675|0|30300080|130010009|130759153|1|20220520|145642|8001787|20220520|161523|8001420|1|1250|0|      |20220520|20220520|0603|2022-05-31 16:06:16
516525|0000000536465628              |20220520|184549|030|675|0|30300095|130010005|130759230|1|20220520|173435|8001259|20220520|185908|8001707|1|1250|0|      |20220520|20220520|0603|2022-05-31 16:06:16
516527|0000000121428254              |20220520|190120|022|675|0|30300066|130010015|130759620|1|20220520|184636|8002254|20220520|190837|8001792|1|1250|0|      |20220520|20220520|0603|2022-05-31 16:06:16
516529|0000000511665791              |20220520|184719|001|675|0|30300058|130010004|130752257|1|20220520|181506|8001876|20220520|192850|8070007|1|1250|0|      |20220520|20220520|0603|2022-05-31 16:06:16
516531|0000000525156435              |20220520|153216|007|675|0|30300055|130010014|130753208|1|20220520|143145|8002340|20220520|154853|8001553|1|1250|0|      |20220520|20220520|0603|2022-05-31 16:06:16
516938|0000000745265193              |20220520|161527|023|675|1|30300062|130010008|130752129|1|20220520|155522|8002468|20220520|164430|8002429|1|0|0|      |20220520|20220520|0603|2022-05-31 16:06:16
516940|0000000655283304              |20220520|163447|024|675|1|30300045|130010006|130752043|1|20220520|143648|8001590|20220520|165715|8003044|1|150|0|      |20220520|20220520|0603|2022-05-31 16:06:16
516942|0000000720862194              |20220520|170402|008|676|1|30300089|130010011|130759527|1|20220520|135042|8002537|20220520|170824|8005512|1|0|0|      |20220520|20220520|0603|2022-05-31 16:06:16
516944|0000000900692317              |20220520|230640|011|675|1|30300064|130010015|130759670|1|20220520|214348|8002628|20220520|232501|8001357|1|0|0|      |20220520|20220520|0603|2022-05-31 16:06:16
516946|0000000742602628              |20220520|061818|009|676|1|30300071|130010009|130759147|1|20220520|053918|8002279|20220520|063556|8001431|1|0|0|      |20220520|20220520|0603|2022-05-31 16:06:16
516948|0000000761582513              |20220520|060204|023|675|1|30300080|130010009|130759153|1|20220520|055210|8001418|20220520|062641|8002023|1|0|0|      |20220520|20220520|0603|2022-05-31 16:06:16
516950|0000000741635509              |20220520|062340|021|676|1|30300089|130010011|130759573|1|20220520|061905|8001418|20220520|065239|8003047|1|0|0|      |20220520|20220520|0603|2022-05-31 16:06:16
516952|0000000636080120              |20220520|070432|005|676|1|30300043|130010015|130759640|1|20220520|062109|8001789|20220520|071943|8001834|1|0|0|      |20220520|20220520|0603|2022-05-31 16:06:16
516954|0000000908227497              |20220520|060530|019|675|1|30300081|130010011|130759506|1|20220520|053247|8001629|20220520|063608|8007022|1|0|0|      |20220520|20220520|0603|2022-05-31 16:06:16
523463|0000000171897796              |20220520|130531|021|675|0|30300079|130010009|130759138|1|20220520|125606|8001430|20220520|132508|8001529|1|1250|0|      |20220520|20220520|0603|2022-05-31 16:06:16
523465|0000000547541663              |20220520|134837|003|676|0|30300131|130010008|130752722|4|20220520|131956|8070018|20220520|135758|8001290|1|750|0|      |20220520|20220520|0603|2022-05-31 16:06:16
523467|0000000542061347              |20220520|143248|005|675|0|30300079|130010009|130759134|4|20220520|133248|8002033|20220520|144449|8001483|1|750|0|      |20220520|20220520|0603|2022-05-31 16:06:16
523469|0000000547791063              |20220520|150010|024|675|0|30300064|130010015|130759637|1|20220520|143527|8002687|20220520|150902|8002357|1|1250|0|      |20220520|20220520|0603|2022-05-31 16:06:16
523471|0000000519608463              |20220520|152739|009|674|0|30300002|130010007|130759310|4|20220520|141108|8002910|20220520|153116|8001782|1|750|0|      |20220520|20220520|0603|2022-05-31 16:06:16
523905|0000000163356153              |20220520|114323|029|676|1|30300037|130010006|130752074|1|20220520|111733|8002412|20220520|114501|8002997|1|0|0|      |20220520|20220520|0603|2022-05-31 16:06:16
523907|0000000516479848              |20220520|124757|013|676|1|30300041|130010012|130753321|1|20220520|123011|8002412|20220520|130925|8001076|1|0|0|      |20220520|20220520|0603|2022-05-31 16:06:16
523909|0000000106550168              |20220520|123455|016|675|1|30300058|130010004|130752222|1|20220520|114630|8001418|20220520|124926|8001407|1|0|0|      |20220520|20220520|0603|2022-05-31 16:06:16
523911|0000000530690517              |20220520|122219|007|676|1|30300037|130010006|130759027|1|20220520|120416|8002412|20220520|124623|8003006|1|0|0|      |20220520|20220520|0603|2022-05-31 16:06:16
523913|0000000319069485              |20220520|131950|018|676|1|30300088|130010002|130752370|1|20220520|124305|8002412|20220520|132849|8002741|1|0|0|      |20220520|20220520|0603|2022-05-31 16:06:16
523915|0000000509411659              |20220520|150242|009|675|1|30300047|130010001|130759438|1|20220520|144745|8002411|20220520|152838|8001009|1|0|0|      |20220520|20220520|0603|2022-05-31 16:06:16
523917|0000000521364514              |20220520|155818|002|676|2|30300088|130010002|130752380|1|20220520|151556|8002412|20220520|161337|8002109|1|0|0|      |20220520|20220520|0603|2022-05-31 16:06:16
523919|0000000542409639              |20220520|182052|018|674|1|30300002|130010007|130759333|1|20220520|175337|8001418|20220520|191514|8002132|1|0|0|      |20220520|20220520|0603|2022-05-31 16:06:16
523921|0000000092609303              |20220520|185813|006|676|1|30300051|130010008|130752109|1|20220520|172458|8001418|20220520|190545|8001097|1|0|0|      |20220520|20220520|0603|2022-05-31 16:06:16
523923|0000000269365150              |20220520|162845|026|674|1|30300002|130010007|130759322|1|20220520|155935|8001418|20220520|165308|8002611|1|0|0|      |20220520|20220520|0603|2022-05-31 16:06:16
523925|0000000544599484              |20220520|171907|005|675|1|30300080|130010009|130759160|1|20220520|171445|8001418|20220520|173529|8001399|1|0|0|      |20220520|20220520|0603|2022-05-31 16:06:16
523927|0000000520902321              |20220520|181200|021|675|1|30300077|130010006|130759022|1|20220520|141109|8001418|20220520|181933|8001995|1|0|0|      |20220520|20220520|0603|2022-05-31 16:06:16
523929|0000000139743470              |20220520|182658|018|674|1|30300002|130010007|130759308|1|20220520|175712|8001418|20220520|184834|8002881|1|0|0|      |20220520|20220520|0603|2022-05-31 16:06:16
523931|0000000529113280              |20220520|081803|005|676|1|30300090|130010005|130759215|1|20220520|054713|8002411|20220520|083132|8001641|1|0|0|      |20220520|20220520|0603|2022-05-31 16:06:16
524338|0000000528219288              |20220520|074310|025|676|1|30300086|130010013|130759808|1|20220520|055531|8001536|20220520|083121|8005551|1|0|0|      |20220520|20220520|0603|2022-05-31 16:06:16
524340|0000000093685350              |20220520|084214|015|675|2|30300079|130010009|130759134|1|20220520|082032|8002118|20220520|084427|8001482|1|0|0|      |20220520|20220520|0603|2022-05-31 16:06:16
524342|0000000298550830              |20220520|084444|014|674|1|30300100|130010002|130752382|1|20220520|081833|8002118|20220520|085232|8001934|1|0|0|      |20220520|20220520|0603|2022-05-31 16:06:16
524344|0000000178317494              |20220520|085353|010|675|1|30300053|130010002|130752513|1|20220520|072450|8002276|20220520|092913|8001154|1|0|0|      |20220520|20220520|0603|2022-05-31 16:06:16
524346|0000000540612377              |20220520|100848|001|676|1|30300087|130010015|130759621|1|20220520|093244|8002279|20220520|102524|8001576|1|0|0|      |20220520|20220520|0603|2022-05-31 16:06:16
524348|0000000536733983              |20220520|103749|002|676|2|30300087|130010015|130759629|1|20220520|100319|8002279|20220520|104448|8001380|1|0|0|      |20220520|20220520|0603|2022-05-31 16:06:16
524350|0000000514840758              |20220520|111612|005|676|1|30300071|130010009|130759105|1|20220520|054255|8002279|20220520|114659|8001319|1|0|0|      |20220520|20220520|0603|2022-05-31 16:06:16
524352|0000000540745846              |20220520|122304|006|674|1|30300002|130010007|130759320|1|20220520|113934|8001536|20220520|124208|8002132|1|0|0|      |20220520|20220520|0603|2022-05-31 16:06:16
524354|0000000514998418              |20220520|140833|006|676|2|30300069|130010001|130759751|1|20220520|133250|8002279|20220520|141940|8001132|1|0|0|      |20220520|20220520|0603|2022-05-31 16:06:16
524356|0000000096555922              |20220520|150132|010|675|1|30300058|130010004|130752293|1|20220520|142407|8002603|20220520|152237|8002904|1|0|0|      |20220520|20220520|0603|2022-05-31 16:06:16
524358|0000000517641861              |20220520|183651|001|676|1|30300087|130010015|130759614|1|20220520|180522|8002279|20220520|184209|8001380|1|0|0|      |20220520|20220520|0603|2022-05-31 16:06:16
524360|0000000315214970              |20220520|183444|012|674|1|30300100|130010002|130752382|1|20220520|173550|8001529|20220520|191450|8001158|1|0|0|      |20220520|20220520|0603|2022-05-31 16:06:16
524362|0000000519900332              |20220520|191326|025|676|1|30300130|130010008|130752146|1|20220520|183720|8002155|20220520|192036|8003051|1|0|0|      |20220520|20220520|0603|2022-05-31 16:06:16
524769|0000000127615619              |20220520|093442|001|676|2|30300039|130010005|130759212|1|20220520|090622|8002399|20220520|094307|8001922|1|0|0|      |20220520|20220520|0603|2022-05-31 16:06:16
524771|0000000294627825              |20220520|104841|025|675|1|30300080|130010009|130759182|1|20220520|102619|8002242|20220520|105326|8001399|1|0|0|      |20220520|20220520|0603|2022-05-31 16:06:16
524773|0000000545373743              |20220520|102415|010|675|1|30300046|130010002|130752353|1|20220520|100413|8001081|20220520|105859|8002722|1|0|0|      |20220520|20220520|0603|2022-05-31 16:06:16
524775|0000000516247499              |20220520|104153|011|674|1|30300104|130010002|130752343|1|20220520|103940|9005583|20220520|112057|8001914|1|0|0|      |20220520|20220520|0603|2022-05-31 16:06:16
524777|0000000518122530              |20220520|131952|002|676|1|30300131|130010008|130752709|1|20220520|125345|8002754|20220520|133609|8001117|1|0|0|      |20220520|20220520|0603|2022-05-31 16:06:16
522133|0000000606769999              |20220520|173222|016|675|0|30300065|130010004|130752203|1|20220520|165949|8002570|20220520|175717|8007269|1|1250|0|      |20220520|20220520|0603|2022-05-31 16:06:16
522135|0000000917917422              |20220520|185633|021|675|0|30300076|130010014|130753270|1|20220520|135254|8001545|20220520|190134|8001959|1|1250|0|      |20220520|20220520|0603|2022-05-31 16:06:16
522137|0000000917915181              |20220520|123250|001|675|0|30300059|130010004|130752256|1|20220520|062050|8001664|20220520|123602|8001853|1|1250|0|      |20220520|20220520|0603|2022-05-31 16:06:16
522139|0000000709363642              |20220520|115600|028|675|0|30300060|130010014|130753244|1|20220520|053843|8005640|20220520|123938|8001005|1|1250|0|      |20220520|20220520|0603|2022-05-31 16:06:16
523095|0000000311990806              |20220520|214648|014|676|0|30300040|130010007|130759373|1|20220520|212608|8001406|20220520|215415|8002075|1|1250|0|      |20220520|20220520|0603|2022-05-31 16:06:16
523097|0000000279244268              |20220520|220126|009|676|0|30300040|130010013|130759871|1|20220520|201755|8002905|20220520|220329|8002240|1|1250|0|      |20220520|20220520|0603|2022-05-31 16:06:16
523099|0000000534051723              |20220520|181719|022|674|0|30300100|130010002|130752393|4|20220520|175922|8001081|20220520|184932|8001413|1|750|0|      |20220520|20220520|0603|2022-05-31 16:06:16
523101|0000000545787054              |20220520|200721|018|676|0|30300088|130010002|130752511|4|20220520|200321|8002134|20220520|202304|8001794|1|750|0|      |20220520|20220520|0603|2022-05-31 16:06:16
523103|0000000536245452              |20220520|204158|022|676|0|30300069|130010001|130759409|4|20220520|203511|8002668|20220520|204700|8002917|1|750|0|      |20220520|20220520|0603|2022-05-31 16:06:16
523105|0000000544630765              |20220520|152415|016|676|0|30300036|130010012|130753302|4|20220520|143626|8002376|20220520|154826|8001063|1|750|0|      |20220520|20220520|0603|2022-05-31 16:06:16
523107|0000000296882275              |20220520|164127|004|676|0|30300131|130010008|130752707|1|20220520|161737|8001079|20220520|171416|8002453|1|1250|0|      |20220520|20220520|0603|2022-05-31 16:06:16
523109|0000000544895381              |20220520|172658|024|676|0|30300043|130010015|130759601|4|20220520|170212|8001831|20220520|173152|8005918|1|750|0|      |20220520|20220520|0603|2022-05-31 16:06:16
523111|0000000534255351              |20220520|180036|018|675|0|30300058|130010004|130752294|4|20220520|143716|8001393|20220520|185039|8002620|1|750|0|      |20220520|20220520|0603|2022-05-31 16:06:16
523113|0000000516891324              |20220520|233009|017|676|0|30300041|130010012|130753304|1|20220520|205856|8002721|20220520|233649|8005993|1|1250|0|      |20220520|20220520|0603|2022-05-31 16:06:16
523115|0000000546639456              |20220520|074354|017|676|0|30300086|130010013|130759809|1|20220520|072619|8001309|20220520|083223|8001534|1|1250|0|      |20220520|20220520|0603|2022-05-31 16:06:16
523117|0000000528396458              |20220520|083726|010|675|0|30300066|130010015|130759688|4|20220520|072824|8001248|20220520|091520|8001847|1|750|0|      |20220520|20220520|0603|2022-05-31 16:06:16
523119|0000000319992459              |20220520|112951|026|675|0|30300055|130010014|130753211|1|20220520|054612|8001667|20220520|113139|8001538|1|1250|0|      |20220520|20220520|0603|2022-05-31 16:06:16
523121|0000000300705055              |20220520|141346|006|675|0|30300055|130010014|130753213|1|20220520|134232|8002893|20220520|143132|8001529|1|1250|0|      |20220520|20220520|0603|2022-05-31 16:06:16
523528|0000000546589322              |20220520|161213|018|676|0|30300087|130010015|130759611|4|20220520|155746|8002840|20220520|164241|8002075|1|750|0|      |20220520|20220520|0603|2022-05-31 16:06:16
523530|0000000533793792              |20220520|162820|010|675|0|30300066|130010015|130759682|4|20220520|151210|8002937|20220520|163802|8001857|1|750|0|      |20220520|20220520|0603|2022-05-31 16:06:16
523532|0000000532922762              |20220520|170130|007|676|0|30300088|130010002|130752553|1|20220520|140642|8002742|20220520|170800|8002721|1|1250|0|      |20220520|20220520|0603|2022-05-31 16:06:16
523534|0000000534125431              |20220520|171554|008|676|0|30300089|130010011|130759527|4|20220520|135042|8005879|20220520|174106|8001633|1|750|0|      |20220520|20220520|0603|2022-05-31 16:06:16
523536|0000000303151616              |20220520|172938|014|676|0|30300070|130010004|130752226|1|20220520|164848|8002454|20220520|180511|8001049|1|1250|0|      |20220520|20220520|0603|2022-05-31 16:06:16
523538|0000000177398703              |20220520|181745|025|675|0|30300066|130010015|130759688|1|20220520|174735|8001538|20220520|183944|8001789|1|1250|0|      |20220520|20220520|0603|2022-05-31 16:06:16
523540|0000000825282714              |20220520|180111|009|676|0|30300072|130010001|130759712|4|20220520|174219|8002453|20220520|182825|8002987|1|750|0|      |20220520|20220520|0603|2022-05-31 16:06:16
523542|0000000549402814              |20220520|062306|015|676|0|30300090|130010005|130759268|4|20220520|060126|8002870|20220520|063252|8001988|1|750|0|      |20220520|20220520|0603|2022-05-31 16:06:16
523544|0000000533325005              |20220520|072242|031|676|0|30300043|130010015|130759613|4|20220520|052306|8001364|20220520|073442|8001790|1|750|0|      |20220520|20220520|0603|2022-05-31 16:06:16
523546|0000000547549667              |20220520|080604|019|675|0|30300079|130010009|130759171|4|20220520|065843|8007445|20220520|080837|8002548|1|750|0|      |20220520|20220520|0603|2022-05-31 16:06:16
523548|0000000301549352              |20220520|092911|009|680|0|30300118|130010011|130759524|1|20220520|044906|8002474|20220520|095158|8006000|1|1250|0|      |20220520|20220520|0603|2022-05-31 16:06:16
523550|0000000520528324              |20220520|110836|006|675|0|30300101|130010002|130752304|4|20220520|104942|8001525|20220520|111728|8001648|1|750|0|      |20220520|20220520|0603|2022-05-31 16:06:16
523552|0000000535236365              |20220520|124647|016|674|0|30300002|130010007|130759308|4|20220520|122105|8002133|20220520|130301|8002464|1|750|0|      |20220520|20220520|0603|2022-05-31 16:06:16
523986|0000000263655190              |20220520|180044|025|675|1|30300058|130010004|130752247|1|20220520|154414|8001929|20220520|181642|8001851|1|0|0|      |20220520|20220520|0603|2022-05-31 16:06:16
523988|0000000528701261              |20220520|202157|009|674|1|30300100|130010002|130752509|1|20220520|201439|8001348|20220520|205300|8001028|1|0|0|      |20220520|20220520|0603|2022-05-31 16:06:16
523990|0000000511084089              |20220520|152650|010|674|1|30300100|130010002|130752503|1|20220520|152455|8001348|20220520|160356|8001083|1|0|0|      |20220520|20220520|0603|2022-05-31 16:06:16
523992|0000000528889446              |20220520|160904|027|674|1|30300100|130010002|130752382|1|20220520|151810|8001348|20220520|163857|8002542|1|0|0|      |20220520|20220520|0603|2022-05-31 16:06:16
523994|0000000539976646              |20220520|171432|010|676|1|30300131|130010008|130752707|1|20220520|161737|8002453|20220520|171720|8002559|1|0|0|      |20220520|20220520|0603|2022-05-31 16:06:16
523996|0000000533404823              |20220520|164628|017|674|1|30300100|130010002|130752383|1|20220520|155551|8001348|20220520|172201|8001028|1|0|0|      |20220520|20220520|0603|2022-05-31 16:06:16
531920|0000000700876921              |20220520|074820|027|674|0|30300104|130010002|130752343|1|20220520|074338|8070010|~       |      |~      |1|1250|0|      |20220520|~       |0603|2022-05-31 16:06:16
531922|0000000719972485              |20220520|080319|002|674|1|30300104|130010002|130752504|1|20220520|075709|8070010|~       |      |~      |1|0|0|      |20220520|~       |0603|2022-05-31 16:06:16
531924|0000000769207159              |20220520|145638|006|676|0|30300043|130010015|130759619|1|20220520|131835|8001964|~       |      |~      |1|1250|0|      |20220520|~       |0603|2022-05-31 16:06:16
531926|0000000770546007              |20220520|145032|011|676|0|30300054|130010007|130759377|1|20220520|130829|8001100|~       |      |~      |1|1250|0|      |20220520|~       |0603|2022-05-31 16:06:16
532124|0000000733970106              |20220520|120312|017|675|0|30300076|130010014|130753207|1|20220520|111857|8001937|20220520|122428|8001259|1|1250|0|      |20220520|20220520|0603|2022-05-31 16:06:16
532126|0000000607784398              |20220520|212240|015|675|0|30300055|130010014|130753267|1|20220520|205750|8002733|20220520|214444|8002347|1|1250|0|      |20220520|20220520|0603|2022-05-31 16:06:16
532128|0000000777730899              |20220520|192350|014|677|0|30300129|130010009|130759164|1|20220520|065846|8002941|20220520|200215|8005906|1|1250|0|      |20220520|20220520|0603|2022-05-31 16:06:16
532130|0000000905916552              |20220520|211230|028|681|0|30300042|130010009|130759136|1|20220520|205245|8001359|20220520|211315|8001543|1|1250|0|      |20220520|20220520|0603|2022-05-31 16:06:16
532132|0000000664875003              |20220520|205816|008|675|0|30300055|130010014|130753249|1|20220520|202340|8002627|20220520|210016|8001414|1|1250|0|      |20220520|20220520|0603|2022-05-31 16:06:16
532134|0000000761239319              |20220520|105159|008|676|0|30300087|130010015|130759629|1|20220520|100319|8002088|20220520|105529|8001575|1|1250|0|      |20220520|20220520|0603|2022-05-31 16:06:16
532136|0000000767604663              |20220520|113358|006|677|0|30300129|130010009|130759163|1|20220520|105508|8007161|20220520|115828|8007357|1|1250|0|      |20220520|20220520|0603|2022-05-31 16:06:16
532138|0000000745842578              |20220520|162944|031|675|0|30300094|130010014|130753608|1|20220520|160239|8002538|20220520|164834|8002953|1|1250|0|      |20220520|20220520|0603|2022-05-31 16:06:16
532140|0000000726408445              |20220520|160954|030|675|0|30300060|130010014|130753523|1|20220520|160231|8001550|20220520|164132|8002935|1|1250|0|      |20220520|20220520|0603|2022-05-31 16:06:16
532142|0000000775951950              |20220520|164244|009|675|0|30300055|130010014|130753204|1|20220520|153836|8002888|20220520|164640|8002001|1|1250|0|      |20220520|20220520|0603|2022-05-31 16:06:16
532144|0000000766817561              |20220520|162953|023|675|0|30300055|130010014|130753229|1|20220520|135759|8002635|20220520|171240|8002209|1|1250|0|      |20220520|20220520|0603|2022-05-31 16:06:16
532146|0000000754175674              |20220520|220948|029|676|0|30300088|130010002|130752361|1|20220520|155523|8002134|20220520|223142|8001306|1|1250|0|      |20220520|20220520|0603|2022-05-31 16:06:16
532148|0000000725679051              |20220520|072210|010|677|0|30300129|130010009|130759109|1|20220520|063743|8007161|20220520|073549|8007362|1|1250|0|      |20220520|20220520|0603|2022-05-31 16:06:16
532366|0000000507313559              |20220520|164728|003|675|0|30300091|130010013|130759811|1|20220520|140216|8002318|20220520|164912|8002959|1|1250|0|      |20220520|20220520|0603|2022-05-31 16:06:16
532368|0000000532854376              |20220520|174314|023|675|0|30300076|130010014|130753233|1|20220520|173745|8001645|20220520|175712|8001718|1|1250|0|      |20220520|20220520|0603|2022-05-31 16:06:16
532370|0000000544600152              |20220520|172725|013|675|0|30300094|130010014|130753608|4|20220520|171801|8007549|20220520|181218|8002159|1|750|0|      |20220520|20220520|0603|2022-05-31 16:06:16
532372|0000000545307862              |20220520|181637|008|676|0|30300054|130010007|130759351|1|20220520|173200|8001922|20220520|182851|8002468|1|1250|0|      |20220520|20220520|0603|2022-05-31 16:06:16
532374|0000000131008821              |20220520|055747|020|676|0|30300037|130010006|130752014|1|20220520|054356|8002313|20220520|061445|8003054|1|1250|0|      |20220520|20220520|0603|2022-05-31 16:06:16
532376|0000000133475973              |20220520|063955|001|675|0|30300077|130010006|130759018|1|20220520|063416|8001612|20220520|065854|8002605|1|1250|0|      |20220520|20220520|0603|2022-05-31 16:06:16
532378|0000000298672472              |20220520|071422|023|678|0|30300074|130010014|130753219|1|20220520|065051|8001741|20220520|072010|8001876|1|1250|0|      |20220520|20220520|0603|2022-05-31 16:06:16
532380|0000000522502341              |20220520|074817|028|676|0|30300038|130010014|130753525|4|20220520|064030|8002155|20220520|080355|8001401|1|750|0|      |20220520|20220520|0603|2022-05-31 16:06:16
532382|0000000536247533              |20220520|075127|021|676|0|30300070|130010004|130752606|4|20220520|064016|8002823|20220520|075510|8002297|1|750|0|      |20220520|20220520|0603|2022-05-31 16:06:16
532384|0000000538688511              |20220520|075921|005|679|0|30300063|130010001|130759410|1|20220520|075020|8002950|20220520|080212|8001534|1|1250|0|      |20220520|20220520|0603|2022-05-31 16:06:16
532386|0000000303147323              |20220520|084758|013|675|0|30300045|130010006|130752047|1|20220520|065031|8002913|20220520|090819|8001296|1|1250|0|      |20220520|20220520|0603|2022-05-31 16:06:16
532388|0000000125634454              |20220520|093508|015|675|0|30300055|130010014|130753205|1|20220520|062405|8002734|20220520|095433|8001847|1|1250|0|      |20220520|20220520|0603|2022-05-31 16:06:16
532390|0000000520330082              |20220520|110142|007|676|0|30300051|130010008|130752142|1|20220520|095312|8001097|20220520|110321|8002951|1|1250|0|      |20220520|20220520|0603|2022-05-31 16:06:16
532392|0000000531845941              |20220520|114520|014|676|0|30300073|130010009|130759177|1|20220520|112704|8003054|20220520|120002|8002100|1|1250|0|      |20220520|20220520|0603|2022-05-31 16:06:16
532637|0000000533227093              |20220520|142134|002|676|0|30300071|130010009|130759150|1|20220520|140501|8001113|20220520|145247|8002942|1|1250|0|      |20220520|20220520|0603|2022-05-31 16:06:16
532639|0000000535310923              |20220520|153321|026|675|0|30300055|130010014|130753238|2|20220520|141343|8001663|20220520|154507|8001856|1|350|0|      |20220520|20220520|0603|2022-05-31 16:06:16
532641|0000000530231797              |20220520|210353|028|676|0|30300086|130010013|130759800|1|20220520|192347|8001365|20220520|210841|8001097|1|1250|0|      |20220520|20220520|0603|2022-05-31 16:06:16
532643|0000000536244774              |20220520|215258|021|676|0|30300051|130010008|130752101|4|20220520|214838|8001096|20220520|220218|8002454|1|750|0|      |20220520|20220520|0603|2022-05-31 16:06:16
532645|0000000547182299              |20220520|221347|001|676|0|30300041|130010012|130753309|1|20220520|220352|8003100|20220520|222137|8002720|1|1250|0|      |20220520|20220520|0603|2022-05-31 16:06:16
532647|0000000528116673              |20220520|192650|010|676|0|30300041|130010012|130753377|1|20220520|135651|8001400|20220520|193150|8001534|1|1250|0|      |20220520|20220520|0603|2022-05-31 16:06:16
512731|0000000727234668              |20220520|180206|031|679|0|30300063|130010001|130759787|1|20220520|153602|8001864|20220520|182016|8002980|1|1250|0|      |20220520|20220520|0603|2022-05-31 16:06:16
512733|0000000716766988              |20220520|183249|008|680|0|30300018|130010004|130752236|1|20220520|182828|8001493|20220520|184241|8001028|1|1250|0|      |20220520|20220520|0603|2022-05-31 16:06:16
512735|0000000778581864              |20220520|181041|012|679|0|30300063|130010001|130759740|1|20220520|174532|8002634|20220520|185455|8001863|1|1250|0|      |20220520|20220520|0603|2022-05-31 16:06:16
512737|0000000746808507              |20220520|181320|008|674|0|30300002|130010007|130759319|1|20220520|175434|8003020|20220520|190151|8001096|1|1250|0|      |20220520|20220520|0603|2022-05-31 16:06:16
512739|0000000777193902              |20220520|185830|004|675|0|30300091|130010013|130759821|1|20220520|171037|8001514|20220520|192537|8002610|1|1250|0|      |20220520|20220520|0603|2022-05-31 16:06:16
512741|0000000904576178              |20220520|120707|018|675|0|30300053|130010002|130752377|1|20220520|114026|8001730|20220520|121543|8002545|1|1250|0|      |20220520|20220520|0603|2022-05-31 16:06:16
512743|0000000725618515              |20220520|121938|010|675|0|30300058|130010004|130752247|1|20220520|050025|8005914|20220520|124529|8002733|1|1250|0|      |20220520|20220520|0603|2022-05-31 16:06:16
512745|0000000741998457              |20220520|132139|013|675|0|30300064|130010015|130759642|1|20220520|054714|8005876|20220520|132449|8001253|1|1250|0|      |20220520|20220520|0603|2022-05-31 16:06:16
512747|0000000909348195              |20220520|210827|022|675|0|30300101|130010002|130752396|1|20220520|204605|8001707|20220520|212623|8001028|1|1250|0|      |20220520|20220520|0603|2022-05-31 16:06:16
512749|0000000631536998              |20220520|215936|018|675|0|30300067|130010001|130759786|1|20220520|210452|8001249|20220520|220228|8001655|1|1250|0|      |20220520|20220520|0603|2022-05-31 16:06:16
512751|0000000751600842              |20220520|215558|024|675|0|30300077|130010006|130759013|1|20220520|213803|8001528|20220520|221817|8001709|1|1250|0|      |20220520|20220520|0603|2022-05-31 16:06:16
513158|0000000785090567              |20220520|194540|012|675|0|30300064|130010015|130759673|1|20220520|193648|8005876|20220520|195901|8001740|3|3750|0|      |20220520|20220520|0603|2022-05-31 16:06:16
513160|0000000789741785              |20220520|094940|009|676|0|30300043|130010015|130759677|4|20220520|092741|8002980|20220520|100705|8002602|1|750|0|      |20220520|20220520|0603|2022-05-31 16:06:16
513162|0000000789596754              |20220520|112741|004|675|0|30300055|130010014|130753249|1|20220520|105154|8001403|20220520|114224|8002357|1|1250|0|      |20220520|20220520|0603|2022-05-31 16:06:16
513164|0000000400193550              |20220520|112919|005|676|0|30300043|130010015|130759609|1|20220520|062414|8002980|20220520|114400|8002602|1|1250|0|      |20220520|20220520|0603|2022-05-31 16:06:16
513166|0000000699320648              |20220520|153432|020|676|0|30300054|130010007|130759357|1|20220520|150359|8001102|20220520|154606|8002452|1|1250|0|      |20220520|20220520|0603|2022-05-31 16:06:16
513168|0000000698947618              |20220520|155036|021|675|0|30300067|130010001|130759481|1|20220520|134858|8001924|20220520|160440|8002650|1|1250|0|      |20220520|20220520|0603|2022-05-31 16:06:16
513170|0000000785649855              |20220520|161445|013|676|0|30300038|130010014|130753508|4|20220520|144413|8002894|20220520|162215|8002064|1|750|0|      |20220520|20220520|0603|2022-05-31 16:06:16
513172|0000000783331032              |20220520|070029|003|675|0|30300067|130010001|130759731|1|20220520|063649|8002446|20220520|070639|8002822|1|1250|0|      |20220520|20220520|0603|2022-05-31 16:06:16
513174|0000000520029864              |20220520|222642|030|675|1|30300066|130010015|130759605|1|20220520|221330|8001668|20220520|223127|8001927|1|0|0|      |20220520|20220520|0603|2022-05-31 16:06:16
513176|0000000516895112              |20220520|190817|003|675|1|30300066|130010015|130759620|1|20220520|184636|8001792|20220520|190907|8002744|1|0|0|      |20220520|20220520|0603|2022-05-31 16:06:16
513178|0000000527189595              |20220520|154155|025|676|1|30300073|130010009|130759177|1|20220520|150622|8002242|20220520|160717|8002202|1|0|0|      |20220520|20220520|0603|2022-05-31 16:06:16
513180|0000000544013432              |20220520|172112|029|678|1|30300074|130010014|130753217|1|20220520|170358|8001096|20220520|174002|8001797|1|0|0|      |20220520|20220520|0603|2022-05-31 16:06:16
513182|0000000521074374              |20220520|180158|007|675|1|30300091|130010013|130759877|1|20220520|160703|8001418|20220520|182825|8001889|1|0|0|      |20220520|20220520|0603|2022-05-31 16:06:16
513184|0000000545782225              |20220520|230215|028|676|1|30300040|130010007|130759389|1|20220520|222354|8007280|20220520|230857|8001086|1|0|0|      |20220520|20220520|0603|2022-05-31 16:06:16
513591|0000000538086525              |20220520|141605|001|675|1|30300067|130010001|130759717|1|20220520|132928|8002357|20220520|144709|8001925|1|0|0|      |20220520|20220520|0603|2022-05-31 16:06:16
513593|0000000292716022              |20220520|151706|026|675|1|30300077|130010006|130752018|1|20220520|145625|8002118|20220520|151832|8001489|1|0|0|      |20220520|20220520|0603|2022-05-31 16:06:16
513595|0000000513780371              |20220520|212336|017|675|1|30300045|130010006|130759002|1|20220520|205331|8002984|20220520|212645|8006001|1|0|0|      |20220520|20220520|0603|2022-05-31 16:06:16
513597|0000000294630530              |20220520|214039|023|676|1|30300070|130010004|130752228|1|20220520|210025|8002730|20220520|220152|8001239|1|0|0|      |20220520|20220520|0603|2022-05-31 16:06:16
513599|0000000305104295              |20220520|172535|009|676|1|30300070|130010004|130752226|1|20220520|164848|8002357|20220520|182202|8001130|1|0|0|      |20220520|20220520|0603|2022-05-31 16:06:16
513601|0000000532582268              |20220520|200643|019|676|1|30300040|130010013|130759818|1|20220520|171719|8002412|20220520|201404|8002939|1|0|0|      |20220520|20220520|0603|2022-05-31 16:06:16
513603|0000000540423309              |20220520|163205|014|675|1|30300079|130010009|130759123|1|20220520|152156|8002119|20220520|163857|8007444|1|0|0|      |20220520|20220520|0603|2022-05-31 16:06:16
513605|0000000517930213              |20220520|172126|019|676|1|30300069|130010001|130759405|1|20220520|153213|8002277|20220520|172803|8002650|1|0|0|      |20220520|20220520|0603|2022-05-31 16:06:16
513607|0000000549406483              |20220520|172810|002|675|1|30300055|130010014|130753221|1|20220520|160644|8001529|20220520|180306|8002685|1|0|0|      |20220520|20220520|0603|2022-05-31 16:06:16
513609|0000000517930213              |20220520|173742|019|676|2|30300041|130010012|130753332|1|20220520|163058|8002650|20220520|175011|8001097|1|0|0|      |20220520|20220520|0603|2022-05-31 16:06:16
513611|0000000521320182              |20220520|171936|029|675|1|30300056|130010012|130753325|1|20220520|165018|8002402|20220520|180749|8002916|1|0|0|      |20220520|20220520|0603|2022-05-31 16:06:16
513613|0000000543055381              |20220520|225828|026|674|2|30300002|130010007|130759319|1|20220520|220023|8001419|20220520|231122|8001964|1|0|0|      |20220520|20220520|0603|2022-05-31 16:06:16
520862|0000000539967885              |20220520|140109|006|678|0|30300074|130010014|130753226|1|20220520|125733|8002994|20220520|140328|8001097|1|1250|0|      |20220520|20220520|0603|2022-05-31 16:06:16
520864|0000000533314425              |20220520|142315|003|675|0|30300046|130010002|130752353|4|20220520|140830|8001369|20220520|145948|8002997|1|750|0|      |20220520|20220520|0603|2022-05-31 16:06:16
520866|0000000528838885              |20220520|143918|001|675|0|30300077|130010006|130752034|1|20220520|141322|8001875|20220520|150347|8001709|1|1250|0|      |20220520|20220520|0603|2022-05-31 16:06:16
520868|0000000541990285              |20220520|144854|030|675|0|30300078|130010008|130752171|4|20220520|143109|8002100|20220520|150348|8001419|1|750|0|      |20220520|20220520|0603|2022-05-31 16:06:16
520870|0000000171906463              |20220520|185511|025|676|0|30300043|130010015|130759632|1|20220520|180524|8002650|20220520|191956|8001247|1|1250|0|      |20220520|20220520|0603|2022-05-31 16:06:16
521277|0000000534859820              |20220520|132531|004|675|0|30300095|130010005|130759202|1|20220520|130930|8001100|20220520|132944|8002831|1|1250|0|      |20220520|20220520|0603|2022-05-31 16:06:16
521279|0000000521029322              |20220520|145005|022|676|0|30300043|130010015|130759640|2|20220520|141713|8002697|20220520|145644|8002887|1|350|0|      |20220520|20220520|0603|2022-05-31 16:06:16
521281|0000000536243250              |20220520|154044|002|676|0|30300131|130010008|130752724|4|20220520|151648|8007365|20220520|160955|8002089|1|750|0|      |20220520|20220520|0603|2022-05-31 16:06:16
521283|0000000543544484              |20220520|221556|002|676|0|30300040|130010013|130759871|1|20220520|201755|8002870|20220520|222002|8001275|1|1250|0|      |20220520|20220520|0603|2022-05-31 16:06:16
521285|0000000547970672              |20220520|193558|011|675|0|30300101|130010002|130752325|4|20220520|153719|8001055|20220520|194049|8001368|1|750|0|      |20220520|20220520|0603|2022-05-31 16:06:16
521287|0000000545647510              |20220520|160340|024|676|0|30300040|130010013|130759813|4|20220520|134536|8001109|20220520|161048|8001275|1|750|0|      |20220520|20220520|0603|2022-05-31 16:06:16
521289|0000000297888512              |20220520|154420|015|676|0|30300087|130010008|130752160|1|20220520|153509|8002541|20220520|160754|8001239|1|1250|0|      |20220520|20220520|0603|2022-05-31 16:06:16
521291|0000000535670618              |20220520|160842|027|675|0|30300047|130010001|130759732|1|20220520|152741|8003102|20220520|162102|8002412|1|1250|0|      |20220520|20220520|0603|2022-05-31 16:06:16
521293|0000000544776057              |20220520|162512|022|676|0|30300040|130010007|130759366|1|20220520|161929|8001193|20220520|163542|8001596|1|1250|0|      |20220520|20220520|0603|2022-05-31 16:06:16
521295|0000000528729866              |20220520|170107|014|674|0|30300100|130010002|130752358|4|20220520|163110|8001492|20220520|171709|8001413|1|750|0|      |20220520|20220520|0603|2022-05-31 16:06:16
521297|0000000544192126              |20220520|174538|014|675|0|30300080|130010009|130759182|1|20220520|115707|8002244|20220520|175642|8001420|1|1250|0|      |20220520|20220520|0603|2022-05-31 16:06:16
521299|0000000533947941              |20220520|224558|011|676|0|30300090|130010005|130759223|4|20220520|141254|8006006|20220520|224629|8002757|1|750|0|      |20220520|20220520|0603|2022-05-31 16:06:16
521301|0000000549402853              |20220520|070159|014|678|0|30300074|130010014|130753219|4|20220520|065051|8002993|20220520|071619|8001797|1|750|0|      |20220520|20220520|0603|2022-05-31 16:06:16
521303|0000000535578911              |20220520|080027|031|676|0|30300093|130010004|130752214|2|20220520|075852|8001780|20220520|080503|8001794|1|350|0|      |20220520|20220520|0603|2022-05-31 16:06:16
521710|0000000905768273              |20220520|200015|009|675|0|30300091|130010013|130759817|1|20220520|182437|8001348|20220520|200419|8001463|1|1250|0|      |20220520|20220520|0603|2022-05-31 16:06:16
521712|0000000903610916              |20220520|100018|024|675|0|30300049|130010004|130752248|1|20220520|053821|8002432|20220520|104055|8002722|1|1250|0|      |20220520|20220520|0603|2022-05-31 16:06:16
521714|0000000767088606              |20220520|103559|021|675|0|30300049|130010004|130752276|1|20220520|081801|8001491|20220520|110012|8003032|1|1250|0|      |20220520|20220520|0603|2022-05-31 16:06:16
521716|0000000708573135              |20220520|113916|028|675|0|30300091|130010013|130759819|1|20220520|095345|8007269|20220520|114629|8002904|1|1250|0|      |20220520|20220520|0603|2022-05-31 16:06:16
521718|0000000725146087              |20220520|154334|003|675|0|30300049|130010004|130752232|1|20220520|065033|8001791|20220520|161826|8001715|1|1250|0|      |20220520|20220520|0603|2022-05-31 16:06:16
521720|0000000900900134              |20220520|155110|027|675|0|30300055|130010014|130753250|1|20220520|153413|8001353|20220520|161418|8002602|1|1250|0|      |20220520|20220520|0603|2022-05-31 16:06:16
521722|0000000903559979              |20220520|160820|017|675|0|30300091|130010013|130759811|1|20220520|140216|8001086|20220520|165241|8002848|1|1250|0|      |20220520|20220520|0603|2022-05-31 16:06:16
521724|0000000769713759              |20220520|225659|018|675|0|30300055|130010014|130753260|1|20220520|222242|8001529|20220520|232300|8001436|1|1250|0|      |20220520|20220520|0603|2022-05-31 16:06:16
521726|0000000910387353              |20220520|061141|001|675|0|30300049|130010004|130752248|1|20220520|053821|8001715|20220520|063749|8003032|1|1250|0|      |20220520|20220520|0603|2022-05-31 16:06:16
521728|0000000742788757              |20220520|065249|006|674|0|30300002|130010007|130759315|1|20220520|060515|8002609|20220520|071800|8001964|1|1250|0|      |20220520|20220520|0603|2022-05-31 16:06:16
521730|0000000768399681              |20220520|064959|025|675|0|30300049|130010004|130752289|1|20220520|060232|8001735|20220520|071542|8001245|1|1250|0|      |20220520|20220520|0603|2022-05-31 16:06:16
521732|0000000735670620              |20220520|070120|022|674|0|30300002|130010007|130759319|1|20220520|062530|8002093|20220520|073921|8002252|1|1250|0|      |20220520|20220520|0603|2022-05-31 16:06:16
521734|0000000655408665              |20220520|073911|019|675|0|30300055|130010014|130753263|1|20220520|071617|8002719|20220520|080013|8001414|1|1250|0|      |20220520|20220520|0603|2022-05-31 16:06:16
522141|0000000773141707              |20220520|132237|004|676|0|30300038|130010014|130753524|1|20220520|125152|8002114|20220520|132450|8002156|1|1250|0|      |20220520|20220520|0603|2022-05-31 16:06:16
522143|0000000774228729              |20220520|221335|010|676|0|30300070|130010004|130752604|1|20220520|212716|8001413|20220520|222126|8002286|1|1250|0|      |20220520|20220520|0603|2022-05-31 16:06:16
522145|0000000740949228              |20220520|201213|023|675|0|30300045|130010006|130752047|1|20220520|182803|8002984|20220520|203827|8001494|1|1250|0|      |20220520|20220520|0603|2022-05-31 16:06:16
522147|0000000709953680              |20220520|103307|030|676|0|30300037|130010006|130752049|1|20220520|093538|8002721|20220520|103448|8002961|1|1250|0|      |20220520|20220520|0603|2022-05-31 16:06:16
522149|0000000677835455              |20220520|111506|008|675|0|30300060|130010014|130753240|1|20220520|091400|8002915|20220520|112438|8001716|1|1250|0|      |20220520|20220520|0603|2022-05-31 16:06:16
525469|0000000536453728              |20220520|112912|015|676|0|30300072|130010001|130759422|1|20220520|063917|8002986|20220520|114121|8002076|1|1250|0|      |20220520|20220520|0603|2022-05-31 16:06:16
525471|0000000139743414              |20220520|125724|021|675|0|30300091|130010013|130759812|1|20220520|122012|8002168|20220520|130129|8002613|1|1250|0|      |20220520|20220520|0603|2022-05-31 16:06:16
525473|0000000547293797              |20220520|135315|014|674|0|30300002|130010007|130759315|1|20220520|133404|8001284|20220520|140100|8002131|1|1250|0|      |20220520|20220520|0603|2022-05-31 16:06:16
525475|0000000507178989              |20220520|144524|022|675|0|30300058|130010004|130752291|4|20220520|135559|8001418|20220520|150044|8002904|1|750|0|      |20220520|20220520|0603|2022-05-31 16:06:16
525477|0000000544710119              |20220520|150758|026|675|0|30300080|130010009|130759145|4|20220520|143224|8001985|20220520|151459|8002912|1|750|0|      |20220520|20220520|0603|2022-05-31 16:06:16
525884|0000000279182891              |20220520|162803|016|675|0|30300059|130010004|130752246|1|20220520|133352|8001846|20220520|163412|8002601|1|1250|0|      |20220520|20220520|0603|2022-05-31 16:06:16
525886|0000000318807746              |20220520|160657|004|675|0|30300067|130010001|130759786|1|20220520|131509|8005875|20220520|161819|8001832|1|1250|0|      |20220520|20220520|0603|2022-05-31 16:06:16
525888|0000000300704247              |20220520|172510|019|675|0|30300045|130010006|130759003|1|20220520|171053|8001277|20220520|173839|8001710|1|1250|0|      |20220520|20220520|0603|2022-05-31 16:06:16
525890|0000000505354294              |20220520|171020|003|675|0|30300095|130010005|130759228|1|20220520|165206|8002379|20220520|173438|8002702|1|1250|0|      |20220520|20220520|0603|2022-05-31 16:06:16
525892|0000000131124448              |20220520|180921|004|676|0|30300041|130010012|130753370|1|20220520|172152|8002088|20220520|181829|8001250|1|1250|0|      |20220520|20220520|0603|2022-05-31 16:06:16
525894|0000000171824371              |20220520|230539|030|676|0|30300086|130010013|130759823|1|20220520|210645|8001476|20220520|232009|8005509|1|1250|0|      |20220520|20220520|0603|2022-05-31 16:06:16
525896|0000000539084467              |20220520|073210|027|675|0|30300067|130010001|130759777|1|20220520|053215|8001252|20220520|075123|8001414|1|1250|0|      |20220520|20220520|0603|2022-05-31 16:06:16
525898|0000000130670192              |20220520|064938|002|676|0|30300087|130010015|130759633|1|20220520|063433|8001278|20220520|073501|8001454|1|1250|0|      |20220520|20220520|0603|2022-05-31 16:06:16
525900|0000000308057907              |20220520|084733|023|675|0|30300055|130010014|130753252|1|20220520|082618|8001667|20220520|085437|8001934|1|1250|0|      |20220520|20220520|0603|2022-05-31 16:06:16
525902|0000000304670712              |20220520|090949|007|675|0|30300082|130010001|130759739|1|20220520|065734|8001928|20220520|091651|8002878|1|1250|0|      |20220520|20220520|0603|2022-05-31 16:06:16
525904|0000000109167416              |20220520|101746|028|676|0|30300087|130010015|130759629|1|20220520|100319|8002544|20220520|102335|8001491|1|1250|0|      |20220520|20220520|0603|2022-05-31 16:06:16
525906|0000000171161966              |20220520|105210|012|674|0|30300002|130010007|130759322|1|20220520|102952|8002131|20220520|112330|8001096|1|1250|0|      |20220520|20220520|0603|2022-05-31 16:06:16
525908|0000000126738992              |20220520|123919|020|676|0|30300037|130010006|130752073|1|20220520|121408|8002340|20220520|125145|8001534|1|1250|0|      |20220520|20220520|0603|2022-05-31 16:06:16
526333|0000000750285071              |20220520|084000|028|676|0|30300054|130010007|130759341|1|20220520|075611|8001089|~       |      |~      |1|1250|0|      |20220520|~       |0603|2022-05-31 16:06:16
526335|0000000771202115              |20220520|084003|001|676|0|30300054|130010007|130759341|1|20220520|075611|8001089|~       |      |~      |1|1250|0|      |20220520|~       |0603|2022-05-31 16:06:16
526337|0000000718111351              |20220520|090232|013|675|0|30300101|130010002|130752304|1|20220520|080205|8001089|~       |      |~      |1|1250|0|      |20220520|~       |0603|2022-05-31 16:06:16
526339|0000000910635470              |20220520|090545|027|676|0|30300054|130010007|130759351|1|20220520|082408|8001089|~       |      |~      |1|1250|0|      |20220520|~       |0603|2022-05-31 16:06:16
526341|0000000723555474              |20220520|090853|005|676|0|30300054|130010007|130759355|1|20220520|083521|8001089|~       |      |~      |1|1250|0|      |20220520|~       |0603|2022-05-31 16:06:16
526343|0000000772030447              |20220520|183305|010|676|1|30300054|130010007|130759363|1|20220520|174037|8001089|~       |      |~      |1|0|0|      |20220520|~       |0603|2022-05-31 16:06:16
526345|0000000906496435              |20220520|183907|007|676|0|30300054|130010007|130759386|1|20220520|175017|8001089|~       |      |~      |1|1250|0|      |20220520|~       |0603|2022-05-31 16:06:16
526347|0000000658760432              |20220520|122650|010|676|0|30300054|130010007|130759345|1|20220520|115334|8001089|~       |      |~      |1|1250|0|      |20220520|~       |0603|2022-05-31 16:06:16
526349|0000000717555991              |20220520|211510|006|676|0|30300054|130010007|130759362|1|20220520|204049|8001089|~       |      |~      |1|1250|0|      |20220520|~       |0603|2022-05-31 16:06:16
526351|0000000917981726              |20220520|200125|001|676|0|30300054|130010007|130759355|1|20220520|192740|8001089|~       |      |~      |1|1250|0|      |20220520|~       |0603|2022-05-31 16:06:16
526353|0000000903490285              |20220520|100544|025|676|0|30300054|130010007|130759357|1|20220520|092812|8001089|~       |      |~      |1|1250|0|      |20220520|~       |0603|2022-05-31 16:06:16
526355|0000000719547297              |20220520|154206|012|676|0|30300054|130010007|130759341|1|20220520|150026|8001089|~       |      |~      |1|1250|0|      |20220520|~       |0603|2022-05-31 16:06:16
526357|0000000675417611              |20220520|163610|007|676|0|30300038|130010014|130753272|1|20220520|152143|8001056|~       |      |~      |1|1250|0|      |20220520|~       |0603|2022-05-31 16:06:16
526359|0000000666951733              |20220520|225317|008|676|0|30300131|130010008|130752723|1|20220520|221917|8001089|~       |      |~      |1|1250|0|      |20220520|~       |0603|2022-05-31 16:06:16
526361|0000000742335961              |20220520|071313|026|675|0|30300056|130010012|130753315|1|20220520|062905|8001056|~       |      |~      |1|1250|0|      |20220520|~       |0603|2022-05-31 16:06:16
526816|0000000758817396              |20220520|182537|028|676|0|30300038|130010014|130753502|1|20220520|175900|8003003|~       |      |~      |1|1250|0|      |20220520|~       |0603|2022-05-31 16:06:16
526818|0000000739362710              |20220520|121217|010|676|0|30300037|130010006|130752049|1|20220520|114039|8003003|~       |      |~      |1|1250|0|      |20220520|~       |0603|2022-05-31 16:06:16
526820|0000000779673522              |20220520|205755|021|676|0|30300037|130010006|130752039|1|20220520|205603|8003003|~       |      |~      |1|1250|0|      |20220520|~       |0603|2022-05-31 16:06:16
526822|0000000706249502              |20220520|102006|010|676|0|30300037|130010006|130752046|1|20220520|101804|8003003|~       |      |~      |1|1250|0|      |20220520|~       |0603|2022-05-31 16:06:16
532701|0000000171754805              |20220520|180453|022|675|0|30300058|130010004|130752263|1|20220520|174329|8002240|20220520|181236|8001876|1|1250|0|      |20220520|20220520|0603|2022-05-31 16:06:16
532703|0000000317334407              |20220520|070140|017|675|0|30300049|130010004|130752276|1|20220520|061540|8001589|20220520|071716|8002412|1|1250|0|      |20220520|20220520|0603|2022-05-31 16:06:16
532705|0000000312496616              |20220520|065723|012|676|0|30300037|130010006|130752027|1|20220520|063106|8002312|20220520|074249|8002921|1|1250|0|      |20220520|20220520|0603|2022-05-31 16:06:16
532707|0000000533216051              |20220520|071811|009|675|0|30300055|130010014|130753213|4|20220520|062126|8002734|20220520|073749|8001847|1|750|0|      |20220520|20220520|0603|2022-05-31 16:06:16
532709|0000000131062178              |20220520|075325|017|675|0|30300066|130010015|130759687|1|20220520|074514|8005876|20220520|084517|8001484|1|1250|0|      |20220520|20220520|0603|2022-05-31 16:06:16
532711|0000000301549874              |20220520|081959|002|674|0|30300002|130010007|130759324|1|20220520|065657|8002743|20220520|082717|8002981|1|1250|0|      |20220520|20220520|0603|2022-05-31 16:06:16
532713|0000000533561720              |20220520|082110|022|675|0|30300083|130010001|130759710|4|20220520|075517|8002572|20220520|084518|8001539|1|750|0|      |20220520|20220520|0603|2022-05-31 16:06:16
532715|0000000540261874              |20220520|081749|023|678|0|30300074|130010014|130753614|1|20220520|071718|8007371|20220520|082400|8001097|1|1250|0|      |20220520|20220520|0603|2022-05-31 16:06:16
532987|0000000534794063              |20220520|130530|025|675|0|30300075|130010005|130759213|1|20220520|111509|8003022|20220520|131719|8002658|1|1250|0|      |20220520|20220520|0603|2022-05-31 16:06:16
532989|0000000308070345              |20220520|144709|027|676|0|30300130|130010008|130752718|1|20220520|100103|8005988|20220520|150145|8001348|1|1250|0|      |20220520|20220520|0603|2022-05-31 16:06:16
532991|0000000545795602              |20220520|151757|025|675|0|30300047|130010001|130759718|4|20220520|150945|8001393|20220520|153549|8002542|1|750|0|      |20220520|20220520|0603|2022-05-31 16:06:16
532993|0000000524669172              |20220520|212015|017|676|0|30300054|130010007|130759379|4|20220520|202721|8001555|20220520|212938|8001782|1|750|0|      |20220520|20220520|0603|2022-05-31 16:06:16
532995|0000000543716173              |20220520|175140|012|675|0|30300049|130010004|130752285|1|20220520|161916|8001659|20220520|185203|8001060|1|1250|0|      |20220520|20220520|0603|2022-05-31 16:06:16
532997|0000000525993792              |20220520|160412|030|674|0|30300002|130010007|130759335|1|20220520|151537|8002464|20220520|161834|8001994|1|1250|0|      |20220520|20220520|0603|2022-05-31 16:06:16
532999|0000000546901493              |20220520|165118|020|680|0|30300052|130010002|130752329|1|20220520|160548|8001525|20220520|171409|8001934|1|1250|0|      |20220520|20220520|0603|2022-05-31 16:06:16
533001|0000000526526172              |20220520|174318|002|675|0|30300108|130010007|130759316|4|20220520|173506|8070046|20220520|175535|8002375|1|750|0|      |20220520|20220520|0603|2022-05-31 16:06:16
533003|0000000535487278              |20220520|182043|008|676|0|30300040|130010013|130759813|4|20220520|170607|8001086|20220520|183022|8001097|1|750|0|      |20220520|20220520|0603|2022-05-31 16:06:16
533005|0000000546024558              |20220520|231325|026|675|0|30300045|130010006|130759002|1|20220520|205331|8002403|20220520|232914|8003071|1|1250|0|      |20220520|20220520|0603|2022-05-31 16:06:16
533007|0000000171756864              |20220520|060541|008|676|0|30300087|130010008|130752160|1|20220520|053600|8001951|20220520|061948|8002545|1|1250|0|      |20220520|20220520|0603|2022-05-31 16:06:16
533009|0000000531716791              |20220520|065846|019|679|0|30300063|130010001|130759719|1|20220520|064741|8001534|20220520|070424|8001994|1|1250|0|      |20220520|20220520|0603|2022-05-31 16:06:16
533011|0000000522327003              |20220520|075333|005|675|0|30300049|130010004|130752287|4|20220520|070452|8005909|20220520|075807|8001056|1|750|0|      |20220520|20220520|0603|2022-05-31 16:06:16
533013|0000000102200499              |20220520|080900|014|675|0|30300058|130010004|130752288|1|20220520|063114|8002947|20220520|082419|8001419|1|1250|0|      |20220520|20220520|0603|2022-05-31 16:06:16
533312|0000000533246874              |20220520|204545|003|676|0|30300072|130010001|130759431|4|20220520|203829|8001234|20220520|205517|8001348|1|750|0|      |20220520|20220520|0603|2022-05-31 16:06:16
533314|0000000536243367              |20220520|173916|025|675|0|30300060|130010014|130753504|4|20220520|145042|8002453|20220520|174509|8002088|1|750|0|      |20220520|20220520|0603|2022-05-31 16:06:16
533316|0000000266286924              |20220520|174137|004|676|0|30300130|130010008|130752148|4|20220520|172336|8002305|20220520|180657|8002454|1|750|0|      |20220520|20220520|0603|2022-05-31 16:06:16
533318|0000000171706648              |20220520|184446|028|676|0|30300037|130010006|130752037|1|20220520|132426|8002635|20220520|185711|8001443|1|1250|0|      |20220520|20220520|0603|2022-05-31 16:06:16
533320|0000000536545338              |20220520|071823|027|676|0|30300054|130010007|130759382|1|20220520|070226|8001762|20220520|074319|8001923|1|1250|0|      |20220520|20220520|0603|2022-05-31 16:06:16
533322|0000000549375633              |20220520|081133|015|676|0|30300130|130010008|130752149|1|20220520|080157|8002823|20220520|082046|8005988|1|1250|0|      |20220520|20220520|0603|2022-05-31 16:06:16
533324|0000000540003873              |20220520|084853|021|675|0|30300076|130010014|130753270|1|20220520|075527|8002733|20220520|090234|8002634|1|1250|0|      |20220520|20220520|0603|2022-05-31 16:06:16
533326|0000000535338841              |20220520|084708|017|675|0|30300095|130010005|130759210|1|20220520|081626|8001743|20220520|085518|8002276|1|1250|0|      |20220520|20220520|0603|2022-05-31 16:06:16
533328|0000000102436177              |20220520|095030|026|675|0|30300091|130010013|130759877|1|20220520|090130|8002906|20220520|101121|8005994|1|1250|0|      |20220520|20220520|0603|2022-05-31 16:06:16
533330|0000000532600839              |20220520|101055|003|675|0|30300081|130010011|130759582|1|20220520|075345|8002426|20220520|102202|8001554|1|1250|0|      |20220520|20220520|0603|2022-05-31 16:06:16
533332|0000000279291368              |20220520|110228|013|674|0|30300002|130010007|130759315|1|20220520|094926|8002743|20220520|110318|8002743|1|1250|0|      |20220520|20220520|0603|2022-05-31 16:06:16
533334|0000000541351139              |20220520|103031|019|676|0|30300037|130010006|130752038|1|20220520|094718|8002235|20220520|105523|8002345|1|1250|0|      |20220520|20220520|0603|2022-05-31 16:06:16
533336|0000000303116802              |20220520|115600|026|674|0|30300002|130010007|130759336|1|20220520|113417|8002131|20220520|123928|8005994|1|1250|0|      |20220520|20220520|0603|2022-05-31 16:06:16
535190|0000000531646433              |20220520|083315|004|676|0|30300051|130010008|130752122|1|20220520|071500|8001714|~       |      |~      |1|1250|0|      |20220520|~       |0603|2022-05-31 16:06:16
535192|0000000518837556              |20220520|090615|013|675|3|30300064|130010015|130759624|1|20220520|060315|8002635|~       |      |~      |1|0|0|      |20220520|~       |0603|2022-05-31 16:06:16
535687|0000000529261657              |20220520|083033|006|676|0|30300041|130010012|130753324|1|20220520|082007|8003100|~       |      |~      |1|1250|0|      |20220520|~       |0603|2022-05-31 16:06:16
535689|0000000531850779              |20220520|192001|022|675|1|30300091|130010013|130759811|4|20220520|173258|8001348|~       |      |~      |1|0|0|      |20220520|~       |0603|2022-05-31 16:06:16
535691|0000000524293889              |20220520|202722|007|675|0|30300066|130010015|130759688|4|20220520|194124|8001539|~       |      |~      |1|750|0|      |20220520|~       |0603|2022-05-31 16:06:16
535693|0000000597701754              |20220520|173906|002|676|0|30300088|130010002|130752364|1|20220520|143534|8002721|~       |      |~      |1|1250|0|      |20220520|~       |0603|2022-05-31 16:06:16
535695|0000000519852441              |20220520|181123|014|676|0|30300051|130010008|130752110|4|20220520|180041|8001152|~       |      |~      |1|750|0|      |20220520|~       |0603|2022-05-31 16:06:16
535697|0000000573333968              |20220520|062956|002|675|0|30300078|130010008|130752172|4|20220520|062431|8001430|~       |      |~      |1|750|0|      |20220520|~       |0603|2022-05-31 16:06:16
535699|0000000535640741              |20220520|090145|022|675|1|30300091|130010013|130759811|1|20220520|071042|8007271|~       |      |~      |1|0|0|      |20220520|~       |0603|2022-05-31 16:06:16
535761|0000000825216814              |20220520|094952|005|675|1|30300081|130010011|130759511|1|20220520|080345|8001060|~       |      |~      |1|0|0|      |20220520|~       |0603|2022-05-31 16:06:16
535763|0000000801473246              |20220520|114916|031|675|1|30300077|130010006|130759015|1|20220520|105325|8001033|~       |      |~      |1|0|0|      |20220520|~       |0603|2022-05-31 16:06:16
535765|0000000545522019              |20220520|122047|015|676|0|30300039|130010005|130759212|1|20220520|115652|8001192|~       |      |~      |1|1250|0|      |20220520|~       |0603|2022-05-31 16:06:16
507913|0000000400212468              |20220520|155822|002|675|0|30300078|130010008|130752165|1|20220520|152743|8007278|20220520|161529|8002605|1|1250|0|      |20220520|20220520|0603|2022-05-31 16:06:16
507915|0000000781126617              |20220520|222511|001|676|0|30300043|130010015|130759689|1|20220520|220059|8001831|20220520|223501|8001252|1|1250|0|      |20220520|20220520|0603|2022-05-31 16:06:16
507917|0000000400184136              |20220520|061850|029|675|0|30300082|130010001|130759485|1|20220520|054222|8005922|20220520|062246|8001746|1|1250|0|      |20220520|20220520|0603|2022-05-31 16:06:16
507919|0000000789158187              |20220520|070537|002|676|0|30300068|130010006|130752030|4|20220520|064930|8003101|20220520|075022|8001097|1|750|0|      |20220520|20220520|0603|2022-05-31 16:06:16
507921|0000000694936143              |20220520|143908|021|676|0|30300068|130010006|130752028|1|20220520|132956|8003101|20220520|151809|8001097|1|1250|0|      |20220520|20220520|0603|2022-05-31 16:06:16
507923|0000000790674152              |20220520|081920|009|675|0|30300067|130010001|130759473|1|20220520|064944|8002381|20220520|082202|8001713|1|1250|0|      |20220520|20220520|0603|2022-05-31 16:06:16
507925|0000000699318199              |20220520|083435|015|674|0|30300104|130010002|130752507|1|20220520|081358|8005996|20220520|084935|8001028|1|1250|0|      |20220520|20220520|0603|2022-05-31 16:06:16
507927|0000000400139258              |20220520|092841|019|675|0|30300083|130010001|130759478|1|20220520|084707|8002803|20220520|094426|8002570|1|1250|0|      |20220520|20220520|0603|2022-05-31 16:06:16
507929|0000000789583214              |20220520|093805|030|676|0|30300071|130010009|130759105|1|20220520|054255|8001408|20220520|093930|8001464|1|1250|0|      |20220520|20220520|0603|2022-05-31 16:06:16
507931|0000000400187048              |20220520|171419|007|675|0|30300046|130010002|130752366|1|20220520|144605|8002411|20220520|173043|8001014|1|1250|0|      |20220520|20220520|0603|2022-05-31 16:06:16
507933|0000000680781477              |20220520|173753|011|675|0|30300046|130010002|130752352|1|20220520|154923|8007164|20220520|175741|8002210|1|1250|0|      |20220520|20220520|0603|2022-05-31 16:06:16
507935|0000000793929814              |20220520|181658|003|674|0|30300104|130010002|130752300|1|20220520|170031|8005996|20220520|182512|8001028|1|1250|0|      |20220520|20220520|0603|2022-05-31 16:06:16
507937|0000000792966305              |20220520|182339|025|675|0|30300046|130010002|130752352|1|20220520|154923|8002411|20220520|184250|8001014|1|1250|0|      |20220520|20220520|0603|2022-05-31 16:06:16
508460|0000000516691504              |20220520|204152|024|676|0|30300068|130010006|130752008|1|20220520|203429|8003101|20220520|210803|8001541|1|1250|0|      |20220520|20220520|0603|2022-05-31 16:06:16
508462|0000000539838457              |20220520|213136|011|676|0|30300037|130010006|130752046|1|20220520|211710|8001590|20220520|214459|8005517|1|1250|0|      |20220520|20220520|0603|2022-05-31 16:06:16
508464|0000000541461575              |20220520|213257|007|675|0|30300056|130010012|130753371|1|20220520|125939|8001425|20220520|215857|8001851|1|1250|0|      |20220520|20220520|0603|2022-05-31 16:06:16
508466|0000000546150813              |20220520|221222|010|675|0|30300058|130010004|130752200|1|20220520|213909|8001647|20220520|223730|8001553|1|1250|0|      |20220520|20220520|0603|2022-05-31 16:06:16
508468|0000000530896091              |20220520|185559|022|676|0|30300069|130010001|130759437|1|20220520|182750|8001135|20220520|190213|8001587|1|1250|0|      |20220520|20220520|0603|2022-05-31 16:06:16
508470|0000000273999211              |20220520|191819|028|676|0|30300041|130010012|130753312|1|20220520|190238|8002412|20220520|193124|8001287|1|1250|0|      |20220520|20220520|0603|2022-05-31 16:06:16
508472|0000000538844095              |20220520|202005|021|676|0|30300054|130010007|130759387|1|20220520|201139|8002909|20220520|202311|8001556|1|1250|0|      |20220520|20220520|0603|2022-05-31 16:06:16
508474|0000000532016023              |20220520|201848|005|676|0|30300071|130010009|130759176|1|20220520|195734|8001463|20220520|204113|8001380|1|1250|0|      |20220520|20220520|0603|2022-05-31 16:06:16
508476|0000000313659518              |20220520|170746|022|676|0|30300054|130010007|130759387|1|20220520|163628|8005944|20220520|171033|8001312|1|1250|0|      |20220520|20220520|0603|2022-05-31 16:06:16
508478|0000000529806429              |20220520|181437|029|676|0|30300041|130010012|130753320|1|20220520|144907|8002411|20220520|182909|8070030|1|1250|0|      |20220520|20220520|0603|2022-05-31 16:06:16
508480|0000000301819892              |20220520|180401|024|676|0|30300093|130010004|130752225|1|20220520|160914|8002315|20220520|181118|8001097|1|1250|0|      |20220520|20220520|0603|2022-05-31 16:06:16
508482|0000000545088479              |20220520|181439|001|675|0|30300145|130010014|130753606|1|20220520|173911|8002742|20220520|182652|8002395|1|1250|0|      |20220520|20220520|0603|2022-05-31 16:06:16
508484|0000000531710484              |20220520|184015|001|676|0|30300071|130010009|130759139|1|20220520|183456|8002824|20220520|185532|8002251|1|1250|0|      |20220520|20220520|0603|2022-05-31 16:06:16
508486|0000000532280182              |20220520|224906|018|676|0|30300071|130010009|130759106|1|20220520|222812|8001989|20220520|231951|8001791|1|1250|0|      |20220520|20220520|0603|2022-05-31 16:06:16
512355|0000000903797202              |20220520|210340|014|675|0|30300049|130010004|130752285|1|20220520|200923|8001276|20220520|210808|8001494|1|1250|0|      |20220520|20220520|0603|2022-05-31 16:06:16
512357|0000000752971855              |20220520|104513|002|675|0|30300045|130010006|130752055|1|20220520|102817|8002589|20220520|104649|8002973|1|1250|0|      |20220520|20220520|0603|2022-05-31 16:06:16
512359|0000000705581847              |20220520|113545|020|675|0|30300060|130010014|130753504|1|20220520|104135|8001587|20220520|115313|8001953|1|1250|0|      |20220520|20220520|0603|2022-05-31 16:06:16
512361|0000000743323473              |20220520|121119|004|678|0|30300074|130010014|130753219|1|20220520|112402|8002695|20220520|121318|8002934|1|1250|0|      |20220520|20220520|0603|2022-05-31 16:06:16
512363|0000000724487493              |20220520|154913|021|675|0|30300048|130010006|130752021|1|20220520|145526|8002415|20220520|160331|8001677|1|1250|0|      |20220520|20220520|0603|2022-05-31 16:06:16
512365|0000000900425961              |20220520|150132|026|675|0|30300047|130010001|130759438|1|20220520|144745|8002961|20220520|155156|8007157|1|1250|0|      |20220520|20220520|0603|2022-05-31 16:06:16
512367|0000000918264909              |20220520|154749|001|675|0|30300058|130010004|130752291|1|20220520|151610|8001528|20220520|162752|8005916|1|1250|0|      |20220520|20220520|0603|2022-05-31 16:06:16
512369|0000000725907278              |20220520|222945|008|675|0|30300049|130010004|130752285|1|20220520|200923|8002722|20220520|224041|8005554|1|1250|0|      |20220520|20220520|0603|2022-05-31 16:06:16
512371|0000000741750926              |20220520|230104|011|675|0|30300045|130010006|130752012|1|20220520|223509|8002720|20220520|232852|8001714|1|1250|0|      |20220520|20220520|0603|2022-05-31 16:06:16
512373|0000000665755796              |20220520|054147|013|675|0|30300047|130010001|130759705|1|20220520|053527|8001827|20220520|061108|8002412|1|1250|0|      |20220520|20220520|0603|2022-05-31 16:06:16
512780|0000000706763638              |20220520|224239|003|674|0|30300100|130010002|130752503|1|20220520|222112|8002432|20220520|225227|8001083|1|1250|0|      |20220520|20220520|0603|2022-05-31 16:06:16
512782|0000000642761148              |20220520|053713|029|675|0|30300081|130010011|130759511|1|20220520|053308|8001889|20220520|055343|8002969|1|1250|0|      |20220520|20220520|0603|2022-05-31 16:06:16
512784|0000000751246246              |20220520|063747|004|675|0|30300067|130010001|130759742|1|20220520|060403|8002650|20220520|064658|8001414|1|1250|0|      |20220520|20220520|0603|2022-05-31 16:06:16
512786|0000000677832170              |20220520|070535|021|679|0|30300063|130010001|130759482|1|20220520|052906|8001243|20220520|071725|8001412|1|1250|0|      |20220520|20220520|0603|2022-05-31 16:06:16
512788|0000000641528051              |20220520|072322|009|679|0|30300063|130010001|130759774|1|20220520|070054|8001859|20220520|073431|8001835|1|1250|0|      |20220520|20220520|0603|2022-05-31 16:06:16
512790|0000000778310931              |20220520|073128|012|675|0|30300053|130010002|130752384|1|20220520|070513|8001081|20220520|075948|8001949|1|1250|0|      |20220520|20220520|0603|2022-05-31 16:06:16
512792|0000000921618809              |20220520|073055|003|675|0|30300058|130010004|130752288|1|20220520|063114|8007271|20220520|073349|8002241|1|1250|0|      |20220520|20220520|0603|2022-05-31 16:06:16
512794|0000000725385287              |20220520|073946|002|678|0|30300074|130010014|130753614|1|20220520|071718|8003010|20220520|074757|8002829|1|1250|0|      |20220520|20220520|0603|2022-05-31 16:06:16
512796|0000000772951853              |20220520|132704|015|675|0|30300075|130010005|130759227|1|20220520|131204|8001381|20220520|140723|8001532|1|1250|0|      |20220520|20220520|0603|2022-05-31 16:06:16
512798|0000000741291403              |20220520|080425|025|675|0|30300053|130010002|130752378|1|20220520|074129|8001156|20220520|083326|8001239|1|1250|0|      |20220520|20220520|0603|2022-05-31 16:06:16
512800|0000000625359479              |20220520|075635|005|675|0|30300055|130010014|130753221|1|20220520|070433|8002343|20220520|082052|8001536|1|1250|0|      |20220520|20220520|0603|2022-05-31 16:06:16
512802|0000000743232600              |20220520|082656|002|675|0|30300095|130010005|130759230|1|20220520|073637|8001646|20220520|084125|8001947|1|1250|0|      |20220520|20220520|0603|2022-05-31 16:06:16
512804|0000000777563646              |20220520|085237|027|675|0|30300060|130010014|130753245|1|20220520|062358|8001239|20220520|091715|8001005|1|1250|0|      |20220520|20220520|0603|2022-05-31 16:06:16
512806|0000000737317408              |20220520|084721|030|681|0|30300042|130010009|130759140|1|20220520|082854|8002641|20220520|085944|8001949|1|1250|0|      |20220520|20220520|0603|2022-05-31 16:06:16
513213|0000000522436484              |20220520|212928|029|675|1|30300060|130010014|130753526|1|20220520|203802|8002425|20220520|213945|8001052|1|0|0|      |20220520|20220520|0603|2022-05-31 16:06:16
513215|0000000545627554              |20220520|190046|030|676|1|30300131|130010008|130752722|1|20220520|170712|8001290|20220520|190727|8007397|1|0|0|      |20220520|20220520|0603|2022-05-31 16:06:16
513217|0000000536447954              |20220520|200432|011|676|1|30300088|130010006|130752016|1|20220520|185410|8001168|20220520|201538|8001577|1|0|0|      |20220520|20220520|0603|2022-05-31 16:06:16
513219|0000000542757014              |20220520|200010|027|675|1|30300101|130010002|130752396|1|20220520|194244|8001029|20220520|202149|8007011|1|0|0|      |20220520|20220520|0603|2022-05-31 16:06:16
513221|0000000525689342              |20220520|145542|010|675|3|30300075|130010005|130759203|1|20220520|131138|8001417|20220520|151842|8002615|1|0|0|      |20220520|20220520|0603|2022-05-31 16:06:16
513223|0000000544946568              |20220520|163727|007|676|1|30300093|130010004|130752282|1|20220520|150948|8002356|20220520|164631|8007006|1|0|0|      |20220520|20220520|0603|2022-05-31 16:06:16
513225|0000000535093953              |20220520|172858|006|675|1|30300101|130010002|130752304|1|20220520|171324|8002452|20220520|173846|8001368|1|0|0|      |20220520|20220520|0603|2022-05-31 16:06:16
513227|0000000543650215              |20220520|173036|031|676|1|30300131|130010008|130752709|1|20220520|164927|8002160|20220520|173213|8007011|1|0|0|      |20220520|20220520|0603|2022-05-31 16:06:16
513229|0000000544764235              |20220520|181117|009|676|1|30300093|130010004|130752225|1|20220520|160914|8001097|20220520|181952|8001035|1|0|0|      |20220520|20220520|0603|2022-05-31 16:06:16
513231|0000000534855845              |20220520|183534|005|676|1|30300040|130010013|130759818|1|20220520|171719|8001097|20220520|184622|8002894|1|0|0|      |20220520|20220520|0603|2022-05-31 16:06:16
513233|0000000547865318              |20220520|223409|017|676|1|30300040|130010007|130759380|1|20220520|220229|8001655|20220520|224809|8001086|1|0|0|      |20220520|20220520|0603|2022-05-31 16:06:16
513235|0000000541685813              |20220520|063647|030|676|1|30300090|130010005|130759223|1|20220520|054050|8003006|20220520|064901|8001536|1|0|0|      |20220520|20220520|0603|2022-05-31 16:06:16
513237|0000000523533230              |20220520|070407|026|675|1|30300080|130010009|130759182|1|20220520|052143|8001418|20220520|072739|8001788|1|0|0|      |20220520|20220520|0603|2022-05-31 16:06:16
514535|0000000543541235              |20220520|214504|027|676|1|30300070|130010004|130752283|1|20220520|144300|8002437|20220520|220123|8001383|1|0|0|      |20220520|20220520|0603|2022-05-31 16:06:16
514537|0000000298123065              |20220520|162810|024|676|1|30300087|130010008|130752150|1|20220520|143220|8002118|20220520|163522|8002966|1|0|0|      |20220520|20220520|0603|2022-05-31 16:06:16
514539|0000000544012991              |20220520|153313|031|675|1|30300064|130010015|130759683|1|20220520|151455|8002437|20220520|155741|8001357|1|0|0|      |20220520|20220520|0603|2022-05-31 16:06:16
514541|0000000522637153              |20220520|171854|029|674|1|30300002|130010007|130759335|1|20220520|165925|8002437|20220520|174809|8001536|1|0|0|      |20220520|20220520|0603|2022-05-31 16:06:16
514543|0000000522441532              |20220520|170556|004|674|2|30300002|130010007|130759327|1|20220520|164306|8002437|20220520|175527|8002132|1|0|0|      |20220520|20220520|0603|2022-05-31 16:06:16
514545|0000000513779018              |20220520|181010|017|676|1|30300130|130010008|130752140|1|20220520|173425|8002437|20220520|182131|8002340|1|0|0|      |20220520|20220520|0603|2022-05-31 16:06:16
514547|0000000102701275              |20220520|061614|006|676|1|30300086|130010013|130759820|1|20220520|061136|8002437|20220520|071339|8005953|1|0|0|      |20220520|20220520|0603|2022-05-31 16:06:16
514549|0000000546677656              |20220520|063834|016|675|1|30300050|130010007|130759370|1|20220520|060931|8002412|20220520|065604|8003047|1|0|0|      |20220520|20220520|0603|2022-05-31 16:06:16
514551|0000000114636937              |20220520|072537|031|676|1|30300088|130010002|130752338|1|20220520|064901|8002412|20220520|081410|8002091|1|0|0|      |20220520|20220520|0603|2022-05-31 16:06:16
514553|0000000522438224              |20220520|075551|001|675|1|30300050|130010007|130759309|1|20220520|071642|8002412|20220520|082830|8002026|1|0|0|      |20220520|20220520|0603|2022-05-31 16:06:16
514555|0000000546248602              |20220520|084358|001|675|1|30300079|130010009|130759110|1|20220520|062446|8001529|20220520|090023|8002724|1|0|0|      |20220520|20220520|0603|2022-05-31 16:06:16
514557|0000000546578355              |20220520|100349|027|676|2|30300040|130010013|130759873|1|20220520|073001|8002412|20220520|101115|8002939|1|0|0|      |20220520|20220520|0603|2022-05-31 16:06:16
514559|0000000292489528              |20220520|095955|025|675|1|30300047|130010001|130759433|1|20220520|091034|8002412|20220520|100651|8002939|1|0|0|      |20220520|20220520|0603|2022-05-31 16:06:16
514561|0000000531684260              |20220520|100721|001|675|2|30300050|130010007|130759370|1|20220520|093218|8002412|20220520|102448|8003047|1|0|0|      |20220520|20220520|0603|2022-05-31 16:06:16
514968|0000000516894844              |20220520|104223|028|675|1|30300064|130010015|130759638|1|20220520|100246|8002454|20220520|104838|8002528|1|0|0|      |20220520|20220520|0603|2022-05-31 16:06:16
514970|0000000522637153              |20220520|113804|028|676|1|30300070|130010004|130752603|1|20220520|110730|8002454|20220520|114645|8002982|1|0|0|      |20220520|20220520|0603|2022-05-31 16:06:16
514972|0000000298668188              |20220520|115451|024|676|1|30300051|130010008|130752161|1|20220520|113630|8002454|20220520|123522|8001290|1|0|0|      |20220520|20220520|0603|2022-05-31 16:06:16
514974|0000000319993697              |20220520|131943|008|676|1|30300130|130010008|130752146|1|20220520|123826|8005881|20220520|132838|8001236|1|0|0|      |20220520|20220520|0603|2022-05-31 16:06:16
514976|0000000517768470              |20220520|141539|025|676|1|30300038|130010014|130753272|1|20220520|061143|8005881|20220520|142351|8001443|1|0|0|      |20220520|20220520|0603|2022-05-31 16:06:16
514978|0000000316671894              |20220520|145357|021|675|3|30300127|130010004|130752209|1|20220520|144902|8001028|20220520|150529|8007284|1|0|0|      |20220520|20220520|0603|2022-05-31 16:06:16
514980|0000000525695948              |20220520|144816|005|675|3|30300079|130010009|130759148|1|20220520|141417|8002454|20220520|151057|8001483|1|0|0|      |20220520|20220520|0603|2022-05-31 16:06:16
514982|0000000300209124              |20220520|155643|004|676|1|30300038|130010014|130753508|1|20220520|144413|8005881|20220520|161227|8001401|1|0|0|      |20220520|20220520|0603|2022-05-31 16:06:16
514984|0000000540794947              |20220520|191140|017|675|1|30300079|130010009|130759123|1|20220520|152156|8002454|20220520|192027|8002802|1|0|0|      |20220520|20220520|0603|2022-05-31 16:06:16
514986|0000000313702424              |20220520|155923|005|676|1|30300037|130010006|130752046|1|20220520|154357|8005881|20220520|161338|8002898|1|0|0|      |20220520|20220520|0603|2022-05-31 16:06:16
514988|0000000300708964              |20220520|154111|027|675|1|30300055|130010014|130753209|1|20220520|145048|8005881|20220520|155152|8001402|1|0|0|      |20220520|20220520|0603|2022-05-31 16:06:16
514990|0000000545627753              |20220520|172657|025|676|1|30300037|130010006|130759023|1|20220520|153028|8005881|20220520|174503|8001534|1|0|0|      |20220520|20220520|0603|2022-05-31 16:06:16
514992|0000000545307846              |20220520|062928|009|675|1|30300055|130010014|130753269|1|20220520|055926|8001934|20220520|064003|8002635|1|0|0|      |20220520|20220520|0603|2022-05-31 16:06:16
515399|0000000669056250              |20220520|221502|010|676|0|30300089|130010011|130759518|1|20220520|142951|8002133|20220520|230515|8001989|1|1250|0|      |20220520|20220520|0603|2022-05-31 16:06:16
515401|0000000903621691              |20220520|222242|015|675|0|30300078|130010008|130752168|1|20220520|205351|8001931|20220520|223012|8003075|1|1250|0|      |20220520|20220520|0603|2022-05-31 16:06:16
515403|0000000626601485              |20220520|075548|023|676|0|30300041|130010012|130753310|1|20220520|072629|8001287|20220520|080147|8001076|1|1250|0|      |20220520|20220520|0603|2022-05-31 16:06:16
515405|0000000773416509              |20220520|073313|031|676|0|30300070|130010004|130752283|1|20220520|071636|8002296|20220520|074118|8001348|1|1250|0|      |20220520|20220520|0603|2022-05-31 16:06:16
515407|0000000733266995              |20220520|083138|004|675|0|30300091|130010013|130759881|1|20220520|073849|8001085|20220520|083314|8002905|1|1250|0|      |20220520|20220520|0603|2022-05-31 16:06:16
515409|0000000918093574              |20220520|072303|012|675|0|30300053|130010002|130752384|1|20220520|070513|8001152|20220520|081022|8005583|1|1250|0|      |20220520|20220520|0603|2022-05-31 16:06:16
515411|0000000741237414              |20220520|080907|028|675|0|30300055|130010014|130753213|1|20220520|080017|8001846|20220520|082800|8001927|1|1250|0|      |20220520|20220520|0603|2022-05-31 16:06:16
515413|0000000911437743              |20220520|075252|013|675|0|30300060|130010014|130753241|1|20220520|053902|8001868|20220520|081958|8002453|1|1250|0|      |20220520|20220520|0603|2022-05-31 16:06:16
515415|0000000731746367              |20220520|080232|015|674|0|30300104|130010002|130752346|1|20220520|053619|8005997|20220520|082237|8002453|1|1250|0|      |20220520|20220520|0603|2022-05-31 16:06:16
515417|0000000764158207              |20220520|075735|013|675|0|30300050|130010007|130759342|1|20220520|074040|8002052|20220520|083415|8002399|1|1250|0|      |20220520|20220520|0603|2022-05-31 16:06:16
517997|0000000539923137              |20220520|210743|016|676|0|30300087|130010015|130759611|1|20220520|195853|8001240|20220520|211312|8001276|1|1250|0|      |20220520|20220520|0603|2022-05-31 16:06:16
517999|0000000528291389              |20220520|211358|007|676|0|30300069|130010001|130759437|4|20220520|210819|8002668|20220520|212124|8001059|1|750|0|      |20220520|20220520|0603|2022-05-31 16:06:16
518001|0000000522437761              |20220520|222147|010|676|0|30300093|130010004|130752273|2|20220520|203759|8001586|20220520|222713|8001782|1|350|0|      |20220520|20220520|0603|2022-05-31 16:06:16
518003|0000000533411813              |20220520|184013|007|676|0|30300087|130010015|130759611|4|20220520|174925|8002453|20220520|192010|8001474|1|750|0|      |20220520|20220520|0603|2022-05-31 16:06:16
518005|0000000548628843              |20220520|193502|020|675|0|30300058|130010004|130752293|1|20220520|142407|8007274|20220520|194509|8001875|1|1250|0|      |20220520|20220520|0603|2022-05-31 16:06:16
518007|0000000166904029              |20220520|204818|006|676|0|30300070|130010004|130752238|1|20220520|195700|8001421|20220520|210631|8002826|1|1250|0|      |20220520|20220520|0603|2022-05-31 16:06:16
518009|0000000510376509              |20220520|161112|016|675|0|30300095|130010005|130759229|4|20220520|155817|8001755|20220520|165320|8002467|1|750|0|      |20220520|20220520|0603|2022-05-31 16:06:16
518011|0000000544805677              |20220520|160835|029|676|0|30300043|130010015|130759604|4|20220520|151232|8002696|20220520|161252|8001247|1|750|0|      |20220520|20220520|0603|2022-05-31 16:06:16
518013|0000000546590260              |20220520|162817|026|676|0|30300037|130010006|130752005|4|20220520|161423|8002344|20220520|164041|8002898|1|750|0|      |20220520|20220520|0603|2022-05-31 16:06:16
518015|0000000544707874              |20220520|165152|004|676|0|30300040|130010007|130759359|4|20220520|153952|8001034|20220520|165445|8001611|1|750|0|      |20220520|20220520|0603|2022-05-31 16:06:16
518017|0000000530210383              |20220520|172407|003|676|0|30300072|130010001|130759431|1|20220520|171910|8002305|20220520|173409|8002488|1|1250|0|      |20220520|20220520|0603|2022-05-31 16:06:16
518424|0000000540351418              |20220520|081806|015|676|0|30300093|130010004|130752231|4|20220520|073525|8002312|20220520|085907|8001586|1|750|0|      |20220520|20220520|0603|2022-05-31 16:06:16
518426|0000000522437309              |20220520|101423|012|675|0|30300055|130010014|130753211|1|20220520|054612|8002345|20220520|101936|8002357|1|1250|0|      |20220520|20220520|0603|2022-05-31 16:06:16
518428|0000000171819441              |20220520|103158|022|679|0|30300063|130010001|130759482|1|20220520|094026|8001963|20220520|104238|8002357|1|1250|0|      |20220520|20220520|0603|2022-05-31 16:06:16
518430|0000000532854507              |20220520|121110|021|675|0|30300049|130010004|130752233|1|20220520|103820|8001927|20220520|121958|8002696|1|1250|0|      |20220520|20220520|0603|2022-05-31 16:06:16
518432|0000000513780839              |20220520|125911|030|675|0|30300053|130010002|130752387|1|20220520|112611|8001951|20220520|131551|8002545|1|1250|0|      |20220520|20220520|0603|2022-05-31 16:06:16
518434|0000000301522822              |20220520|151938|016|679|0|30300063|130010001|130759474|1|20220520|130107|8001659|20220520|153049|8001090|1|1250|0|      |20220520|20220520|0603|2022-05-31 16:06:16
518436|0000000535512162              |20220520|161227|012|675|0|30300061|130010015|130759627|4|20220520|151939|8002231|20220520|162243|8002621|1|750|0|      |20220520|20220520|0603|2022-05-31 16:06:16
518438|0000000278640036              |20220520|213237|013|676|0|30300041|130010012|130753377|1|20220520|135651|8070030|20220520|214250|8070027|1|1250|0|      |20220520|20220520|0603|2022-05-31 16:06:16
518440|0000000163055459              |20220520|184055|028|675|0|30300055|130010014|130753221|1|20220520|160644|8001846|20220520|184620|8001353|1|1250|0|      |20220520|20220520|0603|2022-05-31 16:06:16
518442|0000000548086656              |20220520|192414|006|681|0|30300042|130010009|130759181|4|20220520|191335|8002633|20220520|193127|8001624|1|750|0|      |20220520|20220520|0603|2022-05-31 16:06:16
518444|0000000532600804              |20220520|195134|017|676|0|30300071|130010009|130759147|4|20220520|191635|8002641|20220520|195657|8002230|1|750|0|      |20220520|20220520|0603|2022-05-31 16:06:16
518446|0000000533649056              |20220520|154012|028|675|0|30300053|130010002|130752395|1|20220520|141903|8006006|20220520|161018|8002119|1|1250|0|      |20220520|20220520|0603|2022-05-31 16:06:16
518448|0000000540000336              |20220520|171624|014|676|0|30300036|130010011|130759503|1|20220520|162321|8001054|20220520|174325|8002733|1|1250|0|      |20220520|20220520|0603|2022-05-31 16:06:16
518855|0000000312309493              |20220520|112037|004|676|0|30300087|130010008|130752160|1|20220520|110224|8002541|20220520|114743|8001074|1|1250|0|      |20220520|20220520|0603|2022-05-31 16:06:16
518857|0000000313341170              |20220520|122758|030|676|0|30300038|130010014|130753214|1|20220520|113913|8002779|20220520|125825|8003128|1|1250|0|      |20220520|20220520|0603|2022-05-31 16:06:16
518859|0000000520743644              |20220520|120859|020|674|0|30300100|130010002|130752506|1|20220520|115451|8001029|20220520|123531|8001413|1|1250|0|      |20220520|20220520|0603|2022-05-31 16:06:16
518861|0000000163935225              |20220520|135156|006|674|0|30300100|130010002|130752348|1|20220520|133956|8001081|20220520|141517|8002603|1|1250|0|      |20220520|20220520|0603|2022-05-31 16:06:16
518863|0000000526901433              |20220520|144445|009|676|0|30300093|130010004|130752272|1|20220520|121558|8002640|20220520|154313|8001419|1|1250|0|      |20220520|20220520|0603|2022-05-31 16:06:16
518865|0000000537162763              |20220520|200518|007|675|0|30300058|130010004|130752200|1|20220520|194937|8001085|20220520|201348|8001419|1|1250|0|      |20220520|20220520|0603|2022-05-31 16:06:16
518867|0000000315773836              |20220520|171129|003|675|0|30300055|130010014|130753251|1|20220520|144606|8002602|20220520|172430|8005881|1|1250|0|      |20220520|20220520|0603|2022-05-31 16:06:16
518869|0000000523577365              |20220520|181601|005|675|0|30300064|130010015|130759673|1|20220520|181146|8002651|20220520|182821|8002628|1|1250|0|      |20220520|20220520|0603|2022-05-31 16:06:16
518871|0000000511348557              |20220520|221215|006|675|0|30300060|130010014|130753223|1|20220520|212254|8002276|20220520|223137|8002706|1|1250|0|      |20220520|20220520|0603|2022-05-31 16:06:16
518873|0000000536470134              |20220520|063551|031|675|0|30300055|130010014|130753512|1|20220520|062227|8001353|20220520|065812|8001414|1|1250|0|      |20220520|20220520|0603|2022-05-31 16:06:16
518875|0000000541286794              |20220520|062236|002|675|0|30300053|130010002|130752378|1|20220520|060447|8001240|20220520|063510|8002119|1|1250|0|      |20220520|20220520|0603|2022-05-31 16:06:16
518877|0000000533785207              |20220520|071057|018|676|0|30300089|130010011|130759517|4|20220520|062027|8002532|20220520|073205|8002088|1|750|0|      |20220520|20220520|0603|2022-05-31 16:06:16
518879|0000000533994687              |20220520|083807|011|676|0|30300037|130010006|130752011|1|20220520|065710|8002898|20220520|085636|8002100|1|1250|0|      |20220520|20220520|0603|2022-05-31 16:06:16
520943|0000000539073965              |20220520|075921|017|676|0|30300041|130010012|130753377|1|20220520|062443|8001033|20220520|084304|8002159|1|1250|0|      |20220520|20220520|0603|2022-05-31 16:06:16
520945|0000000302620769              |20220520|091356|006|676|0|30300130|130010008|130752720|1|20220520|085358|8002486|20220520|091907|8001348|1|1250|0|      |20220520|20220520|0603|2022-05-31 16:06:16
520947|0000000313830534              |20220520|102941|029|676|0|30300051|130010008|130752119|2|20220520|085002|8002330|20220520|104628|8001493|1|350|0|      |20220520|20220520|0603|2022-05-31 16:06:16
520949|0000000131056092              |20220520|111526|008|675|0|30300064|130010015|130759626|1|20220520|105333|8001048|20220520|112624|8001412|1|1250|0|      |20220520|20220520|0603|2022-05-31 16:06:16
520951|0000000529596771              |20220520|135052|005|676|0|30300043|130010015|130759609|2|20220520|062414|8001429|20220520|135530|8001789|1|350|0|      |20220520|20220520|0603|2022-05-31 16:06:16
521358|0000000534750226              |20220520|083140|005|676|0|30300089|130010011|130759526|4|20220520|060808|8002133|20220520|093906|8007549|1|750|0|      |20220520|20220520|0603|2022-05-31 16:06:16
521360|0000000546107445              |20220520|102728|019|675|0|30300064|130010015|130759683|4|20220520|091614|8001980|20220520|103148|8002527|1|750|0|      |20220520|20220520|0603|2022-05-31 16:06:16
521362|0000000542465932              |20220520|115436|026|675|0|30300050|130010007|130759342|4|20220520|105837|8002204|20220520|120813|8002026|1|750|0|      |20220520|20220520|0603|2022-05-31 16:06:16
521364|0000000547840938              |20220520|124918|005|678|0|30300074|130110001|130745012|1|20220519|142459|8001412|20220520|125116|8002695|1|1250|0|      |20220520|20220520|0603|2022-05-31 16:06:16
521366|0000000546676696              |20220520|135622|030|675|0|30300058|130010004|130752251|1|20220520|133357|8002905|20220520|140921|8001528|1|1250|0|      |20220520|20220520|0603|2022-05-31 16:06:16
521368|0000000280054936              |20220520|151546|001|675|0|30300046|130010002|130752305|1|20220520|134716|8007165|20220520|151714|8007208|1|1250|0|      |20220520|20220520|0603|2022-05-31 16:06:16
521370|0000000548086650              |20220520|151118|015|676|0|30300070|130010004|130752205|4|20220520|065127|8002638|20220520|151336|8002620|1|750|0|      |20220520|20220520|0603|2022-05-31 16:06:16
521372|0000000533321071              |20220520|161044|024|675|0|30300046|130010002|130752353|4|20220520|154929|8005575|20220520|163842|8001773|1|750|0|      |20220520|20220520|0603|2022-05-31 16:06:16
521374|0000000548137917              |20220520|215041|030|675|0|30300064|130010015|130759624|1|20220520|213326|8002356|20220520|215844|8001047|1|1250|0|      |20220520|20220520|0603|2022-05-31 16:06:16
521376|0000000546140346              |20220520|184701|030|675|0|30300083|130010001|130759478|4|20220520|163812|8001245|20220520|190406|8002287|1|750|0|      |20220520|20220520|0603|2022-05-31 16:06:16
521378|0000000548315147              |20220520|191157|003|676|0|30300043|130010015|130759609|4|20220520|180810|8001251|20220520|192345|8001988|1|750|0|      |20220520|20220520|0603|2022-05-31 16:06:16
521380|0000000267157918              |20220520|191030|016|675|0|30300065|130010004|130752268|1|20220520|142733|8007334|20220520|191942|8001253|1|1250|0|      |20220520|20220520|0603|2022-05-31 16:06:16
521382|0000000547620270              |20220520|200210|016|676|0|30300087|130010008|130752157|4|20220520|193617|8001453|20220520|200944|8002100|1|750|0|      |20220520|20220520|0603|2022-05-31 16:06:16
521384|0000000507552410              |20220520|203818|020|675|0|30300053|130010002|130752369|4|20220520|195238|8002106|20220520|205206|8002574|1|750|0|      |20220520|20220520|0603|2022-05-31 16:06:16
521791|0000000762800348              |20220520|173308|017|676|0|30300131|130010008|130752707|1|20220520|161737|8001078|20220520|180133|8001117|1|1250|0|      |20220520|20220520|0603|2022-05-31 16:06:16
521793|0000000741327451              |20220520|165220|018|675|0|30300078|130010008|130752166|1|20220520|151814|8001542|20220520|170442|8001635|1|1250|0|      |20220520|20220520|0603|2022-05-31 16:06:16
521795|0000000777730642              |20220520|181240|030|676|0|30300130|130010008|130752718|1|20220520|100103|8002454|20220520|183737|8001716|1|1250|0|      |20220520|20220520|0603|2022-05-31 16:06:16
521797|0000000903662795              |20220520|185520|029|675|0|30300047|130010001|130759702|1|20220520|184715|8001827|20220520|193701|8070030|1|1250|0|      |20220520|20220520|0603|2022-05-31 16:06:16
521799|0000000776758350              |20220520|121346|006|675|0|30300067|130010001|130759729|1|20220520|094636|8002466|20220520|121940|8001726|1|1250|0|      |20220520|20220520|0603|2022-05-31 16:06:16
521801|0000000652390543              |20220520|120926|006|675|0|30300057|130010001|130759755|1|20220520|115854|8002822|20220520|125312|8001847|1|1250|0|      |20220520|20220520|0603|2022-05-31 16:06:16
521803|0000000729665935              |20220520|212751|006|676|0|30300131|130010008|130752707|1|20220520|211058|8007285|20220520|215702|8002559|1|1250|0|      |20220520|20220520|0603|2022-05-31 16:06:16
521805|0000000728326229              |20220520|094550|026|676|0|30300051|130010008|130752103|1|20220520|072353|8001028|20220520|095446|8001371|1|1250|0|      |20220520|20220520|0603|2022-05-31 16:06:16
521807|0000000774300757              |20220520|104033|026|675|0|30300141|130010001|130759472|1|20220520|055944|8001891|20220520|104904|8005989|1|1250|0|      |20220520|20220520|0603|2022-05-31 16:06:16
521809|0000000634813733              |20220520|092813|004|675|0|30300084|130010001|130759440|1|20220520|071814|8002934|20220520|095607|8002253|1|1250|0|      |20220520|20220520|0603|2022-05-31 16:06:16
521811|0000000903356463              |20220520|112929|027|676|0|30300072|130010001|130759407|1|20220520|103423|8002040|20220520|114154|8003051|1|1250|0|      |20220520|20220520|0603|2022-05-31 16:06:16
521813|0000000771346060              |20220520|114355|008|676|0|30300130|130010008|130752140|1|20220520|113027|8001717|20220520|115507|8002733|1|1250|0|      |20220520|20220520|0603|2022-05-31 16:06:16
521815|0000000918321747              |20220520|151026|017|675|0|30300057|130010001|130759750|1|20220520|140554|8002509|20220520|154612|8001747|1|1250|0|      |20220520|20220520|0603|2022-05-31 16:06:16
522222|0000000702537416              |20220520|133310|019|676|0|30300086|130010013|130759808|1|20220520|130119|8001479|20220520|141154|8005548|1|1250|0|      |20220520|20220520|0603|2022-05-31 16:06:16
522224|0000000918045163              |20220520|133806|012|676|0|30300054|130010007|130759378|1|20220520|130412|8002814|20220520|140802|8002910|1|1250|0|      |20220520|20220520|0603|2022-05-31 16:06:16
522226|0000000653898301              |20220520|075613|010|675|0|30300075|130010005|130759272|1|20220520|052850|8003022|20220520|082717|8002259|1|1250|0|      |20220520|20220520|0603|2022-05-31 16:06:16
522228|0000000777724263              |20220520|080151|012|676|0|30300036|130010011|130759503|1|20220520|072945|8001091|20220520|083137|8001273|1|1250|0|      |20220520|20220520|0603|2022-05-31 16:06:16
522230|0000000747875922              |20220520|082533|001|675|0|30300062|130010008|130752705|1|20220520|075015|8002388|20220520|085631|8007031|1|1250|0|      |20220520|20220520|0603|2022-05-31 16:06:16
523638|0000000293352483              |20220520|123128|007|676|0|30300089|130010011|130759512|4|20220520|121255|8002140|20220520|125428|8001556|1|750|0|      |20220520|20220520|0603|2022-05-31 16:06:16
523640|0000000536698566              |20220520|145838|025|676|0|30300093|130010004|130752262|4|20220520|132814|8002607|20220520|150630|8002899|1|750|0|      |20220520|20220520|0603|2022-05-31 16:06:16
523642|0000000519617621              |20220520|144209|010|676|0|30300054|130010007|130759355|4|20220520|141658|8002539|20220520|150311|8001078|1|750|0|      |20220520|20220520|0603|2022-05-31 16:06:16
523644|0000000526835289              |20220520|153220|009|675|0|30300062|130010008|130752162|4|20220520|150842|8001393|20220520|155922|8002280|1|750|0|      |20220520|20220520|0603|2022-05-31 16:06:16
523646|0000000549402894              |20220520|160554|002|676|0|30300089|130010011|130759527|4|20220520|135042|8002934|20220520|163130|8002969|1|750|0|      |20220520|20220520|0603|2022-05-31 16:06:16
523648|0000000526107421              |20220520|212235|022|675|0|30300080|130010009|130759130|4|20220520|134607|8001365|20220520|220422|8001460|1|750|0|      |20220520|20220520|0603|2022-05-31 16:06:16
523650|0000000540381949              |20220520|190521|007|675|0|30300067|130010001|130759402|2|20220520|155918|8002449|20220520|192308|8001832|1|350|0|      |20220520|20220520|0603|2022-05-31 16:06:16
523652|0000000546676678              |20220520|195448|011|676|0|30300037|130010006|130752074|4|20220520|185702|8001097|20220520|200052|8002485|1|750|0|      |20220520|20220520|0603|2022-05-31 16:06:16
523654|0000000549148663              |20220520|201353|004|675|0|30300067|130010001|130759481|1|20220520|174832|8002648|20220520|201910|8002632|1|1250|0|      |20220520|20220520|0603|2022-05-31 16:06:16
523656|0000000549123891              |20220520|154729|016|676|0|30300090|130010005|130759218|4|20220520|132429|8002618|20220520|155942|8002465|1|750|0|      |20220520|20220520|0603|2022-05-31 16:06:16
523658|0000000533115259              |20220520|162849|003|675|0|30300066|130010015|130759682|4|20220520|151210|8002937|20220520|163759|8001857|1|750|0|      |20220520|20220520|0603|2022-05-31 16:06:16
523660|0000000544632919              |20220520|161658|008|676|0|30300054|130010007|130759379|4|20220520|152943|8001055|20220520|163643|8002976|1|750|0|      |20220520|20220520|0603|2022-05-31 16:06:16
524094|0000000318529586              |20220520|122238|031|675|1|30300067|130010001|130759735|1|20220520|113104|8001412|20220520|122602|8002630|1|0|0|      |20220520|20220520|0603|2022-05-31 16:06:16
524096|0000000544301994              |20220520|120351|001|676|1|30300043|130010015|130759640|1|20220520|092846|8002378|20220520|120919|8005590|1|0|0|      |20220520|20220520|0603|2022-05-31 16:06:16
524098|0000000537966541              |20220520|135234|004|675|1|30300057|130010001|130759755|1|20220520|130604|8002635|20220520|135511|8002356|1|0|0|      |20220520|20220520|0603|2022-05-31 16:06:16
524100|0000000300701383              |20220520|135707|002|676|1|30300037|130010006|130752027|1|20220520|121818|8002635|20220520|140813|8001036|1|0|0|      |20220520|20220520|0603|2022-05-31 16:06:16
524102|0000000536720659              |20220520|140758|016|676|1|30300040|130010007|130759373|1|20220520|132325|8007280|20220520|142839|8001401|1|0|0|      |20220520|20220520|0603|2022-05-31 16:06:16
524104|0000000518505559              |20220520|151220|004|675|1|30300064|130010015|130759644|1|20220520|085316|8002635|20220520|152050|8001396|1|0|0|      |20220520|20220520|0603|2022-05-31 16:06:16
524106|0000000300702306              |20220520|152652|001|675|1|30300055|130010014|130753260|1|20220520|143712|8001412|20220520|155612|8001663|1|0|0|      |20220520|20220520|0603|2022-05-31 16:06:16
524108|0000000531839097              |20220520|220806|006|675|1|30300055|130010014|130753512|1|20220520|212949|8002635|20220520|221709|8001548|1|0|0|      |20220520|20220520|0603|2022-05-31 16:06:16
524110|0000000509966306              |20220520|183555|016|676|1|30300070|130010004|130752254|1|20220520|162433|8001412|20220520|190031|8002795|1|0|0|      |20220520|20220520|0603|2022-05-31 16:06:16
524112|0000000121900273              |20220520|193316|031|678|1|30300074|130010014|130753219|1|20220520|185004|8001412|20220520|193923|8001796|1|0|0|      |20220520|20220520|0603|2022-05-31 16:06:16
524114|0000000526760382              |20220520|192740|023|676|2|30300040|130010013|130759802|1|20220520|181909|8007280|20220520|194923|8001401|1|0|0|      |20220520|20220520|0603|2022-05-31 16:06:16
524116|0000000539110902              |20220520|230217|020|676|1|30300040|130010007|130759389|1|20220520|222354|8007280|20220520|230907|8001086|1|0|0|      |20220520|20220520|0603|2022-05-31 16:06:16
524118|0000000508440960              |20220520|074829|001|675|1|30300077|130010006|130752010|1|20220520|072439|8001419|20220520|075902|8002734|1|0|0|      |20220520|20220520|0603|2022-05-31 16:06:16
524120|0000000522438238              |20220520|080630|006|676|1|30300072|130010001|130759407|1|20220520|070611|8001349|20220520|081247|8001236|1|0|0|      |20220520|20220520|0603|2022-05-31 16:06:16
524527|0000000535433559              |20220520|142557|001|674|1|30300002|130010007|130759321|1|20220520|141053|8002909|20220520|152147|8001419|1|0|0|      |20220520|20220520|0603|2022-05-31 16:06:16
524529|0000000535002651              |20220520|153812|013|674|1|30300002|130010007|130759306|1|20220520|125637|8002134|20220520|155911|8001782|1|0|0|      |20220520|20220520|0603|2022-05-31 16:06:16
524531|0000000518861508              |20220520|184526|003|674|1|30300002|130010007|130759323|1|20220520|174710|8002131|20220520|192323|8001096|1|0|0|      |20220520|20220520|0603|2022-05-31 16:06:16
524533|0000000312313886              |20220520|193010|014|676|1|30300043|130010015|130759689|1|20220520|183157|8001789|20220520|193355|8001244|1|0|0|      |20220520|20220520|0603|2022-05-31 16:06:16
524535|0000000536682641              |20220520|202503|005|676|1|30300043|130010015|130759613|1|20220520|192630|8001789|20220520|203653|8002349|1|0|0|      |20220520|20220520|0603|2022-05-31 16:06:16
524537|0000000514763572              |20220520|155900|014|674|1|30300002|130010007|130759321|1|20220520|154821|8002980|20220520|161120|8002437|1|0|0|      |20220520|20220520|0603|2022-05-31 16:06:16
524539|0000000515980719              |20220520|170044|019|676|1|30300043|130010015|130759677|1|20220520|161707|8002887|20220520|171452|8002636|1|0|0|      |20220520|20220520|0603|2022-05-31 16:06:16
524541|0000000121755165              |20220520|174457|023|676|1|30300051|130010008|130752101|1|20220520|170310|8001489|20220520|174937|8002434|1|0|0|      |20220520|20220520|0603|2022-05-31 16:06:16
524543|0000000302177342              |20220520|221631|007|676|1|30300051|130010008|130752100|1|20220520|215733|8002330|20220520|225225|8001155|1|0|0|      |20220520|20220520|0603|2022-05-31 16:06:16
524545|0000000279401961              |20220520|224108|027|676|1|30300043|130010015|130759618|1|20220520|221505|8002730|20220520|225245|8002717|1|0|0|      |20220520|20220520|0603|2022-05-31 16:06:16
524547|0000000515770093              |20220520|083547|029|676|1|30300072|130010001|130759431|1|20220520|062017|8002880|20220520|090719|8003051|1|0|0|      |20220520|20220520|0603|2022-05-31 16:06:16
526409|0000000742648066              |20220520|083750|013|676|0|30300036|130010012|130753311|1|20220520|074012|8002425|~       |      |~      |1|1250|0|      |20220520|~       |0603|2022-05-31 16:06:16
526411|0000000600650169              |20220520|174655|010|676|0|30300090|130010005|130759225|1|20220520|170430|8002425|~       |      |~      |1|1250|0|      |20220520|~       |0603|2022-05-31 16:06:16
526413|0000000759320896              |20220520|182021|012|675|0|30300062|130010008|130752131|1|20220520|174931|8002425|~       |      |~      |1|1250|0|      |20220520|~       |0603|2022-05-31 16:06:16
526415|0000000735508894              |20220520|184615|019|675|1|30300082|130010001|130759413|1|20220520|181208|8002425|~       |      |~      |1|0|0|      |20220520|~       |0603|2022-05-31 16:06:16
526417|0000000903560076              |20220520|130535|017|676|0|30300036|130010012|130753372|1|20220520|053814|8002425|~       |      |~      |1|1250|0|      |20220520|~       |0603|2022-05-31 16:06:16
526419|0000000743700258              |20220520|131023|026|675|0|30300058|130010004|130752247|1|20220520|050025|8002904|~       |      |~      |1|1250|0|      |20220520|~       |0603|2022-05-31 16:06:16
526421|0000000750300462              |20220520|214218|017|676|0|30300087|130010015|130759631|1|20220520|202249|8002425|~       |      |~      |1|1250|0|      |20220520|~       |0603|2022-05-31 16:06:16
526876|0000000614150186              |20220520|063705|009|676|1|30300071|130010009|130759107|1|20220520|053827|8001464|~       |      |~      |1|0|0|      |20220520|~       |0603|2022-05-31 16:06:16
526878|0000000641526888              |20220520|081012|014|676|1|30300093|130010004|130752272|1|20220520|065029|8001464|~       |      |~      |1|0|0|      |20220520|~       |0603|2022-05-31 16:06:16
526880|0000000669898048              |20220520|141959|003|675|0|30300059|130010004|130752256|1|20220520|135939|8001538|~       |      |~      |1|1250|0|      |20220520|~       |0603|2022-05-31 16:06:16
526882|0000000743281874              |20220520|080112|017|675|1|30300075|130010005|130759208|1|20220520|072904|8002880|~       |      |~      |1|0|0|      |20220520|~       |0603|2022-05-31 16:06:16
526884|0000000741435120              |20220520|082018|026|675|1|30300079|130010009|130759138|1|20220520|060344|8001538|~       |      |~      |1|0|0|      |20220520|~       |0603|2022-05-31 16:06:16
526886|0000000618529610              |20220520|084926|009|675|1|30300055|130010014|130753252|1|20220520|082618|8001538|~       |      |~      |1|0|0|      |20220520|~       |0603|2022-05-31 16:06:16
526888|0000000703667062              |20220520|094834|018|675|0|30300075|130010005|130759264|1|20220520|091917|8002880|~       |      |~      |1|1250|0|      |20220520|~       |0603|2022-05-31 16:06:16
526890|0000000757592954              |20220520|095620|015|676|1|30300072|130010001|130759724|1|20220520|091553|8002880|~       |      |~      |1|0|0|      |20220520|~       |0603|2022-05-31 16:06:16
526892|0000000742484420              |20220520|171336|015|676|0|30300072|130010001|130759711|1|20220520|150317|8002880|~       |      |~      |1|1250|0|      |20220520|~       |0603|2022-05-31 16:06:16
526894|0000000903395269              |20220520|175527|017|674|0|30300002|130010007|130759313|1|20220520|164608|8002880|~       |      |~      |1|1250|0|      |20220520|~       |0603|2022-05-31 16:06:16
526896|0000000675144254              |20220520|183005|027|675|0|30300057|130010001|130759750|1|20220520|165400|8001538|~       |      |~      |1|1250|0|      |20220520|~       |0603|2022-05-31 16:06:16
526898|0000000752630254              |20220520|190526|022|675|1|30300075|130010005|130759227|1|20220520|183548|8002880|~       |      |~      |1|0|0|      |20220520|~       |0603|2022-05-31 16:06:16
526900|0000000903104507              |20220520|121625|027|675|0|30300055|130010014|130753229|1|20220520|115803|8001538|~       |      |~      |1|1250|0|      |20220520|~       |0603|2022-05-31 16:06:16
526902|0000000911196597              |20220520|132015|003|675|1|30300083|130010001|130759480|4|20220520|125439|8001538|~       |      |~      |1|0|0|      |20220520|~       |0603|2022-05-31 16:06:16
526904|0000000739788432              |20220520|213312|026|674|0|30300002|130010007|130759338|1|20220520|204217|8002880|~       |      |~      |1|1250|0|      |20220520|~       |0603|2022-05-31 16:06:16
526906|0000000664240146              |20220520|211053|030|675|0|30300083|130010001|130759780|1|20220520|204710|8001538|~       |      |~      |1|1250|0|      |20220520|~       |0603|2022-05-31 16:06:16
527345|0000000903832563              |20220520|100224|010|676|0|30300093|130010004|130752214|1|20220520|075852|8001463|20220520|101316|8001036|1|1250|0|      |20220520|20220520|0603|2022-05-31 16:06:16
527347|0000000903902154              |20220520|102940|019|676|0|30300040|130010007|130759380|1|20220520|100943|8001085|20220520|105208|8005865|1|1250|0|      |20220520|20220520|0603|2022-05-31 16:06:16
527349|0000000724212696              |20220520|160732|014|676|0|30300038|130010014|130753257|1|20220520|150525|8002793|20220520|162002|8002846|1|1250|0|      |20220520|20220520|0603|2022-05-31 16:06:16
527351|0000000770349759              |20220520|163614|001|676|0|30300068|130010006|130752059|1|20220520|150157|8002231|20220520|165135|8001097|1|1250|0|      |20220520|20220520|0603|2022-05-31 16:06:16
527353|0000000776689607              |20220520|055637|017|676|0|30300038|130010014|130753214|1|20220520|053717|8001132|20220520|060103|8001952|1|1250|0|      |20220520|20220520|0603|2022-05-31 16:06:16
527355|0000000652809694              |20220520|133432|024|676|0|30300088|130010002|130752317|1|20220520|054554|8001555|20220520|140026|8002133|1|1250|0|      |20220520|20220520|0603|2022-05-31 16:06:16
527357|0000000774104171              |20220520|141712|029|676|0|30300088|130010006|130752023|1|20220520|130929|8001555|20220520|143855|8002133|1|1250|0|      |20220520|20220520|0603|2022-05-31 16:06:16
527359|0000000903370326              |20220520|151645|026|676|0|30300039|130010005|130759212|1|20220520|144623|8002399|20220520|153832|8001076|1|1250|0|      |20220520|20220520|0603|2022-05-31 16:06:16
527361|0000000777708210              |20220520|082358|030|676|0|30300040|130010013|130759804|1|20220520|074838|8002869|20220520|083525|8001005|1|1250|0|      |20220520|20220520|0603|2022-05-31 16:06:16
527363|0000000745237862              |20220520|082403|027|676|0|30300040|130010013|130759804|1|20220520|074838|8002869|20220520|083536|8001005|1|1250|0|      |20220520|20220520|0603|2022-05-31 16:06:16
527365|0000000709805062              |20220520|172145|030|676|0|30300088|130010002|130752361|1|20220520|155523|8001555|20220520|175505|8002133|1|1250|0|      |20220520|20220520|0603|2022-05-31 16:06:16
527367|0000000917995789              |20220520|180716|007|676|0|30300039|130010005|130759212|1|20220520|173519|8002399|20220520|183313|8001076|1|1250|0|      |20220520|20220520|0603|2022-05-31 16:06:16
527369|0000000903492373              |20220520|180247|020|676|0|30300088|130010002|130752370|1|20220520|164441|8001555|20220520|182757|8002133|1|1250|0|      |20220520|20220520|0603|2022-05-31 16:06:16
527776|0000000544780124              |20220520|073954|030|676|0|30300051|130010008|130752100|4|20220520|065922|8001714|20220520|075234|8002603|1|750|0|      |20220520|20220520|0603|2022-05-31 16:06:16
529875|0000000645843534              |20220520|134539|030|674|0|30300002|130010007|130759315|1|20220520|133404|8001178|20220520|140422|8002131|1|1250|0|      |20220520|20220520|0603|2022-05-31 16:06:16
529877|0000000776154669              |20220520|080941|027|676|0|30300036|130010012|130753301|1|20220520|072445|8001063|20220520|083414|8002603|1|1250|0|      |20220520|20220520|0603|2022-05-31 16:06:16
529879|0000000761490503              |20220520|083548|015|675|0|30300146|130010008|130752711|1|20220520|082452|8007505|20220520|084459|8002106|1|1250|0|      |20220520|20220520|0603|2022-05-31 16:06:16
530286|0000000529508861              |20220520|093430|015|676|0|30300037|130010006|130759023|1|20220520|091959|8002340|20220520|094243|8001534|1|1250|0|      |20220520|20220520|0603|2022-05-31 16:06:16
530288|0000000536243321              |20220520|093356|004|675|0|30300058|130010004|130752295|4|20220520|055628|8001983|20220520|095458|8001419|1|750|0|      |20220520|20220520|0603|2022-05-31 16:06:16
530290|0000000171283461              |20220520|105914|022|674|0|30300002|130010007|130759310|1|20220520|101528|8001744|20220520|113741|8001782|1|1250|0|      |20220520|20220520|0603|2022-05-31 16:06:16
530292|0000000171913548              |20220520|130214|006|675|0|30300081|130010011|130759523|1|20220520|124001|8002616|20220520|130812|8002075|1|1250|0|      |20220520|20220520|0603|2022-05-31 16:06:16
530294|0000000520180079              |20220520|135627|020|676|0|30300040|130010013|130759871|1|20220520|132643|8001063|20220520|143321|8001097|1|1250|0|      |20220520|20220520|0603|2022-05-31 16:06:16
530296|0000000533568909              |20220520|211059|021|676|0|30300071|130010009|130759186|4|20220520|133255|8002279|20220520|211721|8002453|1|750|0|      |20220520|20220520|0603|2022-05-31 16:06:16
530298|0000000543123586              |20220520|220113|002|676|0|30300054|130010007|130759355|1|20220520|212841|8001922|20220520|221320|8001055|1|1250|0|      |20220520|20220520|0603|2022-05-31 16:06:16
530300|0000000514840758              |20220520|161407|007|676|0|30300087|130010008|130752160|1|20220520|153509|8002279|20220520|162122|8001380|1|1250|0|      |20220520|20220520|0603|2022-05-31 16:06:16
530302|0000000515528713              |20220520|161254|022|676|0|30300040|130010007|130759365|1|20220520|160844|8002941|20220520|163419|8002757|1|1250|0|      |20220520|20220520|0603|2022-05-31 16:06:16
530304|0000000522637350              |20220520|164131|011|675|0|30300050|130010007|130759370|4|20220520|162119|8002663|20220520|170925|8001192|1|750|0|      |20220520|20220520|0603|2022-05-31 16:06:16
530306|0000000541745175              |20220520|180053|021|676|0|30300071|130010009|130759186|1|20220520|133255|8002556|20220520|181423|8002084|1|1250|0|      |20220520|20220520|0603|2022-05-31 16:06:16
530308|0000000516123100              |20220520|174423|007|675|0|30300092|130010013|130759825|1|20220520|160810|8001599|20220520|175828|8005601|1|1250|0|      |20220520|20220520|0603|2022-05-31 16:06:16
530310|0000000164324586              |20220520|220524|023|675|0|30300081|130010011|130759506|1|20220520|215149|8001063|20220520|224747|8002063|1|1250|0|      |20220520|20220520|0603|2022-05-31 16:06:16
530717|0000000538088122              |20220520|182017|009|675|0|30300058|130010004|130752278|4|20220520|180608|8002947|20220520|182320|8002905|1|750|0|      |20220520|20220520|0603|2022-05-31 16:06:16
530719|0000000540400587              |20220520|060305|007|676|0|30300130|130010008|130752146|4|20220520|053403|8002635|20220520|061457|8002304|1|750|0|      |20220520|20220520|0603|2022-05-31 16:06:16
530721|0000000292714185              |20220520|071453|022|676|0|30300093|130010004|130752273|4|20220520|070655|8002050|20220520|072356|8005880|1|750|0|      |20220520|20220520|0603|2022-05-31 16:06:16
530723|0000000535600791              |20220520|073040|024|675|0|30300101|130010002|130752327|1|20220520|065205|8001645|20220520|074129|8002453|1|1250|0|      |20220520|20220520|0603|2022-05-31 16:06:16
530725|0000000536603024              |20220520|102358|002|676|0|30300051|130010008|130752147|4|20220520|094248|8001489|20220520|104219|8002437|1|750|0|      |20220520|20220520|0603|2022-05-31 16:06:16
530727|0000000170416792              |20220520|104856|016|676|0|30300093|130010004|130752250|1|20220520|092704|8001398|20220520|105312|8005960|1|1250|0|      |20220520|20220520|0603|2022-05-31 16:06:16
530729|0000000300714230              |20220520|105248|002|675|0|30300079|130010009|130759128|1|20220520|091613|8001482|20220520|113607|8002465|1|1250|0|      |20220520|20220520|0603|2022-05-31 16:06:16
530731|0000000529986434              |20220520|113136|028|676|0|30300093|130010004|130752207|1|20220520|112600|8001178|20220520|113905|8001556|1|1250|0|      |20220520|20220520|0603|2022-05-31 16:06:16
530733|0000000548075587              |20220520|123646|008|675|0|30300055|130010014|130753266|4|20220520|115618|8002339|20220520|130140|8001929|1|750|0|      |20220520|20220520|0603|2022-05-31 16:06:16
530735|0000000260626188              |20220520|124223|021|676|0|30300088|130010006|130752006|1|20220520|112306|8002275|20220520|125452|8002351|1|1250|0|      |20220520|20220520|0603|2022-05-31 16:06:16
530737|0000000131079663              |20220520|131619|006|676|0|30300089|130010011|130759522|1|20220520|125638|8001476|20220520|133207|8007490|1|1250|0|      |20220520|20220520|0603|2022-05-31 16:06:16
530739|0000000139744731              |20220520|152611|031|675|0|30300064|130010015|130759683|1|20220520|151455|8001405|20220520|153621|8002635|1|1250|0|      |20220520|20220520|0603|2022-05-31 16:06:16
530741|0000000535892653              |20220520|182148|007|676|0|30300089|130010011|130759517|4|20220520|131821|8002934|20220520|184239|8002969|1|750|0|      |20220520|20220520|0603|2022-05-31 16:06:16
530743|0000000524370809              |20220520|183642|030|675|0|30300076|130010014|130753231|1|20220520|183046|8002826|20220520|191251|8001929|1|1250|0|      |20220520|20220520|0603|2022-05-31 16:06:16
533042|0000000319995670              |20220520|152452|017|676|0|30300071|130010009|130759186|1|20220520|133255|8001922|20220520|153121|8001078|1|1250|0|      |20220520|20220520|0603|2022-05-31 16:06:16
533044|0000000528784876              |20220520|153235|030|674|0|30300002|130010007|130759322|1|20220520|141931|8001419|20220520|154611|8001789|1|1250|0|      |20220520|20220520|0603|2022-05-31 16:06:16
533046|0000000296436824              |20220520|181827|014|674|0|30300104|130010002|130752341|1|20220520|172547|8005583|20220520|185045|8001644|1|1250|0|      |20220520|20220520|0603|2022-05-31 16:06:16
533048|0000000097712586              |20220520|195319|004|675|0|30300080|130010009|130759172|1|20220520|194800|8001421|20220520|201757|8001985|1|1250|0|      |20220520|20220520|0603|2022-05-31 16:06:16
533050|0000000101418753              |20220520|161040|008|676|0|30300070|130010004|130752226|1|20220520|151007|8002437|20220520|163837|8002826|1|1250|0|      |20220520|20220520|0603|2022-05-31 16:06:16
533052|0000000516896758              |20220520|164834|002|674|0|30300100|130010002|130752397|1|20220520|161510|8001927|20220520|165859|8001413|1|1250|0|      |20220520|20220520|0603|2022-05-31 16:06:16
533054|0000000516890499              |20220520|164901|018|675|0|30300082|130010001|130759778|1|20220520|151205|8005950|20220520|171821|8002278|1|1250|0|      |20220520|20220520|0603|2022-05-31 16:06:16
511124|0000000540466060              |20220520|165820|023|676|0|30300054|130010007|130759386|1|20220520|161818|8001922|20220520|172733|8002976|1|1250|0|      |20220520|20220520|0603|2022-05-31 16:06:16
511126|0000000542137915              |20220520|173233|002|676|0|30300086|130010013|130759807|1|20220520|162617|8001096|20220520|174802|8002631|1|1250|0|      |20220520|20220520|0603|2022-05-31 16:06:16
511128|0000000531801507              |20220520|174558|007|676|0|30300051|130010008|130752134|1|20220520|160954|8001096|20220520|175043|8002309|1|1250|0|      |20220520|20220520|0603|2022-05-31 16:06:16
511130|0000000537520643              |20220520|183541|003|676|0|30300054|130010007|130759352|1|20220520|175159|8001922|20220520|184622|8001568|1|1250|0|      |20220520|20220520|0603|2022-05-31 16:06:16
511132|0000000545130678              |20220520|181418|012|676|0|30300072|130010001|130759420|1|20220520|175552|8002814|20220520|183113|8003006|1|1250|0|      |20220520|20220520|0603|2022-05-31 16:06:16
511539|0000000774778854              |20220520|100156|020|680|0|30300013|130010015|130759639|1|20220520|084819|8002733|20220520|101002|8002357|1|1250|0|      |20220520|20220520|0603|2022-05-31 16:06:16
511541|0000000770184133              |20220520|101745|018|675|0|30300055|130010014|130753227|1|20220520|075251|8002893|20220520|103904|8002631|1|1250|0|      |20220520|20220520|0603|2022-05-31 16:06:16
511543|0000000754379492              |20220520|104638|013|675|0|30300067|130010001|130759424|1|20220520|101603|8001252|20220520|110115|8001414|1|1250|0|      |20220520|20220520|0603|2022-05-31 16:06:16
511545|0000000631630222              |20220520|113454|010|674|0|30300002|130010007|130759315|1|20220520|112811|8001792|20220520|115245|8001097|1|1250|0|      |20220520|20220520|0603|2022-05-31 16:06:16
511547|0000000772364312              |20220520|113855|008|675|0|30300084|130010001|130759441|1|20220520|103944|8001401|20220520|114841|8002064|1|1250|0|      |20220520|20220520|0603|2022-05-31 16:06:16
511549|0000000908385927              |20220520|163544|024|675|0|30300053|130010002|130752319|1|20220520|154356|8001239|20220520|164249|8001074|1|1250|0|      |20220520|20220520|0603|2022-05-31 16:06:16
511551|0000000756006482              |20220520|161415|008|675|0|30300081|130010011|130759533|1|20220520|152030|8002452|20220520|162906|8001263|1|1250|0|      |20220520|20220520|0603|2022-05-31 16:06:16
511553|0000000904328132              |20220520|223104|011|675|0|30300066|130010015|130759605|1|20220520|221330|8001934|20220520|224336|8001964|1|1250|0|      |20220520|20220520|0603|2022-05-31 16:06:16
511555|0000000768153837              |20220520|074016|024|675|0|30300045|130010006|130759003|1|20220520|072439|8002913|20220520|074657|8001952|1|1250|0|      |20220520|20220520|0603|2022-05-31 16:06:16
511557|0000000702222112              |20220520|080106|009|674|0|30300002|130010007|130759320|1|20220520|075223|8001792|20220520|082018|8001097|1|1250|0|      |20220520|20220520|0603|2022-05-31 16:06:16
511559|0000000742074992              |20220520|151221|005|679|0|30300063|130010001|130759787|1|20220520|140623|8001412|20220520|152227|8003022|1|1250|0|      |20220520|20220520|0603|2022-05-31 16:06:16
511561|0000000742493429              |20220520|081127|006|679|0|30300063|130010001|130759403|1|20220520|080454|8002101|20220520|082651|8001876|1|1250|0|      |20220520|20220520|0603|2022-05-31 16:06:16
511563|0000000918045195              |20220520|091242|017|675|0|30300059|130010004|130752256|1|20220520|062050|8001074|20220520|092158|8001988|1|1250|0|      |20220520|20220520|0603|2022-05-31 16:06:16
511970|0000000741749799              |20220520|151014|018|674|0|30300002|130010007|130759323|1|20220520|142829|8002093|20220520|154301|8005994|1|1250|0|      |20220520|20220520|0603|2022-05-31 16:06:16
511972|0000000733021079              |20220520|152510|010|675|0|30300058|130010004|130752295|1|20220520|144845|8001940|20220520|155441|8002904|1|1250|0|      |20220520|20220520|0603|2022-05-31 16:06:16
511974|0000000725787645              |20220520|160901|017|675|0|30300091|130010013|130759881|1|20220520|143645|8005504|20220520|161920|8001647|1|1250|0|      |20220520|20220520|0603|2022-05-31 16:06:16
511976|0000000778608127              |20220520|160842|017|674|0|30300002|130010007|130759333|1|20220520|160423|8001794|20220520|162207|8001632|1|1250|0|      |20220520|20220520|0603|2022-05-31 16:06:16
511978|0000000732780483              |20220520|163717|026|675|0|30300053|130010002|130752368|1|20220520|161802|8002276|20220520|164754|8002965|1|1250|0|      |20220520|20220520|0603|2022-05-31 16:06:16
511980|0000000904495851              |20220520|161110|031|674|0|30300100|130010002|130752365|1|20220520|155719|8001915|20220520|164923|8002629|1|1250|0|      |20220520|20220520|0603|2022-05-31 16:06:16
511982|0000000725737050              |20220520|164314|002|681|0|30300042|130010009|130759104|1|20220520|154754|8001624|20220520|165754|8001949|1|1250|0|      |20220520|20220520|0603|2022-05-31 16:06:16
511984|0000000731729262              |20220520|164217|018|675|0|30300060|130010014|130753244|1|20220520|140621|8002453|20220520|170009|8002245|1|1250|0|      |20220520|20220520|0603|2022-05-31 16:06:16
511986|0000000921129516              |20220520|155024|030|681|0|30300042|130010009|130759125|1|20220520|140410|8001596|20220520|160210|8002757|1|1250|0|      |20220520|20220520|0603|2022-05-31 16:06:16
511988|0000000775882581              |20220520|165709|016|675|0|30300081|130010011|130759523|1|20220520|155614|8001588|20220520|170545|8001052|1|1250|0|      |20220520|20220520|0603|2022-05-31 16:06:16
511990|0000000903975367              |20220520|055843|010|675|0|30300058|130010004|130752292|1|20220520|053159|8007274|20220520|060206|8001876|1|1250|0|      |20220520|20220520|0603|2022-05-31 16:06:16
511992|0000000725843114              |20220520|060253|008|675|0|30300053|130010002|130752513|1|20220520|053803|8002965|20220520|060953|8002119|1|1250|0|      |20220520|20220520|0603|2022-05-31 16:06:16
511994|0000000723940020              |20220520|054925|009|675|0|30300064|130010015|130759625|1|20220520|053941|8001253|20220520|061616|8001626|1|1250|0|      |20220520|20220520|0603|2022-05-31 16:06:16
511996|0000000726132992              |20220520|065330|002|678|0|30300074|130010014|130753219|1|20220520|065051|8002101|20220520|070431|8007370|1|1250|0|      |20220520|20220520|0603|2022-05-31 16:06:16
512403|0000000743181649              |20220520|095010|026|675|0|30300048|130010006|130752060|1|20220520|090404|8001282|20220520|095550|8001273|1|1250|0|      |20220520|20220520|0603|2022-05-31 16:06:16
512405|0000000745510664              |20220520|170745|021|675|0|30300075|130010005|130759226|1|20220520|145209|8002986|20220520|172840|8002209|1|1250|0|      |20220520|20220520|0603|2022-05-31 16:06:16
512407|0000000903880093              |20220520|173020|022|675|0|30300045|130010006|130759003|1|20220520|171053|8002913|20220520|173140|8001132|1|1250|0|      |20220520|20220520|0603|2022-05-31 16:06:16
512409|0000000742398699              |20220520|171726|020|675|0|30300062|130010008|130752705|1|20220520|164838|8006006|20220520|173912|8002795|1|1250|0|      |20220520|20220520|0603|2022-05-31 16:06:16
512411|0000000741163342              |20220520|171645|025|675|0|30300101|130010002|130752304|1|20220520|171324|8002089|20220520|174601|8001707|1|1250|0|      |20220520|20220520|0603|2022-05-31 16:06:16
515875|0000000305558096              |20220520|141044|006|676|0|30300054|130010007|130759361|1|20220520|134243|8002160|20220520|141426|8002453|1|1250|0|      |20220520|20220520|0603|2022-05-31 16:06:16
515877|0000000536477257              |20220520|140914|002|675|0|30300062|130010008|130752133|4|20220520|140704|8001393|20220520|143120|8001938|1|750|0|      |20220520|20220520|0603|2022-05-31 16:06:16
515879|0000000102447755              |20220520|141007|004|676|0|30300038|130010014|130753202|1|20220520|134938|8001612|20220520|142715|8002358|1|1250|0|      |20220520|20220520|0603|2022-05-31 16:06:16
515881|0000000319995273              |20220520|153747|016|675|0|30300075|130010005|130759270|4|20220520|151347|8005960|20220520|154213|8002880|1|750|0|      |20220520|20220520|0603|2022-05-31 16:06:16
515883|0000000527061076              |20220520|205432|027|674|0|30300002|130010007|130759326|4|20220520|202333|8001097|20220520|212314|8002132|1|750|0|      |20220520|20220520|0603|2022-05-31 16:06:16
516290|0000000519488667              |20220520|214229|024|675|0|30300055|130010014|130753211|1|20220520|205321|8001529|20220520|220105|8001663|1|1250|0|      |20220520|20220520|0603|2022-05-31 16:06:16
516292|0000000536751947              |20220520|214824|013|676|0|30300090|130010005|130759209|4|20220520|201227|8005990|20220520|215345|8002412|1|750|0|      |20220520|20220520|0603|2022-05-31 16:06:16
516294|0000000528055989              |20220520|195916|029|674|0|30300002|130010007|130759307|1|20220520|184840|8002911|20220520|200121|8001793|1|1250|0|      |20220520|20220520|0603|2022-05-31 16:06:16
516296|0000000533735738              |20220520|200914|011|676|0|30300041|130010012|130753370|1|20220520|190112|8002378|20220520|201203|8001296|1|1250|0|      |20220520|20220520|0603|2022-05-31 16:06:16
516298|0000000316973181              |20220520|154144|012|674|0|30300100|130010002|130752382|1|20220520|151810|8002118|20220520|154902|8001934|1|1250|0|      |20220520|20220520|0603|2022-05-31 16:06:16
516300|0000000549406925              |20220520|162602|022|675|0|30300045|130010006|130752048|4|20220520|154432|8001065|20220520|164008|8002914|1|750|0|      |20220520|20220520|0603|2022-05-31 16:06:16
516302|0000000540216165              |20220520|164131|001|675|0|30300061|130010015|130759648|1|20220520|160440|8001543|20220520|165657|8002434|1|1250|0|      |20220520|20220520|0603|2022-05-31 16:06:16
516304|0000000533177638              |20220520|162314|031|680|0|30300007|130010002|130752390|4|20220520|161224|8002521|20220520|165719|8002118|1|750|0|      |20220520|20220520|0603|2022-05-31 16:06:16
516306|0000000526435043              |20220520|175355|015|676|0|30300038|130010014|130753506|4|20220520|121844|8001132|20220520|175900|8001710|1|750|0|      |20220520|20220520|0603|2022-05-31 16:06:16
516308|0000000521862511              |20220520|222026|016|676|0|30300071|130010009|130759135|1|20220520|125110|8002633|20220520|223813|8002453|1|1250|0|      |20220520|20220520|0603|2022-05-31 16:06:16
516310|0000000547561240              |20220520|224936|016|675|0|30300055|130010014|130753260|4|20220520|222242|8002339|20220520|230754|8001929|1|750|0|      |20220520|20220520|0603|2022-05-31 16:06:16
516312|0000000533473358              |20220520|071614|021|674|0|30300104|130010002|130752300|4|20220520|063701|8001063|20220520|072222|8001567|1|750|0|      |20220520|20220520|0603|2022-05-31 16:06:16
516314|0000000547959042              |20220520|073221|020|674|0|30300002|130010007|130759312|4|20220520|072941|8002254|20220520|074013|8001792|1|750|0|      |20220520|20220520|0603|2022-05-31 16:06:16
516316|0000000538443290              |20220520|075846|027|675|0|30300065|130010004|130752281|4|20220520|073030|8005871|20220520|080405|8002151|1|750|0|      |20220520|20220520|0603|2022-05-31 16:06:16
516723|0000000677772096              |20220520|112549|022|675|1|30300080|130010009|130759152|1|20220520|110550|8001097|20220520|115038|8001453|1|0|0|      |20220520|20220520|0603|2022-05-31 16:06:16
516725|0000000726105075              |20220520|114738|005|676|1|30300054|130010007|130759340|1|20220520|112544|8001645|20220520|122543|8002911|1|0|0|      |20220520|20220520|0603|2022-05-31 16:06:16
516727|0000000646315402              |20220520|151649|027|675|1|30300077|130010006|130759015|1|20220520|144044|8002734|20220520|153438|8002580|1|0|0|      |20220520|20220520|0603|2022-05-31 16:06:16
516729|0000000734866356              |20220520|153403|020|676|1|30300070|130010004|130752228|1|20220520|152654|8007178|20220520|154142|8001646|1|0|0|      |20220520|20220520|0603|2022-05-31 16:06:16
516731|0000000773543882              |20220520|162503|011|675|1|30300061|130010015|130759691|1|20220520|153816|8001717|20220520|162940|8002434|1|0|0|      |20220520|20220520|0603|2022-05-31 16:06:16
516733|0000000741872415              |20220520|153639|029|675|1|30300064|130010015|130759683|1|20220520|151455|8002635|20220520|160326|8005877|1|0|0|      |20220520|20220520|0603|2022-05-31 16:06:16
516735|0000000742636883              |20220520|162356|013|675|1|30300064|130010015|130759642|1|20220520|054714|8001527|20220520|164336|8007563|1|0|0|      |20220520|20220520|0603|2022-05-31 16:06:16
516737|0000000441422390              |20220520|224455|013|676|1|30300040|130010007|130759359|1|20220520|223154|8001596|20220520|225741|8002953|1|0|0|      |20220520|20220520|0603|2022-05-31 16:06:16
516739|0000000442268487              |20220520|230639|005|675|1|30300064|130010015|130759670|1|20220520|214348|8002628|20220520|232111|8001094|1|0|0|      |20220520|20220520|0603|2022-05-31 16:06:16
516741|0000000700975606              |20220520|063610|021|675|1|30300050|130010007|130759309|1|20220520|060218|8002410|20220520|064332|8001271|1|0|0|      |20220520|20220520|0603|2022-05-31 16:06:16
516743|0000000778829523              |20220520|061936|025|676|1|30300089|130010011|130759516|1|20220520|055542|8001631|20220520|064014|8102775|1|0|0|      |20220520|20220520|0603|2022-05-31 16:06:16
516745|0000000736978168              |20220520|071658|030|676|1|30300087|130010008|130752151|1|20220520|060829|8001604|20220520|073308|8002551|1|0|0|      |20220520|20220520|0603|2022-05-31 16:06:16
516747|0000000770127067              |20220520|065550|015|674|1|30300002|130010007|130759333|1|20220520|060456|8002259|20220520|072310|8001283|1|0|0|      |20220520|20220520|0603|2022-05-31 16:06:16
517154|0000000665274488              |20220520|080451|025|675|1|30300083|130010001|130759789|1|20220520|074759|8001276|20220520|082215|8002723|1|0|0|      |20220520|20220520|0603|2022-05-31 16:06:16
517156|0000000749500353              |20220520|092311|031|675|1|30300055|130010014|130753249|1|20220520|084523|8002887|20220520|095227|8001553|1|0|0|      |20220520|20220520|0603|2022-05-31 16:06:16
517158|0000000767830543              |20220520|170325|007|676|2|30300088|130010002|130752338|1|20220520|164117|8001200|20220520|175511|8002403|1|0|0|      |20220520|20220520|0603|2022-05-31 16:06:16
517160|0000000664821827              |20220520|175520|004|680|1|30300052|130010002|130752322|1|20220520|170825|8001876|20220520|184051|8001083|1|0|0|      |20220520|20220520|0603|2022-05-31 16:06:16
517162|0000000618524435              |20220520|184245|017|675|1|30300084|130010001|130759785|1|20220520|183936|8002464|20220520|185900|8001500|1|0|0|      |20220520|20220520|0603|2022-05-31 16:06:16
521401|0000000756971655              |20220520|221220|008|675|0|30300057|130010001|130759750|1|20220520|220507|8002573|20220520|224108|8001847|1|1250|0|      |20220520|20220520|0603|2022-05-31 16:06:16
521403|0000000725158226              |20220520|080554|007|676|0|30300043|130010015|130759613|1|20220520|052306|8001628|20220520|082317|8005921|1|1250|0|      |20220520|20220520|0603|2022-05-31 16:06:16
521405|0000000741971335              |20220520|144232|030|675|0|30300091|130010013|130759877|1|20220520|123547|8001889|20220520|150540|8002127|1|1250|0|      |20220520|20220520|0603|2022-05-31 16:06:16
521407|0000000905276429              |20220520|145118|013|675|0|30300091|130010013|130759876|1|20220520|142252|8002093|20220520|150501|8002616|1|1250|0|      |20220520|20220520|0603|2022-05-31 16:06:16
521409|0000000918037079              |20220520|073509|016|675|0|30300058|130010004|130752293|1|20220520|072520|8001437|20220520|083438|8002904|1|1250|0|      |20220520|20220520|0603|2022-05-31 16:06:16
521411|0000000742571667              |20220520|085027|016|675|0|30300058|130010004|130752202|1|20220520|083937|8005585|20220520|093639|8002904|1|1250|0|      |20220520|20220520|0603|2022-05-31 16:06:16
521818|0000000766964705              |20220520|161611|024|675|0|30300067|130010001|130759717|1|20220520|151145|8001041|20220520|162020|8002444|1|1250|0|      |20220520|20220520|0603|2022-05-31 16:06:16
521820|0000000741195203              |20220520|222745|004|676|0|30300072|130010001|130759711|1|20220520|215125|8002608|20220520|224525|8002452|1|1250|0|      |20220520|20220520|0603|2022-05-31 16:06:16
521822|0000000654529255              |20220520|063012|021|676|0|30300131|130010008|130752700|1|20220520|061303|8007285|20220520|065727|8002559|1|1250|0|      |20220520|20220520|0603|2022-05-31 16:06:16
521824|0000000726020635              |20220520|081035|026|675|0|30300084|130010001|130759756|1|20220520|074959|8002456|20220520|081631|8001248|1|1250|0|      |20220520|20220520|0603|2022-05-31 16:06:16
521826|0000000607627167              |20220520|150132|007|674|0|30300104|130010002|130752346|1|20220520|143914|8070015|20220520|152151|8001158|1|1250|0|      |20220520|20220520|0603|2022-05-31 16:06:16
521828|0000000904608826              |20220520|080246|002|674|0|30300104|130010002|130752341|1|20220520|080220|8005583|20220520|084048|8001914|1|1250|0|      |20220520|20220520|0603|2022-05-31 16:06:16
521830|0000000778693576              |20220520|082015|008|680|0|30300011|130010002|130752559|1|20220520|075853|8002542|20220520|084110|8002834|1|1250|0|      |20220520|20220520|0603|2022-05-31 16:06:16
521832|0000000751857167              |20220520|081618|001|675|0|30300101|130010002|130752304|1|20220520|080205|8001156|20220520|090443|8002814|1|1250|0|      |20220520|20220520|0603|2022-05-31 16:06:16
521834|0000000745622329              |20220520|084218|022|676|0|30300088|130010002|130752512|1|20220520|081254|8001306|20220520|092329|8001167|1|1250|0|      |20220520|20220520|0603|2022-05-31 16:06:16
521836|0000000726243641              |20220520|093227|023|680|0|30300009|130010002|130752558|1|20220520|092409|8001493|20220520|094013|8002545|1|1250|0|      |20220520|20220520|0603|2022-05-31 16:06:16
521838|0000000662464543              |20220520|091056|022|675|0|30300065|130010004|130752258|1|20220520|055354|8005871|20220520|094107|8001399|1|1250|0|      |20220520|20220520|0603|2022-05-31 16:06:16
521840|0000000921375694              |20220520|165613|017|676|0|30300130|130010008|130752146|1|20220520|165306|8001042|20220520|171654|8002345|1|1250|0|      |20220520|20220520|0603|2022-05-31 16:06:16
521842|0000000734423759              |20220520|172505|022|675|0|30300066|130010015|130759688|1|20220520|162925|8001855|20220520|173303|8001828|1|1250|0|      |20220520|20220520|0603|2022-05-31 16:06:16
522249|0000000733185610              |20220520|105923|006|675|0|30300095|130010011|130759528|1|20220520|053645|8002277|20220520|110329|8001249|1|1250|0|      |20220520|20220520|0603|2022-05-31 16:06:16
522251|0000000605075133              |20220520|112026|025|675|0|30300095|130010005|130759229|1|20220520|102057|8002978|20220520|112832|8001714|1|1250|0|      |20220520|20220520|0603|2022-05-31 16:06:16
522253|0000000906345965              |20220520|151610|024|676|0|30300069|130010001|130759416|1|20220520|143645|8002279|20220520|154117|8001926|1|1250|0|      |20220520|20220520|0603|2022-05-31 16:06:16
522255|0000000743760875              |20220520|160204|024|676|0|30300051|130010008|130752102|1|20220520|152730|8002734|20220520|160525|8001935|1|1250|0|      |20220520|20220520|0603|2022-05-31 16:06:16
522257|0000000779853262              |20220520|155249|004|675|0|30300095|130010005|130759228|1|20220520|153817|8001100|20220520|162535|8002703|1|1250|0|      |20220520|20220520|0603|2022-05-31 16:06:16
522259|0000000903589676              |20220520|161005|003|676|0|30300090|130010005|130759260|1|20220520|141544|9001641|20220520|164439|8002468|1|1250|0|      |20220520|20220520|0603|2022-05-31 16:06:16
522261|0000000904985286              |20220520|221224|002|676|0|30300041|130010012|130753303|1|20220520|215437|8002997|20220520|225222|8002994|1|1250|0|      |20220520|20220520|0603|2022-05-31 16:06:16
522263|0000000732744693              |20220520|061712|030|676|0|30300086|130010013|130759820|1|20220520|061136|8001413|20220520|062457|8001097|1|1250|0|      |20220520|20220520|0603|2022-05-31 16:06:16
522265|0000000750260945              |20220520|070238|014|676|0|30300089|130010011|130759504|1|20220520|062828|8001923|20220520|071119|8002208|1|1250|0|      |20220520|20220520|0603|2022-05-31 16:06:16
522267|0000000742147891              |20220520|065237|008|676|0|30300037|130010006|130752040|1|20220520|062712|8006001|20220520|071805|8001533|1|1250|0|      |20220520|20220520|0603|2022-05-31 16:06:16
522269|0000000664604793              |20220520|131344|024|675|0|30300091|130010013|130759877|1|20220520|123547|8002219|20220520|134211|8005994|1|1250|0|      |20220520|20220520|0603|2022-05-31 16:06:16
522271|0000000744501636              |20220520|141052|008|675|0|30300053|130010002|130752319|1|20220520|135253|8001587|20220520|143833|8002106|1|1250|0|      |20220520|20220520|0603|2022-05-31 16:06:16
522273|0000000906421067              |20220520|074842|029|674|0|30300002|130010007|130759330|1|20220520|074149|8001794|20220520|081405|8001241|1|1250|0|      |20220520|20220520|0603|2022-05-31 16:06:16
522275|0000000739748957              |20220520|083348|014|675|0|30300049|130010004|130752240|1|20220520|073709|8001784|20220520|085557|8001934|1|1250|0|      |20220520|20220520|0603|2022-05-31 16:06:16
522799|0000000547799694              |20220520|121107|013|676|0|30300087|130010015|130759641|1|20220520|110142|8001399|20220520|123512|8002848|1|1250|0|      |20220520|20220520|0603|2022-05-31 16:06:16
522801|0000000544012834              |20220520|124633|002|675|0|30300064|130010015|130759623|1|20220520|122755|8001095|20220520|130412|8001527|1|1250|0|      |20220520|20220520|0603|2022-05-31 16:06:16
522803|0000000547876603              |20220520|131126|016|677|0|30300098|130010011|130759579|4|20220520|120749|8005631|20220520|133820|8002132|1|750|0|      |20220520|20220520|0603|2022-05-31 16:06:16
522805|0000000510441076              |20220520|125607|002|676|0|30300070|130010004|130752235|1|20220520|113458|8002437|20220520|130916|8001383|1|1250|0|      |20220520|20220520|0603|2022-05-31 16:06:16
525554|0000000535971347              |20220520|113818|011|676|0|30300040|130010013|130759830|1|20220520|110558|8001075|20220520|114631|8001655|1|1250|0|      |20220520|20220520|0603|2022-05-31 16:06:16
525556|0000000511920093              |20220520|121419|015|675|0|30300082|130010001|130759739|4|20220520|103758|8001395|20220520|121726|8001989|1|750|0|      |20220520|20220520|0603|2022-05-31 16:06:16
525558|0000000544818146              |20220520|132115|019|675|0|30300095|130010011|130759525|1|20220520|060706|8002702|20220520|133730|8001238|1|1250|0|      |20220520|20220520|0603|2022-05-31 16:06:16
525965|0000000178495470              |20220520|180319|010|675|0|30300101|130010002|130752311|1|20220520|162959|8001368|20220520|183338|8001786|1|1250|0|      |20220520|20220520|0603|2022-05-31 16:06:16
525967|0000000301548890              |20220520|063825|011|676|0|30300087|130010015|130759633|1|20220520|063433|8002541|20220520|070710|8002453|1|1250|0|      |20220520|20220520|0603|2022-05-31 16:06:16
525969|0000000537371651              |20220520|074834|016|676|0|30300037|130010006|130752031|4|20220520|052751|8001574|20220520|075246|8002558|1|750|0|      |20220520|20220520|0603|2022-05-31 16:06:16
525971|0000000526765453              |20220520|092710|021|676|0|30300036|130010012|130753372|1|20220520|053814|8001054|20220520|095736|8001413|1|1250|0|      |20220520|20220520|0603|2022-05-31 16:06:16
525973|0000000314393610              |20220520|114146|004|675|0|30300094|130010012|130753329|4|20220520|112854|8001394|20220520|120317|8001077|1|750|0|      |20220520|20220520|0603|2022-05-31 16:06:16
525975|0000000540389872              |20220520|114215|001|675|0|30300144|130010012|130753314|1|20220520|112748|8001096|20220520|120306|8002781|1|1250|0|      |20220520|20220520|0603|2022-05-31 16:06:16
525977|0000000544631711              |20220520|124717|024|676|0|30300043|130010015|130759630|1|20220520|121334|8002697|20220520|125512|8002887|1|1250|0|      |20220520|20220520|0603|2022-05-31 16:06:16
525979|0000000535333229              |20220520|140530|014|675|0|30300062|130010008|130752131|1|20220520|134528|8001938|20220520|142200|8001380|1|1250|0|      |20220520|20220520|0603|2022-05-31 16:06:16
525981|0000000537737182              |20220520|143827|017|675|0|30300060|130010014|130753230|1|20220520|131859|8002916|20220520|144919|8005935|1|1250|0|      |20220520|20220520|0603|2022-05-31 16:06:16
525983|0000000533095291              |20220520|151707|004|675|0|30300076|130010014|130753510|4|20220520|141746|8001630|20220520|152144|8002786|1|750|0|      |20220520|20220520|0603|2022-05-31 16:06:16
525985|0000000303895943              |20220520|152156|001|676|0|30300051|130010008|130752100|1|20220520|151735|8001096|20220520|160129|8001490|1|1250|0|      |20220520|20220520|0603|2022-05-31 16:06:16
525987|0000000178058735              |20220520|161700|013|675|0|30300075|130010005|130759227|1|20220520|153034|8001421|20220520|163327|8002826|1|1250|0|      |20220520|20220520|0603|2022-05-31 16:06:16
525989|0000000294789152              |20220520|204811|009|675|0|30300056|130010012|130753319|1|20220520|193649|8002753|20220520|210832|8001851|1|1250|0|      |20220520|20220520|0603|2022-05-31 16:06:16
526423|0000000722970752              |20220520|202430|002|675|0|30300058|130010004|130752252|1|20220520|192802|8002904|~       |      |~      |1|1250|0|      |20220520|~       |0603|2022-05-31 16:06:16
526425|0000000909732632              |20220520|204455|013|675|1|30300059|130010004|130752270|1|20220520|202802|8002425|~       |      |~      |1|0|0|      |20220520|~       |0603|2022-05-31 16:06:16
526427|0000000905248605              |20220520|100941|002|676|0|30300087|130010015|130759636|1|20220520|090558|8002425|~       |      |~      |1|1250|0|      |20220520|~       |0603|2022-05-31 16:06:16
526429|0000000743703064              |20220520|105242|022|675|1|30300060|130010014|130753244|1|20220520|053843|8002425|~       |      |~      |1|0|0|      |20220520|~       |0603|2022-05-31 16:06:16
526431|0000000667143442              |20220520|113801|016|676|0|30300087|130010008|130752155|1|20220520|103403|8002425|~       |      |~      |1|1250|0|      |20220520|~       |0603|2022-05-31 16:06:16
526433|0000000644914465              |20220520|120240|007|675|0|30300091|130010013|130759821|1|20220520|101420|8002904|~       |      |~      |1|1250|0|      |20220520|~       |0603|2022-05-31 16:06:16
526435|0000000903490068              |20220520|122654|009|675|0|30300091|130010013|130759811|1|20220520|103134|8002904|~       |      |~      |1|1250|0|      |20220520|~       |0603|2022-05-31 16:06:16
526437|0000000908221828              |20220520|152637|010|676|0|30300040|130010013|130759804|1|20220520|142317|8002904|~       |      |~      |1|1250|0|      |20220520|~       |0603|2022-05-31 16:06:16
526439|0000000759939831              |20220520|160938|008|676|0|30300036|130010012|130753333|1|20220520|145118|8002425|~       |      |~      |1|1250|0|      |20220520|~       |0603|2022-05-31 16:06:16
526441|0000000773841826              |20220520|164244|015|676|0|30300040|130010007|130759343|1|20220520|154628|8002904|~       |      |~      |1|1250|0|      |20220520|~       |0603|2022-05-31 16:06:16
526443|0000000710585912              |20220520|165749|002|675|1|30300053|130010002|130752385|1|20220520|153129|8002425|~       |      |~      |1|0|0|      |20220520|~       |0603|2022-05-31 16:06:16
526445|0000000655885556              |20220520|073534|022|676|0|30300040|130010013|130759834|1|20220520|071139|8002425|~       |      |~      |1|1250|0|      |20220520|~       |0603|2022-05-31 16:06:16
526447|0000000903812490              |20220520|073604|029|676|0|30300090|130010005|130759207|1|20220520|054410|8002425|~       |      |~      |1|1250|0|      |20220520|~       |0603|2022-05-31 16:06:16
526449|0000000760807520              |20220520|145641|016|675|0|30300091|130010013|130759816|4|20220520|125632|8002904|~       |      |~      |1|750|0|      |20220520|~       |0603|2022-05-31 16:06:16
526451|0000000727519432              |20220520|181036|017|676|0|30300040|130010013|130759822|1|20220520|165720|8002904|~       |      |~      |1|1250|0|      |20220520|~       |0603|2022-05-31 16:06:16
526907|0000000911274233              |20220520|104708|007|675|1|30300059|130010004|130752218|1|20220520|103023|8001538|~       |      |~      |1|0|0|      |20220520|~       |0603|2022-05-31 16:06:16
526909|0000000749106983              |20220520|110612|008|675|0|30300059|130010004|130752246|1|20220520|104725|8001538|~       |      |~      |1|1250|0|      |20220520|~       |0603|2022-05-31 16:06:16
526911|0000000701920717              |20220520|120318|004|674|0|30300002|130010007|130759327|1|20220520|110858|8002880|~       |      |~      |1|1250|0|      |20220520|~       |0603|2022-05-31 16:06:16
526913|0000000765700194              |20220520|154137|020|675|0|30300066|130010015|130759606|4|20220520|152300|8001538|~       |      |~      |1|750|0|      |20220520|~       |0603|2022-05-31 16:06:16
526915|0000000679532256              |20220520|163458|028|675|0|30300079|130010009|130759110|4|20220520|144305|8001538|~       |      |~      |1|750|0|      |20220520|~       |0603|2022-05-31 16:06:16
526917|0000000776961167              |20220520|165357|010|675|0|30300055|130010014|130753251|1|20220520|144606|8001538|~       |      |~      |1|1250|0|      |20220520|~       |0603|2022-05-31 16:06:16
534460|0000000918206191              |20220520|090659|008|676|0|30300051|130010008|130752107|1|20220520|090219|8001535|20220520|093245|8002734|2|2500|0|      |20220520|20220520|0603|2022-05-31 16:06:16
534462|0000000734580963              |20220520|173115|002|832|0|30300128|130710001|130759913|1|20220520|062545|3014017|20220520|174656|8007298|1|1700|0|      |20220520|20220520|0603|2022-05-31 16:06:16
534464|0000000630282748              |20220520|175145|021|676|0|30300051|130010008|130752134|1|20220520|160954|8001992|20220520|181630|8001929|2|2500|0|      |20220520|20220520|0603|2022-05-31 16:06:16
534466|0000000909973627              |20220520|190400|002|675|0|30300083|130010001|130759426|1|20220520|173423|8001539|20220520|190716|8001855|3|3250|0|      |20220520|20220520|0603|2022-05-31 16:06:16
534468|0000000712571584              |20220520|122222|002|676|0|30300070|130010004|130752605|1|20220520|095908|8002795|20220520|122933|8001049|2|2500|0|      |20220520|20220520|0603|2022-05-31 16:06:16
534497|0000000772615073              |20220520|083312|001|673|2|30300003|130510004|130751014|1|20220520|062251|8002402|20220520|084329|8007239|1|0|0|      |20220520|20220520|0603|2022-05-31 16:06:16
534499|0000000770995071              |20220520|081001|018|676|0|30300130|130010008|130752140|4|20220520|075427|8001717|20220520|082725|8002629|3|2250|0|      |20220520|20220520|0603|2022-05-31 16:06:16
534501|0000000706739203              |20220520|124939|014|673|0|30300003|130510004|130751014|1|20220520|062251|8002392|20220520|130505|8002739|1|1100|0|      |20220520|20220520|0603|2022-05-31 16:06:16
534503|0000000722796640              |20220520|130149|002|673|0|30300003|130510004|130751015|1|20220520|055200|8005693|20220520|132934|8005681|1|1100|0|      |20220520|20220520|0603|2022-05-31 16:06:16
534505|0000000742992261              |20220520|192623|011|673|0|30300003|130510004|130751003|1|20220520|055731|8002742|20220520|193805|8001590|1|1100|0|      |20220520|20220520|0603|2022-05-31 16:06:16
534507|0000000918426419              |20220520|204748|003|675|0|30300055|130010014|130753259|1|20220520|201307|8002627|20220520|210744|8002894|2|2000|0|      |20220520|20220520|0603|2022-05-31 16:06:16
534509|0000000743728693              |20220520|103623|012|673|0|30300003|130510004|130751003|1|20220520|055731|8002393|20220520|105707|8005714|1|1100|0|      |20220520|20220520|0603|2022-05-31 16:06:16
534511|0000000627747598              |20220520|163702|001|676|0|30300054|130010007|130759386|1|20220520|161818|8001306|20220520|170441|8001078|2|2000|0|      |20220520|20220520|0603|2022-05-31 16:06:16
534513|0000000900981266              |20220520|080024|031|673|0|30300003|130510004|130751014|1|20220520|062251|8001764|20220520|080930|8002435|1|1100|0|      |20220520|20220520|0603|2022-05-31 16:06:16
534515|0000000743546351              |20220520|153058|026|676|0|30300090|130010005|130759209|1|20220520|133736|8001568|20220520|153157|8002468|2|2000|0|      |20220520|20220520|0603|2022-05-31 16:06:16
534517|0000000903036316              |20220520|183815|004|675|0|30300094|130010012|130753328|1|20220520|164609|8001890|20220520|184102|8002935|4|3600|0|      |20220520|20220520|0603|2022-05-31 16:06:16
534519|0000000640387130              |20220520|184234|003|675|0|30300047|130010001|130759433|4|20220520|142058|8001193|20220520|190049|8005993|2|1500|0|      |20220520|20220520|0603|2022-05-31 16:06:16
534521|0000000756897049              |20220520|211857|011|832|0|30300128|130710001|130759925|1|20220520|140644|8007288|20220520|212915|8007289|1|1700|0|      |20220520|20220520|0603|2022-05-31 16:06:16
534523|0000000464230377              |20220520|154159|017|675|0|30300076|130010014|130753511|4|20220520|144149|8002387|20220520|160641|8005948|2|1500|0|      |20220520|20220520|0603|2022-05-31 16:06:16
534579|0000000720634487              |20220520|190649|021|676|1|30300038|130010014|130753505|1|20220520|181720|8001168|20220520|191922|8001425|2|1250|0|      |20220520|20220520|0603|2022-05-31 16:06:16
534581|0000000758219493              |20220520|115203|014|676|0|30300089|130010011|130759529|1|20220520|060910|8002087|20220520|121612|8002208|2|2500|0|      |20220520|20220520|0603|2022-05-31 16:06:16
534583|0000000770747018              |20220520|131904|023|673|1|30300003|130510004|130751002|1|20220520|060415|8002402|20220520|132450|8001167|1|0|0|      |20220520|20220520|0603|2022-05-31 16:06:16
534585|0000000636927916              |20220520|213343|014|676|0|30300054|130010007|130759363|1|20220520|210125|8002453|20220520|220140|8001586|2|2500|0|      |20220520|20220520|0603|2022-05-31 16:06:16
534587|0000000772327793              |20220520|202951|003|676|0|30300087|130010008|130752123|1|20220520|192244|8001587|20220520|205151|8001198|2|1600|0|      |20220520|20220520|0603|2022-05-31 16:06:16
534589|0000000753784648              |20220520|105513|030|675|2|30300048|130010006|130752069|1|20220520|105133|8001652|20220520|110635|8001426|3|2500|0|      |20220520|20220520|0603|2022-05-31 16:06:16
534591|0000000906763451              |20220520|152524|002|675|0|30300053|130010002|130752369|1|20220520|151627|8005584|20220520|154414|8001029|3|2850|0|      |20220520|20220520|0603|2022-05-31 16:06:16
534593|0000000743134490              |20220520|154102|009|675|0|30300047|130010001|130759732|1|20220520|152741|8001857|20220520|154326|8001852|2|2500|0|      |20220520|20220520|0603|2022-05-31 16:06:16
534595|0000000629098361              |20220520|153643|007|675|0|30300046|130010002|130752321|1|20220520|142837|8001273|20220520|160300|8007019|2|1600|0|      |20220520|20220520|0603|2022-05-31 16:06:16
534597|0000000918212142              |20220520|162442|011|675|0|30300081|130010011|130759571|1|20220520|161559|8001984|20220520|164024|8002616|2|2500|0|      |20220520|20220520|0603|2022-05-31 16:06:16
534599|0000000904427334              |20220520|142436|015|676|0|30300073|130010009|130759185|1|20220520|135703|8001394|20220520|143046|8001005|2|2500|0|      |20220520|20220520|0603|2022-05-31 16:06:16
534601|0000000723095649              |20220520|092242|004|673|0|30300003|130510004|130751101|1|20220520|060910|8001777|20220520|092920|8007238|1|1100|0|      |20220520|20220520|0603|2022-05-31 16:06:16
534603|0000000769738036              |20220520|172140|008|675|0|30300096|130010006|130752020|4|20220520|153617|8001103|20220520|173121|8002208|2|1500|0|      |20220520|20220520|0603|2022-05-31 16:06:16
534659|0000000773718864              |20220520|081608|001|832|1|30300128|130710001|130759924|1|20220520|063253|3062004|20220520|081939|8007057|1|300|0|      |20220520|20220520|0603|2022-05-31 16:06:16
534661|0000000738905962              |20220520|093541|004|832|0|30300128|130710001|130759910|1|20220520|061113|8007298|20220520|093908|8007294|1|1700|0|      |20220520|20220520|0603|2022-05-31 16:06:16
534663|0000000702705919              |20220520|183937|012|673|0|30300003|130510004|130751002|1|20220520|060415|8001191|20220520|185539|8001194|1|1100|0|      |20220520|20220520|0603|2022-05-31 16:06:16
534665|0000000903593004              |20220520|194153|004|832|0|30300128|130710001|130759911|1|20220520|062233|8007053|20220520|194332|3056003|1|1700|0|      |20220520|20220520|0603|2022-05-31 16:06:16
534667|0000000661346121              |20220520|114748|003|675|0|30300076|130010014|130753510|1|20220520|114050|8001645|20220520|122836|8001413|2|2500|0|      |20220520|20220520|0603|2022-05-31 16:06:16
512439|0000000743545785              |20220520|103758|029|678|0|30300074|130110001|130745012|1|20220519|142459|8007370|20220520|104426|8002971|1|1250|0|      |20220520|20220520|0603|2022-05-31 16:06:16
512441|0000000741658918              |20220520|111116|012|675|0|30300094|130010012|130753328|1|20220520|104427|8001570|20220520|112541|8002953|1|1250|0|      |20220520|20220520|0603|2022-05-31 16:06:16
512443|0000000771981967              |20220520|113435|020|674|0|30300104|130010002|130752333|1|20220520|112751|8002452|20220520|115149|8070017|1|1250|0|      |20220520|20220520|0603|2022-05-31 16:06:16
512445|0000000776517229              |20220520|154353|011|675|0|30300078|130010008|130752165|1|20220520|152743|8001427|20220520|155220|8002100|1|1250|0|      |20220520|20220520|0603|2022-05-31 16:06:16
512447|0000000740064822              |20220520|155206|014|675|0|30300084|130010001|130759785|1|20220520|145717|8001429|20220520|160338|8001244|1|1250|0|      |20220520|20220520|0603|2022-05-31 16:06:16
512449|0000000903940683              |20220520|161521|029|675|0|30300066|130010015|130759687|1|20220520|160124|8001358|20220520|164050|8002734|1|1250|0|      |20220520|20220520|0603|2022-05-31 16:06:16
512451|0000000773291880              |20220520|162737|006|675|0|30300067|130010001|130759729|1|20220520|140902|8002648|20220520|164233|8002635|1|1250|0|      |20220520|20220520|0603|2022-05-31 16:06:16
512453|0000000900332515              |20220520|165426|020|675|0|30300091|130010013|130759812|1|20220520|154531|8007270|20220520|165928|8001419|1|1250|0|      |20220520|20220520|0603|2022-05-31 16:06:16
512455|0000000751217913              |20220520|222419|011|675|0|30300091|130010013|130759881|1|20220520|214823|8002464|20220520|224214|8002240|1|1250|0|      |20220520|20220520|0603|2022-05-31 16:06:16
512862|0000000697132114              |20220520|124325|018|674|0|30300002|130010007|130759334|1|20220520|122731|8003020|20220520|125127|8002133|1|1250|0|      |20220520|20220520|0603|2022-05-31 16:06:16
512864|0000000791009255              |20220520|193431|013|832|0|30300128|130710001|130759930|1|20220520|053540|9007055|20220520|200832|8007296|1|1700|300|      |20220520|20220520|0603|2022-05-31 16:06:16
512866|0000000796493675              |20220520|105124|009|677|0|30300129|130010009|130759143|1|20220520|061755|8007352|20220520|111158|8001677|1|1250|300|      |20220520|20220520|0603|2022-05-31 16:06:16
512868|0000000784180545              |20220520|110727|029|677|0|30300129|130010009|130759163|1|20220520|105508|8007352|20220520|112835|8001677|1|1250|300|      |20220520|20220520|0603|2022-05-31 16:06:16
512870|0000000788627996              |20220520|120610|017|674|0|30300002|130010007|130759330|1|20220520|114614|8003020|20220520|121330|8002133|1|1250|0|      |20220520|20220520|0603|2022-05-31 16:06:16
512872|0000000691376922              |20220520|151115|004|832|0|30300128|130710001|130759923|1|20220520|054411|9007055|20220520|154608|8007296|1|1700|300|      |20220520|20220520|0603|2022-05-31 16:06:16
512874|0000000784775090              |20220520|161140|009|832|0|30300128|130710001|130759930|1|20220520|053540|9007055|20220520|164653|8007296|1|1700|300|      |20220520|20220520|0603|2022-05-31 16:06:16
512876|0000000694771306              |20220520|224545|002|677|0|30300129|130010009|130759143|1|20220520|151726|8007352|20220520|230613|8001677|1|1250|300|      |20220520|20220520|0603|2022-05-31 16:06:16
512878|0000000400167853              |20220520|063721|007|676|0|30300071|130010009|130759174|1|20220520|060511|8002691|20220520|064516|8001463|1|1250|0|      |20220520|20220520|0603|2022-05-31 16:06:16
512880|0000000400194852              |20220520|141249|012|676|0|30300051|130010008|130752121|1|20220520|133731|8002734|20220520|142333|8001490|1|1250|0|      |20220520|20220520|0603|2022-05-31 16:06:16
512882|0000000788524562              |20220520|081758|019|675|0|30300077|130010006|130752017|1|20220520|074137|8002734|20220520|082900|8001490|1|1250|0|      |20220520|20220520|0603|2022-05-31 16:06:16
512884|0000000692227985              |20220520|085659|003|675|0|30300056|130010012|130753371|1|20220520|054849|8001060|20220520|091055|8002403|1|1250|0|      |20220520|20220520|0603|2022-05-31 16:06:16
512886|0000000400200344              |20220520|172203|018|676|0|30300051|130010008|130752115|1|20220520|151853|8002734|20220520|173702|8001490|1|1250|0|      |20220520|20220520|0603|2022-05-31 16:06:16
513293|0000000545307314              |20220520|134437|028|675|1|30300055|130010014|130753265|1|20220520|055458|8002733|20220520|142325|8001553|1|0|0|      |20220520|20220520|0603|2022-05-31 16:06:16
513295|0000000516899006              |20220520|150207|017|675|1|30300067|130010001|130759717|1|20220520|132928|8001713|20220520|150816|8001073|1|0|0|      |20220520|20220520|0603|2022-05-31 16:06:16
513297|0000000533653496              |20220520|143430|014|675|1|30300076|130010014|130753232|1|20220520|122029|8001413|20220520|145234|8002825|1|0|0|      |20220520|20220520|0603|2022-05-31 16:06:16
513299|0000000534041146              |20220520|152337|003|680|1|30300007|130010002|130752390|1|20220520|151740|8001493|20220520|155514|8001861|1|0|0|      |20220520|20220520|0603|2022-05-31 16:06:16
513301|0000000532385797              |20220520|153528|004|674|1|30300104|130010002|130752333|1|20220520|153032|8001078|20220520|154417|8001426|1|0|0|      |20220520|20220520|0603|2022-05-31 16:06:16
513303|0000000522440862              |20220520|191623|014|675|1|30300053|130010002|130752369|1|20220520|183941|8001491|20220520|192104|8001731|1|0|0|      |20220520|20220520|0603|2022-05-31 16:06:16
513305|0000000532384931              |20220520|191029|027|675|1|30300077|130010006|130759013|1|20220520|184628|8001528|20220520|194304|8001737|1|0|0|      |20220520|20220520|0603|2022-05-31 16:06:16
513307|0000000549415041              |20220520|155749|001|675|1|30300055|130010014|130753269|1|20220520|150157|8001529|20220520|162426|8002685|1|0|0|      |20220520|20220520|0603|2022-05-31 16:06:16
513309|0000000542477584              |20220520|160359|028|675|1|30300053|130010002|130752387|1|20220520|154903|8002468|20220520|163446|8001494|1|0|0|      |20220520|20220520|0603|2022-05-31 16:06:16
513311|0000000542477584              |20220520|170557|028|676|3|30300130|130010008|130752139|1|20220520|165545|8001482|20220520|172208|8001934|1|0|0|      |20220520|20220520|0603|2022-05-31 16:06:16
513313|0000000510869839              |20220520|172229|023|674|1|30300002|130010007|130759338|1|20220520|163619|8002093|20220520|181310|8001789|1|0|0|      |20220520|20220520|0603|2022-05-31 16:06:16
513315|0000000525697624              |20220520|063826|010|675|1|30300077|130010006|130752010|1|20220520|055657|8001418|20220520|065043|8001801|1|0|0|      |20220520|20220520|0603|2022-05-31 16:06:16
513317|0000000539967454              |20220520|074919|004|675|1|30300064|130010015|130759623|1|20220520|070943|8001412|20220520|080229|8001979|1|0|0|      |20220520|20220520|0603|2022-05-31 16:06:16
513319|0000000300708653              |20220520|094031|030|676|2|30300093|130010004|130752207|1|20220520|072616|8001036|20220520|094806|8002311|1|0|0|      |20220520|20220520|0603|2022-05-31 16:06:16
513726|0000000536195835              |20220520|222648|030|676|1|30300051|130010008|130752106|1|20220520|215541|8002734|20220520|223034|8002433|1|0|0|      |20220520|20220520|0603|2022-05-31 16:06:16
517190|0000000657720829              |20220520|162659|010|680|1|30300010|130010002|130752557|1|20220520|161936|8001490|20220520|165924|8001769|1|0|0|      |20220520|20220520|0603|2022-05-31 16:06:16
517192|0000000778467274              |20220520|071024|012|675|0|30300079|130010009|130759120|4|20220520|064358|8001993|20220520|072208|8002888|1|750|0|      |20220520|20220520|0603|2022-05-31 16:06:16
517194|0000000725307855              |20220520|065520|008|676|1|30300072|130010001|130759734|1|20220520|061806|8002618|20220520|072202|8002487|1|0|0|      |20220520|20220520|0603|2022-05-31 16:06:16
517196|0000000645116489              |20220520|075300|012|676|1|30300088|130010002|130752512|1|20220520|062214|8002847|20220520|080045|8007262|1|0|0|      |20220520|20220520|0603|2022-05-31 16:06:16
517198|0000000626393342              |20220520|074330|029|675|0|30300095|130010005|130759229|4|20220520|071700|8001743|20220520|075146|8001951|1|750|0|      |20220520|20220520|0603|2022-05-31 16:06:16
517200|0000000719584229              |20220520|124058|007|675|1|30300055|130010014|130753238|1|20220520|121344|8001934|20220520|132212|8001987|1|0|0|      |20220520|20220520|0603|2022-05-31 16:06:16
517202|0000000634277327              |20220520|143405|020|675|2|30300066|130010015|130759688|1|20220520|134444|8005646|20220520|144603|8001851|1|0|0|      |20220520|20220520|0603|2022-05-31 16:06:16
517204|0000000662204866              |20220520|080421|004|676|1|30300087|130010008|130752151|1|20220520|060829|8001199|20220520|083231|8002279|1|0|0|      |20220520|20220520|0603|2022-05-31 16:06:16
517206|0000000717880487              |20220520|080829|012|676|1|30300087|130010008|130752160|1|20220520|063053|8001005|20220520|084339|8001474|1|0|0|      |20220520|20220520|0603|2022-05-31 16:06:16
517613|0000000732811351              |20220520|172855|028|675|1|30300065|130010004|130752267|1|20220520|152545|8002460|20220520|174850|8001420|1|0|0|      |20220520|20220520|0603|2022-05-31 16:06:16
517615|0000000740389523              |20220520|175104|001|676|1|30300086|130010013|130759806|1|20220520|160941|8002437|20220520|182200|8001532|1|0|0|      |20220520|20220520|0603|2022-05-31 16:06:16
517617|0000000726807582              |20220520|183316|012|676|2|30300089|130010011|130759578|1|20220520|162846|8001990|20220520|183418|8001441|1|0|0|      |20220520|20220520|0603|2022-05-31 16:06:16
517619|0000000657002240              |20220520|132914|003|676|0|30300087|130010015|130759610|1|20220520|131340|8001491|20220520|135853|8001723|2|2500|0|      |20220520|20220520|0603|2022-05-31 16:06:16
517621|0000000646367440              |20220520|131814|026|676|0|30300038|130010014|130753500|1|20220520|131658|8003003|20220520|142212|8002627|2|2500|0|      |20220520|20220520|0603|2022-05-31 16:06:16
517623|0000000742238439              |20220520|090205|016|676|0|30300073|130010009|130759117|1|20220520|082931|8001005|20220520|092042|8001420|2|2500|0|      |20220520|20220520|0603|2022-05-31 16:06:16
517625|0000000921532803              |20220520|090231|009|676|0|30300043|130010015|130759630|1|20220520|085232|8001253|20220520|095221|8001628|2|2500|0|      |20220520|20220520|0603|2022-05-31 16:06:16
517627|0000000750715837              |20220520|181206|018|675|0|30300080|130010009|130759137|1|20220520|175201|8003022|20220520|182855|8002064|2|2500|0|      |20220520|20220520|0603|2022-05-31 16:06:16
517629|0000000706186793              |20220520|194636|013|675|0|30300064|130010015|130759626|1|20220520|183441|8001625|20220520|195313|8002628|2|2500|0|      |20220520|20220520|0603|2022-05-31 16:06:16
517631|0000000655688595              |20220520|220015|004|676|0|30300054|130010007|130759387|1|20220520|213150|8002453|20220520|223228|8002943|2|2500|0|      |20220520|20220520|0603|2022-05-31 16:06:16
517633|0000000710344998              |20220520|192227|019|676|0|30300087|130010015|130759631|1|20220520|184622|8001239|20220520|194920|8001005|2|2500|0|      |20220520|20220520|0603|2022-05-31 16:06:16
517635|0000000908014249              |20220520|204419|019|676|0|30300041|130010012|130753309|1|20220520|180824|8001077|20220520|212019|8070030|2|2500|0|      |20220520|20220520|0603|2022-05-31 16:06:16
517637|0000000601350490              |20220520|160150|007|677|0|30300129|130010009|130759143|1|20220520|151726|8005906|20220520|160403|8002187|2|2500|0|      |20220520|20220520|0603|2022-05-31 16:06:16
517639|0000000774263852              |20220520|135417|029|675|0|30300075|130010005|130759221|1|20220520|132859|8002906|20220520|140838|8001994|2|2500|0|      |20220520|20220520|0603|2022-05-31 16:06:16
518046|0000000102695031              |20220520|145106|029|676|0|30300051|130010008|130752147|1|20220520|143324|8002454|20220520|153751|8007046|1|1250|0|      |20220520|20220520|0603|2022-05-31 16:06:16
518048|0000000533766193              |20220520|162452|011|674|0|30300002|130010007|130759327|4|20220520|150617|8002252|20220520|163332|8002833|1|750|0|      |20220520|20220520|0603|2022-05-31 16:06:16
518050|0000000543544482              |20220520|214523|020|675|0|30300055|130010014|130753228|1|20220520|134933|8001554|20220520|215222|8001612|1|1250|0|      |20220520|20220520|0603|2022-05-31 16:06:16
518052|0000000091654493              |20220520|214553|023|675|0|30300049|130010004|130752216|1|20220520|213746|8005571|20220520|223417|8001489|1|1250|0|      |20220520|20220520|0603|2022-05-31 16:06:16
518054|0000000545637121              |20220520|191156|031|675|0|30300067|130010001|130759731|1|20220520|182604|8001412|20220520|192011|8001409|1|1250|0|      |20220520|20220520|0603|2022-05-31 16:06:16
518056|0000000302168900              |20220520|193842|007|674|0|30300002|130010007|130759335|1|20220520|191359|8002133|20220520|195355|8002464|1|1250|0|      |20220520|20220520|0603|2022-05-31 16:06:16
518058|0000000545794128              |20220520|194602|002|676|0|30300087|130010008|130752141|1|20220520|181819|8001494|20220520|195516|8007444|1|1250|0|      |20220520|20220520|0603|2022-05-31 16:06:16
518060|0000000547463731              |20220520|201538|017|675|0|30300092|130010013|130759831|4|20220520|200243|8001555|20220520|204843|8002133|1|750|0|      |20220520|20220520|0603|2022-05-31 16:06:16
518062|0000000535484844              |20220520|154717|030|675|0|30300055|130010014|130753229|4|20220520|135759|8001393|20220520|162627|8002627|1|750|0|      |20220520|20220520|0603|2022-05-31 16:06:16
518064|0000000540955104              |20220520|160744|015|675|0|30300048|130010006|130752067|1|20220520|152124|8002404|20220520|161117|8002402|1|1250|0|      |20220520|20220520|0603|2022-05-31 16:06:16
518066|0000000543656047              |20220520|160651|008|674|0|30300002|130010007|130759335|1|20220520|151537|8001430|20220520|162858|8001419|1|1250|0|      |20220520|20220520|0603|2022-05-31 16:06:16
518068|0000000532854507              |20220520|164029|023|676|0|30300051|130010008|130752126|1|20220520|141736|8001117|20220520|170932|8001927|1|1250|0|      |20220520|20220520|0603|2022-05-31 16:06:16
518070|0000000529069968              |20220520|165041|026|676|0|30300051|130010008|130752147|1|20220520|162811|8001369|20220520|170047|8002547|1|1250|0|      |20220520|20220520|0603|2022-05-31 16:06:16
518477|0000000517937448              |20220520|125144|006|676|0|30300070|130010004|130752210|1|20220520|124317|8002824|20220520|130222|8002307|1|1250|0|      |20220520|20220520|0603|2022-05-31 16:06:16
521428|0000000648911902              |20220520|120957|009|675|0|30300049|130010004|130752240|1|20220520|112535|8001959|20220520|124603|8002696|1|1250|0|      |20220520|20220520|0603|2022-05-31 16:06:16
521430|0000000642960379              |20220520|124144|001|675|0|30300077|130010006|130752054|1|20220520|122837|8002581|20220520|130619|8001418|1|1250|0|      |20220520|20220520|0603|2022-05-31 16:06:16
521432|0000000765378964              |20220520|200237|028|675|0|30300053|130010002|130752384|1|20220520|193653|8001525|20220520|202240|8001237|1|1250|0|      |20220520|20220520|0603|2022-05-31 16:06:16
521434|0000000732076178              |20220520|095811|011|675|0|30300077|130010006|130759015|1|20220520|095634|9001059|20220520|102417|8001927|1|1250|0|      |20220520|20220520|0603|2022-05-31 16:06:16
521436|0000000723132993              |20220520|113209|006|675|0|30300053|130010002|130752384|1|20220520|095326|8001730|20220520|120034|8002679|1|1250|0|      |20220520|20220520|0603|2022-05-31 16:06:16
521438|0000000909278769              |20220520|152525|022|675|0|30300091|130010013|130759819|1|20220520|132811|8001407|20220520|153607|8002426|1|1250|0|      |20220520|20220520|0603|2022-05-31 16:06:16
521845|0000000751148953              |20220520|175958|031|676|0|30300070|130010004|130752606|1|20220520|152735|8002183|20220520|184028|8002796|1|1250|0|      |20220520|20220520|0603|2022-05-31 16:06:16
521847|0000000736041290              |20220520|182052|017|675|0|30300059|130010004|130752271|1|20220520|143948|8002968|20220520|191049|8001828|1|1250|0|      |20220520|20220520|0603|2022-05-31 16:06:16
521849|0000000752711103              |20220520|192554|013|676|0|30300070|130010004|130752605|1|20220520|191539|8001760|20220520|193133|8002816|1|1250|0|      |20220520|20220520|0603|2022-05-31 16:06:16
521851|0000000654629802              |20220520|121854|021|675|0|30300101|130010002|130752304|1|20220520|115315|8001763|20220520|124003|8005532|1|1250|0|      |20220520|20220520|0603|2022-05-31 16:06:16
521853|0000000742546974              |20220520|124139|017|676|0|30300070|130010004|130752228|1|20220520|115112|8002620|20220520|131507|8002297|1|1250|0|      |20220520|20220520|0603|2022-05-31 16:06:16
521855|0000000910678287              |20220520|213442|001|674|0|30300104|130010002|130752313|1|20220520|212906|8001078|20220520|220444|8001584|1|1250|0|      |20220520|20220520|0603|2022-05-31 16:06:16
521857|0000000918333011              |20220520|220338|017|675|0|30300101|130010002|130752325|1|20220520|153719|8002452|20220520|222016|8001947|1|1250|0|      |20220520|20220520|0603|2022-05-31 16:06:16
521859|0000000912205271              |20220520|193856|017|675|0|30300059|130010004|130752218|1|20220520|183036|8001078|20220520|200808|8002600|1|1250|0|      |20220520|20220520|0603|2022-05-31 16:06:16
521861|0000000732212102              |20220520|101126|011|675|0|30300101|130010002|130752320|1|20220520|095524|8001785|20220520|103441|8002831|1|1250|0|      |20220520|20220520|0603|2022-05-31 16:06:16
521863|0000000631001680              |20220520|110001|013|676|0|30300070|130010004|130752265|1|20220520|104456|8002825|20220520|111320|8001345|1|1250|0|      |20220520|20220520|0603|2022-05-31 16:06:16
521865|0000000759455385              |20220520|115135|017|676|0|30300070|130010004|130752224|1|20220520|112248|8001941|20220520|120711|8001938|1|1250|0|      |20220520|20220520|0603|2022-05-31 16:06:16
521867|0000000776803888              |20220520|153042|013|676|0|30300088|130010002|130752512|1|20220520|142528|8001705|20220520|153226|8070028|1|1250|0|      |20220520|20220520|0603|2022-05-31 16:06:16
521869|0000000765783493              |20220520|151948|024|676|0|30300043|130010015|130759618|1|20220520|151138|8005527|20220520|155158|8002730|1|1250|0|      |20220520|20220520|0603|2022-05-31 16:06:16
522276|0000000702501943              |20220520|090123|021|675|0|30300049|130010004|130752232|1|20220520|065033|8002433|20220520|092952|8003032|1|1250|0|      |20220520|20220520|0603|2022-05-31 16:06:16
522278|0000000657347220              |20220520|093805|008|675|0|30300055|130010014|130753238|1|20220520|083423|8001499|20220520|095315|8002566|1|1250|0|      |20220520|20220520|0603|2022-05-31 16:06:16
522280|0000000709168139              |20220520|171810|028|675|0|30300049|130010004|130752240|1|20220520|150724|8001491|20220520|173713|8001589|1|1250|0|      |20220520|20220520|0603|2022-05-31 16:06:16
522282|0000000675567464              |20220520|171642|015|675|0|30300091|130010013|130759819|1|20220520|165427|8002140|20220520|174542|8001085|1|1250|0|      |20220520|20220520|0603|2022-05-31 16:06:16
522284|0000000627089088              |20220520|180931|014|675|0|30300055|130010014|130753234|1|20220520|172428|8002339|20220520|190025|8001853|1|1250|0|      |20220520|20220520|0603|2022-05-31 16:06:16
522286|0000000643895937              |20220520|124152|027|675|0|30300049|130010004|130752232|1|20220520|065033|8001491|20220520|131006|8003032|1|1250|0|      |20220520|20220520|0603|2022-05-31 16:06:16
522288|0000000641587674              |20220520|125734|020|675|0|30300055|130010014|130753251|1|20220520|071637|8002764|20220520|132728|8002635|1|1250|0|      |20220520|20220520|0603|2022-05-31 16:06:16
522290|0000000741440212              |20220520|130407|016|674|0|30300002|130010007|130759338|1|20220520|124300|8001230|20220520|132301|8002093|1|1250|0|      |20220520|20220520|0603|2022-05-31 16:06:16
522292|0000000743744740              |20220520|215053|026|675|0|30300053|130010002|130752328|1|20220520|214605|8001078|20220520|222057|8001115|1|1250|0|      |20220520|20220520|0603|2022-05-31 16:06:16
522294|0000000759552643              |20220520|194932|022|675|0|30300058|130010004|130752263|1|20220520|191505|8005585|20220520|195502|8005640|1|1250|0|      |20220520|20220520|0603|2022-05-31 16:06:16
522296|0000000765138095              |20220520|202827|016|675|0|30300091|130010013|130759805|1|20220520|184229|8001647|20220520|205358|8002426|1|1250|0|      |20220520|20220520|0603|2022-05-31 16:06:16
522298|0000000903809361              |20220520|102610|010|675|0|30300055|130010014|130753218|1|20220520|102046|8001827|20220520|110502|8002340|1|1250|0|      |20220520|20220520|0603|2022-05-31 16:06:16
522300|0000000715625655              |20220520|112312|006|675|0|30300049|130010004|130752216|1|20220520|102301|8001494|20220520|115140|8002696|1|1250|0|      |20220520|20220520|0603|2022-05-31 16:06:16
522302|0000000918302612              |20220520|113740|019|674|0|30300002|130010007|130759336|1|20220520|113417|8001178|20220520|122801|8001096|1|1250|0|      |20220520|20220520|0603|2022-05-31 16:06:16
522826|0000000535653655              |20220520|204323|022|676|0|30300054|130010007|130759387|1|20220520|201139|8001922|20220520|210610|8001763|1|1250|0|      |20220520|20220520|0603|2022-05-31 16:06:16
522828|0000000131172940              |20220520|162446|019|676|0|30300040|130010013|130759872|4|20220520|144432|8002893|20220520|164125|8002157|1|750|0|      |20220520|20220520|0603|2022-05-31 16:06:16
522830|0000000534323760              |20220520|170921|031|676|0|30300036|130010012|130753302|1|20220520|163146|8001949|20220520|171718|8001056|1|1250|0|      |20220520|20220520|0603|2022-05-31 16:06:16
522832|0000000544013624              |20220520|180407|025|675|0|30300062|130010008|130752131|4|20220520|174931|8001922|20220520|181225|8001078|1|750|0|      |20220520|20220520|0603|2022-05-31 16:06:16
526946|0000000759458589              |20220520|134133|005|675|0|30300055|130010014|130753263|1|20220520|125943|8001403|~       |      |~      |1|1250|0|      |20220520|~       |0603|2022-05-31 16:06:16
526948|0000000905986129              |20220520|213309|020|675|0|30300055|130010014|130753210|1|20220520|210206|8001403|~       |      |~      |1|1250|0|      |20220520|~       |0603|2022-05-31 16:06:16
526950|0000000904938857              |20220520|211812|018|676|1|30300072|130010001|130759483|1|20220520|203658|8002880|~       |      |~      |1|0|0|      |20220520|~       |0603|2022-05-31 16:06:16
526952|0000000725286892              |20220520|103247|008|674|0|30300002|130010007|130759312|1|20220520|093819|8002880|~       |      |~      |1|1250|0|      |20220520|~       |0603|2022-05-31 16:06:16
526954|0000000744560190              |20220520|122138|011|675|0|30300055|130010014|130753269|1|20220520|105644|8001403|~       |      |~      |1|1250|0|      |20220520|~       |0603|2022-05-31 16:06:16
526956|0000000745128055              |20220520|161407|012|674|0|30300002|130010007|130759335|1|20220520|151537|8002880|~       |      |~      |1|1250|0|      |20220520|~       |0603|2022-05-31 16:06:16
526958|0000000918230956              |20220520|155210|025|675|0|30300055|130010014|130753266|1|20220520|151653|8001403|~       |      |~      |1|1250|0|      |20220520|~       |0603|2022-05-31 16:06:16
526960|0000000742481946              |20220520|165149|021|675|0|30300055|130010014|130753206|1|20220520|161439|8001403|~       |      |~      |1|1250|0|      |20220520|~       |0603|2022-05-31 16:06:16
526962|0000000662308228              |20220520|170756|015|675|0|30300055|130010014|130753208|1|20220520|162954|8001403|~       |      |~      |1|1250|0|      |20220520|~       |0603|2022-05-31 16:06:16
526964|0000000742112560              |20220520|075526|008|674|0|30300002|130010007|130759324|1|20220520|065657|8002880|~       |      |~      |1|1250|0|      |20220520|~       |0603|2022-05-31 16:06:16
526966|0000000748555583              |20220520|082154|014|674|0|30300002|130010007|130759329|1|20220520|072227|8002880|~       |      |~      |1|1250|0|      |20220520|~       |0603|2022-05-31 16:06:16
526968|0000000724618685              |20220520|082347|008|675|0|30300055|130010014|130753269|1|20220520|072612|8001403|~       |      |~      |1|1250|0|      |20220520|~       |0603|2022-05-31 16:06:16
527399|0000000741570476              |20220520|073834|004|676|0|30300040|130010013|130759813|1|20220520|070117|8002869|20220520|074719|8001005|1|1250|0|      |20220520|20220520|0603|2022-05-31 16:06:16
527401|0000000633376668              |20220520|134718|021|676|0|30300037|130010006|130752007|1|20220520|131000|8001096|20220520|135222|8002312|1|1250|0|      |20220520|20220520|0603|2022-05-31 16:06:16
527403|0000000676342146              |20220520|084218|021|676|0|30300087|130010015|130759622|1|20220520|080022|8002100|20220520|085509|8001831|1|1250|0|      |20220520|20220520|0603|2022-05-31 16:06:16
527405|0000000777728545              |20220520|083542|004|676|0|30300072|130010001|130759724|1|20220520|074542|8002100|20220520|084748|8001831|1|1250|0|      |20220520|20220520|0603|2022-05-31 16:06:16
527407|0000000642202137              |20220520|084447|024|676|0|30300041|130010012|130753305|1|20220520|070210|8001400|20220520|092249|8002087|1|1250|0|      |20220520|20220520|0603|2022-05-31 16:06:16
527409|0000000634689143              |20220520|093934|008|676|0|30300070|130010004|130752241|1|20220520|085031|8001943|20220520|094436|8002729|1|1250|0|      |20220520|20220520|0603|2022-05-31 16:06:16
527411|0000000725530796              |20220520|173544|030|676|0|30300087|130010015|130759631|1|20220520|160452|8002100|20220520|174545|8001831|1|1250|0|      |20220520|20220520|0603|2022-05-31 16:06:16
527413|0000000771728320              |20220520|180127|005|676|0|30300070|130010004|130752283|1|20220520|144300|8001413|20220520|181926|8002301|1|1250|0|      |20220520|20220520|0603|2022-05-31 16:06:16
527415|0000000634640553              |20220520|181130|006|676|0|30300041|130010012|130753312|1|20220520|164511|8001773|20220520|181924|8070029|1|1250|0|      |20220520|20220520|0603|2022-05-31 16:06:16
527417|0000000734170330              |20220520|183104|008|676|0|30300072|130010001|130759435|1|20220520|180232|8002814|20220520|190724|8001228|1|1250|0|      |20220520|20220520|0603|2022-05-31 16:06:16
527419|0000000747443011              |20220520|191959|012|676|0|30300038|130010014|130753202|1|20220520|175942|8002846|20220520|193345|8002408|1|1250|0|      |20220520|20220520|0603|2022-05-31 16:06:16
527421|0000000736272245              |20220520|123447|019|676|0|30300051|130010008|130752107|1|20220520|122426|8001534|20220520|123906|8001992|1|1250|0|      |20220520|20220520|0603|2022-05-31 16:06:16
527423|0000000906256338              |20220520|125331|003|676|0|30300051|130010008|130752122|1|20220520|123933|8001534|20220520|125812|8001992|1|1250|0|      |20220520|20220520|0603|2022-05-31 16:06:16
527830|0000000504840428              |20220520|131351|002|676|0|30300070|130010004|130752603|4|20220520|131231|8003101|20220520|140937|8002437|1|750|0|      |20220520|20220520|0603|2022-05-31 16:06:16
527832|0000000516594768              |20220520|142010|025|676|0|30300070|130010004|130752235|1|20220520|113458|8002454|20220520|145326|8001130|1|1250|0|      |20220520|20220520|0603|2022-05-31 16:06:16
527834|0000000302167896              |20220520|145213|011|676|0|30300040|130010013|130759818|1|20220520|135503|8002241|20220520|145601|8001407|1|1250|0|      |20220520|20220520|0603|2022-05-31 16:06:16
527836|0000000517693133              |20220520|205606|003|676|0|30300087|130010008|130752159|4|20220520|200745|8001005|20220520|211329|8002209|1|750|0|      |20220520|20220520|0603|2022-05-31 16:06:16
527838|0000000521768009              |20220520|211516|005|676|0|30300070|130010004|130752254|1|20220520|202554|8002437|20220520|213754|8002819|1|1250|0|      |20220520|20220520|0603|2022-05-31 16:06:16
527840|0000000540350838              |20220520|202205|002|676|0|30300054|130010007|130759354|1|20220520|195037|8002814|20220520|204527|8001303|1|1250|0|      |20220520|20220520|0603|2022-05-31 16:06:16
527842|0000000292160154              |20220520|145603|002|676|0|30300070|130010004|130752224|4|20220520|144156|8003101|20220520|155132|8002437|1|750|0|      |20220520|20220520|0603|2022-05-31 16:06:16
527844|0000000294076226              |20220520|162201|023|676|0|30300054|130010007|130759362|4|20220520|155002|8001312|20220520|164046|8002452|1|750|0|      |20220520|20220520|0603|2022-05-31 16:06:16
527846|0000000533820739              |20220520|164710|009|676|0|30300087|130010008|130752123|4|20220520|152242|8001735|20220520|165801|8002119|1|750|0|      |20220520|20220520|0603|2022-05-31 16:06:16
527848|0000000119009745              |20220520|182521|006|676|0|30300040|130010013|130759872|1|20220520|181036|8001193|20220520|183751|8002960|1|1250|0|      |20220520|20220520|0603|2022-05-31 16:06:16
527850|0000000544617362              |20220520|054731|024|676|0|30300088|130010002|130752315|1|20220520|054206|8070009|20220520|062742|8001299|1|1250|0|      |20220520|20220520|0603|2022-05-31 16:06:16
527852|0000000546695152              |20220520|065439|005|676|0|30300038|130010014|130753500|1|20220520|063828|8001400|20220520|070433|8002358|1|1250|0|      |20220520|20220520|0603|2022-05-31 16:06:16
534480|0000000656633225              |20220520|104232|009|832|0|30300128|130710001|130759919|1|20220520|051424|8007493|20220520|105024|3053004|1|1700|0|      |20220520|20220520|0603|2022-05-31 16:06:16
534482|0000000710976406              |20220520|145417|014|675|0|30300082|130010001|130759776|1|20220520|141712|8001397|20220520|154256|8005856|2|2500|0|      |20220520|20220520|0603|2022-05-31 16:06:16
534484|0000000662358699              |20220520|161022|013|676|0|30300087|130010015|130759641|1|20220520|152220|8001378|20220520|163600|8001399|2|2500|0|      |20220520|20220520|0603|2022-05-31 16:06:16
534486|0000000910629806              |20220520|160657|015|675|0|30300078|130010008|130752172|4|20220520|155830|8001359|20220520|162943|8007269|2|1500|0|      |20220520|20220520|0603|2022-05-31 16:06:16
534488|0000000909207925              |20220520|224511|024|675|0|30300101|130010002|130752309|1|20220520|222459|8001029|20220520|225619|8002831|2|2500|0|      |20220520|20220520|0603|2022-05-31 16:06:16
534491|0000000709361667              |20220520|070938|016|680|0|30300026|130010014|130753604|1|20220520|070900|8005621|20220520|074757|8001804|2|2500|0|      |20220520|20220520|0603|2022-05-31 16:06:16
534493|0000000766921627              |20220520|130706|005|673|1|30300003|130510004|130751014|1|20220520|062251|8002738|20220520|132342|8005671|1|0|0|      |20220520|20220520|0603|2022-05-31 16:06:16
534495|0000000912816635              |20220520|142547|001|673|1|30300001|130510004|130751103|1|20220520|062743|8002721|20220520|143528|8002741|1|0|0|      |20220520|20220520|0603|2022-05-31 16:06:16
534524|0000000905478488              |20220520|152353|010|676|0|30300089|130010011|130759536|1|20220520|143238|8005507|20220520|161834|8002702|2|2500|0|      |20220520|20220520|0603|2022-05-31 16:06:16
534526|0000000629780102              |20220520|161231|021|675|0|30300127|130010004|130752243|4|20220520|142645|8007406|20220520|162046|8001289|2|1500|0|      |20220520|20220520|0603|2022-05-31 16:06:16
534528|0000000744837291              |20220520|134836|007|675|0|30300050|130010007|130759348|1|20220520|132428|8003048|20220520|135536|8002940|2|2500|0|      |20220520|20220520|0603|2022-05-31 16:06:16
534530|0000000744749950              |20220520|142817|021|832|0|30300128|130710001|130759923|1|20220520|054411|8007400|20220520|144156|3014014|1|1700|0|      |20220520|20220520|0603|2022-05-31 16:06:16
534532|0000000621135558              |20220520|091247|021|675|0|30300055|130010014|130753205|1|20220520|062405|8002345|20220520|093046|8002001|2|2500|0|      |20220520|20220520|0603|2022-05-31 16:06:16
534534|0000000660643502              |20220520|170924|027|675|0|30300067|130010001|130759729|1|20220520|140902|8005875|20220520|171742|8001357|2|2500|0|      |20220520|20220520|0603|2022-05-31 16:06:16
534536|0000000764003095              |20220520|172441|021|676|0|30300087|130010015|130759631|1|20220520|160452|8002258|20220520|180942|8001587|2|2000|0|      |20220520|20220520|0603|2022-05-31 16:06:16
534538|0000000741522851              |20220520|183642|001|675|0|30300055|130010014|130753259|1|20220520|173714|8002464|20220520|184632|8001986|2|2500|0|      |20220520|20220520|0603|2022-05-31 16:06:16
534540|0000000725229883              |20220520|190933|023|676|0|30300088|130010006|130752006|1|20220520|170229|8001586|20220520|193308|8002133|2|2500|0|      |20220520|20220520|0603|2022-05-31 16:06:16
534542|0000000446305333              |20220520|121218|020|675|0|30300055|130010014|130753267|4|20220520|111348|8002631|20220520|123057|8001663|2|1500|0|      |20220520|20220520|0603|2022-05-31 16:06:16
534544|0000000758241185              |20220520|131333|022|676|1|30300054|130010007|130759375|4|20220520|123408|8001923|20220520|131730|8001103|2|750|0|      |20220520|20220520|0603|2022-05-31 16:06:16
534546|0000000660502579              |20220520|204020|002|676|0|30300069|130010001|130759751|1|20220520|133250|8001135|20220520|211152|8001097|2|2500|0|      |20220520|20220520|0603|2022-05-31 16:06:16
534548|0000000725941359              |20220520|194021|001|676|0|30300068|130010006|130752030|1|20220520|144133|8002778|20220520|200407|8007553|2|2500|0|      |20220520|20220520|0603|2022-05-31 16:06:16
534550|0000000773568009              |20220520|205059|009|676|0|30300039|130010005|130759212|1|20220520|202636|8002873|20220520|210544|8001061|2|2500|0|      |20220520|20220520|0603|2022-05-31 16:06:16
534606|0000000774160086              |20220520|183510|023|676|0|30300040|130010007|130759373|4|20220520|181137|8001096|20220520|184319|8002240|2|1500|0|      |20220520|20220520|0603|2022-05-31 16:06:16
534608|0000000918116918              |20220520|120226|005|673|0|30300003|130510004|130751015|1|20220520|055200|8001704|20220520|121046|8007023|1|1100|0|      |20220520|20220520|0603|2022-05-31 16:06:16
534610|0000000461708825              |20220520|123706|007|673|0|30300003|130510004|130751101|1|20220520|060910|8001590|20220520|124453|8007239|1|1100|0|      |20220520|20220520|0603|2022-05-31 16:06:16
534612|0000000753453724              |20220520|102307|013|673|0|30300003|130510004|130751003|1|20220520|055731|8002742|20220520|104342|8007240|1|1100|0|      |20220520|20220520|0603|2022-05-31 16:06:16
534614|0000000646414341              |20220520|160549|010|675|0|30300046|130010002|130752353|1|20220520|154929|8007066|20220520|170548|8001290|2|1600|0|      |20220520|20220520|0603|2022-05-31 16:06:16
534616|0000000773561278              |20220520|230626|010|673|0|30300001|130510004|130751005|1|20220520|221549|8005516|20220520|231027|8002939|1|1100|0|      |20220520|20220520|0603|2022-05-31 16:06:16
534618|0000000921781605              |20220520|060444|005|673|0|30300003|130510004|130751015|1|20220520|055200|8002110|20220520|061331|8005968|1|1100|0|      |20220520|20220520|0603|2022-05-31 16:06:16
534620|0000000911188870              |20220520|135705|003|676|0|30300088|130010002|130752370|1|20220520|124305|8001555|20220520|145450|8001585|2|1600|0|      |20220520|20220520|0603|2022-05-31 16:06:16
534622|0000000731417765              |20220520|082625|003|673|0|30300001|130510004|130751103|1|20220520|062743|8002961|20220520|085009|8005756|1|1100|0|      |20220520|20220520|0603|2022-05-31 16:06:16
534624|0000000626370470              |20220520|094106|029|832|0|30300128|130710001|130759912|1|20220520|062954|8007493|20220520|095924|8007294|1|1700|0|      |20220520|20220520|0603|2022-05-31 16:06:16
534626|0000000709738815              |20220520|171030|006|680|1|30300052|130010006|130752051|1|20220520|151347|8005633|20220520|171215|8005973|2|350|0|      |20220520|20220520|0603|2022-05-31 16:06:16
534628|0000000744317887              |20220520|165035|015|832|0|30300128|130710001|130759932|1|20220520|073254|8007493|20220520|171500|8007292|1|1700|0|      |20220520|20220520|0603|2022-05-31 16:06:16
534630|0000000779319690              |20220520|171449|029|676|0|30300037|130010006|130759021|1|20220520|135520|8001096|20220520|174959|8005921|2|2500|0|      |20220520|20220520|0603|2022-05-31 16:06:16
534686|0000000727673065              |20220520|135538|004|676|0|30300038|130010014|130753501|1|20220520|132948|8001596|20220520|145055|8003128|2|2500|0|      |20220520|20220520|0603|2022-05-31 16:06:16
534688|0000000744837291              |20220520|173642|008|675|0|30300050|130010007|130759372|1|20220520|164625|8001192|20220520|174812|8003047|2|2500|0|      |20220520|20220520|0603|2022-05-31 16:06:16
535075|0000000546629890              |20220520|160810|021|675|1|30300049|130010004|130752206|1|20220520|145737|8002722|~       |      |~      |1|0|0|      |20220520|~       |0603|2022-05-31 16:06:16
535077|0000000543131924              |20220520|162240|029|679|0|30300063|130010001|130759488|1|20220520|134313|8001097|~       |      |~      |1|1250|0|      |20220520|~       |0603|2022-05-31 16:06:16
535079|0000000801453640              |20220520|163059|002|676|0|30300087|130010008|130752141|1|20220520|160436|8001950|~       |      |~      |1|1250|0|      |20220520|~       |0603|2022-05-31 16:06:16
535081|0000000177284059              |20220520|163729|021|675|2|30300055|130010014|130753229|4|20220520|135759|8001349|~       |      |~      |1|0|0|      |20220520|~       |0603|2022-05-31 16:06:16
535083|0000000589106835              |20220520|181457|003|675|1|30300053|130010002|130752377|1|20220520|165526|8002558|~       |      |~      |1|0|0|      |20220520|~       |0603|2022-05-31 16:06:16
535085|0000000590985248              |20220520|073025|003|674|0|30300100|130010002|130752383|4|20220520|071217|8001029|~       |      |~      |1|750|0|      |20220520|~       |0603|2022-05-31 16:06:16
535087|0000000544631397              |20220520|084110|008|674|1|30300100|130010002|130752359|1|20220520|083928|8001348|~       |      |~      |1|0|0|      |20220520|~       |0603|2022-05-31 16:06:16
535089|0000000545794086              |20220520|105406|023|675|1|30300060|130010014|130753245|1|20220520|062358|8002075|~       |      |~      |1|0|0|      |20220520|~       |0603|2022-05-31 16:06:16
535091|0000000801974642              |20220520|142850|022|674|1|30300100|130010002|130752348|4|20220520|142458|8001348|~       |      |~      |1|0|0|      |20220520|~       |0603|2022-05-31 16:06:16
535093|0000000546344441              |20220520|161639|030|675|0|30300058|130010004|130752259|4|20220520|141147|8001929|~       |      |~      |1|750|0|      |20220520|~       |0603|2022-05-31 16:06:16
535095|0000000511165943              |20220520|205542|012|676|0|30300038|130010014|130753203|1|20220520|202513|8001054|~       |      |~      |1|1250|0|      |20220520|~       |0603|2022-05-31 16:06:16
535097|0000000543108926              |20220520|220227|012|675|0|30300058|130010004|130752295|1|20220520|144845|8001647|~       |      |~      |1|1250|0|      |20220520|~       |0603|2022-05-31 16:06:16
535099|0000000313859980              |20220520|191200|016|675|1|30300078|130010008|130752170|1|20220520|180633|8002615|~       |      |~      |1|0|0|      |20220520|~       |0603|2022-05-31 16:06:16
508021|0000000400131659              |20220520|075957|028|676|0|30300070|130010004|130752604|1|20220520|073247|8001352|20220520|080304|8001348|1|1250|0|      |20220520|20220520|0603|2022-05-31 16:06:16
508023|0000000788148355              |20220520|081648|028|676|0|30300070|130010004|130752265|1|20220520|070349|8005917|20220520|082205|8001130|1|1250|0|      |20220520|20220520|0603|2022-05-31 16:06:16
508025|0000000697727839              |20220520|082132|021|676|0|30300051|130010008|130752161|1|20220520|081210|8001534|20220520|083810|8002330|1|1250|0|      |20220520|20220520|0603|2022-05-31 16:06:16
508568|0000000314090801              |20220520|063955|026|675|0|30300055|130010014|130753268|1|20220520|052953|8001499|20220520|065057|8002912|1|1250|0|      |20220520|20220520|0603|2022-05-31 16:06:16
508570|0000000529883429              |20220520|074102|006|675|0|30300055|130010014|130753259|4|20220520|070204|8001444|20220520|074807|8002488|1|750|0|      |20220520|20220520|0603|2022-05-31 16:06:16
508572|0000000509277346              |20220520|090032|003|674|0|30300002|130010007|130759310|1|20220520|084117|8002131|20220520|090413|8002131|1|1250|0|      |20220520|20220520|0603|2022-05-31 16:06:16
508574|0000000544013391              |20220520|100104|025|675|0|30300055|130010014|130753225|1|20220520|092622|8001444|20220520|101124|8001412|1|1250|0|      |20220520|20220520|0603|2022-05-31 16:06:16
508576|0000000311890304              |20220520|111333|020|674|0|30300002|130010007|130759314|1|20220520|111153|8002254|20220520|113814|8001097|1|1250|0|      |20220520|20220520|0603|2022-05-31 16:06:16
508578|0000000519010921              |20220520|121051|010|675|0|30300055|130010014|130753252|4|20220520|120506|8001393|20220520|123922|8002602|1|750|0|      |20220520|20220520|0603|2022-05-31 16:06:16
508580|0000000541491890              |20220520|130955|018|674|0|30300002|130010007|130759329|1|20220520|125820|8001963|20220520|132428|8001418|1|1250|0|      |20220520|20220520|0603|2022-05-31 16:06:16
508582|0000000540685003              |20220520|140505|011|674|0|30300002|130010007|130759333|4|20220520|134301|8002251|20220520|140944|8002437|1|750|0|      |20220520|20220520|0603|2022-05-31 16:06:16
508584|0000000540657337              |20220520|143449|015|675|0|30300055|130010014|130753229|2|20220520|135759|8002346|20220520|143829|8002485|1|350|0|      |20220520|20220520|0603|2022-05-31 16:06:16
508586|0000000543392006              |20220520|151301|003|674|0|30300002|130010007|130759320|4|20220520|135243|8002252|20220520|151332|8002743|1|750|0|      |20220520|20220520|0603|2022-05-31 16:06:16
508588|0000000520546716              |20220520|152148|013|674|0|30300002|130010007|130759312|1|20220520|150943|8001792|20220520|153212|8002437|1|1250|0|      |20220520|20220520|0603|2022-05-31 16:06:16
508590|0000000314201596              |20220520|152822|014|676|0|30300040|130010013|130759804|1|20220520|142317|8001086|20220520|153645|8001097|1|1250|0|      |20220520|20220520|0603|2022-05-31 16:06:16
508592|0000000545305634              |20220520|154724|019|675|0|30300055|130010014|130753260|4|20220520|143712|8001929|20220520|155850|8002926|1|750|0|      |20220520|20220520|0603|2022-05-31 16:06:16
508594|0000000549274055              |20220520|153458|005|675|0|30300055|130010014|130753227|4|20220520|133614|8001667|20220520|154946|8002887|1|750|0|      |20220520|20220520|0603|2022-05-31 16:06:16
509001|0000000110624149              |20220520|200638|001|675|0|30300091|130010013|130759812|1|20220520|191319|8002947|20220520|201836|8005994|1|1250|0|      |20220520|20220520|0603|2022-05-31 16:06:16
509003|0000000295221165              |20220520|155248|001|676|0|30300088|130010002|130752511|1|20220520|154803|8002134|20220520|162018|8001304|1|1250|0|      |20220520|20220520|0603|2022-05-31 16:06:16
509005|0000000299172306              |20220520|172033|001|676|0|30300086|130010013|130759806|1|20220520|160941|8001096|20220520|173101|8002040|1|1250|0|      |20220520|20220520|0603|2022-05-31 16:06:16
509007|0000000525828472              |20220520|175126|001|676|0|30300071|130010009|130759180|1|20220520|164321|8001431|20220520|180607|8002745|1|1250|0|      |20220520|20220520|0603|2022-05-31 16:06:16
509009|0000000516168768              |20220520|181442|001|676|0|30300071|130010009|130759150|1|20220520|172935|8006006|20220520|181849|8002757|1|1250|0|      |20220520|20220520|0603|2022-05-31 16:06:16
509011|0000000545191259              |20220520|174351|001|676|0|30300037|130010006|130752040|1|20220520|140540|8002923|20220520|174631|8002973|1|1250|0|      |20220520|20220520|0603|2022-05-31 16:06:16
509013|0000000280699737              |20220520|174828|001|675|0|30300081|130010011|130759523|1|20220520|155614|8001378|20220520|182310|8001745|1|1250|0|      |20220520|20220520|0603|2022-05-31 16:06:16
510304|0000000745196538              |20220520|122337|004|679|0|30300063|130010001|130759774|1|20220520|121655|8002101|20220520|124057|8002634|1|1250|0|      |20220520|20220520|0603|2022-05-31 16:06:16
510306|0000000903538246              |20220520|130850|016|675|0|30300055|130010014|130753206|1|20220520|124414|8001500|20220520|133435|8001529|1|1250|0|      |20220520|20220520|0603|2022-05-31 16:06:16
510308|0000000755798382              |20220520|222827|013|675|0|30300053|130010002|130752319|1|20220520|220841|8002108|20220520|223246|8001029|1|1250|0|      |20220520|20220520|0603|2022-05-31 16:06:16
510310|0000000602189596              |20220520|103525|015|679|0|30300063|130010001|130759487|1|20220520|101509|8001862|20220520|111316|8001412|1|1250|0|      |20220520|20220520|0603|2022-05-31 16:06:16
510312|0000000726432986              |20220520|111538|008|675|0|30300055|130010014|130753218|1|20220520|102046|8001032|20220520|112120|8001553|1|1250|0|      |20220520|20220520|0603|2022-05-31 16:06:16
510314|0000000757541366              |20220520|114622|020|675|0|30300055|130010014|130753267|1|20220520|111348|8002893|20220520|120310|8002156|1|1250|0|      |20220520|20220520|0603|2022-05-31 16:06:16
510316|0000000903407924              |20220520|150005|031|674|0|30300002|130010007|130759324|1|20220520|144914|8002909|20220520|153520|8001430|1|1250|0|      |20220520|20220520|0603|2022-05-31 16:06:16
510318|0000000743797035              |20220520|154752|019|674|0|30300002|130010007|130759320|1|20220520|153734|8001792|20220520|154943|8002251|1|1250|0|      |20220520|20220520|0603|2022-05-31 16:06:16
510320|0000000749089756              |20220520|160249|004|675|0|30300053|130010002|130752395|1|20220520|141903|8001730|20220520|160626|8001279|1|1250|0|      |20220520|20220520|0603|2022-05-31 16:06:16
510322|0000000904675554              |20220520|165148|008|674|0|30300002|130010007|130759319|1|20220520|153950|8001242|20220520|170722|8002911|1|1250|0|      |20220520|20220520|0603|2022-05-31 16:06:16
510729|0000000725842549              |20220520|180607|025|676|0|30300041|130010012|130753306|1|20220520|174054|8002412|20220520|182229|8001288|1|1250|0|      |20220520|20220520|0603|2022-05-31 16:06:16
510731|0000000722976304              |20220520|181752|019|675|0|30300062|130010008|130752137|1|20220520|175154|8002431|20220520|183225|8001949|1|1250|0|      |20220520|20220520|0603|2022-05-31 16:06:16
510733|0000000708253120              |20220520|182630|010|675|0|30300078|130010008|130752172|1|20220520|173619|8002605|20220520|184300|8003075|1|1250|0|      |20220520|20220520|0603|2022-05-31 16:06:16
510735|0000000903476369              |20220520|183151|029|675|0|30300064|130010015|130759638|1|20220520|174036|8001874|20220520|184448|8002644|1|1250|0|      |20220520|20220520|0603|2022-05-31 16:06:16
510737|0000000776304009              |20220520|183357|026|674|0|30300100|130010002|130752365|1|20220520|182558|8002351|20220520|184644|8002547|1|1250|0|      |20220520|20220520|0603|2022-05-31 16:06:16
510739|0000000719304104              |20220520|180737|003|675|0|30300053|130010002|130752377|1|20220520|165526|8005583|20220520|184557|8002965|1|1250|0|      |20220520|20220520|0603|2022-05-31 16:06:16
510741|0000000903925570              |20220520|180846|006|676|0|30300086|130010013|130759801|1|20220520|165651|8002609|20220520|183230|8005548|1|1250|0|      |20220520|20220520|0603|2022-05-31 16:06:16
510743|0000000752837517              |20220520|182701|001|675|0|30300050|130010007|130759368|1|20220520|172739|8002410|20220520|185424|8002664|1|1250|0|      |20220520|20220520|0603|2022-05-31 16:06:16
510745|0000000743181640              |20220520|183529|019|675|0|30300082|130010001|130759703|1|20220520|144038|8001879|20220520|183851|8002824|1|1250|0|      |20220520|20220520|0603|2022-05-31 16:06:16
510747|0000000742838251              |20220520|183623|010|675|0|30300080|130010009|130759130|1|20220520|134607|8001787|20220520|184553|8002234|1|1250|0|      |20220520|20220520|0603|2022-05-31 16:06:16
510749|0000000741387648              |20220520|180045|025|675|0|30300046|130010002|130752352|1|20220520|154923|8002376|20220520|185929|8001155|1|1250|0|      |20220520|20220520|0603|2022-05-31 16:06:16
510751|0000000776031421              |20220520|183147|027|675|0|30300077|130010006|130752064|1|20220520|172343|8001875|20220520|185918|8001496|1|1250|0|      |20220520|20220520|0603|2022-05-31 16:06:16
510753|0000000900976152              |20220520|181938|007|675|0|30300067|130010001|130759481|1|20220520|174832|8001042|20220520|190519|8002338|1|1250|0|      |20220520|20220520|0603|2022-05-31 16:06:16
511160|0000000825142957              |20220520|194313|023|674|0|30300002|130010007|130759318|1|20220520|192247|8001418|20220520|200109|8001536|1|1250|0|      |20220520|20220520|0603|2022-05-31 16:06:16
511162|0000000525207854              |20220520|201507|001|675|0|30300077|130010006|130759018|1|20220520|162842|8001418|20220520|201833|8001995|1|1250|0|      |20220520|20220520|0603|2022-05-31 16:06:16
511164|0000000534000464              |20220520|161054|017|675|0|30300077|130010006|130752034|1|20220520|152800|8001418|20220520|161621|8001995|1|1250|0|      |20220520|20220520|0603|2022-05-31 16:06:16
511166|0000000311045479              |20220520|171145|024|676|0|30300071|130010009|130759139|1|20220520|163651|8006006|20220520|172120|8001587|1|1250|0|      |20220520|20220520|0603|2022-05-31 16:06:16
511168|0000000273552318              |20220520|173300|001|674|0|30300002|130010007|130759329|1|20220520|170409|8001418|20220520|174316|8001097|1|1250|0|      |20220520|20220520|0603|2022-05-31 16:06:16
511170|0000000297306648              |20220520|180158|020|674|0|30300100|130010002|130752503|1|20220520|174440|8002330|20220520|184043|8001083|1|1250|0|      |20220520|20220520|0603|2022-05-31 16:06:16
511172|0000000542715498              |20220520|175052|012|676|0|30300087|130010015|130759622|1|20220520|163314|8006006|20220520|182238|8001198|1|1250|0|      |20220520|20220520|0603|2022-05-31 16:06:16
511174|0000000540996767              |20220520|182235|029|676|0|30300087|130010015|130759633|1|20220520|170802|8006006|20220520|185905|8007444|1|1250|0|      |20220520|20220520|0603|2022-05-31 16:06:16
511176|0000000165993923              |20220520|181844|031|674|0|30300100|130010002|130752509|1|20220520|180253|8002330|20220520|190148|8001083|1|1250|0|      |20220520|20220520|0603|2022-05-31 16:06:16
511178|0000000514298226              |20220520|231320|003|676|0|30300131|130010008|130752724|1|20220520|223949|8002814|20220520|231542|8002559|1|1250|0|      |20220520|20220520|0603|2022-05-31 16:06:16
511180|0000000504625870              |20220520|095028|002|676|0|30300037|130010006|130752038|1|20220520|094718|8002920|20220520|095747|8002973|1|1250|0|      |20220520|20220520|0603|2022-05-31 16:06:16
511182|0000000545282603              |20220520|132130|006|674|0|30300002|130010007|130759329|1|20220520|125820|8002437|20220520|140858|8002132|1|1250|0|      |20220520|20220520|0603|2022-05-31 16:06:16
511184|0000000162041574              |20220520|142556|012|675|0|30300050|130010007|130759350|1|20220520|135123|8002721|20220520|144920|8002664|1|1250|0|      |20220520|20220520|0603|2022-05-31 16:06:16
511186|0000000530904379              |20220520|205727|002|676|0|30300038|130010014|130753503|1|20220520|202116|8002330|20220520|212035|8002913|1|1250|0|      |20220520|20220520|0603|2022-05-31 16:06:16
513766|0000000521771480              |20220520|165902|018|676|1|30300070|130010004|130752226|1|20220520|164848|8002824|20220520|170128|8002825|1|0|0|      |20220520|20220520|0603|2022-05-31 16:06:16
513768|0000000545302120              |20220520|170230|024|675|1|30300047|130010001|130759718|1|20220520|150945|8002547|20220520|171646|8001851|1|0|0|      |20220520|20220520|0603|2022-05-31 16:06:16
513770|0000000544220961              |20220520|174414|002|676|1|30300041|130010012|130753323|1|20220520|162315|8002899|20220520|174923|8001401|1|0|0|      |20220520|20220520|0603|2022-05-31 16:06:16
513772|0000000270212131              |20220520|172630|012|675|1|30300055|130010014|130753251|1|20220520|144606|8001349|20220520|172849|8002340|1|0|0|      |20220520|20220520|0603|2022-05-31 16:06:16
513774|0000000270212131              |20220520|173126|012|676|2|30300037|130010006|130759023|1|20220520|153028|8002340|20220520|174120|8001036|1|0|0|      |20220520|20220520|0603|2022-05-31 16:06:16
513776|0000000300799374              |20220520|175836|009|675|1|30300050|130010007|130759302|1|20220520|133706|8002412|20220520|183143|8002208|1|0|0|      |20220520|20220520|0603|2022-05-31 16:06:16
513778|0000000527191338              |20220520|175550|010|675|1|30300049|130010004|130752276|1|20220520|155210|8001929|20220520|181055|8002966|1|0|0|      |20220520|20220520|0603|2022-05-31 16:06:16
514185|0000000531534282              |20220520|082238|028|676|1|30300041|130010012|130753306|1|20220520|063327|8001534|20220520|083903|8001249|1|0|0|      |20220520|20220520|0603|2022-05-31 16:06:16
514187|0000000514943929              |20220520|094542|021|675|1|30300055|130010014|130753268|1|20220520|052953|8001927|20220520|095233|8002887|1|0|0|      |20220520|20220520|0603|2022-05-31 16:06:16
514189|0000000520026778              |20220520|102802|003|675|1|30300062|130010008|130752721|1|20220520|094739|8002814|20220520|103153|8002557|1|0|0|      |20220520|20220520|0603|2022-05-31 16:06:16
514191|0000000505769640              |20220520|105430|010|675|3|30300064|130010015|130759673|1|20220520|092945|8002635|20220520|111258|8001094|1|0|0|      |20220520|20220520|0603|2022-05-31 16:06:16
514193|0000000541016082              |20220520|113524|015|675|1|30300079|130010009|130759173|1|20220520|054000|8001483|20220520|113809|8002119|1|0|0|      |20220520|20220520|0603|2022-05-31 16:06:16
514195|0000000520026778              |20220520|111444|003|675|3|30300060|130010014|130753245|1|20220520|062358|8002757|20220520|113328|8001869|1|0|0|      |20220520|20220520|0603|2022-05-31 16:06:16
514197|0000000540003719              |20220520|114934|005|674|1|30300002|130010007|130759312|1|20220520|111525|8001097|20220520|121559|8002134|1|0|0|      |20220520|20220520|0603|2022-05-31 16:06:16
514199|0000000536246191              |20220520|122436|014|675|1|30300080|130010009|130759160|1|20220520|112234|8001097|20220520|123556|8002064|1|0|0|      |20220520|20220520|0603|2022-05-31 16:06:16
514201|0000000509553120              |20220520|140853|004|675|1|30300080|130010009|130759130|1|20220520|134607|8001097|20220520|141213|8001039|1|0|0|      |20220520|20220520|0603|2022-05-31 16:06:16
514203|0000000513928017              |20220520|151744|022|675|1|30300080|130010009|130759153|1|20220520|145642|8001097|20220520|152923|8001985|1|0|0|      |20220520|20220520|0603|2022-05-31 16:06:16
514205|0000000534825467              |20220520|161616|023|676|1|30300037|130010006|130759012|1|20220520|151850|8001097|20220520|162406|8002485|1|0|0|      |20220520|20220520|0603|2022-05-31 16:06:16
514207|0000000308027528              |20220520|210927|006|675|1|30300080|130010009|130759108|1|20220520|204641|8001097|20220520|211926|8001985|1|0|0|      |20220520|20220520|0603|2022-05-31 16:06:16
514209|0000000303122127              |20220520|191852|030|676|1|30300051|130010008|130752110|1|20220520|180041|8001097|20220520|192533|8005878|1|0|0|      |20220520|20220520|0603|2022-05-31 16:06:16
514616|0000000540004587              |20220520|130710|007|676|1|30300051|130010008|130752125|1|20220520|130252|8001534|20220520|133008|8002734|1|0|0|      |20220520|20220520|0603|2022-05-31 16:06:16
514618|0000000510549503              |20220520|132243|010|676|1|30300051|130010008|130752128|1|20220520|131609|8001534|20220520|134843|8002433|1|0|0|      |20220520|20220520|0603|2022-05-31 16:06:16
514620|0000000545297857              |20220520|144652|011|675|1|30300079|130010009|130759148|1|20220520|141417|8001529|20220520|144737|8002454|1|0|0|      |20220520|20220520|0603|2022-05-31 16:06:16
514622|0000000530242243              |20220520|214854|013|675|1|30300079|130010009|130759111|1|20220520|150239|8001529|20220520|221746|8002551|1|0|0|      |20220520|20220520|0603|2022-05-31 16:06:16
514624|0000000170683211              |20220520|184258|029|676|1|30300068|130010006|130752009|1|20220520|181928|8001534|20220520|185225|8002971|1|0|0|      |20220520|20220520|0603|2022-05-31 16:06:16
514626|0000000099665133              |20220520|161050|006|675|2|30300055|130010014|130753266|1|20220520|151653|8001529|20220520|162350|8001929|1|0|0|      |20220520|20220520|0603|2022-05-31 16:06:16
514628|0000000510882616              |20220520|164637|022|676|1|30300040|130010013|130759802|1|20220520|145539|8001534|20220520|165716|8001085|1|0|0|      |20220520|20220520|0603|2022-05-31 16:06:16
514630|0000000530053720              |20220520|170505|023|676|1|30300037|130010006|130752073|1|20220520|163037|8001534|20220520|175641|8002411|1|0|0|      |20220520|20220520|0603|2022-05-31 16:06:16
514632|0000000518263702              |20220520|061121|006|676|1|30300088|130010002|130752374|1|20220520|053750|8002721|20220520|062752|8001093|1|0|0|      |20220520|20220520|0603|2022-05-31 16:06:16
514634|0000000531845098              |20220520|064853|005|675|1|30300082|130010001|130759709|1|20220520|054611|8001567|20220520|065450|8005563|1|0|0|      |20220520|20220520|0603|2022-05-31 16:06:16
514636|0000000532582980              |20220520|070534|020|676|1|30300089|130010011|130759527|1|20220520|063916|8001567|20220520|074208|8005505|1|0|0|      |20220520|20220520|0603|2022-05-31 16:06:16
514638|0000000525694825              |20220520|074529|031|676|1|30300071|130010009|130759180|1|20220520|045150|8001567|20220520|074807|8001923|1|0|0|      |20220520|20220520|0603|2022-05-31 16:06:16
514640|0000000516897957              |20220520|080525|026|676|1|30300054|130010007|130759386|1|20220520|072335|8001567|20220520|081826|8001727|1|0|0|      |20220520|20220520|0603|2022-05-31 16:06:16
514642|0000000540339342              |20220520|075531|026|676|1|30300089|130010011|130759577|1|20220520|053731|8001567|20220520|081158|8007102|1|0|0|      |20220520|20220520|0603|2022-05-31 16:06:16
515049|0000000098624348              |20220520|152528|022|676|1|30300039|130010005|130759212|1|20220520|144623|8001922|20220520|153143|8001998|1|0|0|      |20220520|20220520|0603|2022-05-31 16:06:16
515051|0000000527409860              |20220520|212410|017|676|1|30300088|130010002|130752370|1|20220520|211537|8002352|20220520|214544|8001166|1|0|0|      |20220520|20220520|0603|2022-05-31 16:06:16
515053|0000000319186212              |20220520|185254|022|675|2|30300127|130010004|130752602|1|20220520|181810|8002352|20220520|190509|8001578|1|0|0|      |20220520|20220520|0603|2022-05-31 16:06:16
517228|0000000719881985              |20220520|183147|026|675|1|30300059|130010004|130752270|1|20220520|180037|8001928|20220520|184247|8001664|1|0|0|      |20220520|20220520|0603|2022-05-31 16:06:16
517230|0000000724019828              |20220520|175349|009|676|1|30300054|130010007|130759355|1|20220520|174213|8002909|20220520|190945|8001847|1|0|0|      |20220520|20220520|0603|2022-05-31 16:06:16
517232|0000000910475259              |20220520|190357|017|675|1|30300059|130010004|130752217|1|20220520|185135|8002758|20220520|191403|8001930|1|0|0|      |20220520|20220520|0603|2022-05-31 16:06:16
517234|0000000649468272              |20220520|180956|017|675|1|30300091|130010013|130759876|1|20220520|175201|8001241|20220520|185301|8001085|1|0|0|      |20220520|20220520|0603|2022-05-31 16:06:16
517641|0000000741251314              |20220520|141701|005|676|2|30300089|130010011|130759526|1|20220520|131040|8005901|20220520|142135|8001922|2|1250|0|      |20220520|20220520|0603|2022-05-31 16:06:16
517643|0000000728893844              |20220520|144142|015|675|0|30300075|130010005|130759203|1|20220520|131138|8002296|20220520|144733|8001348|2|2500|0|      |20220520|20220520|0603|2022-05-31 16:06:16
517645|0000000766898446              |20220520|173202|002|676|0|30300089|130010011|130759536|1|20220520|164508|8002556|20220520|175251|8002208|2|2500|0|      |20220520|20220520|0603|2022-05-31 16:06:16
517647|0000000762190970              |20220520|164830|002|676|0|30300090|130010005|130759219|1|20220520|150249|8007325|20220520|174950|8001744|2|2500|0|      |20220520|20220520|0603|2022-05-31 16:06:16
517649|0000000717554812              |20220520|182941|031|675|1|30300062|130010008|130752137|1|20220520|175154|8002280|20220520|184929|8002202|2|1250|0|      |20220520|20220520|0603|2022-05-31 16:06:16
517651|0000000741317140              |20220520|190550|013|676|0|30300087|130010008|130752151|1|20220520|184559|8002093|20220520|190854|8002018|2|2500|0|      |20220520|20220520|0603|2022-05-31 16:06:16
517653|0000000903654150              |20220520|191321|013|675|0|30300077|130010006|130759018|1|20220520|162842|8001709|20220520|191545|8001737|2|2500|0|      |20220520|20220520|0603|2022-05-31 16:06:16
517655|0000000910245379              |20220520|210815|002|675|0|30300050|130010007|130759350|1|20220520|204836|8003048|20220520|211847|8002398|2|2500|0|      |20220520|20220520|0603|2022-05-31 16:06:16
517657|0000000770577195              |20220520|214703|009|676|0|30300040|130010007|130759367|1|20220520|195921|8002935|20220520|215827|8001091|2|2500|0|      |20220520|20220520|0603|2022-05-31 16:06:16
517659|0000000447056084              |20220520|221721|018|675|0|30300146|130010008|130752167|1|20220520|220602|8002108|20220520|222914|8007501|2|2500|0|      |20220520|20220520|0603|2022-05-31 16:06:16
517661|0000000742016481              |20220520|200004|020|676|0|30300090|130010005|130759219|1|20220520|150249|8070027|20220520|200339|8002997|3|3750|0|      |20220520|20220520|0603|2022-05-31 16:06:16
517663|0000000731824585              |20220520|201120|017|676|0|30300089|130010011|130759531|1|20220520|141744|8007549|20220520|201405|8001922|2|2500|0|      |20220520|20220520|0603|2022-05-31 16:06:16
517665|0000000750318301              |20220520|205229|014|675|0|30300095|130010005|130759210|1|20220520|202233|8002508|20220520|205929|8002703|2|2500|0|      |20220520|20220520|0603|2022-05-31 16:06:16
518072|0000000270759514              |20220520|173946|022|675|0|30300062|130010008|130752721|4|20220520|171121|8001078|20220520|175326|8002278|1|750|0|      |20220520|20220520|0603|2022-05-31 16:06:16
518074|0000000536247019              |20220520|225251|013|675|0|30300067|130010001|130759402|1|20220520|194330|8002833|20220520|230124|8001254|1|1250|0|      |20220520|20220520|0603|2022-05-31 16:06:16
518076|0000000133315834              |20220520|070503|019|675|0|30300064|130010015|130759683|1|20220520|064250|8001740|20220520|071508|8002482|1|1250|0|      |20220520|20220520|0603|2022-05-31 16:06:16
518078|0000000526759282              |20220520|073319|005|675|0|30300058|130010004|130752252|1|20220520|071113|8007274|20220520|073816|8001419|1|1250|0|      |20220520|20220520|0603|2022-05-31 16:06:16
518080|0000000543088134              |20220520|080601|011|675|0|30300091|130010013|130759877|1|20220520|055531|8002259|20220520|081002|8001842|1|1250|0|      |20220520|20220520|0603|2022-05-31 16:06:16
518082|0000000294624914              |20220520|093731|018|675|0|30300062|130010008|130752131|1|20220520|084927|8001669|20220520|094605|8001856|1|1250|0|      |20220520|20220520|0603|2022-05-31 16:06:16
518084|0000000536698289              |20220520|111656|016|675|0|30300056|130010012|130753331|1|20220520|103501|8001204|20220520|113742|8002583|1|1250|0|      |20220520|20220520|0603|2022-05-31 16:06:16
518086|0000000544660297              |20220520|130746|016|675|0|30300091|130010013|130759816|1|20220520|125632|8002128|20220520|135406|8001419|1|1250|0|      |20220520|20220520|0603|2022-05-31 16:06:16
518088|0000000547459079              |20220520|143315|017|675|0|30300053|130010002|130752319|4|20220520|135253|8001526|20220520|143928|8001786|1|750|0|      |20220520|20220520|0603|2022-05-31 16:06:16
518090|0000000521770130              |20220520|143848|008|675|0|30300075|130010005|130759203|1|20220520|131138|8002625|20220520|145136|8002358|1|1250|0|      |20220520|20220520|0603|2022-05-31 16:06:16
518092|0000000111675616              |20220520|142923|004|675|0|30300058|130010004|130752278|1|20220520|142407|8001983|20220520|143757|8002947|1|1250|0|      |20220520|20220520|0603|2022-05-31 16:06:16
518094|0000000533954351              |20220520|152107|024|675|0|30300101|130010002|130752309|4|20220520|144110|8001645|20220520|153105|8002453|1|750|0|      |20220520|20220520|0603|2022-05-31 16:06:16
518096|0000000543145689              |20220520|182431|016|675|0|30300058|130010004|130752295|4|20220520|144845|8005585|20220520|185943|8001927|1|750|0|      |20220520|20220520|0603|2022-05-31 16:06:16
518098|0000000537962474              |20220520|161042|011|675|0|30300058|130010004|130752222|1|20220520|151824|8001418|20220520|161649|8007271|1|1250|0|      |20220520|20220520|0603|2022-05-31 16:06:16
518505|0000000162806029              |20220520|081137|013|676|0|30300054|130010007|130759377|1|20220520|073117|8001089|20220520|084915|8001586|1|1250|0|      |20220520|20220520|0603|2022-05-31 16:06:16
518507|0000000547813425              |20220520|105844|009|675|0|30300058|130010004|130752266|1|20220520|092442|8001085|20220520|111442|8002630|1|1250|0|      |20220520|20220520|0603|2022-05-31 16:06:16
518509|0000000300680662              |20220520|114114|001|676|0|30300087|130010015|130759679|1|20220520|104039|8001374|20220520|115442|8001842|1|1250|0|      |20220520|20220520|0603|2022-05-31 16:06:16
518511|0000000505360812              |20220520|110028|026|675|0|30300066|130010015|130759687|1|20220520|105512|8005876|20220520|113402|8001929|1|1250|0|      |20220520|20220520|0603|2022-05-31 16:06:16
518513|0000000546588837              |20220520|132122|005|676|0|30300089|130010011|130759516|4|20220520|124529|8002556|20220520|132233|8001923|1|750|0|      |20220520|20220520|0603|2022-05-31 16:06:16
518515|0000000123764139              |20220520|132020|002|676|0|30300041|130010012|130753332|1|20220520|130130|8005990|20220520|132403|8002412|1|1250|0|      |20220520|20220520|0603|2022-05-31 16:06:16
447868|0000000400146421              |20220520|095122|023|676|0|30300087|130010015|130759636|1|20220520|090558|8001232|20220520|095813|8002969|1|1250|0|      |20220520|20220520|0603|2022-05-31 16:05:56
447870|0000000788623600              |20220520|095153|010|675|0|30300057|130010001|130759750|1|20220520|092127|8001747|20220520|100201|8002635|1|1250|0|      |20220520|20220520|0603|2022-05-31 16:05:56
447872|0000000784223847              |20220520|172116|006|675|1|30300079|130010009|130759134|1|20220520|164002|8002631|20220520|173346|8002798|1|0|0|      |20220520|20220520|0603|2022-05-31 16:05:56
447874|0000000789172397              |20220520|173608|002|676|0|30300087|130010015|130759629|4|20220520|164714|8001232|20220520|174329|8002969|1|750|0|      |20220520|20220520|0603|2022-05-31 16:05:56
447876|0000000792166899              |20220520|185557|001|676|0|30300087|130010008|130752160|1|20220520|175523|8001232|20220520|190322|8002969|1|1250|0|      |20220520|20220520|0603|2022-05-31 16:05:56
447878|0000000400094665              |20220520|122902|008|675|0|30300077|130010006|130752054|8|20220520|122837|8001059|20220520|123458|8001256|1|0|0|      |20220520|20220520|0603|2022-05-31 16:05:56
447880|0000000400144501              |20220520|124147|031|679|0|30300063|130010001|130759488|1|20220520|114726|8003016|20220520|124854|8001412|1|1250|0|      |20220520|20220520|0603|2022-05-31 16:05:56
447882|0000000792284373              |20220520|221049|023|675|0|30300064|130010015|130759670|1|20220520|214348|8003016|20220520|221351|8001412|1|1250|0|      |20220520|20220520|0603|2022-05-31 16:05:56
447884|0000000400202625              |20220520|204648|029|675|1|30300061|130010015|130759646|1|20220520|181655|8002631|20220520|205251|8002798|1|0|0|      |20220520|20220520|0603|2022-05-31 16:05:56
447886|0000000692912160              |20220520|101041|011|676|0|30300087|130010008|130752160|1|20220520|085408|8001232|20220520|101700|8002969|1|1250|0|      |20220520|20220520|0603|2022-05-31 16:05:56
447888|0000000694917417              |20220520|111953|025|676|0|30300087|130010008|130752155|1|20220520|103403|8001232|20220520|112553|8002969|1|1250|0|      |20220520|20220520|0603|2022-05-31 16:05:56
448295|0000000709325234              |20220520|181147|020|677|1|30300035|130010009|130759119|1|20220520|173406|8002048|20220520|181957|8002091|1|0|0|      |20220520|20220520|0603|2022-05-31 16:05:56
448297|0000000712097641              |20220520|182116|016|676|1|30300068|130010006|130752030|1|20220520|144133|8002231|20220520|184402|8001039|1|0|0|      |20220520|20220520|0603|2022-05-31 16:05:56
448299|0000000728782999              |20220520|180734|018|674|1|30300002|130010007|130759312|1|20220520|171324|8002464|20220520|185307|8001789|1|0|0|      |20220520|20220520|0603|2022-05-31 16:05:56
448301|0000000649605407              |20220520|182400|019|676|1|30300068|130010006|130752030|1|20220520|144133|8002942|20220520|183326|8002994|1|0|0|      |20220520|20220520|0603|2022-05-31 16:05:56
448303|0000000741706206              |20220520|190039|026|675|1|30300080|130010009|130759145|1|20220520|181230|8002465|20220520|190505|8003011|1|0|0|      |20220520|20220520|0603|2022-05-31 16:05:56
448305|0000000905339554              |20220520|121912|011|675|1|30300079|130010009|130759148|1|20220520|055337|8002118|20220520|122052|8001488|1|0|0|      |20220520|20220520|0603|2022-05-31 16:05:56
448307|0000000617877803              |20220520|220741|030|675|1|30300060|130010014|130753262|1|20220520|210021|8001851|20220520|221821|8070007|1|0|0|      |20220520|20220520|0603|2022-05-31 16:05:56
448309|0000000764689599              |20220520|195505|003|674|1|30300002|130010007|130759326|1|20220520|185315|8001994|20220520|200824|8002252|1|0|0|      |20220520|20220520|0603|2022-05-31 16:05:56
448311|0000000740944410              |20220520|201209|029|675|1|30300045|130010006|130759003|1|20220520|195440|8001278|20220520|201325|8002966|1|0|0|      |20220520|20220520|0603|2022-05-31 16:05:56
448313|0000000710514225              |20220520|202409|028|676|2|30300040|130010007|130759373|1|20220520|200958|8001596|20220520|204740|8001005|1|0|0|      |20220520|20220520|0603|2022-05-31 16:05:56
448315|0000000607170848              |20220520|095118|003|675|2|30300077|130010006|130752054|1|20220520|091906|8001489|20220520|102941|8001032|1|0|0|      |20220520|20220520|0603|2022-05-31 16:05:56
448317|0000000629769110              |20220520|105452|018|674|1|30300002|130010007|130759334|1|20220520|100652|8001536|20220520|112734|8002910|1|0|0|      |20220520|20220520|0603|2022-05-31 16:05:56
448319|0000000703122120              |20220520|115503|012|674|1|30300002|130010007|130759324|1|20220520|105823|8001994|20220520|121633|8001964|1|0|0|      |20220520|20220520|0603|2022-05-31 16:05:56
448321|0000000660593426              |20220520|155122|017|676|1|30300043|130010015|130759689|1|20220520|145334|8002729|20220520|155846|8002696|1|0|0|      |20220520|20220520|0603|2022-05-31 16:05:56
448728|0000000900311296              |20220520|084742|022|675|0|30300056|130010012|130753331|1|20220520|070153|8002915|20220520|093137|8003032|1|1250|0|      |20220520|20220520|0603|2022-05-31 16:05:56
448730|0000000625794384              |20220520|095759|030|676|0|30300071|130010009|130759135|1|20220520|061352|8001078|20220520|100854|8001542|1|1250|0|      |20220520|20220520|0603|2022-05-31 16:05:56
448732|0000000723927406              |20220520|093724|021|676|0|30300037|130010006|130759023|1|20220520|091959|8002343|20220520|100431|8002075|1|1250|0|      |20220520|20220520|0603|2022-05-31 16:05:56
448734|0000000900823862              |20220520|172931|021|675|0|30300056|130010012|130753373|1|20220520|131337|8001903|20220520|174008|8002410|1|1250|0|      |20220520|20220520|0603|2022-05-31 16:05:56
448736|0000000719954234              |20220520|163809|011|675|0|30300091|130010013|130759881|1|20220520|143645|8001407|20220520|171158|8001965|1|1250|0|      |20220520|20220520|0603|2022-05-31 16:05:56
448738|0000000642622425              |20220520|174806|011|675|0|30300053|130010002|130752376|1|20220520|174648|8002558|20220520|183520|8002106|1|1250|0|      |20220520|20220520|0603|2022-05-31 16:05:56
448740|0000000734424702              |20220520|180347|028|676|0|30300043|130010015|130759613|1|20220520|172034|8002730|20220520|184220|8001919|1|1250|0|      |20220520|20220520|0603|2022-05-31 16:05:56
448742|0000000777454534              |20220520|180247|026|675|0|30300058|130010004|130752294|1|20220520|143716|8001895|20220520|184559|8002733|1|1250|0|      |20220520|20220520|0603|2022-05-31 16:05:56
448744|0000000741222413              |20220520|180708|009|675|0|30300047|130010001|130759430|1|20220520|160710|8002544|20220520|180746|8002118|1|1250|0|      |20220520|20220520|0603|2022-05-31 16:05:56
448746|0000000743016907              |20220520|181633|022|676|0|30300072|130010001|130759435|1|20220520|180232|8002754|20220520|185057|8002618|1|1250|0|      |20220520|20220520|0603|2022-05-31 16:05:56
448748|0000000910619217              |20220520|190406|006|676|0|30300130|130010008|130752146|1|20220520|183720|8002603|20220520|190719|8002437|1|1250|0|      |20220520|20220520|0603|2022-05-31 16:05:56
448750|0000000627369694              |20220520|185204|018|675|0|30300083|130010001|130759710|1|20220520|162633|8001653|20220520|192804|8002826|1|1250|0|      |20220520|20220520|0603|2022-05-31 16:05:56
438385|0000000742465729              |20220520|152630|001|676|2|30300037|130010006|130759012|1|20220520|151850|8002923|20220520|153300|8007541|1|0|0|      |20220520|20220520|0603|2022-05-31 16:05:56
438792|0000000903140836              |20220520|125441|007|674|0|30300002|130010007|130759327|1|20220520|124424|8001963|20220520|130525|8002437|1|1250|0|      |20220520|20220520|0603|2022-05-31 16:05:56
438794|0000000731876959              |20220520|125448|022|674|0|30300002|130010007|130759327|1|20220520|124424|8001963|20220520|130524|8002437|1|1250|0|      |20220520|20220520|0603|2022-05-31 16:05:56
438796|0000000743294315              |20220520|131759|009|674|0|30300002|130010007|130759336|1|20220520|130715|8001963|20220520|132934|8002437|1|1250|0|      |20220520|20220520|0603|2022-05-31 16:05:56
438798|0000000770339163              |20220520|134136|013|674|0|30300002|130010007|130759332|1|20220520|133041|8001963|20220520|135308|8002437|1|1250|0|      |20220520|20220520|0603|2022-05-31 16:05:56
438800|0000000714966204              |20220520|205136|021|675|0|30300145|130010014|130753601|1|20220520|203634|8002492|20220520|205803|8001299|1|1250|0|      |20220520|20220520|0603|2022-05-31 16:05:56
438802|0000000640450758              |20220520|111739|018|674|0|30300002|130010007|130759314|1|20220520|111153|8001963|20220520|112600|8002437|1|1250|0|      |20220520|20220520|0603|2022-05-31 16:05:56
438804|0000000645314586              |20220520|162945|019|674|0|30300002|130010007|130759325|1|20220520|161636|8001963|20220520|164422|8002437|1|1250|0|      |20220520|20220520|0603|2022-05-31 16:05:56
438806|0000000903536675              |20220520|055948|026|674|0|30300002|130010007|130759332|1|20220520|054615|8001963|20220520|060410|8002437|1|1250|0|      |20220520|20220520|0603|2022-05-31 16:05:56
438808|0000000776861557              |20220520|071031|019|674|0|30300002|130010007|130759306|1|20220520|070030|8001963|20220520|071832|8002437|1|1250|0|      |20220520|20220520|0603|2022-05-31 16:05:56
438810|0000000773618995              |20220520|063934|024|674|0|30300002|130010007|130759334|1|20220520|062545|8001963|20220520|064840|8002437|1|1250|0|      |20220520|20220520|0603|2022-05-31 16:05:56
438812|0000000648439132              |20220520|074603|030|674|0|30300002|130010007|130759315|1|20220520|073846|8001963|20220520|075606|8002437|1|1250|0|      |20220520|20220520|0603|2022-05-31 16:05:56
438814|0000000736770890              |20220520|073800|003|674|0|30300002|130010007|130759312|1|20220520|072941|8001963|20220520|074747|8002437|1|1250|0|      |20220520|20220520|0603|2022-05-31 16:05:56
438816|0000000739717406              |20220520|075852|015|674|0|30300002|130010007|130759320|1|20220520|075223|8001963|20220520|080927|8002437|1|1250|0|      |20220520|20220520|0603|2022-05-31 16:05:56
439223|0000000900870117              |20220520|153937|001|676|0|30300072|130010001|130759483|1|20220520|152911|8001234|20220520|155243|8001412|1|1250|0|      |20220520|20220520|0603|2022-05-31 16:05:56
439225|0000000667156105              |20220520|165647|005|676|0|30300039|130010005|130759263|1|20220520|162808|8001192|20220520|171644|8001570|1|1250|0|      |20220520|20220520|0603|2022-05-31 16:05:56
439227|0000000648504588              |20220520|223745|001|676|0|30300041|130010012|130753332|1|20220520|203159|8001077|20220520|230011|8005993|1|1250|0|      |20220520|20220520|0603|2022-05-31 16:05:56
439229|0000000712940263              |20220520|143200|008|676|0|30300088|130010006|130752001|1|20220520|124452|8001555|20220520|145228|8002133|1|1250|0|      |20220520|20220520|0603|2022-05-31 16:05:56
439231|0000000772572269              |20220520|143156|001|676|0|30300088|130010006|130752001|1|20220520|124452|8001555|20220520|144224|8002091|1|1250|0|      |20220520|20220520|0603|2022-05-31 16:05:56
439233|0000000903391513              |20220520|145218|001|674|0|30300100|130010002|130752359|1|20220520|142720|8002547|20220520|151240|8002629|1|1250|0|      |20220520|20220520|0603|2022-05-31 16:05:56
439235|0000000912808641              |20220520|084552|001|676|0|30300040|130010013|130759802|1|20220520|081658|8001054|20220520|093125|8001097|1|1250|0|      |20220520|20220520|0603|2022-05-31 16:05:56
439237|0000000718629119              |20220520|100135|001|676|0|30300088|130010006|130752016|1|20220520|084521|8001555|20220520|101251|8002091|1|1250|0|      |20220520|20220520|0603|2022-05-31 16:05:56
439239|0000000910743122              |20220520|171927|001|676|0|30300087|130010015|130759622|1|20220520|163314|8002100|20220520|172231|8002075|1|1250|0|      |20220520|20220520|0603|2022-05-31 16:05:56
439241|0000000906794020              |20220520|173518|001|681|0|30300042|130010009|130759165|1|20220520|165150|8001054|20220520|174427|8001587|1|1250|0|      |20220520|20220520|0603|2022-05-31 16:05:56
439243|0000000743561577              |20220520|170103|001|676|0|30300087|130010015|130759621|1|20220520|162409|8002100|20220520|173836|8001238|1|1250|0|      |20220520|20220520|0603|2022-05-31 16:05:56
439245|0000000904718955              |20220520|174253|001|676|0|30300088|130010002|130752317|1|20220520|161829|8001555|20220520|175231|8002048|1|1250|0|      |20220520|20220520|0603|2022-05-31 16:05:56
439247|0000000719547800              |20220520|183138|021|676|0|30300037|130010006|130752035|1|20220520|164822|9005504|20220520|184325|8002340|1|1250|0|      |20220520|20220520|0603|2022-05-31 16:05:56
439249|0000000704751188              |20220520|183142|005|676|0|30300037|130010006|130752035|1|20220520|164822|9005504|20220520|185132|8002898|1|1250|0|      |20220520|20220520|0603|2022-05-31 16:05:56
439656|0000000666741587              |20220520|201250|001|676|0|30300037|130010006|130759023|1|20220520|153028|8002906|20220520|202120|8001097|1|1250|0|      |20220520|20220520|0603|2022-05-31 16:05:56
439658|0000000909215753              |20220520|202022|014|675|0|30300091|130010013|130759877|1|20220520|193804|8002906|20220520|203208|8001419|1|1250|0|      |20220520|20220520|0603|2022-05-31 16:05:56
439660|0000000762483421              |20220520|212000|012|676|0|30300054|130010007|130759349|1|20220520|205909|8001320|20220520|212848|8001312|1|1250|0|      |20220520|20220520|0603|2022-05-31 16:05:56
439662|0000000748723327              |20220520|104706|009|675|0|30300050|130010007|130759348|1|20220520|095848|8002974|20220520|105031|8002375|1|1250|0|      |20220520|20220520|0603|2022-05-31 16:05:56
439664|0000000767388947              |20220520|100209|008|674|0|30300002|130010007|130759314|1|20220520|093134|8002140|20220520|103712|8001419|1|1250|0|      |20220520|20220520|0603|2022-05-31 16:05:56
439666|0000000703064062              |20220520|112421|001|676|0|30300040|130010013|130759873|1|20220520|105812|8002425|20220520|120057|8001097|1|1250|0|      |20220520|20220520|0603|2022-05-31 16:05:56
439668|0000000774062330              |20220520|162823|001|675|0|30300053|130010002|130752368|1|20220520|161802|8002425|20220520|171100|8002106|1|1250|0|      |20220520|20220520|0603|2022-05-31 16:05:56
439670|0000000756662730              |20220520|223435|001|676|0|30300088|130010002|130752361|1|20220520|155523|8001320|20220520|225422|8002960|1|1250|0|      |20220520|20220520|0603|2022-05-31 16:05:56
439672|0000000622423972              |20220520|141303|001|676|0|30300054|130010007|130759381|1|20220520|133511|8002556|20220520|143354|8001555|1|1250|0|      |20220520|20220520|0603|2022-05-31 16:05:56
429803|0000000672490749              |20220520|102950|003|676|1|30300037|130010006|130752044|1|20220520|060835|8001097|20220520|103235|8001035|1|0|0|      |20220520|20220520|0603|2022-05-31 16:05:56
429805|0000000760652568              |20220520|115624|022|675|1|30300058|130010004|130752291|1|20220520|101114|8002630|20220520|120535|8001929|1|0|0|      |20220520|20220520|0603|2022-05-31 16:05:56
429807|0000000729247155              |20220520|155812|007|675|1|30300049|130010004|130752240|1|20220520|150724|8002753|20220520|160510|8001730|1|0|0|      |20220520|20220520|0603|2022-05-31 16:05:56
429809|0000000732052744              |20220520|162403|014|676|0|30300130|130010008|130752720|4|20220520|153930|8002605|20220520|163711|8002786|1|750|0|      |20220520|20220520|0603|2022-05-31 16:05:56
429811|0000000729717728              |20220520|165002|010|675|1|30300101|130010002|130752327|1|20220520|160410|8002542|20220520|170245|8001786|1|0|0|      |20220520|20220520|0603|2022-05-31 16:05:56
429813|0000000738748458              |20220520|164012|025|676|2|30300130|130010008|130752140|1|20220520|155340|8002605|20220520|165522|8002786|1|0|0|      |20220520|20220520|0603|2022-05-31 16:05:56
430220|0000000601427770              |20220520|064516|006|675|1|30300056|130010012|130753315|1|20220520|062905|8001852|20220520|065124|8001491|1|0|0|      |20220520|20220520|0603|2022-05-31 16:05:56
430222|0000000904541014              |20220520|073404|018|675|2|30300056|130010012|130753319|1|20220520|071643|8001852|20220520|073827|8001491|1|0|0|      |20220520|20220520|0603|2022-05-31 16:05:56
430224|0000000713963442              |20220520|135418|006|674|1|30300100|130010002|130752348|1|20220520|133956|8001029|20220520|141825|8001413|1|0|0|      |20220520|20220520|0603|2022-05-31 16:05:56
430226|0000000651698745              |20220520|150701|027|675|1|30300065|130010004|130752229|1|20220520|141923|8001418|20220520|151239|8002990|1|0|0|      |20220520|20220520|0603|2022-05-31 16:05:56
430228|0000000659501213              |20220520|082516|031|675|1|30300082|130010001|130759485|1|20220520|073603|8001934|20220520|083206|8002230|1|0|0|      |20220520|20220520|0603|2022-05-31 16:05:56
430230|0000000709234848              |20220520|082735|008|674|1|30300100|130010002|130752345|1|20220520|081151|8001029|20220520|085844|8001413|1|0|0|      |20220520|20220520|0603|2022-05-31 16:05:56
430232|0000000741506089              |20220520|084225|030|674|1|30300100|130010002|130752360|1|20220520|082743|8001029|20220520|091203|8001413|1|0|0|      |20220520|20220520|0603|2022-05-31 16:05:56
430234|0000000645902559              |20220520|170739|019|675|3|30300067|130010001|130759424|1|20220520|162204|8001529|20220520|173848|8002467|1|0|0|      |20220520|20220520|0603|2022-05-31 16:05:56
430236|0000000654351307              |20220520|184138|010|675|2|30300047|130010001|130759723|1|20220520|181409|8002411|20220520|190038|8070018|1|0|0|      |20220520|20220520|0603|2022-05-31 16:05:56
430238|0000000759094843              |20220520|190147|022|675|1|30300065|130010004|130752258|1|20220520|055354|8001418|20220520|190819|8002990|1|0|0|      |20220520|20220520|0603|2022-05-31 16:05:56
430240|0000000762083365              |20220520|125637|017|674|1|30300100|130010002|130752509|1|20220520|124253|8001029|20220520|132207|8001413|1|0|0|      |20220520|20220520|0603|2022-05-31 16:05:56
430242|0000000761013119              |20220520|212452|006|675|1|30300083|130010001|130759478|1|20220520|194123|8001488|20220520|214400|8002696|1|0|0|      |20220520|20220520|0603|2022-05-31 16:05:56
430244|0000000742202229              |20220520|222112|021|676|1|30300037|130010006|130752014|1|20220520|214507|8002100|20220520|222901|8005518|1|0|0|      |20220520|20220520|0603|2022-05-31 16:05:56
431434|0000000725873379              |20220520|220911|020|673|0|30300004|130510004|130751016|1|20220520|064002|8001192|~       |      |~      |1|1100|0|      |20220520|~       |0603|2022-05-31 16:05:56
431436|0000000909669240              |20220520|212240|028|676|0|30300054|130010007|130759363|1|20220520|210125|8001084|~       |      |~      |1|1250|0|      |20220520|~       |0603|2022-05-31 16:05:56
431438|0000000726108112              |20220520|115742|014|676|0|30300054|130010007|130759347|1|20220520|113836|8001084|~       |      |~      |1|1250|0|      |20220520|~       |0603|2022-05-31 16:05:56
431440|0000000903005635              |20220520|160904|020|676|0|30300054|130010007|130759355|1|20220520|154432|8001084|~       |      |~      |1|1250|0|      |20220520|~       |0603|2022-05-31 16:05:56
431442|0000000759023914              |20220520|161401|003|676|0|30300054|130010007|130759352|1|20220520|155116|8001084|~       |      |~      |1|1250|0|      |20220520|~       |0603|2022-05-31 16:05:56
431444|0000000918223343              |20220520|163337|013|675|0|30300056|130010012|130753331|1|20220520|143003|8001084|~       |      |~      |1|1250|0|      |20220520|~       |0603|2022-05-31 16:05:56
431446|0000000678102179              |20220520|170410|028|676|0|30300054|130010007|130759378|1|20220520|164014|8001084|~       |      |~      |1|1250|0|      |20220520|~       |0603|2022-05-31 16:05:56
431448|0000000735403830              |20220520|223948|007|675|0|30300095|130010005|130759229|1|20220520|191551|8001084|~       |      |~      |1|1250|0|      |20220520|~       |0603|2022-05-31 16:05:56
431450|0000000629510510              |20220520|065958|004|676|0|30300054|130010007|130759360|1|20220520|064215|8001084|~       |      |~      |1|1250|0|      |20220520|~       |0603|2022-05-31 16:05:56
431452|0000000743126567              |20220520|070852|008|675|0|30300050|130010007|130759372|1|20220520|063243|8001192|~       |      |~      |1|1250|0|      |20220520|~       |0603|2022-05-31 16:05:56
431454|0000000777156299              |20220520|074412|006|676|0|30300054|130010007|130759386|1|20220520|072335|8001084|~       |      |~      |1|1250|0|      |20220520|~       |0603|2022-05-31 16:05:56
431456|0000000908152490              |20220520|081708|003|676|0|30300040|130010007|130759359|1|20220520|070505|8001192|~       |      |~      |1|1250|0|      |20220520|~       |0603|2022-05-31 16:05:56
431458|0000000768475936              |20220520|152648|023|676|0|30300069|130010001|130759704|1|20220520|145712|8002636|~       |      |~      |1|1250|0|      |20220520|~       |0603|2022-05-31 16:05:56
431460|0000000647500537              |20220520|085152|014|676|0|30300089|130010011|130759576|1|20220520|055351|8002636|~       |      |~      |1|1250|0|      |20220520|~       |0603|2022-05-31 16:05:56
431462|0000000774000258              |20220520|170526|019|676|0|30300069|130010001|130759409|4|20220520|163142|8002636|~       |      |~      |1|750|0|      |20220520|~       |0603|2022-05-31 16:05:56
431888|0000000450703288              |20220520|104607|022|675|1|30300058|130010004|130752200|1|20220520|081537|8002916|20220520|105059|8002706|1|0|0|      |20220520|20220520|0603|2022-05-31 16:05:56
431890|0000000779392174              |20220520|112912|022|677|1|30300129|130010009|130759163|1|20220520|105508|8001677|20220520|113703|8007165|1|0|0|      |20220520|20220520|0603|2022-05-31 16:05:56
431892|0000000910274912              |20220520|154024|025|675|0|30300096|130010006|130752066|4|20220520|144615|8001890|20220520|154903|8002969|1|750|0|      |20220520|20220520|0603|2022-05-31 16:05:56
452165|0000000771604791              |20220520|201831|031|676|0|30300089|130010011|130759522|1|20220520|145712|8002969|20220520|203538|8003110|1|1250|0|      |20220520|20220520|0603|2022-05-31 16:05:56
452167|0000000774651110              |20220520|203229|024|676|0|30300089|130010011|130759516|1|20220520|124529|8002892|20220520|204625|8001556|1|1250|0|      |20220520|20220520|0603|2022-05-31 16:05:56
452169|0000000743265086              |20220520|205219|030|676|0|30300089|130010011|130759536|1|20220520|192109|8001565|20220520|211414|8001749|1|1250|0|      |20220520|20220520|0603|2022-05-31 16:05:56
452171|0000000740392476              |20220520|210219|031|676|0|30300089|130010011|130759574|1|20220520|195004|8007549|20220520|212858|8002648|1|1250|0|      |20220520|20220520|0603|2022-05-31 16:05:56
452173|0000000769554617              |20220520|095729|015|676|0|30300089|130010011|130759512|1|20220520|071113|8002159|20220520|101521|8001658|1|1250|0|      |20220520|20220520|0603|2022-05-31 16:05:56
452175|0000000918168004              |20220520|105856|026|676|0|30300089|130010011|130759516|1|20220520|104152|8001478|20220520|113336|8002531|1|1250|0|      |20220520|20220520|0603|2022-05-31 16:05:56
452177|0000000742376459              |20220520|111911|009|676|0|30300089|130010011|130759577|1|20220520|100953|8001989|20220520|113615|8001250|1|1250|0|      |20220520|20220520|0603|2022-05-31 16:05:56
452179|0000000903656956              |20220520|161238|028|676|0|30300089|130010011|130759531|1|20220520|141744|8001749|20220520|161522|8001420|1|1250|0|      |20220520|20220520|0603|2022-05-31 16:05:56
452181|0000000905651172              |20220520|163350|011|676|0|30300089|130010011|130759531|1|20220520|141744|8001418|20220520|170054|8002969|1|1250|0|      |20220520|20220520|0603|2022-05-31 16:05:56
452237|0000000641758975              |20220520|160317|020|676|0|30300087|130010008|130752156|1|20220520|151006|8002087|20220520|163826|8001494|1|1250|0|      |20220520|20220520|0603|2022-05-31 16:05:56
452239|0000000903023596              |20220520|165018|030|676|0|30300087|130010008|130752123|1|20220520|152242|8002965|20220520|170121|8002545|1|1250|0|      |20220520|20220520|0603|2022-05-31 16:05:56
452241|0000000777085142              |20220520|060242|019|676|0|30300087|130010015|130759614|1|20220520|054137|8001277|20220520|061809|8002851|1|1250|0|      |20220520|20220520|0603|2022-05-31 16:05:56
452243|0000000903920824              |20220520|071235|025|676|0|30300087|130010008|130752157|1|20220520|065445|8001975|20220520|073429|8002100|1|1250|0|      |20220520|20220520|0603|2022-05-31 16:05:56
452245|0000000728261985              |20220520|073028|010|676|0|30300087|130010008|130752159|1|20220520|072137|8002541|20220520|081205|8001723|1|1250|0|      |20220520|20220520|0603|2022-05-31 16:05:56
452247|0000000906466013              |20220520|140434|020|676|0|30300054|130010007|130759361|1|20220520|134243|8002831|20220520|144406|8001586|1|1250|0|      |20220520|20220520|0603|2022-05-31 16:05:56
452249|0000000612790363              |20220520|074346|031|676|0|30300054|130010007|130759377|1|20220520|073117|8002916|20220520|081613|8002814|1|1250|0|      |20220520|20220520|0603|2022-05-31 16:05:56
452251|0000000771320458              |20220520|075516|020|676|0|30300054|130010007|130759386|1|20220520|072335|8007011|20220520|083546|8001305|1|1250|0|      |20220520|20220520|0603|2022-05-31 16:05:56
452253|0000000742330443              |20220520|094916|024|676|0|30300087|130010015|130759621|1|20220520|093244|8002543|20220520|095022|8002118|1|1250|0|      |20220520|20220520|0603|2022-05-31 16:05:56
452255|0000000740352989              |20220520|100212|019|676|0|30300054|130010007|130759383|1|20220520|091927|8002468|20220520|101750|8007245|1|1250|0|      |20220520|20220520|0603|2022-05-31 16:05:56
452257|0000000656957307              |20220520|164159|012|676|0|30300054|130010007|130759357|1|20220520|163046|8002708|20220520|171135|8001567|1|1250|0|      |20220520|20220520|0603|2022-05-31 16:05:56
452259|0000000763305306              |20220520|171825|027|676|0|30300054|130010007|130759379|1|20220520|170033|8007246|20220520|174035|8001567|1|1250|0|      |20220520|20220520|0603|2022-05-31 16:05:56
452261|0000000772303330              |20220520|180946|028|676|0|30300054|130010007|130759382|1|20220520|170841|8001727|20220520|181428|8003005|1|1250|0|      |20220520|20220520|0603|2022-05-31 16:05:56
452263|0000000740745835              |20220520|182233|008|676|0|30300087|130010015|130759633|1|20220520|170802|8006006|20220520|184717|8001279|1|1250|0|      |20220520|20220520|0603|2022-05-31 16:05:56
452292|0000000725440343              |20220520|060422|028|676|0|30300054|130010007|130759363|1|20220520|060114|8005941|20220520|061421|8001585|1|1250|0|      |20220520|20220520|0603|2022-05-31 16:05:56
452294|0000000920942554              |20220520|064758|005|676|0|30300054|130010007|130759363|1|20220520|060114|8001646|20220520|070039|8001847|1|1250|0|      |20220520|20220520|0603|2022-05-31 16:05:56
452296|0000000745288999              |20220520|070319|030|676|0|30300054|130010007|130759381|1|20220520|064954|8002708|20220520|072652|8001567|1|1250|0|      |20220520|20220520|0603|2022-05-31 16:05:56
452298|0000000767505252              |20220520|073649|003|676|0|30300054|130010007|130759383|1|20220520|071322|8002831|20220520|080750|8001727|1|1250|0|      |20220520|20220520|0603|2022-05-31 16:05:56
452300|0000000676289104              |20220520|223305|006|676|0|30300054|130010007|130759341|1|20220520|215143|8001567|20220520|230217|8002943|1|1250|0|      |20220520|20220520|0603|2022-05-31 16:05:56
452302|0000000609173156              |20220520|134732|022|676|0|30300041|130010012|130753304|1|20220520|133956|8007555|20220520|135556|8002997|1|1250|0|      |20220520|20220520|0603|2022-05-31 16:05:56
452304|0000000751174301              |20220520|144807|005|676|0|30300041|130010012|130753306|1|20220520|131215|8002851|20220520|150347|8002648|1|1250|0|      |20220520|20220520|0603|2022-05-31 16:05:56
452306|0000000775900916              |20220520|071927|007|676|0|30300054|130010007|130759362|1|20220520|070924|8002916|20220520|081918|8001586|1|1250|0|      |20220520|20220520|0603|2022-05-31 16:05:56
452308|0000000900008943              |20220520|080041|009|676|0|30300054|130010007|130759362|1|20220520|070924|8001311|20220520|081352|8001305|1|1250|0|      |20220520|20220520|0603|2022-05-31 16:05:56
452310|0000000660644440              |20220520|081818|002|676|0|30300054|130010007|130759347|1|20220520|080217|8001100|20220520|085359|8001923|1|1250|0|      |20220520|20220520|0603|2022-05-31 16:05:56
452312|0000000765015266              |20220520|083117|001|676|0|30300041|130010012|130753312|1|20220520|074541|8002851|20220520|090343|8001533|1|1250|0|      |20220520|20220520|0603|2022-05-31 16:05:56
452314|0000000744808542              |20220520|090112|008|676|0|30300041|130010012|130753321|1|20220520|083050|8002538|20220520|090348|8001287|1|1250|0|      |20220520|20220520|0603|2022-05-31 16:05:56
452316|0000000733970449              |20220520|084754|026|676|0|30300041|130010012|130753316|1|20220520|060841|8001500|20220520|093112|8002087|1|1250|0|      |20220520|20220520|0603|2022-05-31 16:05:56
452345|0000000903967507              |20220520|210311|023|676|0|30300041|130010012|130753326|1|20220520|200206|8002650|20220520|210911|8002970|1|1250|0|      |20220520|20220520|0603|2022-05-31 16:05:56
441461|0000000768159676              |20220520|173639|006|675|0|30300058|130010004|130752251|1|20220520|155642|8002608|20220520|175629|8001419|1|1250|0|      |20220520|20220520|0603|2022-05-31 16:05:56
441463|0000000900822709              |20220520|174603|005|676|0|30300051|130010008|130752134|1|20220520|160954|8001096|20220520|180409|8002330|1|1250|0|      |20220520|20220520|0603|2022-05-31 16:05:56
441870|0000000908735559              |20220520|133108|019|675|0|30300061|130010015|130759646|1|20220520|130750|8001410|20220520|133534|8002433|1|1250|0|      |20220520|20220520|0603|2022-05-31 16:05:56
441872|0000000770167728              |20220520|204840|020|676|0|30300089|130010011|130759577|1|20220520|193206|8007549|20220520|205636|8001989|1|1250|0|      |20220520|20220520|0603|2022-05-31 16:05:56
441874|0000000918372257              |20220520|110346|002|675|0|30300079|130010009|130759128|1|20220520|091613|8002723|20220520|113103|8002611|1|1250|0|      |20220520|20220520|0603|2022-05-31 16:05:56
441876|0000000662197189              |20220520|121829|003|675|0|30300081|130010011|130759506|1|20220520|053247|8002218|20220520|122708|8001889|1|1250|0|      |20220520|20220520|0603|2022-05-31 16:05:56
441878|0000000773038498              |20220520|231547|022|676|0|30300089|130010011|130759522|1|20220520|145712|8007549|20220520|232059|8001989|1|1250|0|      |20220520|20220520|0603|2022-05-31 16:05:56
441880|0000000777121036              |20220520|061544|001|675|0|30300058|130010004|130752220|1|20220520|061315|8001982|20220520|064055|8001419|1|1250|0|      |20220520|20220520|0603|2022-05-31 16:05:56
441882|0000000771863757              |20220520|061542|011|675|0|30300058|130010004|130752220|1|20220520|061315|8001982|20220520|064034|8001419|1|1250|0|      |20220520|20220520|0603|2022-05-31 16:05:56
441884|0000000746021151              |20220520|072146|008|675|0|30300058|130010004|130752263|1|20220520|060603|8001982|20220520|074857|8001419|1|1250|0|      |20220520|20220520|0603|2022-05-31 16:05:56
441886|0000000728960831              |20220520|073012|002|675|0|30300058|130010004|130752266|1|20220520|061608|8001982|20220520|075619|8001419|1|1250|0|      |20220520|20220520|0603|2022-05-31 16:05:56
441888|0000000743402910              |20220520|073554|020|675|0|30300055|130010014|130753209|1|20220520|054246|8002764|20220520|080655|8001414|1|1250|0|      |20220520|20220520|0603|2022-05-31 16:05:56
441890|0000000903868057              |20220520|140938|006|675|0|30300108|130010007|130759316|1|20220520|134102|8002738|20220520|141442|8005860|1|1250|0|      |20220520|20220520|0603|2022-05-31 16:05:56
441892|0000000729038270              |20220520|150634|004|676|0|30300038|130010014|130753247|1|20220520|143554|8001527|20220520|153249|8002793|1|1250|0|      |20220520|20220520|0603|2022-05-31 16:05:56
441894|0000000607435392              |20220520|083936|025|675|0|30300108|130010007|130759356|1|20220520|075420|8007323|20220520|085343|8001590|1|1250|0|      |20220520|20220520|0603|2022-05-31 16:05:56
442301|0000000725708470              |20220520|161538|006|675|1|30300096|130010006|130752066|1|20220520|160030|8002076|20220520|162835|8002202|1|0|0|      |20220520|20220520|0603|2022-05-31 16:05:56
442303|0000000719179159              |20220520|161210|017|676|0|30300040|130010013|130759871|4|20220520|132643|8001192|20220520|161402|8002939|1|750|0|      |20220520|20220520|0603|2022-05-31 16:05:56
442305|0000000903054515              |20220520|164543|012|675|1|30300058|130010004|130752251|1|20220520|155642|8001647|20220520|170844|8002946|1|0|0|      |20220520|20220520|0603|2022-05-31 16:05:56
442307|0000000725820463              |20220520|223401|013|675|1|30300048|130010006|130752033|1|20220520|215246|8001273|20220520|224201|8007542|1|0|0|      |20220520|20220520|0603|2022-05-31 16:05:56
442309|0000000749269755              |20220520|072207|002|678|1|30300074|130010014|130753219|1|20220520|065051|8001420|20220520|072332|8002634|1|0|0|      |20220520|20220520|0603|2022-05-31 16:05:56
442311|0000000745169319              |20220520|075833|027|675|1|30300058|130010004|130752292|1|20220520|053159|8001647|20220520|082044|8002946|1|0|0|      |20220520|20220520|0603|2022-05-31 16:05:56
442313|0000000725683754              |20220520|141356|012|675|1|30300059|130010004|130752218|1|20220520|131441|8002468|20220520|143643|8002724|1|0|0|      |20220520|20220520|0603|2022-05-31 16:05:56
442315|0000000776252128              |20220520|141854|017|676|1|30300040|130010013|130759818|1|20220520|135503|8001425|20220520|145229|8002904|1|0|0|      |20220520|20220520|0603|2022-05-31 16:05:56
442317|0000000741195233              |20220520|143956|028|676|1|30300040|130010013|130759830|1|20220520|141709|8001425|20220520|151244|8002904|1|0|0|      |20220520|20220520|0603|2022-05-31 16:05:56
442319|0000000741674524              |20220520|081242|007|676|1|30300069|130010001|130759405|1|20220520|073246|8002279|20220520|082615|8003043|1|0|0|      |20220520|20220520|0603|2022-05-31 16:05:56
442321|0000000727887906              |20220520|085730|004|676|0|30300072|130010001|130759749|4|20220520|085152|8001589|20220520|090858|8002814|1|750|0|      |20220520|20220520|0603|2022-05-31 16:05:56
442323|0000000909843987              |20220520|085447|022|676|1|30300040|130010007|130759385|4|20220520|083548|8001425|20220520|093024|8002904|1|0|0|      |20220520|20220520|0603|2022-05-31 16:05:56
442325|0000000673404644              |20220520|171758|003|676|1|30300054|130010007|130759358|1|20220520|164940|8001261|20220520|173241|8001923|1|0|0|      |20220520|20220520|0603|2022-05-31 16:05:56
442327|0000000766305838              |20220520|183444|020|676|1|30300070|130010004|130752254|1|20220520|162433|8002357|20220520|184836|8005946|1|0|0|      |20220520|20220520|0603|2022-05-31 16:05:56
442761|0000000710517385              |20220520|132217|017|674|0|30300100|130010002|130752382|1|20220520|130122|8002547|20220520|133334|8001934|1|1250|0|      |20220520|20220520|0603|2022-05-31 16:05:56
442763|0000000724511453              |20220520|212554|015|674|0|30300104|130010002|130752346|1|20220520|210538|8070015|20220520|214000|8001028|1|1250|0|      |20220520|20220520|0603|2022-05-31 16:05:56
442765|0000000743743268              |20220520|220409|027|674|0|30300100|130010002|130752344|1|20220520|214748|8002547|20220520|221451|8001934|1|1250|0|      |20220520|20220520|0603|2022-05-31 16:05:56
442767|0000000613242515              |20220520|202031|013|676|0|30300051|130010008|130752147|1|20220520|195151|8002547|20220520|203356|8001934|1|1250|0|      |20220520|20220520|0603|2022-05-31 16:05:56
442769|0000000737489554              |20220520|101549|002|677|0|30300129|130010009|130759163|1|20220520|094009|8007162|20220520|102114|8005906|1|1250|0|      |20220520|20220520|0603|2022-05-31 16:05:56
442771|0000000743196851              |20220520|111708|007|674|0|30300100|130010002|130752360|1|20220520|105716|8002547|20220520|112900|8001934|1|1250|0|      |20220520|20220520|0603|2022-05-31 16:05:56
442773|0000000646339837              |20220520|120311|030|677|0|30300129|130010009|130759109|1|20220520|063743|8007162|20220520|120837|8005906|1|1250|0|      |20220520|20220520|0603|2022-05-31 16:05:56
442775|0000000910415936              |20220520|073029|004|677|0|30300129|130010009|130759164|1|20220520|065846|8007162|20220520|073515|8005906|1|1250|0|      |20220520|20220520|0603|2022-05-31 16:05:56
434128|0000000747846028              |20220520|162015|023|676|1|30300054|130010007|130759355|1|20220520|154432|8002453|20220520|163147|8002202|1|0|0|      |20220520|20220520|0603|2022-05-31 16:05:56
434130|0000000461331775              |20220520|062907|002|675|1|30300062|130010008|130752129|1|20220520|055602|8002453|20220520|063848|8002202|1|0|0|      |20220520|20220520|0603|2022-05-31 16:05:56
434132|0000000760333012              |20220520|071328|014|676|1|30300054|130010007|130759360|1|20220520|064215|8002453|20220520|072325|8002202|1|0|0|      |20220520|20220520|0603|2022-05-31 16:05:56
434134|0000000664501081              |20220520|145709|003|676|1|30300037|130010006|130752049|1|20220520|132503|8002974|20220520|150534|9002077|1|0|0|      |20220520|20220520|0603|2022-05-31 16:05:56
434136|0000000760038002              |20220520|082735|027|676|2|30300037|130010006|130752024|1|20220520|071148|8002974|20220520|083817|9002077|1|0|0|      |20220520|20220520|0603|2022-05-31 16:05:56
434138|0000000660775908              |20220520|083121|025|675|1|30300048|130010006|130752021|1|20220520|065522|8001062|20220520|084308|8002410|1|0|0|      |20220520|20220520|0603|2022-05-31 16:05:56
434140|0000000764431277              |20220520|084515|004|676|1|30300037|130010006|130752044|1|20220520|060835|8002974|20220520|085248|9002077|1|0|0|      |20220520|20220520|0603|2022-05-31 16:05:56
434142|0000000638527918              |20220520|100040|018|676|1|30300037|130010006|130752074|1|20220520|084511|8002974|20220520|100816|9002077|1|0|0|      |20220520|20220520|0603|2022-05-31 16:05:56
434144|0000000746464354              |20220520|171718|031|676|1|30300037|130010006|130752046|1|20220520|154357|8002974|20220520|172534|9002077|1|0|0|      |20220520|20220520|0603|2022-05-31 16:05:56
434146|0000000725596251              |20220520|175500|024|676|1|30300038|130010014|130753503|1|20220520|161536|8002974|20220520|180546|9002077|1|0|0|      |20220520|20220520|0603|2022-05-31 16:05:56
434553|0000000740650894              |20220520|092101|004|675|2|30300060|130010014|130753262|1|20220520|081358|8002276|20220520|092302|8001240|1|0|0|      |20220520|20220520|0603|2022-05-31 16:05:56
434555|0000000904789811              |20220520|174219|006|676|0|30300087|130010008|130752157|4|20220520|172159|8001491|20220520|175038|8001239|1|750|0|      |20220520|20220520|0603|2022-05-31 16:05:56
434557|0000000741583224              |20220520|181718|005|675|1|30300053|130010002|130752513|1|20220520|175326|8002276|20220520|182031|8001240|1|0|0|      |20220520|20220520|0603|2022-05-31 16:05:56
434559|0000000774225231              |20220520|183558|016|676|1|30300087|130010015|130759621|1|20220520|181930|8001491|20220520|184256|8001239|1|0|0|      |20220520|20220520|0603|2022-05-31 16:05:56
434561|0000000625681859              |20220520|184228|023|677|1|30300129|130010009|130759126|1|20220520|180806|8007395|20220520|184916|8007019|1|0|0|      |20220520|20220520|0603|2022-05-31 16:05:56
434563|0000000906570327              |20220520|184231|017|677|1|30300129|130010009|130759126|1|20220520|180806|8007395|20220520|184904|8007019|1|0|0|      |20220520|20220520|0603|2022-05-31 16:05:56
434565|0000000666452134              |20220520|191311|014|675|2|30300095|130010005|130759210|1|20220520|170052|8002276|20220520|191523|8001240|1|0|0|      |20220520|20220520|0603|2022-05-31 16:05:56
434567|0000000741457486              |20220520|125641|022|675|1|30300053|130010002|130752387|1|20220520|112611|8002276|20220520|125957|8001240|1|0|0|      |20220520|20220520|0603|2022-05-31 16:05:56
434569|0000000668427450              |20220520|194715|021|676|1|30300087|130010008|130752151|1|20220520|184559|8002276|20220520|195002|8001240|1|0|0|      |20220520|20220520|0603|2022-05-31 16:05:56
434571|0000000720743475              |20220520|201932|005|677|1|30300129|130010009|130759184|1|20220520|195900|8007395|20220520|202635|8007019|1|0|0|      |20220520|20220520|0603|2022-05-31 16:05:56
434573|0000000740819024              |20220520|155411|023|675|1|30300053|130010002|130752395|1|20220520|141903|8002276|20220520|155557|8001240|1|0|0|      |20220520|20220520|0603|2022-05-31 16:05:56
434575|0000000743324910              |20220520|163448|017|677|1|30300129|130010009|130759164|1|20220520|065846|8007395|20220520|163951|8007019|1|0|0|      |20220520|20220520|0603|2022-05-31 16:05:56
434577|0000000731493526              |20220520|161857|028|675|1|30300053|130010002|130752387|1|20220520|154903|8002276|20220520|162225|8001240|1|0|0|      |20220520|20220520|0603|2022-05-31 16:05:56
434984|0000000738409838              |20220520|160253|024|675|1|30300047|130010001|130759436|1|20220520|154922|8002411|20220520|161455|8070029|1|0|0|      |20220520|20220520|0603|2022-05-31 16:05:56
434986|0000000908744857              |20220520|163604|011|675|1|30300047|130010001|130759718|1|20220520|150945|8002411|20220520|164708|8070029|1|0|0|      |20220520|20220520|0603|2022-05-31 16:05:56
434988|0000000774149431              |20220520|171200|018|676|1|30300041|130010012|130753303|1|20220520|155108|8002411|20220520|172147|8070029|1|0|0|      |20220520|20220520|0603|2022-05-31 16:05:56
434990|0000000741750678              |20220520|144325|007|675|1|30300055|130010014|130753227|1|20220520|133614|8001929|20220520|145239|8001663|1|0|0|      |20220520|20220520|0603|2022-05-31 16:05:56
434992|0000000673001302              |20220520|152335|010|675|1|30300055|130010014|130753238|1|20220520|141343|8001929|20220520|153035|8001663|1|0|0|      |20220520|20220520|0603|2022-05-31 16:05:56
434994|0000000741587384              |20220520|084619|012|675|2|30300055|130010014|130753268|1|20220520|052953|8001929|20220520|085553|8001663|1|0|0|      |20220520|20220520|0603|2022-05-31 16:05:56
434996|0000000613535659              |20220520|091530|018|675|1|30300055|130010014|130753512|1|20220520|080554|8001929|20220520|092214|8001663|1|0|0|      |20220520|20220520|0603|2022-05-31 16:05:56
434998|0000000735326146              |20220520|095251|030|675|2|30300055|130010014|130753206|1|20220520|084445|8001929|20220520|100155|8001663|1|0|0|      |20220520|20220520|0603|2022-05-31 16:05:56
435000|0000000777785496              |20220520|171236|026|675|2|30300055|130010014|130753205|1|20220520|155919|8001929|20220520|172124|8001663|1|0|0|      |20220520|20220520|0603|2022-05-31 16:05:56
435002|0000000779029502              |20220520|182440|001|675|1|30300055|130010014|130753211|1|20220520|170230|8001929|20220520|183135|8001663|1|0|0|      |20220520|20220520|0603|2022-05-31 16:05:56
435004|0000000636259363              |20220520|182444|022|675|1|30300055|130010014|130753211|1|20220520|170230|8001929|20220520|183313|8001663|1|0|0|      |20220520|20220520|0603|2022-05-31 16:05:56
435006|0000000746645841              |20220520|190739|002|675|1|30300055|130010014|130753250|1|20220520|153413|8001929|20220520|191604|8001663|1|0|0|      |20220520|20220520|0603|2022-05-31 16:05:56
435008|0000000747445939              |20220520|192040|025|675|1|30300055|130010014|130753238|1|20220520|180717|8001929|20220520|192955|8001663|1|0|0|      |20220520|20220520|0603|2022-05-31 16:05:56
435010|0000000742964685              |20220520|120846|027|675|1|30300055|130010014|130753260|1|20220520|071517|8001929|20220520|121622|8001663|1|0|0|      |20220520|20220520|0603|2022-05-31 16:05:56
479827|0000000774173592              |20220520|105304|004|678|0|30300074|130010014|130753237|1|20220520|060921|8005032|20220520|112846|8001412|1|1250|450|      |20220520|20220520|0603|2022-05-31 16:05:56
480126|0000000745263269              |20220520|073956|031|678|0|30300074|130010014|130753237|1|20220520|060921|8005036|20220520|081624|8001412|1|1250|450|      |20220520|20220520|0603|2022-05-31 16:05:56
480128|0000000733411642              |20220520|082202|029|678|0|30300074|130010014|130753219|1|20220520|065051|8005036|20220520|090101|8001412|1|1250|450|      |20220520|20220520|0603|2022-05-31 16:05:56
480130|0000000743406296              |20220520|091519|016|677|0|30300129|130010009|130759184|1|20220520|053811|8007350|20220520|100359|8007357|1|1250|300|      |20220520|20220520|0603|2022-05-31 16:05:56
480132|0000000778845535              |20220520|165213|031|678|0|30300074|130010014|130753613|1|20220520|151317|8005036|20220520|173330|8001412|1|1250|450|      |20220520|20220520|0603|2022-05-31 16:05:56
480134|0000000751686161              |20220520|181414|002|679|1|30300063|130010001|130759406|1|20220520|132458|8001789|20220520|185655|8005252|1|0|100|      |20220520|20220520|0603|2022-05-31 16:05:56
480136|0000000671975997              |20220520|182202|024|678|0|30300074|130010014|130753237|1|20220520|181557|8005036|20220520|185819|8001412|1|1250|450|      |20220520|20220520|0603|2022-05-31 16:05:56
480138|0000000774599912              |20220520|182439|002|679|1|30300063|130010001|130759740|1|20220520|174532|8001789|20220520|190531|8005252|1|0|100|      |20220520|20220520|0603|2022-05-31 16:05:56
480140|0000000767854970              |20220520|182459|027|679|1|30300063|130010001|130759740|4|20220520|174532|8001789|20220520|190529|8005252|1|0|50|      |20220520|20220520|0603|2022-05-31 16:05:56
480142|0000000716617915              |20220520|105401|015|677|0|30300129|130010009|130759143|1|20220520|061755|8007350|20220520|113945|8007357|1|1250|300|      |20220520|20220520|0603|2022-05-31 16:05:56
480144|0000000659454982              |20220520|115219|003|678|0|30300074|130110001|130745026|1|20220520|061917|8005036|20220520|122726|8001412|1|1250|450|      |20220520|20220520|0603|2022-05-31 16:05:56
480146|0000000666634560              |20220520|121130|030|677|0|30300129|130010009|130759184|1|20220520|053811|8007350|20220520|125658|8007357|1|1250|300|      |20220520|20220520|0603|2022-05-31 16:05:56
480148|0000000763994018              |20220520|213327|025|678|1|30300074|130010014|130753264|1|20220520|205052|8002153|20220520|215859|8005031|1|0|450|      |20220520|20220520|0603|2022-05-31 16:05:56
480150|0000000441416505              |20220520|192336|030|677|0|30300129|130010009|130759109|1|20220520|143604|8007350|20220520|200902|8007357|1|1250|300|      |20220520|20220520|0603|2022-05-31 16:05:56
480152|0000000742760492              |20220520|195245|002|679|0|30300063|130010001|130759773|1|20220520|192016|8001789|20220520|203140|8005252|2|2500|200|      |20220520|20220520|0603|2022-05-31 16:05:56
480478|0000000703051224              |20220520|100841|025|679|0|30300063|130010001|130759486|1|20220520|095725|8005121|20220520|110006|8001412|1|1200|150|      |20220520|20220520|0603|2022-05-31 16:05:56
480480|0000000756163020              |20220520|112821|003|679|0|30300063|130010001|130759748|1|20220520|111954|8005121|20220520|121959|8001412|1|1200|150|      |20220520|20220520|0603|2022-05-31 16:05:56
480482|0000000765110647              |20220520|153216|031|681|0|30300042|130010009|130759140|1|20220520|145400|8001091|20220520|160427|8005272|1|1250|150|      |20220520|20220520|0603|2022-05-31 16:05:56
480484|0000000721315419              |20220520|160546|007|679|0|30300063|130010001|130759410|1|20220520|143301|8005121|20220520|165907|8001412|1|1200|150|      |20220520|20220520|0603|2022-05-31 16:05:56
480486|0000000757005413              |20220520|132827|018|677|0|30300129|130010009|130759163|1|20220520|124958|8002187|20220520|135107|8007462|1|1250|300|      |20220520|20220520|0603|2022-05-31 16:05:56
480488|0000000772173029              |20220520|140332|023|678|1|30300074|130010014|130753217|1|20220520|133343|8001876|20220520|144335|8005031|1|0|450|      |20220520|20220520|0603|2022-05-31 16:05:56
480490|0000000662797351              |20220520|075530|015|678|0|30300074|130010014|130753217|1|20220520|074923|8005032|20220520|082148|8002829|1|1250|450|      |20220520|20220520|0603|2022-05-31 16:05:56
480492|0000000670733569              |20220520|080324|002|678|0|30300074|130110001|130745026|1|20220520|061917|8002571|20220520|083359|8005031|1|1250|450|      |20220520|20220520|0603|2022-05-31 16:05:56
480494|0000000904355758              |20220520|085654|008|678|1|30300074|130010014|130753226|1|20220520|081306|8002571|20220520|092241|8005031|1|0|450|      |20220520|20220520|0603|2022-05-31 16:05:56
480496|0000000743382151              |20220520|165210|005|678|0|30300074|130010014|130753613|1|20220520|151317|8005036|20220520|171949|8002829|1|1250|450|      |20220520|20220520|0603|2022-05-31 16:05:56
480498|0000000764110715              |20220520|174620|018|677|1|30300129|130010009|130759184|1|20220520|165629|8002187|20220520|180933|8007462|1|0|300|      |20220520|20220520|0603|2022-05-31 16:05:56
480500|0000000659284228              |20220520|175752|003|678|1|30300074|130010014|130753219|1|20220520|172400|8001876|20220520|183705|8005031|1|0|450|      |20220520|20220520|0603|2022-05-31 16:05:56
480502|0000000908431862              |20220520|192653|010|678|0|30300074|130010014|130753264|1|20220520|192145|8005036|20220520|194941|8002829|1|1250|450|      |20220520|20220520|0603|2022-05-31 16:05:56
454993|0000000777477462              |20220520|154110|016|676|0|30300038|130010014|130753272|1|20220520|152143|8003131|20220520|154732|8001348|1|1250|0|      |20220520|20220520|0603|2022-05-31 16:05:56
454995|0000000918253596              |20220520|153143|001|675|0|30300084|130010001|130759785|1|20220520|145717|8001228|20220520|154745|8002631|1|1250|0|      |20220520|20220520|0603|2022-05-31 16:05:56
454997|0000000909505854              |20220520|153458|001|675|0|30300055|130010014|130753267|1|20220520|145939|8002346|20220520|155357|8002631|1|1250|0|      |20220520|20220520|0603|2022-05-31 16:05:56
454999|0000000602063994              |20220520|155957|001|676|0|30300088|130010006|130752001|1|20220520|150704|8002963|20220520|161420|8002960|1|1250|0|      |20220520|20220520|0603|2022-05-31 16:05:56
455001|0000000751370674              |20220520|161818|005|675|0|30300050|130010007|130759309|1|20220520|152153|8002535|20220520|165402|8002960|1|1250|0|      |20220520|20220520|0603|2022-05-31 16:05:56
455003|0000000601335139              |20220520|165538|001|676|0|30300071|130010009|130759139|1|20220520|163651|8001160|20220520|170407|8001989|1|1250|0|      |20220520|20220520|0603|2022-05-31 16:05:56
455005|0000000723221800              |20220520|065447|004|675|0|30300055|130010014|130753250|1|20220520|063905|8001203|20220520|071948|8001348|1|1250|0|      |20220520|20220520|0603|2022-05-31 16:05:56
455007|0000000619703540              |20220520|141026|008|675|0|30300058|130010004|130752263|1|20220520|135601|8002065|20220520|143525|8002630|1|1250|0|      |20220520|20220520|0603|2022-05-31 16:05:56
455009|0000000743714027              |20220520|083508|005|676|0|30300039|130010005|130759224|1|20220520|071352|8002967|20220520|084220|8001923|1|1250|0|      |20220520|20220520|0603|2022-05-31 16:05:56
476526|0000000760017686              |20220520|114642|001|676|0|30300041|130010012|130753334|1|20220520|092741|8002969|20220520|120109|8002850|1|1250|0|      |20220520|20220520|0603|2022-05-31 16:05:56
476528|0000000756487813              |20220520|200523|001|676|0|30300089|130010011|130759518|1|20220520|142951|8002969|20220520|201618|8001923|1|1250|0|      |20220520|20220520|0603|2022-05-31 16:05:56
476530|0000000731947557              |20220520|120112|003|674|0|30300002|130010007|130759319|1|20220520|114643|8001792|20220520|121024|8001418|1|1250|0|      |20220520|20220520|0603|2022-05-31 16:05:56
476532|0000000760150950              |20220520|145900|001|676|0|30300088|130010002|130752512|1|20220520|142528|8002402|20220520|155116|8002048|1|1250|0|      |20220520|20220520|0603|2022-05-31 16:05:56
476534|0000000759864992              |20220520|154623|012|675|0|30300081|130010011|130759511|1|20220520|125022|8002969|20220520|155507|8002452|1|1250|0|      |20220520|20220520|0603|2022-05-31 16:05:56
476536|0000000920893456              |20220520|224050|004|676|0|30300087|130010008|130752160|1|20220520|215946|8002969|20220520|224410|8002159|1|1250|0|      |20220520|20220520|0603|2022-05-31 16:05:56
476538|0000000753307825              |20220520|133032|001|676|0|30300051|130010008|130752147|1|20220520|130406|8001117|20220520|140611|8002995|1|1250|0|      |20220520|20220520|0603|2022-05-31 16:05:56
476540|0000000918361957              |20220520|135956|001|676|0|30300089|130010011|130759576|1|20220520|132015|8002969|20220520|144509|8001555|1|1250|0|      |20220520|20220520|0603|2022-05-31 16:05:56
476542|0000000911413670              |20220520|144416|001|676|0|30300037|130010006|130752002|1|20220520|143055|8001590|20220520|144834|8002720|1|1250|0|      |20220520|20220520|0603|2022-05-31 16:05:56
476544|0000000719388975              |20220520|141259|003|676|0|30300051|130010008|130752100|1|20220520|134847|8001117|20220520|150253|8001097|1|1250|0|      |20220520|20220520|0603|2022-05-31 16:05:56
476546|0000000670626645              |20220520|083511|019|674|0|30300002|130010007|130759312|1|20220520|072941|8002132|20220520|084658|8001283|1|1250|0|      |20220520|20220520|0603|2022-05-31 16:05:56
476548|0000000460198871              |20220520|083525|025|676|0|30300088|130010002|130752364|1|20220520|082318|8002132|20220520|092522|8002721|1|1250|0|      |20220520|20220520|0603|2022-05-31 16:05:56
476955|0000000785876168              |20220520|124253|009|676|0|30300037|130010006|130752072|1|20220520|120526|8002920|20220520|125328|8002402|1|1250|0|      |20220520|20220520|0603|2022-05-31 16:05:56
476957|0000000780693598              |20220520|211435|022|676|1|30300090|130010005|130759225|1|20220520|201851|8001005|20220520|212757|8001744|1|0|0|      |20220520|20220520|0603|2022-05-31 16:05:56
476959|0000000698948017              |20220520|093611|007|676|1|30300090|130010005|130759215|1|20220520|054713|8001005|20220520|094737|8001744|1|0|0|      |20220520|20220520|0603|2022-05-31 16:05:56
476961|0000000784763102              |20220520|153855|006|676|0|30300090|130010005|130759218|1|20220520|132429|8001005|20220520|155610|8001744|1|1250|0|      |20220520|20220520|0603|2022-05-31 16:05:56
476963|0000000483507395              |20220520|162917|013|675|0|30300064|130010015|130759624|1|20220520|162120|8001625|20220520|163659|8002437|1|1250|0|      |20220520|20220520|0603|2022-05-31 16:05:56
476965|0000001118456510              |20220520|164514|003|675|0|30300064|130010015|130759625|1|20220520|163538|8001625|20220520|165430|8002437|1|1250|0|      |20220520|20220520|0603|2022-05-31 16:05:56
476967|0000000783309808              |20220520|072754|015|676|0|30300087|130010008|130752159|1|20220520|072137|8007446|20220520|073653|8002118|1|1250|0|      |20220520|20220520|0603|2022-05-31 16:05:56
476969|0000000400169838              |20220520|133418|029|675|0|30300058|130010004|130752278|1|20220520|130800|8001934|20220520|134611|8001647|1|1250|0|      |20220520|20220520|0603|2022-05-31 16:05:56
476971|0000000486734326              |20220520|150343|030|675|0|30300079|130010009|130759134|1|20220520|133248|8007446|20220520|151329|8002118|1|1250|0|      |20220520|20220520|0603|2022-05-31 16:05:56
476973|0000000400162088              |20220520|085122|023|673|0|30300001|130510004|130751005|1|20220520|055849|8002941|20220520|090949|8081299|1|1100|0|      |20220520|20220520|0603|2022-05-31 16:05:56
476975|0000000788438669              |20220520|082532|029|680|1|30300052|130010002|130752323|1|20220520|073803|8001081|20220520|084514|8001934|1|0|0|      |20220520|20220520|0603|2022-05-31 16:05:56
476977|0000000481040007              |20220520|091344|007|674|1|30300100|130010002|130752348|1|20220520|064916|8001081|20220520|093259|8001934|1|0|0|      |20220520|20220520|0603|2022-05-31 16:05:56
476979|0000000787885319              |20220520|092259|006|674|2|30300100|130010002|130752383|1|20220520|090725|8001081|20220520|094306|8001934|1|0|0|      |20220520|20220520|0603|2022-05-31 16:05:56
477386|0000000791441874              |20220520|141631|023|675|0|30300079|130010009|130759138|1|20220520|141201|8002541|20220520|143634|8001538|1|1250|0|      |20220520|20220520|0603|2022-05-31 16:05:56
477388|0000000694512964              |20220520|151241|012|675|0|30300095|130010011|130759530|1|20220520|135751|8002277|20220520|151807|8002703|1|1250|0|      |20220520|20220520|0603|2022-05-31 16:05:56
477390|0000001118394591              |20220520|083630|010|675|0|30300101|130010002|130752304|1|20220520|080205|8001100|20220520|090441|8002814|1|1250|0|      |20220520|20220520|0603|2022-05-31 16:05:56
477392|0000000786270960              |20220520|171830|016|675|0|30300095|130010005|130759202|1|20220520|164137|8002277|20220520|172618|8002703|1|1250|0|      |20220520|20220520|0603|2022-05-31 16:05:56
477394|0000000400203829              |20220520|174611|019|675|0|30300076|130010014|130753270|1|20220520|135254|8001464|20220520|180440|8001935|1|1250|0|      |20220520|20220520|0603|2022-05-31 16:05:56
477396|0000000400198539              |20220520|112309|027|675|0|30300053|130010002|130752386|1|20220520|093108|8001279|20220520|113256|8001028|1|1250|0|      |20220520|20220520|0603|2022-05-31 16:05:56
477398|0000000698901828              |20220520|124405|031|681|1|30300042|130010009|130759125|1|20220520|103500|8001990|20220520|125306|8001413|1|0|0|      |20220520|20220520|0603|2022-05-31 16:05:56
477400|0000000400191421              |20220520|200336|011|675|0|30300053|130010002|130752369|1|20220520|195238|8002758|20220520|201910|8001276|1|1250|0|      |20220520|20220520|0603|2022-05-31 16:05:56
477402|0000000694843805              |20220520|202626|001|680|0|30300052|130010006|130752003|1|20220520|193923|8001420|20220520|205431|8001028|1|1250|0|      |20220520|20220520|0603|2022-05-31 16:05:56
477404|0000000787033818              |20220520|095957|001|680|1|30300052|130010002|130752323|1|20220520|094451|8001420|20220520|103024|8001028|1|0|0|      |20220520|20220520|0603|2022-05-31 16:05:56
477406|0000000400165543              |20220520|114340|004|676|0|30300051|130010008|130752147|1|20220520|111041|8001935|20220520|121454|8001080|1|1250|0|      |20220520|20220520|0603|2022-05-31 16:05:56
477408|0000000698823582              |20220520|153459|021|679|1|30300063|130010001|130759482|1|20220520|150547|8001660|20220520|154433|8002457|1|0|0|      |20220520|20220520|0603|2022-05-31 16:05:56
471257|0000000757574056              |20220520|093752|006|676|1|30300088|130010006|130752023|1|20220520|085932|8002412|20220520|094752|8002739|1|0|0|      |20220520|20220520|0603|2022-05-31 16:05:56
471259|0000000763707820              |20220520|170710|012|674|1|30300100|130010002|130752397|1|20220520|161510|8001412|20220520|173942|8001028|1|0|0|      |20220520|20220520|0603|2022-05-31 16:05:56
471261|0000000773401542              |20220520|174357|024|675|1|30300101|130010002|130752309|1|20220520|172317|8001081|20220520|175327|8007326|1|0|0|      |20220520|20220520|0603|2022-05-31 16:05:56
471263|0000000771612353              |20220520|194049|011|675|1|30300064|130010015|130759644|1|20220520|085316|8001874|20220520|194532|8001626|1|0|0|      |20220520|20220520|0603|2022-05-31 16:05:56
471265|0000000725030079              |20220520|195133|026|675|1|30300064|130010015|130759670|1|20220520|191236|8001874|20220520|195600|8001626|1|0|0|      |20220520|20220520|0603|2022-05-31 16:05:56
471267|0000000728085578              |20220520|200608|008|674|1|30300100|130010002|130752503|1|20220520|200020|8001412|20220520|203512|8001028|1|0|0|      |20220520|20220520|0603|2022-05-31 16:05:56
471269|0000000752557761              |20220520|110337|028|674|1|30300100|130010002|130752503|1|20220520|105433|8001412|20220520|113029|8001028|1|0|0|      |20220520|20220520|0603|2022-05-31 16:05:56
471271|0000000704534509              |20220520|155908|022|675|1|30300064|130010015|130759624|1|20220520|151718|8001874|20220520|160423|8001626|1|0|0|      |20220520|20220520|0603|2022-05-31 16:05:56
471273|0000000747765945              |20220520|065157|005|674|1|30300100|130010002|130752509|1|20220520|064106|8001412|20220520|071849|8001028|1|0|0|      |20220520|20220520|0603|2022-05-31 16:05:56
471275|0000000725146853              |20220520|074957|017|674|1|30300100|130010002|130752393|1|20220520|065613|8001412|20220520|081638|8001028|1|0|0|      |20220520|20220520|0603|2022-05-31 16:05:56
471277|0000000776304553              |20220520|075007|017|674|1|30300100|130010002|130752393|1|20220520|065613|8001412|20220520|081717|8001028|1|0|0|      |20220520|20220520|0603|2022-05-31 16:05:56
471279|0000000601399702              |20220520|142059|002|675|1|30300062|130010008|130752721|1|20220520|140300|8001922|20220520|142533|8001568|1|0|0|      |20220520|20220520|0603|2022-05-31 16:05:56
471281|0000000654500762              |20220520|150401|011|675|2|30300062|130010008|130752131|1|20220520|144726|8001922|20220520|150808|8001568|1|0|0|      |20220520|20220520|0603|2022-05-31 16:05:56
471283|0000000737020982              |20220520|150606|013|676|1|30300054|130010007|130759386|1|20220520|142408|8002202|20220520|150836|8001311|1|0|0|      |20220520|20220520|0603|2022-05-31 16:05:56
471690|0000000636965387              |20220520|173919|012|676|1|30300051|130010008|130752115|1|20220520|151853|8002119|20220520|175407|8001079|1|0|0|      |20220520|20220520|0603|2022-05-31 16:05:56
471692|0000000725585322              |20220520|181131|010|676|1|30300073|130010009|130759112|1|20220520|181107|8002745|20220520|181534|8002110|1|0|0|      |20220520|20220520|0603|2022-05-31 16:05:56
471694|0000000745659068              |20220520|190238|031|676|1|30300037|130010006|130752038|1|20220520|184506|8002635|20220520|190825|8001349|1|0|0|      |20220520|20220520|0603|2022-05-31 16:05:56
471696|0000000772115096              |20220520|190733|016|675|1|30300060|130010014|130753245|1|20220520|184502|8007279|20220520|191439|8002935|1|0|0|      |20220520|20220520|0603|2022-05-31 16:05:56
471698|0000000704277104              |20220520|185521|022|676|1|30300130|130010008|130752113|1|20220520|181802|8002635|20220520|190011|8001349|1|0|0|      |20220520|20220520|0603|2022-05-31 16:05:56
471700|0000000773595772              |20220520|185428|023|676|1|30300051|130010008|130752147|1|20220520|180143|8002119|20220520|190620|8001079|1|0|0|      |20220520|20220520|0603|2022-05-31 16:05:56
471702|0000000724427669              |20220520|215245|011|676|1|30300040|130010007|130759373|1|20220520|212608|8007279|20220520|215521|8002935|1|0|0|      |20220520|20220520|0603|2022-05-31 16:05:56
471704|0000000723786036              |20220520|204256|026|676|1|30300051|130010008|130752114|1|20220520|200014|8002119|20220520|205111|8001079|1|0|0|      |20220520|20220520|0603|2022-05-31 16:05:56
471706|0000000918280253              |20220520|095247|015|676|2|30300040|130010013|130759804|1|20220520|074838|8007279|20220520|100005|8002935|1|0|0|      |20220520|20220520|0603|2022-05-31 16:05:56
471708|0000000722004373              |20220520|105814|030|676|3|30300087|130010015|130759631|1|20220520|061623|8002453|20220520|110655|8001723|1|0|0|      |20220520|20220520|0603|2022-05-31 16:05:56
471710|0000000721778613              |20220520|115551|024|675|0|30300082|130010001|130759772|4|20220520|114924|8002081|20220520|120028|8001989|1|750|0|      |20220520|20220520|0603|2022-05-31 16:05:56
471712|0000000774179946              |20220520|121550|011|676|1|30300051|130010008|130752161|1|20220520|113630|8002119|20220520|122624|8001079|1|0|0|      |20220520|20220520|0603|2022-05-31 16:05:56
471714|0000000732231604              |20220520|153727|011|675|1|30300055|130010014|130753209|1|20220520|145048|8002635|20220520|154338|8001349|1|0|0|      |20220520|20220520|0603|2022-05-31 16:05:56
472121|0000000659524796              |20220520|081904|023|676|0|30300038|130010014|130753502|1|20220520|070452|8001388|20220520|084128|8002921|1|1250|0|      |20220520|20220520|0603|2022-05-31 16:05:56
472123|0000000743448654              |20220520|091029|021|676|0|30300038|130010014|130753524|1|20220520|080311|8002913|20220520|094501|8002921|1|1250|0|      |20220520|20220520|0603|2022-05-31 16:05:56
472125|0000000745348612              |20220520|165020|020|676|0|30300093|130010004|130752262|1|20220520|154139|8001458|20220520|171805|8001555|1|1250|0|      |20220520|20220520|0603|2022-05-31 16:05:56
472127|0000000741271153              |20220520|182533|009|676|0|30300038|130010014|130753508|1|20220520|165605|8003032|20220520|184525|8002921|1|1250|0|      |20220520|20220520|0603|2022-05-31 16:05:56
472129|0000000736879068              |20220520|181546|029|676|0|30300089|130010011|130759575|1|20220520|145318|8002969|20220520|190803|8001555|1|1250|0|      |20220520|20220520|0603|2022-05-31 16:05:56
472131|0000000662294157              |20220520|123519|010|676|0|30300051|130010008|130752112|1|20220520|112756|8001996|20220520|123844|8001097|1|1250|0|      |20220520|20220520|0603|2022-05-31 16:05:56
472133|0000000917890440              |20220520|131415|016|676|0|30300038|130010014|130753502|1|20220520|113825|8002142|20220520|131605|8002921|1|1250|0|      |20220520|20220520|0603|2022-05-31 16:05:56
472135|0000000774062514              |20220520|221643|015|676|0|30300043|130010015|130759609|1|20220520|211522|8001251|20220520|223954|8005921|1|1250|0|      |20220520|20220520|0603|2022-05-31 16:05:56
472137|0000000705701244              |20220520|204703|022|676|0|30300043|130010015|130759632|1|20220520|194336|8001919|20220520|205550|8005921|1|1250|0|      |20220520|20220520|0603|2022-05-31 16:05:56
472139|0000000725652962              |20220520|093356|011|676|0|30300041|130010012|130753380|1|20220520|092541|8005990|20220520|103016|8001097|1|1250|0|      |20220520|20220520|0603|2022-05-31 16:05:56
465658|0000000704345995              |20220520|181415|019|676|0|30300070|130010004|130752605|1|20220520|170306|8001052|20220520|181717|8002790|1|1250|0|      |20220520|20220520|0603|2022-05-31 16:05:56
465660|0000000753054469              |20220520|185223|024|676|0|30300072|130010001|130759421|1|20220520|165449|8001890|20220520|190115|8002607|1|1250|0|      |20220520|20220520|0603|2022-05-31 16:05:56
465662|0000000909032236              |20220520|192419|019|676|0|30300090|130010005|130759223|1|20220520|141254|8005990|20220520|194401|8001287|1|1250|0|      |20220520|20220520|0603|2022-05-31 16:05:56
465664|0000000761323503              |20220520|191444|029|676|0|30300072|130010001|130759429|1|20220520|190222|8001952|20220520|200058|8001421|1|1250|0|      |20220520|20220520|0603|2022-05-31 16:05:56
465666|0000000700340287              |20220520|125129|016|676|0|30300070|130010004|130752228|1|20220520|115112|8001344|20220520|125842|8001383|1|1250|0|      |20220520|20220520|0603|2022-05-31 16:05:56
466073|0000000741298466              |20220520|152241|014|676|0|30300040|130010007|130759367|1|20220520|131033|8002954|20220520|152924|8001091|1|1250|0|      |20220520|20220520|0603|2022-05-31 16:05:56
466075|0000000743061791              |20220520|094048|006|676|0|30300071|130010009|130759107|1|20220520|053827|8001922|20220520|094749|8002468|1|1250|0|      |20220520|20220520|0603|2022-05-31 16:05:56
466077|0000000742572673              |20220520|180008|016|676|0|30300040|130010007|130759359|1|20220520|170520|8002954|20220520|180843|8001091|1|1250|0|      |20220520|20220520|0603|2022-05-31 16:05:56
466079|0000000917924808              |20220520|184352|006|676|0|30300054|130010007|130759344|1|20220520|180352|8001922|20220520|185228|8002468|1|1250|0|      |20220520|20220520|0603|2022-05-31 16:05:56
466081|0000000709717278              |20220520|184520|008|676|0|30300040|130010007|130759366|1|20220520|174900|8002954|20220520|185358|8001091|1|1250|0|      |20220520|20220520|0603|2022-05-31 16:05:56
466083|0000000677686738              |20220520|191228|019|676|0|30300054|130010007|130759378|1|20220520|184142|8001922|20220520|192034|8002468|1|1250|0|      |20220520|20220520|0603|2022-05-31 16:05:56
466085|0000000630560227              |20220520|125253|003|676|0|30300054|130010007|130759361|1|20220520|121852|8001922|20220520|125818|8002468|1|1250|0|      |20220520|20220520|0603|2022-05-31 16:05:56
466087|0000000778626954              |20220520|132026|001|676|0|30300040|130010013|130759830|1|20220520|110558|8002954|20220520|132521|8001091|1|1250|0|      |20220520|20220520|0603|2022-05-31 16:05:56
466089|0000000768292285              |20220520|213451|007|676|0|30300089|130010011|130759575|1|20220520|145318|8001922|20220520|214019|8002468|1|1250|0|      |20220520|20220520|0603|2022-05-31 16:05:56
466091|0000000918114031              |20220520|215317|023|676|0|30300071|130010009|130759149|1|20220520|213042|8001922|20220520|215834|8002468|1|1250|0|      |20220520|20220520|0603|2022-05-31 16:05:56
466093|0000000741740920              |20220520|194334|002|676|0|30300054|130010007|130759382|1|20220520|191214|8001922|20220520|195135|8002468|1|1250|0|      |20220520|20220520|0603|2022-05-31 16:05:56
466095|0000000641697274              |20220520|204317|003|676|0|30300054|130010007|130759387|1|20220520|201139|8001922|20220520|205021|8002468|1|1250|0|      |20220520|20220520|0603|2022-05-31 16:05:56
466097|0000000747695421              |20220520|210242|002|676|0|30300054|130010007|130759340|1|20220520|203218|8001922|20220520|211122|8002468|1|1250|0|      |20220520|20220520|0603|2022-05-31 16:05:56
466099|0000000741804403              |20220520|094320|006|676|0|30300089|130010011|130759526|1|20220520|060808|8001922|20220520|094809|8002468|1|1250|0|      |20220520|20220520|0603|2022-05-31 16:05:56
466506|0000000758781991              |20220520|083447|002|676|0|30300051|130010008|130752161|1|20220520|081210|8001415|20220520|091329|8001292|1|1250|0|      |20220520|20220520|0603|2022-05-31 16:05:56
466508|0000000745331510              |20220520|183302|001|681|0|30300042|130010009|130759151|1|20220520|182404|8001415|20220520|190827|8001056|1|1250|0|      |20220520|20220520|0603|2022-05-31 16:05:56
466510|0000000903405402              |20220520|120346|002|676|0|30300051|130010008|130752101|1|20220520|114415|8001415|20220520|122542|8002119|1|1250|0|      |20220520|20220520|0603|2022-05-31 16:05:56
466512|0000000645446535              |20220520|130532|001|676|0|30300051|130010008|130752122|1|20220520|123933|8001415|20220520|130815|8002330|1|1250|0|      |20220520|20220520|0603|2022-05-31 16:05:56
466514|0000000601970848              |20220520|134737|001|676|0|30300051|130010008|130752130|1|20220520|132834|8001415|20220520|135417|8002605|1|1250|0|      |20220520|20220520|0603|2022-05-31 16:05:56
466516|0000000666074286              |20220520|213643|001|676|0|30300051|130010008|130752142|1|20220520|212415|8001415|20220520|215402|8002545|1|1250|0|      |20220520|20220520|0603|2022-05-31 16:05:56
466518|0000000910740286              |20220520|213655|001|676|0|30300051|130010008|130752142|1|20220520|212415|8001415|20220520|214617|8001935|1|1250|0|      |20220520|20220520|0603|2022-05-31 16:05:56
466520|0000000713776107              |20220520|212659|006|681|0|30300042|130010009|130759140|1|20220520|211930|8001415|20220520|220139|8002403|1|1250|0|      |20220520|20220520|0603|2022-05-31 16:05:56
466522|0000000742993606              |20220520|214555|025|676|0|30300051|130010008|130752153|1|20220520|213157|8001415|20220520|221933|8001371|1|1250|0|      |20220520|20220520|0603|2022-05-31 16:05:56
466524|0000000751000083              |20220520|194753|012|676|0|30300051|130010008|130752110|1|20220520|192740|8001415|20220520|195748|8001929|1|1250|0|      |20220520|20220520|0603|2022-05-31 16:05:56
466526|0000000906105644              |20220520|195616|001|680|0|30300052|130010006|130752051|1|20220520|191250|8001415|20220520|201625|8002119|1|1250|0|      |20220520|20220520|0603|2022-05-31 16:05:56
466528|0000000762780240              |20220520|200144|001|676|0|30300051|130010008|130752122|1|20220520|194053|8001415|20220520|204644|8007046|1|1250|0|      |20220520|20220520|0603|2022-05-31 16:05:56
466530|0000000742432489              |20220520|205928|005|681|0|30300042|130010009|130759136|1|20220520|205245|8001415|20220520|211000|8001624|1|1250|0|      |20220520|20220520|0603|2022-05-31 16:05:56
466937|0000000743470325              |20220520|214137|004|675|0|30300048|130010006|130759010|1|20220520|211033|8002492|20220520|215629|8002849|1|1250|0|      |20220520|20220520|0603|2022-05-31 16:05:56
466939|0000000726974819              |20220520|215840|005|676|0|30300087|130010015|130759679|1|20220520|212303|8001831|20220520|220723|8006006|1|1250|0|      |20220520|20220520|0603|2022-05-31 16:05:56
466941|0000000723001722              |20220520|221542|001|675|0|30300108|130010007|130759305|1|20220520|220230|8002492|20220520|223105|8002663|1|1250|0|      |20220520|20220520|0603|2022-05-31 16:05:56
466943|0000000773420878              |20220520|194008|001|676|0|30300039|130010005|130759263|1|20220520|191845|8002492|20220520|200926|8001076|1|1250|0|      |20220520|20220520|0603|2022-05-31 16:05:56
466945|0000000721994783              |20220520|203536|009|675|0|30300145|130010014|130753529|1|20220520|201954|8002492|20220520|204240|8001299|1|1250|0|      |20220520|20220520|0603|2022-05-31 16:05:56
458027|0000000400164794              |20220520|060901|017|676|0|30300036|130010012|130753301|1|20220520|053743|8001091|20220520|063446|8002407|1|1250|0|      |20220520|20220520|0603|2022-05-31 16:05:56
458029|0000000487936110              |20220520|063510|001|676|0|30300036|130010012|130753302|1|20220520|061518|8002280|20220520|065819|8001282|1|1250|0|      |20220520|20220520|0603|2022-05-31 16:05:56
458031|0000000694041109              |20220520|061810|014|676|0|30300086|130010013|130759808|1|20220520|055531|8002137|20220520|065708|8001527|1|1250|0|      |20220520|20220520|0603|2022-05-31 16:05:56
458438|0000000400118728              |20220520|070627|003|675|0|30300084|130010001|130759418|1|20220520|062955|8002934|20220520|071336|8002888|1|1250|0|      |20220520|20220520|0603|2022-05-31 16:05:56
458440|0000000400155837              |20220520|073036|011|676|0|30300069|130010001|130759416|1|20220520|064924|8002846|20220520|074345|8002381|1|1250|0|      |20220520|20220520|0603|2022-05-31 16:05:56
458442|0000000693037541              |20220520|070019|018|675|0|30300084|130010001|130759752|1|20220520|065258|8001745|20220520|081114|8005528|1|1250|0|      |20220520|20220520|0603|2022-05-31 16:05:56
458444|0000000483933338              |20220520|140253|024|675|0|30300146|130010008|130752173|1|20220520|134402|8001079|20220520|141941|8003101|1|1250|0|      |20220520|20220520|0603|2022-05-31 16:05:56
458446|0000000400177048              |20220520|142419|021|680|0|30300011|130010002|130752501|1|20220520|132325|8001829|20220520|144121|8001489|1|1250|0|      |20220520|20220520|0603|2022-05-31 16:05:56
458448|0000000400094471              |20220520|135406|012|682|0|30300030|130010014|130753602|1|20220520|134607|8005024|20220520|144315|8002149|1|1250|300|      |20220520|20220520|0603|2022-05-31 16:05:56
458450|0000000695781201              |20220520|144927|022|683|1|30300015|130010004|130752607|1|20220520|141551|8001856|20220520|150511|8001300|1|0|0|      |20220520|20220520|0603|2022-05-31 16:05:56
458452|0000000681163875              |20220520|080608|006|675|0|30300103|130010013|130759803|1|20220520|053742|8002911|20220520|081821|8005551|1|1250|0|      |20220520|20220520|0603|2022-05-31 16:05:56
458454|0000000790659863              |20220520|085601|001|675|1|30300094|130010014|130753609|1|20220520|075612|8002076|20220520|091309|8005563|1|0|0|      |20220520|20220520|0603|2022-05-31 16:05:56
458456|0000000791806667              |20220520|085044|026|675|0|30300127|130010004|130752243|1|20220520|082730|8007284|20220520|091141|8001579|1|1250|0|      |20220520|20220520|0603|2022-05-31 16:05:56
458458|0000000692994845              |20220520|085606|026|680|0|30300021|130010002|130752554|1|20220520|061433|8005537|20220520|092846|8001118|1|1250|150|      |20220520|20220520|0603|2022-05-31 16:05:56
458460|0000000186497068              |20220520|094254|011|680|0|30300099|130010009|130759162|1|20220520|060328|8002320|20220520|095127|8001631|1|1250|0|      |20220520|20220520|0603|2022-05-31 16:05:56
458462|0000000400166270              |20220520|164015|007|675|1|30300127|130010004|130752245|1|20220520|143055|8005978|20220520|171923|8001011|1|0|0|      |20220520|20220520|0603|2022-05-31 16:05:56
459043|0000000741740190              |20220520|135331|005|673|0|30300001|130510004|130751005|1|20220520|055849|8002742|20220520|140312|8001590|1|1100|0|      |20220520|20220520|0603|2022-05-31 16:05:56
459045|0000000629829810              |20220520|135810|014|673|0|30300001|130510004|130751005|1|20220520|055849|8001194|20220520|140419|8002412|1|1100|0|      |20220520|20220520|0603|2022-05-31 16:05:56
459047|0000000778176647              |20220520|140417|005|673|2|30300001|130510004|130751005|1|20220520|055849|8002412|20220520|140807|8001192|1|0|0|      |20220520|20220520|0603|2022-05-31 16:05:56
459049|0000000743769927              |20220520|150113|011|673|2|30300001|130510004|130751005|1|20220520|055849|8002410|20220520|150331|8002492|1|0|0|      |20220520|20220520|0603|2022-05-31 16:05:56
459051|0000000734416089              |20220520|150208|030|673|0|30300001|130510004|130751005|1|20220520|055849|8002401|20220520|150636|8001195|1|1100|0|      |20220520|20220520|0603|2022-05-31 16:05:56
459053|0000000903816492              |20220520|075833|026|673|0|30300001|130510004|130751005|1|20220520|055849|8002412|20220520|080702|8002737|1|1100|0|      |20220520|20220520|0603|2022-05-31 16:05:56
459055|0000000725971283              |20220520|085116|023|673|0|30300001|130510004|130751005|1|20220520|055849|8002941|20220520|085649|8002411|1|1100|0|      |20220520|20220520|0603|2022-05-31 16:05:56
459057|0000000917920991              |20220520|085354|018|673|0|30300001|130510004|130751005|1|20220520|055849|8001193|20220520|085744|8002410|1|1100|0|      |20220520|20220520|0603|2022-05-31 16:05:56
459059|0000000742688207              |20220520|085657|026|673|2|30300001|130510004|130751005|1|20220520|055849|8002411|20220520|091246|8005784|1|0|0|      |20220520|20220520|0603|2022-05-31 16:05:56
459061|0000000723335568              |20220520|085911|017|673|0|30300001|130510004|130751005|1|20220520|055849|8002401|20220520|091257|8005784|1|1100|0|      |20220520|20220520|0603|2022-05-31 16:05:56
459063|0000000752880641              |20220520|085608|027|673|0|30300001|130510004|130751005|1|20220520|055849|8002961|20220520|093023|8002885|1|1100|0|      |20220520|20220520|0603|2022-05-31 16:05:56
459065|0000000763777687              |20220520|091100|006|673|0|30300001|130510004|130751005|1|20220520|055849|8005782|20220520|092213|8002882|1|1100|0|      |20220520|20220520|0603|2022-05-31 16:05:56
459067|0000000770286041              |20220520|091344|008|673|0|30300001|130510004|130751005|1|20220520|055849|8005757|20220520|092710|8001311|1|1100|0|      |20220520|20220520|0603|2022-05-31 16:05:56
459474|0000000771780509              |20220520|201622|012|832|0|30300128|130710001|130759917|1|20220520|063831|8007293|20220520|202420|3053005|1|1700|0|      |20220520|20220520|0603|2022-05-31 16:05:56
459476|0000000708758771              |20220520|205131|015|832|0|30300128|130710001|130759912|1|20220520|062954|3053004|20220520|205957|8007296|1|1700|0|      |20220520|20220520|0603|2022-05-31 16:05:56
459478|0000000773503085              |20220520|205618|028|832|0|30300128|130710001|130759921|1|20220520|045359|8007293|20220520|210603|3053005|1|1700|0|      |20220520|20220520|0603|2022-05-31 16:05:56
459480|0000000752191172              |20220520|103212|005|832|0|30300128|130710001|130759923|1|20220520|054411|8007297|20220520|103929|3054003|1|1700|0|      |20220520|20220520|0603|2022-05-31 16:05:56
459482|0000000710042808              |20220520|105037|030|832|1|30300128|130710001|130759925|1|20220520|101050|8007293|20220520|105918|3053005|1|300|0|      |20220520|20220520|0603|2022-05-31 16:05:56
459484|0000000734513998              |20220520|153824|011|832|0|30300128|130710001|130759923|4|20220520|054411|3053004|20220520|154653|8007296|1|1100|0|      |20220520|20220520|0603|2022-05-31 16:05:56
459486|0000000767331930              |20220520|163242|023|832|0|30300128|130710001|130759913|1|20220520|062545|8007293|20220520|164108|3053005|1|1700|0|      |20220520|20220520|0603|2022-05-31 16:05:56
459488|0000000758589374              |20220520|233358|006|832|0|30300128|130710001|130759913|1|20220520|062545|8007297|20220520|234118|3054003|1|1700|0|      |20220520|20220520|0603|2022-05-31 16:05:56
479623|0000000755220522              |20220520|074221|016|678|1|30300074|130010014|130753222|1|20220520|053947|8002634|20220520|082425|8005033|1|0|450|      |20220520|20220520|0603|2022-05-31 16:05:57
479625|0000000722825812              |20220520|163816|013|678|0|30300074|130010014|130753226|1|20220520|162803|8005038|20220520|170157|8002824|1|1250|450|      |20220520|20220520|0603|2022-05-31 16:05:57
479627|0000000760292229              |20220520|171238|026|678|0|30300074|130010014|130753236|1|20220520|170255|8005038|20220520|173847|8002824|1|1250|450|      |20220520|20220520|0603|2022-05-31 16:05:57
479629|0000000776391142              |20220520|171243|029|678|0|30300074|130010014|130753236|1|20220520|170255|8005038|20220520|173649|8002824|1|1250|450|      |20220520|20220520|0603|2022-05-31 16:05:57
479631|0000000763010894              |20220520|175016|025|678|0|30300074|130010014|130753217|1|20220520|170358|8002634|20220520|183202|8005033|1|1250|450|      |20220520|20220520|0603|2022-05-31 16:05:57
479633|0000000725853651              |20220520|180702|005|678|0|30300074|130010014|130753614|1|20220520|175804|8005038|20220520|183219|8002824|1|1250|450|      |20220520|20220520|0603|2022-05-31 16:05:57
479635|0000000769393352              |20220520|121740|001|678|1|30300074|130010014|130753613|1|20220520|114304|8002634|20220520|130319|8005033|1|0|450|      |20220520|20220520|0603|2022-05-31 16:05:57
479637|0000000639642102              |20220520|123857|027|678|0|30300074|130010014|130753236|1|20220520|053817|8002634|20220520|131811|8005033|1|1250|450|      |20220520|20220520|0603|2022-05-31 16:05:57
479639|0000000777385731              |20220520|102843|021|678|1|30300074|130010014|130753219|1|20220520|095302|8002634|20220520|111050|8005033|1|0|450|      |20220520|20220520|0603|2022-05-31 16:05:57
479911|0000000766187071              |20220520|234336|005|832|0|30300128|130710001|130759918|1|20220520|163739|8007412|20220521|001833|8007293|1|1700|300|      |20220520|20220521|0603|2022-05-31 16:05:57
479913|0000000774142446              |20220520|072344|008|677|0|30300129|130010009|130759126|1|20220520|071317|8007459|20220520|074741|8001677|1|1250|300|      |20220520|20220520|0603|2022-05-31 16:05:57
479915|0000000751238660              |20220520|074223|025|678|1|30300074|130010014|130753222|1|20220520|053947|8002634|20220520|081646|8005031|1|0|450|      |20220520|20220520|0603|2022-05-31 16:05:57
479917|0000000716711943              |20220520|075620|013|677|0|30300129|130010009|130759179|1|20220520|071830|8005906|20220520|082436|8007461|1|1250|300|      |20220520|20220520|0603|2022-05-31 16:05:57
479919|0000000726279563              |20220520|084403|010|832|0|30300128|130710001|130759925|1|20220520|075945|8007294|20220520|091621|8001420|1|1700|300|      |20220520|20220520|0603|2022-05-31 16:05:57
479921|0000000904019462              |20220520|084319|007|832|0|30300128|130710001|130759925|1|20220520|075945|8007294|20220520|091717|8001420|1|1700|300|      |20220520|20220520|0603|2022-05-31 16:05:57
479923|0000000757264974              |20220520|084327|031|832|0|30300128|130710001|130759925|1|20220520|075945|8007294|20220520|091712|8001420|1|1700|300|      |20220520|20220520|0603|2022-05-31 16:05:57
479925|0000000903155824              |20220520|084331|011|832|1|30300128|130710001|130759925|1|20220520|075945|8007294|20220520|091707|8001420|1|300|300|      |20220520|20220520|0603|2022-05-31 16:05:57
479927|0000000777190331              |20220520|084346|017|832|0|30300128|130710001|130759925|1|20220520|075945|8007294|20220520|091653|8001420|1|1700|300|      |20220520|20220520|0603|2022-05-31 16:05:57
479929|0000000704463568              |20220520|090340|003|677|0|30300129|130010009|130759109|1|20220520|063743|8005906|20220520|092945|8007461|1|1250|300|      |20220520|20220520|0603|2022-05-31 16:05:57
479931|0000000672831993              |20220520|090642|030|677|1|30300129|130010009|130759109|1|20220520|063743|8005906|20220520|092954|8007461|1|0|300|      |20220520|20220520|0603|2022-05-31 16:05:57
479933|0000000760592714              |20220520|164044|008|832|1|30300128|130710001|130759918|4|20220520|163739|8007412|20220520|172009|8007293|1|350|300|      |20220520|20220520|0603|2022-05-31 16:05:57
479935|0000000920947263              |20220520|164053|015|832|1|30300128|130710001|130759918|1|20220520|163739|8007412|20220520|171954|8007293|1|450|300|      |20220520|20220520|0603|2022-05-31 16:05:57
480234|0000000605745970              |20220520|141240|030|681|2|30300042|130010009|130759104|1|20220520|123435|8002974|20220520|142652|8005272|1|0|150|      |20220520|20220520|0603|2022-05-31 16:05:57
480236|0000000779276104              |20220520|092707|016|681|1|30300042|130010009|130759140|1|20220520|082854|8002974|20220520|093828|8005272|1|0|150|      |20220520|20220520|0603|2022-05-31 16:05:57
480238|0000000741955135              |20220520|180843|029|681|0|30300042|130010009|130759121|1|20220520|133639|9005104|20220520|183117|8002973|1|1250|250|      |20220520|20220520|0603|2022-05-31 16:05:57
480240|0000000904131651              |20220520|184109|025|832|1|30300128|130710001|130759918|1|20220520|163739|8007294|20220520|190949|8007280|1|300|300|      |20220520|20220520|0603|2022-05-31 16:05:57
480242|0000000713700792              |20220520|184122|027|832|1|30300128|130710001|130759918|1|20220520|163739|8007294|20220520|190945|8007280|1|300|300|      |20220520|20220520|0603|2022-05-31 16:05:57
480244|0000000600580337              |20220520|121133|028|832|1|30300128|130710001|130759925|1|20220520|113435|8007294|20220520|123808|8007280|1|300|300|      |20220520|20220520|0603|2022-05-31 16:05:57
480246|0000000712561618              |20220520|122242|022|678|0|30300074|130010014|130753222|1|20220520|053947|8005030|20220520|125225|8002824|1|1250|450|      |20220520|20220520|0603|2022-05-31 16:05:57
480248|0000000723284109              |20220520|195154|007|832|0|30300128|130710001|130759918|1|20220520|163739|8007412|20220520|203528|3053005|1|1700|300|      |20220520|20220520|0603|2022-05-31 16:05:57
480250|0000000725760616              |20220520|112907|010|678|0|30300074|130010014|130753219|1|20220520|112402|8005030|20220520|115652|8002824|1|1250|450|      |20220520|20220520|0603|2022-05-31 16:05:57
480252|0000000761789182              |20220520|152732|002|681|1|30300042|130010009|130759136|1|20220520|142836|8002974|20220520|154415|8005104|1|0|250|      |20220520|20220520|0603|2022-05-31 16:05:57
480254|0000000722677651              |20220520|073851|011|678|0|30300074|130010014|130753237|1|20220520|060921|8005030|20220520|080340|8002824|1|1250|450|      |20220520|20220520|0603|2022-05-31 16:05:57
480256|0000000760310094              |20220520|132411|007|679|0|30300063|130010001|130759486|1|20220520|131115|8007214|20220520|142527|8001097|1|1200|100|      |20220520|20220520|0603|2022-05-31 16:05:57
480258|0000000753610406              |20220520|143729|013|681|1|30300042|130010009|130759121|1|20220520|133639|8002974|20220520|145511|8005104|1|0|250|      |20220520|20220520|0603|2022-05-31 16:05:57
480260|0000000727239252              |20220520|084619|012|677|2|30300129|130010009|130759101|1|20220520|080623|8002187|20220520|090324|8007349|1|0|300|      |20220520|20220520|0603|2022-05-31 16:05:57
482557|0000000765338047              |20220520|080328|010|832|0|30300128|130710001|130759925|1|20220520|075945|9007055|20220520|084616|8007292|1|1700|300|      |20220520|20220520|0603|2022-05-31 16:05:57
473505|0000000651290311              |20220520|162146|003|676|1|30300071|130010009|130759106|1|20220520|141234|8002757|20220520|164553|8001464|1|0|0|      |20220520|20220520|0603|2022-05-31 16:05:57
473507|0000000702405926              |20220520|065649|012|675|1|30300058|130010004|130752257|1|20220520|062948|8001940|20220520|071120|8001418|1|0|0|      |20220520|20220520|0603|2022-05-31 16:05:57
473509|0000000756312644              |20220520|134353|021|676|1|30300040|130010013|130759871|1|20220520|132643|8002960|20220520|140520|8002760|1|0|0|      |20220520|20220520|0603|2022-05-31 16:05:57
473511|0000000611749385              |20220520|140211|013|675|1|30300082|130010001|130759413|1|20220520|130015|8002230|20220520|141332|8001075|1|0|0|      |20220520|20220520|0603|2022-05-31 16:05:57
473513|0000000774644645              |20220520|151112|010|676|2|30300043|130010015|130759677|1|20220520|144610|8001831|20220520|152459|8002648|1|0|0|      |20220520|20220520|0603|2022-05-31 16:05:57
473515|0000000772454776              |20220520|092025|010|675|2|30300067|130010001|130759412|1|20220520|084059|8001412|20220520|095444|8002467|1|0|0|      |20220520|20220520|0603|2022-05-31 16:05:57
473517|0000000903127075              |20220520|171754|004|674|1|30300104|130010002|130752314|1|20220520|170823|8001153|20220520|174506|8001425|1|0|0|      |20220520|20220520|0603|2022-05-31 16:05:57
473519|0000000742908925              |20220520|174211|031|675|1|30300067|130010001|130759424|1|20220520|162204|8001651|20220520|175525|8001073|1|0|0|      |20220520|20220520|0603|2022-05-31 16:05:57
473521|0000000741906374              |20220520|183504|010|675|1|30300147|130010001|130759419|1|20220520|181306|8002734|20220520|185834|8007032|1|0|0|      |20220520|20220520|0603|2022-05-31 16:05:57
473523|0000000651058261              |20220520|120119|003|675|2|30300082|130010001|130759703|1|20220520|114233|8002447|20220520|121502|8002697|1|0|0|      |20220520|20220520|0603|2022-05-31 16:05:57
473930|0000000761577481              |20220520|082441|012|676|1|30300038|130010014|130753505|1|20220520|072843|8002793|20220520|083808|8001952|1|0|0|      |20220520|20220520|0603|2022-05-31 16:05:57
473932|0000000666135945              |20220520|094857|019|676|1|30300087|130010015|130759641|1|20220520|091631|8001560|20220520|100625|8002969|1|0|0|      |20220520|20220520|0603|2022-05-31 16:05:57
473934|0000000766603205              |20220520|170956|023|676|2|30300088|130010006|130752016|1|20220520|170205|8002352|20220520|173457|8002402|1|0|0|      |20220520|20220520|0603|2022-05-31 16:05:57
473936|0000000736756871              |20220520|185019|020|676|1|30300072|130010001|130759422|1|20220520|180927|8001036|20220520|192009|8001078|1|0|0|      |20220520|20220520|0603|2022-05-31 16:05:57
473938|0000000660008889              |20220520|122300|016|676|1|30300087|130010008|130752157|1|20220520|111439|8001240|20220520|122728|8001730|1|0|0|      |20220520|20220520|0603|2022-05-31 16:05:57
473940|0000000722946814              |20220520|210908|024|675|1|30300049|130010004|130752233|1|20220520|175938|8002722|20220520|211616|8002415|1|150|0|      |20220520|20220520|0603|2022-05-31 16:05:57
473942|0000000775936788              |20220520|100117|012|676|1|30300087|130010008|130752141|1|20220520|095519|8002131|20220520|101802|8002258|1|0|0|      |20220520|20220520|0603|2022-05-31 16:05:57
473944|0000000661691259              |20220520|095052|007|676|1|30300072|130010001|130759435|1|20220520|092530|8001412|20220520|102638|8001831|1|0|0|      |20220520|20220520|0603|2022-05-31 16:05:57
473946|0000000903698598              |20220520|101821|019|676|2|30300054|130010007|130759381|1|20220520|101124|8001437|20220520|112043|8001793|1|0|0|      |20220520|20220520|0603|2022-05-31 16:05:57
473948|0000000921593558              |20220520|160818|020|676|0|30300038|130010014|130753200|4|20220520|153219|8003044|20220520|161712|8002790|1|750|0|      |20220520|20220520|0603|2022-05-31 16:05:57
473950|0000000630762513              |20220520|164828|019|676|2|30300087|130010008|130752157|1|20220520|153626|8001587|20220520|171805|8007445|1|0|0|      |20220520|20220520|0603|2022-05-31 16:05:57
473952|0000000638495466              |20220520|225654|030|676|1|30300088|130010006|130752006|1|20220520|211833|8002997|20220520|232931|8002048|1|0|0|      |20220520|20220520|0603|2022-05-31 16:05:57
473954|0000000917934932              |20220520|073051|028|676|2|30300088|130010002|130752364|1|20220520|063436|8001319|20220520|073418|8001104|1|0|0|      |20220520|20220520|0603|2022-05-31 16:05:57
473956|0000000742607224              |20220520|073508|028|676|1|30300071|130010009|130759180|1|20220520|045150|8002279|20220520|080541|8002745|1|0|0|      |20220520|20220520|0603|2022-05-31 16:05:57
474363|0000000728021389              |20220520|205809|001|675|1|30300055|130010014|130753249|1|20220520|202340|8002627|20220520|212654|8001553|1|0|0|      |20220520|20220520|0603|2022-05-31 16:05:57
474365|0000000752732341              |20220520|094325|011|676|1|30300051|130010008|130752122|1|20220520|091349|8002330|20220520|102506|8001290|1|0|0|      |20220520|20220520|0603|2022-05-31 16:05:57
474367|0000000722523797              |20220520|151139|031|675|1|30300053|130010002|130752377|1|20220520|134204|8002276|20220520|154342|8001154|1|0|0|      |20220520|20220520|0603|2022-05-31 16:05:57
474369|0000000771779591              |20220520|155139|031|676|1|30300087|130010015|130759636|1|20220520|151420|8002453|20220520|162842|8001454|1|0|0|      |20220520|20220520|0603|2022-05-31 16:05:57
474371|0000000645599956              |20220520|070018|015|681|1|30300042|130010009|130759104|1|20220520|065247|8001415|20220520|071340|8001359|1|0|0|      |20220520|20220520|0603|2022-05-31 16:05:57
474373|0000000760708625              |20220520|134322|022|674|1|30300002|130010007|130759338|1|20220520|124300|8001096|20220520|141841|8002254|1|0|0|      |20220520|20220520|0603|2022-05-31 16:05:57
474375|0000000632710103              |20220520|133442|016|676|1|30300037|130010006|130759023|1|20220520|131114|8002635|20220520|141524|8005518|1|0|0|      |20220520|20220520|0603|2022-05-31 16:05:57
474377|0000000911122099              |20220520|143016|014|676|1|30300038|130010014|130753202|1|20220520|134938|8001527|20220520|151102|8001056|1|0|0|      |20220520|20220520|0603|2022-05-31 16:05:57
474379|0000000724913862              |20220520|150716|021|674|1|30300002|130010007|130759314|1|20220520|145853|8002980|20220520|152450|8001418|1|0|0|      |20220520|20220520|0603|2022-05-31 16:05:57
474381|0000000650110958              |20220520|082855|026|676|1|30300072|130010001|130759724|1|20220520|074542|8002608|20220520|085446|8002452|1|0|0|      |20220520|20220520|0603|2022-05-31 16:05:57
474383|0000000725843737              |20220520|085401|026|676|1|30300088|130010006|130752016|1|20220520|084521|8002352|20220520|094347|8002901|1|0|0|      |20220520|20220520|0603|2022-05-31 16:05:57
474385|0000000903812413              |20220520|092445|008|676|1|30300037|130010006|130752007|1|20220520|091453|8005881|20220520|101150|8002721|1|0|0|      |20220520|20220520|0603|2022-05-31 16:05:57
474387|0000000761743845              |20220520|174126|029|675|1|30300067|130010001|130759777|1|20220520|165350|8001529|20220520|182417|8002557|1|0|0|      |20220520|20220520|0603|2022-05-31 16:05:57
466609|0000000719758900              |20220520|193817|013|675|0|30300056|130010012|130753325|1|20220520|165018|8001168|20220520|195234|9001641|1|1250|0|      |20220520|20220520|0603|2022-05-31 16:05:57
466611|0000000724270740              |20220520|120048|001|674|0|30300100|130010002|130752365|1|20220520|114654|8001081|20220520|122456|8002629|1|1250|0|      |20220520|20220520|0603|2022-05-31 16:05:57
467018|0000000647170728              |20220520|190405|013|676|0|30300089|130010011|130759526|1|20220520|131040|8007549|20220520|192443|8002702|1|1250|0|      |20220520|20220520|0603|2022-05-31 16:05:57
467020|0000000911259522              |20220520|125738|001|675|0|30300067|130010001|130759731|1|20220520|103827|8002437|20220520|125904|8001414|1|1250|0|      |20220520|20220520|0603|2022-05-31 16:05:57
467022|0000000760675709              |20220520|132748|003|676|0|30300051|130010008|130752132|1|20220520|122955|8002437|20220520|132845|8002995|1|1250|0|      |20220520|20220520|0603|2022-05-31 16:05:57
467024|0000000766506206              |20220520|213404|014|674|0|30300002|130010007|130759332|1|20220520|211503|8002437|20220520|213600|8001418|1|1250|0|      |20220520|20220520|0603|2022-05-31 16:05:57
467026|0000000903798330              |20220520|213458|027|675|0|30300064|130010015|130759638|1|20220520|211020|8002437|20220520|215752|8005877|1|1250|0|      |20220520|20220520|0603|2022-05-31 16:05:57
467028|0000000645130334              |20220520|194753|001|676|0|30300086|130010013|130759829|1|20220520|181053|8002437|20220520|200028|8001097|1|1250|0|      |20220520|20220520|0603|2022-05-31 16:05:57
467030|0000000645629728              |20220520|195809|001|676|0|30300089|130010011|130759529|1|20220520|140154|8007549|20220520|200454|8001989|1|1250|0|      |20220520|20220520|0603|2022-05-31 16:05:57
467032|0000000910554651              |20220520|103554|001|675|0|30300067|130010001|130759742|1|20220520|074937|8002437|20220520|103817|8002635|1|1250|0|      |20220520|20220520|0603|2022-05-31 16:05:57
467034|0000000757946091              |20220520|111331|008|674|0|30300002|130010007|130759313|1|20220520|105055|8002437|20220520|115357|8002134|1|1250|0|      |20220520|20220520|0603|2022-05-31 16:05:57
467036|0000000713536488              |20220520|113021|001|676|0|30300089|130010011|130759574|1|20220520|102312|8007549|20220520|121042|8007268|1|1250|0|      |20220520|20220520|0603|2022-05-31 16:05:57
467038|0000000742664753              |20220520|153608|007|676|0|30300070|130010004|130752210|1|20220520|143722|8002437|20220520|155132|8002308|1|1250|0|      |20220520|20220520|0603|2022-05-31 16:05:57
467040|0000000752027068              |20220520|153111|005|675|0|30300062|130010008|130752137|1|20220520|150803|8001938|20220520|155621|8001923|1|1250|0|      |20220520|20220520|0603|2022-05-31 16:05:57
467042|0000000905650649              |20220520|155448|001|676|0|30300089|130010011|130759536|1|20220520|143238|8007549|20220520|161616|8001629|1|1250|0|      |20220520|20220520|0603|2022-05-31 16:05:57
467044|0000000747485081              |20220520|160710|001|675|0|30300094|130010014|130753610|1|20220520|144114|8007549|20220520|162727|8002935|1|1250|0|      |20220520|20220520|0603|2022-05-31 16:05:57
467451|0000000730220778              |20220520|161501|008|675|1|30300064|130010015|130759625|1|20220520|153120|8001404|20220520|162017|8001626|1|0|0|      |20220520|20220520|0603|2022-05-31 16:05:57
467453|0000000738513703              |20220520|161717|004|676|1|30300036|130010012|130753372|1|20220520|053814|8002721|20220520|165259|8002733|1|0|0|      |20220520|20220520|0603|2022-05-31 16:05:57
467455|0000000752164266              |20220520|070429|031|675|1|30300050|130010007|130759372|1|20220520|063243|8002412|20220520|074016|8002765|1|0|0|      |20220520|20220520|0603|2022-05-31 16:05:57
467457|0000000623052811              |20220520|065055|013|680|1|30300118|130010011|130759524|1|20220520|044906|8002134|20220520|073354|8001809|1|0|0|      |20220520|20220520|0603|2022-05-31 16:05:57
467459|0000000779163185              |20220520|142505|005|676|1|30300037|130010006|130752039|1|20220520|135612|8006001|20220520|145207|8002316|1|0|0|      |20220520|20220520|0603|2022-05-31 16:05:57
467461|0000000743043186              |20220520|144550|016|680|1|30300052|130010006|130752051|1|20220520|112818|8001927|20220520|150540|8001993|1|0|0|      |20220520|20220520|0603|2022-05-31 16:05:57
467463|0000000745887981              |20220520|080940|027|675|1|30300055|130010014|130753260|1|20220520|071517|8002631|20220520|082220|8002734|1|0|0|      |20220520|20220520|0603|2022-05-31 16:05:57
467465|0000000733388040              |20220520|091106|009|676|1|30300051|130010008|130752100|1|20220520|082650|8002545|20220520|093023|8001217|1|0|0|      |20220520|20220520|0603|2022-05-31 16:05:57
467467|0000000725344268              |20220520|095356|027|680|1|30300026|130010014|130753604|1|20220520|092631|8002823|20220520|100351|8001804|1|0|0|      |20220520|20220520|0603|2022-05-31 16:05:57
467469|0000000725413235              |20220520|181904|021|675|1|30300082|130010001|130759776|1|20220520|172355|8002829|20220520|183834|8001790|1|0|0|      |20220520|20220520|0603|2022-05-31 16:05:57
467471|0000000904327362              |20220520|182325|026|675|1|30300055|130010014|130753205|1|20220520|155919|8002627|20220520|184605|8002894|1|0|0|      |20220520|20220520|0603|2022-05-31 16:05:57
467473|0000000737112294              |20220520|184044|013|676|1|30300054|130010007|130759354|1|20220520|181103|8002539|20220520|190120|8001078|1|0|0|      |20220520|20220520|0603|2022-05-31 16:05:57
467475|0000000726370732              |20220520|184206|024|675|1|30300049|130010004|130752287|1|20220520|141934|8001356|20220520|190455|8001259|1|0|0|      |20220520|20220520|0603|2022-05-31 16:05:57
467882|0000000685142368              |20220520|062413|014|676|0|30300054|130010007|130759357|1|20220520|060429|8001084|20220520|063608|8002814|1|1250|0|      |20220520|20220520|0603|2022-05-31 16:05:57
467884|0000000788562168              |20220520|073519|013|675|0|30300053|130010002|130752376|1|20220520|071531|8001785|20220520|074331|8002547|1|1250|0|      |20220520|20220520|0603|2022-05-31 16:05:57
467886|0000000400128052              |20220520|073043|030|675|0|30300050|130010007|130759302|1|20220520|065644|8001590|20220520|075022|8003047|1|1250|0|      |20220520|20220520|0603|2022-05-31 16:05:57
467888|0000000400139733              |20220520|072053|023|678|0|30300074|130010014|130753613|1|20220520|064840|8002824|20220520|073959|8002622|1|1250|0|      |20220520|20220520|0603|2022-05-31 16:05:57
467890|0000000789408202              |20220520|062800|008|675|0|30300060|130010014|130753223|1|20220520|061605|8005934|20220520|071930|8001005|1|1250|0|      |20220520|20220520|0603|2022-05-31 16:05:57
467892|0000000796700895              |20220520|072818|026|675|1|30300060|130010014|130753230|1|20220520|063901|8002453|20220520|075153|8001399|1|0|0|      |20220520|20220520|0603|2022-05-31 16:05:57
467894|0000000698629881              |20220520|133352|015|676|1|30300051|130010008|130752134|1|20220520|124617|8001934|20220520|140611|8007010|1|0|0|      |20220520|20220520|0603|2022-05-31 16:05:57
467896|0000000400191593              |20220520|134313|018|676|0|30300071|130010009|130759180|1|20220520|125111|8002744|20220520|140719|8002279|1|1250|0|      |20220520|20220520|0603|2022-05-31 16:05:57
457663|0000000746216085              |20220520|090536|008|676|1|30300040|130010013|130759813|1|20220520|070117|8002075|20220520|091953|8002954|1|0|0|      |20220520|20220520|0603|2022-05-31 16:05:57
457665|0000000741465333              |20220520|091922|025|676|1|30300090|130010005|130759266|1|20220520|085205|8002075|20220520|093055|8002954|1|0|0|      |20220520|20220520|0603|2022-05-31 16:05:57
457667|0000000734368082              |20220520|170641|012|676|0|30300072|130010001|130759483|4|20220520|170046|8001589|20220520|171410|8001063|1|750|0|      |20220520|20220520|0603|2022-05-31 16:05:57
457669|0000000766832068              |20220520|121933|006|676|0|30300037|130010006|130752039|1|20220520|111945|8002961|20220520|122009|8002411|1|1250|0|      |20220520|20220520|0603|2022-05-31 16:05:57
457671|0000000768708604              |20220520|131045|002|676|0|30300041|130010012|130753303|1|20220520|103304|8002961|20220520|131120|8002411|1|1250|0|      |20220520|20220520|0603|2022-05-31 16:05:57
457673|0000000631824253              |20220520|132701|002|676|0|30300041|130010012|130753321|1|20220520|123011|8002650|20220520|133552|8001097|1|1250|0|      |20220520|20220520|0603|2022-05-31 16:05:57
457675|0000000918448450              |20220520|193531|002|675|0|30300047|130010001|130759718|1|20220520|180350|8002961|20220520|193634|8002411|1|1250|0|      |20220520|20220520|0603|2022-05-31 16:05:57
457677|0000000903693335              |20220520|204348|018|675|0|30300065|130010004|130752258|1|20220520|055354|8002155|20220520|204954|8002572|1|1250|0|      |20220520|20220520|0603|2022-05-31 16:05:57
457679|0000000773888428              |20220520|094452|009|675|0|30300047|130010001|130759415|1|20220520|093446|8001827|20220520|100903|8070012|1|1250|0|      |20220520|20220520|0603|2022-05-31 16:05:57
458086|0000000694098514              |20220520|071047|010|675|0|30300083|130010001|130759775|1|20220520|065617|8002307|20220520|071206|8002289|1|1250|0|      |20220520|20220520|0603|2022-05-31 16:05:57
458088|0000000785895166              |20220520|065929|015|675|0|30300056|130010012|130753315|4|20220520|062905|8002831|20220520|072655|8007481|1|750|0|      |20220520|20220520|0603|2022-05-31 16:05:57
458090|0000000788604321              |20220520|075703|016|675|0|30300101|130010002|130752396|1|20220520|060021|8001947|20220520|082142|8002352|1|1250|0|      |20220520|20220520|0603|2022-05-31 16:05:57
458092|0000000697108449              |20220520|130142|029|675|0|30300076|130010014|130753233|1|20220520|124100|8002484|20220520|140048|8001368|1|1250|0|      |20220520|20220520|0603|2022-05-31 16:05:57
458094|0000000400146080              |20220520|135552|021|675|0|30300067|130010001|130759717|1|20220520|132928|8005874|20220520|142921|8002636|1|1250|0|      |20220520|20220520|0603|2022-05-31 16:05:57
458096|0000000400094788              |20220520|144207|031|675|1|30300076|130010014|130753510|1|20220520|141746|8002357|20220520|144747|8001527|1|0|0|      |20220520|20220520|0603|2022-05-31 16:05:57
458098|0000000400137304              |20220520|080710|010|675|0|30300060|130010014|130753523|1|20220520|073528|8002244|20220520|080914|8007275|1|1250|0|      |20220520|20220520|0603|2022-05-31 16:05:57
458100|0000000699309152              |20220520|080840|028|675|0|30300067|130010001|130759425|1|20220520|072428|8001412|20220520|085606|8001713|1|1250|0|      |20220520|20220520|0603|2022-05-31 16:05:57
458102|0000000400177929              |20220520|093430|021|675|0|30300101|130010002|130752304|1|20220520|091048|8002585|20220520|094432|8002542|1|1250|0|      |20220520|20220520|0603|2022-05-31 16:05:57
458104|0000000785695011              |20220520|171808|024|675|0|30300060|130010014|130753245|1|20220520|161530|8002851|20220520|172843|8007280|1|1250|0|      |20220520|20220520|0603|2022-05-31 16:05:57
458106|0000000698907530              |20220520|165311|028|675|0|30300060|130010014|130753504|1|20220520|145042|8005585|20220520|174520|8002088|1|1250|0|      |20220520|20220520|0603|2022-05-31 16:05:57
458108|0000000788130862              |20220520|172805|008|675|2|30300060|130010014|130753245|1|20220520|161530|8001005|20220520|174541|8001459|1|0|0|      |20220520|20220520|0603|2022-05-31 16:05:57
458110|0000000694537825              |20220520|172319|023|675|0|30300064|130010015|130759625|1|20220520|163538|8001832|20220520|172437|8001834|1|1250|0|      |20220520|20220520|0603|2022-05-31 16:05:57
458112|0000000796863097              |20220520|174241|030|675|0|30300060|130010014|130753230|1|20220520|172645|8001550|20220520|183555|8006006|1|1250|0|      |20220520|20220520|0603|2022-05-31 16:05:57
458519|0000000400130524              |20220520|123203|001|680|0|30300026|130010014|130753604|1|20220520|120643|8002480|20220520|124716|8001804|1|1250|0|      |20220520|20220520|0603|2022-05-31 16:05:57
458521|0000000789299105              |20220520|131042|014|677|0|30300098|130010011|130759579|4|20220520|120749|8005631|20220520|133527|8002320|1|750|0|      |20220520|20220520|0603|2022-05-31 16:05:57
458523|0000000485769191              |20220520|210259|004|680|0|30300009|130010002|130752349|1|20220520|195541|8003035|20220520|210936|8001027|4|2300|0|      |20220520|20220520|0603|2022-05-31 16:05:57
458525|0000000698854536              |20220520|055328|001|677|0|30300120|130010011|130759579|1|20220520|052422|8002889|20220520|060246|8002134|1|1250|0|      |20220520|20220520|0603|2022-05-31 16:05:57
459123|0000000625439544              |20220520|195933|021|673|0|30300001|130510004|130751005|1|20220520|055849|8005783|20220520|201333|8002412|1|1100|0|      |20220520|20220520|0603|2022-05-31 16:05:57
459125|0000000900699335              |20220520|210617|029|673|1|30300001|130510004|130751005|1|20220520|055849|8002411|20220520|212102|8005784|1|0|0|      |20220520|20220520|0603|2022-05-31 16:05:57
459127|0000000734101570              |20220520|102733|016|673|0|30300001|130510004|130751005|1|20220520|055849|8002537|20220520|104228|8001319|1|1100|0|      |20220520|20220520|0603|2022-05-31 16:05:57
459129|0000000732931917              |20220520|110124|030|673|1|30300001|130510004|130751005|1|20220520|055849|8002412|20220520|110547|8001192|1|0|0|      |20220520|20220520|0603|2022-05-31 16:05:57
459131|0000000743031977              |20220520|102912|026|673|0|30300001|130510004|130751005|1|20220520|055849|8007030|20220520|110019|8002412|1|1100|0|      |20220520|20220520|0603|2022-05-31 16:05:57
459133|0000000721799571              |20220520|120051|028|673|2|30300001|130510004|130751005|1|20220520|055849|8002410|20220520|120734|8002738|1|0|0|      |20220520|20220520|0603|2022-05-31 16:05:57
459135|0000000607495203              |20220520|151533|022|673|0|30300001|130510004|130751005|1|20220520|055849|8005758|20220520|152647|8001311|1|1100|0|      |20220520|20220520|0603|2022-05-31 16:05:57
459137|0000000612870701              |20220520|152305|021|673|0|30300001|130510004|130751005|1|20220520|055849|8002882|20220520|153156|8002208|1|1100|0|      |20220520|20220520|0603|2022-05-31 16:05:57
459139|0000000909121662              |20220520|145117|002|673|0|30300001|130510004|130751005|1|20220520|055849|8002941|20220520|151531|8005758|1|1100|0|      |20220520|20220520|0603|2022-05-31 16:05:57
459141|0000000710521560              |20220520|145906|002|673|0|30300001|130510004|130751005|1|20220520|055849|8002961|20220520|151408|8005782|1|1100|0|      |20220520|20220520|0603|2022-05-31 16:05:57
