SERIAL_NO|CARD_NO|GETON_YMD|GETON_TM|TRANSACTION_ID|TR_MEANS_TYPE|TRANSF_CNT|BUS_ROUTE_ID|BUS_CO_ID|BUS_CAR_ID|USR_TYPE|DRVN_START_YMD|DRVN_START_TM|GETON_BUS_STTN_ID|GETOFF_YMD|GETOFF_TM|GETOFF_BUS_STTN_ID|YSR_CNT|GETON_PAY|GETOFF_PAY|DRVR_ID|GETON_CALC_YMD|GETOFF_CALC_YMD|ETL_TYPE|ETL_DATE
492523|0000000545466987              |20220523|185109|014|832|1|30300128|130710001|130759920|1|20220523|070404|8007290|20220523|191146|8001420|1|450|0|      |20220523|20220523|0603|2022-06-03 07:03:37
492525|0000000541991281              |20220523|072657|030|673|0|30300003|130510004|130751003|4|20220523|052829|8007230|20220523|073845|8001703|1|650|0|      |20220523|20220523|0603|2022-06-03 07:03:37
492527|0000000544013656              |20220523|072702|024|673|0|30300004|130510004|130751100|4|20220523|054435|8001794|20220523|073732|8002539|1|650|0|      |20220523|20220523|0603|2022-06-03 07:03:37
492529|0000000317323442              |20220523|093438|026|832|0|30300128|130710001|130759914|1|20220523|060217|3056002|20220523|094946|8007296|1|1700|0|      |20220523|20220523|0603|2022-06-03 07:03:37
438385|0000000678232535              |20220523|073012|028|832|0|30300128|130710001|130759930|1|20220523|063409|8007291|20220523|080843|8007055|1|1700|300|      |20220523|20220523|0603|2022-06-03 07:03:18
438387|0000000776474267              |20220523|121657|002|832|0|30300128|130710001|130759930|1|20220523|063409|8007057|20220523|130132|8007268|1|1700|300|      |20220523|20220523|0603|2022-06-03 07:03:18
438389|0000000777629873              |20220523|122039|014|832|0|30300128|130710001|130759930|1|20220523|063409|8007401|20220523|125841|8001420|1|1700|300|      |20220523|20220523|0603|2022-06-03 07:03:18
438391|0000000757610067              |20220523|122255|013|832|0|30300128|130710001|130759930|1|20220523|063409|8007296|20220523|125845|8001420|1|1700|300|      |20220523|20220523|0603|2022-06-03 07:03:18
438393|0000000715428015              |20220523|120648|027|832|0|30300128|130710001|130759930|1|20220523|063409|8007493|20220523|130136|8007268|1|1700|300|      |20220523|20220523|0603|2022-06-03 07:03:18
438395|0000000732176534              |20220523|121042|029|832|0|30300128|130710001|130759930|1|20220523|063409|8007080|20220523|125836|8001420|1|1700|300|      |20220523|20220523|0603|2022-06-03 07:03:18
438397|0000000768310474              |20220523|121324|001|832|0|30300128|130710001|130759930|1|20220523|063409|3062004|20220523|125852|8001420|1|1700|300|      |20220523|20220523|0603|2022-06-03 07:03:18
438399|0000000723169038              |20220523|142529|006|832|0|30300128|130710001|130759930|1|20220523|063409|8007412|20220523|150016|8007295|1|1700|300|      |20220523|20220523|0603|2022-06-03 07:03:18
438401|0000000725522402              |20220523|142533|009|832|1|30300128|130710001|130759930|1|20220523|063409|8007412|20220523|150143|8007297|1|450|300|      |20220523|20220523|0603|2022-06-03 07:03:18
438430|0000000912311329              |20220523|160824|006|832|1|30300128|130710001|130759930|1|20220523|063409|8007080|20220523|163808|8007290|1|300|300|      |20220523|20220523|0603|2022-06-03 07:03:18
438432|0000000668531508              |20220523|160309|005|832|0|30300128|130710001|130759930|1|20220523|063409|3014017|20220523|170102|8001420|1|1700|300|      |20220523|20220523|0603|2022-06-03 07:03:18
438434|0000000778128227              |20220523|160825|019|832|0|30300128|130710001|130759930|1|20220523|063409|8007080|20220523|164828|8007280|1|1700|300|      |20220523|20220523|0603|2022-06-03 07:03:18
438436|0000000701325314              |20220523|160929|010|832|1|30300128|130710001|130759930|1|20220523|063409|3062007|20220523|164833|8007280|1|300|300|      |20220523|20220523|0603|2022-06-03 07:03:18
438438|0000000749383780              |20220523|161304|007|832|0|30300128|130710001|130759930|1|20220523|063409|3053004|20220523|170019|8001420|1|1700|300|      |20220523|20220523|0603|2022-06-03 07:03:18
438440|0000000904405030              |20220523|161431|012|832|0|30300128|130710001|130759930|1|20220523|063409|8007057|20220523|164853|8007280|1|1700|300|      |20220523|20220523|0603|2022-06-03 07:03:18
438442|0000000725765100              |20220523|161437|021|832|1|30300128|130710001|130759930|1|20220523|063409|8007057|20220523|165357|8007274|1|300|300|      |20220523|20220523|0603|2022-06-03 07:03:18
438444|0000000727028227              |20220523|161849|031|832|0|30300128|130710001|130759930|1|20220523|063409|8007298|20220523|165900|8001420|1|1700|300|      |20220523|20220523|0603|2022-06-03 07:03:18
438446|0000000904242100              |20220523|162200|005|832|0|30300128|130710001|130759930|1|20220523|063409|8007294|20220523|164838|8007280|1|1700|300|      |20220523|20220523|0603|2022-06-03 07:03:18
438448|0000000746119675              |20220523|162704|010|832|0|30300128|130710001|130759930|1|20220523|063409|8007292|20220523|170106|8001420|1|1700|300|      |20220523|20220523|0603|2022-06-03 07:03:18
438483|0000000710840097              |20220523|220410|010|832|0|30300128|130710001|130759930|1|20220523|063409|3053005|20220523|222712|8007055|1|1700|300|      |20220523|20220523|0603|2022-06-03 07:03:18
438485|0000000728545185              |20220523|221029|017|832|0|30300128|130710001|130759930|1|20220523|063409|3056003|20220523|222831|8007055|1|1700|300|      |20220523|20220523|0603|2022-06-03 07:03:18
438487|0000000605435345              |20220523|103244|013|832|0|30300128|130710001|130759930|1|20220523|063409|8007271|20220523|110802|8007052|1|1700|300|      |20220523|20220523|0603|2022-06-03 07:03:18
438489|0000000761686584              |20220523|102648|013|832|0|30300128|130710001|130759930|1|20220523|063409|8007412|20220523|110946|3053005|1|1700|300|      |20220523|20220523|0603|2022-06-03 07:03:18
438491|0000000635659162              |20220523|102757|011|832|0|30300128|130710001|130759930|1|20220523|063409|8007269|20220523|105852|8007291|1|1700|300|      |20220523|20220523|0603|2022-06-03 07:03:18
438493|0000000721354253              |20220523|114640|025|832|0|30300128|130710001|130759930|1|20220523|063409|9007055|20220523|121156|3062007|1|1700|300|      |20220523|20220523|0603|2022-06-03 07:03:18
438495|0000000903494310              |20220523|184006|006|675|0|30300057|130010001|130759757|1|20220523|183124|8001846|20220523|192026|8002823|1|1250|0|      |20220523|20220523|0603|2022-06-03 07:03:18
438497|0000000743502684              |20220523|061432|023|675|0|30300084|130010001|130759760|1|20220523|054110|8001994|20220523|061756|8001442|1|1250|0|      |20220523|20220523|0603|2022-06-03 07:03:18
438499|0000000656504653              |20220523|055243|031|675|0|30300096|130010006|130752020|1|20220523|051205|8001232|20220523|055606|8001923|1|1250|0|      |20220523|20220523|0603|2022-06-03 07:03:18
438501|0000000773505936              |20220523|074522|002|681|0|30300042|130010009|130759104|1|20220523|070857|8002757|20220523|080034|8002642|1|1250|0|      |20220523|20220523|0603|2022-06-03 07:03:18
438503|0000000918015844              |20220523|065432|016|676|0|30300090|130010005|130759207|1|20220523|055956|8001721|20220523|071837|8005865|1|1250|0|      |20220523|20220523|0603|2022-06-03 07:03:18
438505|0000000719923457              |20220523|070415|004|676|0|30300086|130010013|130759801|1|20220523|064223|8001475|20220523|071745|8002093|1|1250|0|      |20220523|20220523|0603|2022-06-03 07:03:18
438507|0000000677878647              |20220523|145249|024|676|0|30300090|130010005|130759216|1|20220523|135653|8005960|20220523|150105|8002465|1|1250|0|      |20220523|20220523|0603|2022-06-03 07:03:18
438509|0000000725786014              |20220523|212048|010|676|0|30300090|130010005|130759201|1|20220523|195523|8002411|20220523|212746|8007554|1|1250|0|      |20220523|20220523|0603|2022-06-03 07:03:18
438538|0000000746670285              |20220523|094824|002|676|0|30300090|130010005|130759225|1|20220523|060313|8001430|20220523|100032|8002100|1|1250|0|      |20220523|20220523|0603|2022-06-03 07:03:18
438540|0000000904781976              |20220523|182511|008|676|0|30300090|130010005|130759219|1|20220523|160857|8001074|20220523|185610|8002465|1|1250|0|      |20220523|20220523|0603|2022-06-03 07:03:18
438542|0000000719971090              |20220523|185150|002|675|0|30300108|130010007|130759356|1|20220523|181436|8002054|20220523|185818|8002348|1|1250|0|      |20220523|20220523|0603|2022-06-03 07:03:18
438544|0000000626653756              |20220523|070216|006|675|0|30300127|130010004|130752244|1|20220523|064310|8007397|20220523|070848|8002352|1|1250|0|      |20220523|20220523|0603|2022-06-03 07:03:18
427683|0000000764405897              |20220523|110823|025|676|1|30300070|130010004|130752228|1|20220523|100108|8002155|20220523|111758|8002308|1|0|0|      |20220523|20220523|0603|2022-06-03 07:03:18
427685|0000000752980504              |20220523|080427|006|676|1|30300089|130010011|130759519|1|20220523|072855|8001631|20220523|081315|8005506|1|0|0|      |20220523|20220523|0603|2022-06-03 07:03:18
427687|0000000637516248              |20220523|084025|023|676|1|30300086|130010013|130759827|1|20220523|061137|8001631|20220523|085609|8005953|1|0|0|      |20220523|20220523|0603|2022-06-03 07:03:18
427689|0000000906530791              |20220523|082954|010|676|1|30300071|130010009|130759150|1|20220523|063413|8001380|20220523|085618|8002886|1|0|0|      |20220523|20220523|0603|2022-06-03 07:03:18
427691|0000000714777897              |20220523|094903|016|676|1|30300037|130010006|130759021|1|20220523|085930|8001590|20220523|102853|8001097|1|0|0|      |20220523|20220523|0603|2022-06-03 07:03:18
427693|0000000612641661              |20220523|071106|026|675|1|30300081|130010011|130759508|1|20220523|052410|8001378|20220523|074620|8001986|1|0|0|      |20220523|20220523|0603|2022-06-03 07:03:18
427695|0000000769417323              |20220523|134806|008|675|1|30300081|130010011|130759508|1|20220523|132032|8001378|20220523|135916|8002235|1|0|0|      |20220523|20220523|0603|2022-06-03 07:03:18
427697|0000000905133636              |20220523|202526|001|675|1|30300055|130010014|130753221|1|20220523|194253|8002155|20220523|202754|8002344|1|0|0|      |20220523|20220523|0603|2022-06-03 07:03:18
428104|0000000762437605              |20220523|115230|003|675|1|30300082|130010001|130759485|1|20220523|105943|8002696|20220523|115409|8001791|1|0|0|      |20220523|20220523|0603|2022-06-03 07:03:18
428106|0000000617938877              |20220523|084453|030|676|1|30300051|130010008|130752142|1|20220523|080737|8002544|20220523|085803|8001934|1|0|0|      |20220523|20220523|0603|2022-06-03 07:03:18
428108|0000000677344531              |20220523|185635|006|676|1|30300051|130010008|130752101|1|20220523|181820|8002544|20220523|190920|8001927|1|0|0|      |20220523|20220523|0603|2022-06-03 07:03:18
428110|0000000754385807              |20220523|081937|006|676|1|30300087|130010015|130759614|1|20220523|065735|8002566|20220523|082051|8002019|1|0|0|      |20220523|20220523|0603|2022-06-03 07:03:18
428112|0000000613267725              |20220523|145549|019|675|1|30300049|130010004|130752206|1|20220523|134531|8002407|20220523|150226|8005902|1|0|0|      |20220523|20220523|0603|2022-06-03 07:03:18
428114|0000000903817900              |20220523|172928|018|676|1|30300087|130010015|130759641|1|20220523|171908|8002840|20220523|175928|8002100|1|0|0|      |20220523|20220523|0603|2022-06-03 07:03:18
428116|0000000700788292              |20220523|115735|001|676|1|30300070|130010004|130752604|1|20220523|115012|8007178|20220523|122355|8001869|1|0|0|      |20220523|20220523|0603|2022-06-03 07:03:18
428118|0000000762121715              |20220523|213913|023|676|1|30300070|130010004|130752208|1|20220523|204034|8002286|20220523|214239|8001379|1|0|0|      |20220523|20220523|0603|2022-06-03 07:03:18
428120|0000000668727504              |20220523|102110|006|675|2|30300049|130010004|130752212|1|20220523|081922|8001387|20220523|103343|8001929|1|0|0|      |20220523|20220523|0603|2022-06-03 07:03:18
428122|0000000766812717              |20220523|102450|001|676|1|30300070|130010004|130752606|1|20220523|100100|8002825|20220523|103159|8002307|1|0|0|      |20220523|20220523|0603|2022-06-03 07:03:18
428124|0000000742248565              |20220523|113411|027|676|1|30300087|130010008|130752123|1|20220523|105857|8002460|20220523|113803|8002100|1|0|0|      |20220523|20220523|0603|2022-06-03 07:03:18
428126|0000000769827324              |20220523|094313|002|676|1|30300070|130010004|130752605|1|20220523|082111|8002297|20220523|094633|8007062|1|0|0|      |20220523|20220523|0603|2022-06-03 07:03:18
428128|0000000734959157              |20220523|182649|014|676|2|30300070|130010004|130752603|1|20220523|164312|8007177|20220523|182712|8002184|1|0|0|      |20220523|20220523|0603|2022-06-03 07:03:18
428544|0000000618972554              |20220523|191020|008|675|2|30300075|130010005|130759222|1|20220523|151512|8001421|~       |      |~      |1|0|0|      |20220523|~       |0603|2022-06-03 07:03:18
428546|0000000903496323              |20220523|190341|017|676|0|30300070|130010004|130752235|1|20220523|175223|8001421|~       |      |~      |1|1250|0|      |20220523|~       |0603|2022-06-03 07:03:18
428548|0000000759945076              |20220523|192105|018|675|0|30300145|130010014|130753528|1|20220523|190711|8002410|~       |      |~      |1|1250|0|      |20220523|~       |0603|2022-06-03 07:03:18
428550|0000000736931251              |20220523|194825|015|675|1|30300045|130010006|130752043|1|20220523|190351|8002410|~       |      |~      |1|0|0|      |20220523|~       |0603|2022-06-03 07:03:18
428552|0000000725149435              |20220523|075438|019|675|0|30300053|130010002|130752398|1|20220523|074334|8002757|~       |      |~      |1|1250|0|      |20220523|~       |0603|2022-06-03 07:03:18
428554|0000000742567538              |20220523|081706|022|676|0|30300071|130010009|130759135|1|20220523|062340|8002757|~       |      |~      |1|1250|0|      |20220523|~       |0603|2022-06-03 07:03:18
428556|0000000905455520              |20220523|140329|013|676|0|30300089|130010011|130759522|1|20220523|132507|8001556|~       |      |~      |1|1250|0|      |20220523|~       |0603|2022-06-03 07:03:18
428558|0000000669998020              |20220523|212458|022|674|1|30300002|130010007|130759310|1|20220523|202556|8005994|~       |      |~      |1|0|0|      |20220523|~       |0603|2022-06-03 07:03:18
428560|0000000903856364              |20220523|162555|003|674|2|30300002|130010007|130759329|1|20220523|151821|8005994|~       |      |~      |1|0|0|      |20220523|~       |0603|2022-06-03 07:03:18
428562|0000000749309840              |20220523|174156|022|675|0|30300062|130010008|130752721|1|20220523|171338|8002757|~       |      |~      |1|1250|0|      |20220523|~       |0603|2022-06-03 07:03:18
428564|0000000765006078              |20220523|180900|030|676|0|30300054|130010007|130759346|1|20220523|170922|8001556|~       |      |~      |1|1250|0|      |20220523|~       |0603|2022-06-03 07:03:18
428566|0000000613107082              |20220523|124357|026|676|0|30300093|130010004|130752223|1|20220523|122553|8001556|~       |      |~      |1|1250|0|      |20220523|~       |0603|2022-06-03 07:03:18
428568|0000000737090509              |20220523|214531|016|674|0|30300002|130010007|130759311|1|20220523|204157|8005994|~       |      |~      |1|1250|0|      |20220523|~       |0603|2022-06-03 07:03:18
428570|0000000910435178              |20220523|102112|011|676|0|30300088|130010002|130752361|1|20220523|094011|8001556|~       |      |~      |1|1250|0|      |20220523|~       |0603|2022-06-03 07:03:18
428572|0000000607602425              |20220523|104445|029|681|2|30300042|130010009|130759104|1|20220523|100557|8002757|~       |      |~      |1|0|0|      |20220523|~       |0603|2022-06-03 07:03:18
429030|0000000771604646              |20220523|212838|021|675|1|30300055|130010014|130753205|1|20220523|211903|8002464|~       |      |~      |1|0|0|      |20220523|~       |0603|2022-06-03 07:03:18
419896|0000000719873674              |20220523|074354|008|675|0|30300055|130010014|130753266|1|20220523|073010|8002764|20220523|080101|8001927|1|1250|0|      |20220523|20220523|0603|2022-06-03 07:03:18
419898|0000000753728483              |20220523|075215|007|675|0|30300055|130010014|130753204|1|20220523|074325|8001827|20220523|082701|8002887|1|1250|0|      |20220523|20220523|0603|2022-06-03 07:03:18
419900|0000000741547539              |20220523|081543|012|675|0|30300055|130010014|130753250|1|20220523|074503|8002893|20220523|084242|8002888|1|1250|0|      |20220523|20220523|0603|2022-06-03 07:03:18
419902|0000000659809320              |20220523|085239|021|675|0|30300055|130010014|130753263|1|20220523|083356|8001667|20220523|090031|8001927|1|1250|0|      |20220523|20220523|0603|2022-06-03 07:03:18
419904|0000000905569335              |20220523|084616|026|675|0|30300055|130010014|130753263|1|20220523|083356|8001353|20220523|084725|8002927|1|1250|0|      |20220523|20220523|0603|2022-06-03 07:03:18
419906|0000000742073526              |20220523|090054|002|675|0|30300055|130010014|130753264|1|20220523|083916|8001667|20220523|093851|8001402|1|1250|0|      |20220523|20220523|0603|2022-06-03 07:03:18
419908|0000000773648541              |20220523|092055|008|675|0|30300055|130010014|130753221|1|20220523|064433|8002894|20220523|093727|8002465|1|1250|0|      |20220523|20220523|0603|2022-06-03 07:03:18
419910|0000000747578926              |20220523|181241|012|674|0|30300002|130010007|130759321|1|20220523|174856|8003020|20220523|191624|8002743|1|1250|0|      |20220523|20220523|0603|2022-06-03 07:03:18
419912|0000000745979298              |20220523|183508|005|675|0|30300055|130010014|130753208|1|20220523|175702|8001033|20220523|185955|8002631|1|1250|0|      |20220523|20220523|0603|2022-06-03 07:03:18
419914|0000000900482705              |20220523|193751|003|675|0|30300055|130010014|130753266|1|20220523|183325|8001499|20220523|195609|8002259|1|1250|0|      |20220523|20220523|0603|2022-06-03 07:03:18
419916|0000000745438860              |20220523|054811|030|674|0|30300002|130010007|130759332|1|20220523|054112|8001963|20220523|061626|8001536|1|1250|0|      |20220523|20220523|0603|2022-06-03 07:03:18
419918|0000000775919375              |20220523|064632|004|675|0|30300053|130010002|130752398|1|20220523|064107|8002948|20220523|065120|8002351|1|1250|0|      |20220523|20220523|0603|2022-06-03 07:03:18
419920|0000000647315934              |20220523|064255|008|675|0|30300053|130010002|130752394|1|20220523|060612|8001276|20220523|065532|8001526|1|1250|0|      |20220523|20220523|0603|2022-06-03 07:03:18
420327|0000000755445433              |20220523|220530|009|676|0|30300054|130010007|130759346|1|20220523|210425|8001102|20220523|221258|8001568|1|1250|0|      |20220523|20220523|0603|2022-06-03 07:03:18
420329|0000000725163838              |20220523|220303|009|676|0|30300054|130010007|130759355|1|20220523|211957|8002452|20220523|221033|8001368|1|1250|0|      |20220523|20220523|0603|2022-06-03 07:03:18
420331|0000000662232494              |20220523|220043|023|675|0|30300067|130010001|130759777|1|20220523|213029|8001252|20220523|221439|8002356|1|1250|0|      |20220523|20220523|0603|2022-06-03 07:03:18
420333|0000000716564187              |20220523|222115|015|675|0|30300080|130010009|130759182|1|20220523|175148|8001460|20220523|223356|8001876|1|1250|0|      |20220523|20220523|0603|2022-06-03 07:03:18
420335|0000000767045992              |20220523|103624|015|676|0|30300054|130010007|130759382|1|20220523|102146|8002977|20220523|105038|8001089|1|1250|0|      |20220523|20220523|0603|2022-06-03 07:03:18
420337|0000000911312838              |20220523|110426|029|675|0|30300080|130010009|130759103|1|20220523|104738|8001097|20220523|112424|8002912|1|1250|0|      |20220523|20220523|0603|2022-06-03 07:03:18
420339|0000000759127788              |20220523|113022|014|676|0|30300037|130010006|130752024|1|20220523|110217|8001443|20220523|113615|8001534|1|1250|0|      |20220523|20220523|0603|2022-06-03 07:03:18
420341|0000000711453098              |20220523|120340|021|675|0|30300067|130010001|130759717|1|20220523|115733|8002952|20220523|122509|8002763|1|1250|0|      |20220523|20220523|0603|2022-06-03 07:03:18
420343|0000000777383188              |20220523|121247|009|676|0|30300054|130010007|130759381|1|20220523|120152|8002050|20220523|124633|8001568|1|1250|0|      |20220523|20220523|0603|2022-06-03 07:03:18
420345|0000000728772724              |20220523|080712|025|676|0|30300037|130010006|130752014|1|20220523|072630|8002075|20220523|084318|8002142|1|1250|0|      |20220523|20220523|0603|2022-06-03 07:03:18
420347|0000000661595203              |20220523|080420|002|675|0|30300080|130010009|130759108|1|20220523|072445|8001985|20220523|083314|8001099|1|1250|0|      |20220523|20220523|0603|2022-06-03 07:03:18
420349|0000000774502769              |20220523|082705|028|676|0|30300037|130010006|130752011|1|20220523|051948|8002403|20220523|083854|8002922|1|1250|0|      |20220523|20220523|0603|2022-06-03 07:03:18
420351|0000000907879160              |20220523|090129|007|674|0|30300104|130010002|130752346|1|20220523|084823|8002382|20220523|092209|8001914|1|1250|0|      |20220523|20220523|0603|2022-06-03 07:03:18
420353|0000000469857183              |20220523|085632|014|676|0|30300054|130010007|130759352|1|20220523|083518|8001084|20220523|091100|8001089|1|1250|0|      |20220523|20220523|0603|2022-06-03 07:03:18
420760|0000000904687469              |20220523|173956|010|676|0|30300086|130010013|130759801|1|20220523|173426|8005898|20220523|180111|8001633|1|1250|0|      |20220523|20220523|0603|2022-06-03 07:03:18
420762|0000000469857176              |20220523|175403|015|675|0|30300066|130010015|130759605|1|20220523|174914|8001280|20220523|175640|8001827|1|1250|0|      |20220523|20220523|0603|2022-06-03 07:03:18
420764|0000000634035511              |20220523|180957|027|675|0|30300061|130010015|130759617|1|20220523|170124|8002723|20220523|183037|8007268|1|1250|0|      |20220523|20220523|0603|2022-06-03 07:03:18
420766|0000000770558984              |20220523|210955|001|675|0|30300066|130010015|130759620|1|20220523|205955|8001253|20220523|214454|8001539|1|1250|0|      |20220523|20220523|0603|2022-06-03 07:03:18
420768|0000000640022161              |20220523|220614|027|675|0|30300066|130010015|130759687|1|20220523|212543|8005646|20220523|221316|8001855|1|1250|0|      |20220523|20220523|0603|2022-06-03 07:03:18
420770|0000000741416756              |20220523|102334|004|675|0|30300061|130010015|130759617|1|20220523|093855|8002788|20220523|103315|8005646|1|1250|0|      |20220523|20220523|0603|2022-06-03 07:03:18
420772|0000000676935062              |20220523|113902|030|675|0|30300076|130010014|130753615|1|20220523|111559|8002484|20220523|114601|8005994|1|1250|0|      |20220523|20220523|0603|2022-06-03 07:03:18
420774|0000000743408574              |20220523|120028|011|676|0|30300068|130010006|130759025|1|20220523|113608|8001624|20220523|120312|8001543|1|1250|0|      |20220523|20220523|0603|2022-06-03 07:03:18
420776|0000000755373584              |20220523|083306|027|675|0|30300061|130010015|130759647|1|20220523|075311|8002788|20220523|084014|8002434|1|1250|0|      |20220523|20220523|0603|2022-06-03 07:03:18
420778|0000000763354913              |20220523|081445|022|676|0|30300086|130010013|130759806|1|20220523|074104|8001477|20220523|083622|8001721|1|1250|0|      |20220523|20220523|0603|2022-06-03 07:03:18
442129|0000000607920478              |20220523|090004|023|675|1|30300047|130010001|130759415|1|20220523|082906|8002542|~       |      |~      |1|0|0|      |20220523|~       |0603|2022-06-03 07:03:18
442131|0000000908481543              |20220523|183705|001|675|0|30300047|130010001|130759415|1|20220523|175227|8001014|~       |      |~      |1|1250|0|      |20220523|~       |0603|2022-06-03 07:03:18
442133|0000000676190796              |20220523|184315|016|676|0|30300070|130010004|130752208|1|20220523|164049|8001345|~       |      |~      |1|1250|0|      |20220523|~       |0603|2022-06-03 07:03:18
442135|0000000674036320              |20220523|190741|006|675|0|30300047|130010001|130759433|1|20220523|184216|8002545|~       |      |~      |1|1250|0|      |20220523|~       |0603|2022-06-03 07:03:18
442137|0000000678247229              |20220523|072627|028|675|0|30300053|130010002|130752368|1|20220523|072257|8001580|~       |      |~      |1|1250|0|      |20220523|~       |0603|2022-06-03 07:03:18
442139|0000000734766381              |20220523|071426|023|675|0|30300067|130010001|130759735|4|20220523|053522|8002379|~       |      |~      |1|750|0|      |20220523|~       |0603|2022-06-03 07:03:18
442141|0000000679196329              |20220523|074604|015|676|1|30300087|130010008|130752160|1|20220523|073332|8002543|~       |      |~      |1|0|0|      |20220523|~       |0603|2022-06-03 07:03:18
442143|0000000757026489              |20220523|072256|020|675|0|30300067|130010001|130759402|4|20220523|065200|8002450|~       |      |~      |1|750|0|      |20220523|~       |0603|2022-06-03 07:03:18
442145|0000000461821337              |20220523|062113|031|676|0|30300087|130010015|130759633|1|20220523|060206|8001491|~       |      |~      |1|1250|0|      |20220523|~       |0603|2022-06-03 07:03:18
442147|0000000614894364              |20220523|072705|007|676|0|30300071|130010009|130759107|1|20220523|055252|8002083|~       |      |~      |1|1250|0|      |20220523|~       |0603|2022-06-03 07:03:18
442149|0000000769818237              |20220523|073922|022|676|0|30300087|130010015|130759629|1|20220523|073419|8002131|~       |      |~      |1|1250|0|      |20220523|~       |0603|2022-06-03 07:03:18
442151|0000000745076465              |20220523|075355|009|676|0|30300087|130010015|130759621|1|20220523|070338|8001831|~       |      |~      |1|1250|0|      |20220523|~       |0603|2022-06-03 07:03:18
442153|0000000903996963              |20220523|081131|004|676|0|30300087|130010015|130759629|1|20220523|073419|8002460|~       |      |~      |1|1250|0|      |20220523|~       |0603|2022-06-03 07:03:18
442155|0000000761957922              |20220523|134824|030|675|0|30300067|130010001|130759786|4|20220523|134017|8002379|~       |      |~      |1|750|0|      |20220523|~       |0603|2022-06-03 07:03:18
442608|0000000757986081              |20220523|121729|017|675|0|30300081|130010011|130759508|4|20220523|115956|8002912|~       |      |~      |1|750|0|      |20220523|~       |0603|2022-06-03 07:03:18
442610|0000000918159142              |20220523|080637|026|676|0|30300068|130010006|130752036|1|20220523|080428|8001802|~       |      |~      |1|1250|0|      |20220523|~       |0603|2022-06-03 07:03:18
442612|0000000753604744              |20220523|083503|015|676|0|30300039|130010005|130759267|1|20220523|071350|8001569|~       |      |~      |1|1250|0|      |20220523|~       |0603|2022-06-03 07:03:18
442614|0000000903441397              |20220523|085738|002|675|0|30300101|130010002|130752332|1|20220523|071110|8001947|~       |      |~      |1|1250|0|      |20220523|~       |0603|2022-06-03 07:03:18
442616|0000000626601804              |20220523|093552|018|676|0|30300039|130010005|130759262|1|20220523|060319|8001192|~       |      |~      |1|1250|0|      |20220523|~       |0603|2022-06-03 07:03:18
442618|0000000763728897              |20220523|193300|008|675|0|30300101|130010002|130752304|1|20220523|190816|8001055|~       |      |~      |1|1250|0|      |20220523|~       |0603|2022-06-03 07:03:18
442620|0000000633415890              |20220523|063425|027|675|0|30300060|130010014|130753245|1|20220523|044929|8002242|~       |      |~      |1|1250|0|      |20220523|~       |0603|2022-06-03 07:03:18
442622|0000000678029950              |20220523|054315|003|676|0|30300036|130010012|130753301|1|20220523|053547|8001994|~       |      |~      |1|1250|0|      |20220523|~       |0603|2022-06-03 07:03:18
442624|0000000658391282              |20220523|073522|024|676|0|30300086|130010013|130759809|1|20220523|055231|8001921|~       |      |~      |1|1250|0|      |20220523|~       |0603|2022-06-03 07:03:18
442626|0000000663248180              |20220523|075623|007|676|0|30300086|130010013|130759827|1|20220523|061137|8001921|~       |      |~      |1|1250|0|      |20220523|~       |0603|2022-06-03 07:03:18
442628|0000000774429009              |20220523|081748|008|675|0|30300081|130010011|130759572|1|20220523|065338|8001262|~       |      |~      |1|1250|0|      |20220523|~       |0603|2022-06-03 07:03:18
442630|0000000656592709              |20220523|082028|031|681|0|30300042|130010009|130759125|1|20220523|075658|8001596|~       |      |~      |1|1250|0|      |20220523|~       |0603|2022-06-03 07:03:18
442632|0000000770367916              |20220523|083657|017|676|1|30300086|130010013|130759827|1|20220523|061137|8001634|~       |      |~      |1|0|0|      |20220523|~       |0603|2022-06-03 07:03:18
442634|0000000677219518              |20220523|142030|012|676|0|30300036|130010011|130759520|1|20220523|131831|8001928|~       |      |~      |2|2500|0|      |20220523|~       |0603|2022-06-03 07:03:18
442636|0000000640343608              |20220523|201422|024|675|0|30300081|130010011|130759514|1|20220523|192834|8002159|~       |      |~      |1|1250|0|      |20220523|~       |0603|2022-06-03 07:03:18
443081|0000000740476640              |20220523|080805|001|675|0|30300079|130010009|130759173|1|20220523|053047|8001482|20220523|084838|8003022|1|1250|0|      |20220523|20220523|0603|2022-06-03 07:03:18
443083|0000000905900023              |20220523|085719|003|675|0|30300049|130010004|130752248|1|20220523|064418|8001277|20220523|091621|8001426|1|1250|0|      |20220523|20220523|0603|2022-06-03 07:03:18
443085|0000000778362787              |20220523|181935|002|675|0|30300049|130010004|130752212|1|20220523|162027|8001935|20220523|183543|8001277|1|1250|0|      |20220523|20220523|0603|2022-06-03 07:03:18
443087|0000000645369977              |20220523|180308|007|675|0|30300079|130010009|130759123|1|20220523|173444|8002040|20220523|183741|8001485|1|1250|0|      |20220523|20220523|0603|2022-06-03 07:03:18
443089|0000000441532945              |20220523|183347|023|675|0|30300053|130010002|130752373|1|20220523|180455|8002108|20220523|190624|8002279|1|1250|0|      |20220523|20220523|0603|2022-06-03 07:03:18
443091|0000000650192602              |20220523|185312|018|675|0|30300049|130010004|130752248|1|20220523|151607|8002965|20220523|190205|8001714|1|1250|0|      |20220523|20220523|0603|2022-06-03 07:03:18
443093|0000000725146172              |20220523|074652|017|676|0|30300087|130010008|130752157|1|20220523|061059|8001604|20220523|075837|8002545|1|1250|0|      |20220523|20220523|0603|2022-06-03 07:03:18
443095|0000000744962795              |20220523|072851|018|674|0|30300104|130010002|130752504|1|20220523|071614|8001081|20220523|074148|8001643|1|1250|0|      |20220523|20220523|0603|2022-06-03 07:03:18
444431|0000000677455444              |20220523|211510|020|676|0|30300051|130010008|130752134|1|20220523|205838|8001289|~       |      |~      |1|1250|0|      |20220523|~       |0603|2022-06-03 07:03:18
444433|0000000904122454              |20220523|155034|020|676|0|30300087|130010015|130759614|1|20220523|152536|8001731|~       |      |~      |1|1250|0|      |20220523|~       |0603|2022-06-03 07:03:18
444435|0000000760994876              |20220523|160821|007|676|0|30300051|130010008|130752124|1|20220523|160402|8001534|~       |      |~      |1|1250|0|      |20220523|~       |0603|2022-06-03 07:03:18
444437|0000000744734311              |20220523|165318|003|676|0|30300038|130010014|130753503|1|20220523|164935|8003003|~       |      |~      |1|1250|0|      |20220523|~       |0603|2022-06-03 07:03:18
444439|0000000909981877              |20220523|173334|008|676|0|30300051|130010008|130752106|1|20220523|163330|8001079|~       |      |~      |1|1250|0|      |20220523|~       |0603|2022-06-03 07:03:18
444441|0000000912010692              |20220523|181601|008|676|0|30300051|130010008|130752107|1|20220523|174748|8002605|~       |      |~      |1|1250|0|      |20220523|~       |0603|2022-06-03 07:03:18
444443|0000000741886158              |20220523|175604|009|676|1|30300087|130010008|130752123|1|20220523|152235|8001378|~       |      |~      |1|0|0|      |20220523|~       |0603|2022-06-03 07:03:18
444445|0000000904855446              |20220523|183121|003|676|0|30300087|130010015|130759621|1|20220523|173955|8001576|~       |      |~      |1|1250|0|      |20220523|~       |0603|2022-06-03 07:03:18
444447|0000000742029403              |20220523|124604|022|676|0|30300087|130010015|130759621|1|20220523|112953|8001494|~       |      |~      |1|1250|0|      |20220523|~       |0603|2022-06-03 07:03:18
444449|0000000733794871              |20220523|110654|006|676|0|30300051|130010008|130752110|1|20220523|095214|8001533|~       |      |~      |1|1250|0|      |20220523|~       |0603|2022-06-03 07:03:18
444451|0000000742581502              |20220523|113128|009|676|0|30300051|130010008|130752109|1|20220523|102641|8002365|~       |      |~      |1|1250|0|      |20220523|~       |0603|2022-06-03 07:03:18
444453|0000000621931948              |20220523|090730|014|676|0|30300087|130010008|130752156|1|20220523|084334|8001277|~       |      |~      |1|1250|0|      |20220523|~       |0603|2022-06-03 07:03:18
444908|0000000742311556              |20220523|082908|005|676|1|30300038|130010014|130753214|1|20220523|055546|8001527|~       |      |~      |1|0|0|      |20220523|~       |0603|2022-06-03 07:03:18
444910|0000000748416497              |20220523|092440|011|676|2|30300038|130010014|130753247|1|20220523|065144|8002734|~       |      |~      |1|0|0|      |20220523|~       |0603|2022-06-03 07:03:18
444912|0000000640286765              |20220523|080444|018|676|0|30300087|130010008|130752123|1|20220523|064024|8001730|~       |      |~      |1|1250|0|      |20220523|~       |0603|2022-06-03 07:03:18
444914|0000000917960919              |20220523|150248|026|676|0|30300087|130010015|130759679|1|20220523|141750|8002088|~       |      |~      |1|1250|0|      |20220523|~       |0603|2022-06-03 07:03:18
444916|0000000675327159              |20220523|211236|026|676|0|30300051|130010008|130752126|1|20220523|203935|8001715|~       |      |~      |1|1250|0|      |20220523|~       |0603|2022-06-03 07:03:18
444918|0000000735076866              |20220523|161308|014|676|0|30300051|130010008|130752103|1|20220523|155933|8001291|~       |      |~      |1|1250|0|      |20220523|~       |0603|2022-06-03 07:03:18
444920|0000000725944778              |20220523|165731|003|676|0|30300087|130010015|130759629|1|20220523|161035|8001831|~       |      |~      |1|1250|0|      |20220523|~       |0603|2022-06-03 07:03:18
444922|0000000903572366              |20220523|171429|024|676|1|30300087|130010008|130752157|1|20220523|165547|8001491|~       |      |~      |1|0|0|      |20220523|~       |0603|2022-06-03 07:03:18
444924|0000000661112040              |20220523|180419|006|676|0|30300087|130010015|130759679|1|20220523|164317|8001604|~       |      |~      |1|1250|0|      |20220523|~       |0603|2022-06-03 07:03:18
444926|0000000736933467              |20220523|180541|026|676|0|30300087|130010015|130759636|1|20220523|170858|8002159|~       |      |~      |1|1250|0|      |20220523|~       |0603|2022-06-03 07:03:18
444928|0000000756846777              |20220523|130423|029|676|0|30300051|130010008|130752100|1|20220523|121104|8002603|~       |      |~      |1|1250|0|      |20220523|~       |0603|2022-06-03 07:03:18
444930|0000000910450355              |20220523|110925|009|676|0|30300051|130010008|130752134|1|20220523|104628|8001373|~       |      |~      |1|1250|0|      |20220523|~       |0603|2022-06-03 07:03:18
444932|0000000656727980              |20220523|122637|013|676|0|30300087|130010008|130752150|1|20220523|103658|8002550|~       |      |~      |1|1250|0|      |20220523|~       |0603|2022-06-03 07:03:18
444934|0000000670147509              |20220523|090347|014|676|0|30300087|130010008|130752156|1|20220523|084334|8001491|~       |      |~      |1|1250|0|      |20220523|~       |0603|2022-06-03 07:03:18
444936|0000000742822474              |20220523|100422|003|676|0|30300087|130010015|130759633|1|20220523|095350|8001199|~       |      |~      |1|1250|0|      |20220523|~       |0603|2022-06-03 07:03:18
445408|0000000723131891              |20220523|184203|016|832|1|30300128|130710001|130759912|1|20220523|041932|8007412|20220523|193028|3062006|1|450|300|      |20220523|20220523|0603|2022-06-03 07:03:18
445410|0000000613161525              |20220523|184906|011|832|1|30300128|130710001|130759912|1|20220523|041932|8007271|20220523|192018|8007297|1|450|300|      |20220523|20220523|0603|2022-06-03 07:03:18
445412|0000000703778959              |20220523|185238|025|832|0|30300128|130710001|130759912|1|20220523|041932|8007275|20220523|192019|8007297|1|1700|300|      |20220523|20220523|0603|2022-06-03 07:03:18
445414|0000000768868622              |20220523|185427|031|832|1|30300128|130710001|130759912|1|20220523|041932|8007279|20220523|192052|8007400|1|450|300|      |20220523|20220523|0603|2022-06-03 07:03:18
445416|0000000740852612              |20220523|190359|008|832|0|30300128|130710001|130759912|1|20220523|041932|8007289|20220523|192212|8007400|1|1700|300|      |20220523|20220523|0603|2022-06-03 07:03:18
445418|0000000740895500              |20220523|190420|014|832|0|30300128|130710001|130759912|1|20220523|041932|8007289|20220523|193325|3056003|1|1700|300|      |20220523|20220523|0603|2022-06-03 07:03:18
445420|0000000903188394              |20220523|190424|024|832|1|30300128|130710001|130759912|1|20220523|041932|8007289|20220523|192821|3054003|1|450|300|      |20220523|20220523|0603|2022-06-03 07:03:18
445422|0000000774356134              |20220523|190428|021|832|1|30300128|130710001|130759912|1|20220523|041932|8007289|20220523|191452|8007291|1|450|300|      |20220523|20220523|0603|2022-06-03 07:03:18
445424|0000000730821124              |20220523|190436|022|832|0|30300128|130710001|130759912|1|20220523|041932|8007289|20220523|193515|3014014|1|1700|300|      |20220523|20220523|0603|2022-06-03 07:03:18
445426|0000000726873447              |20220523|191925|030|832|0|30300128|130710001|130759917|1|20220523|055427|8007412|20220523|195452|8007293|1|1700|300|      |20220523|20220523|0603|2022-06-03 07:03:18
446764|0000000742551509              |20220523|071445|031|674|0|30300002|130010007|130759308|1|20220523|060644|8003021|~       |      |~      |1|1250|0|      |20220523|~       |0603|2022-06-03 07:03:18
446766|0000000900262621              |20220523|074004|014|674|0|30300002|130010007|130759307|1|20220523|070744|8001097|~       |      |~      |1|1250|0|      |20220523|~       |0603|2022-06-03 07:03:18
446768|0000000908178144              |20220523|064943|003|676|0|30300037|130010006|130759011|1|20220523|061715|8002608|~       |      |~      |1|1250|0|      |20220523|~       |0603|2022-06-03 07:03:18
446770|0000000918169307              |20220523|074758|007|675|0|30300058|130010004|130752259|1|20220523|073409|8001983|~       |      |~      |1|1250|0|      |20220523|~       |0603|2022-06-03 07:03:18
446772|0000000679579992              |20220523|065735|008|676|1|30300087|130010015|130759679|1|20220523|061341|8001005|~       |      |~      |1|0|0|      |20220523|~       |0603|2022-06-03 07:03:18
446774|0000000757455013              |20220523|073129|026|676|0|30300087|130010015|130759610|1|20220523|065227|8002453|~       |      |~      |1|1250|0|      |20220523|~       |0603|2022-06-03 07:03:18
446776|0000000648743736              |20220523|074745|014|676|0|30300041|130010012|130753303|1|20220523|072113|8002993|~       |      |~      |1|1250|0|      |20220523|~       |0603|2022-06-03 07:03:18
446778|0000000752307888              |20220523|080316|006|676|0|30300037|130010006|130752035|1|20220523|061812|8002898|~       |      |~      |1|1250|0|      |20220523|~       |0603|2022-06-03 07:03:18
446780|0000000773871669              |20220523|081732|029|676|1|30300037|130010006|130752073|1|20220523|074233|8002559|~       |      |~      |1|0|0|      |20220523|~       |0603|2022-06-03 07:03:18
446782|0000000436586226              |20220523|143502|014|675|1|30300058|130010004|130752200|1|20220523|135620|8002620|~       |      |~      |1|0|0|      |20220523|~       |0603|2022-06-03 07:03:18
446784|0000000756480188              |20220523|144346|013|676|0|30300040|130010007|130759373|1|20220523|142448|8001085|~       |      |~      |1|1250|0|      |20220523|~       |0603|2022-06-03 07:03:18
446786|0000000725843738              |20220523|204934|010|676|0|30300087|130010008|130752151|1|20220523|102339|8001199|~       |      |~      |1|1250|0|      |20220523|~       |0603|2022-06-03 07:03:18
446788|0000000724929727              |20220523|213356|002|674|0|30300002|130010007|130759304|1|20220523|211033|8002437|~       |      |~      |1|1250|0|      |20220523|~       |0603|2022-06-03 07:03:18
447242|0000000743270151              |20220523|181520|026|675|1|30300055|130010014|130753263|1|20220523|180708|8002093|~       |      |~      |1|0|0|      |20220523|~       |0603|2022-06-03 07:03:18
447244|0000000760804698              |20220523|182031|009|676|0|30300037|130010006|130759021|1|20220523|145615|8002339|~       |      |~      |1|1250|0|      |20220523|~       |0603|2022-06-03 07:03:18
447246|0000000910538823              |20220523|134627|028|673|1|30300004|130510004|130751100|1|20220523|054435|8002412|~       |      |~      |1|0|0|      |20220523|~       |0603|2022-06-03 07:03:18
447248|0000000903547359              |20220523|223538|015|676|0|30300054|130010007|130759376|1|20220523|215348|8002452|~       |      |~      |1|1250|0|      |20220523|~       |0603|2022-06-03 07:03:18
447250|0000000905223563              |20220523|100731|025|674|0|30300002|130010007|130759310|1|20220523|100711|8002254|~       |      |~      |1|1250|0|      |20220523|~       |0603|2022-06-03 07:03:18
447252|0000000644584410              |20220523|081605|006|675|1|30300055|130010014|130753512|1|20220523|074114|8002733|~       |      |~      |1|0|0|      |20220523|~       |0603|2022-06-03 07:03:18
447254|0000000742050005              |20220523|090235|007|676|0|30300037|130010006|130759011|1|20220523|061715|8002316|~       |      |~      |1|1250|0|      |20220523|~       |0603|2022-06-03 07:03:18
447256|0000000734758354              |20220523|085347|022|676|0|30300037|130010006|130752027|1|20220523|064721|8002075|~       |      |~      |1|1250|0|      |20220523|~       |0603|2022-06-03 07:03:18
447258|0000000759427251              |20220523|093741|011|675|0|30300055|130010014|130753250|1|20220523|092700|8002764|~       |      |~      |1|1250|0|      |20220523|~       |0603|2022-06-03 07:03:18
447260|0000000903464822              |20220523|094509|008|676|1|30300054|130010007|130759382|1|20220523|085512|8002452|~       |      |~      |1|0|0|      |20220523|~       |0603|2022-06-03 07:03:18
447262|0000000707221343              |20220523|185515|022|674|0|30300002|130010007|130759307|1|20220523|182542|8002437|~       |      |~      |2|2500|0|      |20220523|~       |0603|2022-06-03 07:03:18
447264|0000000765273945              |20220523|184112|002|674|0|30300002|130010007|130759338|1|20220523|162834|8001996|~       |      |~      |1|1250|0|      |20220523|~       |0603|2022-06-03 07:03:18
447266|0000000703705661              |20220523|190204|014|674|0|30300002|130010007|130759322|1|20220523|180152|8002880|~       |      |~      |1|1250|0|      |20220523|~       |0603|2022-06-03 07:03:18
447268|0000000759499325              |20220523|193634|024|676|0|30300054|130010007|130759355|1|20220523|191703|8001084|~       |      |~      |1|1250|0|      |20220523|~       |0603|2022-06-03 07:03:18
447270|0000000743105584              |20220523|062132|002|675|1|30300058|130010004|130752290|1|20220523|050951|8001934|~       |      |~      |1|0|0|      |20220523|~       |0603|2022-06-03 07:03:18
447708|0000000792495692              |20220523|160441|001|676|0|30300087|130010015|130759614|1|20220523|152536|8002851|20220523|165625|8002848|1|1250|0|      |20220523|20220523|0603|2022-06-03 07:03:18
447710|0000001110595036              |20220523|161352|001|675|0|30300055|130010014|130753259|1|20220523|153854|8001403|20220523|164509|8001929|1|1250|0|      |20220523|20220523|0603|2022-06-03 07:03:18
447712|0000000796663586              |20220523|172554|001|675|0|30300055|130010014|130753259|1|20220523|171856|8001827|20220523|174821|8001927|1|1250|0|      |20220523|20220523|0603|2022-06-03 07:03:18
447714|0000000487178498              |20220523|122133|001|676|0|30300089|130010011|130759536|1|20220523|105632|8001629|20220523|123905|8001876|1|1250|0|      |20220523|20220523|0603|2022-06-03 07:03:18
447716|0000000796348096              |20220523|134043|001|676|0|30300089|130010011|130759519|1|20220523|122654|8002468|20220523|134754|8002088|1|1250|0|      |20220523|20220523|0603|2022-06-03 07:03:18
447718|0000000698999061              |20220523|104017|001|675|0|30300055|130010014|130753221|1|20220523|102156|8001986|20220523|110840|8001529|1|1250|0|      |20220523|20220523|0603|2022-06-03 07:03:18
447720|0000000780999889              |20220523|112012|001|676|0|30300087|130010008|130752123|1|20220523|105857|8002093|20220523|113733|8002100|1|1250|0|      |20220523|20220523|0603|2022-06-03 07:03:18
447722|0000000786250000              |20220523|083823|001|676|0|30300087|130010015|130759622|1|20220523|071908|8002965|20220523|084132|8001279|1|1250|0|      |20220523|20220523|0603|2022-06-03 07:03:18
447724|0000001110624443              |20220523|083359|001|675|0|30300055|130010014|130753238|1|20220523|080233|8001612|20220523|085144|8002357|1|1250|0|      |20220523|20220523|0603|2022-06-03 07:03:18
449124|0000000756024735              |20220523|124947|021|676|0|30300054|130010007|130759381|1|20220523|120152|8002452|~       |      |~      |1|1250|0|      |20220523|~       |0603|2022-06-03 07:03:18
449126|0000000718726206              |20220523|122714|026|676|0|30300054|130010007|130759352|1|20220523|120623|8002831|~       |      |~      |1|1250|0|      |20220523|~       |0603|2022-06-03 07:03:18
449128|0000000754954393              |20220523|133817|004|676|1|30300054|130010007|130759381|1|20220523|132512|8002916|~       |      |~      |1|0|0|      |20220523|~       |0603|2022-06-03 07:03:18
449130|0000000760469876              |20220523|133832|019|675|1|30300055|130010014|130753210|1|20220523|110916|8005881|~       |      |~      |1|0|0|      |20220523|~       |0603|2022-06-03 07:03:18
449586|0000000734699268              |20220523|200818|030|675|0|30300058|130010004|130752278|1|20220523|200806|8001553|~       |      |~      |1|1250|0|      |20220523|~       |0603|2022-06-03 07:03:18
449588|0000000656091293              |20220523|210654|026|675|0|30300058|130010004|130752259|1|20220523|124748|8001407|~       |      |~      |1|1250|0|      |20220523|~       |0603|2022-06-03 07:03:18
449590|0000000743194712              |20220523|150103|014|674|0|30300002|130010007|130759307|1|20220523|144559|8002251|~       |      |~      |1|1250|0|      |20220523|~       |0603|2022-06-03 07:03:18
449592|0000000774366496              |20220523|150019|024|676|0|30300037|130010006|130752011|1|20220523|124019|8002344|~       |      |~      |1|1250|0|      |20220523|~       |0603|2022-06-03 07:03:18
449594|0000000743154344              |20220523|160104|014|674|1|30300002|130010007|130759324|1|20220523|143943|8002252|~       |      |~      |1|0|0|      |20220523|~       |0603|2022-06-03 07:03:18
449596|0000000665423255              |20220523|163826|001|674|0|30300002|130010007|130759322|1|20220523|155646|8001744|~       |      |~      |1|1250|0|      |20220523|~       |0603|2022-06-03 07:03:18
449598|0000000674578143              |20220523|160930|029|674|0|30300002|130010007|130759319|1|20220523|153153|8001097|~       |      |~      |1|1250|0|      |20220523|~       |0603|2022-06-03 07:03:18
449600|0000000754954393              |20220523|164132|005|675|0|30300058|130010004|130752291|1|20220523|162045|8002707|~       |      |~      |1|1250|0|      |20220523|~       |0603|2022-06-03 07:03:18
449602|0000000758829316              |20220523|171355|029|676|0|30300087|130010008|130752157|1|20220523|165547|8001491|~       |      |~      |1|1250|0|      |20220523|~       |0603|2022-06-03 07:03:18
449604|0000000911153107              |20220523|174029|026|675|0|30300058|130010004|130752295|1|20220523|134722|8001940|~       |      |~      |1|1250|0|      |20220523|~       |0603|2022-06-03 07:03:18
449606|0000000911333664              |20220523|181257|031|674|0|30300002|130010007|130759319|1|20220523|174420|8001241|~       |      |~      |1|1250|0|      |20220523|~       |0603|2022-06-03 07:03:18
449608|0000000607979457              |20220523|181629|005|676|0|30300089|130010011|130759536|1|20220523|152009|8002159|~       |      |~      |1|1250|0|      |20220523|~       |0603|2022-06-03 07:03:18
449610|0000000762412135              |20220523|120854|030|674|0|30300002|130010007|130759331|1|20220523|113241|8002093|~       |      |~      |1|1250|0|      |20220523|~       |0603|2022-06-03 07:03:18
449612|0000000707221343              |20220523|131331|021|674|0|30300002|130010007|130759310|1|20220523|122904|8001430|~       |      |~      |1|1250|0|      |20220523|~       |0603|2022-06-03 07:03:18
449614|0000000761713512              |20220523|222315|014|676|0|30300089|130010011|130759573|1|20220523|215724|8002159|~       |      |~      |1|1250|0|      |20220523|~       |0603|2022-06-03 07:03:18
450037|0000000708403911              |20220523|084709|013|832|0|30300128|130710001|130759919|1|20220523|070702|8007412|20220523|093741|8007053|1|1700|300|      |20220523|20220523|0603|2022-06-03 07:03:18
450039|0000000768708730              |20220523|085741|010|832|1|30300128|130710001|130759919|1|20220523|070702|8007279|20220523|093528|3054003|1|450|300|      |20220523|20220523|0603|2022-06-03 07:03:18
450041|0000000766515523              |20220523|085746|030|832|0|30300128|130710001|130759919|1|20220523|070702|8007279|20220523|093344|3053005|1|1700|300|      |20220523|20220523|0603|2022-06-03 07:03:18
450043|0000000606279790              |20220523|094039|005|832|1|30300128|130710001|130759919|1|20220523|070702|3056003|20220523|095815|8007055|3|3700|900|      |20220523|20220523|0603|2022-06-03 07:03:18
450045|0000000679113271              |20220523|094344|015|832|0|30300128|130710001|130759919|1|20220523|070702|3014014|20220523|095811|8007055|1|1700|300|      |20220523|20220523|0603|2022-06-03 07:03:18
450047|0000000659178835              |20220523|094659|005|832|1|30300128|130710001|130759919|1|20220523|070702|8007452|20220523|095753|8007055|1|300|300|      |20220523|20220523|0603|2022-06-03 07:03:18
450049|0000000712393573              |20220523|084715|015|832|1|30300128|130710001|130759919|1|20220523|070702|8007412|20220523|094158|8007492|1|450|300|      |20220523|20220523|0603|2022-06-03 07:03:18
450051|0000000716106884              |20220523|092522|016|832|0|30300128|130710001|130759919|1|20220523|070702|8007293|20220523|095821|8007055|1|1700|300|      |20220523|20220523|0603|2022-06-03 07:03:18
450053|0000000908578293              |20220523|093533|030|832|1|30300128|130710001|130759919|1|20220523|070702|3054003|20220523|095759|8007055|1|300|300|      |20220523|20220523|0603|2022-06-03 07:03:18
450055|0000000906621262              |20220523|093834|003|832|0|30300128|130710001|130759919|1|20220523|070702|8007053|20220523|095713|8007055|1|1700|300|      |20220523|20220523|0603|2022-06-03 07:03:18
450057|0000000740948420              |20220523|180901|015|832|0|30300128|130710001|130759919|1|20220523|070702|3062004|20220523|185559|8001420|1|1700|300|      |20220523|20220523|0603|2022-06-03 07:03:18
450059|0000000745585166              |20220523|181738|016|832|0|30300128|130710001|130759919|1|20220523|070702|8007296|20220523|185600|8001420|1|1700|300|      |20220523|20220523|0603|2022-06-03 07:03:18
450061|0000000903896870              |20220523|181928|007|832|1|30300128|130710001|130759919|1|20220523|070702|8007294|20220523|190304|8007268|1|300|300|      |20220523|20220523|0603|2022-06-03 07:03:18
450468|0000000769916942              |20220523|094435|021|832|0|30300128|130710001|130759920|1|20220523|070404|3053005|20220523|100840|8007055|1|1700|300|      |20220523|20220523|0603|2022-06-03 07:03:18
450470|0000000677444562              |20220523|101417|021|832|0|30300128|130710001|130759920|1|20220523|070404|9007055|20220523|102623|8007451|1|1700|300|      |20220523|20220523|0603|2022-06-03 07:03:18
450472|0000000918121762              |20220523|103801|018|832|1|30300128|130710001|130759920|1|20220523|070404|3062007|20220523|111743|8007280|1|300|300|      |20220523|20220523|0603|2022-06-03 07:03:18
450474|0000000728807255              |20220523|104611|013|832|0|30300128|130710001|130759920|1|20220523|070404|8007401|20220523|111744|8007280|1|1700|300|      |20220523|20220523|0603|2022-06-03 07:03:18
450476|0000000649126036              |20220523|103306|014|832|0|30300128|130710001|130759920|1|20220523|070404|3056002|20220523|112825|8001420|1|1700|300|      |20220523|20220523|0603|2022-06-03 07:03:18
452993|0000000773056065              |20220523|061916|008|832|0|30300128|130710001|130759910|1|20220523|040035|3053004|20220523|071110|8007268|1|1700|300|      |20220523|20220523|0603|2022-06-03 07:03:18
452995|0000000725893492              |20220523|073109|012|832|1|30300128|130710001|130759910|1|20220523|040035|8007271|20220523|080231|8007293|1|450|300|      |20220523|20220523|0603|2022-06-03 07:03:18
452997|0000000743726099              |20220523|072646|002|832|1|30300128|130710001|130759910|1|20220523|040035|8007412|20220523|081645|8007053|1|450|300|      |20220523|20220523|0603|2022-06-03 07:03:18
452999|0000000777125348              |20220523|072709|008|832|1|30300128|130710001|130759910|1|20220523|040035|8007412|20220523|081233|3054003|1|450|300|      |20220523|20220523|0603|2022-06-03 07:03:18
453001|0000000767270546              |20220523|073015|010|832|0|30300128|130710001|130759910|1|20220523|040035|8007269|20220523|081618|8007053|1|1700|300|      |20220523|20220523|0603|2022-06-03 07:03:18
453003|0000000905041359              |20220523|073018|023|832|0|30300128|130710001|130759910|1|20220523|040035|8007269|20220523|081336|3054003|1|1700|300|      |20220523|20220523|0603|2022-06-03 07:03:18
453149|0000000712218820              |20220523|133543|030|676|0|30300089|130010011|130759576|1|20220523|121244|8002702|20220523|135122|8001420|2|2500|0|      |20220523|20220523|0603|2022-06-03 07:03:18
453151|0000000750943840              |20220523|100031|021|676|0|30300041|130010012|130753377|1|20220523|091227|8001629|20220523|101708|8001097|2|2500|0|      |20220523|20220523|0603|2022-06-03 07:03:18
453153|0000000741443430              |20220523|183632|031|675|0|30300056|130010012|130753317|1|20220523|141016|8001279|20220523|184458|8002916|2|2500|0|      |20220523|20220523|0603|2022-06-03 07:03:18
453155|0000000917930439              |20220523|142500|002|676|0|30300037|130010006|130759023|1|20220523|122219|8001534|20220523|143306|8002658|2|2500|0|      |20220523|20220523|0603|2022-06-03 07:03:18
453157|0000000732245656              |20220523|170518|017|675|0|30300081|130010011|130759572|1|20220523|164934|8002912|20220523|171321|8002168|2|2500|0|      |20220523|20220523|0603|2022-06-03 07:03:18
453159|0000000726772112              |20220523|170918|003|676|0|30300051|130010008|130752108|1|20220523|164103|8002454|20220523|171802|8001929|2|2500|0|      |20220523|20220523|0603|2022-06-03 07:03:18
453161|0000000709055105              |20220523|174312|018|675|0|30300077|130010006|130759022|1|20220523|135408|8001033|20220523|174749|8001040|2|2500|0|      |20220523|20220523|0603|2022-06-03 07:03:18
453163|0000000747567199              |20220523|134040|028|676|0|30300071|130010009|130759135|1|20220523|125715|8002279|20220523|134745|8002453|2|2500|0|      |20220523|20220523|0603|2022-06-03 07:03:18
453165|0000000741078432              |20220523|102229|023|675|0|30300081|130010011|130759508|1|20220523|082947|8002088|20220523|104727|8006007|2|2500|0|      |20220523|20220523|0603|2022-06-03 07:03:18
453167|0000000655959640              |20220523|091856|003|676|0|30300040|130010013|130759873|1|20220523|064755|8002382|20220523|092738|8005516|2|2500|0|      |20220523|20220523|0603|2022-06-03 07:03:18
453169|0000000631329530              |20220523|193217|014|675|0|30300078|130010008|130752166|1|20220523|190056|8001875|20220523|194633|8001627|2|2500|0|      |20220523|20220523|0603|2022-06-03 07:03:18
453171|0000000661364856              |20220523|161256|017|676|0|30300071|130010009|130759174|1|20220523|155406|8001160|20220523|163103|8002758|2|2500|0|      |20220523|20220523|0603|2022-06-03 07:03:18
453173|0000000918068297              |20220523|162155|008|680|0|30300007|130010002|130752316|1|20220523|151509|8002523|20220523|170004|8001714|2|2500|0|      |20220523|20220523|0603|2022-06-03 07:03:18
453175|0000000757874861              |20220523|180927|009|674|0|30300100|130010002|130752508|1|20220523|174403|8001935|20220523|182835|8001083|2|2500|0|      |20220523|20220523|0603|2022-06-03 07:03:18
453339|0000000774827610              |20220523|083918|006|674|0|30300104|130010002|130752504|1|20220523|081431|8001644|20220523|084729|8001028|1|1250|0|      |20220523|20220523|0603|2022-06-03 07:03:18
453341|0000000716253909              |20220523|091803|008|679|0|30300063|130010001|130759488|1|20220523|090303|8001994|20220523|092556|8002634|1|1250|0|      |20220523|20220523|0603|2022-06-03 07:03:18
453343|0000000774615790              |20220523|201220|008|675|0|30300067|130010001|130759481|1|20220523|190203|8001925|20220523|202024|8001651|1|1250|0|      |20220523|20220523|0603|2022-06-03 07:03:18
453345|0000000741793059              |20220523|081755|006|675|0|30300108|130010007|130759316|1|20220523|073024|8070043|20220523|083228|8007064|1|1250|0|      |20220523|20220523|0603|2022-06-03 07:03:18
453347|0000000742878755              |20220523|085817|021|676|0|30300131|130010008|130752723|1|20220523|084740|8007281|20220523|091830|8007367|1|1250|0|      |20220523|20220523|0603|2022-06-03 07:03:18
453349|0000000746804550              |20220523|081609|001|675|0|30300144|130010012|130753314|1|20220523|070851|8002629|20220523|082904|8001097|1|1250|0|      |20220523|20220523|0603|2022-06-03 07:03:18
453351|0000000903439881              |20220523|141013|005|676|0|30300086|130010013|130759879|1|20220523|124023|8001463|20220523|143323|8001744|1|1250|0|      |20220523|20220523|0603|2022-06-03 07:03:18
453353|0000000702718151              |20220523|142448|001|675|0|30300091|130010013|130759828|1|20220523|133046|8002947|20220523|142816|8002905|1|1250|0|      |20220523|20220523|0603|2022-06-03 07:03:18
453355|0000000663522938              |20220523|141909|023|675|0|30300053|130010002|130752385|1|20220523|135538|8001525|20220523|145251|8001949|1|1250|0|      |20220523|20220523|0603|2022-06-03 07:03:18
453357|0000000777710288              |20220523|194225|021|675|0|30300062|130010008|130752137|1|20220523|191855|8006006|20220523|200436|8001669|1|1250|0|      |20220523|20220523|0603|2022-06-03 07:03:18
453359|0000000735249658              |20220523|193318|010|676|0|30300131|130010008|130752723|1|20220523|121629|8002558|20220523|200949|8007397|1|1250|0|      |20220523|20220523|0603|2022-06-03 07:03:18
453361|0000000904778752              |20220523|202331|021|676|0|30300036|130010012|130753333|1|20220523|181022|8001380|20220523|205127|8001273|1|1250|0|      |20220523|20220523|0603|2022-06-03 07:03:18
453363|0000000654579228              |20220523|211836|006|676|0|30300043|130010015|130759640|1|20220523|192627|8001747|20220523|211944|8002887|1|1250|0|      |20220523|20220523|0603|2022-06-03 07:03:18
453554|0000000742435935              |20220523|180851|027|676|0|30300089|130010011|130759512|1|20220523|145844|8005509|20220523|185344|8001568|1|1250|0|      |20220523|20220523|0603|2022-06-03 07:03:18
453556|0000000700952548              |20220523|181440|027|674|0|30300104|130010002|130752333|1|20220523|172807|8005583|20220523|185109|8070018|1|1250|0|      |20220523|20220523|0603|2022-06-03 07:03:18
453558|0000000736954141              |20220523|181236|012|675|0|30300049|130010004|130752212|1|20220523|162027|8001356|20220523|185330|8001903|1|1250|0|      |20220523|20220523|0603|2022-06-03 07:03:18
453560|0000000717258514              |20220523|181110|012|676|0|30300051|130010008|130752119|1|20220523|174348|8001525|20220523|184453|8002437|1|1250|0|      |20220523|20220523|0603|2022-06-03 07:03:18
439689|0000000785504562              |20220523|093932|029|675|0|30300078|130010008|130752172|1|20220523|092602|8002217|20220523|094136|8002100|1|1250|0|      |20220523|20220523|0603|2022-06-03 07:03:18
439691|0000000699855029              |20220523|092755|005|675|0|30300060|130010014|130753262|1|20220523|091144|8002915|20220523|094419|8002793|1|1250|0|      |20220523|20220523|0603|2022-06-03 07:03:18
439693|0000000789248500              |20220523|094319|026|676|0|30300036|130010012|130753333|1|20220523|091512|8002279|20220523|095326|8001056|1|1250|0|      |20220523|20220523|0603|2022-06-03 07:03:18
439695|0000000788813804              |20220523|183836|023|676|0|30300086|130010013|130759807|1|20220523|181239|8002889|20220523|190230|8001430|1|1250|0|      |20220523|20220523|0603|2022-06-03 07:03:18
439697|0000000698667019              |20220523|173948|005|676|0|30300086|130010013|130759801|1|20220523|173426|8005898|20220523|184041|8001534|1|1250|0|      |20220523|20220523|0603|2022-06-03 07:03:18
439699|0000000788132007              |20220523|183646|021|675|0|30300056|130010012|130753315|1|20220523|164737|8005915|20220523|191308|8001261|1|1250|0|      |20220523|20220523|0603|2022-06-03 07:03:18
439701|0000000693144472              |20220523|192026|003|675|1|30300062|130010008|130752133|1|20220523|173358|8002278|20220523|193017|8002795|1|0|0|      |20220523|20220523|0603|2022-06-03 07:03:18
439703|0000000699316268              |20220523|145110|001|675|0|30300077|130010006|130752042|1|20220523|143107|8001197|20220523|150840|8001934|1|1250|0|      |20220523|20220523|0603|2022-06-03 07:03:18
439705|0000000694524188              |20220523|151923|002|676|0|30300043|130010015|130759607|1|20220523|141602|8002717|20220523|154332|8001296|1|1250|0|      |20220523|20220523|0603|2022-06-03 07:03:18
439707|0000000686873469              |20220523|160104|027|675|0|30300082|130010001|130759703|2|20220523|154903|8005581|20220523|161530|8002278|1|350|0|      |20220523|20220523|0603|2022-06-03 07:03:18
440114|0000000750727565              |20220523|125029|002|680|1|30300052|130010006|130752003|1|20220523|114815|8001420|20220523|125624|8007042|1|0|0|      |20220523|20220523|0603|2022-06-03 07:03:18
440116|0000000909293506              |20220523|123732|003|676|1|30300040|130010007|130759366|4|20220523|103623|8002721|20220523|131628|8002904|1|0|0|      |20220523|20220523|0603|2022-06-03 07:03:18
440118|0000000762137846              |20220523|134015|003|676|0|30300040|130010013|130759873|4|20220523|133005|8002721|20220523|134500|8001596|1|750|0|      |20220523|20220523|0603|2022-06-03 07:03:18
440120|0000000768636867              |20220523|225702|008|676|1|30300041|130010012|130753377|1|20220523|203043|8002721|20220523|230142|8001773|1|0|0|      |20220523|20220523|0603|2022-06-03 07:03:18
440122|0000000778405926              |20220523|225537|013|675|1|30300075|130010005|130759227|1|20220523|222804|8001420|20220523|230910|8002826|1|0|0|      |20220523|20220523|0603|2022-06-03 07:03:18
440124|0000000774253862              |20220523|222222|005|676|1|30300039|130010005|130759262|1|20220523|202712|8002721|20220523|223648|8002921|1|0|0|      |20220523|20220523|0603|2022-06-03 07:03:18
440126|0000000778612773              |20220523|112645|026|676|1|30300090|130010005|130759201|1|20220523|102627|8002721|20220523|114030|8007156|1|0|0|      |20220523|20220523|0603|2022-06-03 07:03:18
440128|0000000619491932              |20220523|111732|013|678|1|30300074|130010014|130753237|1|20220523|053520|8001420|20220523|112845|8002571|1|0|0|      |20220523|20220523|0603|2022-06-03 07:03:18
440130|0000000734106077              |20220523|081159|005|676|1|30300041|130010012|130753309|1|20220523|054213|8002721|20220523|082903|8070030|1|0|0|      |20220523|20220523|0603|2022-06-03 07:03:18
440132|0000000664780311              |20220523|080223|020|676|1|30300051|130010008|130752107|1|20220523|074508|8001420|20220523|081547|8002734|1|0|0|      |20220523|20220523|0603|2022-06-03 07:03:18
440134|0000000735439121              |20220523|083845|028|676|1|30300041|130010012|130753303|1|20220523|072113|8002721|20220523|085306|9001641|1|0|0|      |20220523|20220523|0603|2022-06-03 07:03:18
440136|0000000772607248              |20220523|081507|006|676|1|30300051|130010008|130752110|1|20220523|075609|8001420|20220523|083159|8002433|1|0|0|      |20220523|20220523|0603|2022-06-03 07:03:18
440138|0000000762036499              |20220523|094749|027|676|1|30300041|130010012|130753313|4|20220523|084208|8002721|20220523|100441|9001641|1|0|0|      |20220523|20220523|0603|2022-06-03 07:03:18
440140|0000000743359733              |20220523|100612|027|676|1|30300041|130010012|130753380|1|20220523|052710|8002721|20220523|101923|9001641|1|0|0|      |20220523|20220523|0603|2022-06-03 07:03:18
440547|0000000674945831              |20220523|184644|004|676|1|30300040|130010007|130759389|1|20220523|180801|8007279|20220523|185059|8002075|1|0|0|      |20220523|20220523|0603|2022-06-03 07:03:18
440549|0000000767144529              |20220523|185712|031|676|1|30300040|130010013|130759873|1|20220523|164801|8007279|20220523|190758|8001109|1|0|0|      |20220523|20220523|0603|2022-06-03 07:03:18
440551|0000000720956218              |20220523|183823|006|676|1|30300040|130010007|130759388|1|20220523|180619|8007279|20220523|183927|8002075|1|0|0|      |20220523|20220523|0603|2022-06-03 07:03:18
440553|0000000702241978              |20220523|191553|017|676|2|30300088|130010002|130752361|1|20220523|163758|8002410|20220523|192547|8002864|1|0|0|      |20220523|20220523|0603|2022-06-03 07:03:18
440555|0000000745723664              |20220523|193956|020|676|1|30300040|130010013|130759871|1|20220523|172823|8007279|20220523|195212|8002954|1|0|0|      |20220523|20220523|0603|2022-06-03 07:03:18
440557|0000000746022567              |20220523|195035|025|676|1|30300040|130010013|130759815|1|20220523|170446|8007279|20220523|200033|8002763|1|0|0|      |20220523|20220523|0603|2022-06-03 07:03:18
440559|0000000911178320              |20220523|063227|023|676|1|30300037|130010006|130752044|4|20220523|054833|8002075|20220523|065102|8002721|1|0|0|      |20220523|20220523|0603|2022-06-03 07:03:18
440561|0000000743131656              |20220523|074959|026|676|3|30300043|130010015|130759603|1|20220523|062338|8002378|20220523|075313|8001296|1|0|0|      |20220523|20220523|0603|2022-06-03 07:03:18
440563|0000000767979622              |20220523|064001|027|676|1|30300072|130010001|130759483|1|20220523|055051|8002075|20220523|064406|8001232|1|0|0|      |20220523|20220523|0603|2022-06-03 07:03:18
440565|0000000615841282              |20220523|080256|005|675|1|30300108|130010007|130759317|1|20220523|075200|8002410|20220523|081650|8002739|1|0|0|      |20220523|20220523|0603|2022-06-03 07:03:18
440567|0000000725711657              |20220523|074131|018|675|1|30300050|130010007|130759369|1|20220523|070118|8002410|20220523|082719|8002962|1|0|0|      |20220523|20220523|0603|2022-06-03 07:03:18
440569|0000000775888445              |20220523|133022|027|676|1|30300043|130010015|130759677|1|20220523|121316|8002378|20220523|133340|8005590|1|0|0|      |20220523|20220523|0603|2022-06-03 07:03:18
440571|0000000779249900              |20220523|202455|021|675|1|30300045|130010006|130752048|1|20220523|194425|8002410|20220523|204526|8003073|1|0|0|      |20220523|20220523|0603|2022-06-03 07:03:18
443293|0000000673806906              |20220523|200445|017|675|0|30300076|130010014|130753232|1|20220523|191743|8001935|20220523|202202|8001733|1|1250|0|      |20220523|20220523|0603|2022-06-03 07:03:18
443295|0000000741364699              |20220523|201115|024|676|0|30300093|130010004|130752250|1|20220523|174122|8001096|20220523|202141|8002617|1|1250|0|      |20220523|20220523|0603|2022-06-03 07:03:18
443702|0000000903947701              |20220523|192629|021|675|0|30300053|130010002|130752513|1|20220523|192420|8001580|20220523|193424|8002351|1|1250|0|      |20220523|20220523|0603|2022-06-03 07:03:18
443704|0000000732866915              |20220523|070423|017|675|0|30300047|130010001|130759723|1|20220523|065319|8005993|20220523|072919|8001488|1|1250|0|      |20220523|20220523|0603|2022-06-03 07:03:18
443706|0000000664821827              |20220523|062158|007|676|0|30300051|130010008|130752103|1|20220523|060616|8001372|20220523|065406|8001418|1|1250|0|      |20220523|20220523|0603|2022-06-03 07:03:18
443708|0000000660594798              |20220523|072656|015|674|0|30300104|130010002|130752343|1|20220523|064839|8001054|20220523|073658|8005583|1|1250|0|      |20220523|20220523|0603|2022-06-03 07:03:18
443710|0000000921109479              |20220523|065951|002|676|0|30300051|130010008|130752110|1|20220523|063028|8002543|20220523|073616|8001097|1|1250|0|      |20220523|20220523|0603|2022-06-03 07:03:18
443712|0000000908914302              |20220523|070822|031|675|0|30300077|130010006|130752017|1|20220523|065514|8001495|20220523|072334|8001927|1|1250|0|      |20220523|20220523|0603|2022-06-03 07:03:18
443714|0000000725680888              |20220523|071539|012|675|0|30300077|130010006|130752041|1|20220523|070326|8001228|20220523|071846|8001994|1|1250|0|      |20220523|20220523|0603|2022-06-03 07:03:18
443716|0000000766301824              |20220523|073808|016|676|0|30300051|130010008|130752113|1|20220523|070602|8001935|20220523|075413|8001028|1|1250|0|      |20220523|20220523|0603|2022-06-03 07:03:18
443718|0000000765281279              |20220523|074756|016|675|0|30300064|130010015|130759642|1|20220523|072139|8001044|20220523|081544|8001979|1|1250|0|      |20220523|20220523|0603|2022-06-03 07:03:18
443720|0000000726056651              |20220523|142226|008|675|0|30300064|130010015|130759644|1|20220523|055106|8001625|20220523|143346|8001414|1|1250|0|      |20220523|20220523|0603|2022-06-03 07:03:18
443722|0000000725960116              |20220523|143618|024|676|0|30300051|130010008|130752114|1|20220523|134912|8001940|20220523|145029|8002437|1|1250|0|      |20220523|20220523|0603|2022-06-03 07:03:18
443724|0000000905808630              |20220523|201943|006|675|0|30300064|130010015|130759638|1|20220523|193258|8001404|20220523|202328|8001979|1|1250|0|      |20220523|20220523|0603|2022-06-03 07:03:18
443726|0000000751426441              |20220523|201535|004|675|0|30300047|130010001|130759702|1|20220523|200753|8001857|20220523|204716|8003102|1|1250|0|      |20220523|20220523|0603|2022-06-03 07:03:18
443728|0000000741834879              |20220523|144242|004|674|0|30300104|130010002|130752355|1|20220523|141923|8070012|20220523|145431|8001054|1|1250|0|      |20220523|20220523|0603|2022-06-03 07:03:18
444135|0000000707787439              |20220523|121212|004|832|0|30300128|130710001|130759914|1|20220523|060217|8007295|20220523|121750|8007052|1|1700|0|      |20220523|20220523|0603|2022-06-03 07:03:18
444137|0000000702729591              |20220523|121532|010|832|0|30300128|130710001|130759930|1|20220523|063409|3053004|20220523|122239|8007296|1|1700|0|      |20220523|20220523|0603|2022-06-03 07:03:18
444139|0000000774024925              |20220523|081231|029|832|0|30300128|130710001|130759927|1|20220523|062822|3056002|20220523|083357|8007292|1|1700|0|      |20220523|20220523|0603|2022-06-03 07:03:18
444141|0000000674363291              |20220523|082454|011|832|1|30300128|130710001|130759929|1|20220523|063618|3056002|20220523|084525|8007292|1|300|0|      |20220523|20220523|0603|2022-06-03 07:03:18
444143|0000000630378442              |20220523|093020|010|832|0|30300128|130710001|130759912|1|20220523|041932|3053004|20220523|093722|8007296|1|1700|0|      |20220523|20220523|0603|2022-06-03 07:03:18
444145|0000000900232355              |20220523|190321|004|832|1|30300128|130710001|130759926|1|20220523|061427|3056002|20220523|192039|8007294|1|300|0|      |20220523|20220523|0603|2022-06-03 07:03:18
444147|0000000735090946              |20220523|081813|028|832|0|30300128|130710001|130759927|1|20220523|062822|3062004|20220523|082811|8007296|1|1700|0|      |20220523|20220523|0603|2022-06-03 07:03:18
444149|0000000679968358              |20220523|144743|017|832|0|30300128|130710001|130759921|1|20220523|052253|3062004|20220523|145404|8007401|1|1700|0|      |20220523|20220523|0603|2022-06-03 07:03:18
444151|0000000702872713              |20220523|153325|029|832|0|30300128|130710001|130759926|1|20220523|061427|8007080|20220523|154214|8007300|1|1700|0|      |20220523|20220523|0603|2022-06-03 07:03:18
444153|0000000776784650              |20220523|175516|006|832|0|30300128|130710001|130759915|1|20220523|063843|8007290|20220523|181052|8007272|1|1700|0|      |20220523|20220523|0603|2022-06-03 07:03:18
444155|0000000775948899              |20220523|180706|013|832|0|30300128|130710001|130759919|1|20220523|070702|3062007|20220523|181418|8007300|1|1700|0|      |20220523|20220523|0603|2022-06-03 07:03:18
444157|0000000773503085              |20220523|225100|031|832|0|30300128|130710001|130759912|1|20220523|041932|8007291|20220523|230126|3053005|1|1700|0|      |20220523|20220523|0603|2022-06-03 07:03:18
444159|0000000763067868              |20220523|230138|004|832|0|30300128|130710001|130759926|1|20220523|061427|3014017|20220523|231659|8007298|1|1700|0|      |20220523|20220523|0603|2022-06-03 07:03:18
444604|0000000753438397              |20220523|221151|020|675|0|30300077|130010006|130752041|1|20220523|214954|8001875|~       |      |~      |1|1250|0|      |20220523|~       |0603|2022-06-03 07:03:18
444606|0000000753035998              |20220523|121427|020|675|0|30300047|130010001|130759408|1|20220523|120840|8001827|~       |      |~      |1|1250|0|      |20220523|~       |0603|2022-06-03 07:03:18
444608|0000000736671193              |20220523|091103|031|675|0|30300077|130010006|130752010|1|20220523|085443|8001994|~       |      |~      |1|1250|0|      |20220523|~       |0603|2022-06-03 07:03:18
444610|0000000711781773              |20220523|093831|010|675|0|30300101|130010002|130752320|1|20220523|073828|8001081|~       |      |~      |1|1250|0|      |20220523|~       |0603|2022-06-03 07:03:18
444612|0000000714786036              |20220523|192902|017|675|1|30300079|130010009|130759128|1|20220523|174539|8001488|~       |      |~      |1|0|0|      |20220523|~       |0603|2022-06-03 07:03:18
444614|0000000726114595              |20220523|143647|018|675|1|30300067|130010001|130759729|1|20220523|114820|8005875|~       |      |~      |1|0|0|      |20220523|~       |0603|2022-06-03 07:03:18
444616|0000000757157113              |20220523|164838|031|675|0|30300067|130010001|130759473|1|20220523|160236|8001412|~       |      |~      |1|1250|0|      |20220523|~       |0603|2022-06-03 07:03:18
444618|0000000734765510              |20220523|172148|009|675|0|30300067|130010001|130759424|1|20220523|160656|8005875|~       |      |~      |1|1250|0|      |20220523|~       |0603|2022-06-03 07:03:18
446484|0000000789501230              |20220523|093457|026|676|0|30300051|130010008|130752101|1|20220523|093343|9007010|20220523|093842|8001534|1|1250|0|      |20220523|20220523|0603|2022-06-03 07:03:18
446486|0000000797715783              |20220523|094841|011|676|0|30300051|130010008|130752107|1|20220523|093551|8001157|20220523|100025|8001117|1|1250|0|      |20220523|20220523|0603|2022-06-03 07:03:18
446940|0000000725643334              |20220523|075157|017|676|0|30300069|130010001|130759416|1|20220523|061735|8002277|~       |      |~      |1|1250|0|      |20220523|~       |0603|2022-06-03 07:03:18
446942|0000000909654071              |20220523|081118|031|676|0|30300069|130010001|130759437|1|20220523|071816|8001710|~       |      |~      |1|1250|0|      |20220523|~       |0603|2022-06-03 07:03:18
446944|0000000904746743              |20220523|200236|002|675|1|30300078|130010008|130752165|1|20220523|194925|8002733|~       |      |~      |1|0|0|      |20220523|~       |0603|2022-06-03 07:03:18
446946|0000000724876993              |20220523|203130|029|676|1|30300093|130010004|130752262|1|20220523|194656|8001036|~       |      |~      |1|0|0|      |20220523|~       |0603|2022-06-03 07:03:18
446948|0000000777111253              |20220523|210503|011|676|0|30300071|130010009|130759147|1|20220523|134735|8002633|~       |      |~      |1|1250|0|      |20220523|~       |0603|2022-06-03 07:03:18
446950|0000000715885521              |20220523|212231|001|676|0|30300051|130010008|130752114|1|20220523|203326|8002733|~       |      |~      |1|1250|0|      |20220523|~       |0603|2022-06-03 07:03:18
446952|0000000725719357              |20220523|210932|010|675|0|30300059|130010004|130752204|1|20220523|141504|8001850|~       |      |~      |1|1250|0|      |20220523|~       |0603|2022-06-03 07:03:18
446954|0000000724017796              |20220523|155022|008|675|0|30300146|130010008|130752174|1|20220523|152829|8001079|~       |      |~      |1|1250|0|      |20220523|~       |0603|2022-06-03 07:03:18
446956|0000000723408237              |20220523|160904|006|676|0|30300131|130010008|130752722|1|20220523|150126|8002452|~       |      |~      |1|1250|0|      |20220523|~       |0603|2022-06-03 07:03:18
446958|0000000904946203              |20220523|173253|013|676|0|30300131|130010008|130752706|1|20220523|172657|8005856|~       |      |~      |1|1250|0|      |20220523|~       |0603|2022-06-03 07:03:18
446960|0000000903184148              |20220523|174203|022|676|1|30300051|130010008|130752103|1|20220523|155933|8001876|~       |      |~      |1|0|0|      |20220523|~       |0603|2022-06-03 07:03:18
446962|0000000909073013              |20220523|182056|021|676|0|30300051|130010008|130752147|1|20220523|175147|8001081|~       |      |~      |1|1250|0|      |20220523|~       |0603|2022-06-03 07:03:18
446964|0000000737126476              |20220523|184103|022|675|0|30300065|130010004|130752281|1|20220523|154340|8005875|~       |      |~      |1|1250|0|      |20220523|~       |0603|2022-06-03 07:03:18
446966|0000000759354138              |20220523|181723|028|676|0|30300071|130010009|130759135|1|20220523|174708|8001568|~       |      |~      |1|1250|0|      |20220523|~       |0603|2022-06-03 07:03:18
446968|0000000630025150              |20220523|122807|017|675|0|30300049|130010004|130752206|1|20220523|120755|8002596|~       |      |~      |1|1250|0|      |20220523|~       |0603|2022-06-03 07:03:18
447422|0000000903067121              |20220523|125935|017|675|0|30300046|130010002|130752366|1|20220523|124624|8007045|~       |      |~      |1|1250|0|      |20220523|~       |0603|2022-06-03 07:03:18
447424|0000000762550608              |20220523|125752|009|676|0|30300070|130010004|130752254|1|20220523|105425|8002454|~       |      |~      |1|1250|0|      |20220523|~       |0603|2022-06-03 07:03:18
447426|0000000756637341              |20220523|212719|031|674|0|30300104|130010002|130752505|1|20220523|212223|8070010|~       |      |~      |1|1250|0|      |20220523|~       |0603|2022-06-03 07:03:18
447428|0000000758805288              |20220523|103815|016|675|0|30300053|130010002|130752398|1|20220523|092211|8006006|~       |      |~      |1|1250|0|      |20220523|~       |0603|2022-06-03 07:03:18
447430|0000000742465053              |20220523|104209|024|676|0|30300093|130010004|130752219|1|20220523|081015|8002658|~       |      |~      |1|1250|0|      |20220523|~       |0603|2022-06-03 07:03:18
447432|0000000743588047              |20220523|083649|012|675|0|30300065|130010004|130752269|1|20220523|074617|8007018|~       |      |~      |1|1250|0|      |20220523|~       |0603|2022-06-03 07:03:18
447434|0000000647500537              |20220523|085248|020|676|0|30300041|130010012|130753321|1|20220523|065348|8002636|~       |      |~      |1|1250|0|      |20220523|~       |0603|2022-06-03 07:03:18
447436|0000000903845032              |20220523|084021|021|674|1|30300100|130010002|130752381|1|20220523|082050|8002547|~       |      |~      |1|0|0|      |20220523|~       |0603|2022-06-03 07:03:18
447438|0000000753756381              |20220523|085122|019|676|0|30300041|130010012|130753323|1|20220523|053708|8001500|~       |      |~      |1|1250|0|      |20220523|~       |0603|2022-06-03 07:03:18
447440|0000000753532254              |20220523|090226|010|676|1|30300088|130010002|130752364|1|20220523|065831|8002134|~       |      |~      |1|0|0|      |20220523|~       |0603|2022-06-03 07:03:18
447442|0000000742499900              |20220523|094058|021|676|0|30300070|130010004|130752606|1|20220523|080205|8002290|~       |      |~      |1|1250|0|      |20220523|~       |0603|2022-06-03 07:03:18
447444|0000000776308027              |20220523|095843|014|675|0|30300049|130010004|130752286|1|20220523|092524|8001262|~       |      |~      |1|1250|0|      |20220523|~       |0603|2022-06-03 07:03:18
447446|0000000921510851              |20220523|184537|028|675|0|30300046|130010002|130752312|1|20220523|180005|8001643|~       |      |~      |1|1250|0|      |20220523|~       |0603|2022-06-03 07:03:18
447448|0000000618989424              |20220523|190820|003|674|1|30300100|130010002|130752397|1|20220523|180219|8001935|~       |      |~      |1|0|0|      |20220523|~       |0603|2022-06-03 07:03:18
447450|0000000763048162              |20220523|063749|004|675|0|30300047|130010001|130759433|1|20220523|061110|8001025|~       |      |~      |1|1250|0|      |20220523|~       |0603|2022-06-03 07:03:18
447869|0000000699733317              |20220523|105111|001|676|0|30300070|130010004|130752235|1|20220523|094408|8002794|20220523|110643|8001421|1|1250|0|      |20220523|20220523|0603|2022-06-03 07:03:18
447871|0000000694966893              |20220523|122921|001|675|0|30300067|130010001|130759786|1|20220523|120048|8002451|20220523|124853|8001529|1|1250|0|      |20220523|20220523|0603|2022-06-03 07:03:18
447873|0000000698865609              |20220523|083709|001|676|0|30300072|130010001|130759712|1|20220523|082726|8001952|20220523|085424|8001575|1|1250|0|      |20220523|20220523|0603|2022-06-03 07:03:18
447875|0000000793351713              |20220523|101417|001|676|0|30300040|130010007|130759359|1|20220523|095638|8001534|20220523|102302|8002240|1|1250|0|      |20220523|20220523|0603|2022-06-03 07:03:18
447877|0000000400212831              |20220523|175903|001|675|0|30300049|130010004|130752240|1|20220523|173248|8005928|20220523|184130|8001494|1|1250|0|      |20220523|20220523|0603|2022-06-03 07:03:18
449769|0000000714485882              |20220523|111746|020|675|0|30300127|130010004|130752280|1|20220523|111702|8001027|~       |      |~      |1|1250|0|      |20220523|~       |0603|2022-06-03 07:03:18
449771|0000000908970062              |20220523|112308|006|832|1|30300128|130710001|130759930|1|20220523|063409|8007452|20220523|113510|8007055|1|300|300|      |20220523|20220523|0603|2022-06-03 07:03:18
449773|0000000602336616              |20220523|112316|002|832|1|30300128|130710001|130759930|1|20220523|063409|8007452|20220523|113457|8007055|1|300|300|      |20220523|20220523|0603|2022-06-03 07:03:18
449775|0000000706682278              |20220523|111338|002|832|0|30300128|130710001|130759930|1|20220523|063409|3062006|20220523|113505|8007055|1|1700|300|      |20220523|20220523|0603|2022-06-03 07:03:18
449777|0000000908347622              |20220523|121333|019|832|0|30300128|130710001|130759930|1|20220523|063409|3062004|20220523|123830|8007290|1|1700|300|      |20220523|20220523|0603|2022-06-03 07:03:18
449779|0000000737011706              |20220523|070219|018|832|0|30300128|130710001|130759930|1|20220523|063409|8007269|20220523|080840|8007055|1|1700|600|      |20220523|20220523|0603|2022-06-03 07:03:18
449781|0000000776797382              |20220523|081540|003|832|0|30300128|130710001|130759930|1|20220523|063409|9007055|20220523|083301|3056002|1|1700|300|      |20220523|20220523|0603|2022-06-03 07:03:18
449783|0000000734601559              |20220523|081421|020|832|0|30300128|130710001|130759930|1|20220523|063409|9007055|20220523|083840|3062007|1|1700|300|      |20220523|20220523|0603|2022-06-03 07:03:18
449785|0000000712738399              |20220523|081430|021|832|0|30300128|130710001|130759930|1|20220523|063409|9007055|20220523|083813|3062007|1|1700|300|      |20220523|20220523|0603|2022-06-03 07:03:18
449787|0000000777161396              |20220523|081446|022|832|0|30300128|130710001|130759930|1|20220523|063409|9007055|20220523|083839|3062007|1|1700|300|      |20220523|20220523|0603|2022-06-03 07:03:18
449789|0000000733061525              |20220523|083339|028|832|0|30300128|130710001|130759930|1|20220523|063409|3056002|20220523|092744|8001420|1|1700|300|      |20220523|20220523|0603|2022-06-03 07:03:18
449791|0000000614837939              |20220523|083416|027|832|0|30300128|130710001|130759930|1|20220523|063409|3056002|20220523|092747|8001420|1|1700|300|      |20220523|20220523|0603|2022-06-03 07:03:18
450198|0000000752734685              |20220523|175014|003|832|0|30300128|130710001|130759927|1|20220523|062822|8007279|20220523|181103|8007291|1|1700|300|      |20220523|20220523|0603|2022-06-03 07:03:18
450200|0000000674655131              |20220523|180026|021|832|0|30300128|130710001|130759927|1|20220523|062822|8007289|20220523|182020|8007400|1|1700|300|      |20220523|20220523|0603|2022-06-03 07:03:18
450202|0000000756005176              |20220523|180032|027|832|1|30300128|130710001|130759927|1|20220523|062822|8007289|20220523|181327|8007293|1|450|300|      |20220523|20220523|0603|2022-06-03 07:03:18
450204|0000000761160003              |20220523|173736|006|832|1|30300128|130710001|130759927|1|20220523|062822|8007412|20220523|181340|8007293|1|450|300|      |20220523|20220523|0603|2022-06-03 07:03:18
450206|0000000741471900              |20220523|173751|021|832|1|30300128|130710001|130759927|1|20220523|062822|8007412|20220523|182601|3053005|1|450|300|      |20220523|20220523|0603|2022-06-03 07:03:18
450208|0000000754204716              |20220523|173803|027|832|1|30300128|130710001|130759927|1|20220523|062822|8007412|20220523|181838|8007297|1|450|300|      |20220523|20220523|0603|2022-06-03 07:03:18
450210|0000000630472749              |20220523|173828|025|832|1|30300128|130710001|130759927|1|20220523|062822|8007412|20220523|181326|8007293|1|450|300|      |20220523|20220523|0603|2022-06-03 07:03:18
450212|0000000724725097              |20220523|173840|024|832|0|30300128|130710001|130759927|1|20220523|062822|8007412|20220523|182343|8007052|1|1700|300|      |20220523|20220523|0603|2022-06-03 07:03:18
450214|0000000719514543              |20220523|120039|013|832|0|30300128|130710001|130759927|1|20220523|062822|8007294|20220523|124000|8007268|1|1700|300|      |20220523|20220523|0603|2022-06-03 07:03:18
450216|0000000732619147              |20220523|120043|013|832|0|30300128|130710001|130759927|1|20220523|062822|8007294|20220523|123957|8007268|1|1700|300|      |20220523|20220523|0603|2022-06-03 07:03:18
450218|0000000752537875              |20220523|120051|004|832|0|30300128|130710001|130759927|1|20220523|062822|8007294|20220523|122424|8007280|1|1700|300|      |20220523|20220523|0603|2022-06-03 07:03:18
450220|0000000903953232              |20220523|114235|029|832|1|30300128|130710001|130759927|1|20220523|062822|3056002|20220523|124008|8007268|1|300|300|      |20220523|20220523|0603|2022-06-03 07:03:18
450222|0000000770632387              |20220523|114513|018|832|1|30300128|130710001|130759927|4|20220523|062822|8007080|20220523|122419|8007280|1|0|300|      |20220523|20220523|0603|2022-06-03 07:03:18
450224|0000000921728867              |20220523|114912|019|832|0|30300128|130710001|130759927|1|20220523|062822|3062004|20220523|122433|8007280|1|1700|300|      |20220523|20220523|0603|2022-06-03 07:03:18
450631|0000000668629074              |20220523|132157|020|832|0|30300128|130710001|130759912|1|20220523|041932|8007298|20220523|135919|8001420|1|1700|300|      |20220523|20220523|0603|2022-06-03 07:03:18
450633|0000000639149398              |20220523|132554|001|832|1|30300128|130710001|130759912|1|20220523|041932|8007294|20220523|135857|8001420|1|300|300|      |20220523|20220523|0603|2022-06-03 07:03:18
450635|0000000640610984              |20220523|132558|031|832|1|30300128|130710001|130759912|1|20220523|041932|8007294|20220523|135516|8007274|1|300|300|      |20220523|20220523|0603|2022-06-03 07:03:18
450637|0000000609688384              |20220523|131311|001|832|1|30300128|130710001|130759912|1|20220523|041932|3062004|20220523|135520|8007274|1|300|300|      |20220523|20220523|0603|2022-06-03 07:03:18
450639|0000000768462838              |20220523|130804|027|832|1|30300128|130710001|130759912|1|20220523|041932|3056002|20220523|135922|8001420|1|300|300|      |20220523|20220523|0603|2022-06-03 07:03:18
450641|0000000767316279              |20220523|131112|019|832|1|30300128|130710001|130759912|1|20220523|041932|3062007|20220523|135930|8001420|1|300|300|      |20220523|20220523|0603|2022-06-03 07:03:18
450643|0000000903410563              |20220523|141010|019|832|0|30300128|130710001|130759917|1|20220523|055427|8007296|20220523|143653|8007280|1|1700|300|      |20220523|20220523|0603|2022-06-03 07:03:18
450645|0000000648814039              |20220523|141008|012|832|0|30300128|130710001|130759917|1|20220523|055427|8007296|20220523|143800|8007280|2|2400|600|      |20220523|20220523|0603|2022-06-03 07:03:18
450647|0000000771743250              |20220523|141240|005|832|0|30300128|130710001|130759917|1|20220523|055427|8007294|20220523|144717|8001420|1|1700|300|      |20220523|20220523|0603|2022-06-03 07:03:18
450649|0000000917889857              |20220523|141631|004|832|1|30300128|130710001|130759917|1|20220523|055427|8007292|20220523|144724|8001420|1|300|300|      |20220523|20220523|0603|2022-06-03 07:03:18
450651|0000000776773465              |20220523|135604|004|832|0|30300128|130710001|130759917|1|20220523|055427|8007080|20220523|144952|8007268|1|1700|300|      |20220523|20220523|0603|2022-06-03 07:03:18
455303|0000000742184262              |20220523|125751|001|675|0|30300062|130010008|130752135|1|20220523|061058|8001318|20220523|131445|8001078|1|1250|0|      |20220523|20220523|0603|2022-06-03 07:03:18
453717|0000000918003190              |20220523|180000|008|675|0|30300058|130010004|130752291|1|20220523|174440|8001085|20220523|181822|8002630|1|1250|0|      |20220523|20220523|0603|2022-06-03 07:03:18
453719|0000000918352106              |20220523|182223|013|675|0|30300061|130010015|130759643|1|20220523|181204|8002934|20220523|183427|8001543|1|1250|0|      |20220523|20220523|0603|2022-06-03 07:03:18
453721|0000000917877085              |20220523|120216|021|676|0|30300037|130010006|130752007|1|20220523|114856|8002973|20220523|120705|8001590|1|1250|0|      |20220523|20220523|0603|2022-06-03 07:03:18
453723|0000000757023680              |20220523|123854|011|676|0|30300037|130010006|130752044|1|20220523|113814|8002339|20220523|124906|8007268|1|1250|0|      |20220523|20220523|0603|2022-06-03 07:03:18
453725|0000000767181698              |20220523|132236|026|675|0|30300077|130010006|130759018|1|20220523|124127|8001400|20220523|133211|8001419|1|1250|0|      |20220523|20220523|0603|2022-06-03 07:03:18
453727|0000000678218250              |20220523|133330|027|675|0|30300055|130010014|130753211|1|20220523|123134|8002347|20220523|133937|8001499|1|1250|0|      |20220523|20220523|0603|2022-06-03 07:03:18
453729|0000000725550553              |20220523|224814|010|675|0|30300062|130010008|130752129|1|20220523|221350|8002453|20220523|225413|8001923|1|1250|0|      |20220523|20220523|0603|2022-06-03 07:03:18
453731|0000000742603132              |20220523|212651|031|675|0|30300062|130010008|130752131|1|20220523|205429|8002845|20220523|213915|8001855|1|1250|0|      |20220523|20220523|0603|2022-06-03 07:03:18
453733|0000000757278227              |20220523|213406|022|675|0|30300078|130010008|130752163|1|20220523|210407|8001875|20220523|214857|8003075|1|1250|0|      |20220523|20220523|0603|2022-06-03 07:03:18
453735|0000000720416554              |20220523|211949|031|679|0|30300063|130010001|130759787|1|20220523|210452|8001419|20220523|213612|8002253|1|1250|0|      |20220523|20220523|0603|2022-06-03 07:03:18
453737|0000000774401460              |20220523|220531|007|675|0|30300053|130010002|130752386|1|20220523|215834|8006006|20220523|221835|8001238|1|1250|0|      |20220523|20220523|0603|2022-06-03 07:03:18
453739|0000000711044286              |20220523|220057|028|676|0|30300043|130010015|130759601|1|20220523|213237|8002730|20220523|221611|8001723|1|1250|0|      |20220523|20220523|0603|2022-06-03 07:03:18
453741|0000000707486264              |20220523|221021|011|675|0|30300062|130010008|130752135|1|20220523|214849|8002757|20220523|222550|8001939|1|1250|0|      |20220523|20220523|0603|2022-06-03 07:03:18
453743|0000000778553633              |20220523|223450|014|676|0|30300130|130010008|130752140|1|20220523|221124|8007360|20220523|224055|8001348|1|1250|0|      |20220523|20220523|0603|2022-06-03 07:03:18
453745|0000000725606462              |20220523|103206|017|674|0|30300002|130010007|130759338|1|20220523|101744|8002744|20220523|103854|8002437|1|1250|0|      |20220523|20220523|0603|2022-06-03 07:03:18
453747|0000000734743754              |20220523|110726|020|675|0|30300055|130010014|130753264|1|20220523|104409|8001554|20220523|111535|8001612|1|1250|0|      |20220523|20220523|0603|2022-06-03 07:03:18
453749|0000000745001665              |20220523|114706|018|675|0|30300047|130010001|130759433|1|20220523|113130|8001773|20220523|120346|8002547|1|1250|0|      |20220523|20220523|0603|2022-06-03 07:03:18
453751|0000000917929644              |20220523|120853|028|675|0|30300101|130010002|130752396|1|20220523|103136|8002978|20220523|121817|8001028|1|1250|0|      |20220523|20220523|0603|2022-06-03 07:03:18
453753|0000000725280125              |20220523|123733|007|676|0|30300090|130010005|130759215|1|20220523|121643|8002100|20220523|124320|8002935|1|1250|0|      |20220523|20220523|0603|2022-06-03 07:03:18
453755|0000000646535517              |20220523|095717|016|675|0|30300064|130010015|130759624|1|20220523|094313|8002350|20220523|101400|8001412|1|1250|0|      |20220523|20220523|0603|2022-06-03 07:03:18
453757|0000000758305788              |20220523|182006|013|675|0|30300084|130010001|130759418|1|20220523|172903|8001442|20220523|183333|8001748|1|1250|0|      |20220523|20220523|0603|2022-06-03 07:03:18
453759|0000000742646809              |20220523|181828|018|675|0|30300066|130010015|130759620|1|20220523|175100|8002744|20220523|183834|8002734|1|1250|0|      |20220523|20220523|0603|2022-06-03 07:03:18
453761|0000000700559540              |20220523|180524|004|675|0|30300091|130010013|130759812|1|20220523|162353|8001514|20220523|183158|8002946|1|1250|0|      |20220523|20220523|0603|2022-06-03 07:03:18
453763|0000000909954307              |20220523|182050|027|680|0|30300021|130010002|130752556|1|20220523|170027|8001557|20220523|184641|8002547|1|1250|0|      |20220523|20220523|0603|2022-06-03 07:03:18
453765|0000000641893248              |20220523|174835|029|675|0|30300060|130010014|130753522|1|20220523|132135|8001099|20220523|183833|8002758|1|1250|0|      |20220523|20220523|0603|2022-06-03 07:03:18
453767|0000000712003812              |20220523|183633|005|676|0|30300040|130010013|130759813|1|20220523|180818|8001596|20220523|184813|8002757|1|1250|0|      |20220523|20220523|0603|2022-06-03 07:03:18
453769|0000000678041273              |20220523|180728|020|675|0|30300080|130010009|130759152|1|20220523|173653|8001098|20220523|184729|8002950|1|1250|0|      |20220523|20220523|0603|2022-06-03 07:03:18
453798|0000000760214479              |20220523|122552|017|675|0|30300067|130010001|130759717|1|20220523|115733|8001252|20220523|124048|8002437|1|1250|0|      |20220523|20220523|0603|2022-06-03 07:03:18
453800|0000000727425355              |20220523|081024|021|675|0|30300050|130010007|130759302|1|20220523|053803|8002535|20220523|085048|8007540|1|1250|0|      |20220523|20220523|0603|2022-06-03 07:03:18
453802|0000000647489870              |20220523|081747|008|675|0|30300067|130010001|130759717|1|20220523|080429|8002968|20220523|082732|8002935|1|1250|0|      |20220523|20220523|0603|2022-06-03 07:03:18
453804|0000000721791785              |20220523|082923|025|675|0|30300095|130010005|130759230|1|20220523|081509|8001287|20220523|083518|8002466|1|1250|0|      |20220523|20220523|0603|2022-06-03 07:03:18
453806|0000000903870901              |20220523|080436|022|675|0|30300091|130010013|130759812|1|20220523|061131|8002614|20220523|083620|8001474|1|1250|0|      |20220523|20220523|0603|2022-06-03 07:03:18
453808|0000000650041253              |20220523|082455|024|674|0|30300100|130010002|130752393|1|20220523|080751|8001029|20220523|084156|8001934|1|1250|0|      |20220523|20220523|0603|2022-06-03 07:03:18
453810|0000000921743392              |20220523|083934|018|676|0|30300040|130010013|130759804|1|20220523|070409|8001612|20220523|092618|8001091|1|1250|0|      |20220523|20220523|0603|2022-06-03 07:03:18
453812|0000000767064631              |20220523|180824|001|675|0|30300046|130010002|130752342|1|20220523|174156|8001525|20220523|191006|8001190|1|1250|0|      |20220523|20220523|0603|2022-06-03 07:03:18
453814|0000000755474673              |20220523|184627|005|675|0|30300066|130010015|130759682|1|20220523|181059|8001927|20220523|190427|8002457|1|1250|0|      |20220523|20220523|0603|2022-06-03 07:03:18
439845|0000000755043636              |20220523|170615|003|676|1|30300040|130010007|130759385|1|20220523|161953|8007280|20220523|173314|8001401|1|0|0|      |20220523|20220523|0603|2022-06-03 07:03:18
439847|0000000920859812              |20220523|175030|022|675|1|30300058|130010004|130752288|1|20220523|170801|8001929|20220523|181125|8005913|1|0|0|      |20220523|20220523|0603|2022-06-03 07:03:18
439849|0000000776404319              |20220523|173119|009|674|1|30300100|130010002|130752506|1|20220523|162313|8001929|20220523|175702|8001158|1|0|0|      |20220523|20220523|0603|2022-06-03 07:03:18
439851|0000000742153334              |20220523|125543|024|676|2|30300040|130010007|130759364|1|20220523|121017|8007280|20220523|130031|8002904|1|0|0|      |20220523|20220523|0603|2022-06-03 07:03:18
439853|0000000910666147              |20220523|131155|002|675|0|30300082|130010001|130759728|4|20220523|123913|8001929|20220523|134741|8002828|1|750|0|      |20220523|20220523|0603|2022-06-03 07:03:18
439855|0000000921284226              |20220523|131527|021|675|2|30300055|130010014|130753259|1|20220523|111929|8001929|20220523|132104|8001539|1|0|0|      |20220523|20220523|0603|2022-06-03 07:03:18
439857|0000000654668744              |20220523|230614|008|674|1|30300100|130010002|130752348|1|20220523|194357|8001929|20220523|230856|8002433|1|0|0|      |20220523|20220523|0603|2022-06-03 07:03:18
439859|0000000725567383              |20220523|213522|011|680|1|30300052|130010002|130752322|1|20220523|202432|8001929|20220523|213612|8001935|1|0|0|      |20220523|20220523|0603|2022-06-03 07:03:18
439861|0000000768902899              |20220523|222222|030|675|1|30300078|130010008|130752168|1|20220523|220758|8007280|20220523|222703|8007270|1|0|0|      |20220523|20220523|0603|2022-06-03 07:03:18
439863|0000000751867731              |20220523|221754|017|675|1|30300055|130010014|130753218|1|20220523|212454|8001929|20220523|222715|8002926|1|0|0|      |20220523|20220523|0603|2022-06-03 07:03:18
439865|0000000907955486              |20220523|100746|012|676|1|30300040|130010007|130759343|1|20220523|091931|8007280|20220523|101223|8002904|1|0|0|      |20220523|20220523|0603|2022-06-03 07:03:18
439867|0000000775879414              |20220523|104611|025|675|1|30300055|130010014|130753212|1|20220523|061351|8001929|20220523|105441|8001663|1|0|0|      |20220523|20220523|0603|2022-06-03 07:03:18
439869|0000000766503170              |20220523|111524|004|676|2|30300051|130010008|130752103|1|20220523|104643|8001929|20220523|111857|8002433|1|0|0|      |20220523|20220523|0603|2022-06-03 07:03:18
440276|0000000619553577              |20220523|085611|016|676|1|30300036|130010012|130753372|1|20220523|084503|8001681|20220523|091544|8002721|1|0|0|      |20220523|20220523|0603|2022-06-03 07:03:18
440278|0000000642687730              |20220523|091822|023|676|1|30300036|130010011|130759537|1|20220523|090856|8001681|20220523|094104|8002721|1|0|0|      |20220523|20220523|0603|2022-06-03 07:03:18
440280|0000000908820048              |20220523|100137|004|675|1|30300048|130010006|130752061|1|20220523|094623|8001681|20220523|100431|8002849|1|0|0|      |20220523|20220523|0603|2022-06-03 07:03:18
440282|0000000717776657              |20220523|184245|020|675|2|30300082|130010001|130759709|1|20220523|183004|8002824|20220523|185201|8002440|1|0|0|      |20220523|20220523|0603|2022-06-03 07:03:18
440284|0000000742072264              |20220523|182656|006|675|1|30300075|130010005|130759264|1|20220523|134731|8002824|20220523|183506|8002296|1|0|0|      |20220523|20220523|0603|2022-06-03 07:03:18
440286|0000000725320515              |20220523|193655|030|680|1|30300027|130010006|130752075|1|20220523|191002|8002824|20220523|194025|8002625|1|0|0|      |20220523|20220523|0603|2022-06-03 07:03:18
440288|0000000710575284              |20220523|194918|007|675|3|30300083|130010001|130759771|1|20220523|194125|8002824|20220523|195141|8002825|1|0|0|      |20220523|20220523|0603|2022-06-03 07:03:18
440290|0000000741753315              |20220523|054327|010|676|1|30300086|130010013|130759874|1|20220523|053548|8002437|20220523|062658|8001424|1|0|0|      |20220523|20220523|0603|2022-06-03 07:03:18
440292|0000000903996573              |20220523|065825|012|674|1|30300002|130010007|130759338|1|20220523|063755|8002437|20220523|080342|8003021|1|0|0|      |20220523|20220523|0603|2022-06-03 07:03:18
440294|0000000753489976              |20220523|073159|019|675|1|30300067|130010001|130759701|1|20220523|065011|8002437|20220523|075027|8002449|1|0|0|      |20220523|20220523|0603|2022-06-03 07:03:18
440296|0000000639592127              |20220523|082222|004|675|1|30300048|130010006|130752004|1|20220523|081152|8001681|20220523|083308|8002849|1|0|0|      |20220523|20220523|0603|2022-06-03 07:03:18
440298|0000000743018319              |20220523|143548|015|676|1|30300040|130010013|130759873|1|20220523|133005|8001097|20220523|144224|8001401|1|0|0|      |20220523|20220523|0603|2022-06-03 07:03:18
440300|0000000755890682              |20220523|203322|013|674|1|30300002|130010007|130759326|1|20220523|183853|8002437|20220523|203611|8001418|1|0|0|      |20220523|20220523|0603|2022-06-03 07:03:18
440302|0000000760841823              |20220523|202937|022|676|1|30300036|130010011|130759520|1|20220523|202231|8001681|20220523|203744|8002210|1|0|0|      |20220523|20220523|0603|2022-06-03 07:03:18
440709|0000000908869301              |20220523|175234|003|676|0|30300054|130010007|130759349|4|20220523|170735|8002468|20220523|181121|8001707|1|750|0|      |20220523|20220523|0603|2022-06-03 07:03:18
440711|0000000751891264              |20220523|130000|002|679|1|30300063|130010001|130759740|1|20220523|124938|8001096|20220523|131015|8002634|1|0|0|      |20220523|20220523|0603|2022-06-03 07:03:18
440713|0000000759673433              |20220523|132732|002|676|2|30300054|130010007|130759363|1|20220523|125643|8002468|20220523|134125|8001707|1|0|0|      |20220523|20220523|0603|2022-06-03 07:03:18
440715|0000000773190316              |20220523|214423|026|675|1|30300081|130010011|130759533|1|20220523|162735|8001005|20220523|220402|8001745|1|0|0|      |20220523|20220523|0603|2022-06-03 07:03:18
440717|0000000743018319              |20220523|221633|016|678|1|30300074|130010014|130753248|1|20220523|215906|8001096|20220523|222005|8007372|1|0|0|      |20220523|20220523|0603|2022-06-03 07:03:18
440719|0000000670284989              |20220523|103038|023|676|1|30300069|130010001|130759751|1|20220523|102014|8001096|20220523|103613|8007372|1|0|0|      |20220523|20220523|0603|2022-06-03 07:03:18
440721|0000000904141802              |20220523|121338|014|676|2|30300041|130010012|130753320|1|20220523|102730|8001096|20220523|122200|8002636|1|0|0|      |20220523|20220523|0603|2022-06-03 07:03:18
440723|0000000668855192              |20220523|082407|014|676|1|30300131|130010008|130752706|1|20220523|070028|8002468|20220523|085254|8001117|1|0|0|      |20220523|20220523|0603|2022-06-03 07:03:18
440725|0000000718429284              |20220523|081123|003|675|1|30300060|130010014|130753523|1|20220523|070110|8001005|20220523|083839|8002386|1|0|0|      |20220523|20220523|0603|2022-06-03 07:03:18
440727|0000000733739869              |20220523|090148|025|676|1|30300072|130010001|130759712|1|20220523|082726|8001005|20220523|090613|8003006|1|0|0|      |20220523|20220523|0603|2022-06-03 07:03:18
442052|0000000748210555              |20220523|215500|018|675|0|30300058|130010004|130752259|1|20220523|124748|8002630|~       |      |~      |1|1250|0|      |20220523|~       |0603|2022-06-03 07:03:18
442054|0000000903883664              |20220523|220229|031|675|0|30300058|130010004|130752255|1|20220523|142251|8002946|~       |      |~      |1|1250|0|      |20220523|~       |0603|2022-06-03 07:03:18
442056|0000000903049223              |20220523|104030|013|675|0|30300058|130010004|130752259|1|20220523|090106|8001086|~       |      |~      |1|1250|0|      |20220523|~       |0603|2022-06-03 07:03:18
442058|0000000720327818              |20220523|104809|029|675|0|30300058|130010004|130752292|4|20220523|061521|8001983|~       |      |~      |1|750|0|      |20220523|~       |0603|2022-06-03 07:03:18
442060|0000000625029953              |20220523|112819|005|675|0|30300058|130010004|130752255|1|20220523|104634|8002620|~       |      |~      |1|1250|0|      |20220523|~       |0603|2022-06-03 07:03:18
442062|0000000770332006              |20220523|091524|022|675|0|30300058|130010004|130752255|1|20220523|084602|8001406|~       |      |~      |1|1250|0|      |20220523|~       |0603|2022-06-03 07:03:18
442064|0000000910248744              |20220523|093050|023|676|0|30300070|130010004|130752208|4|20220523|084708|8007183|~       |      |~      |1|750|0|      |20220523|~       |0603|2022-06-03 07:03:18
442066|0000000757806934              |20220523|094004|026|675|1|30300058|130010004|130752257|1|20220523|090651|8001940|~       |      |~      |1|0|0|      |20220523|~       |0603|2022-06-03 07:03:18
442518|0000000735554008              |20220523|202916|013|675|0|30300062|130010008|130752721|1|20220523|195609|8002278|~       |      |~      |1|1250|0|      |20220523|~       |0603|2022-06-03 07:03:18
442520|0000000749251363              |20220523|211627|019|675|0|30300062|130010008|130752137|1|20220523|205829|8002428|~       |      |~      |1|1250|0|      |20220523|~       |0603|2022-06-03 07:03:18
442522|0000000903457870              |20220523|150602|014|675|0|30300077|130010006|130752064|1|20220523|145656|8001197|~       |      |~      |1|1250|0|      |20220523|~       |0603|2022-06-03 07:03:18
442524|0000000736966150              |20220523|160142|006|675|0|30300077|130010006|130752054|1|20220523|151502|8001493|~       |      |~      |1|1250|0|      |20220523|~       |0603|2022-06-03 07:03:18
442526|0000000610831913              |20220523|170552|018|675|0|30300077|130010006|130752054|1|20220523|163041|8002603|~       |      |~      |1|1250|0|      |20220523|~       |0603|2022-06-03 07:03:18
442528|0000000648005383              |20220523|172624|022|673|0|30300001|130510004|130751102|1|20220523|054949|8002531|~       |      |~      |1|1100|0|      |20220523|~       |0603|2022-06-03 07:03:18
442530|0000000721294239              |20220523|175059|022|675|0|30300101|130010002|130752311|1|20220523|162834|8001055|~       |      |~      |1|1250|0|      |20220523|~       |0603|2022-06-03 07:03:18
442532|0000000906017745              |20220523|175431|004|676|0|30300130|130010008|130752146|1|20220523|171038|8002605|~       |      |~      |1|1250|0|      |20220523|~       |0603|2022-06-03 07:03:18
442534|0000000678616897              |20220523|175540|008|675|0|30300062|130010008|130752135|1|20220523|171744|8001393|~       |      |~      |1|1250|0|      |20220523|~       |0603|2022-06-03 07:03:18
442536|0000000700936796              |20220523|121915|011|676|0|30300130|130010008|130752139|1|20220523|112951|8003051|~       |      |~      |1|1250|0|      |20220523|~       |0603|2022-06-03 07:03:18
442538|0000000441862982              |20220523|121256|007|675|0|30300077|130010006|130752017|1|20220523|094329|8001490|~       |      |~      |1|1250|0|      |20220523|~       |0603|2022-06-03 07:03:18
442540|0000000677299973              |20220523|130253|021|676|0|30300130|130010008|130752718|1|20220523|121343|8001236|~       |      |~      |1|1250|0|      |20220523|~       |0603|2022-06-03 07:03:18
442542|0000000739596025              |20220523|214254|029|675|0|30300062|130010008|130752133|4|20220523|202119|8001989|~       |      |~      |1|750|0|      |20220523|~       |0603|2022-06-03 07:03:18
442544|0000000739516757              |20220523|223954|022|675|0|30300101|130010002|130752396|1|20220523|221146|8002978|~       |      |~      |1|1250|0|      |20220523|~       |0603|2022-06-03 07:03:18
442546|0000000910345598              |20220523|104310|018|676|0|30300130|130010008|130752149|1|20220523|102358|8007360|~       |      |~      |1|1250|0|      |20220523|~       |0603|2022-06-03 07:03:18
442999|0000001110624838              |20220523|071804|001|676|0|30300073|130010009|130759178|1|20220523|070656|8002573|~       |      |~      |1|1250|0|      |20220523|~       |0603|2022-06-03 07:03:18
443001|0000000789019833              |20220523|135944|001|676|0|30300068|130010006|130752030|1|20220523|134928|8003101|~       |      |~      |1|1250|0|      |20220523|~       |0603|2022-06-03 07:03:18
443003|0000000698964542              |20220523|145824|001|676|0|30300088|130010006|130752006|1|20220523|143111|8001310|~       |      |~      |1|1250|0|      |20220523|~       |0603|2022-06-03 07:03:18
443005|0000000660965789              |20220523|190129|017|674|0|30300002|130010007|130759324|1|20220523|183220|8002140|20220523|191253|8002464|1|1250|0|      |20220523|20220523|0603|2022-06-03 07:03:18
443007|0000000742430462              |20220523|190241|025|675|0|30300055|130010014|130753267|1|20220523|180455|8001548|20220523|191525|8001553|1|1250|0|      |20220523|20220523|0603|2022-06-03 07:03:18
443009|0000000642946524              |20220523|192352|019|674|0|30300002|130010007|130759318|1|20220523|190325|8001792|20220523|194934|8002611|1|1250|0|      |20220523|20220523|0603|2022-06-03 07:03:18
443011|0000000722388191              |20220523|063850|001|675|0|30300053|130010002|130752376|1|20220523|062325|8001156|20220523|064407|8001081|1|1250|0|      |20220523|20220523|0603|2022-06-03 07:03:18
443013|0000000748327049              |20220523|071044|005|675|0|30300047|130010001|130759718|1|20220523|065823|8001827|20220523|075428|8005516|1|1250|0|      |20220523|20220523|0603|2022-06-03 07:03:18
443015|0000000651234134              |20220523|064635|013|675|0|30300047|130010001|130759705|1|20220523|062903|8070029|20220523|070844|8001851|1|1250|0|      |20220523|20220523|0603|2022-06-03 07:03:18
443017|0000000719999151              |20220523|074005|007|675|0|30300047|130010001|130759433|1|20220523|073057|8001827|20220523|075525|8003053|1|1250|0|      |20220523|20220523|0603|2022-06-03 07:03:18
443019|0000000726457138              |20220523|064324|031|675|0|30300079|130010009|130759173|1|20220523|053047|8001430|20220523|070326|8002454|1|1250|0|      |20220523|20220523|0603|2022-06-03 07:03:18
443021|0000000743407465              |20220523|072247|002|675|0|30300079|130010009|130759173|1|20220523|053047|8001855|20220523|073058|8002119|1|1250|0|      |20220523|20220523|0603|2022-06-03 07:03:18
443023|0000000903941667              |20220523|081646|011|675|0|30300079|130010009|130759123|1|20220523|075924|8002310|20220523|082039|8002309|1|1250|0|      |20220523|20220523|0603|2022-06-03 07:03:18
443025|0000000751749871              |20220523|080606|005|675|0|30300079|130010009|130759175|1|20220523|075543|8007446|20220523|081538|8002544|1|1250|0|      |20220523|20220523|0603|2022-06-03 07:03:18
444362|0000000741995230              |20220523|195327|003|676|0|30300054|130010007|130759355|1|20220523|191703|8002556|~       |      |~      |1|1250|0|      |20220523|~       |0603|2022-06-03 07:03:18
444817|0000000637566259              |20220523|072728|029|675|1|30300055|130010014|130753251|1|20220523|064907|8002635|~       |      |~      |1|0|0|      |20220523|~       |0603|2022-06-03 07:03:18
444819|0000000911367218              |20220523|144928|009|675|0|30300055|130010014|130753249|1|20220523|135926|8002340|~       |      |~      |1|1250|0|      |20220523|~       |0603|2022-06-03 07:03:18
444821|0000000716892338              |20220523|202537|020|676|0|30300054|130010007|130759378|1|20220523|200234|8001645|~       |      |~      |1|1250|0|      |20220523|~       |0603|2022-06-03 07:03:18
444823|0000000918182042              |20220523|210923|011|676|0|30300054|130010007|130759358|1|20220523|201042|8001586|~       |      |~      |1|1250|0|      |20220523|~       |0603|2022-06-03 07:03:18
444825|0000000728880532              |20220523|163005|009|675|0|30300055|130010014|130753211|1|20220523|143614|8002764|~       |      |~      |1|1250|0|      |20220523|~       |0603|2022-06-03 07:03:18
444827|0000000759138232              |20220523|170709|009|675|0|30300055|130010014|130753268|1|20220523|125555|8002346|~       |      |~      |1|1250|0|      |20220523|~       |0603|2022-06-03 07:03:18
444829|0000000743047176              |20220523|174346|014|675|0|30300055|130010014|130753252|1|20220523|151401|8002627|~       |      |~      |1|1250|0|      |20220523|~       |0603|2022-06-03 07:03:18
444831|0000000908219339              |20220523|174713|001|675|0|30300055|130010014|130753229|1|20220523|164738|8002340|~       |      |~      |1|1250|0|      |20220523|~       |0603|2022-06-03 07:03:18
444833|0000000717119136              |20220523|181432|031|676|0|30300054|130010007|130759360|1|20220523|165851|8001555|~       |      |~      |1|1250|0|      |20220523|~       |0603|2022-06-03 07:03:18
444835|0000000903411406              |20220523|224500|001|675|1|30300055|130010014|130753261|1|20220523|222730|8001538|~       |      |~      |1|0|0|      |20220523|~       |0603|2022-06-03 07:03:18
444837|0000000666122779              |20220523|221812|030|675|0|30300055|130010014|130753238|1|20220523|212754|8001499|~       |      |~      |1|1250|0|      |20220523|~       |0603|2022-06-03 07:03:18
444839|0000000740654254              |20220523|090803|031|675|0|30300055|130010014|130753205|1|20220523|060403|8001499|~       |      |~      |2|2500|0|      |20220523|~       |0603|2022-06-03 07:03:18
444841|0000000655919964              |20220523|093431|009|675|0|30300055|130010014|130753211|1|20220523|070820|8002635|~       |      |~      |1|1250|0|      |20220523|~       |0603|2022-06-03 07:03:18
444843|0000000627171491              |20220523|193017|010|675|0|30300055|130010014|130753269|1|20220523|182329|8001499|~       |      |~      |1|1250|0|      |20220523|~       |0603|2022-06-03 07:03:18
444845|0000000760799069              |20220523|202835|003|676|0|30300037|130010006|130752050|1|20220523|145951|8002343|~       |      |~      |1|1250|0|      |20220523|~       |0603|2022-06-03 07:03:18
445300|0000000739658784              |20220523|081037|026|832|1|30300128|130710001|130759912|1|20220523|041932|8007289|20220523|083356|3054003|1|450|300|      |20220523|20220523|0603|2022-06-03 07:03:18
445302|0000000741321013              |20220523|081046|002|832|1|30300128|130710001|130759912|1|20220523|041932|8007289|20220523|083605|3062006|1|450|300|      |20220523|20220523|0603|2022-06-03 07:03:18
445304|0000000740948420              |20220523|074826|014|832|1|30300128|130710001|130759912|1|20220523|041932|8007412|20220523|083439|3054003|1|450|300|      |20220523|20220523|0603|2022-06-03 07:03:18
445306|0000000627823539              |20220523|074833|030|832|0|30300128|130710001|130759912|1|20220523|041932|8007412|20220523|083652|3062006|1|1700|300|      |20220523|20220523|0603|2022-06-03 07:03:18
445308|0000000603998975              |20220523|074836|008|832|0|30300128|130710001|130759912|1|20220523|041932|8007412|20220523|083700|3062006|1|1700|300|      |20220523|20220523|0603|2022-06-03 07:03:18
445310|0000000900725059              |20220523|081047|005|832|2|30300128|130710001|130759912|1|20220523|041932|8007289|20220523|083244|3053005|1|450|300|      |20220523|20220523|0603|2022-06-03 07:03:18
445312|0000000904424583              |20220523|074857|022|832|0|30300128|130710001|130759912|1|20220523|041932|8007412|20220523|083136|8007052|1|1700|300|      |20220523|20220523|0603|2022-06-03 07:03:18
445314|0000000629399355              |20220523|075244|001|832|0|30300128|130710001|130759912|1|20220523|041932|8007271|20220523|083825|8007053|1|1700|300|      |20220523|20220523|0603|2022-06-03 07:03:18
445316|0000000905485909              |20220523|075351|010|832|0|30300128|130710001|130759912|1|20220523|041932|8007273|20220523|083442|3054003|1|1700|300|      |20220523|20220523|0603|2022-06-03 07:03:18
445318|0000000773873136              |20220523|075516|014|832|1|30300128|130710001|130759912|1|20220523|041932|8007275|20220523|083312|3053005|1|450|300|      |20220523|20220523|0603|2022-06-03 07:03:18
445320|0000000763791701              |20220523|074406|014|832|0|30300128|130710001|130759912|1|20220523|041932|8007268|20220523|082540|8007295|1|1700|300|      |20220523|20220523|0603|2022-06-03 07:03:18
445322|0000000749954909              |20220523|075833|011|832|0|30300128|130710001|130759912|1|20220523|041932|8007279|20220523|082546|8007295|1|1700|300|      |20220523|20220523|0603|2022-06-03 07:03:18
445324|0000000700893246              |20220523|074450|005|832|0|30300128|130710001|130759912|1|20220523|041932|8007268|20220523|081825|8007291|1|1700|300|      |20220523|20220523|0603|2022-06-03 07:03:18
445326|0000000657861431              |20220523|082404|027|832|0|30300128|130710001|130759917|1|20220523|055427|8007268|20220523|091601|3054003|1|1700|300|      |20220523|20220523|0603|2022-06-03 07:03:18
445760|0000000770899693              |20220523|164006|009|832|0|30300128|130710001|130759918|1|20220523|061643|8007289|20220523|170427|3054003|1|1700|300|      |20220523|20220523|0603|2022-06-03 07:03:18
445762|0000000740829693              |20220523|161755|003|832|0|30300128|130710001|130759918|1|20220523|061643|8007412|20220523|170643|3062006|1|1700|300|      |20220523|20220523|0603|2022-06-03 07:03:18
445764|0000000637970111              |20220523|164010|019|832|1|30300128|130710001|130759918|1|20220523|061643|8007289|20220523|171059|3056003|1|450|300|      |20220523|20220523|0603|2022-06-03 07:03:18
445766|0000000739437637              |20220523|170701|021|832|0|30300128|130710001|130759918|1|20220523|061643|3062006|20220523|172927|8007055|1|1700|300|      |20220523|20220523|0603|2022-06-03 07:03:18
445768|0000000702651342              |20220523|171113|014|832|0|30300128|130710001|130759918|1|20220523|061643|3056003|20220523|173003|8007055|1|1700|300|      |20220523|20220523|0603|2022-06-03 07:03:18
445770|0000000757763009              |20220523|173553|018|832|0|30300128|130710001|130759918|1|20220523|061643|9007055|20220523|175455|3056002|1|1700|300|      |20220523|20220523|0603|2022-06-03 07:03:18
445772|0000000752857377              |20220523|173535|009|832|0|30300128|130710001|130759918|1|20220523|061643|9007055|20220523|180237|8007057|1|1700|300|      |20220523|20220523|0603|2022-06-03 07:03:18
473300|0000000678429132              |20220523|075259|010|676|0|30300072|130010001|130759706|1|20220523|071038|8002617|20220523|080458|8001232|1|1250|0|      |20220523|20220523|0603|2022-06-03 07:03:19
473302|0000000653337302              |20220523|061121|012|675|0|30300062|130010008|130752133|1|20220523|055618|8002428|20220523|063608|8001923|1|1250|0|      |20220523|20220523|0603|2022-06-03 07:03:19
473304|0000000663039368              |20220523|070601|012|675|0|30300062|130010008|130752705|1|20220523|064548|8002794|20220523|073646|8002883|1|1250|0|      |20220523|20220523|0603|2022-06-03 07:03:19
473306|0000000741033143              |20220523|142557|017|675|0|30300065|130010004|130752269|1|20220523|140530|8007270|20220523|143240|8001421|1|1250|0|      |20220523|20220523|0603|2022-06-03 07:03:19
474576|0000000745482619              |20220523|102528|030|676|0|30300051|130010008|130752128|1|20220523|100133|8001117|20220523|104111|8001489|1|1250|0|      |20220523|20220523|0603|2022-06-03 07:03:19
474578|0000000734405273              |20220523|100242|012|676|0|30300054|130010007|130759340|1|20220523|095300|8002050|20220523|103302|8001568|1|1250|0|      |20220523|20220523|0603|2022-06-03 07:03:19
474985|0000000741443285              |20220523|195103|029|676|0|30300041|130010012|130753303|1|20220523|132544|8002411|20220523|200100|8070029|1|1250|0|      |20220523|20220523|0603|2022-06-03 07:03:19
474987|0000000729008522              |20220523|141025|029|676|0|30300041|130010012|130753310|1|20220523|140105|8003100|20220523|150741|8001034|1|1250|0|      |20220523|20220523|0603|2022-06-03 07:03:19
474989|0000000727257195              |20220523|164825|018|676|0|30300041|130010012|130753309|1|20220523|141305|8002538|20220523|171119|8002702|1|1250|0|      |20220523|20220523|0603|2022-06-03 07:03:19
474991|0000000675912160              |20220523|173547|021|676|0|30300041|130010012|130753303|1|20220523|132544|8001061|20220523|174637|8001629|1|1250|0|      |20220523|20220523|0603|2022-06-03 07:03:19
474993|0000000661337617              |20220523|131543|009|676|0|30300041|130010012|130753370|1|20220523|124930|8001287|20220523|134055|8002648|1|1250|0|      |20220523|20220523|0603|2022-06-03 07:03:19
474995|0000000617613156              |20220523|225622|021|676|0|30300041|130010012|130753318|1|20220523|210929|8002636|20220523|230225|8002703|1|1250|0|      |20220523|20220523|0603|2022-06-03 07:03:19
474997|0000000742268083              |20220523|095426|022|676|0|30300041|130010012|130753309|1|20220523|083001|8002650|20220523|101139|8001034|1|1250|0|      |20220523|20220523|0603|2022-06-03 07:03:19
474999|0000000775990364              |20220523|090047|008|676|0|30300041|130010012|130753332|1|20220523|082017|8001570|20220523|091006|8002088|1|1250|0|      |20220523|20220523|0603|2022-06-03 07:03:19
475001|0000000730393692              |20220523|084720|015|676|0|30300041|130010012|130753313|1|20220523|084208|8001033|20220523|085202|8001040|1|1250|0|      |20220523|20220523|0603|2022-06-03 07:03:19
475003|0000000741752888              |20220523|180908|021|676|0|30300041|130010012|130753304|1|20220523|152630|8002411|20220523|181510|8003099|1|1250|0|      |20220523|20220523|0603|2022-06-03 07:03:19
475005|0000000706885580              |20220523|150013|031|676|0|30300041|130010012|130753324|1|20220523|144623|8003100|20220523|150313|8070027|1|1250|0|      |20220523|20220523|0603|2022-06-03 07:03:19
475007|0000000918261372              |20220523|182540|009|676|0|30300054|130010007|130759386|1|20220523|174000|8002556|20220523|183335|8001311|1|1250|0|      |20220523|20220523|0603|2022-06-03 07:03:19
475009|0000000903885298              |20220523|221052|021|676|0|30300054|130010007|130759341|1|20220523|214757|8002160|20220523|221306|8001089|1|1250|0|      |20220523|20220523|0603|2022-06-03 07:03:19
475416|0000000770845512              |20220523|070535|012|676|0|30300093|130010004|130752262|1|20220523|054608|8001398|20220523|071703|8001097|1|1250|0|      |20220523|20220523|0603|2022-06-03 07:03:19
475418|0000000749257871              |20220523|200451|014|676|0|30300093|130010004|130752207|1|20220523|192951|8007394|20220523|202640|8001097|1|1250|0|      |20220523|20220523|0603|2022-06-03 07:03:19
475420|0000000778539107              |20220523|152433|009|676|0|30300051|130010008|130752142|1|20220523|150419|8001372|20220523|161148|8001097|1|1250|0|      |20220523|20220523|0603|2022-06-03 07:03:19
475422|0000000778298074              |20220523|103658|010|676|0|30300040|130010007|130759389|1|20220523|100528|8002869|20220523|110221|8001097|1|1250|0|      |20220523|20220523|0603|2022-06-03 07:03:19
475424|0000000762988962              |20220523|124036|022|676|0|30300051|130010008|130752142|1|20220523|114242|8002995|20220523|125208|8001097|1|1250|0|      |20220523|20220523|0603|2022-06-03 07:03:19
475426|0000000771785800              |20220523|084007|019|676|0|30300037|130010006|130752007|1|20220523|074817|8002906|20220523|084800|8001097|1|1250|0|      |20220523|20220523|0603|2022-06-03 07:03:19
475428|0000000634619516              |20220523|092453|028|676|0|30300093|130010004|130752230|1|20220523|090339|8005511|20220523|095836|8001097|1|1250|0|      |20220523|20220523|0603|2022-06-03 07:03:19
475430|0000000739520840              |20220523|183132|023|676|0|30300051|130010008|130752124|1|20220523|180008|8002547|20220523|191101|8001097|1|1250|0|      |20220523|20220523|0603|2022-06-03 07:03:19
475432|0000000631461843              |20220523|141733|029|676|0|30300090|130010005|130759219|1|20220523|124557|8007553|20220523|144649|8002468|1|1250|0|      |20220523|20220523|0603|2022-06-03 07:03:19
475434|0000000088299529              |20220523|145435|024|676|0|30300088|130010002|130752315|1|20220523|135504|8002963|20220523|150425|8002721|1|1250|0|      |20220523|20220523|0603|2022-06-03 07:03:19
475436|0000000906610106              |20220523|152341|005|676|0|30300039|130010005|130759263|1|20220523|133955|8002940|20220523|152813|8002721|1|1250|0|      |20220523|20220523|0603|2022-06-03 07:03:19
475438|0000000767841878              |20220523|171250|001|676|0|30300090|130010005|130759268|1|20220523|161915|8002609|20220523|174211|8002453|1|1250|0|      |20220523|20220523|0603|2022-06-03 07:03:19
475440|0000000725791333              |20220523|182153|028|676|0|30300088|130010002|130752338|1|20220523|171909|8002740|20220523|183000|8002721|1|1250|0|      |20220523|20220523|0603|2022-06-03 07:03:19
475442|0000000774411028              |20220523|214213|005|676|0|30300090|130010005|130759268|1|20220523|194500|8001641|20220523|215350|8002412|1|1250|0|      |20220523|20220523|0603|2022-06-03 07:03:19
475849|0000000534139049              |20220523|161026|002|675|0|30300058|130010004|130752251|4|20220523|155438|8001516|20220523|161256|8001085|1|750|0|      |20220523|20220523|0603|2022-06-03 07:03:19
475851|0000000171766069              |20220523|163220|015|675|0|30300055|130010014|130753259|1|20220523|153854|8001529|20220523|164906|8005646|1|1250|0|      |20220523|20220523|0603|2022-06-03 07:03:19
475853|0000000526759587              |20220523|161111|015|675|0|30300059|130010004|130752217|1|20220523|144542|8001355|20220523|162704|8001828|1|1250|0|      |20220523|20220523|0603|2022-06-03 07:03:19
475855|0000000545902634              |20220523|174903|022|675|0|30300064|130010015|130759625|4|20220523|172930|8002832|20220523|181228|8001874|1|750|0|      |20220523|20220523|0603|2022-06-03 07:03:19
465625|0000000677949353              |20220523|092713|010|675|0|30300055|130010014|130753211|1|20220523|070820|8002602|20220523|094225|8002340|1|1250|0|      |20220523|20220523|0603|2022-06-03 07:03:19
465627|0000000903587749              |20220523|181313|002|675|0|30300055|130010014|130753260|1|20220523|155811|8002733|20220523|185753|8002038|1|1250|0|      |20220523|20220523|0603|2022-06-03 07:03:19
465629|0000000637482862              |20220523|182306|023|675|0|30300062|130010008|130752131|1|20220523|180919|8002203|20220523|191330|8001851|1|1250|0|      |20220523|20220523|0603|2022-06-03 07:03:19
465631|0000000634175500              |20220523|191851|002|675|0|30300055|130010014|130753263|1|20220523|180708|8005646|20220523|192927|8001354|1|1250|0|      |20220523|20220523|0603|2022-06-03 07:03:19
465633|0000000776392525              |20220523|192312|014|674|0|30300002|130010007|130759325|1|20220523|182222|8001994|20220523|192725|8001419|1|1250|0|      |20220523|20220523|0603|2022-06-03 07:03:19
465635|0000000771044520              |20220523|063633|026|675|0|30300101|130010002|130752304|1|20220523|060938|8002978|20220523|064208|8002542|1|1250|0|      |20220523|20220523|0603|2022-06-03 07:03:19
465637|0000000746489575              |20220523|061651|017|675|0|30300049|130010004|130752286|1|20220523|052005|8001060|20220523|062650|8002412|1|1250|0|      |20220523|20220523|0603|2022-06-03 07:03:19
466044|0000000742306335              |20220523|203618|004|675|0|30300077|130010006|130752017|1|20220523|202429|8001040|20220523|204331|8001876|1|1250|0|      |20220523|20220523|0603|2022-06-03 07:03:19
466046|0000000900560191              |20220523|211031|022|675|0|30300055|130010014|130753265|1|20220523|130658|8002345|20220523|211159|8002488|1|1250|0|      |20220523|20220523|0603|2022-06-03 07:03:19
466048|0000000720970319              |20220523|143749|001|675|0|30300058|130010004|130752200|1|20220523|135620|8001647|20220523|150420|8001515|1|1250|0|      |20220523|20220523|0603|2022-06-03 07:03:19
466050|0000000719880743              |20220523|152743|010|675|0|30300064|130010015|130759626|1|20220523|151628|8001253|20220523|155210|8001412|1|1250|0|      |20220523|20220523|0603|2022-06-03 07:03:19
466052|0000000776702966              |20220523|154731|007|674|0|30300104|130010002|130752333|1|20220523|152225|8005997|20220523|160223|8002453|1|1250|0|      |20220523|20220523|0603|2022-06-03 07:03:19
466054|0000000740705774              |20220523|161040|004|675|0|30300082|130010001|130759739|1|20220523|143407|8002081|20220523|163834|8001928|1|1250|0|      |20220523|20220523|0603|2022-06-03 07:03:19
466056|0000000662204866              |20220523|164515|010|675|0|30300053|130010002|130752387|1|20220523|150321|8001587|20220523|170856|8001028|1|1250|0|      |20220523|20220523|0603|2022-06-03 07:03:19
466058|0000000701174708              |20220523|173031|001|675|0|30300053|130010002|130752328|1|20220523|154452|8001276|20220523|173439|8002119|1|1250|0|      |20220523|20220523|0603|2022-06-03 07:03:19
466060|0000000776615230              |20220523|180221|021|675|0|30300065|130010004|130752269|1|20220523|172127|8002572|20220523|180842|8002690|1|1250|0|      |20220523|20220523|0603|2022-06-03 07:03:19
466062|0000000717955544              |20220523|180645|010|675|0|30300053|130010002|130752394|1|20220523|172714|8001491|20220523|181118|8001731|1|1250|0|      |20220523|20220523|0603|2022-06-03 07:03:19
466064|0000000634816703              |20220523|175953|024|675|0|30300084|130010001|130759418|1|20220523|172903|8001612|20220523|181257|8001994|1|1250|0|      |20220523|20220523|0603|2022-06-03 07:03:19
466066|0000000749268785              |20220523|175301|018|675|0|30300046|130010002|130752342|1|20220523|174156|8001291|20220523|182256|8005997|1|1250|0|      |20220523|20220523|0603|2022-06-03 07:03:19
466068|0000000630744256              |20220523|180121|025|675|0|30300045|130010006|130752055|1|20220523|174052|8001132|20220523|181539|8005999|1|1250|0|      |20220523|20220523|0603|2022-06-03 07:03:19
466070|0000000624239607              |20220523|115635|031|675|0|30300053|130010002|130752384|1|20220523|103112|8001587|20220523|122422|8001028|1|1250|0|      |20220523|20220523|0603|2022-06-03 07:03:19
466477|0000000776259462              |20220523|111322|030|675|0|30300055|130010014|130753225|1|20220523|105424|8001554|20220523|113202|8002339|1|1250|0|      |20220523|20220523|0603|2022-06-03 07:03:19
466479|0000000908385927              |20220523|114642|031|675|0|30300058|130010004|130752200|1|20220523|101049|8002905|20220523|115449|8007270|1|1250|0|      |20220523|20220523|0603|2022-06-03 07:03:19
466481|0000000660474583              |20220523|081107|017|675|0|30300056|130010012|130753325|1|20220523|060107|8001596|20220523|083625|8001707|1|1250|0|      |20220523|20220523|0603|2022-06-03 07:03:19
466483|0000000725415963              |20220523|083240|022|675|0|30300077|130010006|130752041|1|20220523|081809|8002581|20220523|084626|8001927|1|1250|0|      |20220523|20220523|0603|2022-06-03 07:03:19
466485|0000000742872328              |20220523|075946|015|675|0|30300049|130010004|130752276|1|20220523|071225|8001204|20220523|082829|8001934|1|1250|0|      |20220523|20220523|0603|2022-06-03 07:03:19
466487|0000000739782431              |20220523|090737|017|675|0|30300049|130010004|130752289|1|20220523|080022|8001204|20220523|092323|8001494|1|1250|0|      |20220523|20220523|0603|2022-06-03 07:03:19
466489|0000000760588946              |20220523|092025|012|675|0|30300062|130010008|130752133|1|20220523|083011|8002453|20220523|093926|8001318|1|1250|0|      |20220523|20220523|0603|2022-06-03 07:03:19
466491|0000000921443411              |20220523|184109|025|674|0|30300002|130010007|130759325|1|20220523|182222|8001230|20220523|185107|8002133|1|1250|0|      |20220523|20220523|0603|2022-06-03 07:03:19
466493|0000000779788380              |20220523|184803|027|675|0|30300062|130010008|130752131|1|20220523|180919|8001587|20220523|190700|8001669|1|1250|0|      |20220523|20220523|0603|2022-06-03 07:03:19
466495|0000000707929919              |20220523|193524|018|678|0|30300074|130010014|130753236|1|20220523|183541|8005855|20220523|194443|8001097|1|1250|0|      |20220523|20220523|0603|2022-06-03 07:03:19
466497|0000000740410536              |20220523|061118|019|675|0|30300045|130010006|130752012|1|20220523|052946|8002141|20220523|061344|8002973|1|1250|0|      |20220523|20220523|0603|2022-06-03 07:03:19
466499|0000000665080285              |20220523|055154|011|675|0|30300108|130010007|130759305|1|20220523|054721|8003070|20220523|060018|8002375|1|1250|0|      |20220523|20220523|0603|2022-06-03 07:03:19
466501|0000000903812441              |20220523|140529|016|675|0|30300047|130010001|130759732|1|20220523|125124|8002941|20220523|141143|8002411|1|1250|0|      |20220523|20220523|0603|2022-06-03 07:03:19
466908|0000000131049194              |20220523|091211|031|674|0|30300002|130010007|130759311|1|20220523|083252|8002131|20220523|093802|8001430|1|1250|0|      |20220523|20220523|0603|2022-06-03 07:03:19
466910|0000000546429106              |20220523|114912|002|675|0|30300058|130010004|130752294|1|20220523|110132|8001935|20220523|115512|8001855|1|1250|0|      |20220523|20220523|0603|2022-06-03 07:03:19
466912|0000000298102284              |20220523|123540|017|675|0|30300055|130010014|130753252|1|20220523|115718|8002485|20220523|125131|8002888|1|1250|0|      |20220523|20220523|0603|2022-06-03 07:03:19
458395|0000000733020286              |20220523|152051|001|675|0|30300095|130010005|130759230|1|20220523|145245|8001726|20220523|153429|8001571|1|1250|0|      |20220523|20220523|0603|2022-06-03 07:03:19
458397|0000000903882684              |20220523|153721|004|675|0|30300049|130010004|130752240|1|20220523|150635|8002433|20220523|160503|8005909|1|1250|0|      |20220523|20220523|0603|2022-06-03 07:03:19
458399|0000000744216579              |20220523|163415|011|674|0|30300002|130010007|130759334|1|20220523|161125|8002131|20220523|171038|8001096|1|1250|0|      |20220523|20220523|0603|2022-06-03 07:03:19
458401|0000000607057531              |20220523|170218|004|675|0|30300055|130010014|130753264|1|20220523|142019|8002894|20220523|171521|8001987|1|1250|0|      |20220523|20220523|0603|2022-06-03 07:03:19
458403|0000000723644210              |20220523|164520|016|675|0|30300108|130010007|130759305|1|20220523|152351|8002920|20220523|170720|8005900|1|1250|0|      |20220523|20220523|0603|2022-06-03 07:03:19
458405|0000000672190250              |20220523|164310|025|676|0|30300071|130010009|130759174|1|20220523|155406|8002231|20220523|170239|8002153|1|1250|0|      |20220523|20220523|0603|2022-06-03 07:03:19
458407|0000000906189000              |20220523|165012|023|675|0|30300077|130010006|130759018|1|20220523|161220|8001935|20220523|171235|8001737|1|1250|0|      |20220523|20220523|0603|2022-06-03 07:03:19
458409|0000000900251700              |20220523|170451|027|675|0|30300077|130010006|130752034|1|20220523|165748|9001059|20220523|172336|8001489|1|1250|0|      |20220523|20220523|0603|2022-06-03 07:03:19
458411|0000000718478386              |20220523|171029|009|675|0|30300081|130010011|130759571|1|20220523|133553|8002064|20220523|172502|8002219|1|1250|0|      |20220523|20220523|0603|2022-06-03 07:03:19
458818|0000000747363708              |20220523|213055|018|674|1|30300100|130010002|130752383|1|20220523|210319|8001715|20220523|214051|8001083|1|0|0|      |20220523|20220523|0603|2022-06-03 07:03:19
458820|0000000719273251              |20220523|104750|021|676|1|30300038|130010014|130753503|1|20220523|075825|8002734|20220523|104902|8001931|1|0|0|      |20220523|20220523|0603|2022-06-03 07:03:19
458822|0000000716845647              |20220523|115103|026|676|1|30300038|130010014|130753506|1|20220523|061222|8001056|20220523|121528|9002077|1|0|0|      |20220523|20220523|0603|2022-06-03 07:03:19
458824|0000000761577481              |20220523|083032|014|676|1|30300038|130010014|130753202|1|20220523|072835|8002793|20220523|085404|8001952|1|0|0|      |20220523|20220523|0603|2022-06-03 07:03:19
458826|0000000678122635              |20220523|092208|003|676|1|30300038|130010014|130753524|1|20220523|084651|8001058|20220523|092743|8001133|1|0|0|      |20220523|20220523|0603|2022-06-03 07:03:19
458828|0000000903474518              |20220523|102628|025|676|1|30300043|130010015|130759689|1|20220523|091311|8002378|20220523|103046|8005590|1|0|0|      |20220523|20220523|0603|2022-06-03 07:03:19
458830|0000000740199725              |20220523|073624|020|676|0|30300088|130010002|130752380|4|20220523|060919|8002891|20220523|074953|8001753|1|750|0|      |20220523|20220523|0603|2022-06-03 07:03:19
458832|0000000673827657              |20220523|065709|030|675|1|30300079|130010009|130759134|1|20220523|061907|8002888|20220523|070607|8001539|1|0|0|      |20220523|20220523|0603|2022-06-03 07:03:19
458834|0000000442270081              |20220523|073714|024|676|1|30300072|130010001|130759423|1|20220523|072729|8001952|20220523|074345|8002814|1|0|0|      |20220523|20220523|0603|2022-06-03 07:03:19
458836|0000000759163863              |20220523|074602|003|676|1|30300070|130010004|130752238|1|20220523|064955|8001413|20220523|080004|8001379|1|0|0|      |20220523|20220523|0603|2022-06-03 07:03:19
458838|0000000668332986              |20220523|144414|029|676|2|30300072|130010001|130759422|1|20220523|121251|8002344|20220523|144623|8002487|1|0|0|      |20220523|20220523|0603|2022-06-03 07:03:19
458840|0000000911252524              |20220523|145147|016|676|1|30300070|130010004|130752241|1|20220523|142131|8001052|20220523|150018|8002794|1|0|0|      |20220523|20220523|0603|2022-06-03 07:03:19
458842|0000000765882660              |20220523|153214|030|676|1|30300070|130010004|130752265|1|20220523|141748|8001413|20220523|154713|8002308|1|0|0|      |20220523|20220523|0603|2022-06-03 07:03:19
458844|0000000620436547              |20220523|173954|011|675|1|30300079|130010009|130759120|1|20220523|151443|8001744|20220523|174402|8002465|1|0|0|      |20220523|20220523|0603|2022-06-03 07:03:19
459251|0000000741909889              |20220523|082121|029|678|1|30300074|130010014|130753613|1|20220523|061301|8001412|20220523|082423|8002934|1|0|0|      |20220523|20220523|0603|2022-06-03 07:03:19
459253|0000000903405096              |20220523|085332|018|675|1|30300067|130010001|130759473|1|20220523|080908|8001412|20220523|091944|8001655|1|0|0|      |20220523|20220523|0603|2022-06-03 07:03:19
459255|0000000757646078              |20220523|095143|006|675|1|30300101|130010002|130752326|1|20220523|094512|8002558|20220523|100608|8001707|1|0|0|      |20220523|20220523|0603|2022-06-03 07:03:19
459257|0000000909719393              |20220523|192136|014|676|1|30300072|130010001|130759427|1|20220523|140418|8002558|20220523|192541|8001078|1|0|0|      |20220523|20220523|0603|2022-06-03 07:03:19
459259|0000000908599673              |20220523|062122|019|676|1|30300089|130010011|130759512|1|20220523|055041|8002814|20220523|063917|8002537|1|0|0|      |20220523|20220523|0603|2022-06-03 07:03:19
459261|0000000903347592              |20220523|061047|030|676|1|30300041|130010012|130753326|1|20220523|055254|8001534|20220523|062952|8002159|1|0|0|      |20220523|20220523|0603|2022-06-03 07:03:19
459263|0000000775936788              |20220523|142640|015|679|1|30300063|130010001|130759787|1|20220523|141638|8001534|20220523|144131|8002634|1|0|0|      |20220523|20220523|0603|2022-06-03 07:03:19
459265|0000000742780856              |20220523|203138|015|674|1|30300100|130010002|130752393|1|20220523|193929|8001348|20220523|210405|8001028|1|0|0|      |20220523|20220523|0603|2022-06-03 07:03:19
459267|0000000739121846              |20220523|150423|015|675|1|30300059|130010004|130752270|1|20220523|145839|8002757|20220523|150759|8001587|1|0|0|      |20220523|20220523|0603|2022-06-03 07:03:19
459269|0000000778811978              |20220523|154254|023|674|1|30300100|130010002|130752503|1|20220523|154113|8001348|20220523|160508|8002432|1|0|0|      |20220523|20220523|0603|2022-06-03 07:03:19
459271|0000000908638216              |20220523|162617|017|676|1|30300040|130010007|130759367|1|20220523|155946|8002757|20220523|163116|8002760|1|0|0|      |20220523|20220523|0603|2022-06-03 07:03:19
459273|0000000910381199              |20220523|161414|015|675|1|30300067|130010001|130759412|1|20220523|152909|8002437|20220523|164415|8001094|1|0|0|      |20220523|20220523|0603|2022-06-03 07:03:19
459275|0000000918304978              |20220523|162259|015|674|1|30300100|130010002|130752383|1|20220523|161931|8001348|20220523|165425|8002542|1|0|0|      |20220523|20220523|0603|2022-06-03 07:03:19
459682|0000000634007578              |20220523|102057|019|676|1|30300131|130010008|130752707|1|20220523|101215|8001078|20220523|105410|8007287|1|0|0|      |20220523|20220523|0603|2022-06-03 07:03:19
479690|0000000787831556              |20220523|123110|027|674|1|30300002|130010007|130759322|1|20220523|114837|8001097|20220523|130144|8002134|1|0|0|      |20220523|20220523|0603|2022-06-03 07:03:19
479692|0000000487682068              |20220523|130240|019|676|0|30300088|130010002|130752356|1|20220523|124134|8002669|20220523|131522|8001590|1|1250|0|      |20220523|20220523|0603|2022-06-03 07:03:19
479694|0000000785725015              |20220523|213032|014|675|1|30300049|130010004|130752240|1|20220523|212130|8005907|20220523|215101|8001389|1|0|0|      |20220523|20220523|0603|2022-06-03 07:03:19
479696|0000000688333383              |20220523|214706|007|676|0|30300130|130010008|130752718|1|20220523|121343|8002437|20220523|220807|8005989|2|2500|0|      |20220523|20220523|0603|2022-06-03 07:03:19
479698|0000000791746081              |20220523|112011|006|676|0|30300072|130010001|130759711|1|20220523|102618|8001232|20220523|112636|8002468|1|1250|0|      |20220523|20220523|0603|2022-06-03 07:03:19
479700|0000000791746081              |20220523|114522|006|676|1|30300054|130010007|130759375|1|20220523|110452|8002468|20220523|114553|8001078|1|0|0|      |20220523|20220523|0603|2022-06-03 07:03:19
479702|0000000400185715              |20220523|084553|003|675|0|30300059|130010004|130752217|1|20220523|071129|8002600|20220523|084810|8001850|1|1250|0|      |20220523|20220523|0603|2022-06-03 07:03:19
479704|0000000792233325              |20220523|183708|026|832|0|30300128|130710001|130759910|1|20220523|040035|8007288|20220523|191237|8007053|1|1700|300|      |20220523|20220523|0603|2022-06-03 07:03:19
479706|0000000400209094              |20220523|073331|002|676|0|30300070|130010004|130752224|4|20220523|072419|8002824|20220523|074333|8001352|1|750|0|      |20220523|20220523|0603|2022-06-03 07:03:19
479708|0000001110282479              |20220523|073216|015|677|0|30300129|130010009|130759101|1|20220523|065624|8001675|20220523|073534|8005906|1|1250|0|      |20220523|20220523|0603|2022-06-03 07:03:19
479899|0000000400114240              |20220523|111538|013|675|0|30300058|130010004|130752251|1|20220523|110215|8002705|20220523|112059|8001852|1|1250|0|      |20220523|20220523|0603|2022-06-03 07:03:19
479901|0000000682527044              |20220523|121326|013|675|1|30300080|130010009|130759145|1|20220523|120425|8001421|20220523|122603|8001097|1|0|0|      |20220523|20220523|0603|2022-06-03 07:03:19
479903|0000000400114240              |20220523|120853|013|683|1|30300016|130010004|130752284|1|20220523|041536|8001851|20220523|123619|8005180|1|0|400|      |20220523|20220523|0603|2022-06-03 07:03:19
479905|0000000794109127              |20220523|184841|009|675|1|30300060|130010014|130753245|1|20220523|181509|8001852|20220523|185239|8001716|1|0|0|      |20220523|20220523|0603|2022-06-03 07:03:19
479907|0000000400121894              |20220523|184203|023|678|0|30300074|130010014|130753236|1|20220523|183541|8005038|20220523|192211|8001412|1|1250|450|      |20220523|20220523|0603|2022-06-03 07:03:19
479909|0000000699218829              |20220523|192033|015|676|0|30300093|130010004|130752273|1|20220523|121754|8007101|20220523|193858|8001097|1|1250|0|      |20220523|20220523|0603|2022-06-03 07:03:19
479911|0000000793397902              |20220523|072909|009|832|0|30300128|130710001|130759931|1|20220523|052133|8007289|20220523|075230|3053005|1|1700|300|      |20220523|20220523|0603|2022-06-03 07:03:19
479913|0000000699270191              |20220523|071601|015|676|0|30300051|130010008|130752128|1|20220523|063928|8001714|20220523|073654|8001418|1|1250|0|      |20220523|20220523|0603|2022-06-03 07:03:19
479915|0000000695891790              |20220523|080700|030|676|0|30300036|130010012|130753302|1|20220523|080500|8070036|20220523|081451|8001206|1|1250|0|      |20220523|20220523|0603|2022-06-03 07:03:19
479917|0000000785717386              |20220523|142749|018|674|0|30300002|130010007|130759319|1|20220523|135605|8002140|20220523|144054|8002464|1|1250|0|      |20220523|20220523|0603|2022-06-03 07:03:19
479919|0000000400206134              |20220523|204824|002|676|0|30300093|130010004|130752250|4|20220523|174122|8005879|20220523|210128|8001782|1|750|0|      |20220523|20220523|0603|2022-06-03 07:03:19
479921|0000000789492069              |20220523|153904|007|676|0|30300072|130010001|130759435|1|20220523|144208|8002076|20220523|154843|8001078|1|1250|0|      |20220523|20220523|0603|2022-06-03 07:03:19
479923|0000000694991469              |20220523|160036|022|676|0|30300037|130010006|130752037|1|20220523|152020|8002312|20220523|160454|8002608|1|1250|0|      |20220523|20220523|0603|2022-06-03 07:03:19
480141|0000000792560814              |20220523|162936|003|675|0|30300053|130010002|130752378|1|20220523|161125|8001587|20220523|164943|8002119|1|1250|0|      |20220523|20220523|0603|2022-06-03 07:03:19
480143|0000000694183587              |20220523|171449|026|676|0|30300041|130010012|130753327|1|20220523|170531|8001400|20220523|175856|8001651|1|1250|0|      |20220523|20220523|0603|2022-06-03 07:03:19
480145|0000000692963741              |20220523|123259|003|675|0|30300053|130010002|130752386|1|20220523|110729|8001951|20220523|124814|8001494|1|1250|0|      |20220523|20220523|0603|2022-06-03 07:03:19
480147|0000000693970526              |20220523|130713|015|676|0|30300072|130010001|130759434|1|20220523|122322|8002100|20220523|131522|8001831|1|1250|0|      |20220523|20220523|0603|2022-06-03 07:03:19
480149|0000000789240305              |20220523|132053|014|675|0|30300053|130010002|130752328|1|20220523|123921|8002966|20220523|134332|8005583|1|1250|0|      |20220523|20220523|0603|2022-06-03 07:03:19
480151|0000000785152283              |20220523|131902|013|675|0|30300053|130010002|130752513|1|20220523|125342|8001029|20220523|134745|8001074|1|1250|0|      |20220523|20220523|0603|2022-06-03 07:03:19
480153|0000000695418861              |20220523|095728|031|676|0|30300072|130010001|130759421|1|20220523|085034|8001421|20220523|101239|8002304|1|1250|0|      |20220523|20220523|0603|2022-06-03 07:03:19
480155|0000000699807388              |20220523|104117|015|676|0|30300041|130010012|130753370|1|20220523|102209|8002993|20220523|104716|8002649|1|1250|0|      |20220523|20220523|0603|2022-06-03 07:03:19
480157|0000000781941699              |20220523|105303|007|675|0|30300053|130010002|130752385|1|20220523|104253|8002351|20220523|110254|8001785|1|1250|0|      |20220523|20220523|0603|2022-06-03 07:03:19
480159|0000001118398499              |20220523|115728|021|676|0|30300041|130010012|130753380|1|20220523|105749|8002538|20220523|120513|8001076|1|1250|0|      |20220523|20220523|0603|2022-06-03 07:03:19
480161|0000000400160928              |20220523|081517|006|675|0|30300053|130010002|130752394|1|20220523|060612|8001785|20220523|083507|8001277|1|1250|0|      |20220523|20220523|0603|2022-06-03 07:03:19
480163|0000000788399902              |20220523|084737|008|676|0|30300072|130010001|130759420|1|20220523|081248|8001036|20220523|091354|8002558|1|1250|0|      |20220523|20220523|0603|2022-06-03 07:03:19
480165|0000000400211529              |20220523|082722|021|676|0|30300041|130010012|130753318|1|20220523|052351|8002159|20220523|084758|8002721|1|1250|0|      |20220523|20220523|0603|2022-06-03 07:03:19
480167|0000000790883322              |20220523|092139|016|675|0|30300058|130010004|130752255|1|20220523|084602|8007272|20220523|093731|8002734|1|1250|0|      |20220523|20220523|0603|2022-06-03 07:03:19
475066|0000000741668273              |20220523|212100|004|676|0|30300090|130010005|130759219|1|20220523|192339|8001568|20220523|213434|8002759|1|1250|0|      |20220523|20220523|0603|2022-06-03 07:03:19
475068|0000000731717501              |20220523|162414|016|676|0|30300093|130010004|130752219|1|20220523|161152|8002909|20220523|162813|8001556|1|1250|0|      |20220523|20220523|0603|2022-06-03 07:03:19
475070|0000000778774564              |20220523|163339|012|676|0|30300090|130010005|130759215|1|20220523|151842|8005921|20220523|165538|9001641|1|1250|0|      |20220523|20220523|0603|2022-06-03 07:03:19
475072|0000000906272197              |20220523|124656|004|676|0|30300093|130010004|130752223|1|20220523|122553|8002640|20220523|132646|8002310|1|1250|0|      |20220523|20220523|0603|2022-06-03 07:03:19
475074|0000000745023631              |20220523|222627|015|676|0|30300093|130010004|130752219|1|20220523|222004|8007006|20220523|223732|8001385|1|1250|0|      |20220523|20220523|0603|2022-06-03 07:03:19
475076|0000000732739000              |20220523|105717|006|676|0|30300090|130010005|130759268|1|20220523|101424|8001919|20220523|110223|8002850|1|1250|0|      |20220523|20220523|0603|2022-06-03 07:03:19
475078|0000000772271719              |20220523|073357|029|676|0|30300093|130010004|130752213|1|20220523|053926|8001178|20220523|080416|8002207|1|1250|0|      |20220523|20220523|0603|2022-06-03 07:03:19
475080|0000000679029876              |20220523|090630|004|676|0|30300090|130010005|130759268|1|20220523|070025|8001075|20220523|093213|8001536|1|1250|0|      |20220523|20220523|0603|2022-06-03 07:03:19
475082|0000000903505017              |20220523|074401|026|676|0|30300090|130010005|130759201|1|20220523|070619|8002870|20220523|074707|8002954|1|1250|0|      |20220523|20220523|0603|2022-06-03 07:03:19
475084|0000000740884036              |20220523|071619|008|676|0|30300068|130010006|130752052|1|20220523|055840|8001784|20220523|074005|8002642|1|1250|0|      |20220523|20220523|0603|2022-06-03 07:03:19
475086|0000000742818937              |20220523|145111|008|676|0|30300130|130010008|130752138|1|20220523|135806|8002304|20220523|145738|8002298|1|1250|0|      |20220523|20220523|0603|2022-06-03 07:03:19
475088|0000000905092025              |20220523|154025|006|676|0|30300130|130010008|130752138|1|20220523|151114|8002341|20220523|154941|8002358|1|1250|0|      |20220523|20220523|0603|2022-06-03 07:03:19
475090|0000000918021983              |20220523|154143|012|676|0|30300130|130010008|130752718|1|20220523|121343|8002603|20220523|160704|8002304|1|1250|0|      |20220523|20220523|0603|2022-06-03 07:03:19
475497|0000000709278336              |20220523|162459|016|676|0|30300051|130010008|130752122|1|20220523|160714|8001289|20220523|170425|8002629|1|1250|0|      |20220523|20220523|0603|2022-06-03 07:03:19
475499|0000000743351920              |20220523|173803|013|676|0|30300051|130010008|130752109|1|20220523|155224|8001415|20220523|181556|8001079|1|1250|0|      |20220523|20220523|0603|2022-06-03 07:03:19
475501|0000000636599430              |20220523|124918|011|676|0|30300051|130010008|130752103|1|20220523|123943|8007045|20220523|130756|8002547|1|1250|0|      |20220523|20220523|0603|2022-06-03 07:03:19
475503|0000000661007373              |20220523|230251|024|676|0|30300051|130010008|130752161|1|20220523|221751|8002629|20220523|231800|8002951|1|1250|0|      |20220523|20220523|0603|2022-06-03 07:03:19
475505|0000000630151837              |20220523|220221|029|676|0|30300051|130010008|130752147|1|20220523|211714|8002733|20220523|220950|8002995|1|1250|0|      |20220523|20220523|0603|2022-06-03 07:03:19
475507|0000000742640413              |20220523|103730|027|676|0|30300051|130010008|130752113|1|20220523|102628|8001992|20220523|105344|8001929|1|1250|0|      |20220523|20220523|0603|2022-06-03 07:03:19
475509|0000000669662709              |20220523|123555|020|676|0|30300051|130010008|130752161|1|20220523|115614|8001489|20220523|124523|8001927|1|1250|0|      |20220523|20220523|0603|2022-06-03 07:03:19
475511|0000000742477927              |20220523|081830|026|676|0|30300051|130010008|130752126|1|20220523|061246|8001369|20220523|083019|8002547|1|1250|0|      |20220523|20220523|0603|2022-06-03 07:03:19
475513|0000000739031533              |20220523|083231|012|676|0|30300051|130010008|130752122|1|20220523|073439|8001371|20220523|083826|8001292|1|1250|0|      |20220523|20220523|0603|2022-06-03 07:03:19
475515|0000000638508914              |20220523|094144|029|676|0|30300051|130010008|130752100|1|20220523|084721|8002603|20220523|095655|8003022|1|1250|0|      |20220523|20220523|0603|2022-06-03 07:03:19
475517|0000000677971846              |20220523|065619|003|676|0|30300038|130010014|130753506|1|20220523|061222|8002228|20220523|071051|8001952|1|1250|0|      |20220523|20220523|0603|2022-06-03 07:03:19
475519|0000000768232009              |20220523|080950|001|676|0|30300038|130010014|130753272|1|20220523|072508|8002790|20220523|082117|8001541|1|1250|0|      |20220523|20220523|0603|2022-06-03 07:03:19
475521|0000000656980481              |20220523|194309|005|676|0|30300038|130010014|130753505|1|20220523|185857|8002734|20220523|200402|8001710|1|1250|0|      |20220523|20220523|0603|2022-06-03 07:03:19
475523|0000000747608829              |20220523|202457|015|676|0|30300051|130010008|130752106|1|20220523|200708|8001876|20220523|205313|8001028|1|1250|0|      |20220523|20220523|0603|2022-06-03 07:03:19
475930|0000000310435021              |20220523|175947|027|675|0|30300055|130010014|130753205|1|20220523|172823|8002893|20220523|181504|8001348|1|1250|0|      |20220523|20220523|0603|2022-06-03 07:03:19
475932|0000000536245109              |20220523|190401|025|676|0|30300038|130010014|130753505|1|20220523|185857|8001983|20220523|190831|8001500|1|1250|0|      |20220523|20220523|0603|2022-06-03 07:03:19
475934|0000000526275261              |20220523|072851|015|674|0|30300002|130010007|130759318|4|20220523|060153|8002833|20220523|073216|8002254|1|750|0|      |20220523|20220523|0603|2022-06-03 07:03:19
475936|0000000522347155              |20220523|065040|001|676|0|30300088|130010006|130752016|4|20220523|064739|8002134|20220523|072638|8002890|1|750|0|      |20220523|20220523|0603|2022-06-03 07:03:19
475938|0000000545538564              |20220523|073945|022|675|0|30300079|130010009|130759171|4|20220523|072543|8002544|20220523|075435|8001538|1|750|0|      |20220523|20220523|0603|2022-06-03 07:03:19
475940|0000000318657100              |20220523|075956|031|676|0|30300037|130010006|130752050|1|20220523|070158|8001035|20220523|081100|8002358|1|1250|0|      |20220523|20220523|0603|2022-06-03 07:03:19
475942|0000000301554251              |20220523|080009|031|676|0|30300043|130010015|130759616|1|20220523|073057|8001963|20220523|081220|8002887|1|1250|0|      |20220523|20220523|0603|2022-06-03 07:03:19
475944|0000000548630874              |20220523|084249|021|676|0|30300037|130010006|130752072|1|20220523|070249|8002339|20220523|084403|8002345|1|1250|0|      |20220523|20220523|0603|2022-06-03 07:03:19
475946|0000000531845421              |20220523|104157|017|676|0|30300038|130010014|130753214|1|20220523|055546|8003044|20220523|104455|8002914|1|1250|0|      |20220523|20220523|0603|2022-06-03 07:03:19
475948|0000000518837190              |20220523|104508|007|677|0|30300129|130010009|130759163|1|20220523|100147|8007356|20220523|104952|8007362|1|1250|0|      |20220523|20220523|0603|2022-06-03 07:03:19
465693|0000000610927704              |20220523|074428|002|675|0|30300079|130010009|130759113|1|20220523|045237|8002315|20220523|081549|8001539|1|1250|0|      |20220523|20220523|0603|2022-06-03 07:03:19
465695|0000000642833553              |20220523|080010|013|675|0|30300076|130010014|130753510|1|20220523|070952|8002387|20220523|081527|8001259|1|1250|0|      |20220523|20220523|0603|2022-06-03 07:03:19
465697|0000000778293331              |20220523|085832|028|675|0|30300059|130010004|130752256|1|20220523|055810|8001074|20220523|090745|8001988|1|1250|0|      |20220523|20220523|0603|2022-06-03 07:03:19
465699|0000000768771518              |20220523|074630|007|675|0|30300079|130010009|130759113|1|20220523|045237|8002316|20220523|075833|8001529|1|1250|0|      |20220523|20220523|0603|2022-06-03 07:03:19
465701|0000000632105719              |20220523|091430|015|675|0|30300045|130010006|130752029|1|20220523|085215|8001132|20220523|091847|8001952|1|1250|0|      |20220523|20220523|0603|2022-06-03 07:03:19
465703|0000000729723429              |20220523|093935|008|675|0|30300060|130010014|130753240|1|20220523|064656|8002453|20220523|094506|8002088|1|1250|0|      |20220523|20220523|0603|2022-06-03 07:03:19
465705|0000000900499617              |20220523|091624|002|675|0|30300046|130010002|130752305|1|20220523|090955|8001157|20220523|091937|8001289|1|1250|0|      |20220523|20220523|0603|2022-06-03 07:03:19
465707|0000000632679238              |20220523|093927|031|675|0|30300045|130010006|130752043|1|20220523|055920|8003043|20220523|094157|8001952|1|1250|0|      |20220523|20220523|0603|2022-06-03 07:03:19
465709|0000000737876666              |20220523|093006|014|675|0|30300096|130010006|130752026|1|20220523|091245|8002557|20220523|094858|8005599|1|1250|0|      |20220523|20220523|0603|2022-06-03 07:03:19
465711|0000000742551522              |20220523|183651|010|680|0|30300052|130010006|130752056|1|20220523|173227|8001927|20220523|184941|8001418|1|1250|0|      |20220523|20220523|0603|2022-06-03 07:03:19
465713|0000000741195354              |20220523|181947|017|675|0|30300083|130010001|130759771|1|20220523|180445|8001730|20220523|185614|8002290|1|1250|0|      |20220523|20220523|0603|2022-06-03 07:03:19
465715|0000000918077529              |20220523|190514|026|675|0|30300049|130010004|130752276|1|20220523|182755|8002960|20220523|191245|8001425|1|1250|0|      |20220523|20220523|0603|2022-06-03 07:03:19
465717|0000000766807331              |20220523|185207|031|675|0|30300059|130010004|130752274|1|20220523|184557|8002468|20220523|191744|8001539|1|1250|0|      |20220523|20220523|0603|2022-06-03 07:03:19
465719|0000000767817545              |20220523|192241|011|674|0|30300104|130010002|130752355|1|20220523|182816|8001078|20220523|193654|8007184|1|1250|0|      |20220523|20220523|0603|2022-06-03 07:03:19
466126|0000000740389523              |20220523|192231|004|675|0|30300079|130010009|130759128|1|20220523|174539|8001199|20220523|201454|8001536|1|1250|0|      |20220523|20220523|0603|2022-06-03 07:03:19
466128|0000000770167928              |20220523|194659|028|675|0|30300096|130010006|130752020|1|20220523|191853|8007394|20220523|195626|8001325|1|1250|0|      |20220523|20220523|0603|2022-06-03 07:03:19
466130|0000000671555172              |20220523|202435|020|675|0|30300101|130010002|130752311|1|20220523|190600|8002468|20220523|203705|8001707|1|1250|0|      |20220523|20220523|0603|2022-06-03 07:03:19
466132|0000000707892877              |20220523|151137|016|675|0|30300058|130010004|130752293|1|20220523|141942|8001935|20220523|152210|8001851|1|1250|0|      |20220523|20220523|0603|2022-06-03 07:03:19
466134|0000000762984424              |20220523|161621|024|675|0|30300060|130010014|130753523|1|20220523|152558|8002279|20220523|162221|8002453|1|1250|0|      |20220523|20220523|0603|2022-06-03 07:03:19
466136|0000000630404960              |20220523|161530|007|674|0|30300104|130010002|130752343|1|20220523|154402|8070018|20220523|162359|8001083|1|1250|0|      |20220523|20220523|0603|2022-06-03 07:03:19
466138|0000000760096262              |20220523|163446|016|675|0|30300101|130010002|130752396|1|20220523|155657|8002831|20220523|164911|8002453|1|1250|0|      |20220523|20220523|0603|2022-06-03 07:03:19
466140|0000000754570634              |20220523|165936|028|674|0|30300100|130010002|130752365|1|20220523|163233|8001714|20220523|170352|8001934|1|1250|0|      |20220523|20220523|0603|2022-06-03 07:03:19
466142|0000000601530907              |20220523|171810|016|675|0|30300046|130010002|130752305|1|20220523|165400|8001117|20220523|171908|8001081|1|1250|0|      |20220523|20220523|0603|2022-06-03 07:03:19
466144|0000000725980160              |20220523|170920|024|675|0|30300096|130010006|130752066|1|20220523|164002|8001232|20220523|171502|8001923|1|1250|0|      |20220523|20220523|0603|2022-06-03 07:03:19
466146|0000000779154729              |20220523|180527|023|674|0|30300002|130010007|130759304|1|20220523|172228|8001744|20220523|180712|8002465|1|1250|0|      |20220523|20220523|0603|2022-06-03 07:03:19
466148|0000000773104851              |20220523|180331|015|679|0|30300063|130010001|130759748|1|20220523|180107|8002101|20220523|180818|8001534|1|1250|0|      |20220523|20220523|0603|2022-06-03 07:03:19
466150|0000000760884841              |20220523|182149|012|680|0|30300005|130010002|130752552|1|20220523|181818|8001877|20220523|184309|8003099|1|1250|0|      |20220523|20220523|0603|2022-06-03 07:03:19
466557|0000000753510095              |20220523|113438|006|675|0|30300145|130010014|130753601|1|20220523|103029|8002900|20220523|115508|8002412|1|1250|0|      |20220523|20220523|0603|2022-06-03 07:03:19
466559|0000000649905085              |20220523|080407|022|675|0|30300145|130010014|130753606|1|20220523|073140|8001196|20220523|081432|8001590|1|1250|0|      |20220523|20220523|0603|2022-06-03 07:03:19
466561|0000000756103789              |20220523|090316|004|675|0|30300047|130010001|130759723|1|20220523|082108|8005991|20220523|091228|8002412|1|1250|0|      |20220523|20220523|0603|2022-06-03 07:03:19
466563|0000000623527819              |20220523|091843|017|679|0|30300063|130010001|130759787|1|20220523|091120|8007335|20220523|100615|8001412|1|1250|0|      |20220523|20220523|0603|2022-06-03 07:03:19
466565|0000000662562813              |20220523|182958|016|675|0|30300045|130010006|130752055|1|20220523|174052|8002410|20220523|184149|8002922|1|1250|0|      |20220523|20220523|0603|2022-06-03 07:03:19
466567|0000000751880486              |20220523|062406|028|674|0|30300002|130010007|130759334|1|20220523|062317|8002254|20220523|065609|8001744|1|1250|0|      |20220523|20220523|0603|2022-06-03 07:03:19
466569|0000000904710145              |20220523|071805|030|675|0|30300079|130010009|130759120|1|20220523|055708|8007446|20220523|074942|8002801|1|1250|0|      |20220523|20220523|0603|2022-06-03 07:03:19
466571|0000000749515005              |20220523|140119|004|675|0|30300078|130010008|130752163|1|20220523|135056|8002227|20220523|141730|8001417|1|1250|0|      |20220523|20220523|0603|2022-06-03 07:03:19
466573|0000000742551590              |20220523|145513|027|675|0|30300141|130010001|130759472|1|20220523|143244|8002826|20220523|150108|8007415|1|1250|0|      |20220523|20220523|0603|2022-06-03 07:03:19
466575|0000000740954551              |20220523|200353|009|679|0|30300063|130010001|130759410|1|20220523|195228|8001096|20220523|202112|8002483|1|1250|0|      |20220523|20220523|0603|2022-06-03 07:03:19
458922|0000000649239798              |20220523|185259|027|675|1|30300049|130010004|130752240|1|20220523|173248|8001934|20220523|190516|8002696|1|0|0|      |20220523|20220523|0603|2022-06-03 07:03:19
458924|0000000643681589              |20220523|192606|012|676|1|30300090|130010005|130759201|1|20220523|184522|8002425|20220523|193431|8002759|1|0|0|      |20220523|20220523|0603|2022-06-03 07:03:19
459331|0000000725152317              |20220523|093719|031|675|1|30300049|130010004|130752289|1|20220523|080022|8001927|20220523|095104|8001791|1|0|0|      |20220523|20220523|0603|2022-06-03 07:03:19
459333|0000000776154832              |20220523|181008|015|675|1|30300081|130010011|130759506|1|20220523|172249|8002969|20220523|182510|8002452|1|0|0|      |20220523|20220523|0603|2022-06-03 07:03:19
459335|0000000760574257              |20220523|182852|029|676|1|30300088|130010002|130752372|1|20220523|170032|8001168|20220523|185718|8005858|1|0|0|      |20220523|20220523|0603|2022-06-03 07:03:19
459337|0000000773533214              |20220523|190043|011|676|1|30300088|130010002|130752553|1|20220523|173903|8001168|20220523|191602|8001580|1|0|0|      |20220523|20220523|0603|2022-06-03 07:03:19
459339|0000000635320676              |20220523|191551|011|676|1|30300088|130010002|130752361|1|20220523|163758|8002410|20220523|192408|8001757|1|0|0|      |20220523|20220523|0603|2022-06-03 07:03:19
459341|0000000905677825              |20220523|193747|028|675|1|30300067|130010001|130759735|1|20220523|183819|8002153|20220523|194729|8002444|1|0|0|      |20220523|20220523|0603|2022-06-03 07:03:19
459343|0000000733619817              |20220523|074235|017|676|1|30300051|130010008|130752132|1|20220523|070418|8002543|20220523|074853|8001714|1|0|0|      |20220523|20220523|0603|2022-06-03 07:03:19
459345|0000000903443066              |20220523|134553|010|675|1|30300055|130010014|130753210|1|20220523|110916|8002343|20220523|134858|8002347|1|0|0|      |20220523|20220523|0603|2022-06-03 07:03:19
459347|0000000921174970              |20220523|145646|024|675|1|30300055|130010014|130753208|1|20220523|140706|8002357|20220523|150910|8002888|1|0|0|      |20220523|20220523|0603|2022-06-03 07:03:19
459349|0000000626470449              |20220523|162412|013|676|1|30300051|130010008|130752153|1|20220523|161117|8001876|20220523|163406|8002605|1|0|0|      |20220523|20220523|0603|2022-06-03 07:03:19
459351|0000000760737987              |20220523|162154|019|675|0|30300055|130010014|130753218|4|20220523|152420|8002340|20220523|163444|8002064|1|750|0|      |20220523|20220523|0603|2022-06-03 07:03:19
459353|0000000709225121              |20220523|170221|027|676|2|30300051|130010008|130752109|1|20220523|155224|8001090|20220523|171231|8005878|1|0|0|      |20220523|20220523|0603|2022-06-03 07:03:19
459355|0000000632568446              |20220523|181735|026|675|1|30300055|130010014|130753267|1|20220523|180455|8001848|20220523|182240|8002927|1|0|0|      |20220523|20220523|0603|2022-06-03 07:03:19
459357|0000000909932177              |20220523|183716|026|675|1|30300055|130010014|130753251|1|20220523|174822|8005881|20220523|184415|8002343|1|0|0|      |20220523|20220523|0603|2022-06-03 07:03:19
459764|0000000676511928              |20220523|082122|009|676|1|30300090|130010005|130759207|1|20220523|055956|8002412|20220523|082634|8002720|1|0|0|      |20220523|20220523|0603|2022-06-03 07:03:19
459766|0000000655815097              |20220523|081424|013|676|1|30300088|130010002|130752553|1|20220523|073312|8002412|20220523|083948|8002901|1|0|0|      |20220523|20220523|0603|2022-06-03 07:03:19
459768|0000000900173080              |20220523|082453|008|676|1|30300054|130010007|130759387|1|20220523|072923|8001567|20220523|085106|8001555|1|0|0|      |20220523|20220523|0603|2022-06-03 07:03:19
459770|0000000707077919              |20220523|082929|020|676|1|30300088|130010002|130752361|1|20220523|074452|8002412|20220523|085715|8001293|1|0|0|      |20220523|20220523|0603|2022-06-03 07:03:19
459772|0000000918262877              |20220523|081941|016|675|1|30300050|130010007|130759350|1|20220523|074143|8002412|20220523|085553|8002208|1|0|0|      |20220523|20220523|0603|2022-06-03 07:03:19
459774|0000000725886899              |20220523|094800|031|676|1|30300054|130010007|130759375|1|20220523|085908|8001567|20220523|095112|8001923|1|0|0|      |20220523|20220523|0603|2022-06-03 07:03:19
459776|0000000756289850              |20220523|100525|006|676|1|30300090|130010005|130759219|1|20220523|092756|8002453|20220523|102148|8002721|1|0|0|      |20220523|20220523|0603|2022-06-03 07:03:19
459778|0000000753744109              |20220523|184621|031|676|1|30300054|130010007|130759387|1|20220523|175946|8001567|20220523|192411|8001793|1|0|0|      |20220523|20220523|0603|2022-06-03 07:03:19
459780|0000000903410663              |20220523|060952|001|674|1|30300002|130010007|130759304|1|20220523|054847|8001418|20220523|064113|8002134|1|0|0|      |20220523|20220523|0603|2022-06-03 07:03:19
459782|0000000743250552              |20220523|080229|023|675|1|30300065|130010004|130752203|1|20220523|071058|8001418|20220523|081218|8002990|1|0|0|      |20220523|20220523|0603|2022-06-03 07:03:19
459784|0000000741777798              |20220523|134344|031|675|1|30300091|130010013|130759817|1|20220523|115246|8001418|20220523|135605|8001086|1|0|0|      |20220523|20220523|0603|2022-06-03 07:03:19
459786|0000000746718349              |20220523|210944|002|676|1|30300051|130010008|130752112|1|20220523|201623|8001418|20220523|211805|8001097|1|0|0|      |20220523|20220523|0603|2022-06-03 07:03:19
459788|0000000767120530              |20220523|152637|016|676|1|30300037|130010006|130752040|1|20220523|144604|8001005|20220523|155330|8001037|1|0|0|      |20220523|20220523|0603|2022-06-03 07:03:19
460208|0000000761767344              |20220523|182516|021|676|0|30300090|130010005|130759219|1|20220523|160857|8001074|20220523|184547|8002618|1|1250|0|      |20220523|20220523|0603|2022-06-03 07:03:19
460210|0000000909265288              |20220523|184048|001|676|0|30300130|130010008|130752138|1|20220523|181358|8007360|20220523|185102|8002454|1|1250|0|      |20220523|20220523|0603|2022-06-03 07:03:19
460212|0000000762693872              |20220523|182400|008|676|0|30300071|130010009|130759174|1|20220523|175028|8002633|20220523|185447|8002453|1|1250|0|      |20220523|20220523|0603|2022-06-03 07:03:19
460214|0000000908296464              |20220523|192553|021|676|0|30300130|130010008|130752140|1|20220523|190924|8002297|20220523|193547|8002486|1|1250|0|      |20220523|20220523|0603|2022-06-03 07:03:19
460216|0000000762106987              |20220523|191549|011|676|0|30300043|130010015|130759602|1|20220523|151939|8001246|20220523|192154|8002887|1|1250|0|      |20220523|20220523|0603|2022-06-03 07:03:19
460218|0000000756345217              |20220523|074218|026|676|0|30300068|130010006|130752008|1|20220523|061442|8002790|20220523|080747|8001097|1|1250|0|      |20220523|20220523|0603|2022-06-03 07:03:19
460220|0000000648003437              |20220523|073650|018|676|0|30300037|130010006|130759004|1|20220523|052007|8002658|20220523|075447|8005518|1|1250|0|      |20220523|20220523|0603|2022-06-03 07:03:19
460222|0000000717557846              |20220523|074858|021|676|0|30300054|130010007|130759355|1|20220523|070107|8001260|20220523|080751|8002915|1|1250|0|      |20220523|20220523|0603|2022-06-03 07:03:19
481129|0000000319429035              |20220523|072458|012|676|0|30300070|130010004|130752605|1|20220523|062405|8001134|20220523|073530|8002754|1|1250|0|      |20220523|20220523|0603|2022-06-03 07:03:19
481131|0000000532599878              |20220523|084102|030|675|0|30300077|130010006|130752017|1|20220523|082513|8001228|20220523|084836|8001528|1|1250|0|      |20220523|20220523|0603|2022-06-03 07:03:19
481133|0000000547829831              |20220523|082334|004|674|0|30300100|130010002|130752348|1|20220523|081811|8001915|20220523|084721|8001934|1|1250|0|      |20220523|20220523|0603|2022-06-03 07:03:19
481135|0000000540391310              |20220523|101025|019|676|0|30300089|130010011|130759574|1|20220523|062912|8002139|20220523|101352|8002134|1|1250|0|      |20220523|20220523|0603|2022-06-03 07:03:19
481137|0000000178121645              |20220523|104121|015|675|0|30300047|130010001|130759702|1|20220523|101448|8070017|20220523|105357|8001488|1|1250|0|      |20220523|20220523|0603|2022-06-03 07:03:19
481139|0000000539065705              |20220523|105947|024|675|0|30300067|130010001|130759735|1|20220523|090014|8002379|20220523|112214|8001250|1|1250|0|      |20220523|20220523|0603|2022-06-03 07:03:19
481465|0000000529588694              |20220523|080146|026|675|0|30300075|130010005|130759211|2|20220523|075023|8001430|20220523|080557|8002616|1|350|0|      |20220523|20220523|0603|2022-06-03 07:03:19
481467|0000000314910868              |20220523|082744|013|676|0|30300088|130010002|130752361|1|20220523|074452|8001590|20220523|085343|8002962|1|1250|0|      |20220523|20220523|0603|2022-06-03 07:03:19
481469|0000000538099149              |20220523|111520|021|675|0|30300079|130010009|130759111|1|20220523|053334|8001485|20220523|112008|8002119|1|1250|0|      |20220523|20220523|0603|2022-06-03 07:03:19
481471|0000000093717284              |20220523|122131|019|675|0|30300047|130010001|130759436|1|20220523|113915|8007555|20220523|122941|8002412|1|1250|0|      |20220523|20220523|0603|2022-06-03 07:03:19
481473|0000000525157059              |20220523|124345|030|675|0|30300077|130010006|130752017|1|20220523|094329|9001059|20220523|125732|8002118|1|1250|0|      |20220523|20220523|0603|2022-06-03 07:03:19
481475|0000000536275917              |20220523|213758|001|676|0|30300038|130010014|130753502|1|20220523|201226|8001414|20220523|214440|8003128|1|1250|0|      |20220523|20220523|0603|2022-06-03 07:03:19
481477|0000000540048330              |20220523|150208|008|676|0|30300130|130010008|130752720|1|20220523|141731|8002344|20220523|151444|8001760|1|1250|0|      |20220523|20220523|0603|2022-06-03 07:03:19
481479|0000000546590245              |20220523|143832|017|676|0|30300068|130010006|130759025|1|20220523|113608|8002993|20220523|152154|8007553|1|1250|0|      |20220523|20220523|0603|2022-06-03 07:03:19
481481|0000000545648828              |20220523|153544|013|675|0|30300060|130010014|130753504|4|20220523|123243|8001399|20220523|154107|8001459|1|750|0|      |20220523|20220523|0603|2022-06-03 07:03:19
481483|0000000300703008              |20220523|160641|001|676|0|30300041|130010012|130753305|4|20220523|135031|8001569|20220523|161220|8002850|1|750|0|      |20220523|20220523|0603|2022-06-03 07:03:19
481485|0000000534755704              |20220523|160337|017|676|0|30300054|130010007|130759383|2|20220523|154742|8001556|20220523|160525|8001304|1|350|0|      |20220523|20220523|0603|2022-06-03 07:03:19
481487|0000000537143474              |20220523|170657|015|676|0|30300041|130010012|130753304|4|20220523|152630|8001400|20220523|172435|8002649|1|750|0|      |20220523|20220523|0603|2022-06-03 07:03:19
481489|0000000522440834              |20220523|162258|002|676|0|30300051|130010008|130752108|1|20220523|152514|8002995|20220523|163238|8001097|1|1250|0|      |20220523|20220523|0603|2022-06-03 07:03:19
481842|0000000546663438              |20220523|140501|005|675|0|30300065|130010004|130752234|1|20220523|135724|8005876|20220523|143150|8001345|1|1250|0|      |20220523|20220523|0603|2022-06-03 07:03:19
481844|0000000546600452              |20220523|135601|014|676|0|30300087|130010015|130759621|1|20220523|131624|8002088|20220523|140024|8001576|1|1250|0|      |20220523|20220523|0603|2022-06-03 07:03:19
481846|0000000521768531              |20220523|152504|007|676|0|30300040|130010013|130759804|1|20220523|134805|8001400|20220523|153937|8001085|1|1250|0|      |20220523|20220523|0603|2022-06-03 07:03:19
481848|0000000519831179              |20220523|163918|002|676|0|30300089|130010011|130759536|1|20220523|152009|8007549|20220523|165142|8001378|1|1250|0|      |20220523|20220523|0603|2022-06-03 07:03:19
481850|0000000177620212              |20220523|173647|026|675|0|30300048|130010006|130752021|1|20220523|152148|8001273|20220523|174605|8002054|1|1250|0|      |20220523|20220523|0603|2022-06-03 07:03:19
481852|0000000540232949              |20220523|165230|013|675|0|30300127|130010004|130752244|4|20220523|162601|8007405|20220523|170025|8002574|1|750|0|      |20220523|20220523|0603|2022-06-03 07:03:19
481854|0000000519852441              |20220523|180336|017|676|0|30300051|130010008|130752147|4|20220523|175147|8001152|20220523|181423|8001372|1|750|0|      |20220523|20220523|0603|2022-06-03 07:03:19
481856|0000000547773207              |20220523|182124|025|675|0|30300080|130010009|130759160|1|20220523|171232|8002361|20220523|183934|8001876|1|1250|0|      |20220523|20220523|0603|2022-06-03 07:03:19
481858|0000000548757215              |20220523|181026|002|676|0|30300090|130010005|130759209|1|20220523|155501|8002760|20220523|183051|8002618|1|1250|0|      |20220523|20220523|0603|2022-06-03 07:03:19
481860|0000000319597312              |20220523|194215|018|676|0|30300087|130010015|130759634|4|20220523|185609|8002088|20220523|194732|8001576|1|750|0|      |20220523|20220523|0603|2022-06-03 07:03:19
481862|0000000540801516              |20220523|071733|002|679|0|30300063|130010001|130759406|4|20220523|063958|8002980|20220523|073636|8001090|1|750|0|      |20220523|20220523|0603|2022-06-03 07:03:19
481864|0000000533886468              |20220523|081148|003|675|0|30300065|130010004|130752277|4|20220523|060209|8002690|20220523|081455|8007018|1|750|0|      |20220523|20220523|0603|2022-06-03 07:03:19
481866|0000000526431453              |20220523|075850|009|676|0|30300040|130010007|130759388|2|20220523|075046|8001400|20220523|080527|8001096|1|350|0|      |20220523|20220523|0603|2022-06-03 07:03:19
481868|0000000538099149              |20220523|080720|019|676|0|30300137|130010004|130752600|1|20220523|074202|8001027|20220523|081316|8002543|1|1250|0|      |20220523|20220523|0603|2022-06-03 07:03:19
482248|0000000541009030              |20220523|133802|028|675|0|30300058|130010004|130752288|4|20220523|121038|8001516|20220523|134211|8002905|1|750|0|      |20220523|20220523|0603|2022-06-03 07:03:19
482250|0000000303133676              |20220523|130344|026|675|0|30300056|130010012|130753373|4|20220523|125012|8007480|20220523|133715|8001707|1|750|0|      |20220523|20220523|0603|2022-06-03 07:03:19
482252|0000000544784692              |20220523|145059|023|675|0|30300082|130010001|130759772|1|20220523|140150|8002803|20220523|145840|8001659|1|1250|0|      |20220523|20220523|0603|2022-06-03 07:03:19
482254|0000000529588694              |20220523|153841|027|675|0|30300081|130010011|130759572|2|20220523|132938|8002615|20220523|155532|8007022|1|350|0|      |20220523|20220523|0603|2022-06-03 07:03:19
461677|0000000921416355              |20220523|191229|016|675|0|30300062|130010008|130752133|1|20220523|173358|8002757|20220523|192614|8001939|1|1250|0|      |20220523|20220523|0603|2022-06-03 07:03:19
461679|0000000769932556              |20220523|191409|004|675|0|30300062|130010008|130752135|1|20220523|190357|8001922|20220523|192335|8002468|1|1250|0|      |20220523|20220523|0603|2022-06-03 07:03:19
461681|0000000777186424              |20220523|192939|029|675|0|30300077|130010006|130759018|1|20220523|191719|8001040|20220523|200548|8001709|1|1250|0|      |20220523|20220523|0603|2022-06-03 07:03:19
461683|0000000751801775              |20220523|055117|028|675|0|30300053|130010002|130752386|1|20220523|053720|8001491|20220523|060712|8001949|1|1250|0|      |20220523|20220523|0603|2022-06-03 07:03:19
461685|0000000745207490              |20220523|064215|024|675|0|30300101|130010002|130752354|1|20220523|061704|8001648|20220523|070234|8002814|1|1250|0|      |20220523|20220523|0603|2022-06-03 07:03:19
461687|0000000743088399              |20220523|062804|002|674|0|30300104|130010002|130752341|1|20220523|061708|8001081|20220523|065339|8001054|1|1250|0|      |20220523|20220523|0603|2022-06-03 07:03:19
461689|0000000669159088              |20220523|074020|029|675|0|30300053|130010002|130752513|1|20220523|065816|8002966|20220523|080104|8002814|1|1250|0|      |20220523|20220523|0603|2022-06-03 07:03:19
461691|0000000725854487              |20220523|063703|021|674|0|30300002|130010007|130759320|1|20220523|061105|8002133|20220523|071906|8005994|1|1250|0|      |20220523|20220523|0603|2022-06-03 07:03:19
462098|0000000778043718              |20220523|112617|027|676|1|30300051|130010008|130752134|1|20220523|104628|8001489|20220523|114624|8002437|1|0|0|      |20220523|20220523|0603|2022-06-03 07:03:19
462100|0000000742726435              |20220523|120643|015|676|1|30300051|130010008|130752110|1|20220523|111211|8001028|20220523|121208|8002365|1|0|0|      |20220523|20220523|0603|2022-06-03 07:03:19
462102|0000000900195204              |20220523|084141|030|675|1|30300058|130010004|130752255|1|20220523|072816|8005894|20220523|084344|8002066|1|0|0|      |20220523|20220523|0603|2022-06-03 07:03:19
462104|0000000743917820              |20220523|080447|015|676|1|30300072|130010001|130759724|1|20220523|061757|8001063|20220523|091444|8001236|1|0|0|      |20220523|20220523|0603|2022-06-03 07:03:19
462106|0000000661140348              |20220523|081303|014|676|1|30300087|130010015|130759633|1|20220523|075958|8001241|20220523|085802|8002075|1|0|0|      |20220523|20220523|0603|2022-06-03 07:03:19
462108|0000000627372902              |20220523|091348|020|676|2|30300087|130010015|130759633|1|20220523|075958|8006006|20220523|092117|8001587|1|0|0|      |20220523|20220523|0603|2022-06-03 07:03:19
462110|0000000758658973              |20220523|092349|007|676|1|30300087|130010015|130759622|1|20220523|090812|8002118|20220523|092624|8001491|1|0|0|      |20220523|20220523|0603|2022-06-03 07:03:19
462112|0000000725444392              |20220523|093549|002|675|1|30300058|130010004|130752251|1|20220523|085705|8001419|20220523|100137|8001754|1|0|0|      |20220523|20220523|0603|2022-06-03 07:03:19
462114|0000000761373890              |20220523|180646|008|676|1|30300051|130010008|130752107|1|20220523|174748|8002454|20220523|182134|8001929|1|0|0|      |20220523|20220523|0603|2022-06-03 07:03:19
462116|0000000903583006              |20220523|190737|020|676|1|30300087|130010015|130759634|1|20220523|185609|8002543|20220523|192133|8001736|1|0|0|      |20220523|20220523|0603|2022-06-03 07:03:19
462118|0000000736702405              |20220523|192328|022|676|1|30300087|130010008|130752159|1|20220523|180546|8002276|20220523|193519|8002965|1|0|0|      |20220523|20220523|0603|2022-06-03 07:03:19
462120|0000000756379505              |20220523|194700|003|674|1|30300100|130010002|130752393|1|20220523|193929|8002351|20220523|200032|8002118|1|0|0|      |20220523|20220523|0603|2022-06-03 07:03:19
462122|0000000909539937              |20220523|064109|008|676|1|30300070|130010004|130752228|1|20220523|062830|8001646|20220523|071122|8002638|1|0|0|      |20220523|20220523|0603|2022-06-03 07:03:19
462124|0000000776860169              |20220523|072857|013|676|1|30300089|130010011|130759575|1|20220523|070008|8002892|20220523|074025|8005506|1|0|0|      |20220523|20220523|0603|2022-06-03 07:03:19
463702|0000000745707418              |20220523|162119|010|676|0|30300072|130010001|130759435|1|20220523|160620|8002754|20220523|163850|8001575|1|1250|0|      |20220523|20220523|0603|2022-06-03 07:03:19
463704|0000000766218216              |20220523|124507|013|676|0|30300072|130010001|130759427|1|20220523|111715|8001589|20220523|131257|8005960|1|1250|0|      |20220523|20220523|0603|2022-06-03 07:03:19
463706|0000000776896015              |20220523|101528|025|676|0|30300072|130010001|130759434|1|20220523|101054|8001059|20220523|102750|8001063|1|1250|0|      |20220523|20220523|0603|2022-06-03 07:03:19
463708|0000000903026782              |20220523|103730|011|676|0|30300072|130010001|130759420|1|20220523|094026|8005881|20220523|104138|8002340|1|1250|0|      |20220523|20220523|0603|2022-06-03 07:03:19
463710|0000000734731104              |20220523|114750|005|676|0|30300072|130010001|130759749|1|20220523|113915|8002341|20220523|114944|8002486|1|1250|0|      |20220523|20220523|0603|2022-06-03 07:03:19
463712|0000000469489577              |20220523|080555|008|676|0|30300072|130010001|130759734|1|20220523|073401|8001005|20220523|082228|8002880|1|1250|0|      |20220523|20220523|0603|2022-06-03 07:03:19
463714|0000000741629935              |20220523|182741|025|676|0|30300072|130010001|130759714|1|20220523|175250|8001575|20220523|185341|8001035|1|1250|0|      |20220523|20220523|0603|2022-06-03 07:03:19
463716|0000000900441651              |20220523|190021|030|676|0|30300071|130010009|130759149|1|20220523|135740|8007420|20220523|192925|8002757|1|1250|0|      |20220523|20220523|0603|2022-06-03 07:03:19
463718|0000000740844418              |20220523|060758|009|676|0|30300071|130010009|130759107|1|20220523|055252|8002691|20220523|065738|8001319|1|1250|0|      |20220523|20220523|0603|2022-06-03 07:03:19
463720|0000000903413949              |20220523|134857|007|676|0|30300090|130010005|130759268|1|20220523|131127|8001721|20220523|135352|8002658|1|1250|0|      |20220523|20220523|0603|2022-06-03 07:03:19
463722|0000000679036921              |20220523|143734|022|676|0|30300090|130010005|130759219|1|20220523|124557|8002538|20220523|145418|8002425|1|1250|0|      |20220523|20220523|0603|2022-06-03 07:03:19
463724|0000000774668927              |20220523|211244|006|676|0|30300090|130010005|130759209|1|20220523|191143|8006006|20220523|212156|8002869|1|1250|0|      |20220523|20220523|0603|2022-06-03 07:03:19
463726|0000000731968973              |20220523|160955|017|676|0|30300090|130010005|130759201|1|20220523|151032|8001005|20220523|162002|8002611|1|1250|0|      |20220523|20220523|0603|2022-06-03 07:03:19
464133|0000000917960919              |20220523|134115|025|676|0|30300087|130010015|130759636|1|20220523|102520|8001232|20220523|134727|8002969|1|1250|0|      |20220523|20220523|0603|2022-06-03 07:03:19
464135|0000000713368298              |20220523|151500|006|676|0|30300041|130010012|130753309|1|20220523|141305|8001077|20220523|153554|8005993|1|1250|0|      |20220523|20220523|0603|2022-06-03 07:03:19
484741|0000000400138552              |20220523|113707|002|678|1|30300074|130010014|130753613|1|20220523|061301|8002695|20220523|114942|8007369|1|0|0|      |20220523|20220523|0603|2022-06-03 07:03:19
484743|0000000698733832              |20220523|075645|011|676|1|30300090|130010005|130759268|1|20220523|070025|8002411|20220523|080352|8007556|1|0|0|      |20220523|20220523|0603|2022-06-03 07:03:19
484745|0000000699528139              |20220523|085049|031|675|0|30300094|130010014|130753607|1|20220523|080127|8002076|20220523|090133|8001923|1|1250|0|      |20220523|20220523|0603|2022-06-03 07:03:19
482668|0000000513634938              |20220523|160852|011|676|0|30300131|130010008|130752724|1|20220523|154650|8001079|20220523|163336|8002814|1|1250|0|      |20220523|20220523|0603|2022-06-03 07:03:19
482670|0000000516467532              |20220523|161315|021|676|0|30300071|130010009|130759105|4|20220523|153547|8001359|20220523|161806|8002280|1|750|0|      |20220523|20220523|0603|2022-06-03 07:03:19
482672|0000000115007642              |20220523|160723|016|675|0|30300077|130010006|130752018|1|20220523|152710|8001935|20220523|163515|8001589|1|1250|0|      |20220523|20220523|0603|2022-06-03 07:03:19
482674|0000000300705187              |20220523|180029|022|678|0|30300074|130110001|130745026|1|20220523|061834|8002149|20220523|180526|8001412|1|1250|0|      |20220523|20220523|0603|2022-06-03 07:03:19
482676|0000000535729147              |20220523|185629|024|675|0|30300078|130010008|130752165|1|20220523|184026|8002100|20220523|190425|8007272|1|1250|0|      |20220523|20220523|0603|2022-06-03 07:03:19
482678|0000000516022775              |20220523|054333|023|674|0|30300002|130010007|130759332|1|20220523|054112|8002254|20220523|060637|8001097|1|1250|0|      |20220523|20220523|0603|2022-06-03 07:03:19
482680|0000000526433929              |20220523|055604|006|676|0|30300089|130010011|130759527|1|20220523|054343|8002532|20220523|061419|8002089|1|1250|0|      |20220523|20220523|0603|2022-06-03 07:03:19
482682|0000000541750648              |20220523|064010|010|675|0|30300055|130010014|130753265|1|20220523|054032|8001354|20220523|064527|8001847|1|1250|0|      |20220523|20220523|0603|2022-06-03 07:03:19
482684|0000000520529115              |20220523|074534|004|676|0|30300036|130010012|130753372|4|20220523|064444|8002597|20220523|075005|8002375|1|750|0|      |20220523|20220523|0603|2022-06-03 07:03:19
482686|0000000300423125              |20220523|081946|002|676|0|30300070|130010004|130752208|1|20220523|070314|8001130|20220523|084633|8003101|1|1250|0|      |20220523|20220523|0603|2022-06-03 07:03:19
482688|0000000171915861              |20220523|085646|027|675|0|30300055|130010014|130753260|1|20220523|082724|8001500|20220523|090339|8002893|1|1250|0|      |20220523|20220523|0603|2022-06-03 07:03:19
482690|0000000171770370              |20220523|085556|001|675|0|30300101|130010002|130752326|1|20220523|083618|8002108|20220523|092352|8001089|1|1250|0|      |20220523|20220523|0603|2022-06-03 07:03:19
482692|0000000178142129              |20220523|100758|006|676|0|30300038|130010014|130753201|1|20220523|092534|8002914|20220523|103151|8002627|1|1250|0|      |20220523|20220523|0603|2022-06-03 07:03:19
482694|0000000171897187              |20220523|114534|007|676|0|30300043|130010015|130759677|1|20220523|104909|8001964|20220523|114945|8002457|1|1250|0|      |20220523|20220523|0603|2022-06-03 07:03:19
482723|0000000131044084              |20220523|080353|004|675|0|30300055|130010014|130753204|1|20220523|074325|8002686|20220523|083413|8002635|1|1250|0|      |20220523|20220523|0603|2022-06-03 07:03:19
482725|0000000503791598              |20220523|092657|021|675|0|30300056|130010012|130753374|1|20220523|083830|8001646|20220523|093120|8001707|1|1250|0|      |20220523|20220523|0603|2022-06-03 07:03:19
482727|0000000125038062              |20220523|102026|015|675|0|30300064|130010015|130759642|1|20220523|100420|8001095|20220523|103801|8001412|1|1250|0|      |20220523|20220523|0603|2022-06-03 07:03:19
482729|0000000532598878              |20220523|092415|014|676|0|30300073|130010009|130759185|1|20220523|085242|8001576|20220523|092903|8002235|1|1250|0|      |20220523|20220523|0603|2022-06-03 07:03:19
482731|0000000542477496              |20220523|110937|005|675|0|30300076|130010014|130753270|1|20220523|101520|8001630|20220523|111652|8001733|1|1250|0|      |20220523|20220523|0603|2022-06-03 07:03:19
482733|0000000545627448              |20220523|224451|025|675|0|30300060|130010014|130753523|1|20220523|220328|8002159|20220523|230332|8001869|1|1250|0|      |20220523|20220523|0603|2022-06-03 07:03:19
482735|0000000102153641              |20220523|212404|023|680|0|30300052|130010006|130752025|1|20220523|204126|8001029|20220523|213606|8001934|1|1250|0|      |20220523|20220523|0603|2022-06-03 07:03:19
482737|0000000166876010              |20220523|135757|014|674|0|30300002|130010007|130759308|1|20220523|134652|8001963|20220523|145039|8002134|1|1250|0|      |20220523|20220523|0603|2022-06-03 07:03:19
482739|0000000131063398              |20220523|125136|008|678|0|30300074|130010014|130753226|1|20220523|055645|8001741|20220523|130022|8002634|1|1250|0|      |20220523|20220523|0603|2022-06-03 07:03:19
482741|0000000515982039              |20220523|150150|025|676|0|30300039|130010005|130759269|1|20220523|060434|8002872|20220523|151545|8002493|1|1250|0|      |20220523|20220523|0603|2022-06-03 07:03:19
482743|0000000540261980              |20220523|140213|004|676|0|30300041|130010012|130753310|1|20220523|140105|8070030|20220523|141730|8002412|1|1250|0|      |20220523|20220523|0603|2022-06-03 07:03:19
482745|0000000507194570              |20220523|152847|002|674|0|30300002|130010007|130759327|1|20220523|145948|8002140|20220523|161753|8002743|1|1250|0|      |20220523|20220523|0603|2022-06-03 07:03:19
482747|0000000094506107              |20220523|174715|022|675|0|30300055|130010014|130753252|1|20220523|151401|8002635|20220523|175816|8002347|1|1250|0|      |20220523|20220523|0603|2022-06-03 07:03:19
482776|0000000546713983              |20220523|142026|013|675|0|30300055|130010014|130753251|1|20220523|064907|8001437|20220523|145228|8001414|1|1250|0|      |20220523|20220523|0603|2022-06-03 07:03:19
482778|0000000303117855              |20220523|143736|030|675|0|30300144|130010012|130753376|1|20220523|143058|8002101|20220523|145803|8005994|1|1250|0|      |20220523|20220523|0603|2022-06-03 07:03:19
482780|0000000544633604              |20220523|151013|015|674|0|30300002|130010007|130759320|2|20220523|134512|8002252|20220523|152411|8002254|1|350|0|      |20220523|20220523|0603|2022-06-03 07:03:19
482782|0000000534968495              |20220523|161556|001|676|0|30300054|130010007|130759358|4|20220523|151135|8002976|20220523|162412|8001847|1|750|0|      |20220523|20220523|0603|2022-06-03 07:03:19
482784|0000000091469847              |20220523|164759|020|675|0|30300079|130010009|130759173|4|20220523|160411|8002033|20220523|165901|8002119|1|750|0|      |20220523|20220523|0603|2022-06-03 07:03:19
482786|0000000264556728              |20220523|162811|002|676|0|30300093|130010004|130752215|1|20220523|133434|8007101|20220523|163635|8001375|1|1250|0|      |20220523|20220523|0603|2022-06-03 07:03:19
482788|0000000163070204              |20220523|185728|009|676|0|30300051|130010008|130752106|1|20220523|183735|8001289|20220523|191802|8001489|1|1250|0|      |20220523|20220523|0603|2022-06-03 07:03:19
477469|0000000125038347              |20220523|065609|023|676|0|30300087|130010008|130752157|1|20220523|061059|8002258|20220523|070228|8003011|1|1250|0|      |20220523|20220523|0603|2022-06-03 07:03:19
477471|0000000305518057              |20220523|071659|015|676|0|30300087|130010015|130759621|1|20220523|070338|8001241|20220523|075754|8002969|1|1250|0|      |20220523|20220523|0603|2022-06-03 07:03:19
477473|0000000124324949              |20220523|073040|004|675|0|30300055|130010014|130753211|1|20220523|070820|8001203|20220523|074254|8001033|1|1250|0|      |20220523|20220523|0603|2022-06-03 07:03:19
477475|0000000164338752              |20220523|091658|006|675|0|30300084|130010001|130759418|1|20220523|084813|8002697|20220523|092426|8002887|1|1250|0|      |20220523|20220523|0603|2022-06-03 07:03:19
477477|0000000530131291              |20220523|100956|005|680|0|30300014|130010015|130759672|1|20220523|092937|8007186|20220523|101859|8001095|1|1250|0|      |20220523|20220523|0603|2022-06-03 07:03:19
477479|0000000547773172              |20220523|130500|024|676|0|30300070|130010004|130752210|1|20220523|130342|8003101|20220523|131508|8001260|1|1250|0|      |20220523|20220523|0603|2022-06-03 07:03:19
477481|0000000545537728              |20220523|222224|009|675|0|30300053|130010002|130752319|1|20220523|221058|8002758|20220523|224237|8001028|1|1250|0|      |20220523|20220523|0603|2022-06-03 07:03:19
477483|0000000545521426              |20220523|192912|016|675|0|30300077|130010006|130752051|1|20220523|191756|8001197|20220523|195437|8002628|1|1250|0|      |20220523|20220523|0603|2022-06-03 07:03:19
477485|0000000522388603              |20220523|143318|017|676|0|30300043|130010015|130759602|4|20220523|100956|8001429|20220523|144211|8001964|1|750|0|      |20220523|20220523|0603|2022-06-03 07:03:19
477487|0000000533552002              |20220523|153013|023|676|0|30300089|130010011|130759531|4|20220523|141727|8001634|20220523|153033|8001634|1|750|0|      |20220523|20220523|0603|2022-06-03 07:03:19
477489|0000000519498506              |20220523|155252|025|676|0|30300051|130010008|130752142|4|20220523|150419|8002733|20220523|155935|8002437|1|750|0|      |20220523|20220523|0603|2022-06-03 07:03:19
477491|0000000139717696              |20220523|171515|015|675|0|30300082|130010001|130759739|1|20220523|143407|8002446|20220523|172757|8007173|1|1250|0|      |20220523|20220523|0603|2022-06-03 07:03:19
477493|0000000305521218              |20220523|184319|002|675|0|30300065|130010004|130752281|4|20220523|154340|8001465|20220523|185120|8001254|1|750|0|      |20220523|20220523|0603|2022-06-03 07:03:19
477900|0000000741298317              |20220523|075431|012|675|0|30300079|130010009|130759118|1|20220523|074559|8001721|20220523|082451|8002802|1|1250|0|      |20220523|20220523|0603|2022-06-03 07:03:19
477902|0000000776251355              |20220523|082214|002|676|0|30300040|130010013|130759873|1|20220523|064755|8001036|20220523|083703|8002240|1|1250|0|      |20220523|20220523|0603|2022-06-03 07:03:19
477904|0000000756112185              |20220523|081416|019|675|0|30300060|130010014|130753262|1|20220523|072027|8006006|20220523|083449|8002790|1|1250|0|      |20220523|20220523|0603|2022-06-03 07:03:19
477906|0000000764050039              |20220523|080023|026|675|0|30300045|130010006|130752047|1|20220523|064114|8003070|20220523|081234|8002973|1|1250|0|      |20220523|20220523|0603|2022-06-03 07:03:19
477908|0000000601661189              |20220523|083128|004|676|0|30300088|130010002|130752511|1|20220523|082639|8002134|20220523|085415|8002909|1|1250|0|      |20220523|20220523|0603|2022-06-03 07:03:19
477910|0000000760479421              |20220523|080413|029|676|0|30300090|130010005|130759223|1|20220523|073140|8001430|20220523|083736|8002954|1|1250|0|      |20220523|20220523|0603|2022-06-03 07:03:19
477912|0000000618524435              |20220523|081759|018|676|0|30300087|130010015|130759631|1|20220523|071217|8001453|20220523|084411|8002087|1|1250|0|      |20220523|20220523|0603|2022-06-03 07:03:19
477914|0000000903940853              |20220523|082305|002|676|0|30300088|130010002|130752317|1|20220523|081123|8001631|20220523|082731|8002092|1|1250|0|      |20220523|20220523|0603|2022-06-03 07:03:19
477916|0000000909525588              |20220523|090622|006|676|0|30300043|130010015|130759613|1|20220523|063556|8001250|20220523|091624|8002729|1|1250|0|      |20220523|20220523|0603|2022-06-03 07:03:19
477918|0000000745865586              |20220523|081540|023|676|0|30300041|130010012|130753327|1|20220523|080438|8005991|20220523|085403|8001076|1|1250|0|      |20220523|20220523|0603|2022-06-03 07:03:19
477920|0000000711177564              |20220523|084956|003|674|0|30300100|130010002|130752344|1|20220523|083649|8001081|20220523|091655|8001413|1|1250|0|      |20220523|20220523|0603|2022-06-03 07:03:19
477922|0000000758863574              |20220523|082139|004|675|0|30300045|130010006|130752047|1|20220523|080605|8002997|20220523|084431|8003044|1|1250|0|      |20220523|20220523|0603|2022-06-03 07:03:19
477924|0000000758968710              |20220523|085509|017|675|0|30300062|130010008|130752704|1|20220523|081309|8001949|20220523|090033|8002453|1|1250|0|      |20220523|20220523|0603|2022-06-03 07:03:19
477926|0000000771276927              |20220523|085959|009|675|0|30300047|130010001|130759415|1|20220523|082906|8002542|20220523|093029|8070027|1|1250|0|      |20220523|20220523|0603|2022-06-03 07:03:19
478333|0000000539710972              |20220523|111932|020|676|0|30300040|130010013|130759802|1|20220523|105054|8002760|20220523|112511|8001655|1|1250|0|      |20220523|20220523|0603|2022-06-03 07:03:19
478335|0000000547316822              |20220523|222510|011|676|0|30300038|130010014|130753524|1|20220523|213611|8002779|20220523|223750|8001414|1|1250|0|      |20220523|20220523|0603|2022-06-03 07:03:19
478337|0000000546346792              |20220523|193729|028|676|0|30300040|130010013|130759804|1|20220523|170615|8001380|20220523|195406|8002997|1|1250|0|      |20220523|20220523|0603|2022-06-03 07:03:19
478339|0000000537800969              |20220523|133204|011|675|0|30300058|130010004|130752257|1|20220523|123329|8002241|20220523|134540|8001553|1|1250|0|      |20220523|20220523|0603|2022-06-03 07:03:19
478341|0000000549120317              |20220523|151846|026|676|0|30300072|130010001|130759420|1|20220523|150647|8005988|20220523|152608|8002486|1|1250|0|      |20220523|20220523|0603|2022-06-03 07:03:19
478343|0000000547276631              |20220523|153351|005|675|0|30300058|130010004|130752263|1|20220523|143546|8002620|20220523|160548|8001553|1|1250|0|      |20220523|20220523|0603|2022-06-03 07:03:19
478345|0000000548627049              |20220523|170525|029|676|0|30300072|130010001|130759431|1|20220523|165941|8001589|20220523|171308|8001063|1|1250|0|      |20220523|20220523|0603|2022-06-03 07:03:19
478347|0000000537048614              |20220523|180437|003|676|0|30300072|130010001|130759423|1|20220523|165336|8001831|20220523|182114|8001058|1|1250|0|      |20220523|20220523|0603|2022-06-03 07:03:19
478349|0000000295865883              |20220523|181601|013|675|0|30300058|130010004|130752220|1|20220523|141049|8002620|20220523|184313|8001515|1|1250|0|      |20220523|20220523|0603|2022-06-03 07:03:19
478351|0000000546319783              |20220523|183114|030|675|0|30300058|130010004|130752295|1|20220523|134722|8001553|20220523|190057|8007272|1|1250|0|      |20220523|20220523|0603|2022-06-03 07:03:19
500038|0000000777074436              |20220523|145548|001|676|0|30300087|130010015|130759633|1|20220523|140512|8001575|20220523|150130|8001005|1|1250|0|      |20220523|20220523|0603|2022-06-03 07:03:19
500040|0000000767820154              |20220523|144904|017|676|0|30300038|130010014|130753502|1|20220523|142023|8002358|20220523|152036|8002913|1|1250|0|      |20220523|20220523|0603|2022-06-03 07:03:19
500042|0000000725536771              |20220523|151723|010|676|0|30300072|130010001|130759724|1|20220523|150239|8002453|20220523|153701|8002618|1|1250|0|      |20220523|20220523|0603|2022-06-03 07:03:19
500044|0000000738834357              |20220523|160717|024|676|0|30300051|130010008|130752100|1|20220523|153432|8002547|20220523|161309|8001489|1|1250|0|      |20220523|20220523|0603|2022-06-03 07:03:19
500046|0000000461621619              |20220523|165017|001|676|0|30300072|130010001|130759749|1|20220523|150423|8002559|20220523|170421|8002618|1|1250|0|      |20220523|20220523|0603|2022-06-03 07:03:19
500048|0000000738126873              |20220523|171129|005|676|0|30300072|130010001|130759734|1|20220523|170638|8002305|20220523|171751|8002486|1|1250|0|      |20220523|20220523|0603|2022-06-03 07:03:19
500050|0000000672500568              |20220523|162658|011|676|0|30300072|130010001|130759435|1|20220523|160620|8001952|20220523|173731|8005989|1|1250|0|      |20220523|20220523|0603|2022-06-03 07:03:19
500052|0000000741491718              |20220523|174019|001|676|0|30300051|130010008|130752110|1|20220523|163712|8001418|20220523|175329|8001039|1|1250|0|      |20220523|20220523|0603|2022-06-03 07:03:19
500459|0000000726627935              |20220523|130248|019|678|1|30300074|130010014|130753226|1|20220523|055645|8002356|20220523|130735|8002153|1|0|0|      |20220523|20220523|0603|2022-06-03 07:03:19
500461|0000000658141478              |20220523|134831|008|676|1|30300087|130010015|130759679|1|20220523|123121|8001494|20220523|135435|8002551|1|0|0|      |20220523|20220523|0603|2022-06-03 07:03:19
500463|0000000725971061              |20220523|130545|003|675|1|30300049|130010004|130752206|1|20220523|120755|8001494|20220523|132152|8001746|1|0|0|      |20220523|20220523|0603|2022-06-03 07:03:19
500465|0000000741931923              |20220523|223233|030|675|1|30300055|130010014|130753211|1|20220523|143614|8006007|20220523|223423|8001203|1|0|0|      |20220523|20220523|0603|2022-06-03 07:03:19
500467|0000000908259879              |20220523|101754|023|676|1|30300071|130010009|130759102|1|20220523|082322|8002468|20220523|103124|8002278|1|0|0|      |20220523|20220523|0603|2022-06-03 07:03:19
500469|0000000763492975              |20220523|105704|031|675|2|30300059|130010004|130752217|1|20220523|092928|8001539|20220523|110238|8001853|1|0|0|      |20220523|20220523|0603|2022-06-03 07:03:19
500471|0000000757541465              |20220523|110343|002|675|1|30300055|130010014|130753267|1|20220523|102506|8002627|20220523|111308|8002344|1|0|0|      |20220523|20220523|0603|2022-06-03 07:03:19
500473|0000000724223911              |20220523|120858|015|676|1|30300070|130010004|130752603|1|20220523|113535|8001869|20220523|121444|8001938|1|0|0|      |20220523|20220523|0603|2022-06-03 07:03:19
500475|0000000743291598              |20220523|082550|027|675|1|30300058|130010004|130752292|1|20220523|061521|8001851|20220523|083453|8002706|1|0|0|      |20220523|20220523|0603|2022-06-03 07:03:19
500477|0000000779375176              |20220523|090321|024|676|1|30300071|130010009|130759102|1|20220523|082322|8002641|20220523|091934|8002453|1|0|0|      |20220523|20220523|0603|2022-06-03 07:03:19
500479|0000000900078292              |20220523|084025|005|676|1|30300071|130010009|130759174|1|20220523|073937|8002453|20220523|085848|8002886|1|0|0|      |20220523|20220523|0603|2022-06-03 07:03:19
500481|0000000755630298              |20220523|092749|031|675|1|30300079|130010009|130759123|1|20220523|075924|8002544|20220523|094217|8002032|1|0|0|      |20220523|20220523|0603|2022-06-03 07:03:19
500483|0000000767326051              |20220523|094446|011|675|1|30300065|130010004|130752229|1|20220523|090510|8002572|20220523|094855|8005872|1|0|0|      |20220523|20220523|0603|2022-06-03 07:03:19
485962|0000000742837802              |20220523|163451|006|676|1|30300036|130010011|130759532|1|20220523|140549|8001681|20220523|164322|8001272|1|0|0|      |20220523|20220523|0603|2022-06-03 07:03:19
485964|0000000628447964              |20220523|170043|006|679|0|30300063|130010001|130759488|1|20220523|170035|8005122|20220523|171246|8006005|1|1200|0|      |20220523|20220523|0603|2022-06-03 07:03:19
485966|0000000778085569              |20220523|173735|022|676|1|30300043|130010015|130759618|1|20220523|164950|8002729|20220523|175301|8002981|1|0|0|      |20220523|20220523|0603|2022-06-03 07:03:19
485968|0000000757975260              |20220523|120837|008|676|0|30300051|130010008|130752142|4|20220523|114242|8001525|20220523|124040|8002995|1|750|0|      |20220523|20220523|0603|2022-06-03 07:03:19
485970|0000000770621080              |20220523|123003|029|676|1|30300037|130010006|130752040|1|20220523|104403|8001534|20220523|125933|8005921|1|0|0|      |20220523|20220523|0603|2022-06-03 07:03:19
485972|0000000903920319              |20220523|133007|015|676|1|30300037|130010006|130752031|1|20220523|122601|8002721|20220523|135132|8002921|1|150|0|      |20220523|20220523|0603|2022-06-03 07:03:19
485974|0000000757004504              |20220523|220842|021|676|1|30300051|130010008|130752114|1|20220523|215813|8001876|20220523|223438|8001028|1|0|0|      |20220523|20220523|0603|2022-06-03 07:03:19
485976|0000000903839381              |20220523|103107|022|676|3|30300068|130010006|130759025|1|20220523|062838|8001541|20220523|103530|8002942|1|0|0|      |20220523|20220523|0603|2022-06-03 07:03:19
485978|0000000903839381              |20220523|101526|022|675|2|30300059|130010004|130752271|1|20220523|052842|8002425|20220523|102329|8002227|1|0|0|      |20220523|20220523|0603|2022-06-03 07:03:19
485980|0000000766159271              |20220523|122603|007|676|1|30300051|130010008|130752132|1|20220523|115806|8002734|20220523|123743|8001490|1|0|0|      |20220523|20220523|0603|2022-06-03 07:03:19
485982|0000000725338638              |20220523|083923|023|676|1|30300037|130010006|130752050|1|20220523|070158|8001349|20220523|084215|8002340|1|0|0|      |20220523|20220523|0603|2022-06-03 07:03:19
485984|0000000725747582              |20220523|082820|030|675|1|30300055|130010014|130753266|1|20220523|073010|8001349|20220523|084409|8002064|1|0|0|      |20220523|20220523|0603|2022-06-03 07:03:19
485986|0000000742919244              |20220523|185345|012|676|0|30300090|130010005|130759268|4|20220523|161915|8002538|20220523|185748|8001652|1|750|0|      |20220523|20220523|0603|2022-06-03 07:03:19
485988|0000000742566829              |20220523|185613|025|675|2|30300064|130010015|130759625|1|20220523|184026|8002437|20220523|191341|8001047|1|0|0|      |20220523|20220523|0603|2022-06-03 07:03:19
486395|0000000776583335              |20220523|074738|021|676|0|30300130|130010008|130752719|2|20220523|060250|8002823|20220523|075325|8002297|1|350|0|      |20220523|20220523|0603|2022-06-03 07:03:19
486397|0000000764548866              |20220523|135415|012|676|2|30300072|130010001|130759435|1|20220523|112517|8001349|20220523|140028|8001236|1|0|0|      |20220523|20220523|0603|2022-06-03 07:03:19
492227|0000000548837993              |20220523|183112|003|673|0|30300004|130510004|130751007|1|20220523|064425|8001312|20220523|185931|8002961|1|1100|0|      |20220523|20220523|0603|2022-06-03 07:03:19
492229|0000000825266407              |20220523|184403|014|673|0|30300004|130510004|130751100|1|20220523|054435|8002412|20220523|191924|8002943|1|1100|0|      |20220523|20220523|0603|2022-06-03 07:03:19
492231|0000000546346792              |20220523|071856|027|673|0|30300004|130510004|130751008|1|20220523|055112|8005825|20220523|072525|8001590|1|1100|0|      |20220523|20220523|0603|2022-06-03 07:03:19
492233|0000000272477765              |20220523|065614|017|673|0|30300001|130510004|130751102|1|20220523|054949|8002895|20220523|070403|8001658|1|1100|0|      |20220523|20220523|0603|2022-06-03 07:03:19
492235|0000000297932195              |20220523|072351|017|673|0|30300001|130510004|130751013|1|20220523|055224|8002207|20220523|073529|8001293|1|1100|0|      |20220523|20220523|0603|2022-06-03 07:03:19
492237|0000000825266407              |20220523|072837|013|673|0|30300004|130510004|130751100|1|20220523|054435|8002050|20220523|080148|8002961|1|1100|0|      |20220523|20220523|0603|2022-06-03 07:03:19
493858|0000000549854749              |20220523|162332|011|675|0|30300058|130010004|130752263|1|20220523|143546|8001516|20220523|165407|8001929|1|1250|0|      |20220523|20220523|0603|2022-06-03 07:03:19
493860|0000000261003141              |20220523|164650|002|676|0|30300090|130010005|130759260|1|20220523|152255|8007155|20220523|165735|8002412|1|1250|0|      |20220523|20220523|0603|2022-06-03 07:03:19
493862|0000000545726684              |20220523|171520|026|676|0|30300093|130010004|130752230|1|20220523|165751|8005880|20220523|175214|8005960|1|1250|0|      |20220523|20220523|0603|2022-06-03 07:03:19
493864|0000000542880063              |20220523|181804|005|675|0|30300058|130010004|130752255|1|20220523|142251|8001940|20220523|182037|8001934|1|1250|0|      |20220523|20220523|0603|2022-06-03 07:03:19
493866|0000000517668905              |20220523|171610|023|675|0|30300064|130010015|130759670|1|20220523|155740|8002628|20220523|173540|8001047|1|1250|0|      |20220523|20220523|0603|2022-06-03 07:03:19
493868|0000000548338762              |20220523|180925|007|676|0|30300090|130010005|130759223|1|20220523|144715|8001455|20220523|183710|8002935|1|1250|0|      |20220523|20220523|0603|2022-06-03 07:03:19
493870|0000000272390838              |20220523|182157|025|676|0|30300090|130010005|130759205|1|20220523|142524|8002763|20220523|183132|8001275|1|1250|0|      |20220523|20220523|0603|2022-06-03 07:03:19
493872|0000000317071398              |20220523|183024|014|676|0|30300072|130010001|130759706|1|20220523|180728|8002357|20220523|185954|8002075|1|1250|0|      |20220523|20220523|0603|2022-06-03 07:03:19
493874|0000000540086590              |20220523|183830|006|676|0|30300043|130010015|130759603|1|20220523|183347|8005587|20220523|184458|8002984|1|1250|0|      |20220523|20220523|0603|2022-06-03 07:03:19
493876|0000000302718976              |20220523|190025|010|676|0|30300043|130010015|130759601|1|20220523|180431|8001249|20220523|191027|8001723|1|1250|0|      |20220523|20220523|0603|2022-06-03 07:03:19
493878|0000000545121803              |20220523|185203|004|676|0|30300072|130010001|130759435|1|20220523|182424|8001412|20220523|190944|8001921|1|1250|0|      |20220523|20220523|0603|2022-06-03 07:03:19
493880|0000000519154318              |20220523|190124|020|676|0|30300090|130010005|130759207|1|20220523|164838|8002953|20220523|191940|8002611|1|1250|0|      |20220523|20220523|0603|2022-06-03 07:03:19
493882|0000000515131158              |20220523|123835|023|676|0|30300090|130010005|130759205|1|20220523|104730|8002984|20220523|125854|8001074|1|1250|0|      |20220523|20220523|0603|2022-06-03 07:03:19
494289|0000000540614151              |20220523|175515|023|675|0|30300056|130010012|130753373|1|20220523|174703|8002705|20220523|183920|8001903|1|1250|0|      |20220523|20220523|0603|2022-06-03 07:03:19
494291|0000000316271926              |20220523|185153|020|675|0|30300080|130010009|130759154|1|20220523|182217|8002577|20220523|190458|8002464|1|1250|0|      |20220523|20220523|0603|2022-06-03 07:03:19
494293|0000000263409151              |20220523|192440|012|674|0|30300104|130010002|130752355|1|20220523|182816|8002452|20220523|195721|8002681|1|1250|0|      |20220523|20220523|0603|2022-06-03 07:03:19
494295|0000000543921059              |20220523|080030|028|676|0|30300069|130010001|130759715|1|20220523|063200|8001135|20220523|080540|8001587|1|1250|0|      |20220523|20220523|0603|2022-06-03 07:03:19
494297|0000000546017144              |20220523|103649|004|676|0|30300043|130010015|130759602|1|20220523|100956|8002984|20220523|105042|8001724|1|1250|0|      |20220523|20220523|0603|2022-06-03 07:03:19
494299|0000000271853871              |20220523|215727|011|675|0|30300064|130010015|130759637|1|20220523|214344|8001253|20220523|222403|8001527|1|1250|0|      |20220523|20220523|0603|2022-06-03 07:03:19
494301|0000000549730345              |20220523|215612|002|676|0|30300068|130010006|130752036|1|20220523|213336|8002228|20220523|222529|8007267|1|1250|0|      |20220523|20220523|0603|2022-06-03 07:03:19
494303|0000000543736147              |20220523|225455|024|676|0|30300070|130010004|130752208|1|20220523|204034|8001134|20220523|225937|8001932|1|1250|0|      |20220523|20220523|0603|2022-06-03 07:03:19
494305|0000000263547487              |20220523|224710|004|675|0|30300050|130010007|130759309|1|20220523|222809|8003048|20220523|230147|8002960|1|1250|0|      |20220523|20220523|0603|2022-06-03 07:03:19
494307|0000000544342276              |20220523|192831|005|677|0|30300129|130010009|130759101|1|20220523|130154|8002722|20220523|195511|8001675|1|1250|0|      |20220523|20220523|0603|2022-06-03 07:03:19
494309|0000000543121084              |20220523|202504|030|675|0|30300056|130010012|130753374|1|20220523|192158|8002916|20220523|202912|8002706|1|1250|0|      |20220523|20220523|0603|2022-06-03 07:03:19
494311|0000000537848032              |20220523|135815|002|676|0|30300068|130010006|130752009|1|20220523|121125|8001097|20220523|140145|8002951|1|1250|0|      |20220523|20220523|0603|2022-06-03 07:03:19
494313|0000000512819523              |20220523|142841|011|675|0|30300045|130010006|130752012|1|20220523|132258|8001952|20220523|144026|8005921|1|1250|0|      |20220523|20220523|0603|2022-06-03 07:03:19
494315|0000000544339555              |20220523|153129|010|675|0|30300082|130010001|130759743|1|20220523|151223|8002447|20220523|154101|8001660|1|1250|0|      |20220523|20220523|0603|2022-06-03 07:03:19
494722|0000000542090045              |20220523|144222|011|676|0|30300072|130010001|130759434|1|20220523|134950|8001993|20220523|145906|8002344|1|1250|0|      |20220523|20220523|0603|2022-06-03 07:03:19
494724|0000000531231515              |20220523|153356|021|675|0|30300091|130010013|130759821|1|20220523|143940|8001406|20220523|154538|8005994|1|1250|0|      |20220523|20220523|0603|2022-06-03 07:03:19
494726|0000000519598807              |20220523|154130|023|676|0|30300087|130010015|130759610|4|20220523|151019|8001950|20220523|161042|8001005|1|750|0|      |20220523|20220523|0603|2022-06-03 07:03:19
494728|0000000543672567              |20220523|161550|004|676|0|30300038|130010014|130753246|1|20220523|151543|8002733|20220523|162407|8002627|1|1250|0|      |20220523|20220523|0603|2022-06-03 07:03:19
500547|0000000741045837              |20220523|100629|001|675|1|30300149|130810001|130753617|1|20220523|092058|8002721|20220523|101018|8002403|1|0|0|      |20220523|20220523|0603|2022-06-03 07:03:35
500549|0000000768735811              |20220523|120625|004|675|1|30300050|130010007|130759369|1|20220523|114226|8002376|20220523|120915|8002376|1|0|0|      |20220523|20220523|0603|2022-06-03 07:03:35
500551|0000000723743563              |20220523|080338|029|675|1|30300077|130010006|130752042|1|20220523|063928|8002433|20220523|083143|8002754|1|0|0|      |20220523|20220523|0603|2022-06-03 07:03:35
500553|0000000766990793              |20220523|080920|026|675|1|30300056|130010012|130753322|1|20220523|060839|8001484|20220523|082548|8002509|1|0|0|      |20220523|20220523|0603|2022-06-03 07:03:35
500555|0000000742482648              |20220523|081356|024|675|1|30300096|130010006|130752026|1|20220523|075307|8001320|20220523|082357|8002535|1|150|0|      |20220523|20220523|0603|2022-06-03 07:03:35
500557|0000000760678140              |20220523|083808|014|676|1|30300089|130010011|130759573|1|20220523|065321|8001555|20220523|084038|8007189|1|0|0|      |20220523|20220523|0603|2022-06-03 07:03:35
500559|0000000742465414              |20220523|085436|010|680|1|30300034|130010005|130759220|1|20220523|083830|8002259|20220523|090032|8002497|1|0|0|      |20220523|20220523|0603|2022-06-03 07:03:35
486043|0000000725574882              |20220523|154743|002|675|1|30300059|130010004|130752217|1|20220523|144542|8002468|20220523|162014|8002600|1|0|0|      |20220523|20220523|0603|2022-06-03 07:03:35
486045|0000000771731990              |20220523|170143|005|674|1|30300104|130010002|130752314|1|20220523|161011|8001062|20220523|173236|8001158|1|0|0|      |20220523|20220523|0603|2022-06-03 07:03:35
486047|0000000905242838              |20220523|175257|018|674|1|30300104|130010002|130752355|1|20220523|162711|8001028|20220523|180005|8001914|1|0|0|      |20220523|20220523|0603|2022-06-03 07:03:35
486049|0000000746501074              |20220523|180657|003|675|1|30300055|130010014|130753266|1|20220523|165403|8001929|20220523|181715|8001663|1|0|0|      |20220523|20220523|0603|2022-06-03 07:03:35
486051|0000000742493377              |20220523|181601|030|675|1|30300064|130010015|130759642|1|20220523|174015|8001527|20220523|182857|8001979|1|0|0|      |20220523|20220523|0603|2022-06-03 07:03:35
486053|0000000774350030              |20220523|131207|004|676|1|30300037|130010006|130752049|1|20220523|123727|8002559|20220523|132333|8005960|1|0|0|      |20220523|20220523|0603|2022-06-03 07:03:35
486055|0000000611453566              |20220523|221910|029|675|1|30300101|130010002|130752396|1|20220523|221146|8002558|20220523|222909|8001260|1|0|0|      |20220523|20220523|0603|2022-06-03 07:03:35
486057|0000000633681533              |20220523|105002|022|674|1|30300104|130010002|130752507|1|20220523|095758|8002107|20220523|110011|8001024|1|0|0|      |20220523|20220523|0603|2022-06-03 07:03:35
486059|0000000725865523              |20220523|111107|027|676|3|30300087|130010008|130752141|1|20220523|100914|8002758|20220523|111403|8001587|1|0|0|      |20220523|20220523|0603|2022-06-03 07:03:35
486061|0000000614892166              |20220523|083005|018|676|1|30300087|130010015|130759679|1|20220523|081216|8002140|20220523|083835|8001581|1|0|0|      |20220523|20220523|0603|2022-06-03 07:03:35
486063|0000000766027850              |20220523|081337|018|675|1|30300055|130010014|130753269|1|20220523|054335|8002635|20220523|082826|8002347|1|0|0|      |20220523|20220523|0603|2022-06-03 07:03:35
486065|0000000775900916              |20220523|083800|010|676|2|30300089|130010011|130759573|1|20220523|065321|8001555|20220523|084139|8005505|1|0|0|      |20220523|20220523|0603|2022-06-03 07:03:35
486067|0000000909377404              |20220523|091428|011|675|1|30300101|130010002|130752354|1|20220523|085850|8001118|20220523|092723|8001755|1|0|0|      |20220523|20220523|0603|2022-06-03 07:03:35
486069|0000000713434068              |20220523|094516|027|676|2|30300054|130010007|130759362|1|20220523|090123|8002468|20220523|100536|8002976|1|0|0|      |20220523|20220523|0603|2022-06-03 07:03:35
486476|0000000700153067              |20220523|081619|006|675|2|30300053|130010002|130752368|1|20220523|072257|8002279|20220523|082013|8001380|1|0|0|      |20220523|20220523|0603|2022-06-03 07:03:35
486478|0000000909322977              |20220523|132611|027|675|1|30300058|130010004|130752293|1|20220523|130706|8001852|20220523|135135|8001647|1|0|0|      |20220523|20220523|0603|2022-06-03 07:03:35
486480|0000000656434777              |20220523|164202|031|677|1|30300129|130010009|130759184|1|20220523|123849|8007343|20220523|164742|8007349|1|0|0|      |20220523|20220523|0603|2022-06-03 07:03:35
486482|0000000742035520              |20220523|165702|020|676|1|30300036|130010011|130759520|1|20220523|164549|8001681|20220523|172222|8002721|1|0|0|      |20220523|20220523|0603|2022-06-03 07:03:35
486484|0000000777245371              |20220523|180400|023|676|1|30300130|130010008|130752720|1|20220523|171835|8001349|20220523|180534|8002340|1|0|0|      |20220523|20220523|0603|2022-06-03 07:03:35
486486|0000000465285956              |20220523|124637|012|676|1|30300054|130010007|130759381|1|20220523|120152|8001568|20220523|130541|8002976|1|0|0|      |20220523|20220523|0603|2022-06-03 07:03:35
486488|0000000908088697              |20220523|224326|027|675|0|30300049|130010004|130752233|4|20220523|201354|8001962|20220523|230019|8002997|1|750|0|      |20220523|20220523|0603|2022-06-03 07:03:35
486490|0000000746402055              |20220523|110901|004|676|1|30300088|130010002|130752374|1|20220523|110131|8002352|20220523|112022|8002669|1|0|0|      |20220523|20220523|0603|2022-06-03 07:03:35
486492|0000000741494999              |20220523|080740|023|675|1|30300077|130010006|130752034|1|20220523|075820|8002161|20220523|082451|8001489|1|0|0|      |20220523|20220523|0603|2022-06-03 07:03:35
486494|0000000704401319              |20220523|082322|023|676|1|30300054|130010007|130759376|1|20220523|074111|8001922|20220523|090117|8002915|1|0|0|      |20220523|20220523|0603|2022-06-03 07:03:35
486496|0000000749079837              |20220523|184228|019|675|1|30300065|130010004|130752203|1|20220523|181149|8001420|20220523|190743|8001465|1|0|0|      |20220523|20220523|0603|2022-06-03 07:03:35
486498|0000000720702878              |20220523|190048|021|675|1|30300081|130010011|130759571|1|20220523|133553|8002453|20220523|194052|8001982|1|0|0|      |20220523|20220523|0603|2022-06-03 07:03:35
486500|0000000774523672              |20220523|073415|004|675|1|30300048|130010006|130752068|1|20220523|072010|8001681|20220523|073753|8002849|1|0|0|      |20220523|20220523|0603|2022-06-03 07:03:35
486907|0000000758014167              |20220523|223703|017|674|0|30300002|130010007|130759320|1|20220523|213735|8001419|20220523|223805|8005994|1|1250|0|      |20220523|20220523|0603|2022-06-03 07:03:35
486909|0000000773535092              |20220523|102210|026|675|0|30300058|130010004|130752294|1|20220523|091839|8002733|20220523|104347|8001407|1|1250|0|      |20220523|20220523|0603|2022-06-03 07:03:35
486911|0000000703475907              |20220523|110014|008|675|0|30300056|130010012|130753373|1|20220523|054501|8001589|20220523|111644|8002403|1|1250|0|      |20220523|20220523|0603|2022-06-03 07:03:35
498874|0000000544632091              |20220523|132454|030|676|0|30300051|130010008|130752103|1|20220523|123943|8001927|~       |      |~      |1|1250|0|      |20220523|~       |0603|2022-06-03 07:03:36
498876|0000000802682130              |20220523|162616|002|676|0|30300071|130010009|130759133|1|20220523|123945|8002251|~       |      |~      |1|1250|0|      |20220523|~       |0603|2022-06-03 07:03:36
498878|0000000592557485              |20220523|162020|003|676|0|30300130|130010008|130752140|1|20220523|161118|8002823|~       |      |~      |1|1250|0|      |20220523|~       |0603|2022-06-03 07:03:36
498880|0000000825334384              |20220523|164617|004|676|0|30300088|130010002|130752372|4|20220523|151629|8001309|~       |      |~      |1|750|0|      |20220523|~       |0603|2022-06-03 07:03:36
498882|0000000133460762              |20220523|175856|027|676|1|30300086|130010013|130759801|1|20220523|173426|8002889|~       |      |~      |1|0|0|      |20220523|~       |0603|2022-06-03 07:03:36
498884|0000000825140801              |20220523|175915|003|676|0|30300071|130010009|130759133|1|20220523|123945|8001922|~       |      |~      |1|1250|0|      |20220523|~       |0603|2022-06-03 07:03:36
498886|0000000597636287              |20220523|180653|015|676|0|30300090|130010005|130759201|1|20220523|163138|8002814|~       |      |~      |1|1250|0|      |20220523|~       |0603|2022-06-03 07:03:36
498888|0000000531671466              |20220523|193140|013|676|1|30300093|130010004|130752230|1|20220523|165751|8001534|~       |      |~      |1|0|0|      |20220523|~       |0603|2022-06-03 07:03:36
498890|0000000546571102              |20220523|064606|016|679|1|30300063|130010001|130759425|1|20220523|063808|8001096|~       |      |~      |1|0|0|      |20220523|~       |0603|2022-06-03 07:03:36
498892|0000000534199800              |20220523|074322|003|676|0|30300037|130010006|130752027|4|20220523|064721|8002899|~       |      |~      |1|750|0|      |20220523|~       |0603|2022-06-03 07:03:36
498894|0000000533402484              |20220523|074617|027|676|0|30300054|130010007|130759351|4|20220523|065111|8001707|~       |      |~      |2|1500|0|      |20220523|~       |0603|2022-06-03 07:03:36
498896|0000000303491800              |20220523|075136|003|674|1|30300002|130010007|130759338|1|20220523|063755|8002134|~       |      |~      |1|0|0|      |20220523|~       |0603|2022-06-03 07:03:36
498898|0000000546471178              |20220523|094318|008|676|0|30300054|130010007|130759361|1|20220523|084313|8001368|~       |      |~      |1|1250|0|      |20220523|~       |0603|2022-06-03 07:03:36
498900|0000000266317166              |20220523|103307|028|676|0|30300068|130010006|130752032|1|20220523|101554|8001800|~       |      |~      |1|1250|0|      |20220523|~       |0603|2022-06-03 07:03:36
498902|0000000272464148              |20220523|220408|007|675|1|30300053|130010002|130752386|1|20220523|215834|8001078|~       |      |~      |1|0|0|      |20220523|~       |0603|2022-06-03 07:03:36
499352|0000000749660790              |20220523|092932|006|676|0|30300131|130010008|130752723|1|20220523|084740|8007011|20220523|093405|8002453|1|1250|0|      |20220523|20220523|0603|2022-06-03 07:03:36
499354|0000000772182150              |20220523|092919|002|676|0|30300069|130010001|130759409|1|20220523|075123|8003044|20220523|094357|8002650|1|1250|0|      |20220523|20220523|0603|2022-06-03 07:03:36
499356|0000000743168768              |20220523|092441|025|676|0|30300070|130010004|130752265|1|20220523|090649|8002296|20220523|095745|8002795|1|1250|0|      |20220523|20220523|0603|2022-06-03 07:03:36
499358|0000000776011150              |20220523|183304|019|676|0|30300069|130010001|130759416|1|20220523|180729|8001135|20220523|185641|8007517|1|1250|0|      |20220523|20220523|0603|2022-06-03 07:03:36
499360|0000000903747467              |20220523|180757|023|676|0|30300093|130010004|130752230|1|20220523|165751|8001035|20220523|183736|8002932|1|1250|0|      |20220523|20220523|0603|2022-06-03 07:03:36
499362|0000000917967522              |20220523|191203|021|676|0|30300068|130010006|130752028|1|20220523|175448|8003101|20220523|192456|8001263|1|1250|0|      |20220523|20220523|0603|2022-06-03 07:03:36
499364|0000000776090788              |20220523|191422|016|676|0|30300070|130010004|130752603|1|20220523|191002|8003101|20220523|192515|8001260|1|1250|0|      |20220523|20220523|0603|2022-06-03 07:03:36
499366|0000000736936453              |20220523|192525|009|676|0|30300070|130010004|130752210|1|20220523|183717|8002795|20220523|193912|8005917|1|1250|0|      |20220523|20220523|0603|2022-06-03 07:03:36
499368|0000000775922392              |20220523|193719|008|676|0|30300068|130010006|130752052|1|20220523|191149|8002228|20220523|200016|8002184|1|1250|0|      |20220523|20220523|0603|2022-06-03 07:03:36
499370|0000000461621619              |20220523|065148|031|676|0|30300037|130010006|130759011|1|20220523|061715|8002617|20220523|070231|8002558|1|1250|0|      |20220523|20220523|0603|2022-06-03 07:03:36
499372|0000000725721634              |20220523|072042|006|676|0|30300036|130010011|130759510|1|20220523|070409|8002376|20220523|073035|8002721|1|1250|0|      |20220523|20220523|0603|2022-06-03 07:03:36
499374|0000000904061961              |20220523|073235|011|676|0|30300037|130010006|130759004|1|20220523|052007|8002312|20220523|075124|8002558|1|1250|0|      |20220523|20220523|0603|2022-06-03 07:03:36
499376|0000000777166176              |20220523|073628|026|676|0|30300037|130010006|130759012|1|20220523|071650|8002720|20220523|081519|8002899|1|1250|0|      |20220523|20220523|0603|2022-06-03 07:03:36
499783|0000000742439862              |20220523|115608|008|676|0|30300086|130010013|130759800|1|20220523|101706|8001365|20220523|121149|8001744|1|1250|0|      |20220523|20220523|0603|2022-06-03 07:03:36
499785|0000000774012112              |20220523|123406|029|676|0|30300090|130010005|130759201|1|20220523|102627|8002869|20220523|124830|8002618|1|1250|0|      |20220523|20220523|0603|2022-06-03 07:03:36
499787|0000000725760328              |20220523|133050|003|676|0|30300073|130010009|130759161|1|20220523|130027|8007271|20220523|134905|8001913|1|1250|0|      |20220523|20220523|0603|2022-06-03 07:03:36
499789|0000000769025058              |20220523|222230|006|676|0|30300093|130010004|130752262|1|20220523|213537|8001585|20220523|230203|8001228|1|1250|0|      |20220523|20220523|0603|2022-06-03 07:03:36
499791|0000000632331505              |20220523|212651|024|676|0|30300073|130010009|130759141|1|20220523|195159|8001795|20220523|220350|8002634|1|1250|0|      |20220523|20220523|0603|2022-06-03 07:03:36
499793|0000000743764476              |20220523|222637|023|676|0|30300068|130010006|130752032|1|20220523|220809|8003101|20220523|223529|8005920|1|1250|0|      |20220523|20220523|0603|2022-06-03 07:03:36
499795|0000000742155440              |20220523|120632|007|676|0|30300088|130010002|130752511|1|20220523|104700|8002048|20220523|122121|8002133|1|1250|0|      |20220523|20220523|0603|2022-06-03 07:03:36
499797|0000000741291405              |20220523|120317|021|676|0|30300088|130010006|130752006|1|20220523|104202|8001580|20220523|121057|8002351|1|1250|0|      |20220523|20220523|0603|2022-06-03 07:03:36
499799|0000000752170369              |20220523|074924|024|676|0|30300086|130010013|130759874|1|20220523|072229|8001423|20220523|082730|8001534|1|1250|0|      |20220523|20220523|0603|2022-06-03 07:03:36
491958|0000000506844968              |20220523|183522|025|676|0|30300068|130010006|130752008|1|20220523|164758|8002231|20220523|184920|8001533|1|1250|0|      |20220523|20220523|0603|2022-06-03 07:03:36
491960|0000000511079886              |20220523|074356|022|681|0|30300006|130010002|130752551|1|20220523|055320|8002193|20220523|081245|8002547|1|1250|0|      |20220523|20220523|0603|2022-06-03 07:03:36
491962|0000000547580794              |20220523|075500|010|676|0|30300068|130010006|130752008|4|20220523|061442|8002942|20220523|080309|8002994|1|750|0|      |20220523|20220523|0603|2022-06-03 07:03:36
491964|0000000533844710              |20220523|075548|007|675|0|30300046|130010002|130752379|1|20220523|073348|8001525|20220523|091105|8007165|1|1250|0|      |20220523|20220523|0603|2022-06-03 07:03:36
491966|0000000526760124              |20220523|075544|001|676|0|30300054|130010007|130759384|1|20220523|061804|8002977|20220523|083902|8001567|1|1250|0|      |20220523|20220523|0603|2022-06-03 07:03:36
492373|0000000543517783              |20220523|125220|021|673|1|30300004|130510004|130751009|1|20220523|062509|8002412|20220523|132229|8002911|1|0|0|      |20220523|20220523|0603|2022-06-03 07:03:36
492375|0000000525696980              |20220523|144926|011|673|0|30300003|130510004|130751015|1|20220523|062509|8005967|20220523|151155|8005671|1|1100|0|      |20220523|20220523|0603|2022-06-03 07:03:36
492377|0000000526431639              |20220523|145510|013|675|0|30300055|130010014|130753206|1|20220523|135455|8002001|20220523|151710|8001750|2|2500|0|      |20220523|20220523|0603|2022-06-03 07:03:36
492379|0000000274872544              |20220523|152615|021|673|0|30300003|130510004|130751101|1|20220523|071420|8002492|20220523|153253|8002956|1|1100|0|      |20220523|20220523|0603|2022-06-03 07:03:36
492381|0000000533250081              |20220523|153616|028|676|0|30300089|130010011|130759576|4|20220523|141159|8001423|20220523|154200|8001477|2|1500|0|      |20220523|20220523|0603|2022-06-03 07:03:36
492383|0000000527192281              |20220523|160621|030|676|0|30300041|130010012|130753332|1|20220523|154717|8002412|20220523|162404|8001076|2|1600|0|      |20220523|20220523|0603|2022-06-03 07:03:36
492385|0000000537049424              |20220523|173040|020|675|0|30300058|130010004|130752293|1|20220523|154230|8001418|20220523|174542|8001086|2|2500|0|      |20220523|20220523|0603|2022-06-03 07:03:36
492387|0000000543672432              |20220523|172517|008|680|1|30300010|130010002|130752330|1|20220523|170805|8001011|20220523|173408|8007543|2|750|0|      |20220523|20220523|0603|2022-06-03 07:03:36
492389|0000000512833147              |20220523|180833|025|676|0|30300051|130010008|130752124|4|20220523|180008|8001152|20220523|181446|8001289|2|1500|0|      |20220523|20220523|0603|2022-06-03 07:03:36
492391|0000000514878424              |20220523|182215|015|673|1|30300003|130510004|130751002|1|20220523|062147|8002352|20220523|185227|8001703|1|0|0|      |20220523|20220523|0603|2022-06-03 07:03:36
492393|0000000536758588              |20220523|191514|023|673|0|30300004|130510004|130751104|4|20220523|135517|8001192|20220523|192137|8002202|1|650|0|      |20220523|20220523|0603|2022-06-03 07:03:36
492395|0000000504553573              |20220523|191652|018|674|0|30300002|130010007|130759315|1|20220523|190534|8002251|20220523|193211|8001097|2|2500|0|      |20220523|20220523|0603|2022-06-03 07:03:36
492397|0000000509278972              |20220523|065806|009|673|0|30300003|130510004|130751003|1|20220523|052829|8070009|20220523|072639|8007230|1|1100|0|      |20220523|20220523|0603|2022-06-03 07:03:36
492399|0000000545788831              |20220523|072224|009|676|0|30300086|130010013|130759800|4|20220523|065424|8001479|20220523|075920|8001366|2|1500|0|      |20220523|20220523|0603|2022-06-03 07:03:36
494020|0000000522031652              |20220523|184236|028|675|0|30300076|130010014|130753235|1|20220523|164634|8001734|20220523|190036|8002781|1|1250|0|      |20220523|20220523|0603|2022-06-03 07:03:36
494022|0000000270759133              |20220523|191711|012|675|0|30300096|130010006|130752057|1|20220523|184758|8001103|20220523|193051|8002026|1|1250|0|      |20220523|20220523|0603|2022-06-03 07:03:36
494024|0000000549560863              |20220523|110623|002|679|0|30300063|130010001|130759774|1|20220523|101435|8001659|20220523|111213|8002357|1|1250|0|      |20220523|20220523|0603|2022-06-03 07:03:36
494026|0000000505351659              |20220523|125150|029|675|0|30300095|130010005|130759228|1|20220523|124605|8001490|20220523|125718|8001755|1|1250|0|      |20220523|20220523|0603|2022-06-03 07:03:36
494028|0000000549173992              |20220523|223313|006|679|0|30300063|130010001|130759488|1|20220523|221417|8002356|20220523|224724|8001357|1|1250|0|      |20220523|20220523|0603|2022-06-03 07:03:36
494030|0000000545889744              |20220523|192605|020|680|0|30300052|130010006|130752025|1|20220523|190926|8001415|20220523|194301|8001490|1|1250|0|      |20220523|20220523|0603|2022-06-03 07:03:36
494032|0000000538863942              |20220523|134251|024|676|0|30300039|130010005|130759262|1|20220523|060319|8002398|20220523|140412|8002142|1|1250|0|      |20220523|20220523|0603|2022-06-03 07:03:36
494034|0000000526490068              |20220523|145451|010|675|0|30300076|130010014|130753270|1|20220523|141750|8002001|20220523|150609|8002780|1|1250|0|      |20220523|20220523|0603|2022-06-03 07:03:36
494036|0000000531806844              |20220523|162628|027|680|0|30300007|130010002|130752316|1|20220523|151509|8001860|20220523|165449|8002118|1|1250|0|      |20220523|20220523|0603|2022-06-03 07:03:36
494038|0000000524033603              |20220523|171914|016|677|0|30300129|130010009|130759179|1|20220523|163138|8001677|20220523|173302|8007356|1|1250|0|      |20220523|20220523|0603|2022-06-03 07:03:36
494040|0000000503182305              |20220523|174934|010|676|0|30300069|130010001|130759416|1|20220523|165031|8001952|20220523|175851|8002381|1|1250|0|      |20220523|20220523|0603|2022-06-03 07:03:36
494042|0000000541653380              |20220523|175008|031|678|0|30300074|130010014|130753222|1|20220523|164222|8001097|20220523|175422|8002951|1|1250|0|      |20220523|20220523|0603|2022-06-03 07:03:36
494044|0000000549982928              |20220523|171548|011|676|0|30300069|130010001|130759715|1|20220523|170241|8001800|20220523|174932|8002279|1|1250|0|      |20220523|20220523|0603|2022-06-03 07:03:36
494451|0000000516480429              |20220523|101207|021|676|0|30300054|130010007|130759386|1|20220523|092712|8002452|20220523|102042|8001368|1|1250|0|      |20220523|20220523|0603|2022-06-03 07:03:36
494453|0000000543699737              |20220523|103041|021|676|0|30300087|130010015|130759634|1|20220523|102331|8002550|20220523|105518|8001949|1|1250|0|      |20220523|20220523|0603|2022-06-03 07:03:36
494455|0000000542785765              |20220523|115627|003|676|0|30300051|130010008|130752112|1|20220523|112144|8002330|20220523|121232|8001493|1|1250|0|      |20220523|20220523|0603|2022-06-03 07:03:36
494457|0000000532382866              |20220523|122610|006|676|0|30300054|130010007|130759353|1|20220523|122223|8001437|20220523|122841|8001857|1|1250|0|      |20220523|20220523|0603|2022-06-03 07:03:36
494459|0000000542089082              |20220523|222114|001|676|0|30300037|130010006|130752031|1|20220523|215936|8002984|20220523|225612|8002339|1|1250|0|      |20220523|20220523|0603|2022-06-03 07:03:36
499380|0000000917897240              |20220523|073844|013|676|0|30300037|130010006|130752053|1|20220523|065355|8001036|20220523|083602|8002921|1|1250|0|      |20220523|20220523|0603|2022-06-03 07:03:36
499382|0000000903966741              |20220523|134032|031|676|0|30300037|130010006|130752072|1|20220523|124409|8002075|20220523|135346|8001296|1|1250|0|      |20220523|20220523|0603|2022-06-03 07:03:36
499384|0000000728489100              |20220523|201319|029|676|0|30300073|130010009|130759183|1|20220523|150315|8002110|20220523|202131|8002882|1|1250|0|      |20220523|20220523|0603|2022-06-03 07:03:36
499386|0000000900163077              |20220523|202423|009|676|0|30300037|130010006|130752074|1|20220523|192401|8001097|20220523|203506|8002345|1|1250|0|      |20220523|20220523|0603|2022-06-03 07:03:36
499388|0000000632556939              |20220523|145008|001|676|0|30300054|130010007|130759363|1|20220523|141830|8002814|20220523|151639|8001586|1|1250|0|      |20220523|20220523|0603|2022-06-03 07:03:36
499390|0000000725536434              |20220523|152045|019|676|0|30300037|130010006|130752011|1|20220523|124019|8002658|20220523|153205|8002558|1|1250|0|      |20220523|20220523|0603|2022-06-03 07:03:36
499392|0000000678379873              |20220523|152956|024|676|0|30300037|130010006|130752031|1|20220523|150543|8002997|20220523|155736|8002313|1|1250|0|      |20220523|20220523|0603|2022-06-03 07:03:36
499394|0000000737118660              |20220523|155425|008|676|0|30300037|130010006|130752038|1|20220523|154805|8002635|20220523|161143|8002898|1|1250|0|      |20220523|20220523|0603|2022-06-03 07:03:36
499396|0000000741029750              |20220523|170118|012|676|0|30300037|130010006|130759016|1|20220523|155324|8001035|20220523|171130|8002156|1|1250|0|      |20220523|20220523|0603|2022-06-03 07:03:36
499398|0000000767483230              |20220523|170326|002|676|0|30300054|130010007|130759379|1|20220523|164218|8002977|20220523|172833|8002453|1|1250|0|      |20220523|20220523|0603|2022-06-03 07:03:36
499400|0000000773658813              |20220523|170102|014|676|0|30300037|130010006|130752050|1|20220523|145951|8002312|20220523|173510|8002961|1|1250|0|      |20220523|20220523|0603|2022-06-03 07:03:36
499402|0000000763301055              |20220523|174406|019|676|0|30300041|130010012|130753316|1|20220523|161447|8002648|20220523|175157|8001097|1|1250|0|      |20220523|20220523|0603|2022-06-03 07:03:36
499404|0000000904414236              |20220523|180107|003|676|0|30300054|130010007|130759347|1|20220523|165931|8001368|20220523|181713|8001847|1|1250|0|      |20220523|20220523|0603|2022-06-03 07:03:36
499811|0000000088299523              |20220523|094643|015|676|0|30300088|130010002|130752364|1|20220523|065831|8002963|20220523|095548|8001196|1|1250|0|      |20220523|20220523|0603|2022-06-03 07:03:36
499813|0000000661160509              |20220523|100534|024|676|0|30300131|130010008|130752709|1|20220523|094250|8007365|20220523|102950|8001924|1|1250|0|      |20220523|20220523|0603|2022-06-03 07:03:36
499815|0000000776978718              |20220523|181200|005|676|0|30300088|130010002|130752371|1|20220523|180338|8002679|20220523|184042|8001169|1|1250|0|      |20220523|20220523|0603|2022-06-03 07:03:36
499817|0000000904136057              |20220523|181053|017|676|0|30300131|130010008|130752716|1|20220523|180251|8002558|20220523|185805|8007364|1|1250|0|      |20220523|20220523|0603|2022-06-03 07:03:36
499819|0000000763187518              |20220523|182414|027|676|0|30300073|130010009|130759161|1|20220523|164026|8002895|20220523|185233|8003006|1|1250|0|      |20220523|20220523|0603|2022-06-03 07:03:36
499821|0000000921507389              |20220523|190924|004|676|0|30300088|130010006|130752023|1|20220523|172644|8002889|20220523|190954|8002891|1|1250|0|      |20220523|20220523|0603|2022-06-03 07:03:36
499823|0000000771050039              |20220523|180415|031|676|0|30300086|130010013|130759800|1|20220523|174611|8005543|20220523|191718|8002454|1|1250|0|      |20220523|20220523|0603|2022-06-03 07:03:36
499825|0000000661067106              |20220523|061217|028|676|0|30300054|130010007|130759363|1|20220523|055456|8001306|20220523|063029|8002468|1|1250|0|      |20220523|20220523|0603|2022-06-03 07:03:36
499827|0000000706158319              |20220523|073321|018|676|0|30300037|130010006|130752038|1|20220523|063609|8002899|20220523|074246|8001348|1|1250|0|      |20220523|20220523|0603|2022-06-03 07:03:36
499829|0000000726253374              |20220523|073739|005|676|0|30300037|130010006|130752031|1|20220523|062843|8002559|20220523|074055|8001912|1|1250|0|      |20220523|20220523|0603|2022-06-03 07:03:36
499831|0000000709621422              |20220523|061646|021|676|0|30300037|130010006|130752072|1|20220523|053633|8002312|20220523|063306|8002558|1|1250|0|      |20220523|20220523|0603|2022-06-03 07:03:36
499833|0000000746936115              |20220523|070241|009|676|0|30300037|130010006|130752038|1|20220523|063609|8006001|20220523|071317|8001005|1|1250|0|      |20220523|20220523|0603|2022-06-03 07:03:36
499835|0000000904822534              |20220523|071841|012|676|0|30300037|130010006|130752050|1|20220523|070158|8002720|20220523|073945|8002235|1|1250|0|      |20220523|20220523|0603|2022-06-03 07:03:36
500242|0000000640156104              |20220523|213738|010|676|0|30300131|130010008|130752724|1|20220523|203845|8005856|20220523|220756|8001290|1|1250|0|      |20220523|20220523|0603|2022-06-03 07:03:36
500244|0000000770893252              |20220523|215805|010|676|0|30300068|130010006|130752052|1|20220523|215049|8001096|20220523|221555|8002793|1|1250|0|      |20220523|20220523|0603|2022-06-03 07:03:36
500246|0000000743460129              |20220523|220633|019|676|0|30300037|130010006|130752002|1|20220523|212350|8002984|20220523|222747|8002906|1|1250|0|      |20220523|20220523|0603|2022-06-03 07:03:36
500248|0000000743156713              |20220523|104227|025|676|0|30300088|130010002|130752356|1|20220523|083209|8001631|20220523|105535|8001556|1|1250|0|      |20220523|20220523|0603|2022-06-03 07:03:36
500250|0000000730091806              |20220523|112956|023|676|0|30300086|130010013|130759808|1|20220523|094542|8002881|20220523|115232|8001476|1|1250|0|      |20220523|20220523|0603|2022-06-03 07:03:36
500252|0000000903621408              |20220523|122826|009|676|0|30300069|130010001|130759409|1|20220523|114025|8007371|20220523|123836|8001801|1|1250|0|      |20220523|20220523|0603|2022-06-03 07:03:36
500254|0000000771177981              |20220523|074553|008|676|0|30300086|130010013|130759874|1|20220523|072229|8002889|20220523|084342|8002888|1|1250|0|      |20220523|20220523|0603|2022-06-03 07:03:36
500256|0000000725763683              |20220523|081641|017|676|0|30300037|130010006|130759024|1|20220523|075232|8002898|20220523|084652|8002558|1|1250|0|      |20220523|20220523|0603|2022-06-03 07:03:36
500258|0000000773733526              |20220523|083010|011|676|0|30300068|130010006|130752032|1|20220523|071546|8001262|20220523|084934|8007267|1|1250|0|      |20220523|20220523|0603|2022-06-03 07:03:36
500260|0000000766614073              |20220523|080251|024|676|0|30300039|130010005|130759214|1|20220523|053338|8001074|20220523|083039|8001923|1|1250|0|      |20220523|20220523|0603|2022-06-03 07:03:36
500262|0000000731565784              |20220523|090446|001|676|0|30300069|130010001|130759428|1|20220523|082933|8001498|20220523|091440|8001134|1|1250|0|      |20220523|20220523|0603|2022-06-03 07:03:36
494922|0000000749751636              |20220523|124550|014|674|1|30300104|130010002|130752507|1|20220523|121234|8001960|20220523|132157|8002453|1|0|0|      |20220523|20220523|0603|2022-06-03 07:03:36
494924|0000000747991274              |20220523|095325|001|675|1|30300046|130010002|130752357|1|20220523|094242|8005907|20220523|104324|8001082|1|0|0|      |20220523|20220523|0603|2022-06-03 07:03:36
494926|0000000607500278              |20220523|081047|008|674|1|30300104|130010002|130752341|1|20220523|080522|8001960|20220523|085457|8001567|1|0|0|      |20220523|20220523|0603|2022-06-03 07:03:36
494928|0000000763010894              |20220523|084005|026|676|1|30300038|130010014|130753272|1|20220523|072508|8002635|20220523|085621|8002894|1|0|0|      |20220523|20220523|0603|2022-06-03 07:03:36
494930|0000000668373477              |20220523|092201|028|676|2|30300088|130010002|130752317|1|20220523|081123|8001168|20220523|092800|8002864|1|0|0|      |20220523|20220523|0603|2022-06-03 07:03:36
494932|0000000743665714              |20220523|190136|001|676|1|30300088|130010002|130752356|1|20220523|184318|8002092|20220523|190652|8002050|1|0|0|      |20220523|20220523|0603|2022-06-03 07:03:36
494934|0000000676335582              |20220523|081707|022|675|1|30300091|130010013|130759876|1|20220523|062820|8007273|20220523|082300|8001086|1|0|0|      |20220523|20220523|0603|2022-06-03 07:03:36
494936|0000000917938633              |20220523|135532|025|675|1|30300075|130010005|130759222|1|20220523|120634|8002358|20220523|141722|8002218|1|0|0|      |20220523|20220523|0603|2022-06-03 07:03:36
495343|0000000760647820              |20220523|181016|019|676|0|30300037|130010006|130752039|4|20220523|180444|8002920|20220523|182906|8002412|1|750|0|      |20220523|20220523|0603|2022-06-03 07:03:36
495345|0000000624041891              |20220523|212806|021|675|1|30300055|130010014|130753229|1|20220523|210644|8001927|20220523|214533|8002344|1|0|0|      |20220523|20220523|0603|2022-06-03 07:03:36
495347|0000000725536228              |20220523|110419|019|675|1|30300057|130010001|130759755|1|20220523|104300|8002358|20220523|114736|8002509|1|0|0|      |20220523|20220523|0603|2022-06-03 07:03:36
495349|0000000911231928              |20220523|092202|007|675|0|30300053|130010002|130752376|4|20220523|062325|8001118|20220523|092241|8001081|1|750|0|      |20220523|20220523|0603|2022-06-03 07:03:36
495351|0000000908712451              |20220523|181918|001|676|1|30300037|130010006|130759016|4|20220523|172012|8002075|20220523|182346|8005518|1|0|0|      |20220523|20220523|0603|2022-06-03 07:03:36
495353|0000000745980820              |20220523|074621|003|675|0|30300061|130010015|130759612|4|20220523|070707|8002789|20220523|080329|8002970|1|750|0|      |20220523|20220523|0603|2022-06-03 07:03:36
495355|0000000909239636              |20220523|142739|020|676|0|30300071|130010009|130759146|4|20220523|133311|8002453|20220523|143929|8001182|1|750|0|      |20220523|20220523|0603|2022-06-03 07:03:36
495357|0000000903071199              |20220523|152610|010|675|1|30300060|130010014|130753230|1|20220523|145048|8002075|20220523|153823|8002087|1|0|0|      |20220523|20220523|0603|2022-06-03 07:03:36
495359|0000000763770363              |20220523|154359|018|676|0|30300054|130010007|130759362|4|20220523|153958|8001178|20220523|154943|8002909|1|750|0|      |20220523|20220523|0603|2022-06-03 07:03:36
495361|0000000912208227              |20220523|171920|007|675|0|30300078|130010008|130752163|4|20220523|163852|8007275|20220523|173646|8001536|1|750|0|      |20220523|20220523|0603|2022-06-03 07:03:36
495363|0000000769666861              |20220523|180007|003|675|2|30300078|130010008|130752166|1|20220523|172126|8003006|20220523|181221|8001532|1|0|0|      |20220523|20220523|0603|2022-06-03 07:03:36
495365|0000000759854194              |20220523|171627|014|674|1|30300002|130010007|130759311|1|20220523|163543|8002093|20220523|175031|8005994|1|0|0|      |20220523|20220523|0603|2022-06-03 07:03:36
495367|0000000722399331              |20220523|185015|011|675|2|30300077|130010006|130752064|1|20220523|180605|8001418|20220523|190357|8001611|1|0|0|      |20220523|20220523|0603|2022-06-03 07:03:36
495774|0000000400174660              |20220523|132656|008|676|0|30300070|130010004|130752210|1|20220523|130342|8001264|20220523|133125|8001941|1|1250|0|      |20220523|20220523|0603|2022-06-03 07:03:36
495776|0000001118352130              |20220523|214950|005|675|0|30300056|130010012|130753319|1|20220523|214823|8070030|20220523|221530|8001204|1|1250|0|      |20220523|20220523|0603|2022-06-03 07:03:36
495778|0000000692249672              |20220523|104734|008|675|0|30300056|130010012|130753373|1|20220523|054501|8002584|20220523|105231|8001645|1|1250|0|      |20220523|20220523|0603|2022-06-03 07:03:36
495780|0000000400184256              |20220523|111232|015|676|0|30300070|130010004|130752606|1|20220523|100100|8001239|20220523|112230|8001932|1|1250|0|      |20220523|20220523|0603|2022-06-03 07:03:36
495782|0000000400145363              |20220523|122504|017|675|3|30300083|130010001|130759722|1|20220523|121100|8002825|20220523|123324|8002307|1|0|0|      |20220523|20220523|0603|2022-06-03 07:03:36
495784|0000000400136041              |20220523|124924|025|676|0|30300070|130010004|130752205|1|20220523|123554|8002753|20220523|125138|8001646|1|1250|0|      |20220523|20220523|0603|2022-06-03 07:03:36
495786|0000000400181613              |20220523|090043|023|676|0|30300070|130010004|130752235|1|20220523|080525|8001868|20220523|092514|8001932|1|1250|0|      |20220523|20220523|0603|2022-06-03 07:03:36
495788|0000000792730577              |20220523|090739|008|676|0|30300070|130010004|130752228|1|20220523|075027|8001134|20220523|091444|8001932|1|1250|0|      |20220523|20220523|0603|2022-06-03 07:03:36
495790|0000000400210153              |20220523|093130|007|675|0|30300056|130010012|130753374|1|20220523|083830|8001707|20220523|093642|8001279|1|1250|0|      |20220523|20220523|0603|2022-06-03 07:03:36
495792|0000000698532543              |20220523|183024|011|675|0|30300056|130010012|130753319|1|20220523|181609|8007480|20220523|185201|8001902|1|1250|0|      |20220523|20220523|0603|2022-06-03 07:03:36
495794|0000000400115856              |20220523|135031|014|675|2|30300091|130010013|130759828|1|20220523|133046|8002840|20220523|140741|8002464|1|0|0|      |20220523|20220523|0603|2022-06-03 07:03:36
495796|0000000695263194              |20220523|143010|008|675|0|30300091|130010013|130759880|1|20220523|123316|8002241|20220523|150200|8001242|1|1250|0|      |20220523|20220523|0603|2022-06-03 07:03:36
495798|0000000696258645              |20220523|160230|013|675|1|30300067|130010001|130759402|1|20220523|144812|8002467|20220523|162017|8001073|1|0|0|      |20220523|20220523|0603|2022-06-03 07:03:36
495800|0000000698693239              |20220523|124850|012|675|0|30300091|130010013|130759817|1|20220523|115246|8001085|20220523|130529|8005994|1|1250|0|      |20220523|20220523|0603|2022-06-03 07:03:36
496207|0000000520591103              |20220523|180642|031|675|0|30300050|130010007|130759350|4|20220523|175722|8002955|20220523|182456|8001272|1|750|0|      |20220523|20220523|0603|2022-06-03 07:03:36
496209|0000000545177987              |20220523|181224|011|676|0|30300043|130010015|130759604|1|20220523|180543|8005587|20220523|183307|8002984|1|1250|0|      |20220523|20220523|0603|2022-06-03 07:03:36
487518|0000000514878411              |20220523|071635|019|673|0|30300004|130510004|130751008|4|20220523|055112|8007026|20220523|075904|8002540|1|650|0|      |20220523|20220523|0603|2022-06-03 07:03:36
487520|0000000539403155              |20220523|104428|024|673|0|30300004|130510004|130751016|1|20220523|053701|8005656|20220523|105344|8001192|1|1100|0|      |20220523|20220523|0603|2022-06-03 07:03:36
487522|0000000533802284              |20220523|122042|008|673|1|30300004|130510004|130751016|4|20220523|053701|8001320|20220523|125046|8007483|1|0|0|      |20220523|20220523|0603|2022-06-03 07:03:36
487524|0000000318574030              |20220523|220513|024|673|0|30300004|130510004|130751009|4|20220523|062509|8002961|20220523|221648|8007026|1|650|0|      |20220523|20220523|0603|2022-06-03 07:03:36
487526|0000000532583027              |20220523|203120|010|673|0|30300004|130510004|130751100|1|20220523|054435|8002872|20220523|204400|8005829|1|1100|0|      |20220523|20220523|0603|2022-06-03 07:03:36
487933|0000000543583999              |20220523|111718|006|676|0|30300093|130010004|130752272|1|20220523|102346|8002310|20220523|113327|8001419|2|2500|0|      |20220523|20220523|0603|2022-06-03 07:03:36
487935|0000000108178975              |20220523|114427|012|675|0|30300066|130010015|130759688|1|20220523|111704|8001139|20220523|115200|8001789|2|2500|0|      |20220523|20220523|0603|2022-06-03 07:03:36
487937|0000000535997740              |20220523|221459|028|675|0|30300081|130010011|130759582|4|20220523|212555|8002917|20220523|222344|8001263|2|1500|0|      |20220523|20220523|0603|2022-06-03 07:03:36
487939|0000000525772712              |20220523|204230|001|675|0|30300047|130010001|130759430|4|20220523|191934|8005993|20220523|204913|8070029|2|1500|0|      |20220523|20220523|0603|2022-06-03 07:03:36
487941|0000000536245166              |20220523|133647|008|675|0|30300076|130010014|130753235|1|20220523|132748|8002826|20220523|134628|8003018|2|2500|0|      |20220523|20220523|0603|2022-06-03 07:03:36
487943|0000000535282487              |20220523|133904|012|675|0|30300101|130010002|130752396|1|20220523|131421|8001009|20220523|134929|8001762|2|2500|0|      |20220523|20220523|0603|2022-06-03 07:03:36
487945|0000000101672699              |20220523|130907|029|675|0|30300062|130010008|130752721|1|20220523|130103|8001857|20220523|131356|8001854|2|2500|0|      |20220523|20220523|0603|2022-06-03 07:03:36
487947|0000000506834930              |20220523|140818|014|675|0|30300076|130010014|130753231|1|20220523|134637|8001868|20220523|142610|8002000|2|2500|0|      |20220523|20220523|0603|2022-06-03 07:03:36
487949|0000000529596125              |20220523|154314|004|675|0|30300076|130010014|130753510|2|20220523|144408|8001869|20220523|154912|8001733|2|700|0|      |20220523|20220523|0603|2022-06-03 07:03:36
487951|0000000507132614              |20220523|160804|015|676|0|30300073|130010009|130759183|4|20220523|150315|8001324|20220523|161850|8002956|2|1500|0|      |20220523|20220523|0603|2022-06-03 07:03:36
487953|0000000544235251              |20220523|163936|030|676|0|30300093|130010004|130752219|2|20220523|161152|8002532|20220523|164809|8002373|2|700|0|      |20220523|20220523|0603|2022-06-03 07:03:36
487955|0000000513780188              |20220523|160516|004|675|0|30300076|130010014|130753239|1|20220523|151745|8001413|20220523|162726|8002825|2|2500|0|      |20220523|20220523|0603|2022-06-03 07:03:36
487957|0000000101119459              |20220523|175935|005|675|0|30300076|130010014|130753270|1|20220523|141750|8002484|20220523|182706|8001937|2|2500|0|      |20220523|20220523|0603|2022-06-03 07:03:36
487959|0000000316672564              |20220523|072217|005|676|0|30300086|130010013|130759800|1|20220523|065424|8001479|20220523|073957|8002464|2|2500|0|      |20220523|20220523|0603|2022-06-03 07:03:36
488993|0000000695469518              |20220523|145406|018|676|1|30300090|130010005|130759201|1|20220523|132221|8002721|20220523|145923|8001773|1|0|0|      |20220523|20220523|0603|2022-06-03 07:03:36
488995|0000000787873988              |20220523|145856|027|674|1|30300100|130010002|130752508|1|20220523|144604|8001081|20220523|150553|8002118|1|0|0|      |20220523|20220523|0603|2022-06-03 07:03:36
488997|0000000788072675              |20220523|155823|011|676|0|30300040|130010007|130759343|1|20220523|155029|8002721|20220523|161458|8002757|1|1250|0|      |20220523|20220523|0603|2022-06-03 07:03:36
488999|0000000791242614              |20220523|153837|023|675|0|30300053|130010002|130752387|1|20220523|150321|8001081|20220523|160920|8001949|1|1250|0|      |20220523|20220523|0603|2022-06-03 07:03:36
489001|0000000400102762              |20220523|164647|022|674|0|30300100|130010002|130752365|1|20220523|163233|8001081|20220523|170452|8001927|1|1250|0|      |20220523|20220523|0603|2022-06-03 07:03:36
489003|0000000795329243              |20220523|165408|006|674|0|30300100|130010002|130752360|1|20220523|142154|8001081|20220523|172240|8002629|1|1250|0|      |20220523|20220523|0603|2022-06-03 07:03:36
489005|0000000475913352              |20220523|123323|006|674|1|30300104|130010002|130752355|1|20220523|060542|8001081|20220523|123850|8001013|1|0|0|      |20220523|20220523|0603|2022-06-03 07:03:36
489007|0000000784933669              |20220523|125552|005|675|0|30300058|130010004|130752251|1|20220523|121535|8001935|20220523|130814|8001754|1|1250|0|      |20220523|20220523|0603|2022-06-03 07:03:36
489009|0000000698080875              |20220523|215514|004|675|0|30300047|130010001|130759438|1|20220523|214628|8002721|20220523|222821|8001828|1|1250|0|      |20220523|20220523|0603|2022-06-03 07:03:36
489011|0000000400211538              |20220523|103657|006|675|0|30300077|130010006|130759018|1|20220523|082947|8001935|20220523|105002|8002119|1|1250|0|      |20220523|20220523|0603|2022-06-03 07:03:36
489013|0000000788815374              |20220523|112438|024|675|1|30300058|130010004|130752292|1|20220523|061521|8001935|20220523|113443|8001851|1|0|0|      |20220523|20220523|0603|2022-06-03 07:03:36
489015|0000000690852497              |20220523|090302|025|674|0|30300100|130010002|130752509|1|20220523|084525|8001935|20220523|091943|8001083|1|1250|0|      |20220523|20220523|0603|2022-06-03 07:03:36
489017|0000000699610253              |20220523|100558|031|674|0|30300100|130010002|130752506|1|20220523|092631|8002118|20220523|101529|8001927|1|1250|0|      |20220523|20220523|0603|2022-06-03 07:03:36
489424|0000000531467342              |20220523|220744|002|675|0|30300094|130010014|130753607|4|20220523|213513|8001077|20220523|222030|8003032|1|750|0|      |20220523|20220523|0603|2022-06-03 07:03:36
489426|0000000302180889              |20220523|205830|009|676|0|30300087|130010008|130752150|1|20220523|205122|8002550|20220523|210513|8001491|1|1250|0|      |20220523|20220523|0603|2022-06-03 07:03:36
489428|0000000505356318              |20220523|133231|015|675|0|30300064|130010015|130759638|1|20220523|125935|8002481|20220523|135353|8001834|1|1250|0|      |20220523|20220523|0603|2022-06-03 07:03:36
489430|0000000504872797              |20220523|155108|009|676|0|30300038|130010014|130753255|4|20220523|154809|8002920|20220523|155713|8002973|1|750|0|      |20220523|20220523|0603|2022-06-03 07:03:36
489432|0000000542785858              |20220523|161100|008|676|0|30300043|130010015|130759613|4|20220523|151018|8001245|20220523|162559|8002457|1|750|0|      |20220523|20220523|0603|2022-06-03 07:03:36
498505|0000000544129451              |20220523|190512|007|676|0|30300041|130010012|130753334|1|20220523|174350|8001773|~       |      |~      |1|1250|0|      |20220523|~       |0603|2022-06-03 07:03:36
498507|0000000162349537              |20220523|194147|008|676|0|30300054|130010007|130759362|1|20220523|191217|8001102|~       |      |~      |1|1250|0|      |20220523|~       |0603|2022-06-03 07:03:36
498509|0000000546537081              |20220523|082756|026|676|0|30300037|130010006|130752038|1|20220523|075545|8002311|~       |      |~      |1|1250|0|      |20220523|~       |0603|2022-06-03 07:03:36
498511|0000000271020155              |20220523|120625|005|676|0|30300087|130010015|130759614|1|20220523|105929|8003012|~       |      |~      |1|1250|0|      |20220523|~       |0603|2022-06-03 07:03:36
498963|0000000544643361              |20220523|081720|029|676|0|30300041|130010012|130753318|1|20220523|052351|8002703|~       |      |~      |1|1250|0|      |20220523|~       |0603|2022-06-03 07:03:36
498965|0000000531312689              |20220523|083149|006|676|0|30300054|130010007|130759384|1|20220523|061804|8001089|~       |      |~      |1|1250|0|      |20220523|~       |0603|2022-06-03 07:03:36
498967|0000000299887212              |20220523|084303|007|676|0|30300041|130010012|130753321|1|20220523|065348|8001096|~       |      |~      |1|1250|0|      |20220523|~       |0603|2022-06-03 07:03:36
498969|0000000537902706              |20220523|085535|024|675|0|30300055|130010014|130753205|1|20220523|060403|8002344|~       |      |~      |1|1250|0|      |20220523|~       |0603|2022-06-03 07:03:36
498971|0000000530304136              |20220523|200228|011|676|0|30300054|130010007|130759383|1|20220523|192007|8002452|~       |      |~      |1|1250|0|      |20220523|~       |0603|2022-06-03 07:03:36
498973|0000000314206911              |20220523|211310|013|675|0|30300082|130010001|130759471|1|20220523|204535|8002800|~       |      |~      |1|1250|0|      |20220523|~       |0603|2022-06-03 07:03:36
498975|0000000548837531              |20220523|214742|005|676|0|30300089|130010011|130759516|1|20220523|204104|8001989|~       |      |~      |1|1250|0|      |20220523|~       |0603|2022-06-03 07:03:36
498977|0000000280769292              |20220523|141500|002|674|0|30300100|130010002|130752381|1|20220523|130130|8002433|~       |      |~      |1|1250|0|      |20220523|~       |0603|2022-06-03 07:03:36
498979|0000000546892975              |20220523|155453|027|675|0|30300095|130010011|130759530|1|20220523|145434|8002467|~       |      |~      |1|1250|0|      |20220523|~       |0603|2022-06-03 07:03:36
498981|0000000543521795              |20220523|164821|012|675|0|30300049|130010004|130752285|1|20220523|145118|8002433|~       |      |~      |1|1250|0|      |20220523|~       |0603|2022-06-03 07:03:36
498983|0000000520741169              |20220523|170635|012|676|0|30300130|130010008|130752140|1|20220523|161118|8002786|~       |      |~      |1|1250|0|      |20220523|~       |0603|2022-06-03 07:03:36
498985|0000000260461468              |20220523|180507|028|676|0|30300089|130010011|130759512|1|20220523|145844|8002666|~       |      |~      |1|1250|0|      |20220523|~       |0603|2022-06-03 07:03:36
498987|0000000545380450              |20220523|182310|014|675|0|30300091|130010013|130759812|1|20220523|162353|8007273|~       |      |~      |1|1250|0|      |20220523|~       |0603|2022-06-03 07:03:36
498989|0000000549709822              |20220523|185736|015|676|0|30300089|130010011|130759575|1|20220523|140353|8001418|~       |      |~      |1|1250|0|      |20220523|~       |0603|2022-06-03 07:03:36
498991|0000000545174538              |20220523|181313|010|675|0|30300053|130010002|130752384|1|20220523|181254|8005583|~       |      |~      |1|1250|0|      |20220523|~       |0603|2022-06-03 07:03:36
499432|0000000763650965              |20220523|082800|013|676|0|30300037|130010006|130752038|1|20220523|075545|8002311|20220523|083718|8002100|1|1250|0|      |20220523|20220523|0603|2022-06-03 07:03:36
499434|0000000743756087              |20220523|085733|028|676|0|30300039|130010005|130759267|1|20220523|071350|8002940|20220523|092449|8002921|1|1250|0|      |20220523|20220523|0603|2022-06-03 07:03:36
499436|0000000904734176              |20220523|093102|020|676|0|30300073|130010009|130759122|1|20220523|050500|8002242|20220523|093510|8002100|1|1250|0|      |20220523|20220523|0603|2022-06-03 07:03:36
499438|0000000771065952              |20220523|095653|002|676|0|30300039|130010005|130759214|1|20220523|053338|8001192|20220523|100714|8001922|1|1250|0|      |20220523|20220523|0603|2022-06-03 07:03:36
499440|0000000661142403              |20220523|182557|015|676|0|30300073|130010009|130759185|1|20220523|175329|8007273|20220523|184846|8001923|1|1250|0|      |20220523|20220523|0603|2022-06-03 07:03:36
499442|0000000742280596              |20220523|183438|008|676|0|30300037|130010006|130759027|1|20220523|175548|8002608|20220523|185404|8005999|1|1250|0|      |20220523|20220523|0603|2022-06-03 07:03:36
499444|0000000725426561              |20220523|182848|013|676|0|30300130|130010008|130752148|1|20220523|175634|8002345|20220523|184229|8002330|1|1250|0|      |20220523|20220523|0603|2022-06-03 07:03:36
499446|0000000752165827              |20220523|181120|004|676|0|30300054|130010007|130759363|1|20220523|172855|8002453|20220523|184621|8001586|1|1250|0|      |20220523|20220523|0603|2022-06-03 07:03:36
499448|0000000903416454              |20220523|182950|007|676|0|30300037|130010006|130752039|1|20220523|180444|8002412|20220523|185857|8002618|1|1250|0|      |20220523|20220523|0603|2022-06-03 07:03:36
499450|0000000742259853              |20220523|191322|015|676|0|30300054|130010007|130759347|1|20220523|183913|8001089|20220523|192558|8002202|1|1250|0|      |20220523|20220523|0603|2022-06-03 07:03:36
499452|0000000767567403              |20220523|192647|016|676|0|30300037|130010006|130752062|1|20220523|185404|8002559|20220523|194058|8002906|1|1250|0|      |20220523|20220523|0603|2022-06-03 07:03:36
499454|0000000728729070              |20220523|194625|006|676|0|30300037|130010006|130752037|1|20220523|190119|8002608|20220523|200058|8002558|1|1250|0|      |20220523|20220523|0603|2022-06-03 07:03:36
499456|0000000743003949              |20220523|072830|024|676|0|30300054|130010007|130759346|1|20220523|071132|8001556|20220523|075143|8001989|1|1250|0|      |20220523|20220523|0603|2022-06-03 07:03:36
499458|0000000658820480              |20220523|070459|017|676|0|30300040|130010013|130759873|1|20220523|064755|8001054|20220523|071535|8002760|1|1250|0|      |20220523|20220523|0603|2022-06-03 07:03:36
499865|0000000765464875              |20220523|162055|029|676|0|30300037|130010006|130752073|1|20220523|153120|8005960|20220523|162756|8002310|1|1250|0|      |20220523|20220523|0603|2022-06-03 07:03:36
499867|0000000778179027              |20220523|171816|012|676|0|30300039|130010005|130759224|1|20220523|171328|8002920|20220523|172406|8002973|1|1250|0|      |20220523|20220523|0603|2022-06-03 07:03:36
499869|0000000731709582              |20220523|172406|024|676|0|30300054|130010007|130759358|1|20220523|163917|8002556|20220523|175549|8001793|1|1250|0|      |20220523|20220523|0603|2022-06-03 07:03:36
499871|0000000752552763              |20220523|172622|007|676|0|30300130|130010008|130752148|1|20220523|163744|8002340|20220523|174649|8002824|1|1250|0|      |20220523|20220523|0603|2022-06-03 07:03:36
493671|0000000768373488              |20220523|072554|028|676|1|30300037|130010006|130752031|1|20220523|062843|8002412|20220523|075245|8005960|1|0|0|      |20220523|20220523|0603|2022-06-03 07:03:36
493673|0000000909426252              |20220523|074313|015|675|1|30300058|130010004|130752295|1|20220523|063901|8007273|20220523|075346|8005894|1|0|0|      |20220523|20220523|0603|2022-06-03 07:03:36
493675|0000000900028546              |20220523|135059|016|676|1|30300088|130010002|130752374|1|20220523|123952|8002410|20220523|140111|8001757|1|0|0|      |20220523|20220523|0603|2022-06-03 07:03:36
493677|0000000612796080              |20220523|150058|003|675|1|30300079|130010009|130759110|1|20220523|144240|8001488|20220523|151219|8002723|1|0|0|      |20220523|20220523|0603|2022-06-03 07:03:36
493679|0000000717610828              |20220523|202033|004|676|1|30300036|130010012|130753301|1|20220523|192829|8002722|20220523|203704|8001680|1|0|0|      |20220523|20220523|0603|2022-06-03 07:03:36
493681|0000000903690087              |20220523|150256|023|674|1|30300100|130010002|130752506|1|20220523|141125|8001348|20220523|154441|8001158|1|0|0|      |20220523|20220523|0603|2022-06-03 07:03:36
493683|0000000674743190              |20220523|160212|016|675|1|30300083|130010001|130759710|1|20220523|150419|8001491|20220523|160513|8001277|1|0|0|      |20220523|20220523|0603|2022-06-03 07:03:36
493685|0000000909307824              |20220523|164357|031|675|0|30300058|130010004|130752266|4|20220523|145748|8002905|20220523|170646|8002734|1|750|0|      |20220523|20220523|0603|2022-06-03 07:03:36
493687|0000000909307824              |20220523|170955|031|676|1|30300051|130010008|130752106|4|20220523|163330|8001929|20220523|173449|8001371|1|0|0|      |20220523|20220523|0603|2022-06-03 07:03:36
493689|0000000709169774              |20220523|121016|020|676|3|30300037|130010006|130752007|1|20220523|114856|8002412|20220523|121553|8006001|1|0|0|      |20220523|20220523|0603|2022-06-03 07:03:36
493691|0000000778339602              |20220523|125455|029|676|1|30300040|130010013|130759872|1|20220523|103108|8001380|20220523|131230|8002997|1|0|0|      |20220523|20220523|0603|2022-06-03 07:03:36
493693|0000000744933501              |20220523|224352|030|674|1|30300100|130010002|130752503|1|20220523|223249|8001529|20220523|230820|8001083|1|0|0|      |20220523|20220523|0603|2022-06-03 07:03:36
494100|0000000520742694              |20220523|205138|020|675|0|30300082|130010001|130759770|1|20220523|200911|8001934|20220523|210643|8005856|1|1250|0|      |20220523|20220523|0603|2022-06-03 07:03:36
494102|0000000124664351              |20220523|205403|001|676|0|30300040|130010013|130759802|1|20220523|205054|8002941|20220523|205934|8002960|1|1250|0|      |20220523|20220523|0603|2022-06-03 07:03:36
494104|0000000307385183              |20220523|211753|007|676|0|30300088|130010002|130752380|1|20220523|201656|8002721|20220523|214219|8001577|1|1250|0|      |20220523|20220523|0603|2022-06-03 07:03:36
494106|0000000509423874              |20220523|132527|005|674|0|30300002|130010007|130759329|1|20220523|125502|8001097|20220523|134958|8002139|1|1250|0|      |20220523|20220523|0603|2022-06-03 07:03:36
494108|0000000545139748              |20220523|141507|007|676|0|30300089|130010011|130759513|1|20220523|131020|8007549|20220523|142301|8002468|1|1250|0|      |20220523|20220523|0603|2022-06-03 07:03:36
494110|0000000546917235              |20220523|144624|005|676|0|30300054|130010007|130759363|1|20220523|141830|8001089|20220523|152238|8001793|1|1250|0|      |20220523|20220523|0603|2022-06-03 07:03:36
494112|0000000546931908              |20220523|143005|003|676|0|30300037|130010006|130759023|1|20220523|122219|8002312|20220523|144638|8002558|1|1250|0|      |20220523|20220523|0603|2022-06-03 07:03:36
494114|0000000518150075              |20220523|144950|009|674|0|30300002|130010007|130759323|1|20220523|142226|8002133|20220523|152051|8001096|1|1250|0|      |20220523|20220523|0603|2022-06-03 07:03:36
494116|0000000549278043              |20220523|154900|027|676|0|30300037|130010006|130752040|1|20220523|144604|8001533|20220523|155641|8002339|1|1250|0|      |20220523|20220523|0603|2022-06-03 07:03:36
494118|0000000544636639              |20220523|160028|003|674|0|30300002|130010007|130759320|1|20220523|152802|8001097|20220523|160830|8002611|1|1250|0|      |20220523|20220523|0603|2022-06-03 07:03:36
494120|0000000545228975              |20220523|164307|005|676|0|30300037|130010006|130759027|1|20220523|161915|8002720|20220523|165601|8002559|1|1250|0|      |20220523|20220523|0603|2022-06-03 07:03:36
494122|0000000549312649              |20220523|163132|011|676|0|30300037|130010006|130759023|1|20220523|151741|8002412|20220523|170052|8005960|1|1250|0|      |20220523|20220523|0603|2022-06-03 07:03:36
494124|0000000509098343              |20220523|160214|006|676|0|30300054|130010007|130759346|1|20220523|154311|8002916|20220523|163349|8001923|1|1250|0|      |20220523|20220523|0603|2022-06-03 07:03:36
494126|0000000164615436              |20220523|171008|006|676|0|30300054|130010007|130759384|1|20220523|163631|8001922|20220523|172041|8002452|1|1250|0|      |20220523|20220523|0603|2022-06-03 07:03:36
494533|0000000318547687              |20220523|143831|016|675|0|30300081|130010011|130759523|1|20220523|142736|8001981|20220523|145822|8002100|1|1250|0|      |20220523|20220523|0603|2022-06-03 07:03:36
494535|0000000292835992              |20220523|152908|021|675|0|30300127|130010004|130752280|4|20220523|151228|8007287|20220523|153136|8007319|1|750|0|      |20220523|20220523|0603|2022-06-03 07:03:36
494537|0000000509459693              |20220523|154209|028|675|0|30300060|130010014|130753522|1|20220523|132135|8002793|20220523|155940|8001378|1|1250|0|      |20220523|20220523|0603|2022-06-03 07:03:36
494539|0000000511219212              |20220523|161405|028|676|0|30300073|130010009|130759178|1|20220523|151412|8002356|20220523|162153|8001670|1|1250|0|      |20220523|20220523|0603|2022-06-03 07:03:36
494541|0000000544631388              |20220523|162228|027|675|0|30300101|130010002|130752396|1|20220523|155657|8002547|20220523|163717|8001645|1|1250|0|      |20220523|20220523|0603|2022-06-03 07:03:36
494543|0000000534283852              |20220523|164604|026|675|0|30300061|130010015|130759646|1|20220523|160518|8002925|20220523|165504|8002433|1|1250|0|      |20220523|20220523|0603|2022-06-03 07:03:36
494545|0000000547452563              |20220523|163040|023|675|0|30300066|130010015|130759675|4|20220523|160348|8002744|20220523|170418|8001828|1|750|0|      |20220523|20220523|0603|2022-06-03 07:03:36
494547|0000000531846692              |20220523|183052|012|676|0|30300090|130010005|130759207|1|20220523|164838|8002720|20220523|183323|8002984|1|1250|0|      |20220523|20220523|0603|2022-06-03 07:03:36
494549|0000000533754323              |20220523|183931|023|675|0|30300056|130010012|130753322|1|20220523|175349|8001646|20220523|185537|8001494|1|1250|0|      |20220523|20220523|0603|2022-06-03 07:03:36
494551|0000000531329630              |20220523|191225|002|675|0|30300066|130010015|130759684|1|20220523|184449|8002733|20220523|192843|8002981|1|1250|0|      |20220523|20220523|0603|2022-06-03 07:03:36
494553|0000000542784409              |20220523|055733|024|675|0|30300080|130010009|130759153|1|20220523|054111|8002038|20220523|061425|8001787|1|1250|0|      |20220523|20220523|0603|2022-06-03 07:03:36
486268|0000000908244314              |20220523|225145|026|676|1|30300037|130010006|130752074|1|20220523|223005|8002720|20220523|230835|8001005|1|0|0|      |20220523|20220523|0603|2022-06-03 07:03:36
486270|0000000903945380              |20220523|221603|009|676|1|30300043|130010015|130759601|1|20220523|213237|8001723|20220523|222930|8001296|1|0|0|      |20220523|20220523|0603|2022-06-03 07:03:36
486272|0000000741398632              |20220523|103336|023|675|1|30300058|130010004|130752200|1|20220523|101049|8001852|20220523|105132|8002603|1|0|0|      |20220523|20220523|0603|2022-06-03 07:03:36
486274|0000000761063207              |20220523|115427|026|675|2|30300056|130010012|130753371|1|20220523|111854|8005990|20220523|115946|8007480|1|0|0|      |20220523|20220523|0603|2022-06-03 07:03:36
486276|0000000755052004              |20220523|081826|001|674|1|30300100|130010002|130752509|1|20220523|075236|8002118|20220523|084235|8001413|1|0|0|      |20220523|20220523|0603|2022-06-03 07:03:36
486278|0000000906710519              |20220523|083541|008|676|1|30300072|130010001|130759435|1|20220523|055418|8002617|20220523|085519|8002558|1|0|0|      |20220523|20220523|0603|2022-06-03 07:03:36
486280|0000000903102049              |20220523|091253|022|676|1|30300036|130010012|130753311|1|20220523|082427|8001425|20220523|093626|8001413|1|0|0|      |20220523|20220523|0603|2022-06-03 07:03:36
486282|0000000676219294              |20220523|183524|018|676|1|30300041|130010012|130753332|1|20220523|154717|8002411|20220523|183959|8005993|1|0|0|      |20220523|20220523|0603|2022-06-03 07:03:36
486284|0000000743407203              |20220523|185422|013|675|2|30300047|130010001|130759732|1|20220523|182512|8002542|20220523|190305|8070012|1|0|0|      |20220523|20220523|0603|2022-06-03 07:03:36
486691|0000000744282400              |20220523|065405|019|675|0|30300047|130010001|130759438|4|20220523|064838|8001437|20220523|070246|8002119|1|750|0|      |20220523|20220523|0603|2022-06-03 07:03:36
486693|0000000761500340              |20220523|075253|003|676|1|30300040|130010013|130759804|1|20220523|070409|8007278|20220523|081808|8001401|1|0|0|      |20220523|20220523|0603|2022-06-03 07:03:36
486695|0000000727917048              |20220523|080117|025|676|1|30300088|130010002|130752512|1|20220523|055435|8002092|20220523|081651|8001306|1|0|0|      |20220523|20220523|0603|2022-06-03 07:03:36
486697|0000000910433495              |20220523|143233|018|675|0|30300058|130010004|130752200|4|20220523|135620|8002603|20220523|145623|8002904|1|750|0|      |20220523|20220523|0603|2022-06-03 07:03:36
486699|0000000763759330              |20220523|202450|026|676|1|30300088|130010002|130752380|1|20220523|201656|8002132|20220523|203911|8002050|1|0|0|      |20220523|20220523|0603|2022-06-03 07:03:36
486701|0000000770173870              |20220523|151654|007|676|1|30300037|130010006|130759021|1|20220523|145615|8001349|20220523|152445|8001443|1|0|0|      |20220523|20220523|0603|2022-06-03 07:03:37
486703|0000000770173870              |20220523|154453|007|675|2|30300055|130010014|130753229|1|20220523|150920|8001444|20220523|155150|8002488|1|0|0|      |20220523|20220523|0603|2022-06-03 07:03:37
486705|0000000719177054              |20220523|155223|001|676|0|30300089|130010011|130759531|4|20220523|141727|8005511|20220523|164113|8002650|1|750|0|      |20220523|20220523|0603|2022-06-03 07:03:37
486707|0000000758030728              |20220523|164617|031|676|0|30300090|130010005|130759206|4|20220523|150351|8002720|20220523|170023|8001568|1|750|0|      |20220523|20220523|0603|2022-06-03 07:03:37
486709|0000000758030728              |20220523|170542|031|676|1|30300054|130010007|130759387|4|20220523|162740|8001568|20220523|172422|8001707|1|0|0|      |20220523|20220523|0603|2022-06-03 07:03:37
486711|0000000441865654              |20220523|163904|024|676|1|30300088|130010002|130752361|1|20220523|163758|8002402|20220523|173017|8002048|1|0|0|      |20220523|20220523|0603|2022-06-03 07:03:37
486713|0000000650142723              |20220523|173311|016|676|1|30300089|130010011|130759527|1|20220523|095627|8002206|20220523|175851|8001555|1|0|0|      |20220523|20220523|0603|2022-06-03 07:03:37
486715|0000000768465302              |20220523|182513|019|676|2|30300039|130010005|130759269|1|20220523|161126|8002974|20220523|182724|8002922|1|0|0|      |20220523|20220523|0603|2022-06-03 07:03:37
486717|0000000767145805              |20220523|184054|003|680|2|30300005|130010002|130752552|1|20220523|181818|8002408|20220523|184643|8070029|1|0|0|      |20220523|20220523|0603|2022-06-03 07:03:37
487124|0000000541935897              |20220523|153246|020|673|0|30300004|130510004|130751016|4|20220523|053701|8007100|20220523|155358|8001192|1|650|0|      |20220523|20220523|0603|2022-06-03 07:03:37
487126|0000000528209811              |20220523|161646|031|676|0|30300086|130010013|130759807|4|20220523|144146|8001365|20220523|163927|8002209|2|1500|0|      |20220523|20220523|0603|2022-06-03 07:03:37
487128|0000000538140084              |20220523|153224|004|673|0|30300004|130510004|130751016|4|20220523|053701|8007100|20220523|161206|8005812|1|650|0|      |20220523|20220523|0603|2022-06-03 07:03:37
487130|0000000536006644              |20220523|072643|015|673|0|30300003|130510004|130751003|4|20220523|052829|8007230|20220523|073858|8002392|1|650|0|      |20220523|20220523|0603|2022-06-03 07:03:37
487132|0000000540235491              |20220523|072652|016|673|0|30300003|130510004|130751003|4|20220523|052829|8007230|20220523|073924|8002392|1|650|0|      |20220523|20220523|0603|2022-06-03 07:03:37
487134|0000000532384470              |20220523|072656|030|673|0|30300003|130510004|130751003|4|20220523|052829|8007230|20220523|073927|8002392|1|650|0|      |20220523|20220523|0603|2022-06-03 07:03:37
487136|0000000530219196              |20220523|070408|027|673|1|30300004|130510004|130751007|4|20220523|064425|8005516|20220523|071516|8001311|1|0|0|      |20220523|20220523|0603|2022-06-03 07:03:37
487138|0000000532383072              |20220523|075510|013|673|0|30300004|130510004|130751104|4|20220523|061438|8002050|20220523|080536|8002539|1|650|0|      |20220523|20220523|0603|2022-06-03 07:03:37
487140|0000000540269845              |20220523|081847|022|673|0|30300004|130510004|130751007|4|20220523|064425|8002050|20220523|083626|8002539|1|650|0|      |20220523|20220523|0603|2022-06-03 07:03:37
487142|0000000504868629              |20220523|084839|003|673|0|30300004|130510004|130751100|1|20220523|054435|8005516|20220523|085511|8002873|1|1100|0|      |20220523|20220523|0603|2022-06-03 07:03:37
487144|0000000516397899              |20220523|093316|004|673|0|30300004|130510004|130751016|4|20220523|053701|8002050|20220523|095626|8002721|1|650|0|      |20220523|20220523|0603|2022-06-03 07:03:37
487146|0000000530397052              |20220523|090857|006|673|0|30300004|130510004|130751009|1|20220523|062509|8002050|20220523|093726|8002721|1|1100|0|      |20220523|20220523|0603|2022-06-03 07:03:37
487149|0000000171772415              |20220523|194150|027|673|0|30300003|130510004|130751014|1|20220523|055817|8007230|20220523|195510|8005681|1|1100|0|      |20220523|20220523|0603|2022-06-03 07:03:37
487556|0000000527876154              |20220523|115222|019|673|0|30300003|130510004|130751003|1|20220523|052829|8002404|20220523|123012|8005858|1|1100|0|      |20220523|20220523|0603|2022-06-03 07:03:37
496743|0000000534105400              |20220523|151058|017|675|0|30300082|130010001|130759739|4|20220523|143407|8005977|20220523|153724|8001572|1|750|0|      |20220523|20220523|0603|2022-06-03 07:03:37
496745|0000000546713971              |20220523|164936|018|675|0|30300079|130010009|130759175|1|20220523|142756|8001529|20220523|171020|8001855|1|1250|0|      |20220523|20220523|0603|2022-06-03 07:03:37
497152|0000000905322962              |20220523|183612|018|676|1|30300090|130010005|130759266|1|20220523|141029|8002378|20220523|183747|8001296|1|0|0|      |20220523|20220523|0603|2022-06-03 07:03:37
497154|0000000724992469              |20220523|132501|013|676|1|30300087|130010015|130759633|1|20220523|122025|8002276|20220523|133302|8002965|1|0|0|      |20220523|20220523|0603|2022-06-03 07:03:37
497156|0000000908720079              |20220523|132027|020|675|1|30300055|130010014|130753211|1|20220523|123134|8002635|20220523|133439|8001402|1|0|0|      |20220523|20220523|0603|2022-06-03 07:03:37
497158|0000000755314045              |20220523|213349|021|676|2|30300051|130010008|130752134|1|20220523|205838|8002118|20220523|213726|8001948|1|0|0|      |20220523|20220523|0603|2022-06-03 07:03:37
497160|0000000668818352              |20220523|223645|004|676|1|30300051|130010008|130752114|1|20220523|215813|8001028|20220523|224211|8001371|1|0|0|      |20220523|20220523|0603|2022-06-03 07:03:37
497162|0000000630197061              |20220523|111716|010|675|1|30300080|130010009|130759145|1|20220523|095852|8002156|20220523|111820|8002357|1|0|0|      |20220523|20220523|0603|2022-06-03 07:03:37
497164|0000000655954731              |20220523|120103|005|675|1|30300047|130010001|130759436|1|20220523|113915|8002542|20220523|121730|8003102|1|0|0|      |20220523|20220523|0603|2022-06-03 07:03:37
497166|0000000740784632              |20220523|081154|004|676|1|30300041|130010012|130753309|1|20220523|054213|8002721|20220523|082341|8070029|1|0|0|      |20220523|20220523|0603|2022-06-03 07:03:37
497168|0000000442142087              |20220523|091153|029|676|1|30300037|130010006|130752027|1|20220523|064721|8002411|20220523|092629|8002921|1|0|0|      |20220523|20220523|0603|2022-06-03 07:03:37
497170|0000000733949311              |20220523|090610|002|676|1|30300040|130010007|130759380|1|20220523|084321|8001063|20220523|091345|8001074|1|0|0|      |20220523|20220523|0603|2022-06-03 07:03:37
497172|0000000725682903              |20220523|085049|016|676|1|30300041|130010012|130753318|1|20220523|052351|8002411|20220523|090512|8070030|1|0|0|      |20220523|20220523|0603|2022-06-03 07:03:37
497174|0000000908266558              |20220523|185420|021|675|2|30300084|130010001|130759440|1|20220523|180645|8002631|20220523|190018|8001748|1|0|0|      |20220523|20220523|0603|2022-06-03 07:03:37
497176|0000000706258746              |20220523|194206|009|676|1|30300040|130010007|130759380|1|20220523|183633|8001097|20220523|194843|8001611|1|0|0|      |20220523|20220523|0603|2022-06-03 07:03:37
497583|0000000753454397              |20220523|220346|015|676|1|30300040|130010007|130759385|1|20220523|211037|8005516|20220523|220555|8001192|1|0|0|      |20220523|20220523|0603|2022-06-03 07:03:37
497585|0000000770610249              |20220523|123422|015|675|2|30300059|130010004|130752204|1|20220523|122141|8001587|20220523|124116|8001930|1|0|0|      |20220523|20220523|0603|2022-06-03 07:03:37
497587|0000000758036608              |20220523|095306|018|676|1|30300043|130010015|130759602|1|20220523|082224|8002378|20220523|100124|8005590|1|0|0|      |20220523|20220523|0603|2022-06-03 07:03:37
497589|0000000770411001              |20220523|183921|022|675|1|30300046|130010002|130752353|1|20220523|175317|8002411|20220523|185915|8001526|1|0|0|      |20220523|20220523|0603|2022-06-03 07:03:37
497591|0000000764298219              |20220523|135630|002|676|1|30300036|130010012|130753311|1|20220523|132702|8002279|20220523|141514|8002412|1|0|0|      |20220523|20220523|0603|2022-06-03 07:03:37
497593|0000000704823669              |20220523|195658|010|676|2|30300090|130010005|130759215|1|20220523|151842|8002411|20220523|200253|8003099|1|0|0|      |20220523|20220523|0603|2022-06-03 07:03:37
497595|0000000736796996              |20220523|201232|019|675|1|30300145|130010014|130753600|1|20220523|200129|8002410|20220523|205439|8001191|1|0|0|      |20220523|20220523|0603|2022-06-03 07:03:37
497597|0000000701316149              |20220523|151530|026|675|1|30300083|130010001|130759780|1|20220523|143547|8001790|20220523|154023|8002966|1|0|0|      |20220523|20220523|0603|2022-06-03 07:03:37
497599|0000000631902217              |20220523|165645|015|675|2|30300108|130010007|130759305|1|20220523|152351|8001273|20220523|170420|8002054|1|0|0|      |20220523|20220523|0603|2022-06-03 07:03:37
497601|0000000675407377              |20220523|164734|001|676|1|30300090|130010005|130759205|1|20220523|142524|8001005|20220523|170501|8001532|1|0|0|      |20220523|20220523|0603|2022-06-03 07:03:37
497603|0000000735350447              |20220523|183050|027|676|1|30300038|130010014|130753220|1|20220523|170717|8002408|20220523|183625|8001704|1|0|0|      |20220523|20220523|0603|2022-06-03 07:03:37
497605|0000000910495949              |20220523|130521|011|676|1|30300038|130010014|130753201|1|20220523|115322|8003032|20220523|131143|8001704|1|0|0|      |20220523|20220523|0603|2022-06-03 07:03:37
497607|0000000900884733              |20220523|131241|005|676|2|30300039|130010005|130759271|1|20220523|111539|8002974|20220523|132238|8002921|1|0|0|      |20220523|20220523|0603|2022-06-03 07:03:37
497609|0000000763149790              |20220523|225951|010|676|1|30300090|130010005|130759215|1|20220523|151842|8002411|20220523|231300|9001641|1|0|0|      |20220523|20220523|0603|2022-06-03 07:03:37
498016|0000000762403557              |20220523|113711|030|674|1|30300100|130010002|130752362|1|20220523|113021|8002351|20220523|120225|8002434|1|0|0|      |20220523|20220523|0603|2022-06-03 07:03:37
498018|0000000704889030              |20220523|112131|001|674|1|30300002|130010007|130759306|1|20220523|103509|8001536|20220523|115225|8002911|1|0|0|      |20220523|20220523|0603|2022-06-03 07:03:37
498020|0000000918057721              |20220523|094155|016|676|1|30300037|130010006|130759012|1|20220523|084205|8002411|20220523|095806|8001878|1|0|0|      |20220523|20220523|0603|2022-06-03 07:03:37
498022|0000000904218292              |20220523|175320|012|675|1|30300047|130010001|130759430|1|20220523|161955|8002411|20220523|182157|8002547|1|0|0|      |20220523|20220523|0603|2022-06-03 07:03:37
498024|0000000629136235              |20220523|184633|012|676|1|30300041|130010012|130753312|1|20220523|175936|8002088|20220523|190016|8002650|1|0|0|      |20220523|20220523|0603|2022-06-03 07:03:37
498026|0000000906293945              |20220523|074827|014|675|0|30300079|130010009|130759171|4|20220523|072543|8001653|20220523|075531|8002032|1|750|0|      |20220523|20220523|0603|2022-06-03 07:03:37
498028|0000000753615348              |20220523|074439|007|675|0|30300066|130010015|130759606|4|20220523|072414|8002980|20220523|075436|8002251|1|750|0|      |20220523|20220523|0603|2022-06-03 07:03:37
498030|0000000756926739              |20220523|143902|011|675|0|30300096|130010006|130752026|4|20220523|135935|8001325|20220523|144015|8001922|1|750|0|      |20220523|20220523|0603|2022-06-03 07:03:37
492531|0000000549319702              |20220523|100254|003|832|0|30300128|130710001|130759917|1|20220523|055427|3056002|20220523|102347|8007292|1|1700|0|      |20220523|20220523|0603|2022-06-03 07:03:37
492533|0000000542477696              |20220523|112324|006|675|0|30300060|130010014|130753523|1|20220523|070110|8001486|20220523|113405|8002793|2|2500|0|      |20220523|20220523|0603|2022-06-03 07:03:37
493722|0000000728088837              |20220523|154240|008|676|2|30300040|130010007|130759388|1|20220523|143820|8002412|20220523|155017|8002737|1|0|0|      |20220523|20220523|0603|2022-06-03 07:03:37
493724|0000000766177049              |20220523|154923|015|675|0|30300056|130010012|130753331|4|20220523|153313|8007480|20220523|161554|8001588|1|750|0|      |20220523|20220523|0603|2022-06-03 07:03:37
493726|0000000900491133              |20220523|162651|013|675|0|30300055|130010014|130753218|2|20220523|152420|8002347|20220523|162855|8002894|1|350|0|      |20220523|20220523|0603|2022-06-03 07:03:37
493728|0000000903443042              |20220523|171604|014|676|1|30300071|130010009|130759105|1|20220523|153547|8002083|20220523|173853|8002757|1|0|0|      |20220523|20220523|0603|2022-06-03 07:03:37
493730|0000000904330804              |20220523|180052|019|675|1|30300058|130010004|130752295|1|20220523|134722|8007269|20220523|182528|8001553|1|0|0|      |20220523|20220523|0603|2022-06-03 07:03:37
493732|0000000662049644              |20220523|223204|020|675|3|30300046|130010002|130752366|1|20220523|201209|8002411|20220523|223737|8005996|1|0|0|      |20220523|20220523|0603|2022-06-03 07:03:37
493734|0000000763349554              |20220523|105218|005|675|2|30300062|130010008|130752703|1|20220523|100721|8001567|20220523|105744|8002202|1|0|0|      |20220523|20220523|0603|2022-06-03 07:03:37
493736|0000000749402230              |20220523|122644|022|680|2|30300026|130010014|130753603|1|20220523|113058|8002635|20220523|122839|8002480|1|0|0|      |20220523|20220523|0603|2022-06-03 07:03:37
493738|0000000676858365              |20220523|082247|003|676|1|30300072|130010001|130759734|1|20220523|073401|8002880|20220523|082838|8002899|1|0|0|      |20220523|20220523|0603|2022-06-03 07:03:37
493740|0000000643279031              |20220523|184422|016|675|1|30300049|130010004|130752232|1|20220523|182259|8001929|20220523|184820|8002433|1|0|0|      |20220523|20220523|0603|2022-06-03 07:03:37
493742|0000000909918822              |20220523|185105|023|674|0|30300002|130010007|130759314|4|20220523|183806|8001963|20220523|185754|8002251|1|750|0|      |20220523|20220523|0603|2022-06-03 07:03:37
493744|0000000778189924              |20220523|134321|007|676|1|30300088|130010006|130752016|1|20220523|130809|8002412|20220523|134948|8002741|1|0|0|      |20220523|20220523|0603|2022-06-03 07:03:37
493746|0000000773263778              |20220523|211419|010|675|1|30300050|130010007|130759369|1|20220523|204918|8001182|20220523|212044|8001193|1|150|0|      |20220523|20220523|0603|2022-06-03 07:03:37
493748|0000000777183978              |20220523|153805|004|674|2|30300002|130010007|130759325|1|20220523|143206|8001419|20220523|155147|8001789|1|0|0|      |20220523|20220523|0603|2022-06-03 07:03:37
494155|0000000549790146              |20220523|150616|015|676|0|30300087|130010015|130759633|1|20220523|140512|8003006|20220523|153459|8002134|1|1250|0|      |20220523|20220523|0603|2022-06-03 07:03:37
494157|0000000271020155              |20220523|155114|006|674|0|30300002|130010007|130759336|1|20220523|152648|8002131|20220523|161855|8002609|1|1250|0|      |20220523|20220523|0603|2022-06-03 07:03:37
494159|0000000163422783              |20220523|161511|012|676|0|30300040|130010013|130759818|1|20220523|143529|8001400|20220523|162119|8001096|1|1250|0|      |20220523|20220523|0603|2022-06-03 07:03:37
494161|0000000532081491              |20220523|171122|009|676|0|30300087|130010015|130759631|1|20220523|162100|8002969|20220523|172426|8002757|1|1250|0|      |20220523|20220523|0603|2022-06-03 07:03:37
494163|0000000534312988              |20220523|165904|023|676|0|30300041|130010012|130753309|1|20220523|141305|8001076|20220523|171850|8002650|1|1250|0|      |20220523|20220523|0603|2022-06-03 07:03:37
494165|0000000549579118              |20220523|173233|019|676|0|30300087|130010015|130759679|1|20220523|164317|8001831|20220523|180809|8002965|1|1250|0|      |20220523|20220523|0603|2022-06-03 07:03:37
494167|0000000177889147              |20220523|185515|023|676|0|30300087|130010015|130759622|1|20220523|175117|8003006|20220523|191040|8002259|1|1250|0|      |20220523|20220523|0603|2022-06-03 07:03:37
494169|0000000544631956              |20220523|065049|005|676|0|30300087|130010008|130752123|4|20220523|064024|8002131|20220523|070655|8002093|1|750|0|      |20220523|20220523|0603|2022-06-03 07:03:37
494171|0000000545184495              |20220523|065915|024|676|0|30300051|130010008|130752128|1|20220523|063928|8001373|20220523|070402|8001029|1|1250|0|      |20220523|20220523|0603|2022-06-03 07:03:37
494173|0000000523320422              |20220523|070308|012|676|0|30300087|130010008|130752141|1|20220523|055546|8002965|20220523|070900|8002119|1|1250|0|      |20220523|20220523|0603|2022-06-03 07:03:37
494175|0000000540552226              |20220523|075734|025|676|0|30300041|130010012|130753326|1|20220523|074609|8005990|20220523|075950|8070027|1|1250|0|      |20220523|20220523|0603|2022-06-03 07:03:37
494177|0000000544646992              |20220523|082810|011|676|0|30300051|130010008|130752130|1|20220523|082256|8001096|20220523|085407|8002433|1|1250|0|      |20220523|20220523|0603|2022-06-03 07:03:37
494179|0000000299744253              |20220523|081523|012|676|0|30300051|130010008|130752153|1|20220523|074935|8001029|20220523|085018|8002629|1|1250|0|      |20220523|20220523|0603|2022-06-03 07:03:37
494586|0000000543648516              |20220523|163307|031|676|0|30300068|130010006|130752036|1|20220523|161926|8002993|20220523|164639|8002778|1|1250|0|      |20220523|20220523|0603|2022-06-03 07:03:37
494588|0000000538077422              |20220523|161018|003|676|0|30300093|130010004|130752231|4|20220523|145320|8002639|20220523|161827|8001793|1|750|0|      |20220523|20220523|0603|2022-06-03 07:03:37
494590|0000000825207783              |20220523|171101|018|676|0|30300130|130010008|130752719|1|20220523|161650|8002304|20220523|172250|8002824|1|1250|0|      |20220523|20220523|0603|2022-06-03 07:03:37
494592|0000000530909385              |20220523|181044|023|676|0|30300090|130010005|130759266|4|20220523|141029|8002954|20220523|181958|8001380|1|750|0|      |20220523|20220523|0603|2022-06-03 07:03:37
494594|0000000536071080              |20220523|070608|021|675|0|30300061|130010015|130759648|4|20220523|054937|8002779|20220523|071136|8002726|1|750|0|      |20220523|20220523|0603|2022-06-03 07:03:37
494596|0000000540351418              |20220523|075642|018|676|0|30300093|130010004|130752231|4|20220523|071315|8002312|20220523|084208|8001586|1|750|0|      |20220523|20220523|0603|2022-06-03 07:03:37
494598|0000000526678434              |20220523|075006|006|676|0|30300086|130010013|130759806|1|20220523|074104|8005552|20220523|084806|8001534|1|1250|0|      |20220523|20220523|0603|2022-06-03 07:03:37
494600|0000000548337269              |20220523|091314|019|676|0|30300068|130010006|130752036|1|20220523|080428|8007156|20220523|092353|8002753|1|1250|0|      |20220523|20220523|0603|2022-06-03 07:03:37
438546|0000000745972925              |20220523|134601|027|675|0|30300146|130010008|130752174|1|20220523|134359|8001960|20220523|141938|8003101|1|1250|0|      |20220523|20220523|0603|2022-06-03 07:03:18
438548|0000000669684273              |20220523|143552|005|675|0|30300127|130010004|130752245|1|20220523|133222|8001289|20220523|143848|8001081|1|1250|0|      |20220523|20220523|0603|2022-06-03 07:03:18
438550|0000000713414260              |20220523|143858|017|676|0|30300131|130010008|130752706|1|20220523|141100|8070011|20220523|145928|8002559|1|1250|0|      |20220523|20220523|0603|2022-06-03 07:03:18
438552|0000000631831018              |20220523|153603|015|680|0|30300052|130010006|130752025|1|20220523|152156|8001876|20220523|155219|8001935|1|1250|0|      |20220523|20220523|0603|2022-06-03 07:03:18
438554|0000000763469867              |20220523|165114|019|675|0|30300146|130010008|130752167|1|20220523|164206|8007495|20220523|170336|8007498|1|1250|0|      |20220523|20220523|0603|2022-06-03 07:03:18
438556|0000000728036132              |20220523|173656|023|676|0|30300130|130010008|130752148|1|20220523|163744|8005989|20220523|175348|8002448|1|1250|0|      |20220523|20220523|0603|2022-06-03 07:03:18
438558|0000000770487857              |20220523|174713|018|678|0|30300074|130010014|130753248|1|20220523|153031|8001412|20220523|180303|8007371|1|1250|0|      |20220523|20220523|0603|2022-06-03 07:03:18
438560|0000000725342456              |20220523|120543|027|675|0|30300146|130010008|130752174|1|20220523|120016|8007406|20220523|121510|8007497|1|1250|0|      |20220523|20220523|0603|2022-06-03 07:03:18
438562|0000000744963041              |20220523|215412|013|676|0|30300131|130010008|130752723|1|20220523|121629|8002558|20220523|220546|8002161|1|1250|0|      |20220523|20220523|0603|2022-06-03 07:03:18
438591|0000000743095020              |20220523|160831|020|675|0|30300061|130010015|130759648|1|20220523|153924|8002641|20220523|163645|8005562|1|1250|0|      |20220523|20220523|0603|2022-06-03 07:03:18
438593|0000000742435725              |20220523|174343|006|675|0|30300092|130010013|130759833|1|20220523|160907|8002092|20220523|175046|8005601|1|1250|0|      |20220523|20220523|0603|2022-06-03 07:03:18
438595|0000000739486336              |20220523|174720|014|676|0|30300069|130010001|130759405|1|20220523|171830|8003044|20220523|180009|8001587|1|1250|0|      |20220523|20220523|0603|2022-06-03 07:03:18
438597|0000000724653118              |20220523|131231|013|680|0|30300034|130010005|130759220|1|20220523|130745|8001905|20220523|132431|8002093|1|1250|0|      |20220523|20220523|0603|2022-06-03 07:03:18
438599|0000000909724506              |20220523|084154|004|680|0|30300021|130010002|130752555|1|20220523|083314|8002542|20220523|084628|8001526|1|1250|0|      |20220523|20220523|0603|2022-06-03 07:03:18
438601|0000000759202410              |20220523|095214|024|676|0|30300036|130010012|130753333|1|20220523|091512|8001062|20220523|100245|8002997|1|1250|0|      |20220523|20220523|0603|2022-06-03 07:03:18
438603|0000000771179243              |20220523|183727|026|675|0|30300092|130010013|130759824|1|20220523|181623|8005608|20220523|185754|8001476|1|1250|0|      |20220523|20220523|0603|2022-06-03 07:03:18
438605|0000000741432160              |20220523|063629|025|675|0|30300053|130010002|130752378|1|20220523|061046|8001029|20220523|065143|8001731|1|1250|0|      |20220523|20220523|0603|2022-06-03 07:03:18
438607|0000000726007069              |20220523|074849|026|681|0|30300042|130010009|130759104|1|20220523|070857|8001587|20220523|080235|8001408|1|1250|0|      |20220523|20220523|0603|2022-06-03 07:03:18
438609|0000000750731099              |20220523|133506|028|674|0|30300002|130010007|130759331|1|20220523|130709|8001418|20220523|134820|8002881|1|1250|0|      |20220523|20220523|0603|2022-06-03 07:03:18
438611|0000000725783742              |20220523|200827|020|675|0|30300101|130010002|130752325|1|20220523|195751|8001078|20220523|202652|8002978|1|1250|0|      |20220523|20220523|0603|2022-06-03 07:03:18
438613|0000000918074155              |20220523|194459|024|676|0|30300051|130010008|130752109|1|20220523|192018|8001029|20220523|202515|8001097|1|1250|0|      |20220523|20220523|0603|2022-06-03 07:03:18
438615|0000000666397161              |20220523|152145|020|675|0|30300058|130010004|130752251|1|20220523|143513|8001418|20220523|153410|8002241|1|1250|0|      |20220523|20220523|0603|2022-06-03 07:03:18
438617|0000000721497649              |20220523|161220|023|675|0|30300101|130010002|130752304|1|20220523|153905|8002831|20220523|163056|8002089|1|1250|0|      |20220523|20220523|0603|2022-06-03 07:03:18
438673|0000000741669397              |20220523|122607|004|675|0|30300062|130010008|130752704|1|20220523|121023|8001922|20220523|124244|8001587|1|1250|0|      |20220523|20220523|0603|2022-06-03 07:03:18
438675|0000000903830523              |20220523|224701|029|675|0|30300056|130010012|130753315|1|20220523|202653|8001426|20220523|225130|8002410|1|1250|0|      |20220523|20220523|0603|2022-06-03 07:03:18
438677|0000000650929303              |20220523|213224|031|676|0|30300130|130010008|130752140|1|20220523|205924|8002437|20220523|214217|8002487|1|1250|0|      |20220523|20220523|0603|2022-06-03 07:03:18
438679|0000000618058108              |20220523|095346|004|674|0|30300104|130010002|130752313|1|20220523|085408|8001426|20220523|101205|8001014|1|1250|0|      |20220523|20220523|0603|2022-06-03 07:03:18
438681|0000000733462921              |20220523|110642|012|676|0|30300070|130010004|130752208|1|20220523|104103|8001381|20220523|112200|8002454|1|1250|0|      |20220523|20220523|0603|2022-06-03 07:03:18
438683|0000000720368652              |20220523|124632|017|675|0|30300055|130010014|130753221|1|20220523|102156|8002340|20220523|125123|8001402|1|1250|0|      |20220523|20220523|0603|2022-06-03 07:03:18
438685|0000000601221866              |20220523|080210|006|675|0|30300083|130010001|130759478|1|20220523|072805|8002723|20220523|084021|8002826|1|1250|0|      |20220523|20220523|0603|2022-06-03 07:03:18
438687|0000000903545835              |20220523|082238|011|674|0|30300002|130010007|130759314|1|20220523|071613|8002134|20220523|083101|8003021|1|1250|0|      |20220523|20220523|0603|2022-06-03 07:03:18
438689|0000000910553620              |20220523|082249|019|675|0|30300076|130010014|130753270|1|20220523|081744|8002831|20220523|084802|8002792|1|1250|0|      |20220523|20220523|0603|2022-06-03 07:03:18
438691|0000000736353123              |20220523|182227|023|675|0|30300055|130010014|130753261|1|20220523|162353|8001353|20220523|183601|8001927|1|1250|0|      |20220523|20220523|0603|2022-06-03 07:03:18
438693|0000000654844481              |20220523|183731|027|675|0|30300053|130010002|130752394|1|20220523|183522|8005583|20220523|185113|8006006|1|1250|0|      |20220523|20220523|0603|2022-06-03 07:03:18
438695|0000000734347807              |20220523|184234|010|676|0|30300131|130010008|130752722|1|20220523|172436|8002452|20220523|190606|8001117|1|1250|0|      |20220523|20220523|0603|2022-06-03 07:03:18
438697|0000000632616569              |20220523|192459|024|675|0|30300058|130010004|130752278|1|20220523|184534|8001927|20220523|193001|8002603|1|1250|0|      |20220523|20220523|0603|2022-06-03 07:03:18
411228|0000000724970644              |20220523|082133|011|675|0|30300055|130010014|130753266|1|20220523|073010|8002635|20220523|083449|8002347|1|1250|0|      |20220523|20220523|0603|2022-06-03 07:03:18
429032|0000000767905111              |20220523|151127|022|675|0|30300055|130010014|130753208|1|20220523|140706|8002001|~       |      |~      |2|1600|0|      |20220523|~       |0603|2022-06-03 07:03:18
429034|0000000910404928              |20220523|161009|006|675|0|30300055|130010014|130753205|4|20220523|152338|8005881|~       |      |~      |1|750|0|      |20220523|~       |0603|2022-06-03 07:03:18
429036|0000000910179321              |20220523|164141|026|675|0|30300055|130010014|130753206|4|20220523|135455|8001032|~       |      |~      |1|750|0|      |20220523|~       |0603|2022-06-03 07:03:18
429038|0000000714750988              |20220523|171244|007|675|1|30300055|130010014|130753229|1|20220523|164738|8005561|~       |      |~      |1|0|0|      |20220523|~       |0603|2022-06-03 07:03:18
429040|0000000739417236              |20220523|165204|019|675|0|30300055|130010014|130753267|1|20220523|161825|8001403|~       |      |~      |1|1250|0|      |20220523|~       |0603|2022-06-03 07:03:18
429042|0000000669663046              |20220523|172058|015|675|0|30300055|130010014|130753512|1|20220523|170321|8001203|~       |      |~      |1|1250|0|      |20220523|~       |0603|2022-06-03 07:03:18
429044|0000000667973455              |20220523|171758|015|675|0|30300055|130010014|130753252|1|20220523|151401|8002927|~       |      |~      |1|1250|0|      |20220523|~       |0603|2022-06-03 07:03:18
429046|0000000742607212              |20220523|175637|005|676|0|30300054|130010007|130759341|1|20220523|165152|8001763|~       |      |~      |1|1250|0|      |20220523|~       |0603|2022-06-03 07:03:18
429048|0000000904441015              |20220523|171759|002|675|0|30300055|130010014|130753225|1|20220523|160941|8001499|~       |      |~      |1|1250|0|      |20220523|~       |0603|2022-06-03 07:03:18
429050|0000000770715673              |20220523|183831|025|675|1|30300055|130010014|130753204|1|20220523|163918|8002926|~       |      |~      |1|0|0|      |20220523|~       |0603|2022-06-03 07:03:18
429052|0000000720761295              |20220523|123239|014|675|1|30300055|130010014|130753250|1|20220523|114201|8001529|~       |      |~      |1|0|0|      |20220523|~       |0603|2022-06-03 07:03:18
429054|0000000618637345              |20220523|123008|021|675|2|30300055|130010014|130753206|1|20220523|115115|8001414|~       |      |~      |1|0|0|      |20220523|~       |0603|2022-06-03 07:03:18
429056|0000000725762168              |20220523|132444|005|675|1|30300055|130010014|130753211|1|20220523|123134|8005881|~       |      |~      |1|0|0|      |20220523|~       |0603|2022-06-03 07:03:18
429058|0000000758588194              |20220523|222715|029|675|0|30300055|130010014|130753267|1|20220523|221925|8001848|~       |      |~      |1|1250|0|      |20220523|~       |0603|2022-06-03 07:03:18
429060|0000000740999616              |20220523|100125|002|675|0|30300055|130010014|130753266|1|20220523|092205|8001444|~       |      |~      |1|1250|0|      |20220523|~       |0603|2022-06-03 07:03:18
430015|0000000701571357              |20220523|093659|002|675|1|30300055|130010014|130753260|1|20220523|082724|8001929|20220523|094638|8002685|1|0|0|      |20220523|20220523|0603|2022-06-03 07:03:18
430017|0000000652814903              |20220523|095648|016|675|2|30300064|130010015|130759623|1|20220523|091639|8002454|20220523|100415|8001626|1|0|0|      |20220523|20220523|0603|2022-06-03 07:03:18
430019|0000000918229452              |20220523|183714|021|675|1|30300082|130010001|130759471|1|20220523|171921|8002558|20220523|184835|8005563|1|0|0|      |20220523|20220523|0603|2022-06-03 07:03:18
430021|0000000921665027              |20220523|181832|006|680|1|30300052|130010006|130752056|1|20220523|173227|8001029|20220523|185107|8001090|1|0|0|      |20220523|20220523|0603|2022-06-03 07:03:18
430023|0000000761851181              |20220523|180617|021|675|1|30300081|130010011|130759515|1|20220523|135555|8002235|20220523|183657|8007022|1|0|0|      |20220523|20220523|0603|2022-06-03 07:03:18
430025|0000000772424080              |20220523|185227|020|676|1|30300040|130010007|130759380|1|20220523|183633|8002721|20220523|190325|8001425|1|150|0|      |20220523|20220523|0603|2022-06-03 07:03:18
430027|0000000719874224              |20220523|184656|028|674|1|30300104|130010002|130752341|1|20220523|184454|8001960|20220523|191539|8001054|1|0|0|      |20220523|20220523|0603|2022-06-03 07:03:18
430029|0000000777152695              |20220523|065918|005|675|1|30300046|130010002|130752353|1|20220523|062209|8001773|20220523|070811|8002364|1|0|0|      |20220523|20220523|0603|2022-06-03 07:03:18
430031|0000000657777798              |20220523|065833|011|675|1|30300055|130010014|130753212|1|20220523|061351|8001412|20220523|070549|8002888|1|0|0|      |20220523|20220523|0603|2022-06-03 07:03:18
430033|0000000921390399              |20220523|072010|004|680|1|30300026|130010014|130753603|1|20220523|064753|8001876|20220523|075118|8002716|1|0|0|      |20220523|20220523|0603|2022-06-03 07:03:18
430035|0000000903023596              |20220523|080950|031|676|1|30300087|130010008|130752151|1|20220523|060830|8002118|20220523|081757|8001277|1|0|0|      |20220523|20220523|0603|2022-06-03 07:03:18
430037|0000000668844033              |20220523|134819|006|675|1|30300096|130010006|130752065|1|20220523|130836|8002026|20220523|135121|8005599|1|0|0|      |20220523|20220523|0603|2022-06-03 07:03:18
430039|0000000910396265              |20220523|194213|004|676|2|30300093|130010004|130752231|1|20220523|190740|8001995|20220523|201604|8002208|1|0|0|      |20220523|20220523|0603|2022-06-03 07:03:18
430446|0000000661726722              |20220523|094035|007|676|2|30300037|130010006|130752031|1|20220523|082955|8002974|20220523|094712|8002921|1|0|0|      |20220523|20220523|0603|2022-06-03 07:03:18
430448|0000000908724436              |20220523|093731|005|676|1|30300038|130010014|130753214|4|20220523|055546|8002974|20220523|094207|8001878|1|0|0|      |20220523|20220523|0603|2022-06-03 07:03:18
430450|0000000903444888              |20220523|093759|017|676|2|30300038|130010014|130753214|1|20220523|055546|8002974|20220523|094346|8002921|1|0|0|      |20220523|20220523|0603|2022-06-03 07:03:18
430452|0000000757432733              |20220523|101949|010|676|2|30300037|130010006|130752073|1|20220523|074233|8002974|20220523|102507|8002921|1|0|0|      |20220523|20220523|0603|2022-06-03 07:03:18
430454|0000000909779311              |20220523|195721|005|676|1|30300037|130010006|130759021|4|20220523|145615|8002974|20220523|200317|8002921|1|0|0|      |20220523|20220523|0603|2022-06-03 07:03:18
430456|0000000716152556              |20220523|074130|011|676|1|30300041|130010012|130753306|1|20220523|063745|8002411|20220523|074431|8005993|1|0|0|      |20220523|20220523|0603|2022-06-03 07:03:18
430458|0000000776916564              |20220523|072658|005|676|2|30300037|130010006|130759011|1|20220523|061715|8002974|20220523|073035|8002142|1|0|0|      |20220523|20220523|0603|2022-06-03 07:03:18
430460|0000000676067557              |20220523|142801|028|675|1|30300045|130010006|130752048|1|20220523|134243|8002974|20220523|143944|8003071|1|0|0|      |20220523|20220523|0603|2022-06-03 07:03:18
430462|0000000908430205              |20220523|201454|013|675|1|30300045|130010006|130752047|1|20220523|192602|8002974|20220523|202357|8070045|1|0|0|      |20220523|20220523|0603|2022-06-03 07:03:18
420780|0000000726167390              |20220523|082143|019|676|0|30300086|130010013|130759801|1|20220523|064223|8001097|20220523|084638|8002259|1|1250|0|      |20220523|20220523|0603|2022-06-03 07:03:18
420782|0000000903462691              |20220523|085310|007|676|0|30300131|130010008|130752723|1|20220523|084740|8001152|20220523|091536|8070012|1|1250|0|      |20220523|20220523|0603|2022-06-03 07:03:18
420784|0000000741493842              |20220523|102418|001|676|0|30300068|130010006|130759025|1|20220523|062838|8002790|20220523|102810|8002779|1|1250|0|      |20220523|20220523|0603|2022-06-03 07:03:18
421191|0000000719303852              |20220523|083344|021|676|0|30300036|130010012|130753302|1|20220523|080500|8002596|20220523|092252|8001413|1|1250|0|      |20220523|20220523|0603|2022-06-03 07:03:18
421193|0000000721125697              |20220523|092006|023|676|0|30300054|130010007|130759362|1|20220523|090123|8001306|20220523|094558|8001078|1|1250|0|      |20220523|20220523|0603|2022-06-03 07:03:18
421195|0000000722880924              |20220523|183003|013|675|0|30300053|130010002|130752386|1|20220523|174054|8001237|20220523|184651|8002453|1|1250|0|      |20220523|20220523|0603|2022-06-03 07:03:18
421197|0000000908849740              |20220523|195959|006|676|0|30300039|130010005|130759271|1|20220523|194131|8005516|20220523|201056|8001183|1|1250|0|      |20220523|20220523|0603|2022-06-03 07:03:18
421199|0000000730335048              |20220523|072515|019|676|0|30300040|130010007|130759366|1|20220523|070351|8001085|20220523|072731|8002240|1|1250|0|      |20220523|20220523|0603|2022-06-03 07:03:18
421201|0000000723719773              |20220523|135955|015|676|0|30300070|130010004|130752605|1|20220523|134056|8002296|20220523|141624|8002454|1|1250|0|      |20220523|20220523|0603|2022-06-03 07:03:18
421203|0000000723707262              |20220523|141743|018|681|0|30300042|130010009|130759136|1|20220523|123805|8001091|20220523|143334|8007540|1|1250|0|      |20220523|20220523|0603|2022-06-03 07:03:18
421205|0000000724025074              |20220523|211459|015|675|0|30300058|130010004|130752257|1|20220523|192630|8002630|20220523|214409|8005916|1|1250|0|      |20220523|20220523|0603|2022-06-03 07:03:18
421207|0000000755098052              |20220523|163225|012|674|0|30300002|130010007|130759332|1|20220523|153718|8002880|20220523|163554|8001096|1|1250|0|      |20220523|20220523|0603|2022-06-03 07:03:18
421209|0000000755375258              |20220523|163148|011|676|0|30300040|130010013|130759818|1|20220523|143529|8002905|20220523|170116|8001275|1|1250|0|      |20220523|20220523|0603|2022-06-03 07:03:18
421211|0000000753405286              |20220523|173317|006|676|0|30300130|130010008|130752148|1|20220523|163744|8002304|20220523|175041|8001041|1|1250|0|      |20220523|20220523|0603|2022-06-03 07:03:18
421213|0000000719538697              |20220523|173823|027|675|0|30300058|130010004|130752259|1|20220523|124748|8001647|20220523|175625|8002904|1|1250|0|      |20220523|20220523|0603|2022-06-03 07:03:18
421215|0000000736319821              |20220523|174743|005|676|0|30300041|130010012|130753320|1|20220523|174517|8070030|20220523|182018|8001287|1|1250|0|      |20220523|20220523|0603|2022-06-03 07:03:18
421217|0000000755362166              |20220523|130917|011|675|0|30300101|130010002|130752332|1|20220523|123826|8001762|20220523|131133|8001084|1|1250|0|      |20220523|20220523|0603|2022-06-03 07:03:18
421624|0000000400106722              |20220523|114311|017|675|0|30300049|130010004|130752264|1|20220523|104008|8001948|20220523|115044|8001930|1|1250|0|      |20220523|20220523|0603|2022-06-03 07:03:18
421626|0000000400209292              |20220523|084557|021|675|0|30300058|130010004|130752294|1|20220523|074601|8002429|20220523|085205|8001851|1|1250|0|      |20220523|20220523|0603|2022-06-03 07:03:18
421628|0000000792532789              |20220523|092956|018|675|0|30300079|130010009|130759134|1|20220523|091320|8001430|20220523|093904|8002310|1|1250|0|      |20220523|20220523|0603|2022-06-03 07:03:18
421630|0000000685453712              |20220523|092342|016|675|0|30300079|130010009|130759118|1|20220523|085905|8001538|20220523|093345|8002602|1|1250|0|      |20220523|20220523|0603|2022-06-03 07:03:18
421632|0000000697543761              |20220523|092133|026|676|0|30300070|130010004|130752238|1|20220523|064955|8005917|20220523|094655|8003101|1|1250|0|      |20220523|20220523|0603|2022-06-03 07:03:18
421634|0000000400155617              |20220523|192904|030|675|1|30300079|130010009|130759128|1|20220523|174539|8001488|20220523|193846|8002032|1|0|0|      |20220523|20220523|0603|2022-06-03 07:03:18
421636|0000000697751922              |20220523|074422|025|676|0|30300088|130010002|130752512|1|20220523|055435|8001968|20220523|080411|8001794|1|1250|0|      |20220523|20220523|0603|2022-06-03 07:03:18
421638|0000000694488829              |20220523|144136|030|675|0|30300064|130010015|130759683|1|20220523|133520|8002651|20220523|150050|8003014|1|1250|0|      |20220523|20220523|0603|2022-06-03 07:03:18
421640|0000000797521229              |20220523|141404|013|675|0|30300077|130010006|130752041|1|20220523|140835|8001959|20220523|145826|8001034|1|1250|0|      |20220523|20220523|0603|2022-06-03 07:03:18
421642|0000000790301004              |20220523|194350|027|676|0|30300043|130010015|130759640|1|20220523|192627|8001287|20220523|202502|8002255|1|1250|0|      |20220523|20220523|0603|2022-06-03 07:03:18
421644|0000000400179942              |20220523|144925|029|675|1|30300064|130010015|130759670|1|20220523|132225|8002635|20220523|151611|8001834|1|0|0|      |20220523|20220523|0603|2022-06-03 07:03:18
421646|0000000400154695              |20220523|155025|004|675|2|30300077|130010006|130752054|1|20220523|151502|8001929|20220523|160117|8001493|1|0|0|      |20220523|20220523|0603|2022-06-03 07:03:18
421648|0000000487307220              |20220523|162715|010|676|1|30300088|130010006|130752001|1|20220523|151204|8002410|20220523|163726|8002864|1|0|0|      |20220523|20220523|0603|2022-06-03 07:03:18
422055|0000000694918173              |20220523|134544|001|675|0|30300075|130010005|130759222|1|20220523|120634|8002296|20220523|135323|8001348|1|1250|0|      |20220523|20220523|0603|2022-06-03 07:03:18
422057|0000000785679259              |20220523|145603|003|675|0|30300146|130010008|130752174|1|20220523|145253|8003101|20220523|151939|8007508|1|1250|0|      |20220523|20220523|0603|2022-06-03 07:03:18
422059|0000000699981341              |20220523|152742|031|675|2|30300045|130010006|130752055|1|20220523|143454|8002974|20220523|153434|8002921|1|0|0|      |20220523|20220523|0603|2022-06-03 07:03:18
422061|0000000400203763              |20220523|155022|027|676|0|30300038|130010014|130753508|1|20220523|152056|8002358|20220523|163114|8001710|1|1250|0|      |20220523|20220523|0603|2022-06-03 07:03:18
422063|0000000793949312              |20220523|171714|005|677|2|30300129|130010009|130759115|1|20220523|134827|8007395|20220523|172423|8007019|1|0|0|      |20220523|20220523|0603|2022-06-03 07:03:18
422065|0000000488589995              |20220523|171246|009|680|1|30300021|130010002|130752556|1|20220523|170027|8002119|20220523|174500|8002060|1|0|0|      |20220523|20220523|0603|2022-06-03 07:03:18
422067|0000000788022713              |20220523|221406|001|832|0|30300128|130710001|130759931|1|20220523|052133|3053005|20220523|223727|8007055|1|1700|300|      |20220523|20220523|0603|2022-06-03 07:03:18
443097|0000000776432816              |20220523|055627|015|676|0|30300087|130010008|130752160|1|20220523|054316|8002140|20220523|061335|8002100|1|1250|0|      |20220523|20220523|0603|2022-06-03 07:03:18
443099|0000000653482913              |20220523|071258|026|676|0|30300051|130010008|130752130|1|20220523|065500|8001117|20220523|071412|8001081|1|1250|0|      |20220523|20220523|0603|2022-06-03 07:03:18
443101|0000000769937846              |20220523|060636|013|675|0|30300091|130010013|130759817|1|20220523|053747|8002612|20220523|062116|8005994|1|1250|0|      |20220523|20220523|0603|2022-06-03 07:03:18
443103|0000000743340744              |20220523|070903|024|675|0|30300091|130010013|130759817|1|20220523|053747|8002614|20220523|072453|8002259|1|1250|0|      |20220523|20220523|0603|2022-06-03 07:03:18
443105|0000000903890918              |20220523|073704|021|676|0|30300051|130010008|130752134|1|20220523|071857|8001372|20220523|080708|8001934|1|1250|0|      |20220523|20220523|0603|2022-06-03 07:03:18
443107|0000000641582102              |20220523|082216|026|675|0|30300064|130010015|130759637|1|20220523|073559|8001094|20220523|082811|8001832|1|1250|0|      |20220523|20220523|0603|2022-06-03 07:03:18
443514|0000000725634226              |20220523|125546|002|681|0|30300042|130010009|130759151|1|20220523|121403|8001587|20220523|130338|8002942|1|1250|0|      |20220523|20220523|0603|2022-06-03 07:03:18
443516|0000000759456085              |20220523|131252|003|675|0|30300058|130010004|130752266|1|20220523|124807|8001085|20220523|132428|8001419|1|1250|0|      |20220523|20220523|0603|2022-06-03 07:03:18
443518|0000000904034247              |20220523|125937|005|676|0|30300040|130010013|130759871|1|20220523|105508|8002075|20220523|130902|8002870|1|1250|0|      |20220523|20220523|0603|2022-06-03 07:03:18
443520|0000000903102338              |20220523|212257|005|675|0|30300050|130010007|130759370|1|20220523|211334|8002531|20220523|214828|8002410|1|1250|0|      |20220523|20220523|0603|2022-06-03 07:03:18
443522|0000000741276951              |20220523|213237|019|676|0|30300043|130010015|130759607|1|20220523|211547|8002350|20220523|221611|8002850|1|1250|0|      |20220523|20220523|0603|2022-06-03 07:03:18
443524|0000000614277352              |20220523|220606|002|675|0|30300050|130010007|130759368|1|20220523|214329|8002973|20220523|223930|8001332|1|1250|0|      |20220523|20220523|0603|2022-06-03 07:03:18
443526|0000000910503713              |20220523|100110|007|676|0|30300040|130010013|130759818|1|20220523|075658|8007277|20220523|100605|8002075|1|1250|0|      |20220523|20220523|0603|2022-06-03 07:03:18
443528|0000000723035442              |20220523|110238|024|675|0|30300061|130010015|130759691|1|20220523|102427|8002789|20220523|110521|8001541|1|1250|0|      |20220523|20220523|0603|2022-06-03 07:03:18
443530|0000000645347511              |20220523|113535|007|676|0|30300040|130010007|130759385|1|20220523|111025|8001085|20220523|115900|8005865|1|1250|0|      |20220523|20220523|0603|2022-06-03 07:03:18
443532|0000000763106923              |20220523|120800|027|675|0|30300078|130010008|130752166|1|20220523|113533|8007273|20220523|122912|8002465|1|1250|0|      |20220523|20220523|0603|2022-06-03 07:03:18
443534|0000000726027576              |20220523|074126|030|676|0|30300038|130010014|130753200|1|20220523|070250|8002605|20220523|080356|8001132|1|1250|0|      |20220523|20220523|0603|2022-06-03 07:03:18
443536|0000000670806692              |20220523|075110|027|675|0|30300095|130010011|130759528|1|20220523|053829|8001762|20220523|081439|8002508|1|1250|0|      |20220523|20220523|0603|2022-06-03 07:03:18
443538|0000000659306218              |20220523|083948|016|676|0|30300089|130010011|130759513|1|20220523|060055|8002140|20220523|084633|8002929|1|1250|0|      |20220523|20220523|0603|2022-06-03 07:03:18
443945|0000000767869650              |20220523|114840|019|676|0|30300088|130010002|130752317|1|20220523|103217|8002048|20220523|115346|8002091|1|1250|0|      |20220523|20220523|0603|2022-06-03 07:03:18
443947|0000000736805210              |20220523|074537|005|676|0|30300038|130010014|130753203|1|20220523|074133|8001982|20220523|083557|8002228|1|1250|0|      |20220523|20220523|0603|2022-06-03 07:03:18
443949|0000000911205190              |20220523|081837|009|675|0|30300141|130010001|130759472|1|20220523|080223|8007413|20220523|082254|8005989|1|1250|0|      |20220523|20220523|0603|2022-06-03 07:03:18
443951|0000000715963109              |20220523|075808|015|679|0|30300063|130010001|130759719|1|20220523|072005|8002981|20220523|083310|8002853|1|1250|0|      |20220523|20220523|0603|2022-06-03 07:03:18
443953|0000000631830500              |20220523|082512|008|675|0|30300059|130010004|130752256|1|20220523|055810|8002601|20220523|090312|8002814|1|1250|0|      |20220523|20220523|0603|2022-06-03 07:03:18
443955|0000000904910565              |20220523|085553|011|676|0|30300038|130010014|130753247|1|20220523|065144|8001612|20220523|091440|8001527|1|1250|0|      |20220523|20220523|0603|2022-06-03 07:03:18
443957|0000000758322903              |20220523|081713|015|675|0|30300046|130010002|130752324|1|20220523|055954|8001773|20220523|083055|8070018|1|1250|0|      |20220523|20220523|0603|2022-06-03 07:03:18
443959|0000000904280181              |20220523|083625|015|676|0|30300070|130010004|130752603|1|20220523|075247|8001869|20220523|090239|8001413|1|1250|0|      |20220523|20220523|0603|2022-06-03 07:03:18
443961|0000000715822106              |20220523|085520|006|675|0|30300076|130010014|130753271|1|20220523|081754|8001461|20220523|090434|8002734|1|1250|0|      |20220523|20220523|0603|2022-06-03 07:03:18
443963|0000000716699099              |20220523|090110|006|675|0|30300046|130010002|130752366|1|20220523|085051|8001157|20220523|093635|8002412|1|1250|0|      |20220523|20220523|0603|2022-06-03 07:03:18
443965|0000000625391604              |20220523|093734|024|676|0|30300038|130010014|130753200|1|20220523|070250|8001596|20220523|094419|8001058|1|1250|0|      |20220523|20220523|0603|2022-06-03 07:03:18
443967|0000000776149816              |20220523|180116|027|675|0|30300060|130010014|130753244|1|20220523|174859|8005914|20220523|182528|8001716|1|1250|0|      |20220523|20220523|0603|2022-06-03 07:03:18
443969|0000000751791909              |20220523|190811|030|675|0|30300101|130010002|130752354|1|20220523|170429|8001115|20220523|191215|8001786|1|1250|0|      |20220523|20220523|0603|2022-06-03 07:03:18
443971|0000000776426018              |20220523|183144|012|675|0|30300046|130010002|130752351|1|20220523|182324|8007045|20220523|194120|8001676|1|1250|0|      |20220523|20220523|0603|2022-06-03 07:03:18
444395|0000000757674669              |20220523|144446|031|676|0|30300040|130010013|130759871|1|20220523|140957|8002760|~       |      |~      |1|1250|0|      |20220523|~       |0603|2022-06-03 07:03:18
444397|0000000709768511              |20220523|205114|029|676|0|30300040|130010007|130759364|1|20220523|201423|8002763|~       |      |~      |1|1250|0|      |20220523|~       |0603|2022-06-03 07:03:18
444399|0000000757716819              |20220523|211517|016|675|0|30300058|130010004|130752295|1|20220523|134722|8002620|~       |      |~      |1|1250|0|      |20220523|~       |0603|2022-06-03 07:03:18
444401|0000000760372864              |20220523|214356|019|676|0|30300040|130010013|130759873|1|20220523|201921|8002843|~       |      |~      |1|1250|0|      |20220523|~       |0603|2022-06-03 07:03:18
445428|0000000759673433              |20220523|191930|003|832|1|30300128|130710001|130759917|1|20220523|055427|8007412|20220523|195637|8007295|1|450|300|      |20220523|20220523|0603|2022-06-03 07:03:18
445430|0000000722035345              |20220523|191935|030|832|0|30300128|130710001|130759917|1|20220523|055427|8007412|20220523|195828|8007297|1|1700|300|      |20220523|20220523|0603|2022-06-03 07:03:18
445432|0000000743024520              |20220523|192435|003|832|1|30300128|130710001|130759917|1|20220523|055427|8007273|20220523|195803|8007297|1|450|300|      |20220523|20220523|0603|2022-06-03 07:03:18
445434|0000000906068755              |20220523|193253|004|832|0|30300128|130710001|130759917|1|20220523|055427|8007288|20220523|195447|8007293|1|1700|300|      |20220523|20220523|0603|2022-06-03 07:03:18
445841|0000000726166937              |20220523|083636|023|832|1|30300128|130710001|130759918|1|20220523|061643|8007412|20220523|092136|8007052|1|450|300|      |20220523|20220523|0603|2022-06-03 07:03:18
445843|0000000662592453              |20220523|083644|022|832|1|30300128|130710001|130759918|1|20220523|061643|8007412|20220523|091705|8007297|1|450|300|      |20220523|20220523|0603|2022-06-03 07:03:18
445845|0000000731565650              |20220523|083631|002|832|0|30300128|130710001|130759918|1|20220523|061643|8007412|20220523|092623|3062006|1|1700|300|      |20220523|20220523|0603|2022-06-03 07:03:18
445847|0000000909076973              |20220523|084546|001|832|0|30300128|130710001|130759918|1|20220523|061643|8007275|20220523|093023|3056003|1|1700|300|      |20220523|20220523|0603|2022-06-03 07:03:18
445849|0000000742956566              |20220523|181003|015|832|0|30300128|130710001|130759918|1|20220523|061643|8007296|20220523|184820|8007268|1|1700|300|      |20220523|20220523|0603|2022-06-03 07:03:18
445851|0000000771346717              |20220523|181140|020|832|0|30300128|130710001|130759918|1|20220523|061643|8007294|20220523|183752|8007280|1|1700|300|      |20220523|20220523|0603|2022-06-03 07:03:18
445853|0000000774720165              |20220523|181148|025|832|1|30300128|130710001|130759918|1|20220523|061643|8007294|20220523|183746|8007280|1|300|300|      |20220523|20220523|0603|2022-06-03 07:03:18
445855|0000000751916671              |20220523|181152|030|832|1|30300128|130710001|130759918|1|20220523|061643|8007294|20220523|183651|8007280|1|300|300|      |20220523|20220523|0603|2022-06-03 07:03:18
445857|0000000744669480              |20220523|181624|011|832|0|30300128|130710001|130759918|1|20220523|061643|8007292|20220523|183756|8007280|1|1700|300|      |20220523|20220523|0603|2022-06-03 07:03:18
445859|0000000764108005              |20220523|175715|005|832|0|30300128|130710001|130759918|1|20220523|061643|8007080|20220523|184219|8007274|1|1700|300|      |20220523|20220523|0603|2022-06-03 07:03:18
445861|0000000745727540              |20220523|175821|020|832|1|30300128|130710001|130759918|1|20220523|061643|3062007|20220523|184842|8007268|1|300|300|      |20220523|20220523|0603|2022-06-03 07:03:18
445863|0000000903553214              |20220523|180116|029|832|0|30300128|130710001|130759918|1|20220523|061643|3053004|20220523|185218|8007268|1|1700|300|      |20220523|20220523|0603|2022-06-03 07:03:18
445865|0000000720956218              |20220523|180939|006|832|0|30300128|130710001|130759918|1|20220523|061643|8007296|20220523|183730|8007280|1|1700|300|      |20220523|20220523|0603|2022-06-03 07:03:18
446272|0000000731408706              |20220523|140027|004|677|0|30300129|130010009|130759179|1|20220523|134146|8007344|20220523|141429|8001677|1|1250|300|      |20220523|20220523|0603|2022-06-03 07:03:18
446274|0000000741662629              |20220523|221605|022|677|0|30300129|130010009|130759143|1|20220523|143345|8007344|20220523|223912|8007356|1|1250|300|      |20220523|20220523|0603|2022-06-03 07:03:18
446276|0000000740956499              |20220523|093640|008|677|0|30300129|130010009|130759126|1|20220523|092302|8007350|20220523|095409|8001677|1|1250|300|      |20220523|20220523|0603|2022-06-03 07:03:18
446278|0000000906802765              |20220523|140640|001|677|1|30300129|130010009|130759115|1|20220523|134827|8001269|20220523|144542|8007349|1|0|300|      |20220523|20220523|0603|2022-06-03 07:03:18
446280|0000000744830950              |20220523|155819|003|677|0|30300129|130010009|130759184|1|20220523|123849|8002722|20220523|163951|8007341|1|1250|300|      |20220523|20220523|0603|2022-06-03 07:03:18
446282|0000000618684166              |20220523|170608|014|677|0|30300129|130010009|130759179|1|20220523|163138|8007398|20220523|171903|8001677|1|1250|300|      |20220523|20220523|0603|2022-06-03 07:03:18
446284|0000000789122315              |20220523|192535|007|676|0|30300041|130010012|130753326|1|20220523|190320|8007325|20220523|200841|8001097|1|1250|0|      |20220523|20220523|0603|2022-06-03 07:03:18
446286|0000000782943010              |20220523|210400|004|832|0|30300128|130710001|130759916|1|20220523|064250|3053004|20220523|211110|8007298|1|1700|0|      |20220523|20220523|0603|2022-06-03 07:03:18
446288|0000000789473893              |20220523|212337|011|675|0|30300075|130010005|130759270|1|20220523|194000|8001996|20220523|212555|8001097|1|1250|0|      |20220523|20220523|0603|2022-06-03 07:03:18
446290|0000000789007459              |20220523|160440|018|676|0|30300069|130010001|130759411|1|20220523|155139|8002917|20220523|164248|8001097|1|1250|0|      |20220523|20220523|0603|2022-06-03 07:03:18
446292|0000000695226334              |20220523|160637|001|676|0|30300054|130010007|130759346|1|20220523|154311|8002977|20220523|162534|8002453|1|1250|0|      |20220523|20220523|0603|2022-06-03 07:03:18
446294|0000000692814722              |20220523|170134|026|676|0|30300054|130010007|130759358|1|20220523|163917|8001084|20220523|171721|8002453|1|1250|0|      |20220523|20220523|0603|2022-06-03 07:03:18
446296|0000001110263838              |20220523|173852|011|674|0|30300002|130010007|130759308|1|20220523|173742|8002254|20220523|181447|8001097|1|1250|0|      |20220523|20220523|0603|2022-06-03 07:03:18
446298|0000000487119464              |20220523|115342|022|675|0|30300075|130010005|130759270|1|20220523|054031|8002296|20220523|121451|8001097|1|1250|0|      |20220523|20220523|0603|2022-06-03 07:03:18
446729|0000000660874191              |20220523|085446|020|674|0|30300104|130010002|130752505|1|20220523|083102|8070012|~       |      |~      |1|1250|0|      |20220523|~       |0603|2022-06-03 07:03:18
446731|0000000918014329              |20220523|090419|027|676|0|30300054|130010007|130759346|1|20220523|084137|8001084|~       |      |~      |1|1250|0|      |20220523|~       |0603|2022-06-03 07:03:18
446733|0000000743707479              |20220523|083329|028|675|0|30300055|130010014|130753259|1|20220523|074623|8001554|~       |      |~      |1|1250|0|      |20220523|~       |0603|2022-06-03 07:03:18
446735|0000000706155568              |20220523|090204|021|675|0|30300056|130010012|130753307|1|20220523|055540|8002403|~       |      |~      |1|1250|0|      |20220523|~       |0603|2022-06-03 07:03:18
446737|0000000740654177              |20220523|091505|018|675|1|30300075|130010005|130759221|1|20220523|082539|8001421|~       |      |~      |1|0|0|      |20220523|~       |0603|2022-06-03 07:03:18
446739|0000000903988514              |20220523|085024|018|676|0|30300093|130010004|130752225|1|20220523|083950|8005941|~       |      |~      |1|1250|0|      |20220523|~       |0603|2022-06-03 07:03:18
447726|0000000400212120              |20220523|084114|001|675|0|30300055|130010014|130753512|1|20220523|074114|8002340|20220523|084710|8002347|1|1250|0|      |20220523|20220523|0603|2022-06-03 07:03:18
447728|0000001110107363              |20220523|175710|001|675|0|30300055|130010014|130753221|1|20220523|174918|8002093|20220523|182625|8001033|1|1250|0|      |20220523|20220523|0603|2022-06-03 07:03:18
447730|0000000696721570              |20220523|190048|001|675|0|30300055|130010014|130753268|1|20220523|125555|8002635|20220523|190618|8002344|1|1250|0|      |20220523|20220523|0603|2022-06-03 07:03:18
447732|0000000400214184              |20220523|070444|001|676|0|30300054|130010007|130759361|1|20220523|064855|8002977|20220523|072730|8001567|1|1250|0|      |20220523|20220523|0603|2022-06-03 07:03:18
448139|0000000788104912              |20220523|105128|001|673|0|30300004|130510004|130751010|1|20220523|100519|8002398|20220523|105847|8002403|1|1100|0|      |20220523|20220523|0603|2022-06-03 07:03:18
448141|0000001110649065              |20220523|115056|001|678|0|30300074|130010014|130753222|1|20220523|053826|8001096|20220523|125754|8005031|2|2500|900|      |20220523|20220523|0603|2022-06-03 07:03:18
448143|0000000400214698              |20220523|094938|001|673|0|30300003|130510004|130751015|1|20220523|062509|8002493|20220523|095821|8001590|1|1100|0|      |20220523|20220523|0603|2022-06-03 07:03:18
448145|0000000789771223              |20220523|191533|001|675|0|30300058|130010004|130752220|4|20220523|141049|8002947|20220523|193528|8002734|1|750|0|      |20220523|20220523|0603|2022-06-03 07:03:18
448147|0000000788980137              |20220523|080940|001|675|0|30300080|130010009|130759182|1|20220523|061143|8001418|~       |      |~      |1|1250|0|      |20220523|~       |0603|2022-06-03 07:03:18
448149|0000000789054536              |20220523|084400|001|676|0|30300040|130010007|130759385|1|20220523|074500|8001426|~       |      |~      |1|1250|0|      |20220523|~       |0603|2022-06-03 07:03:18
448151|0000000790627691              |20220523|201255|001|676|0|30300041|130010012|130753313|1|20220523|200107|8001400|~       |      |~      |1|1250|0|      |20220523|~       |0603|2022-06-03 07:03:18
448153|0000000781920751              |20220523|205340|001|676|0|30300090|130010005|130759215|1|20220523|151842|8002468|20220523|210249|8001075|2|1600|0|      |20220523|20220523|0603|2022-06-03 07:03:18
448155|0000000689880204              |20220523|152907|001|676|0|30300041|130010012|130753305|1|20220523|135031|8001400|~       |      |~      |1|1250|0|      |20220523|~       |0603|2022-06-03 07:03:18
448157|0000000697696358              |20220523|170202|001|676|0|30300051|130010008|130752110|1|20220523|163712|8001081|~       |      |~      |1|1250|0|      |20220523|~       |0603|2022-06-03 07:03:18
448159|0000000785647163              |20220523|171332|001|832|0|30300128|130710001|130759916|1|20220523|064250|9007055|20220523|174520|8007401|2|3400|600|      |20220523|20220523|0603|2022-06-03 07:03:18
448161|0000000400211184              |20220523|115409|001|674|0|30300002|130010007|130759335|8|20220523|110627|8001430|20220523|121311|8001419|1|0|0|      |20220523|20220523|0603|2022-06-03 07:03:18
448163|0000000788303923              |20220523|223421|001|675|0|30300056|130010012|130753308|1|20220523|200131|8001168|~       |      |~      |1|1250|0|      |20220523|~       |0603|2022-06-03 07:03:18
448165|0000000789086653              |20220523|101717|001|679|0|30300063|130010001|130759774|1|20220523|101435|8005122|20220523|111257|8001412|1|1200|150|      |20220523|20220523|0603|2022-06-03 07:03:18
448167|0000000782724565              |20220523|121422|001|675|0|30300145|130010014|130753528|1|20220523|120112|8001193|~       |      |~      |1|1250|0|      |20220523|~       |0603|2022-06-03 07:03:18
448607|0000000904523504              |20220523|192103|013|675|0|30300082|130010001|130759709|1|20220523|183004|8001934|20220523|193142|8002279|1|1250|0|      |20220523|20220523|0603|2022-06-03 07:03:18
448609|0000000717557387              |20220523|060653|009|675|0|30300062|130010008|130752133|1|20220523|055618|8001854|20220523|062958|8002814|1|1250|0|      |20220523|20220523|0603|2022-06-03 07:03:18
448611|0000000712382071              |20220523|070934|006|675|0|30300062|130010008|130752705|1|20220523|064548|8002844|20220523|073808|8001293|1|1250|0|      |20220523|20220523|0603|2022-06-03 07:03:18
448613|0000000777950487              |20220523|074324|011|676|0|30300087|130010008|130752157|1|20220523|061059|8001951|20220523|075202|8002965|1|1250|0|      |20220523|20220523|0603|2022-06-03 07:03:18
448615|0000000759706785              |20220523|072655|015|675|0|30300078|130010008|130752165|1|20220523|072216|8001430|20220523|074443|8007278|1|1250|0|      |20220523|20220523|0603|2022-06-03 07:03:18
448617|0000000904555197              |20220523|075807|030|675|0|30300146|130010008|130752174|1|20220523|074710|8007505|20220523|080924|8002106|1|1250|0|      |20220523|20220523|0603|2022-06-03 07:03:18
448619|0000000776979552              |20220523|075408|027|676|0|30300037|130010006|130752053|1|20220523|065355|8002617|20220523|081752|8002721|1|1250|0|      |20220523|20220523|0603|2022-06-03 07:03:18
448621|0000000742848145              |20220523|201717|001|676|0|30300093|130010004|130752262|1|20220523|194656|8001647|20220523|204332|8002658|1|1250|0|      |20220523|20220523|0603|2022-06-03 07:03:18
448623|0000000903161548              |20220523|202218|021|680|0|30300008|130010002|130752388|1|20220523|201227|8002542|20220523|204250|8007385|1|1250|0|      |20220523|20220523|0603|2022-06-03 07:03:18
448625|0000000668627203              |20220523|211526|014|676|0|30300037|130010006|130752024|1|20220523|204756|8002984|20220523|212447|8002559|1|1250|0|      |20220523|20220523|0603|2022-06-03 07:03:18
448627|0000000648389299              |20220523|150828|028|676|0|30300038|130010014|130753203|1|20220523|142813|8002914|20220523|152108|8001928|1|1250|0|      |20220523|20220523|0603|2022-06-03 07:03:18
448629|0000000918024921              |20220523|150750|016|675|0|30300062|130010008|130752129|1|20220523|144749|8001568|20220523|153407|8002430|1|1250|0|      |20220523|20220523|0603|2022-06-03 07:03:18
448631|0000000666076401              |20220523|154613|007|676|0|30300037|130010006|130759024|1|20220523|141400|8005881|20220523|155457|8001443|1|1250|0|      |20220523|20220523|0603|2022-06-03 07:03:18
449071|0000000656103660              |20220523|080913|017|675|1|30300078|130010008|130752171|1|20220523|072909|8007279|~       |      |~      |1|0|0|      |20220523|~       |0603|2022-06-03 07:03:18
449073|0000000665423255              |20220523|080123|031|675|1|30300055|130010014|130753252|1|20220523|075803|8002093|~       |      |~      |1|0|0|      |20220523|~       |0603|2022-06-03 07:03:18
449075|0000000743700678              |20220523|083842|006|675|0|30300055|130010014|130753249|1|20220523|082014|8001203|~       |      |~      |1|1250|0|      |20220523|~       |0603|2022-06-03 07:03:18
449077|0000000742489236              |20220523|091048|014|676|0|30300054|130010007|130759362|1|20220523|090123|8001794|~       |      |~      |1|1250|0|      |20220523|~       |0603|2022-06-03 07:03:18
449079|0000000755920856              |20220523|093306|013|676|0|30300071|130010009|130759106|1|20220523|053743|8002230|~       |      |~      |1|1250|0|      |20220523|~       |0603|2022-06-03 07:03:18
450478|0000000658595812              |20220523|104230|020|832|0|30300128|130710001|130759920|1|20220523|070404|8007057|20220523|112753|8001420|1|1700|300|      |20220523|20220523|0603|2022-06-03 07:03:18
450480|0000000709275244              |20220523|104609|028|832|0|30300128|130710001|130759920|1|20220523|070404|8007401|20220523|112823|8001420|1|1700|300|      |20220523|20220523|0603|2022-06-03 07:03:18
450482|0000000601530408              |20220523|104926|017|832|1|30300128|130710001|130759920|1|20220523|070404|8007296|20220523|112811|8001420|1|300|300|      |20220523|20220523|0603|2022-06-03 07:03:18
450484|0000000652481368              |20220523|073544|026|832|0|30300128|130710001|130759920|1|20220523|070404|3062004|20220523|083209|8007268|1|1700|300|      |20220523|20220523|0603|2022-06-03 07:03:18
450486|0000000742148929              |20220523|074241|019|832|0|30300128|130710001|130759920|1|20220523|070404|8007401|20220523|082604|8001420|1|1700|300|      |20220523|20220523|0603|2022-06-03 07:03:18
450488|0000000761563941              |20220523|074344|005|832|0|30300128|130710001|130759920|1|20220523|070404|8007298|20220523|083113|8007268|1|1700|300|      |20220523|20220523|0603|2022-06-03 07:03:18
450490|0000000903571844              |20220523|074704|011|832|0|30300128|130710001|130759920|1|20220523|070404|8007294|20220523|081714|8007274|1|1700|300|      |20220523|20220523|0603|2022-06-03 07:03:18
450492|0000000764754997              |20220523|074720|030|832|1|30300128|130710001|130759920|1|20220523|070404|8007294|20220523|082629|8001420|1|300|300|      |20220523|20220523|0603|2022-06-03 07:03:18
450494|0000000647794127              |20220523|074731|001|832|0|30300128|130710001|130759920|1|20220523|070404|8007294|20220523|081311|8007280|1|1700|300|      |20220523|20220523|0603|2022-06-03 07:03:18
450901|0000000640603013              |20220523|153441|027|676|0|30300068|130010006|130752028|1|20220523|152210|8002993|20220523|154225|8001624|1|1250|0|      |20220523|20220523|0603|2022-06-03 07:03:18
450903|0000000658562912              |20220523|170014|028|676|0|30300068|130010006|130752036|1|20220523|161926|8001262|20220523|171432|8003102|1|1250|0|      |20220523|20220523|0603|2022-06-03 07:03:18
450905|0000000743107386              |20220523|171049|016|675|0|30300094|130010012|130753328|1|20220523|163106|8001378|20220523|171657|8002869|1|1250|0|      |20220523|20220523|0603|2022-06-03 07:03:18
450907|0000000903853510              |20220523|170758|001|676|0|30300036|130010012|130753311|1|20220523|165354|8002330|20220523|173023|8001091|1|1250|0|      |20220523|20220523|0603|2022-06-03 07:03:18
450909|0000000743055512              |20220523|181418|025|676|0|30300068|130010006|130752008|1|20220523|164758|8002753|20220523|182602|8002790|1|1250|0|      |20220523|20220523|0603|2022-06-03 07:03:18
450911|0000000749256003              |20220523|131311|004|676|0|30300086|130010013|130759879|1|20220523|124023|8001978|20220523|131619|8002093|1|1250|0|      |20220523|20220523|0603|2022-06-03 07:03:18
450913|0000000742653190              |20220523|130847|018|676|0|30300068|130010006|130759025|1|20220523|113608|8001541|20220523|131245|8002942|1|1250|0|      |20220523|20220523|0603|2022-06-03 07:03:18
450915|0000000725423259              |20220523|221013|009|680|0|30300009|130010002|130752558|1|20220523|215759|8001011|20220523|221154|8001026|1|1250|0|      |20220523|20220523|0603|2022-06-03 07:03:18
450917|0000000667779434              |20220523|104222|018|676|0|30300036|130010012|130753311|1|20220523|095458|8002412|20220523|105643|8001273|1|1250|0|      |20220523|20220523|0603|2022-06-03 07:03:18
450919|0000000638960928              |20220523|112259|016|676|0|30300068|130010006|130752052|1|20220523|110506|8001624|20220523|112956|8002778|1|1250|0|      |20220523|20220523|0603|2022-06-03 07:03:18
450921|0000000779476541              |20220523|112001|021|680|0|30300010|130010002|130752560|1|20220523|054403|8002543|20220523|112329|8001489|1|1250|0|      |20220523|20220523|0603|2022-06-03 07:03:18
450923|0000000741896073              |20220523|110540|023|675|0|30300145|130010014|130753528|1|20220523|104035|8002742|20220523|112053|8001192|1|1250|0|      |20220523|20220523|0603|2022-06-03 07:03:18
450925|0000000773101149              |20220523|081019|027|680|0|30300052|130010002|130752337|1|20220523|064739|8005633|20220523|082056|8005158|1|1250|0|      |20220523|20220523|0603|2022-06-03 07:03:18
452114|0000000601212991              |20220523|145243|025|832|1|30300128|130710001|130759932|1|20220523|052848|8007273|20220523|153205|3053005|1|450|300|      |20220523|20220523|0603|2022-06-03 07:03:18
452116|0000000743840659              |20220523|151026|003|832|1|30300128|130710001|130759932|1|20220523|052848|8007289|20220523|151911|8007291|1|450|300|      |20220523|20220523|0603|2022-06-03 07:03:18
452118|0000000733912398              |20220523|144526|018|832|0|30300128|130710001|130759932|1|20220523|052848|8005504|20220523|153949|3056003|1|1700|300|      |20220523|20220523|0603|2022-06-03 07:03:18
452120|0000000656103660              |20220523|145711|018|832|1|30300128|130710001|130759932|1|20220523|052848|8007279|20220523|154328|3014014|1|450|300|      |20220523|20220523|0603|2022-06-03 07:03:18
452122|0000000747624782              |20220523|152245|029|832|0|30300128|130710001|130759932|1|20220523|052848|8007293|20220523|155658|8007055|1|1700|300|      |20220523|20220523|0603|2022-06-03 07:03:18
452124|0000000726218895              |20220523|153601|016|832|0|30300128|130710001|130759932|1|20220523|052848|3062006|20220523|155635|8007055|1|1700|300|      |20220523|20220523|0603|2022-06-03 07:03:18
452126|0000000646368536              |20220523|153607|002|832|0|30300128|130710001|130759932|1|20220523|052848|3062006|20220523|155638|8007055|1|1700|300|      |20220523|20220523|0603|2022-06-03 07:03:18
452128|0000000909928387              |20220523|153733|002|832|0|30300128|130710001|130759932|1|20220523|052848|8007053|20220523|155645|8007055|1|1700|300|      |20220523|20220523|0603|2022-06-03 07:03:18
452130|0000000904435568              |20220523|150805|001|832|0|30300128|130710001|130759922|1|20220523|053033|8007401|20220523|153906|8007280|1|1700|300|      |20220523|20220523|0603|2022-06-03 07:03:18
452132|0000000661260961              |20220523|151104|006|832|0|30300128|130710001|130759922|1|20220523|053033|8007296|20220523|154617|8001420|1|1700|300|      |20220523|20220523|0603|2022-06-03 07:03:18
452134|0000000734164955              |20220523|150005|021|832|0|30300128|130710001|130759922|1|20220523|053033|3062004|20220523|154623|8001420|1|1700|300|      |20220523|20220523|0603|2022-06-03 07:03:18
452136|0000000657082752              |20220523|150012|017|832|0|30300128|130710001|130759922|1|20220523|053033|3062004|20220523|153913|8007280|1|1700|300|      |20220523|20220523|0603|2022-06-03 07:03:18
452138|0000000613903939              |20220523|150337|003|832|0|30300128|130710001|130759922|1|20220523|053033|8007057|20220523|154621|8001420|1|1700|300|      |20220523|20220523|0603|2022-06-03 07:03:18
452140|0000000673814170              |20220523|161224|020|832|0|30300128|130710001|130759932|1|20220523|052848|9007055|20220523|163812|3053004|1|1700|300|      |20220523|20220523|0603|2022-06-03 07:03:18
452817|0000000668063123              |20220523|105158|029|832|0|30300128|130710001|130759921|1|20220523|052253|3053004|20220523|113633|8001420|1|1700|300|      |20220523|20220523|0603|2022-06-03 07:03:18
453562|0000000764125914              |20220523|181019|007|676|0|30300043|130010015|130759615|1|20220523|173702|8002887|20220523|183852|8001723|1|1250|0|      |20220523|20220523|0603|2022-06-03 07:03:18
453564|0000000725593025              |20220523|184746|019|675|0|30300082|130010001|130759770|1|20220523|181510|8001587|20220523|185152|8002229|1|1250|0|      |20220523|20220523|0603|2022-06-03 07:03:18
453566|0000000658220876              |20220523|183412|026|675|0|30300047|130010001|130759702|1|20220523|183205|8002941|20220523|185704|8002411|1|1250|0|      |20220523|20220523|0603|2022-06-03 07:03:18
453568|0000000754233355              |20220523|183630|022|675|0|30300094|130010012|130753328|1|20220523|174635|8001077|20220523|190039|8005516|1|1250|0|      |20220523|20220523|0603|2022-06-03 07:03:18
453570|0000000709481497              |20220523|182154|004|675|0|30300049|130010004|130752212|1|20220523|162027|8002433|20220523|185631|8001056|1|1250|0|      |20220523|20220523|0603|2022-06-03 07:03:18
453572|0000000441285389              |20220523|184934|005|675|0|30300047|130010001|130759436|1|20220523|181321|8003101|20220523|190056|8001014|1|1250|0|      |20220523|20220523|0603|2022-06-03 07:03:18
453574|0000000754712442              |20220523|175425|008|675|0|30300067|130010001|130759473|1|20220523|174537|8002379|20220523|185738|8001041|1|1250|0|      |20220523|20220523|0603|2022-06-03 07:03:18
453576|0000000719304104              |20220523|180709|005|675|0|30300053|130010002|130752384|1|20220523|165743|8005583|20220523|184347|8002965|1|1250|0|      |20220523|20220523|0603|2022-06-03 07:03:18
453578|0000000667288455              |20220523|182510|020|675|0|30300079|130010009|130759120|1|20220523|151443|8001455|20220523|191124|8001855|1|1250|0|      |20220523|20220523|0603|2022-06-03 07:03:18
453580|0000000752314206              |20220523|191806|020|676|0|30300089|130010011|130759517|1|20220523|161502|8003047|20220523|192605|8002208|1|1250|0|      |20220523|20220523|0603|2022-06-03 07:03:18
455512|0000000911260519              |20220523|062333|005|676|0|30300036|130010012|130753301|1|20220523|053547|8002722|20220523|063142|8002375|1|1250|0|      |20220523|20220523|0603|2022-06-03 07:03:18
455514|0000000646649094              |20220523|073052|025|676|0|30300040|130010007|130759367|1|20220523|071933|8001400|20220523|073649|8001534|1|1250|0|      |20220523|20220523|0603|2022-06-03 07:03:18
455516|0000000648747247              |20220523|135942|018|676|0|30300036|130010012|130753302|1|20220523|130703|8002722|20220523|141458|8001680|1|1250|0|      |20220523|20220523|0603|2022-06-03 07:03:18
455518|0000000761820438              |20220523|142446|031|676|0|30300041|130010012|130753334|1|20220523|141457|8001400|20220523|145526|8002969|1|1250|0|      |20220523|20220523|0603|2022-06-03 07:03:18
455520|0000000753864808              |20220523|145433|020|676|0|30300072|130010001|130759435|1|20220523|144208|8002305|20220523|150428|8002345|1|1250|0|      |20220523|20220523|0603|2022-06-03 07:03:18
455522|0000000756323545              |20220523|204349|009|676|0|30300072|130010001|130759724|1|20220523|203811|8002305|20220523|205436|8001348|1|1250|0|      |20220523|20220523|0603|2022-06-03 07:03:18
455524|0000000668039279              |20220523|203655|002|676|0|30300041|130010012|130753309|1|20220523|141305|8002720|20220523|211924|8002970|1|1250|0|      |20220523|20220523|0603|2022-06-03 07:03:18
455526|0000000911303178              |20220523|145014|017|676|0|30300130|130010008|130752719|1|20220523|143052|8002305|20220523|150135|8002358|1|1250|0|      |20220523|20220523|0603|2022-06-03 07:03:18
455528|0000000757592767              |20220523|152145|018|676|0|30300072|130010001|130759420|1|20220523|150647|8002305|20220523|154040|8002039|1|1250|0|      |20220523|20220523|0603|2022-06-03 07:03:18
455530|0000000759292617              |20220523|160231|008|676|0|30300036|130010011|130759503|1|20220523|150417|8002722|20220523|162213|8001680|1|1250|0|      |20220523|20220523|0603|2022-06-03 07:03:18
455532|0000000909198104              |20220523|162030|015|676|0|30300036|130010011|130759510|1|20220523|135723|8002722|20220523|163952|8001680|1|1250|0|      |20220523|20220523|0603|2022-06-03 07:03:18
455534|0000000756125000              |20220523|171849|009|676|0|30300040|130010007|130759366|1|20220523|170456|8001400|20220523|172529|8001096|1|1250|0|      |20220523|20220523|0603|2022-06-03 07:03:18
455536|0000000648758764              |20220523|170547|001|676|0|30300088|130010002|130752315|1|20220523|160646|8002722|20220523|173547|8001305|1|1250|0|      |20220523|20220523|0603|2022-06-03 07:03:18
455538|0000000910302432              |20220523|174905|007|676|0|30300038|130010014|130753247|1|20220523|173022|8001400|20220523|175004|8001040|1|1250|0|      |20220523|20220523|0603|2022-06-03 07:03:18
455540|0000000909274453              |20220523|172854|006|676|0|30300040|130010007|130759343|1|20220523|155029|8001400|20220523|173159|8001036|1|1250|0|      |20220523|20220523|0603|2022-06-03 07:03:18
439223|0000000756595734              |20220523|182336|019|675|0|30300060|130010014|130753245|1|20220523|181509|8002328|20220523|191219|8001074|1|1250|0|      |20220523|20220523|0603|2022-06-03 07:03:18
439225|0000000628349041              |20220523|183804|004|676|0|30300054|130010007|130759341|1|20220523|182638|8001846|20220523|190012|8001261|1|1250|0|      |20220523|20220523|0603|2022-06-03 07:03:18
439227|0000000742565966              |20220523|192404|003|675|0|30300060|130010014|130753507|1|20220523|190508|8002707|20220523|194606|8001239|1|1250|0|      |20220523|20220523|0603|2022-06-03 07:03:18
439229|0000000725980640              |20220523|064619|019|675|0|30300046|130010002|130752312|1|20220523|063955|8001157|20220523|070245|8001013|1|1250|0|      |20220523|20220523|0603|2022-06-03 07:03:18
439231|0000000612436548              |20220523|073347|006|675|0|30300080|130010009|130759172|1|20220523|062344|8007270|20220523|073722|8001420|1|1250|0|      |20220523|20220523|0603|2022-06-03 07:03:18
439233|0000000758540349              |20220523|074310|023|675|0|30300080|130010009|130759160|1|20220523|073050|8007273|20220523|075513|8002362|1|1250|0|      |20220523|20220523|0603|2022-06-03 07:03:18
439235|0000000761734648              |20220523|074240|001|676|0|30300037|130010006|130759021|1|20220523|071226|8002340|20220523|075658|8002317|1|1250|0|      |20220523|20220523|0603|2022-06-03 07:03:18
439237|0000000907940108              |20220523|075728|023|676|0|30300037|130010006|130752014|1|20220523|072630|8002608|20220523|081136|8001574|1|1250|0|      |20220523|20220523|0603|2022-06-03 07:03:18
439239|0000000756884526              |20220523|080312|026|675|0|30300046|130010002|130752379|1|20220523|073348|8001024|20220523|081947|8070027|1|1250|0|      |20220523|20220523|0603|2022-06-03 07:03:18
439241|0000000777130468              |20220523|135051|027|675|0|30300080|130010009|130759137|1|20220523|131814|8001549|20220523|135800|8006007|1|1250|0|      |20220523|20220523|0603|2022-06-03 07:03:18
439243|0000000674211928              |20220523|135806|020|676|0|30300037|130010006|130752044|1|20220523|130332|8002378|20220523|140737|8002403|1|1250|0|      |20220523|20220523|0603|2022-06-03 07:03:18
439245|0000000905610287              |20220523|201044|028|675|0|30300080|130010009|130759182|1|20220523|175148|8001203|20220523|201352|8001982|1|1250|0|      |20220523|20220523|0603|2022-06-03 07:03:18
440978|0000000779566081              |20220523|092459|031|832|0|30300128|130710001|130759918|1|20220523|061643|3054003|20220523|093246|8007492|1|1700|0|      |20220523|20220523|0603|2022-06-03 07:03:18
440980|0000000721401425              |20220523|184651|027|832|0|30300128|130710001|130759923|1|20220523|054348|3062007|20220523|190006|8007296|1|1700|0|      |20220523|20220523|0603|2022-06-03 07:03:18
440982|0000000713857706              |20220523|074403|029|832|0|30300128|130710001|130759931|1|20220523|052133|8007293|20220523|080159|8007492|1|1700|0|      |20220523|20220523|0603|2022-06-03 07:03:18
440984|0000000908638934              |20220523|204729|013|674|0|30300002|130010007|130759304|4|20220523|194033|8005994|20220523|205727|8001789|2|1500|0|      |20220523|20220523|0603|2022-06-03 07:03:18
440986|0000000633138224              |20220523|152204|024|675|0|30300077|130010006|130752013|1|20220523|150920|8001197|20220523|153415|8002434|2|2500|0|      |20220523|20220523|0603|2022-06-03 07:03:18
440988|0000000713772217              |20220523|162125|018|832|0|30300128|130710001|130759931|1|20220523|052133|8007080|20220523|162612|3053004|1|1700|0|      |20220523|20220523|0603|2022-06-03 07:03:18
440990|0000000764954162              |20220523|160432|009|676|0|30300041|130010012|130753304|1|20220523|152630|8001378|20220523|161040|8002702|2|2500|0|      |20220523|20220523|0603|2022-06-03 07:03:18
440992|0000000670063447              |20220523|181116|003|832|0|30300128|130710001|130759927|1|20220523|062822|8007291|20220523|182558|3053005|1|1700|0|      |20220523|20220523|0603|2022-06-03 07:03:18
440994|0000000778622174              |20220523|120711|011|675|0|30300057|130010001|130759755|1|20220523|115312|8002601|20220523|123406|8001414|2|2500|0|      |20220523|20220523|0603|2022-06-03 07:03:18
440996|0000000773043541              |20220523|133333|026|675|0|30300077|130010006|130752051|1|20220523|131654|8001489|20220523|133806|8002434|2|2500|0|      |20220523|20220523|0603|2022-06-03 07:03:18
440998|0000000909292051              |20220523|220752|007|674|0|30300002|130010007|130759315|4|20220523|212156|8002609|20220523|221221|8001096|2|1500|0|      |20220523|20220523|0603|2022-06-03 07:03:18
441000|0000000649786768              |20220523|104140|023|832|0|30300128|130710001|130759927|1|20220523|062822|8007295|20220523|105606|3056003|1|1700|0|      |20220523|20220523|0603|2022-06-03 07:03:18
441002|0000000720567302              |20220523|091437|030|675|0|30300078|130010008|130752171|1|20220523|090736|8001427|20220523|091923|8002217|2|2500|0|      |20220523|20220523|0603|2022-06-03 07:03:18
441004|0000000725560044              |20220523|185827|029|675|0|30300055|130010014|130753263|1|20220523|180708|8002156|20220523|190525|8002631|2|2500|0|      |20220523|20220523|0603|2022-06-03 07:03:18
441411|0000000906366349              |20220523|193627|009|675|0|30300055|130010014|130753218|1|20220523|192013|8002764|20220523|194522|8001538|1|1250|0|      |20220523|20220523|0603|2022-06-03 07:03:18
441413|0000000760700486              |20220523|072009|016|674|0|30300002|130010007|130759335|1|20220523|070653|8002909|20220523|072642|8001230|1|1250|0|      |20220523|20220523|0603|2022-06-03 07:03:18
441415|0000000918278939              |20220523|074744|009|674|0|30300002|130010007|130759332|1|20220523|074125|8001178|20220523|080313|8001230|1|1250|0|      |20220523|20220523|0603|2022-06-03 07:03:18
441417|0000000743069605              |20220523|210052|017|675|0|30300058|130010004|130752288|1|20220523|201613|8002734|20220523|211330|8001851|1|1250|0|      |20220523|20220523|0603|2022-06-03 07:03:18
441419|0000000903447782              |20220523|161216|020|674|0|30300002|130010007|130759320|1|20220523|152802|8001536|20220523|162512|8001474|1|1250|0|      |20220523|20220523|0603|2022-06-03 07:03:18
441421|0000000708501569              |20220523|125329|016|674|0|30300002|130010007|130759321|1|20220523|114319|8001631|20220523|130607|8001793|1|1250|0|      |20220523|20220523|0603|2022-06-03 07:03:18
441423|0000000762527954              |20220523|223709|019|674|0|30300002|130010007|130759320|1|20220523|213735|8001419|20220523|223932|8005994|1|1250|0|      |20220523|20220523|0603|2022-06-03 07:03:18
441425|0000000759627415              |20220523|103519|017|674|0|30300002|130010007|130759320|1|20220523|095614|8002093|20220523|110959|8002252|1|1250|0|      |20220523|20220523|0603|2022-06-03 07:03:18
441427|0000000677476838              |20220523|075847|015|674|0|30300002|130010007|130759314|1|20220523|071613|8001536|20220523|081918|8001242|1|1250|0|      |20220523|20220523|0603|2022-06-03 07:03:18
441429|0000000903414145              |20220523|183839|004|674|0|30300002|130010007|130759324|1|20220523|183220|8001794|20220523|185316|8002131|1|1250|0|      |20220523|20220523|0603|2022-06-03 07:03:18
441431|0000000653481625              |20220523|192204|023|674|0|30300002|130010007|130759323|1|20220523|181357|8005994|20220523|193726|8002254|1|1250|0|      |20220523|20220523|0603|2022-06-03 07:03:18
441433|0000000903723450              |20220523|143137|008|675|0|30300058|130010004|130752292|1|20220523|125306|8002240|20220523|144206|8001528|1|1250|0|      |20220523|20220523|0603|2022-06-03 07:03:18
441435|0000000739697390              |20220523|210246|009|675|0|30300058|130010004|130752291|1|20220523|205624|8002065|20220523|210539|8002608|1|1250|0|      |20220523|20220523|0603|2022-06-03 07:03:18
441842|0000000656112851              |20220523|114417|024|675|0|30300062|130010008|130752133|1|20220523|112757|8001854|20220523|115954|8002280|1|1250|0|      |20220523|20220523|0603|2022-06-03 07:03:18
441844|0000000657718461              |20220523|073527|005|676|0|30300041|130010012|130753318|1|20220523|052351|8001803|20220523|082658|8002159|1|1250|0|      |20220523|20220523|0603|2022-06-03 07:03:18
441846|0000000714350991              |20220523|091814|009|676|0|30300041|130010012|130753370|1|20220523|085157|8002538|20220523|092413|8001076|1|1250|0|      |20220523|20220523|0603|2022-06-03 07:03:18
441848|0000000900068794              |20220523|092709|012|675|0|30300045|130010006|130752043|1|20220523|055920|8001491|20220523|101108|8003069|1|1250|0|      |20220523|20220523|0603|2022-06-03 07:03:18
441850|0000000725998288              |20220523|200013|009|675|0|30300045|130010006|130752048|1|20220523|194425|8002913|20220523|200403|8002846|1|1250|0|      |20220523|20220523|0603|2022-06-03 07:03:18
441852|0000000709595131              |20220523|062242|008|675|0|30300075|130010005|130759211|1|20220523|061122|8002625|20220523|063126|8001345|1|1250|0|      |20220523|20220523|0603|2022-06-03 07:03:18
441854|0000000639048664              |20220523|143332|009|675|0|30300095|130010011|130759528|1|20220523|135603|8001493|20220523|143815|8001648|1|1250|0|      |20220523|20220523|0603|2022-06-03 07:03:18
441856|0000000749904352              |20220523|204042|027|676|0|30300072|130010001|130759714|1|20220523|200144|8002881|20220523|210214|8001078|1|1250|0|      |20220523|20220523|0603|2022-06-03 07:03:18
441858|0000000722252302              |20220523|120112|026|675|0|30300095|130010005|130759202|1|20220523|115544|8001493|20220523|120904|8001100|1|1250|0|      |20220523|20220523|0603|2022-06-03 07:03:18
441860|0000000742818522              |20220523|125433|019|675|0|30300095|130010011|130759530|1|20220523|054742|8002702|20220523|130002|8001498|1|1250|0|      |20220523|20220523|0603|2022-06-03 07:03:18
444620|0000000644674571              |20220523|131303|020|675|1|30300091|130010013|130759881|1|20220523|113903|8001348|~       |      |~      |1|0|0|      |20220523|~       |0603|2022-06-03 07:03:18
444622|0000000900969339              |20220523|104139|012|675|0|30300067|130010001|130759707|1|20220523|093649|8002338|~       |      |~      |1|1250|0|      |20220523|~       |0603|2022-06-03 07:03:18
444624|0000000757538499              |20220523|082552|009|675|0|30300056|130010012|130753307|1|20220523|055540|8001084|~       |      |~      |1|1250|0|      |20220523|~       |0603|2022-06-03 07:03:18
444626|0000000704635111              |20220523|083530|001|675|0|30300067|130010001|130759424|1|20220523|082101|8001287|~       |      |~      |1|1250|0|      |20220523|~       |0603|2022-06-03 07:03:18
444628|0000000776092206              |20220523|182835|016|675|0|30300091|130010013|130759812|1|20220523|162353|8002904|~       |      |~      |1|1250|0|      |20220523|~       |0603|2022-06-03 07:03:18
444630|0000000773744724              |20220523|185550|016|675|0|30300056|130010012|130753373|1|20220523|174703|8001168|~       |      |~      |1|1250|0|      |20220523|~       |0603|2022-06-03 07:03:18
444632|0000000903975742              |20220523|070716|020|674|0|30300104|130010002|130752343|1|20220523|064839|8001024|~       |      |~      |1|1250|0|      |20220523|~       |0603|2022-06-03 07:03:18
444634|0000000904209322              |20220523|065504|018|675|0|30300060|130010014|130753216|1|20220523|061614|8001239|~       |      |~      |1|1250|0|      |20220523|~       |0603|2022-06-03 07:03:18
445093|0000000762044318              |20220523|183443|019|675|1|30300101|130010002|130752320|1|20220523|172446|8002558|~       |      |~      |1|0|0|      |20220523|~       |0603|2022-06-03 07:03:18
445095|0000000773667373              |20220523|190237|027|675|0|30300062|130010008|130752704|1|20220523|182718|8002278|~       |      |~      |1|1250|0|      |20220523|~       |0603|2022-06-03 07:03:18
445097|0000000663100222              |20220523|074009|010|675|0|30300056|130010012|130753373|1|20220523|054501|8001060|~       |      |~      |1|1250|0|      |20220523|~       |0603|2022-06-03 07:03:18
445099|0000000909642485              |20220523|204455|025|675|0|30300046|130010002|130752305|1|20220523|202812|8001289|~       |      |~      |1|1250|0|      |20220523|~       |0603|2022-06-03 07:03:18
445101|0000000750186498              |20220523|211037|018|675|0|30300046|130010002|130752305|1|20220523|202812|8002363|~       |      |~      |1|1250|0|      |20220523|~       |0603|2022-06-03 07:03:18
445103|0000000903458289              |20220523|163611|010|675|0|30300046|130010002|130752312|1|20220523|154859|8002411|~       |      |~      |1|1250|0|      |20220523|~       |0603|2022-06-03 07:03:18
445105|0000000770944219              |20220523|164558|016|675|0|30300080|130010009|130759130|1|20220523|162104|8002362|~       |      |~      |1|1250|0|      |20220523|~       |0603|2022-06-03 07:03:18
445107|0000000759812166              |20220523|173516|013|675|1|30300056|130010012|130753307|1|20220523|134212|8002402|~       |      |~      |1|0|0|      |20220523|~       |0603|2022-06-03 07:03:18
445109|0000000770769352              |20220523|174012|010|675|0|30300056|130010012|130753331|1|20220523|153313|8001645|~       |      |~      |1|1250|0|      |20220523|~       |0603|2022-06-03 07:03:18
445111|0000000917920676              |20220523|181729|016|675|0|30300082|130010001|130759772|1|20220523|173022|8002803|~       |      |~      |1|1250|0|      |20220523|~       |0603|2022-06-03 07:03:18
445113|0000000709915907              |20220523|124301|009|675|0|30300082|130010001|130759728|1|20220523|123913|8005950|~       |      |~      |1|1250|0|      |20220523|~       |0603|2022-06-03 07:03:18
445115|0000000716012924              |20220523|112805|005|675|0|30300067|130010001|130759742|1|20220523|091330|8002935|~       |      |~      |1|1250|0|      |20220523|~       |0603|2022-06-03 07:03:18
445117|0000000905001864              |20220523|093605|009|675|1|30300067|130010001|130759731|1|20220523|082407|8001251|~       |      |~      |1|0|0|      |20220523|~       |0603|2022-06-03 07:03:18
445119|0000000720070198              |20220523|185816|009|675|0|30300056|130010012|130753315|1|20220523|164737|8001491|~       |      |~      |1|1250|0|      |20220523|~       |0603|2022-06-03 07:03:18
445121|0000000742074354              |20220523|073425|012|675|0|30300084|130010001|130759752|1|20220523|062918|8001363|~       |      |~      |1|1250|0|      |20220523|~       |0603|2022-06-03 07:03:18
445571|0000000760973492              |20220523|171322|011|832|0|30300128|130710001|130759916|1|20220523|064250|9007055|20220523|173544|8007080|1|1700|300|      |20220523|20220523|0603|2022-06-03 07:03:18
445573|0000000746119680              |20220523|175507|031|832|0|30300128|130710001|130759916|1|20220523|064250|8007292|20220523|180421|8007290|1|1700|300|      |20220523|20220523|0603|2022-06-03 07:03:18
445575|0000000908397481              |20220523|174210|004|832|1|30300128|130710001|130759916|1|20220523|064250|8007057|20220523|180548|8007290|1|300|300|      |20220523|20220523|0603|2022-06-03 07:03:18
445577|0000000900434736              |20220523|174949|015|832|1|30300128|130710001|130759916|1|20220523|064250|8007294|20220523|181619|8007280|1|300|300|      |20220523|20220523|0603|2022-06-03 07:03:18
445579|0000000763997668              |20220523|175509|007|832|0|30300128|130710001|130759916|1|20220523|064250|8007292|20220523|180551|8007290|1|1700|300|      |20220523|20220523|0603|2022-06-03 07:03:18
445581|0000000911457760              |20220523|130131|010|832|1|30300128|130710001|130759916|1|20220523|064250|8007452|20220523|131513|8007055|1|300|300|      |20220523|20220523|0603|2022-06-03 07:03:18
445583|0000000772421103              |20220523|124204|002|832|0|30300128|130710001|130759916|1|20220523|064250|8007400|20220523|131512|8007055|1|1700|300|      |20220523|20220523|0603|2022-06-03 07:03:18
445585|0000000771637360              |20220523|225314|003|832|0|30300128|130710001|130759916|1|20220523|064250|8007412|20220523|234239|3062006|1|1700|300|      |20220523|20220523|0603|2022-06-03 07:03:18
445587|0000000705540205              |20220523|225331|006|832|1|30300128|130710001|130759916|1|20220523|064250|8007412|20220523|232825|8007291|1|450|300|      |20220523|20220523|0603|2022-06-03 07:03:18
445589|0000000753323914              |20220523|230053|027|832|0|30300128|130710001|130759916|1|20220523|064250|8007275|20220523|233155|8007295|1|1700|300|      |20220523|20220523|0603|2022-06-03 07:03:18
445591|0000000765787783              |20220523|230057|007|832|0|30300128|130710001|130759916|1|20220523|064250|8007275|20220523|233439|8007400|1|1700|300|      |20220523|20220523|0603|2022-06-03 07:03:18
445593|0000000713792770              |20220523|230428|009|832|1|30300128|130710001|130759916|1|20220523|064250|8007279|20220523|233022|8007293|1|450|300|      |20220523|20220523|0603|2022-06-03 07:03:18
445595|0000000742014878              |20220523|230432|015|832|0|30300128|130710001|130759916|1|20220523|064250|8007279|20220523|232824|8007291|1|1700|300|      |20220523|20220523|0603|2022-06-03 07:03:18
446002|0000000778462544              |20220523|100030|009|832|0|30300128|130710001|130759915|1|20220523|063843|8007294|20220523|102702|8007280|1|1700|300|      |20220523|20220523|0603|2022-06-03 07:03:18
447879|0000000791456263              |20220523|184954|001|676|0|30300072|130010001|130759711|1|20220523|174509|8001831|20220523|185335|8002468|1|1250|0|      |20220523|20220523|0603|2022-06-03 07:03:18
447881|0000000400213262              |20220523|072805|001|675|0|30300079|130010009|130759111|1|20220523|053334|8002609|20220523|074511|8001529|1|1250|0|      |20220523|20220523|0603|2022-06-03 07:03:18
447883|0000000780662154              |20220523|080005|001|676|0|30300071|130010009|130759107|1|20220523|055252|8002942|20220523|080531|8002632|1|1250|0|      |20220523|20220523|0603|2022-06-03 07:03:18
447885|0000000692274756              |20220523|134651|001|676|0|30300071|130010009|130759144|1|20220523|132008|8001463|20220523|140930|8001949|1|1250|0|      |20220523|20220523|0603|2022-06-03 07:03:18
447887|0000001118498544              |20220523|144524|001|675|0|30300064|130010015|130759683|1|20220523|133520|8001980|20220523|145609|8002635|1|1250|0|      |20220523|20220523|0603|2022-06-03 07:03:18
447889|0000000687739281              |20220523|153313|001|675|0|30300047|130010001|130759408|1|20220523|143853|8002412|20220523|153822|8001192|1|1250|0|      |20220523|20220523|0603|2022-06-03 07:03:18
447891|0000000689407619              |20220523|173639|001|675|0|30300047|130010001|130759705|1|20220523|171443|8005993|20220523|175409|8070018|1|1250|0|      |20220523|20220523|0603|2022-06-03 07:03:18
447893|0000000797357456              |20220523|135751|001|675|0|30300047|130010001|130759438|1|20220523|133305|8003101|20220523|140109|8070017|1|1250|0|      |20220523|20220523|0603|2022-06-03 07:03:18
447895|0000000793938370              |20220523|095545|001|675|0|30300064|130010015|130759673|1|20220523|062155|8002651|20220523|102706|8001046|1|1250|0|      |20220523|20220523|0603|2022-06-03 07:03:18
448320|0000000400195052              |20220523|070807|005|676|0|30300088|130010006|130752023|8|20220523|065133|8002132|~       |      |~      |1|0|0|      |20220523|~       |0603|2022-06-03 07:03:18
448322|0000000400143042              |20220523|173104|019|675|0|30300077|130010006|130752034|8|20220523|165748|8001940|~       |      |~      |1|0|0|      |20220523|~       |0603|2022-06-03 07:03:18
448324|0000000400167438              |20220523|123726|004|675|0|30300145|130010014|130753509|8|20220523|121608|8002397|~       |      |~      |1|0|0|      |20220523|~       |0603|2022-06-03 07:03:18
448326|0000000400167438              |20220523|132110|006|676|0|30300089|130010011|130759575|8|20220523|115619|8002088|~       |      |~      |1|0|0|      |20220523|~       |0603|2022-06-03 07:03:18
448328|0000000400143042              |20220523|105945|018|676|0|30300051|130010008|130752103|8|20220523|104643|8001876|~       |      |~      |1|0|0|      |20220523|~       |0603|2022-06-03 07:03:18
448330|0000000400195052              |20220523|092002|008|676|0|30300088|130010002|130752553|8|20220523|073312|8002131|~       |      |~      |1|0|0|      |20220523|~       |0603|2022-06-03 07:03:18
448332|0000000400195052              |20220523|091216|007|674|0|30300002|130010007|130759311|8|20220523|083252|8002131|~       |      |~      |1|0|0|      |20220523|~       |0603|2022-06-03 07:03:18
448334|0000000400167438              |20220523|093835|002|676|0|30300093|130010004|130752273|8|20220523|065158|8005512|~       |      |~      |1|0|0|      |20220523|~       |0603|2022-06-03 07:03:18
448336|0000000400143042              |20220523|184052|021|675|0|30300081|130010011|130759533|8|20220523|162735|8002235|~       |      |~      |1|0|0|      |20220523|~       |0603|2022-06-03 07:03:18
448338|0000000797985816              |20220523|134838|005|674|0|30300002|130010007|130759332|1|20220523|132309|8001418|~       |      |~      |1|1250|0|      |20220523|~       |0603|2022-06-03 07:03:18
448340|0000000695884507              |20220523|084033|003|676|0|30300040|130010013|130759834|1|20220523|065313|8001096|~       |      |~      |1|1250|0|      |20220523|~       |0603|2022-06-03 07:03:18
448342|0000000695858537              |20220523|092703|007|676|0|30300051|130010008|130752153|1|20220523|092319|8001096|~       |      |~      |1|1250|0|      |20220523|~       |0603|2022-06-03 07:03:18
448772|0000000678903491              |20220523|073415|010|675|0|30300081|130010011|130759506|1|20220523|072231|8002038|~       |      |~      |1|1250|0|      |20220523|~       |0603|2022-06-03 07:03:18
448774|0000000760191348              |20220523|081122|004|675|0|30300101|130010002|130752327|1|20220523|065302|8002161|~       |      |~      |1|1250|0|      |20220523|~       |0603|2022-06-03 07:03:18
448776|0000000678189150              |20220523|082135|016|676|0|30300071|130010009|130759135|1|20220523|062340|8002758|~       |      |~      |1|1250|0|      |20220523|~       |0603|2022-06-03 07:03:18
448778|0000000756200310              |20220523|080011|030|676|0|30300038|130010014|130753272|1|20220523|072508|8003044|~       |      |~      |1|1250|0|      |20220523|~       |0603|2022-06-03 07:03:18
448780|0000000743696432              |20220523|080529|001|676|0|30300088|130010002|130752315|1|20220523|080059|8005859|~       |      |~      |1|1250|0|      |20220523|~       |0603|2022-06-03 07:03:18
448782|0000000903994059              |20220523|080013|024|676|0|30300071|130010009|130759147|1|20220523|063539|8001949|~       |      |~      |1|1250|0|      |20220523|~       |0603|2022-06-03 07:03:18
448784|0000000743453446              |20220523|143724|009|675|1|30300081|130010011|130759514|1|20220523|141439|8002453|~       |      |~      |1|0|0|      |20220523|~       |0603|2022-06-03 07:03:18
448786|0000000701185701              |20220523|142022|009|676|0|30300043|130010015|130759630|1|20220523|133308|8001748|~       |      |~      |1|1250|0|      |20220523|~       |0603|2022-06-03 07:03:18
448788|0000000707403685              |20220523|202721|016|675|0|30300081|130010011|130759572|1|20220523|200113|8002168|~       |      |~      |1|1250|0|      |20220523|~       |0603|2022-06-03 07:03:18
448790|0000000754849581              |20220523|205851|018|674|0|30300104|130010002|130752300|1|20220523|200047|8001078|~       |      |~      |1|1250|0|      |20220523|~       |0603|2022-06-03 07:03:18
448792|0000000770509092              |20220523|211140|023|676|0|30300088|130010002|130752361|1|20220523|202720|8002739|~       |      |~      |1|1250|0|      |20220523|~       |0603|2022-06-03 07:03:18
448794|0000000729369309              |20220523|153445|028|675|0|30300081|130010011|130759571|1|20220523|133553|8002851|~       |      |~      |1|1250|0|      |20220523|~       |0603|2022-06-03 07:03:18
448796|0000000662057047              |20220523|154625|004|676|0|30300038|130010014|130753505|1|20220523|145005|8002793|~       |      |~      |1|1250|0|      |20220523|~       |0603|2022-06-03 07:03:18
448798|0000000741327790              |20220523|155353|016|674|0|30300104|130010002|130752343|1|20220523|154402|8001078|~       |      |~      |1|1250|0|      |20220523|~       |0603|2022-06-03 07:03:18
448800|0000000717382201              |20220523|163427|018|675|0|30300101|130010002|130752396|1|20220523|155657|8002831|~       |      |~      |1|1250|0|      |20220523|~       |0603|2022-06-03 07:03:18
449253|0000000637539563              |20220523|154555|022|676|0|30300072|130010001|130759420|1|20220523|150647|8001229|~       |      |~      |1|1250|0|      |20220523|~       |0603|2022-06-03 07:03:18
450653|0000000918032953              |20220523|140237|027|832|0|30300128|130710001|130759917|1|20220523|055427|8007057|20220523|143757|8007280|1|1700|300|      |20220523|20220523|0603|2022-06-03 07:03:18
450655|0000000779719547              |20220523|152117|022|832|1|30300128|130710001|130759912|1|20220523|041932|8005504|20220523|155639|8007293|1|450|300|      |20220523|20220523|0603|2022-06-03 07:03:18
452276|0000000743674401              |20220523|105158|017|832|0|30300128|130710001|130759932|1|20220523|052848|8007271|20220523|112402|8007295|1|1700|300|      |20220523|20220523|0603|2022-06-03 07:03:18
452278|0000000753040335              |20220523|105702|008|832|0|30300128|130710001|130759932|1|20220523|052848|8007279|20220523|113841|3056003|1|1700|300|      |20220523|20220523|0603|2022-06-03 07:03:18
452280|0000000741563139              |20220523|114700|021|832|1|30300128|130710001|130759932|1|20220523|052848|8007452|20220523|120054|8007055|1|300|300|      |20220523|20220523|0603|2022-06-03 07:03:18
452282|0000000765807488              |20220523|113514|028|832|1|30300128|130710001|130759932|1|20220523|052848|3062006|20220523|120040|8007055|1|300|300|      |20220523|20220523|0603|2022-06-03 07:03:18
452284|0000000660204595              |20220523|113701|002|832|0|30300128|130710001|130759932|1|20220523|052848|8007053|20220523|120052|8007055|1|1700|300|      |20220523|20220523|0603|2022-06-03 07:03:18
452286|0000000906157544              |20220523|073042|025|832|1|30300128|130710001|130759932|1|20220523|052848|8007288|20220523|081404|3014014|1|450|300|      |20220523|20220523|0603|2022-06-03 07:03:18
452288|0000000742733971              |20220523|074055|011|832|0|30300128|130710001|130759932|1|20220523|052848|8007289|20220523|080012|8007299|1|1700|300|      |20220523|20220523|0603|2022-06-03 07:03:18
452290|0000000906135878              |20220523|072436|014|832|0|30300128|130710001|130759932|1|20220523|052848|8007273|20220523|081212|8007492|1|1700|300|      |20220523|20220523|0603|2022-06-03 07:03:18
452292|0000000755100078              |20220523|072602|019|832|1|30300128|130710001|130759932|1|20220523|052848|8007275|20220523|080438|3054003|1|450|300|      |20220523|20220523|0603|2022-06-03 07:03:18
452294|0000000717015555              |20220523|072609|022|832|1|30300128|130710001|130759932|1|20220523|052848|8007275|20220523|075929|8007400|1|450|300|      |20220523|20220523|0603|2022-06-03 07:03:18
452296|0000000726977517              |20220523|071443|026|832|0|30300128|130710001|130759932|1|20220523|052848|8005504|20220523|080844|8007053|1|1700|300|      |20220523|20220523|0603|2022-06-03 07:03:18
452298|0000000743320429              |20220523|071656|015|832|1|30300128|130710001|130759932|1|20220523|052848|8007412|20220523|080729|3062006|1|450|300|      |20220523|20220523|0603|2022-06-03 07:03:18
452300|0000000752832514              |20220523|071708|001|832|0|30300128|130710001|130759932|1|20220523|052848|8007412|20220523|080347|3053005|1|1700|300|      |20220523|20220523|0603|2022-06-03 07:03:18
452302|0000000614260702              |20220523|071716|029|832|1|30300128|130710001|130759932|1|20220523|052848|8007412|20220523|080738|3062006|1|450|300|      |20220523|20220523|0603|2022-06-03 07:03:18
454878|0000000767475345              |20220523|165644|010|675|0|30300075|130010005|130759227|1|20220523|161313|8001994|20220523|171329|8001382|1|1250|0|      |20220523|20220523|0603|2022-06-03 07:03:18
454880|0000000633730986              |20220523|115512|031|675|0|30300075|130010005|130759264|1|20220523|103912|8005883|20220523|122213|8002358|1|1250|0|      |20220523|20220523|0603|2022-06-03 07:03:18
454882|0000000762510755              |20220523|132001|004|675|0|30300075|130010005|130759208|1|20220523|130128|8002825|20220523|132531|8002296|1|1250|0|      |20220523|20220523|0603|2022-06-03 07:03:18
454884|0000000607798330              |20220523|133430|011|675|0|30300075|130010005|130759227|1|20220523|131042|8005960|20220523|133727|8002880|1|1250|0|      |20220523|20220523|0603|2022-06-03 07:03:18
454886|0000000727774077              |20220523|211425|022|675|0|30300060|130010014|130753245|1|20220523|203951|8002969|20220523|214012|8001717|1|1250|0|      |20220523|20220523|0603|2022-06-03 07:03:18
454888|0000000730974314              |20220523|104631|012|675|0|30300094|130010014|130753616|1|20220523|094645|8001923|20220523|104849|8002206|1|1250|0|      |20220523|20220523|0603|2022-06-03 07:03:18
454890|0000000601930041              |20220523|103140|010|675|0|30300075|130010005|130759227|1|20220523|100035|8001534|20220523|104039|8001876|1|1250|0|      |20220523|20220523|0603|2022-06-03 07:03:18
454892|0000000905794379              |20220523|122021|020|675|0|30300075|130010005|130759208|1|20220523|115320|8002880|20220523|122111|8001920|1|1250|0|      |20220523|20220523|0603|2022-06-03 07:03:18
454894|0000000744349210              |20220523|092111|006|675|0|30300082|130010001|130759743|1|20220523|083248|8001934|20220523|093926|8001572|1|1250|0|      |20220523|20220523|0603|2022-06-03 07:03:18
454896|0000000672847688              |20220523|095354|023|675|0|30300075|130010005|130759203|1|20220523|080518|8001352|20220523|100112|8002358|1|1250|0|      |20220523|20220523|0603|2022-06-03 07:03:18
454898|0000000725416097              |20220523|185614|004|675|0|30300075|130010005|130759264|1|20220523|134731|8003022|20220523|191123|8002615|1|1250|0|      |20220523|20220523|0603|2022-06-03 07:03:18
454900|0000000720907194              |20220523|212717|010|675|0|30300094|130010012|130753329|1|20220523|134932|8001890|20220523|213456|8001109|1|1250|0|      |20220523|20220523|0603|2022-06-03 07:03:18
454902|0000000910663078              |20220523|155135|004|675|0|30300046|130010002|130752321|1|20220523|144621|8001269|20220523|161857|8007020|1|1250|0|      |20220523|20220523|0603|2022-06-03 07:03:18
454904|0000000442107606              |20220523|170941|027|675|0|30300101|130010002|130752304|1|20220523|164045|8001101|20220523|172548|8001083|1|1250|0|      |20220523|20220523|0603|2022-06-03 07:03:18
454906|0000000773374088              |20220523|175420|005|675|0|30300101|130010002|130752326|1|20220523|175215|8002087|20220523|181401|8001646|1|1250|0|      |20220523|20220523|0603|2022-06-03 07:03:18
454908|0000000743779083              |20220523|123848|014|675|0|30300101|130010002|130752326|1|20220523|122702|8002468|20220523|125851|8002978|1|1250|0|      |20220523|20220523|0603|2022-06-03 07:03:18
454910|0000000764313587              |20220523|110333|024|675|0|30300046|130010002|130752350|1|20220523|105721|8001152|20220523|115032|8002722|1|1250|0|      |20220523|20220523|0603|2022-06-03 07:03:18
454912|0000000719233975              |20220523|114336|028|675|0|30300046|130010002|130752312|1|20220523|113317|8007019|20220523|115440|8005907|1|1250|0|      |20220523|20220523|0603|2022-06-03 07:03:18
454914|0000000661571959              |20220523|074110|005|675|0|30300101|130010002|130752304|1|20220523|072910|8001156|20220523|084030|8001924|1|1250|0|      |20220523|20220523|0603|2022-06-03 07:03:18
454916|0000000776206541              |20220523|193738|019|675|0|30300046|130010002|130752351|1|20220523|182324|8005857|20220523|194342|8007161|1|1250|0|      |20220523|20220523|0603|2022-06-03 07:03:18
454918|0000000703666188              |20220523|054852|012|675|0|30300091|130010013|130759811|1|20220523|054145|8001515|20220523|060105|8002209|1|1250|0|      |20220523|20220523|0603|2022-06-03 07:03:18
453816|0000000651954428              |20220523|074606|023|675|0|30300061|130010015|130759643|1|20220523|065409|8001411|20220523|075942|8002887|1|1250|0|      |20220523|20220523|0603|2022-06-03 07:03:18
453818|0000000758325537              |20220523|080806|031|676|0|30300093|130010004|130752282|1|20220523|070618|8001533|20220523|083303|8002481|1|1250|0|      |20220523|20220523|0603|2022-06-03 07:03:18
453820|0000000742662429              |20220523|140704|015|675|0|30300062|130010008|130752705|1|20220523|134234|8002425|20220523|143552|8001851|1|1250|0|      |20220523|20220523|0603|2022-06-03 07:03:18
453822|0000000636819971              |20220523|140923|011|675|0|30300046|130010002|130752357|1|20220523|133547|8005928|20220523|143308|8001014|1|1250|0|      |20220523|20220523|0603|2022-06-03 07:03:18
453851|0000000741905028              |20220523|164454|015|676|0|30300040|130010007|130759385|1|20220523|161953|8002757|20220523|170044|8001005|1|1250|0|      |20220523|20220523|0603|2022-06-03 07:03:18
453853|0000000745239037              |20220523|171658|031|676|0|30300043|130010015|130759607|1|20220523|161144|8001789|20220523|172330|8002457|1|1250|0|      |20220523|20220523|0603|2022-06-03 07:03:18
453855|0000000677494332              |20220523|172808|023|674|0|30300002|130010007|130759335|1|20220523|165111|8002611|20220523|173220|8001536|1|1250|0|      |20220523|20220523|0603|2022-06-03 07:03:18
453857|0000000772352943              |20220523|171127|018|675|0|30300046|130010002|130752321|1|20220523|144621|8002411|20220523|172605|8001025|1|1250|0|      |20220523|20220523|0603|2022-06-03 07:03:18
453859|0000000771230435              |20220523|172207|006|676|0|30300090|130010005|130759209|1|20220523|155501|8001641|20220523|173606|8002412|1|1250|0|      |20220523|20220523|0603|2022-06-03 07:03:18
453861|0000000707136049              |20220523|172848|006|674|0|30300002|130010007|130759312|1|20220523|170340|8002133|20220523|174027|8002093|1|1250|0|      |20220523|20220523|0603|2022-06-03 07:03:18
453863|0000000764175302              |20220523|174719|004|676|0|30300054|130010007|130759341|1|20220523|165152|8001646|20220523|180451|8002707|1|1250|0|      |20220523|20220523|0603|2022-06-03 07:03:18
453865|0000000715014469              |20220523|172945|021|675|0|30300078|130010008|130752166|1|20220523|172126|8002227|20220523|180821|8002615|1|1250|0|      |20220523|20220523|0603|2022-06-03 07:03:18
453867|0000000743219045              |20220523|181630|023|676|0|30300070|130010004|130752226|1|20220523|172551|8001943|20220523|182133|8002729|1|1250|0|      |20220523|20220523|0603|2022-06-03 07:03:18
453869|0000000742293112              |20220523|181052|006|675|0|30300053|130010002|130752394|1|20220523|172714|8002966|20220523|181503|8001237|1|1250|0|      |20220523|20220523|0603|2022-06-03 07:03:18
453871|0000000909630645              |20220523|175946|005|676|0|30300088|130010006|130752023|1|20220523|172644|8007169|20220523|180449|8002402|1|1250|0|      |20220523|20220523|0603|2022-06-03 07:03:18
453873|0000000649798822              |20220523|181114|030|675|0|30300077|130010006|130759018|1|20220523|173401|8002628|20220523|182355|8001995|1|1250|0|      |20220523|20220523|0603|2022-06-03 07:03:18
453875|0000000751981238              |20220523|180707|001|675|0|30300096|130010006|130752057|1|20220523|172919|8002884|20220523|182422|8001922|1|1250|0|      |20220523|20220523|0603|2022-06-03 07:03:18
453877|0000000740685258              |20220523|181301|024|675|0|30300094|130010014|130753607|1|20220523|172156|8001655|20220523|183632|8005964|1|1250|0|      |20220523|20220523|0603|2022-06-03 07:03:18
453906|0000000760139572              |20220523|220512|004|675|0|30300108|130010007|130759317|1|20220523|215802|8002941|20220523|222405|8007320|1|1250|0|      |20220523|20220523|0603|2022-06-03 07:03:18
453908|0000000667124064              |20220523|215354|030|675|0|30300049|130010004|130752212|1|20220523|201033|8001929|20220523|223000|8002997|1|1250|0|      |20220523|20220523|0603|2022-06-03 07:03:18
453910|0000000772610077              |20220523|221458|006|674|0|30300100|130010002|130752360|1|20220523|190610|8001348|20220523|223526|8002119|1|1250|0|      |20220523|20220523|0603|2022-06-03 07:03:18
453912|0000000908717154              |20220523|102653|005|675|0|30300101|130010002|130752354|1|20220523|100151|8002585|20220523|103955|8001028|1|1250|0|      |20220523|20220523|0603|2022-06-03 07:03:18
453914|0000000669248038              |20220523|113914|012|676|0|30300071|130010009|130759176|1|20220523|111033|8002633|20220523|120111|8002453|1|1250|0|      |20220523|20220523|0603|2022-06-03 07:03:18
453916|0000000722492998              |20220523|093954|011|676|0|30300090|130010005|130759219|1|20220523|092756|8002608|20220523|094136|8002617|1|1250|0|      |20220523|20220523|0603|2022-06-03 07:03:18
453918|0000000446783947              |20220523|095153|019|675|0|30300061|130010015|130759691|1|20220523|085131|8002723|20220523|100221|8001647|1|1250|0|      |20220523|20220523|0603|2022-06-03 07:03:18
453920|0000000776676638              |20220523|094650|003|675|0|30300091|130010013|130759880|1|20220523|090148|8002612|20220523|101005|8005994|1|1250|0|      |20220523|20220523|0603|2022-06-03 07:03:18
453922|0000000654630679              |20220523|180448|019|675|0|30300050|130010007|130759372|1|20220523|175251|8002531|20220523|182942|8002872|1|1250|0|      |20220523|20220523|0603|2022-06-03 07:03:18
453924|0000000743208717              |20220523|180730|030|675|0|30300050|130010007|130759372|1|20220523|175251|8007394|20220523|185208|8002721|1|1250|0|      |20220523|20220523|0603|2022-06-03 07:03:18
453926|0000000704764239              |20220523|181255|011|674|0|30300002|130010007|130759304|1|20220523|172228|8002259|20220523|183220|8002132|1|1250|0|      |20220523|20220523|0603|2022-06-03 07:03:18
453928|0000000921541634              |20220523|182802|023|675|0|30300081|130010011|130759533|1|20220523|162735|8001378|20220523|185218|8001889|1|1250|0|      |20220523|20220523|0603|2022-06-03 07:03:18
453930|0000000771830150              |20220523|175706|028|680|0|30300052|130010002|130752329|1|20220523|174117|8001420|20220523|184722|8001559|1|1250|0|      |20220523|20220523|0603|2022-06-03 07:03:18
439385|0000000741241961              |20220523|093742|022|675|0|30300065|130010004|130752229|1|20220523|090510|8002155|20220523|095857|8005875|1|1250|0|      |20220523|20220523|0603|2022-06-03 07:03:18
439387|0000000751275960              |20220523|181020|002|675|0|30300101|130010002|130752354|1|20220523|170429|8002089|20220523|185307|8007245|1|1250|0|      |20220523|20220523|0603|2022-06-03 07:03:18
439389|0000000903303376              |20220523|185930|010|675|0|30300065|130010004|130752277|1|20220523|165454|8003054|20220523|190724|8002990|1|1250|0|      |20220523|20220523|0603|2022-06-03 07:03:18
439391|0000000741973442              |20220523|184213|015|676|0|30300040|130010013|130759813|1|20220523|180818|8001054|20220523|192305|8001407|1|1250|0|      |20220523|20220523|0603|2022-06-03 07:03:18
439393|0000000762656460              |20220523|053853|029|676|0|30300043|130010015|130759632|1|20220523|052956|8005876|20220523|062422|8002553|1|1250|0|      |20220523|20220523|0603|2022-06-03 07:03:18
439395|0000000665946225              |20220523|064047|009|676|0|30300089|130010011|130759577|1|20220523|055419|8005511|20220523|070405|8001989|1|1250|0|      |20220523|20220523|0603|2022-06-03 07:03:18
440729|0000000903845755              |20220523|092013|026|676|1|30300093|130010004|130752282|1|20220523|084656|8001096|20220523|092335|8002317|1|0|0|      |20220523|20220523|0603|2022-06-03 07:03:18
440731|0000000759659831              |20220523|091329|003|676|2|30300054|130010007|130759360|1|20220523|082750|8002468|20220523|093405|8002976|1|0|0|      |20220523|20220523|0603|2022-06-03 07:03:18
440733|0000000762653238              |20220523|093017|024|676|0|30300054|130010007|130759361|4|20220523|084313|8002468|20220523|095221|8002976|1|750|0|      |20220523|20220523|0603|2022-06-03 07:03:18
441140|0000000758052664              |20220523|163810|008|675|0|30300056|130010012|130753319|1|20220523|145501|8001852|20220523|170419|8001903|2|2500|0|      |20220523|20220523|0603|2022-06-03 07:03:18
441142|0000000918014525              |20220523|171243|006|680|0|30300034|130010005|130759220|1|20220523|163902|8002503|20220523|172231|8002258|2|2500|0|      |20220523|20220523|0603|2022-06-03 07:03:18
441144|0000000715701885              |20220523|172257|021|676|0|30300070|130010004|130752604|1|20220523|165920|8002307|20220523|182542|8002754|2|2500|0|      |20220523|20220523|0603|2022-06-03 07:03:18
441146|0000000777259738              |20220523|124526|021|676|0|30300038|130010014|130753502|1|20220523|120445|8002914|20220523|130757|8002627|2|2500|0|      |20220523|20220523|0603|2022-06-03 07:03:18
441148|0000000730948370              |20220523|132716|006|675|0|30300127|130010004|130752243|1|20220523|132112|8001136|20220523|133649|8002351|2|2500|0|      |20220523|20220523|0603|2022-06-03 07:03:18
441150|0000000742583010              |20220523|094205|013|675|0|30300049|130010004|130752276|1|20220523|085213|8001060|20220523|095637|8002412|2|2500|0|      |20220523|20220523|0603|2022-06-03 07:03:18
441152|0000000713284374              |20220523|100655|015|675|0|30300095|130010005|130759229|1|20220523|093715|8001959|20220523|101639|8002277|2|2500|0|      |20220523|20220523|0603|2022-06-03 07:03:18
441154|0000000642809222              |20220523|110909|009|676|0|30300072|130010001|130759407|1|20220523|103152|8003006|20220523|111833|8002880|2|2500|0|      |20220523|20220523|0603|2022-06-03 07:03:18
441156|0000000761574262              |20220523|090841|010|674|2|30300002|130010007|130759336|1|20220523|090400|8002254|20220523|091606|8001792|2|1250|0|      |20220523|20220523|0603|2022-06-03 07:03:18
441158|0000000742967653              |20220523|093656|027|676|0|30300089|130010011|130759512|1|20220523|055041|8001743|20220523|094931|8001420|2|2500|0|      |20220523|20220523|0603|2022-06-03 07:03:18
441160|0000000730740142              |20220523|181548|010|676|0|30300037|130010006|130752045|1|20220523|160247|8002658|20220523|184440|8002411|2|2500|0|      |20220523|20220523|0603|2022-06-03 07:03:18
441162|0000000903189454              |20220523|063832|003|675|0|30300055|130010014|130753229|1|20220523|060512|8002635|20220523|065133|8001402|2|2500|0|      |20220523|20220523|0603|2022-06-03 07:03:18
441164|0000000778622174              |20220523|132509|012|675|0|30300055|130010014|130753251|1|20220523|064907|8001412|20220523|135127|8001663|2|2500|0|      |20220523|20220523|0603|2022-06-03 07:03:18
441166|0000000903079788              |20220523|142204|029|675|0|30300083|130010001|130759771|1|20220523|133622|8001855|20220523|142927|8001491|2|2500|0|      |20220523|20220523|0603|2022-06-03 07:03:18
441573|0000000719669839              |20220523|082715|015|676|0|30300037|130010006|130752044|1|20220523|073024|8002313|20220523|084356|8002339|1|1250|0|      |20220523|20220523|0603|2022-06-03 07:03:18
441575|0000000612522044              |20220523|092718|030|675|0|30300067|130010001|130759742|1|20220523|091330|8001253|20220523|094103|8005874|1|1250|0|      |20220523|20220523|0603|2022-06-03 07:03:18
441577|0000000904035291              |20220523|091653|016|676|0|30300037|130010006|130759027|1|20220523|083035|8003006|20220523|094221|8003054|1|1250|0|      |20220523|20220523|0603|2022-06-03 07:03:18
441579|0000000903988943              |20220523|190833|017|676|0|30300037|130010006|130752038|1|20220523|154805|8002339|20220523|191619|8007268|1|1250|0|      |20220523|20220523|0603|2022-06-03 07:03:18
441581|0000000614534912              |20220523|184745|029|675|0|30300067|130010001|130759402|1|20220523|183925|8005527|20220523|191343|8002822|1|1250|0|      |20220523|20220523|0603|2022-06-03 07:03:18
441583|0000000725150056              |20220523|140618|020|676|0|30300051|130010008|130752109|1|20220523|135538|8002309|20220523|141326|8001415|1|1250|0|      |20220523|20220523|0603|2022-06-03 07:03:18
441585|0000000637767210              |20220523|144130|018|676|0|30300051|130010008|130752107|1|20220523|142532|8001415|20220523|150140|8001493|1|1250|0|      |20220523|20220523|0603|2022-06-03 07:03:18
441587|0000000759105597              |20220523|150448|010|675|0|30300082|130010001|130759736|1|20220523|145439|8001989|20220523|153941|8005923|1|1250|0|      |20220523|20220523|0603|2022-06-03 07:03:18
441589|0000000648184222              |20220523|154534|015|676|0|30300051|130010008|130752106|1|20220523|150931|8002543|20220523|154907|8001489|1|1250|0|      |20220523|20220523|0603|2022-06-03 07:03:18
441591|0000000726014417              |20220523|165017|008|676|0|30300051|130010008|130752153|1|20220523|161117|8001490|20220523|171649|8001155|1|1250|0|      |20220523|20220523|0603|2022-06-03 07:03:18
441593|0000000908932679              |20220523|180639|011|675|0|30300082|130010001|130759736|1|20220523|170054|8001075|20220523|182830|8005563|1|1250|0|      |20220523|20220523|0603|2022-06-03 07:03:18
441595|0000000652086648              |20220523|122522|019|675|0|30300082|130010001|130759776|1|20220523|115856|8001573|20220523|125820|8001245|1|1250|0|      |20220523|20220523|0603|2022-06-03 07:03:18
441597|0000000638637444              |20220523|131106|030|675|0|30300091|130010013|130759821|1|20220523|110715|8002614|20220523|134448|8002132|1|1250|0|      |20220523|20220523|0603|2022-06-03 07:03:18
442007|0000000758064278              |20220523|190858|009|676|0|30300038|130010014|130753505|4|20220523|185857|8001500|~       |      |~      |1|750|0|      |20220523|~       |0603|2022-06-03 07:03:18
442009|0000000903931669              |20220523|072702|016|676|0|30300070|130010004|130752208|1|20220523|070314|8002307|~       |      |~      |1|1250|0|      |20220523|~       |0603|2022-06-03 07:03:18
442011|0000000741048316              |20220523|075354|004|676|0|30300070|130010004|130752254|1|20220523|071402|8002794|~       |      |~      |1|1250|0|      |20220523|~       |0603|2022-06-03 07:03:18
442013|0000000738851102              |20220523|072928|010|676|1|30300089|130010011|130759522|4|20220523|062050|8002891|~       |      |~      |1|0|0|      |20220523|~       |0603|2022-06-03 07:03:18
442015|0000000631998118              |20220523|082025|003|675|0|30300058|130010004|130752200|1|20220523|065658|8001983|~       |      |~      |1|1250|0|      |20220523|~       |0603|2022-06-03 07:03:18
442017|0000000743514020              |20220523|083411|020|675|0|30300058|130010004|130752220|1|20220523|070642|8001983|~       |      |~      |1|1250|0|      |20220523|~       |0603|2022-06-03 07:03:18
442019|0000000759436867              |20220523|134937|027|675|1|30300058|130010004|130752293|1|20220523|130706|8002620|~       |      |~      |1|0|0|      |20220523|~       |0603|2022-06-03 07:03:18
443432|0000000454868852              |20220523|083023|010|676|0|30300068|130010006|130752009|1|20220523|070025|8001263|20220523|085942|8001097|1|1250|0|      |20220523|20220523|0603|2022-06-03 07:03:18
443434|0000000771259043              |20220523|082621|027|675|0|30300080|130010009|130759130|1|20220523|054441|8001985|20220523|084236|8001453|1|1250|0|      |20220523|20220523|0603|2022-06-03 07:03:18
443436|0000000906559917              |20220523|090457|007|675|0|30300075|130010005|130759264|1|20220523|073421|8002625|20220523|091730|8001348|1|1250|0|      |20220523|20220523|0603|2022-06-03 07:03:18
443438|0000000764094555              |20220523|082329|004|676|0|30300041|130010012|130753324|1|20220523|072514|8002650|20220523|083154|8002994|1|1250|0|      |20220523|20220523|0603|2022-06-03 07:03:18
443440|0000000725449985              |20220523|082338|016|675|0|30300056|130010012|130753307|1|20220523|055540|8002582|20220523|084730|8001056|1|1250|0|      |20220523|20220523|0603|2022-06-03 07:03:18
443442|0000000767954941              |20220523|083621|001|675|0|30300056|130010012|130753325|1|20220523|060107|8001707|20220523|084510|8001488|1|1250|0|      |20220523|20220523|0603|2022-06-03 07:03:18
443444|0000000750891941              |20220523|090321|015|676|0|30300071|130010009|130759146|1|20220523|082146|8001587|20220523|091306|8002642|1|1250|0|      |20220523|20220523|0603|2022-06-03 07:03:18
443446|0000000778244297              |20220523|091639|018|676|0|30300071|130010009|130759107|1|20220523|090345|8002691|20220523|093501|8001991|1|1250|0|      |20220523|20220523|0603|2022-06-03 07:03:18
443448|0000000921266469              |20220523|185404|022|676|0|30300036|130010012|130753301|1|20220523|175314|8001587|20220523|190149|8002733|1|1250|0|      |20220523|20220523|0603|2022-06-03 07:03:18
443450|0000000903075978              |20220523|180945|012|676|0|30300041|130010012|130753305|1|20220523|135031|8002088|20220523|184657|8001032|1|1250|0|      |20220523|20220523|0603|2022-06-03 07:03:18
443452|0000000725819601              |20220523|185843|019|675|0|30300095|130010005|130759202|1|20220523|185457|8001493|20220523|190140|8002119|1|1250|0|      |20220523|20220523|0603|2022-06-03 07:03:18
443454|0000000774188740              |20220523|200257|023|675|0|30300080|130010009|130759145|1|20220523|133246|8001987|20220523|200750|8002465|1|1250|0|      |20220523|20220523|0603|2022-06-03 07:03:18
443456|0000000770480282              |20220523|065922|018|675|0|30300060|130010014|130753216|1|20220523|061614|8002279|20220523|073849|8001551|1|1250|0|      |20220523|20220523|0603|2022-06-03 07:03:18
443458|0000000441427439              |20220523|071709|020|675|0|30300062|130010008|130752705|1|20220523|064548|8002279|20220523|071833|8001949|1|1250|0|      |20220523|20220523|0603|2022-06-03 07:03:18
443865|0000000709153868              |20220523|083631|027|675|0|30300081|130010011|130759582|1|20220523|074300|8002616|20220523|090247|8002756|1|1250|0|      |20220523|20220523|0603|2022-06-03 07:03:18
443867|0000000731929291              |20220523|084926|015|676|0|30300054|130010007|130759355|1|20220523|082644|8002831|20220523|090606|8001089|1|1250|0|      |20220523|20220523|0603|2022-06-03 07:03:18
443869|0000000660940837              |20220523|091248|013|675|0|30300081|130010011|130759523|1|20220523|090501|8001259|20220523|093157|8002851|1|1250|0|      |20220523|20220523|0603|2022-06-03 07:03:18
443871|0000000764663243              |20220523|091806|006|675|0|30300083|130010001|130759771|1|20220523|061408|8001666|20220523|094225|8002290|1|1250|0|      |20220523|20220523|0603|2022-06-03 07:03:18
443873|0000000772043777              |20220523|091928|024|675|0|30300081|130010011|130759523|1|20220523|090501|8001060|20220523|093835|8001629|1|1250|0|      |20220523|20220523|0603|2022-06-03 07:03:18
443875|0000000724618496              |20220523|183142|013|676|0|30300054|130010007|130759340|1|20220523|182004|8002916|20220523|183820|8007246|1|1250|0|      |20220523|20220523|0603|2022-06-03 07:03:18
443877|0000000779603197              |20220523|183826|009|676|0|30300054|130010007|130759351|1|20220523|172555|8001707|20220523|184504|8002976|1|1250|0|      |20220523|20220523|0603|2022-06-03 07:03:18
443879|0000000669097321              |20220523|183641|005|675|0|30300062|130010008|130752131|1|20220523|180919|8006006|20220523|190901|8001855|1|1250|0|      |20220523|20220523|0603|2022-06-03 07:03:18
443881|0000000640423323              |20220523|190047|019|676|0|30300054|130010007|130759341|1|20220523|182638|8001261|20220523|191026|8001567|1|1250|0|      |20220523|20220523|0603|2022-06-03 07:03:18
443883|0000000642798963              |20220523|192758|023|675|0|30300067|130010001|130759402|1|20220523|183925|8001529|20220523|195735|8001651|1|1250|0|      |20220523|20220523|0603|2022-06-03 07:03:18
443885|0000000700383928              |20220523|195514|002|675|0|30300082|130010001|130759703|1|20220523|193900|8002425|20220523|200544|8001928|1|1250|0|      |20220523|20220523|0603|2022-06-03 07:03:18
443887|0000000771313042              |20220523|072733|019|676|0|30300093|130010004|130752225|1|20220523|053734|8002617|20220523|080251|8001555|1|1250|0|      |20220523|20220523|0603|2022-06-03 07:03:18
443889|0000000746692008              |20220523|055744|003|675|0|30300101|130010002|130752311|1|20220523|054402|8001081|20220523|061034|8002831|1|1250|0|      |20220523|20220523|0603|2022-06-03 07:03:18
444304|0000000743743456              |20220523|160317|011|676|0|30300041|130010012|130753303|1|20220523|132544|8002721|~       |      |~      |1|1250|0|      |20220523|~       |0603|2022-06-03 07:03:18
444306|0000000906525662              |20220523|174229|011|675|0|30300049|130010004|130752289|1|20220523|171112|8001929|~       |      |~      |1|1250|0|      |20220523|~       |0603|2022-06-03 07:03:18
444308|0000000776642407              |20220523|113405|020|675|1|30300055|130010014|130753208|1|20220523|082058|8001929|~       |      |~      |1|0|0|      |20220523|~       |0603|2022-06-03 07:03:18
444310|0000000747533753              |20220523|082957|006|675|1|30300055|130010014|130753210|1|20220523|072004|8001929|~       |      |~      |1|0|0|      |20220523|~       |0603|2022-06-03 07:03:18
444312|0000000726019206              |20220523|080345|030|675|0|30300049|130010004|130752233|1|20220523|060357|8001962|~       |      |~      |1|1250|0|      |20220523|~       |0603|2022-06-03 07:03:18
444314|0000000712467512              |20220523|200917|008|675|0|30300058|130010004|130752263|1|20220523|172417|8001875|~       |      |~      |1|1250|0|      |20220523|~       |0603|2022-06-03 07:03:18
444316|0000000644584782              |20220523|202734|001|832|0|30300128|130710001|130759912|1|20220523|041932|3062007|~       |      |~      |1|1700|0|      |20220523|~       |0603|2022-06-03 07:03:18
444318|0000000769136130              |20220523|205357|025|676|0|30300039|130010005|130759263|1|20220523|191804|8001713|~       |      |~      |1|1250|0|      |20220523|~       |0603|2022-06-03 07:03:18
444320|0000000649214508              |20220523|160241|011|675|0|30300091|130010013|130759811|1|20220523|142300|8001463|~       |      |~      |1|1250|0|      |20220523|~       |0603|2022-06-03 07:03:18
444322|0000000909985438              |20220523|163112|010|676|1|30300051|130010008|130752153|1|20220523|161117|8002330|~       |      |~      |1|0|0|      |20220523|~       |0603|2022-06-03 07:03:18
445774|0000000756817611              |20220523|180946|020|832|0|30300128|130710001|130759918|1|20220523|061643|8007296|20220523|182543|8007290|1|1700|300|      |20220523|20220523|0603|2022-06-03 07:03:18
445776|0000000667094265              |20220523|181001|012|832|0|30300128|130710001|130759918|1|20220523|061643|8007296|20220523|182544|8007290|1|1700|300|      |20220523|20220523|0603|2022-06-03 07:03:18
445778|0000000769098563              |20220523|181146|023|832|0|30300128|130710001|130759918|1|20220523|061643|8007294|20220523|182529|8007290|1|1700|300|      |20220523|20220523|0603|2022-06-03 07:03:18
445780|0000000918179025              |20220523|173604|010|832|0|30300128|130710001|130759918|1|20220523|061643|9007055|20220523|181448|8007292|1|1700|300|      |20220523|20220523|0603|2022-06-03 07:03:18
445782|0000000741321013              |20220523|175812|003|832|0|30300128|130710001|130759918|1|20220523|061643|3062007|20220523|182541|8007290|1|1700|300|      |20220523|20220523|0603|2022-06-03 07:03:18
445784|0000000743352816              |20220523|102524|014|832|0|30300128|130710001|130759918|1|20220523|061643|8007298|20220523|110308|8007270|1|1700|300|      |20220523|20220523|0603|2022-06-03 07:03:18
446191|0000000774753752              |20220523|223038|027|832|1|30300128|130710001|130759923|1|20220523|054348|3056002|20220523|232207|8007268|1|300|300|      |20220523|20220523|0603|2022-06-03 07:03:18
446193|0000000770099651              |20220523|210959|002|832|0|30300128|130710001|130759923|1|20220523|054348|8007053|20220523|212746|8007055|1|1700|300|      |20220523|20220523|0603|2022-06-03 07:03:18
446195|0000000779753828              |20220523|100950|026|832|0|30300128|130710001|130759923|1|20220523|054348|8007400|20220523|103934|8007055|1|1700|300|      |20220523|20220523|0603|2022-06-03 07:03:18
446197|0000000648630294              |20220523|102640|028|832|1|30300128|130710001|130759923|1|20220523|054348|8007452|20220523|103908|8007055|1|300|300|      |20220523|20220523|0603|2022-06-03 07:03:18
446199|0000000921229015              |20220523|093049|007|832|0|30300128|130710001|130759923|1|20220523|054348|8007412|20220523|101422|3053005|1|1700|300|      |20220523|20220523|0603|2022-06-03 07:03:18
446201|0000000739212192              |20220523|093556|026|832|0|30300128|130710001|130759923|1|20220523|054348|8007269|20220523|101425|3053005|1|1700|300|      |20220523|20220523|0603|2022-06-03 07:03:18
446203|0000000701852328              |20220523|104804|007|832|0|30300128|130710001|130759923|1|20220523|054348|9007055|20220523|110640|3056002|1|1700|300|      |20220523|20220523|0603|2022-06-03 07:03:18
446205|0000000756731617              |20220523|112240|003|832|0|30300128|130710001|130759923|1|20220523|054348|8007296|20220523|113845|8007290|1|1700|300|      |20220523|20220523|0603|2022-06-03 07:03:18
446207|0000000751958345              |20220523|080756|014|832|0|30300128|130710001|130759923|1|20220523|054348|8007292|20220523|082944|8007280|1|1700|300|      |20220523|20220523|0603|2022-06-03 07:03:18
446209|0000000726608916              |20220523|075409|019|832|0|30300128|130710001|130759923|1|20220523|054348|3053004|20220523|081857|8007290|1|1700|300|      |20220523|20220523|0603|2022-06-03 07:03:18
446211|0000000908945472              |20220523|080037|008|832|0|30300128|130710001|130759923|1|20220523|054348|8007298|20220523|083951|8001420|1|1700|300|      |20220523|20220523|0603|2022-06-03 07:03:18
446213|0000000601400213              |20220523|075156|019|832|0|30300128|130710001|130759923|1|20220523|054348|3062004|20220523|083959|8001420|1|1700|300|      |20220523|20220523|0603|2022-06-03 07:03:18
446215|0000000774751943              |20220523|075554|001|832|1|30300128|130710001|130759923|1|20220523|054348|8007057|20220523|082942|8007280|1|300|300|      |20220523|20220523|0603|2022-06-03 07:03:18
446217|0000000732303503              |20220523|074633|020|832|0|30300128|130710001|130759923|1|20220523|054348|3056002|20220523|082952|8007280|1|1700|300|      |20220523|20220523|0603|2022-06-03 07:03:18
446639|0000000676175965              |20220523|082942|026|675|1|30300145|130010014|130753601|1|20220523|081624|8002410|~       |      |~      |1|0|0|      |20220523|~       |0603|2022-06-03 07:03:18
446641|0000000702681326              |20220523|090116|015|675|1|30300081|130010011|130759533|1|20220523|061045|8001745|~       |      |~      |1|0|0|      |20220523|~       |0603|2022-06-03 07:03:18
446643|0000000763128309              |20220523|090535|031|676|0|30300090|130010005|130759215|1|20220523|084824|8001430|~       |      |~      |1|1250|0|      |20220523|~       |0603|2022-06-03 07:03:18
446645|0000000776927804              |20220523|090211|009|675|0|30300081|130010011|130759506|1|20220523|084928|8001060|~       |      |~      |1|1250|0|      |20220523|~       |0603|2022-06-03 07:03:18
446647|0000000758079719              |20220523|092705|022|675|0|30300091|130010013|130759821|1|20220523|073837|8001418|~       |      |~      |1|1250|0|      |20220523|~       |0603|2022-06-03 07:03:18
446649|0000000754758082              |20220523|100725|012|675|0|30300091|130010013|130759828|1|20220523|095756|8002130|~       |      |~      |1|1250|0|      |20220523|~       |0603|2022-06-03 07:03:18
446651|0000000746617510              |20220523|183512|015|676|0|30300086|130010013|130759874|1|20220523|182850|8005898|~       |      |~      |1|1250|0|      |20220523|~       |0603|2022-06-03 07:03:18
446653|0000000903385907              |20220523|184850|021|675|0|30300094|130010014|130753609|1|20220523|181147|8001288|~       |      |~      |1|1250|0|      |20220523|~       |0603|2022-06-03 07:03:18
446655|0000000701445955              |20220523|194911|005|675|0|30300095|130010005|130759202|1|20220523|185457|8002467|~       |      |~      |1|1250|0|      |20220523|~       |0603|2022-06-03 07:03:18
446657|0000000771506084              |20220523|122639|020|675|1|30300046|130010002|130752347|1|20220523|113026|8002722|~       |      |~      |1|0|0|      |20220523|~       |0603|2022-06-03 07:03:18
446659|0000000644674314              |20220523|123131|013|676|1|30300130|130010008|130752140|1|20220523|115423|8001349|~       |      |~      |1|0|0|      |20220523|~       |0603|2022-06-03 07:03:18
446661|0000000756114575              |20220523|223114|022|676|0|30300072|130010001|130759429|1|20220523|134552|8002453|~       |      |~      |1|1250|0|      |20220523|~       |0603|2022-06-03 07:03:18
446663|0000000741435861              |20220523|063352|004|676|0|30300054|130010007|130759358|1|20220523|061602|8002831|~       |      |~      |1|1250|0|      |20220523|~       |0603|2022-06-03 07:03:18
446665|0000000735569636              |20220523|073017|019|676|0|30300054|130010007|130759361|1|20220523|064855|8002556|~       |      |~      |1|1250|0|      |20220523|~       |0603|2022-06-03 07:03:18
446667|0000000662071435              |20220523|065642|015|675|0|30300055|130010014|130753221|1|20220523|064433|8006007|~       |      |~      |1|1250|0|      |20220523|~       |0603|2022-06-03 07:03:18
447122|0000000903410139              |20220523|200057|005|675|0|30300091|130010013|130759811|1|20220523|175029|8002615|~       |      |~      |1|1250|0|      |20220523|~       |0603|2022-06-03 07:03:18
447124|0000000764632175              |20220523|153647|007|675|0|30300081|130010011|130759570|1|20220523|140519|8002452|~       |      |~      |1|1250|0|      |20220523|~       |0603|2022-06-03 07:03:18
475857|0000000545510991              |20220523|182159|025|676|0|30300037|130010006|130752038|1|20220523|154805|8002720|20220523|185105|8005960|1|1250|0|      |20220523|20220523|0603|2022-06-03 07:03:19
475859|0000000280475407              |20220523|182107|007|675|0|30300066|130010015|130759620|1|20220523|175100|8002251|20220523|185800|8001847|1|1250|0|      |20220523|20220523|0603|2022-06-03 07:03:19
475861|0000000542911035              |20220523|192636|018|676|0|30300071|130010009|130759102|4|20220523|184724|8002230|20220523|193134|8002279|1|750|0|      |20220523|20220523|0603|2022-06-03 07:03:19
475863|0000000546579734              |20220523|074841|013|675|0|30300079|130010009|130759171|2|20220523|072543|8001653|20220523|075413|8001538|1|350|0|      |20220523|20220523|0603|2022-06-03 07:03:19
475865|0000000312253183              |20220523|080749|018|676|0|30300068|130010006|130752036|4|20220523|080428|8002101|20220523|081604|8001534|1|750|0|      |20220523|20220523|0603|2022-06-03 07:03:19
475867|0000000527907471              |20220523|081308|010|676|0|30300087|130010015|130759633|4|20220523|075958|8001241|20220523|085030|8002100|1|750|0|      |20220523|20220523|0603|2022-06-03 07:03:19
475869|0000000540234320              |20220523|082209|024|676|0|30300093|130010004|130752250|1|20220523|054836|8002658|20220523|084419|8002537|1|1250|0|      |20220523|20220523|0603|2022-06-03 07:03:19
475871|0000000302165056              |20220523|102932|005|675|0|30300067|130010001|130759412|1|20220523|100010|8001042|20220523|103228|8002822|1|1250|0|      |20220523|20220523|0603|2022-06-03 07:03:19
475873|0000000298675456              |20220523|090532|021|675|0|30300079|130010009|130759110|1|20220523|065925|8002995|20220523|091748|8002311|1|1250|0|      |20220523|20220523|0603|2022-06-03 07:03:19
476280|0000000520975813              |20220523|201645|015|674|0|30300104|130010002|130752303|1|20220523|201337|8002355|20220523|205213|8002453|1|1250|0|      |20220523|20220523|0603|2022-06-03 07:03:19
476282|0000000534041010              |20220523|121830|011|675|0|30300145|130010014|130753606|1|20220523|115532|8002397|20220523|122739|8001194|1|1250|0|      |20220523|20220523|0603|2022-06-03 07:03:19
476284|0000000510299556              |20220523|150557|002|675|0|30300077|130010006|130752064|1|20220523|145656|8001197|20220523|154012|8001418|1|1250|0|      |20220523|20220523|0603|2022-06-03 07:03:19
476286|0000000547751450              |20220523|162307|012|675|0|30300066|130010015|130759620|4|20220523|145041|8001538|20220523|164518|8001789|1|750|0|      |20220523|20220523|0603|2022-06-03 07:03:19
476288|0000000510524056              |20220523|161430|026|681|0|30300042|130010009|130759125|1|20220523|160028|8001409|20220523|163738|8001074|1|1250|0|      |20220523|20220523|0603|2022-06-03 07:03:19
476290|0000000546326710              |20220523|170209|017|676|0|30300051|130010008|130752108|4|20220523|164103|8001994|20220523|170905|8002454|1|750|0|      |20220523|20220523|0603|2022-06-03 07:03:19
476292|0000000525786639              |20220523|170623|017|675|0|30300079|130010009|130759138|1|20220523|150134|8002627|20220523|171411|8001365|1|1250|0|      |20220523|20220523|0603|2022-06-03 07:03:19
476294|0000000515981235              |20220523|175644|001|675|0|30300083|130010001|130759722|1|20220523|155012|8001791|20220523|180422|8002151|1|1250|0|      |20220523|20220523|0603|2022-06-03 07:03:19
476296|0000000171772231              |20220523|181859|001|675|0|30300065|130010004|130752267|1|20220523|131522|8001044|20220523|182923|8002728|1|1250|0|      |20220523|20220523|0603|2022-06-03 07:03:19
476298|0000000510622843              |20220523|053839|019|676|0|30300036|130010012|130753301|1|20220523|053547|8001365|20220523|054827|8002330|1|1250|0|      |20220523|20220523|0603|2022-06-03 07:03:19
476300|0000000549152413              |20220523|072653|020|676|0|30300043|130010015|130759640|4|20220523|054547|8001243|20220523|073743|8001428|1|750|0|      |20220523|20220523|0603|2022-06-03 07:03:19
476302|0000000542477175              |20220523|074048|030|675|0|30300062|130010008|130752133|1|20220523|064740|8001654|20220523|074756|8001828|1|1250|0|      |20220523|20220523|0603|2022-06-03 07:03:19
476304|0000000545845244              |20220523|080417|020|675|0|30300055|130010014|130753227|4|20220523|071830|8001547|20220523|081225|8002488|1|750|0|      |20220523|20220523|0603|2022-06-03 07:03:19
476306|0000000516895963              |20220523|094819|027|677|0|30300098|130010011|130759579|1|20220523|093418|8001178|20220523|095949|8002131|1|1250|0|      |20220523|20220523|0603|2022-06-03 07:03:19
476713|0000000534097492              |20220523|070507|005|676|0|30300041|130010012|130753321|4|20220523|065348|8005990|20220523|070628|8070027|1|750|0|      |20220523|20220523|0603|2022-06-03 07:03:19
476715|0000000536644629              |20220523|081026|013|675|0|30300081|130010011|130759515|4|20220523|060617|8002615|20220523|082441|8001203|1|750|0|      |20220523|20220523|0603|2022-06-03 07:03:19
476717|0000000535822229              |20220523|072247|013|678|0|30300074|130010014|130753222|4|20220523|053826|8002829|20220523|074104|8002934|1|750|0|      |20220523|20220523|0603|2022-06-03 07:03:19
476719|0000000305523218              |20220523|083355|022|675|0|30300055|130010014|130753238|1|20220523|080233|8001612|20220523|085213|8002357|1|1250|0|      |20220523|20220523|0603|2022-06-03 07:03:19
476721|0000000535565205              |20220523|081524|002|676|0|30300068|130010006|130752032|1|20220523|071546|8002228|20220523|084442|8003102|1|1250|0|      |20220523|20220523|0603|2022-06-03 07:03:19
476723|0000000521770370              |20220523|091253|013|675|0|30300058|130010004|130752255|1|20220523|084602|8002947|20220523|093145|8001875|1|1250|0|      |20220523|20220523|0603|2022-06-03 07:03:19
476725|0000000280221314              |20220523|091758|030|675|0|30300082|130010001|130759772|1|20220523|090732|8002449|20220523|095253|8001934|1|1250|0|      |20220523|20220523|0603|2022-06-03 07:03:19
476727|0000000536545408              |20220523|102948|016|675|0|30300065|130010004|130752277|1|20220523|060209|8003011|20220523|104940|8001876|1|1250|0|      |20220523|20220523|0603|2022-06-03 07:03:19
476729|0000000517185096              |20220523|113002|010|675|0|30300060|130010014|130753523|1|20220523|070110|8001868|20220523|114156|8002279|1|1250|0|      |20220523|20220523|0603|2022-06-03 07:03:19
476731|0000000529468035              |20220523|122413|018|675|0|30300046|130010002|130752379|1|20220523|111436|8001273|20220523|124523|8007163|1|1250|0|      |20220523|20220523|0603|2022-06-03 07:03:19
476733|0000000279158343              |20220523|115924|031|675|0|30300049|130010004|130752237|1|20220523|111929|8001262|20220523|120648|8001060|1|1250|0|      |20220523|20220523|0603|2022-06-03 07:03:19
476735|0000000539056297              |20220523|121255|002|675|0|30300045|130010006|130759003|1|20220523|114802|8003043|20220523|123454|8002960|1|1250|0|      |20220523|20220523|0603|2022-06-03 07:03:19
476737|0000000547140594              |20220523|212602|002|676|0|30300090|130010005|130759207|1|20220523|200045|8001641|20220523|213640|8002412|1|1250|0|      |20220523|20220523|0603|2022-06-03 07:03:19
477144|0000000539968779              |20220523|095037|013|675|0|30300056|130010012|130753315|1|20220523|052921|8003100|20220523|095556|8007482|1|1250|0|      |20220523|20220523|0603|2022-06-03 07:03:19
466914|0000000544699126              |20220523|121615|031|675|0|30300047|130010001|130759705|1|20220523|113840|8003101|20220523|123151|8001488|1|1250|0|      |20220523|20220523|0603|2022-06-03 07:03:19
466916|0000000131118591              |20220523|140538|029|675|0|30300079|130010009|130759171|1|20220523|134619|8001854|20220523|142349|8002995|1|1250|0|      |20220523|20220523|0603|2022-06-03 07:03:19
466918|0000000543456846              |20220523|145622|011|675|0|30300101|130010002|130752320|2|20220523|130407|8001156|20220523|153745|8002089|1|350|0|      |20220523|20220523|0603|2022-06-03 07:03:19
466920|0000000536597730              |20220523|154108|008|675|0|30300077|130010006|130752051|1|20220523|150104|8001935|20220523|161415|8001060|1|1250|0|      |20220523|20220523|0603|2022-06-03 07:03:19
466922|0000000545636517              |20220523|163317|004|675|0|30300079|130010009|130759134|1|20220523|154648|8001539|20220523|164046|8001485|1|1250|0|      |20220523|20220523|0603|2022-06-03 07:03:19
466924|0000000531519871              |20220523|155608|010|678|0|30300074|130010014|130753248|1|20220523|153031|8002972|20220523|160417|8001420|1|1250|0|      |20220523|20220523|0603|2022-06-03 07:03:19
466926|0000000511943030              |20220523|173419|001|676|0|30300051|130010008|130752103|1|20220523|155933|8001096|20220523|174231|8001876|1|1250|0|      |20220523|20220523|0603|2022-06-03 07:03:19
466928|0000000166062144              |20220523|172335|001|680|0|30300052|130010002|130752323|1|20220523|163514|8001525|20220523|174316|8001934|1|1250|0|      |20220523|20220523|0603|2022-06-03 07:03:19
466930|0000000294994022              |20220523|171511|023|676|0|30300086|130010013|130759823|1|20220523|152800|8001996|20220523|180113|8001631|1|1250|0|      |20220523|20220523|0603|2022-06-03 07:03:19
466932|0000000514077648              |20220523|055359|015|675|0|30300083|130010001|130759426|1|20220523|054246|8001932|20220523|062048|8002032|1|1250|0|      |20220523|20220523|0603|2022-06-03 07:03:19
466934|0000000544660404              |20220523|074807|008|676|0|30300130|130010008|130752719|2|20220523|060250|8002823|20220523|075324|8002297|1|350|0|      |20220523|20220523|0603|2022-06-03 07:03:19
467341|0000000543582026              |20220523|152214|015|676|0|30300088|130010006|130752016|2|20220523|144317|8001200|20220523|162624|8002948|1|350|0|      |20220523|20220523|0603|2022-06-03 07:03:19
467343|0000000543704499              |20220523|161016|008|675|0|30300050|130010007|130759372|4|20220523|155915|8005860|20220523|162133|8002376|1|750|0|      |20220523|20220523|0603|2022-06-03 07:03:19
467345|0000000517842725              |20220523|162738|026|675|0|30300065|130010004|130752203|2|20220523|161107|8005874|20220523|163458|8005870|1|350|0|      |20220523|20220523|0603|2022-06-03 07:03:19
467347|0000000546488516              |20220523|170905|023|675|0|30300049|130010004|130752286|4|20220523|163723|8002433|20220523|174225|8001056|1|750|0|      |20220523|20220523|0603|2022-06-03 07:03:19
467349|0000000538099981              |20220523|172640|028|675|0|30300055|130010014|130753252|1|20220523|151401|8001934|20220523|174548|8001414|1|1250|0|      |20220523|20220523|0603|2022-06-03 07:03:19
467351|0000000119155451              |20220523|183500|011|676|0|30300041|130010012|130753316|1|20220523|161447|8001400|20220523|184348|8001534|1|1250|0|      |20220523|20220523|0603|2022-06-03 07:03:19
467353|0000000538497687              |20220523|181356|020|676|0|30300054|130010007|130759353|4|20220523|180100|8001556|20220523|183816|8001312|1|750|0|      |20220523|20220523|0603|2022-06-03 07:03:19
467355|0000000095849624              |20220523|183930|010|675|0|30300049|130010004|130752248|1|20220523|151607|8001204|20220523|185312|8002965|1|1250|0|      |20220523|20220523|0603|2022-06-03 07:03:19
467357|0000000540971765              |20220523|072345|028|675|0|30300065|130010004|130752242|4|20220523|051850|8007017|20220523|075044|8001087|1|750|0|      |20220523|20220523|0603|2022-06-03 07:03:19
467359|0000000313670566              |20220523|081238|007|676|0|30300041|130010012|130753310|1|20220523|075256|8001096|20220523|083741|8002969|1|1250|0|      |20220523|20220523|0603|2022-06-03 07:03:19
467361|0000000102201894              |20220523|110632|018|675|0|30300081|130010011|130759515|1|20220523|090704|8002218|20220523|111220|8002426|1|1250|0|      |20220523|20220523|0603|2022-06-03 07:03:19
467363|0000000545106595              |20220523|120649|001|675|0|30300055|130010014|130753204|1|20220523|111655|8002340|20220523|122741|8001536|1|1250|0|      |20220523|20220523|0603|2022-06-03 07:03:19
467365|0000000534343634              |20220523|205645|027|675|0|30300049|130010004|130752206|1|20220523|195209|8001940|20220523|211054|8001791|1|1250|0|      |20220523|20220523|0603|2022-06-03 07:03:19
467772|0000000536519316              |20220523|145557|001|676|0|30300093|130010004|130752225|1|20220523|141154|8002608|20220523|150229|8001399|1|1250|0|      |20220523|20220523|0603|2022-06-03 07:03:19
467774|0000000522441525              |20220523|151444|018|674|0|30300002|130010007|130759323|1|20220523|142226|8002609|20220523|152017|8001096|1|1250|0|      |20220523|20220523|0603|2022-06-03 07:03:19
467776|0000000522633213              |20220523|160531|002|675|0|30300065|130010004|130752281|2|20220523|154340|8002443|20220523|161928|8005870|1|350|0|      |20220523|20220523|0603|2022-06-03 07:03:19
467778|0000000264464443              |20220523|163221|001|676|0|30300037|130010006|130752073|1|20220523|153120|8001097|20220523|163834|8001037|1|1250|0|      |20220523|20220523|0603|2022-06-03 07:03:19
467780|0000000527043498              |20220523|163718|017|674|0|30300002|130010007|130759334|1|20220523|161125|8002133|20220523|171521|8001994|1|1250|0|      |20220523|20220523|0603|2022-06-03 07:03:19
467782|0000000319993725              |20220523|165746|022|676|0|30300037|130010006|130752011|4|20220523|124019|8001877|20220523|170229|8002973|1|750|0|      |20220523|20220523|0603|2022-06-03 07:03:19
467784|0000000520960227              |20220523|163225|015|675|0|30300053|130010002|130752328|4|20220523|154452|8001237|20220523|163515|8001950|1|750|0|      |20220523|20220523|0603|2022-06-03 07:03:19
467786|0000000301562332              |20220523|171629|002|680|0|30300052|130010006|130752003|4|20220523|162104|8001944|20220523|172158|8002177|1|750|0|      |20220523|20220523|0603|2022-06-03 07:03:19
467788|0000000171820227              |20220523|162131|029|678|0|30300074|130010014|130753614|1|20220523|152834|8001412|20220523|163646|8007369|1|1250|0|      |20220523|20220523|0603|2022-06-03 07:03:19
467790|0000000540442470              |20220523|185031|019|676|0|30300130|130010008|130752720|4|20220523|183944|8005988|20220523|190754|8002330|1|750|0|      |20220523|20220523|0603|2022-06-03 07:03:19
467792|0000000299881936              |20220523|065526|030|674|0|30300002|130010007|130759334|1|20220523|062317|8002611|20220523|071756|8001242|1|1250|0|      |20220523|20220523|0603|2022-06-03 07:03:19
467794|0000000503996232              |20220523|075717|007|675|0|30300066|130010015|130759687|2|20220523|075126|8001827|20220523|081408|8005561|1|350|0|      |20220523|20220523|0603|2022-06-03 07:03:19
467796|0000000126732586              |20220523|065413|009|675|0|30300058|130010004|130752278|1|20220523|064631|8001983|20220523|075140|8070007|1|1250|0|      |20220523|20220523|0603|2022-06-03 07:03:19
459684|0000000608245178              |20220523|103310|005|675|1|30300065|130010004|130752267|1|20220523|095906|8001421|20220523|110633|8001834|1|0|0|      |20220523|20220523|0603|2022-06-03 07:03:19
459686|0000000725717121              |20220523|114613|015|675|1|30300076|130010014|130753615|1|20220523|111559|8005994|20220523|123528|8007074|1|0|0|      |20220523|20220523|0603|2022-06-03 07:03:19
459688|0000000601802467              |20220523|123953|002|675|1|30300059|130010004|130752204|1|20220523|122141|8002227|20220523|124303|8001355|1|0|0|      |20220523|20220523|0603|2022-06-03 07:03:19
459690|0000000708501022              |20220523|082945|026|675|1|30300145|130010014|130753601|1|20220523|081624|8002410|20220523|083252|8002492|1|0|0|      |20220523|20220523|0603|2022-06-03 07:03:19
459692|0000000743284829              |20220523|081918|031|680|1|30300012|130010004|130752227|1|20220523|081137|8001490|20220523|084648|8003036|1|0|0|      |20220523|20220523|0603|2022-06-03 07:03:19
459694|0000000642945303              |20220523|100452|029|675|1|30300101|130010002|130752311|1|20220523|092846|8002542|20220523|101813|8005532|1|0|0|      |20220523|20220523|0603|2022-06-03 07:03:19
459696|0000000745239898              |20220523|091822|019|675|1|30300059|130010004|130752246|1|20220523|053650|8001587|20220523|092732|8001930|1|0|0|      |20220523|20220523|0603|2022-06-03 07:03:19
459698|0000000725541284              |20220523|185258|011|675|1|30300076|130010014|130753239|1|20220523|184424|8001261|20220523|190635|8001718|1|0|0|      |20220523|20220523|0603|2022-06-03 07:03:19
459700|0000000741045836              |20220523|185447|001|675|1|30300059|130010004|130752274|1|20220523|184557|8006006|20220523|191722|8001539|1|0|0|      |20220523|20220523|0603|2022-06-03 07:03:19
459702|0000000921146416              |20220523|070300|018|675|0|30300095|130010005|130759229|4|20220523|045431|8001736|20220523|072136|8002703|1|750|0|      |20220523|20220523|0603|2022-06-03 07:03:19
459704|0000000766061711              |20220523|074611|001|675|1|30300149|130810001|130753620|1|20220523|063625|8001192|20220523|075558|8007520|1|0|0|      |20220523|20220523|0603|2022-06-03 07:03:19
459706|0000000711136686              |20220523|142832|024|676|2|30300039|130010005|130759212|1|20220523|140746|8002967|20220523|143524|8001923|1|0|0|      |20220523|20220523|0603|2022-06-03 07:03:19
459708|0000000635740214              |20220523|204022|015|675|1|30300050|130010007|130759309|1|20220523|201502|8002973|20220523|204313|8002402|1|0|0|      |20220523|20220523|0603|2022-06-03 07:03:19
460128|0000000648563198              |20220523|164608|021|676|0|30300051|130010008|130752107|1|20220523|161832|8001117|20220523|165849|8002118|1|1250|0|      |20220523|20220523|0603|2022-06-03 07:03:19
460130|0000000601785851              |20220523|174025|005|676|0|30300089|130010011|130759574|1|20220523|155656|8001990|20220523|174613|8001420|1|1250|0|      |20220523|20220523|0603|2022-06-03 07:03:19
460132|0000000723061247              |20220523|175721|016|676|0|30300089|130010011|130759536|1|20220523|152009|8002636|20220523|180630|8002756|1|1250|0|      |20220523|20220523|0603|2022-06-03 07:03:19
460134|0000000912705533              |20220523|182907|021|676|0|30300041|130010012|130753313|1|20220523|182206|8005991|20220523|185003|8007325|1|1250|0|      |20220523|20220523|0603|2022-06-03 07:03:19
460136|0000000703279250              |20220523|131529|025|676|0|30300072|130010001|130759435|1|20220523|112517|8001575|20220523|132014|8001005|1|1250|0|      |20220523|20220523|0603|2022-06-03 07:03:19
460138|0000000754739739              |20220523|212342|011|676|0|30300041|130010012|130753377|1|20220523|203043|8002650|20220523|213323|8001097|1|1250|0|      |20220523|20220523|0603|2022-06-03 07:03:19
460140|0000000646772237              |20220523|223722|017|676|0|30300041|130010012|130753320|1|20220523|214103|8001097|20220523|224148|8001401|1|1250|0|      |20220523|20220523|0603|2022-06-03 07:03:19
460142|0000000665020078              |20220523|095822|027|676|0|30300051|130010008|130752107|1|20220523|093551|8001369|20220523|100717|8002547|1|1250|0|      |20220523|20220523|0603|2022-06-03 07:03:19
460144|0000000655955068              |20220523|105311|027|676|0|30300089|130010011|130759531|1|20220523|094056|8002929|20220523|111110|8001556|1|1250|0|      |20220523|20220523|0603|2022-06-03 07:03:19
460146|0000000669051798              |20220523|113727|014|676|0|30300051|130010008|130752153|1|20220523|112220|8001289|20220523|120704|8001934|1|1250|0|      |20220523|20220523|0603|2022-06-03 07:03:19
460148|0000000911323935              |20220523|080934|021|676|0|30300051|130010008|130752153|1|20220523|074935|8001373|20220523|082749|8001489|1|1250|0|      |20220523|20220523|0603|2022-06-03 07:03:19
460150|0000000700938261              |20220523|083850|025|676|0|30300087|130010008|130752157|1|20220523|080958|8001491|20220523|090805|8002088|1|1250|0|      |20220523|20220523|0603|2022-06-03 07:03:19
460152|0000000721883433              |20220523|075946|029|676|0|30300089|130010011|130759577|1|20220523|055419|8002934|20220523|082644|8002969|1|1250|0|      |20220523|20220523|0603|2022-06-03 07:03:19
460559|0000000666267171              |20220523|135729|021|676|0|30300131|130010008|130752723|1|20220523|121629|8001289|20220523|142702|8001089|1|1250|0|      |20220523|20220523|0603|2022-06-03 07:03:19
460561|0000000644584193              |20220523|143054|020|676|0|30300130|130010008|130752148|1|20220523|133737|8005989|20220523|144025|8002824|1|1250|0|      |20220523|20220523|0603|2022-06-03 07:03:19
460563|0000000759455385              |20220523|201717|001|676|0|30300069|130010001|130759715|1|20220523|200432|8001096|20220523|204249|8001942|1|1250|0|      |20220523|20220523|0603|2022-06-03 07:03:19
460565|0000000760647286              |20220523|202350|022|676|0|30300068|130010006|130752052|1|20220523|201810|8003101|20220523|210158|8001097|1|1250|0|      |20220523|20220523|0603|2022-06-03 07:03:19
460567|0000000756835734              |20220523|151113|025|676|0|30300130|130010008|130752139|1|20220523|143650|8001413|20220523|152136|8002340|1|1250|0|      |20220523|20220523|0603|2022-06-03 07:03:19
460569|0000000724168156              |20220523|155638|011|676|0|30300088|130010002|130752338|1|20220523|153131|8001759|20220523|160651|8002402|1|1250|0|      |20220523|20220523|0603|2022-06-03 07:03:19
460571|0000000667746705              |20220523|162736|001|676|0|30300090|130010005|130759206|1|20220523|150351|8001641|20220523|164201|8002997|1|1250|0|      |20220523|20220523|0603|2022-06-03 07:03:19
460573|0000000760849276              |20220523|173952|031|676|0|30300090|130010005|130759207|1|20220523|164838|8003008|20220523|174726|8001296|1|1250|0|      |20220523|20220523|0603|2022-06-03 07:03:19
460575|0000000757831846              |20220523|172736|002|676|0|30300130|130010008|130752149|1|20220523|170212|8002345|20220523|173803|8002330|1|1250|0|      |20220523|20220523|0603|2022-06-03 07:03:19
460577|0000000758346516              |20220523|175045|019|676|0|30300043|130010015|130759632|1|20220523|172320|8002554|20220523|180707|8002650|1|1250|0|      |20220523|20220523|0603|2022-06-03 07:03:19
460579|0000000669376294              |20220523|132146|031|676|0|30300036|130010012|130753333|1|20220523|123052|8001091|20220523|133821|8002722|1|1250|0|      |20220523|20220523|0603|2022-06-03 07:03:19
480412|0000000547484032              |20220523|180503|011|676|0|30300089|130010011|130759517|4|20220523|161502|8001876|20220523|180737|8001420|1|750|0|      |20220523|20220523|0603|2022-06-03 07:03:19
480414|0000000549151114              |20220523|173147|008|676|0|30300037|130010006|130759021|1|20220523|145615|8002412|20220523|183008|8002358|1|1250|0|      |20220523|20220523|0603|2022-06-03 07:03:19
480416|0000000541016163              |20220523|184951|030|680|0|30300052|130010006|130752019|4|20220523|164610|8005632|20220523|185510|8005112|1|750|0|      |20220523|20220523|0603|2022-06-03 07:03:19
480418|0000000527189567              |20220523|192241|029|675|0|30300055|130010014|130753212|4|20220523|190224|8001667|20220523|195934|8001611|1|750|0|      |20220523|20220523|0603|2022-06-03 07:03:19
480420|0000000519598807              |20220523|073653|022|676|0|30300037|130010006|130759004|4|20220523|052007|8002658|20220523|074558|8002075|1|750|0|      |20220523|20220523|0603|2022-06-03 07:03:19
480422|0000000278640245              |20220523|080924|006|675|0|30300055|130010014|130753227|1|20220523|071830|8002339|20220523|081229|8002488|1|1250|0|      |20220523|20220523|0603|2022-06-03 07:03:19
480424|0000000545076401              |20220523|091845|001|676|0|30300072|130010001|130759711|1|20220523|081625|8001421|20220523|093655|8005989|1|1250|0|      |20220523|20220523|0603|2022-06-03 07:03:19
480426|0000000540232939              |20220523|092251|013|675|0|30300095|130010011|130759525|1|20220523|051951|8001238|20220523|094425|8002978|1|1250|0|      |20220523|20220523|0603|2022-06-03 07:03:19
480428|0000000515607727              |20220523|104033|029|675|0|30300050|130010007|130759350|4|20220523|093659|8002054|20220523|105206|8001318|1|750|0|      |20220523|20220523|0603|2022-06-03 07:03:19
480430|0000000110480714              |20220523|102749|030|675|0|30300055|130010014|130753205|1|20220523|060403|8001612|20220523|103111|8001403|1|1250|0|      |20220523|20220523|0603|2022-06-03 07:03:19
480432|0000000279288509              |20220523|102226|015|676|0|30300037|130010006|130759017|1|20220523|093846|8002235|20220523|102702|8002906|1|1250|0|      |20220523|20220523|0603|2022-06-03 07:03:19
480434|0000000091792434              |20220523|103120|010|681|0|30300006|130010002|130752318|1|20220523|102850|8001493|20220523|104307|8001030|1|1250|0|      |20220523|20220523|0603|2022-06-03 07:03:19
480436|0000000092563565              |20220523|101504|007|675|0|30300055|130010014|130753205|1|20220523|060403|8001203|20220523|103627|8002339|1|1250|0|      |20220523|20220523|0603|2022-06-03 07:03:19
480708|0000000301550300              |20220523|083542|019|675|0|30300055|130010014|130753238|1|20220523|080233|8002893|20220523|085013|8001348|1|1250|0|      |20220523|20220523|0603|2022-06-03 07:03:19
480710|0000000545788223              |20220523|081540|005|674|0|30300002|130010007|130759308|1|20220523|080925|8001178|20220523|083605|8002131|1|1250|0|      |20220523|20220523|0603|2022-06-03 07:03:19
480712|0000000535075406              |20220523|090424|007|675|0|30300075|130010005|130759203|1|20220523|080518|8002299|20220523|091714|8005883|1|1250|0|      |20220523|20220523|0603|2022-06-03 07:03:19
480714|0000000310642757              |20220523|094736|014|675|0|30300091|130010013|130759821|1|20220523|073837|8002946|20220523|095430|8002426|1|1250|0|      |20220523|20220523|0603|2022-06-03 07:03:19
480716|0000000549415110              |20220523|105045|009|674|0|30300002|130010007|130759311|1|20220523|102911|8002437|20220523|114040|8001631|1|1250|0|      |20220523|20220523|0603|2022-06-03 07:03:19
480718|0000000165989915              |20220523|220512|012|675|0|30300055|130010014|130753252|4|20220523|184541|8001611|20220523|220921|8002064|1|750|0|      |20220523|20220523|0603|2022-06-03 07:03:19
480720|0000000547460285              |20220523|202345|011|674|0|30300002|130010007|130759334|4|20220523|201350|8002909|20220523|203203|8002131|1|750|0|      |20220523|20220523|0603|2022-06-03 07:03:19
480722|0000000544631231              |20220523|140653|025|675|0|30300064|130010015|130759686|1|20220523|140515|8002651|20220523|141207|8001980|1|1250|0|      |20220523|20220523|0603|2022-06-03 07:03:19
480724|0000000542089245              |20220523|135908|001|676|0|30300037|130010006|130759016|1|20220523|134331|8002343|20220523|140251|8001036|1|1250|0|      |20220523|20220523|0603|2022-06-03 07:03:19
480726|0000000544633037              |20220523|144117|028|675|0|30300058|130010004|130752291|2|20220523|140334|8001929|20220523|150629|8005913|1|350|0|      |20220523|20220523|0603|2022-06-03 07:03:19
480728|0000000541027214              |20220523|144034|022|676|0|30300037|130010006|130752038|1|20220523|141721|8002412|20220523|150016|8001005|1|1250|0|      |20220523|20220523|0603|2022-06-03 07:03:19
480730|0000000535768600              |20220523|133336|006|675|0|30300077|130010006|130752054|1|20220523|121140|8001197|20220523|140312|8002995|1|1250|0|      |20220523|20220523|0603|2022-06-03 07:03:19
480732|0000000516000320              |20220523|153958|001|676|0|30300037|130010006|130752011|1|20220523|124019|8005921|20220523|154210|8002721|1|1250|0|      |20220523|20220523|0603|2022-06-03 07:03:19
480734|0000000171092940              |20220523|162025|019|675|0|30300053|130010002|130752377|1|20220523|161517|8001141|20220523|162801|8001915|1|1250|0|      |20220523|20220523|0603|2022-06-03 07:03:19
481033|0000000536449510              |20220523|120829|023|675|0|30300055|130010014|130753205|1|20220523|060403|8002887|20220523|122344|8002343|1|1250|0|      |20220523|20220523|0603|2022-06-03 07:03:19
481035|0000000316051558              |20220523|202311|001|675|0|30300058|130010004|130752291|1|20220523|193849|8001418|20220523|204248|8002066|1|1250|0|      |20220523|20220523|0603|2022-06-03 07:03:19
481037|0000000535499729              |20220523|141559|022|676|0|30300087|130010015|130759610|1|20220523|132336|8002087|20220523|144233|8001730|1|1250|0|      |20220523|20220523|0603|2022-06-03 07:03:19
481039|0000000520886246              |20220523|145034|002|676|0|30300054|130010007|130759352|4|20220523|141803|8001922|20220523|145216|8001922|1|750|0|      |20220523|20220523|0603|2022-06-03 07:03:19
481041|0000000544080952              |20220523|155427|016|675|0|30300079|130010009|130759171|1|20220523|153302|8001366|20220523|155946|8002454|1|1250|0|      |20220523|20220523|0603|2022-06-03 07:03:19
481043|0000000545683032              |20220523|155818|003|676|0|30300037|130010006|130759016|1|20220523|155324|8002920|20220523|162051|8002997|1|1250|0|      |20220523|20220523|0603|2022-06-03 07:03:19
481045|0000000530909385              |20220523|160622|022|676|0|30300054|130010007|130759346|4|20220523|154311|8002977|20220523|162247|8001089|1|750|0|      |20220523|20220523|0603|2022-06-03 07:03:19
481047|0000000514840953              |20220523|155920|010|675|0|30300064|130010015|130759623|4|20220523|140551|8002833|20220523|161141|8001834|1|750|0|      |20220523|20220523|0603|2022-06-03 07:03:19
481049|0000000540346885              |20220523|163828|026|675|0|30300058|130010004|130752251|1|20220523|155438|8001929|20220523|165038|8001654|1|1250|0|      |20220523|20220523|0603|2022-06-03 07:03:19
481051|0000000547781956              |20220523|174142|031|675|0|30300058|130010004|130752288|1|20220523|170801|8002630|20220523|181025|8002706|1|1250|0|      |20220523|20220523|0603|2022-06-03 07:03:19
475950|0000000303151992              |20220523|124621|006|676|0|30300037|130010006|130752074|1|20220523|120112|8002316|20220523|130515|8003054|1|1250|0|      |20220523|20220523|0603|2022-06-03 07:03:19
475952|0000000510908559              |20220523|130227|009|676|0|30300089|130010011|130759527|1|20220523|095627|8005508|20220523|133007|8002134|1|1250|0|      |20220523|20220523|0603|2022-06-03 07:03:19
475954|0000000536244157              |20220523|141729|029|676|0|30300041|130010012|130753326|1|20220523|130720|8005921|20220523|142236|8002961|1|1250|0|      |20220523|20220523|0603|2022-06-03 07:03:19
476361|0000000170415891              |20220523|143740|014|674|0|30300002|130010007|130759325|1|20220523|143206|8001178|20220523|145727|8002131|1|1250|0|      |20220523|20220523|0603|2022-06-03 07:03:19
476363|0000000171776321              |20220523|164412|020|674|0|30300002|130010007|130759333|1|20220523|155105|8001430|20220523|171836|8001964|1|1250|0|      |20220523|20220523|0603|2022-06-03 07:03:19
476365|0000000294935168              |20220523|161237|004|676|0|30300054|130010007|130759353|1|20220523|155932|8002708|20220523|164243|8001567|1|1250|0|      |20220523|20220523|0603|2022-06-03 07:03:19
476367|0000000530939500              |20220523|160401|015|675|0|30300083|130010001|130759478|4|20220523|152709|8001790|20220523|163406|8001491|1|750|0|      |20220523|20220523|0603|2022-06-03 07:03:19
476369|0000000542465077              |20220523|175813|001|676|0|30300037|130010006|130759023|4|20220523|173004|8002340|20220523|181059|8001096|1|750|0|      |20220523|20220523|0603|2022-06-03 07:03:19
476371|0000000535226760              |20220523|181252|010|676|0|30300040|130010007|130759389|1|20220523|180801|8001891|20220523|183353|8001096|1|1250|0|      |20220523|20220523|0603|2022-06-03 07:03:19
476373|0000000131037388              |20220523|181444|005|676|0|30300038|130010014|130753524|1|20220523|175506|8001703|20220523|193648|8001553|1|1250|0|      |20220523|20220523|0603|2022-06-03 07:03:19
476375|0000000267158547              |20220523|070729|019|675|0|30300057|130010001|130759757|1|20220523|065034|8001827|20220523|072905|9001746|1|1250|0|      |20220523|20220523|0603|2022-06-03 07:03:19
476377|0000000531452026              |20220523|072214|012|675|0|30300067|130010001|130759777|4|20220523|070727|8001253|20220523|072938|8001467|1|750|0|      |20220523|20220523|0603|2022-06-03 07:03:19
476379|0000000129155180              |20220523|075952|006|680|0|30300010|130010002|130752560|1|20220523|054403|8002542|20220523|081718|8002526|1|1250|0|      |20220523|20220523|0603|2022-06-03 07:03:19
476381|0000000536859685              |20220523|074245|008|676|0|30300072|130010001|130759734|2|20220523|073401|8001060|20220523|075125|8002453|1|350|0|      |20220523|20220523|0603|2022-06-03 07:03:19
476383|0000000528826441              |20220523|094359|004|675|0|30300058|130010004|130752251|1|20220523|085705|8002605|20220523|095033|8002429|1|1250|0|      |20220523|20220523|0603|2022-06-03 07:03:19
476385|0000000536483080              |20220523|100220|015|677|0|30300129|130010009|130759101|1|20220523|095824|8002941|20220523|100710|8002722|1|1250|0|      |20220523|20220523|0603|2022-06-03 07:03:19
476387|0000000528747466              |20220523|114632|016|675|0|30300091|130010013|130759821|1|20220523|110715|8001722|20220523|121122|8001419|1|1250|0|      |20220523|20220523|0603|2022-06-03 07:03:19
476794|0000000124962539              |20220523|065209|001|675|0|30300047|130010001|130759705|1|20220523|062903|8070017|20220523|070838|8001851|1|1250|0|      |20220523|20220523|0603|2022-06-03 07:03:19
476796|0000000536246031              |20220523|071344|004|675|0|30300083|130010001|130759480|4|20220523|065607|8001352|20220523|073532|8002033|1|750|0|      |20220523|20220523|0603|2022-06-03 07:03:19
476798|0000000534057802              |20220523|065244|021|675|0|30300062|130010008|130752137|4|20220523|063007|8002844|20220523|070431|8001380|1|750|0|      |20220523|20220523|0603|2022-06-03 07:03:19
476800|0000000534185832              |20220523|074200|028|681|0|30300042|130010009|130759136|4|20220523|071350|8001074|20220523|075728|8002410|1|750|0|      |20220523|20220523|0603|2022-06-03 07:03:19
476802|0000000102455552              |20220523|102830|030|675|0|30300056|130010012|130753308|1|20220523|053430|8002916|20220523|103628|8002329|1|1250|0|      |20220523|20220523|0603|2022-06-03 07:03:19
476804|0000000537518096              |20220523|092042|002|676|0|30300087|130010008|130752150|1|20220523|062001|8003012|20220523|093848|8002134|1|1250|0|      |20220523|20220523|0603|2022-06-03 07:03:19
476806|0000000139740209              |20220523|113538|002|676|0|30300051|130010008|130752153|1|20220523|112220|8001291|20220523|114602|8001081|1|1250|0|      |20220523|20220523|0603|2022-06-03 07:03:19
476808|0000000534040056              |20220523|115948|013|674|0|30300104|130010002|130752303|1|20220523|115223|8002107|20220523|123125|8002453|1|1250|0|      |20220523|20220523|0603|2022-06-03 07:03:19
476810|0000000528291398              |20220523|130315|001|675|0|30300058|130010004|130752266|1|20220523|124807|8005895|20220523|134222|8002429|1|1250|0|      |20220523|20220523|0603|2022-06-03 07:03:19
476812|0000000540500345              |20220523|211627|028|675|0|30300049|130010004|130752287|4|20220523|204144|8001491|20220523|212835|8001589|1|750|0|      |20220523|20220523|0603|2022-06-03 07:03:19
476814|0000000274628200              |20220523|142637|016|675|0|30300055|130010014|130753212|1|20220523|133509|8001529|20220523|145034|8002685|1|1250|0|      |20220523|20220523|0603|2022-06-03 07:03:19
476816|0000000107567056              |20220523|151050|015|675|0|30300091|130010013|130759876|4|20220523|131427|8002946|20220523|152721|8002209|1|750|0|      |20220523|20220523|0603|2022-06-03 07:03:19
476818|0000000548521993              |20220523|162713|020|675|0|30300058|130010004|130752263|1|20220523|143546|8001085|20220523|163550|8007270|1|1250|0|      |20220523|20220523|0603|2022-06-03 07:03:19
477225|0000000545759846              |20220523|201226|029|676|0|30300090|130010005|130759260|1|20220523|152255|8005990|20220523|201804|8002997|1|1250|0|      |20220523|20220523|0603|2022-06-03 07:03:19
477227|0000000103006585              |20220523|211057|026|676|0|30300043|130010015|130759619|1|20220523|210802|8005587|20220523|212735|8001831|1|1250|0|      |20220523|20220523|0603|2022-06-03 07:03:19
477229|0000000292965325              |20220523|140551|028|676|0|30300087|130010015|130759631|1|20220523|134938|8002118|20220523|143318|8002088|1|1250|0|      |20220523|20220523|0603|2022-06-03 07:03:19
477231|0000000543109234              |20220523|133244|030|676|0|30300037|130010006|130752007|1|20220523|131711|8002343|20220523|133508|8001443|1|1250|0|      |20220523|20220523|0603|2022-06-03 07:03:19
477233|0000000510333633              |20220523|153322|010|675|0|30300095|130010011|130759525|4|20220523|132819|8001287|20220523|155340|8001498|1|750|0|      |20220523|20220523|0603|2022-06-03 07:03:19
477235|0000000516454793              |20220523|170423|003|676|0|30300088|130010002|130752338|1|20220523|153131|8002131|20220523|171030|8001969|1|1250|0|      |20220523|20220523|0603|2022-06-03 07:03:19
477237|0000000170410335              |20220523|165612|009|675|0|30300058|130010004|130752257|1|20220523|160909|8002620|20220523|171036|8007273|1|1250|0|      |20220523|20220523|0603|2022-06-03 07:03:19
466577|0000000776267412              |20220523|212244|030|675|0|30300081|130010011|130759506|1|20220523|203534|8002452|20220523|212500|8001058|1|1250|0|      |20220523|20220523|0603|2022-06-03 07:03:19
466579|0000000909787118              |20220523|152239|003|681|0|30300042|130010009|130759127|1|20220523|142928|8002278|20220523|152754|8002942|1|1250|0|      |20220523|20220523|0603|2022-06-03 07:03:19
466581|0000000767670981              |20220523|174053|007|675|0|30300083|130010001|130759722|1|20220523|155012|8001668|20220523|175349|8002696|1|1250|0|      |20220523|20220523|0603|2022-06-03 07:03:19
466583|0000000774124466              |20220523|122627|005|675|0|30300077|130010006|130752070|1|20220523|121349|8001495|20220523|124500|8002733|1|1250|0|      |20220523|20220523|0603|2022-06-03 07:03:19
466990|0000000510860621              |20220523|213827|002|676|0|30300040|130010013|130759802|1|20220523|205054|8002904|20220523|214511|8001097|1|1250|0|      |20220523|20220523|0603|2022-06-03 07:03:19
466992|0000000549505645              |20220523|140243|001|676|0|30300039|130010005|130759267|1|20220523|124029|8001569|20220523|140654|8001651|1|1250|0|      |20220523|20220523|0603|2022-06-03 07:03:19
466994|0000000536358622              |20220523|125953|006|678|0|30300074|130010014|130753237|1|20220523|053520|8001412|20220523|131902|8007371|1|1250|0|      |20220523|20220523|0603|2022-06-03 07:03:19
466996|0000000535402116              |20220523|145214|002|676|0|30300068|130010006|130752032|1|20220523|141419|8002231|20220523|145554|8002642|1|1250|0|      |20220523|20220523|0603|2022-06-03 07:03:19
466998|0000000538100102              |20220523|153023|026|676|0|30300089|130010011|130759531|4|20220523|141727|8001634|20220523|153402|8001631|1|750|0|      |20220523|20220523|0603|2022-06-03 07:03:19
467000|0000000532599946              |20220523|170121|028|676|0|30300037|130010006|130759016|1|20220523|155324|8001035|20220523|171524|8003054|1|1250|0|      |20220523|20220523|0603|2022-06-03 07:03:19
467002|0000000540002791              |20220523|154929|012|676|0|30300071|130010009|130759144|1|20220523|144732|8001791|20220523|155420|8002570|1|1250|0|      |20220523|20220523|0603|2022-06-03 07:03:19
467004|0000000541477186              |20220523|182432|004|675|0|30300076|130010014|130753270|1|20220523|141750|8001929|20220523|182517|8001935|1|1250|0|      |20220523|20220523|0603|2022-06-03 07:03:19
467006|0000000528854203              |20220523|181613|007|675|0|30300065|130010004|130752258|1|20220523|172411|8001418|20220523|183241|8001399|1|1250|0|      |20220523|20220523|0603|2022-06-03 07:03:19
467008|0000000511383467              |20220523|070830|022|675|0|30300056|130010012|130753374|4|20220523|064542|8002582|20220523|075008|8007481|1|750|0|      |20220523|20220523|0603|2022-06-03 07:03:19
467010|0000000542758821              |20220523|074739|003|676|0|30300130|130010008|130752720|4|20220523|073128|8001717|20220523|082602|8005989|1|750|0|      |20220523|20220523|0603|2022-06-03 07:03:19
467012|0000000544632338              |20220523|085525|018|676|0|30300086|130010013|130759820|1|20220523|083233|8002891|20220523|093655|8001096|1|1250|0|      |20220523|20220523|0603|2022-06-03 07:03:19
467014|0000000297300875              |20220523|104017|004|679|0|30300063|130010001|130759406|4|20220523|083437|8002350|20220523|110143|8002695|1|750|0|      |20220523|20220523|0603|2022-06-03 07:03:19
467421|0000000524334612              |20220523|161652|031|676|0|30300068|130010006|130759026|4|20220523|154422|8002726|20220523|163028|8001097|1|750|0|      |20220523|20220523|0603|2022-06-03 07:03:19
467423|0000000539558493              |20220523|173253|003|676|0|30300040|130010007|130759366|1|20220523|170456|8002905|20220523|174150|8002075|1|1250|0|      |20220523|20220523|0603|2022-06-03 07:03:19
467425|0000000531803131              |20220523|181323|014|675|0|30300049|130010004|130752206|4|20220523|155924|8002966|20220523|184745|8002997|1|750|0|      |20220523|20220523|0603|2022-06-03 07:03:19
467427|0000000539967363              |20220523|182848|030|674|0|30300002|130010007|130759318|1|20220523|171836|8001096|20220523|185406|8001964|1|1250|0|      |20220523|20220523|0603|2022-06-03 07:03:19
467429|0000000171907020              |20220523|065230|012|675|0|30300055|130010014|130753221|1|20220523|064433|8002018|20220523|071425|8001612|1|1250|0|      |20220523|20220523|0603|2022-06-03 07:03:19
467431|0000000176861332              |20220523|091627|024|676|0|30300093|130010004|130752225|1|20220523|083950|8002531|20220523|093805|8002607|1|1250|0|      |20220523|20220523|0603|2022-06-03 07:03:19
467433|0000000270210409              |20220523|090528|012|675|0|30300067|130010001|130759701|1|20220523|084227|8002446|20220523|092256|8001412|1|1250|0|      |20220523|20220523|0603|2022-06-03 07:03:19
467435|0000000539967261              |20220523|080246|016|676|0|30300070|130010004|130752228|1|20220523|075027|8002825|20220523|082227|8001412|1|1250|0|      |20220523|20220523|0603|2022-06-03 07:03:19
467437|0000000511165943              |20220523|094829|017|674|0|30300100|130010002|130752362|1|20220523|090219|8002114|20220523|102559|8002542|1|1250|0|      |20220523|20220523|0603|2022-06-03 07:03:19
467439|0000000313826041              |20220523|110414|003|676|0|30300040|130010007|130759367|1|20220523|105202|8001040|20220523|110820|8001096|1|1250|0|      |20220523|20220523|0603|2022-06-03 07:03:19
467441|0000000540002203              |20220523|105950|002|675|0|30300057|130010001|130759758|1|20220523|103328|8001747|20220523|110937|8002635|1|1250|0|      |20220523|20220523|0603|2022-06-03 07:03:19
467443|0000000507304235              |20220523|104541|029|676|0|30300088|130010002|130752317|1|20220523|103217|8001579|20220523|110522|8002412|1|1250|0|      |20220523|20220523|0603|2022-06-03 07:03:19
467445|0000000538355990              |20220523|215336|022|676|0|30300040|130010013|130759813|1|20220523|214047|8002960|20220523|220117|8001054|1|1250|0|      |20220523|20220523|0603|2022-06-03 07:03:19
467447|0000000546663642              |20220523|145435|025|676|0|30300068|130010006|130759026|4|20220523|144144|8002993|20220523|150900|8002778|1|750|0|      |20220523|20220523|0603|2022-06-03 07:03:19
469130|0000000548086087              |20220523|143724|005|674|0|30300100|130010002|130752381|2|20220523|130130|8001158|20220523|144726|8002677|1|350|0|      |20220523|20220523|0603|2022-06-03 07:03:19
469132|0000000521769228              |20220523|152948|011|676|0|30300070|130010004|130752224|1|20220523|144249|8002454|20220523|155327|8001049|1|1250|0|      |20220523|20220523|0603|2022-06-03 07:03:19
469134|0000000528219093              |20220523|164116|023|676|0|30300039|130010005|130759269|1|20220523|161126|8002399|20220523|165030|8001649|1|1250|0|      |20220523|20220523|0603|2022-06-03 07:03:19
469136|0000000511159142              |20220523|174829|013|675|0|30300077|130010006|130759018|1|20220523|173401|8001495|20220523|175740|8002434|1|1250|0|      |20220523|20220523|0603|2022-06-03 07:03:19
469138|0000000518670592              |20220523|184402|012|675|0|30300078|130010008|130752169|4|20220523|180049|8003006|20220523|185702|8001536|1|750|0|      |20220523|20220523|0603|2022-06-03 07:03:19
469140|0000000531888611              |20220523|190634|008|678|0|30300074|130010014|130753222|1|20220523|182517|8002571|20220523|190943|8002817|1|1250|0|      |20220523|20220523|0603|2022-06-03 07:03:19
460224|0000000757330928              |20220523|135652|004|676|0|30300054|130010007|130759384|1|20220523|131337|8002468|20220523|141105|8001707|1|1250|0|      |20220523|20220523|0603|2022-06-03 07:03:19
460226|0000000761720086              |20220523|134455|004|676|0|30300037|130010006|130752072|1|20220523|124409|8002558|20220523|135939|8002411|1|1250|0|      |20220523|20220523|0603|2022-06-03 07:03:19
460228|0000000755688664              |20220523|124512|017|676|0|30300037|130010006|130752050|1|20220523|110028|8001036|20220523|134613|8002921|1|1250|0|      |20220523|20220523|0603|2022-06-03 07:03:19
460230|0000000753270263              |20220523|200313|001|676|0|30300037|130010006|130759023|1|20220523|191427|8002920|20220523|201339|8002402|1|1250|0|      |20220523|20220523|0603|2022-06-03 07:03:19
460232|0000000910665001              |20220523|203410|021|676|0|30300069|130010001|130759409|1|20220523|200038|8002970|20220523|204610|8001039|1|1250|0|      |20220523|20220523|0603|2022-06-03 07:03:19
460234|0000000754705152              |20220523|204140|006|676|0|30300040|130010013|130759873|1|20220523|201921|8001063|20220523|205040|8002953|1|1250|0|      |20220523|20220523|0603|2022-06-03 07:03:19
460641|0000000722977616              |20220523|173704|027|676|0|30300039|130010005|130759262|1|20220523|173518|8003003|20220523|174430|8002973|1|1250|0|      |20220523|20220523|0603|2022-06-03 07:03:19
460643|0000000667576688              |20220523|180220|001|676|0|30300041|130010012|130753316|1|20220523|161447|8002894|20220523|180831|8001803|1|1250|0|      |20220523|20220523|0603|2022-06-03 07:03:19
460645|0000000760749435              |20220523|124121|020|676|0|30300040|130010007|130759380|1|20220523|120353|8002338|20220523|125314|8002904|1|1250|0|      |20220523|20220523|0603|2022-06-03 07:03:19
460647|0000000649888916              |20220523|123334|029|676|0|30300054|130010007|130759355|1|20220523|120118|8002814|20220523|130727|8001782|1|1250|0|      |20220523|20220523|0603|2022-06-03 07:03:19
460649|0000000606666459              |20220523|130858|016|676|0|30300041|130010012|130753312|1|20220523|103708|8002721|20220523|131838|8007556|1|1250|0|      |20220523|20220523|0603|2022-06-03 07:03:19
460651|0000000908387844              |20220523|131810|005|676|0|30300040|130010007|130759365|1|20220523|122106|8001097|20220523|132451|8001401|1|1250|0|      |20220523|20220523|0603|2022-06-03 07:03:19
460653|0000000646995792              |20220523|223935|023|676|0|30300040|130010013|130759804|1|20220523|203511|8002954|20220523|224719|8001062|1|1250|0|      |20220523|20220523|0603|2022-06-03 07:03:19
460655|0000000719062807              |20220523|214410|024|676|0|30300041|130010012|130753304|1|20220523|191543|8002378|20220523|215703|8003099|1|1250|0|      |20220523|20220523|0603|2022-06-03 07:03:19
460657|0000000754937960              |20220523|221345|019|676|0|30300054|130010007|130759353|1|20220523|214712|8001325|20220523|222221|8002468|1|1250|0|      |20220523|20220523|0603|2022-06-03 07:03:19
460659|0000000756311450              |20220523|103252|025|676|0|30300054|130010007|130759384|1|20220523|094955|8001055|20220523|104805|8002976|1|1250|0|      |20220523|20220523|0603|2022-06-03 07:03:19
460661|0000000717717764              |20220523|120512|001|676|0|30300040|130010013|130759804|1|20220523|103135|8001400|20220523|122950|8002075|1|1250|0|      |20220523|20220523|0603|2022-06-03 07:03:19
460663|0000000645213689              |20220523|081515|005|676|0|30300054|130010007|130759349|1|20220523|080043|8002708|20220523|082955|8001645|1|1250|0|      |20220523|20220523|0603|2022-06-03 07:03:19
460665|0000000717688990              |20220523|081031|018|676|0|30300037|130010006|130752024|1|20220523|072835|8002608|20220523|083907|8002721|1|1250|0|      |20220523|20220523|0603|2022-06-03 07:03:19
461072|0000000743329685              |20220523|201645|005|675|0|30300084|130010001|130759418|1|20220523|193400|8001749|20220523|202908|8002894|1|1250|0|      |20220523|20220523|0603|2022-06-03 07:03:19
461074|0000000777156997              |20220523|200640|014|675|0|30300058|130010004|130752292|1|20220523|125306|8002707|20220523|201425|8001854|1|1250|0|      |20220523|20220523|0603|2022-06-03 07:03:19
461076|0000000413070998              |20220523|210411|003|675|0|30300047|130010001|130759436|1|20220523|205601|8002721|20220523|211553|8007556|1|1250|0|      |20220523|20220523|0603|2022-06-03 07:03:19
461078|0000000904625815              |20220523|205415|026|675|0|30300059|130010004|130752218|1|20220523|203545|8001356|20220523|210937|8002453|1|1250|0|      |20220523|20220523|0603|2022-06-03 07:03:19
461080|0000000632544331              |20220523|151052|010|675|0|30300046|130010002|130752353|1|20220523|141206|8001526|20220523|151248|8001082|1|1250|0|      |20220523|20220523|0603|2022-06-03 07:03:19
461082|0000000903008330              |20220523|153741|002|675|0|30300079|130010009|130759111|1|20220523|133531|8002628|20220523|155831|8002312|1|1250|0|      |20220523|20220523|0603|2022-06-03 07:03:19
461084|0000000627707659              |20220523|154039|017|675|0|30300059|130010004|130752217|1|20220523|144542|8002968|20220523|155930|8001587|1|1250|0|      |20220523|20220523|0603|2022-06-03 07:03:19
461086|0000000746070446              |20220523|160253|013|675|0|30300049|130010004|130752287|1|20220523|152451|8001053|20220523|161503|8001959|1|1250|0|      |20220523|20220523|0603|2022-06-03 07:03:19
461088|0000000764701338              |20220523|161823|008|675|0|30300047|130010001|130759732|1|20220523|152752|8003100|20220523|163238|8002737|1|1250|0|      |20220523|20220523|0603|2022-06-03 07:03:19
461090|0000000903308314              |20220523|163034|025|675|0|30300101|130010002|130752332|1|20220523|161800|8002468|20220523|164520|8001368|1|1250|0|      |20220523|20220523|0603|2022-06-03 07:03:19
461092|0000000741195233              |20220523|165808|001|675|0|30300079|130010009|130759173|1|20220523|160411|8001483|20220523|170740|8001198|1|1250|0|      |20220523|20220523|0603|2022-06-03 07:03:19
461094|0000000652561654              |20220523|170048|010|681|0|30300042|130010009|130759127|1|20220523|162615|8001949|20220523|171311|8001426|1|1250|0|      |20220523|20220523|0603|2022-06-03 07:03:19
461096|0000000904456739              |20220523|170646|016|675|0|30300049|130010004|130752286|1|20220523|163723|8001935|20220523|173504|8001589|1|1250|0|      |20220523|20220523|0603|2022-06-03 07:03:19
461098|0000000725604962              |20220523|175123|030|675|0|30300101|130010002|130752325|1|20220523|171601|8002978|20220523|181232|8001217|1|1250|0|      |20220523|20220523|0603|2022-06-03 07:03:19
461505|0000000743466817              |20220523|071736|028|679|0|30300063|130010001|130759406|1|20220523|063958|8002980|20220523|074200|8001097|1|1250|0|      |20220523|20220523|0603|2022-06-03 07:03:19
461507|0000000631130404              |20220523|071336|002|674|0|30300104|130010002|130752333|1|20220523|054346|8001960|20220523|074954|8002453|1|1250|0|      |20220523|20220523|0603|2022-06-03 07:03:19
461509|0000000762867588              |20220523|062022|002|675|0|30300058|130010004|130752290|1|20220523|050951|8001940|20220523|062908|8002620|1|1250|0|      |20220523|20220523|0603|2022-06-03 07:03:19
461511|0000000662000189              |20220523|063244|016|675|0|30300058|130010004|130752291|1|20220523|060900|8001940|20220523|063341|8001934|1|1250|0|      |20220523|20220523|0603|2022-06-03 07:03:19
482256|0000000519004701              |20220523|160552|008|675|0|30300067|130010001|130759707|4|20220523|132615|8002571|20220523|162744|8002442|1|750|0|      |20220523|20220523|0603|2022-06-03 07:03:19
482258|0000000532997482              |20220523|154422|030|676|0|30300088|130010002|130752372|4|20220523|151629|8001166|20220523|165251|8002131|1|750|0|      |20220523|20220523|0603|2022-06-03 07:03:19
482260|0000000515528569              |20220523|183413|017|675|0|30300047|130010001|130759702|1|20220523|183205|8002941|20220523|190049|8005993|1|1250|0|      |20220523|20220523|0603|2022-06-03 07:03:19
482262|0000000535822229              |20220523|181907|015|675|0|30300082|130010001|130759739|4|20220523|181328|8002829|20220523|183142|8002440|1|750|0|      |20220523|20220523|0603|2022-06-03 07:03:19
482264|0000000521719824              |20220523|184301|026|675|0|30300061|130010015|130759617|4|20220523|184205|8005504|20220523|190753|8002925|1|750|0|      |20220523|20220523|0603|2022-06-03 07:03:19
482266|0000000543447201              |20220523|191157|026|676|0|30300130|130010008|130752149|1|20220523|183750|8002437|20220523|192219|8002487|1|1250|0|      |20220523|20220523|0603|2022-06-03 07:03:19
482268|0000000531534326              |20220523|054943|021|676|0|30300038|130010014|130753200|1|20220523|053711|8003044|20220523|060352|8001928|1|1250|0|      |20220523|20220523|0603|2022-06-03 07:03:19
482270|0000000104806643              |20220523|081958|010|674|0|30300002|130010007|130759330|1|20220523|081517|8001783|20220523|082608|8001783|1|1250|0|      |20220523|20220523|0603|2022-06-03 07:03:19
482272|0000000536467769              |20220523|081814|009|676|0|30300040|130010007|130759367|1|20220523|071933|8001426|20220523|082327|8003032|1|1250|0|      |20220523|20220523|0603|2022-06-03 07:03:19
484747|0000000694214906              |20220523|081356|005|675|0|30300145|130010014|130753509|1|20220523|075621|8002955|20220523|083135|8002412|1|1250|0|      |20220523|20220523|0603|2022-06-03 07:03:19
484749|0000000790395848              |20220523|074548|004|675|1|30300091|130010013|130759812|1|20220523|061131|8001418|20220523|083036|8001842|1|0|0|      |20220523|20220523|0603|2022-06-03 07:03:19
484751|0000000400145450              |20220523|090859|029|676|2|30300090|130010005|130759223|1|20220523|073140|8002411|20220523|091446|8003099|1|0|0|      |20220523|20220523|0603|2022-06-03 07:03:19
484753|0000000797601409              |20220523|094302|026|680|0|30300026|130010014|130753603|1|20220523|090326|8002635|20220523|100045|8001806|1|1250|0|      |20220523|20220523|0603|2022-06-03 07:03:19
484755|0000000797761066              |20220523|092208|002|678|0|30300074|130110001|130745012|1|20220523|060600|8005032|20220523|095022|8002824|1|1250|450|      |20220523|20220523|0603|2022-06-03 07:03:19
484757|0000000486037595              |20220523|181254|019|676|0|30300086|130010013|130759808|1|20220523|171805|8001721|20220523|182156|8001534|1|1250|0|      |20220523|20220523|0603|2022-06-03 07:03:19
484759|0000000482005714              |20220523|183939|029|675|0|30300060|130010014|130753215|1|20220523|181907|8001560|20220523|185056|8007275|1|1250|0|      |20220523|20220523|0603|2022-06-03 07:03:19
484761|0000000699536632              |20220523|183129|015|675|1|30300055|130010014|130753251|1|20220523|174822|8002627|20220523|185837|8002064|1|0|0|      |20220523|20220523|0603|2022-06-03 07:03:19
484763|0000000797823859              |20220523|191512|024|677|2|30300129|130010009|130759126|1|20220523|184032|8001677|20220523|192717|8007208|1|0|0|      |20220523|20220523|0603|2022-06-03 07:03:19
484765|0000000400126942              |20220523|124343|021|675|0|30300067|130010001|130759717|1|20220523|115733|8002635|20220523|131551|8001832|1|1250|0|      |20220523|20220523|0603|2022-06-03 07:03:19
484767|0000000797829416              |20220523|073229|021|674|1|30300002|130010007|130759307|1|20220523|070744|8001418|20220523|075009|8002611|1|0|0|      |20220523|20220523|0603|2022-06-03 07:03:19
484769|0000000699971646              |20220523|053829|031|676|0|30300054|130010007|130759375|1|20220523|053819|8002977|20220523|061912|8001586|1|1250|0|      |20220523|20220523|0603|2022-06-03 07:03:19
484771|0000000400145776              |20220523|065146|009|675|0|30300055|130010014|130753249|1|20220523|063459|8002686|20220523|070417|8002887|1|1250|0|      |20220523|20220523|0603|2022-06-03 07:03:19
484773|0000000400132760              |20220523|064512|017|674|0|30300002|130010007|130759315|1|20220523|055533|8002880|20220523|070635|8001789|1|1250|0|      |20220523|20220523|0603|2022-06-03 07:03:19
484775|0000000697969896              |20220523|071607|030|676|0|30300054|130010007|130759352|1|20220523|065454|8001200|20220523|074900|8001078|1|1250|0|      |20220523|20220523|0603|2022-06-03 07:03:19
484777|0000000692745214              |20220523|073105|022|676|0|30300054|130010007|130759349|1|20220523|064208|8001707|20220523|074127|8002915|1|1250|0|      |20220523|20220523|0603|2022-06-03 07:03:19
484779|0000000698667019              |20220523|064007|004|676|0|30300037|130010006|130759016|1|20220523|062637|8002343|20220523|064907|8001096|1|1250|0|      |20220523|20220523|0603|2022-06-03 07:03:19
484781|0000000400199897              |20220523|070335|014|676|0|30300037|130010006|130759023|1|20220523|063917|8001096|20220523|072703|8005518|1|1250|0|      |20220523|20220523|0603|2022-06-03 07:03:19
484783|0000000697595418              |20220523|073751|020|676|0|30300037|130010006|130752014|1|20220523|072630|8002344|20220523|075808|8002658|1|1250|0|      |20220523|20220523|0603|2022-06-03 07:03:19
484785|0000000692997920              |20220523|070047|013|676|0|30300051|130010008|130752161|1|20220523|063237|8001415|20220523|073529|8001217|1|1250|0|      |20220523|20220523|0603|2022-06-03 07:03:19
484787|0000000400165087              |20220523|131552|016|675|0|30300055|130010014|130753210|1|20220523|110916|8001934|20220523|140612|8002038|1|1250|0|      |20220523|20220523|0603|2022-06-03 07:03:19
484789|0000000486514245              |20220523|150152|028|675|1|30300055|130010014|130753218|1|20220523|134537|8001539|20220523|150518|8002926|1|0|0|      |20220523|20220523|0603|2022-06-03 07:03:19
484791|0000000785618819              |20220523|141124|012|676|2|30300054|130010007|130759340|1|20220523|132333|8001260|20220523|142819|8001847|1|0|0|      |20220523|20220523|0603|2022-06-03 07:03:19
484793|0000000400190406              |20220523|200426|026|676|1|30300037|130010006|130759016|1|20220523|194105|8002412|20220523|202106|8001005|1|0|0|      |20220523|20220523|0603|2022-06-03 07:03:19
484795|0000000783591794              |20220523|141933|017|674|0|30300002|130010007|130759322|1|20220523|141236|8001178|20220523|145721|8002464|1|1250|0|      |20220523|20220523|0603|2022-06-03 07:03:19
484797|0000000699528139              |20220523|150329|001|676|0|30300054|130010007|130759346|1|20220523|133602|8001989|20220523|150726|8001078|1|1250|0|      |20220523|20220523|0603|2022-06-03 07:03:19
484799|0000000400171418              |20220523|150651|028|676|0|30300037|130010006|130752040|1|20220523|144604|8002720|20220523|153249|8003006|1|1250|0|      |20220523|20220523|0603|2022-06-03 07:03:19
484828|0000000513068949              |20220523|160122|005|676|0|30300071|130010009|130759174|1|20220523|155406|8001318|20220523|162510|8006006|1|1250|0|      |20220523|20220523|0603|2022-06-03 07:03:19
482790|0000000528934036              |20220523|070440|021|675|0|30300077|130010006|130752034|1|20220523|064306|8001400|20220523|071050|8001994|1|1250|0|      |20220523|20220523|0603|2022-06-03 07:03:19
482792|0000000546695279              |20220523|080840|011|675|0|30300065|130010004|130752281|4|20220523|080438|8003011|20220523|081858|8001457|1|750|0|      |20220523|20220523|0603|2022-06-03 07:03:19
482794|0000000544221505              |20220523|090325|020|675|0|30300083|130010001|130759710|1|20220523|082615|8002625|20220523|091636|8001660|1|1250|0|      |20220523|20220523|0603|2022-06-03 07:03:19
482796|0000000536245654              |20220523|095414|027|676|0|30300036|130010012|130753302|1|20220523|093457|8002734|20220523|102802|8001282|1|1250|0|      |20220523|20220523|0603|2022-06-03 07:03:19
482798|0000000516481040              |20220523|111229|025|676|0|30300072|130010001|130759711|1|20220523|102618|8002075|20220523|111614|8002076|1|1250|0|      |20220523|20220523|0603|2022-06-03 07:03:19
482800|0000000305522495              |20220523|102558|003|676|0|30300037|130010006|130752038|1|20220523|101725|8002141|20220523|102937|8002973|1|1250|0|      |20220523|20220523|0603|2022-06-03 07:03:19
482802|0000000171778998              |20220523|110023|026|675|0|30300076|130010014|130753510|1|20220523|103703|8001412|20220523|113632|8001739|1|1250|0|      |20220523|20220523|0603|2022-06-03 07:03:19
482858|0000000533860563              |20220523|220312|009|675|0|30300060|130010014|130753240|4|20220523|193200|8002453|20220523|221719|8007280|1|750|0|      |20220523|20220523|0603|2022-06-03 07:03:19
482860|0000000310887548              |20220523|211730|021|676|0|30300088|130010002|130752553|1|20220523|201245|8001586|20220523|213457|8002131|1|1250|0|      |20220523|20220523|0603|2022-06-03 07:03:19
482862|0000000544635265              |20220523|140405|006|675|0|30300053|130010002|130752384|4|20220523|134055|8001118|20220523|141626|8001491|1|750|0|      |20220523|20220523|0603|2022-06-03 07:03:19
482864|0000000535714080              |20220523|145440|011|675|0|30300058|130010004|130752259|4|20220523|124748|8001406|20220523|152414|8001935|1|750|0|      |20220523|20220523|0603|2022-06-03 07:03:19
482866|0000000507271665              |20220523|161559|031|675|0|30300046|130010002|130752353|4|20220523|161223|8001960|20220523|162148|8007045|1|750|0|      |20220523|20220523|0603|2022-06-03 07:03:19
482868|0000000547523869              |20220523|155935|029|676|0|30300070|130010004|130752603|4|20220523|150100|8002983|20220523|160740|8002437|1|750|0|      |20220523|20220523|0603|2022-06-03 07:03:19
482870|0000000546632476              |20220523|164132|006|676|0|30300093|130010004|130752219|1|20220523|161152|8002531|20220523|172757|8001419|1|1250|0|      |20220523|20220523|0603|2022-06-03 07:03:19
482872|0000000544076263              |20220523|165359|015|680|0|30300052|130010006|130752019|4|20220523|164610|8001365|20220523|174849|8002681|1|750|0|      |20220523|20220523|0603|2022-06-03 07:03:19
482874|0000000540778199              |20220523|180951|013|676|0|30300071|130010009|130759150|4|20220523|173429|8001409|20220523|182447|8001543|1|750|0|      |20220523|20220523|0603|2022-06-03 07:03:19
482876|0000000299882775              |20220523|193007|002|676|0|30300054|130010007|130759357|4|20220523|181827|8002976|20220523|193456|8001847|1|750|0|      |20220523|20220523|0603|2022-06-03 07:03:19
482878|0000000535772911              |20220523|192550|003|676|0|30300040|130010013|130759871|4|20220523|172823|8001096|20220523|193055|8001085|1|750|0|      |20220523|20220523|0603|2022-06-03 07:03:19
482880|0000000535339526              |20220523|072223|027|676|0|30300069|130010001|130759416|4|20220523|061735|8002381|20220523|073443|8003044|1|750|0|      |20220523|20220523|0603|2022-06-03 07:03:19
482882|0000000529069699              |20220523|070108|003|675|0|30300055|130010014|130753218|4|20220523|063240|8001403|20220523|073633|8001539|1|750|0|      |20220523|20220523|0603|2022-06-03 07:03:19
482938|0000000163123454              |20220523|132431|023|674|0|30300104|130010002|130752341|1|20220523|131754|8001078|20220523|135741|8001158|1|1250|0|      |20220523|20220523|0603|2022-06-03 07:03:19
482940|0000000534671181              |20220523|132107|014|675|0|30300141|130010001|130759472|1|20220523|130327|8005989|20220523|132736|8007415|1|1250|0|      |20220523|20220523|0603|2022-06-03 07:03:19
482942|0000000518969793              |20220523|220754|010|676|0|30300051|130010008|130752112|1|20220523|214053|8002433|20220523|222103|8001526|1|1250|0|      |20220523|20220523|0603|2022-06-03 07:03:19
482944|0000000543668472              |20220523|200916|027|675|0|30300050|130010007|130759342|4|20220523|190626|8002849|20220523|201542|8001299|1|750|0|      |20220523|20220523|0603|2022-06-03 07:03:19
482946|0000000511816839              |20220523|211426|018|675|0|30300078|130010008|130752170|4|20220523|200321|8001359|20220523|212827|8001871|1|750|0|      |20220523|20220523|0603|2022-06-03 07:03:19
482948|0000000129228934              |20220523|133647|007|676|0|30300051|130010008|130752110|1|20220523|131333|8001373|20220523|134359|8002547|1|1250|0|      |20220523|20220523|0603|2022-06-03 07:03:19
482950|0000000091480247              |20220523|143201|026|676|0|30300070|130010004|130752241|2|20220523|142131|8002753|20220523|144918|8001240|1|350|0|      |20220523|20220523|0603|2022-06-03 07:03:19
482952|0000000171761543              |20220523|151644|002|680|0|30300034|130010005|130759204|1|20220523|142955|8002496|20220523|152304|8002093|1|1250|0|      |20220523|20220523|0603|2022-06-03 07:03:19
482954|0000000514603690              |20220523|161211|008|675|0|30300045|130010006|130752043|1|20220523|160116|8001278|20220523|162100|8001132|1|1250|0|      |20220523|20220523|0603|2022-06-03 07:03:19
482956|0000000520180831              |20220523|163800|023|676|0|30300043|130010015|130759615|1|20220523|160610|8001724|20220523|165759|8002888|1|1250|0|      |20220523|20220523|0603|2022-06-03 07:03:19
482958|0000000171765141              |20220523|164501|023|675|0|30300101|130010002|130752304|1|20220523|164045|8005856|20220523|172141|8001028|1|1250|0|      |20220523|20220523|0603|2022-06-03 07:03:19
482960|0000000506844584              |20220523|170820|028|676|0|30300039|130010005|130759271|1|20220523|165140|8002405|20220523|173015|8001922|1|1250|0|      |20220523|20220523|0603|2022-06-03 07:03:19
482962|0000000531846157              |20220523|182201|031|676|0|30300043|130010015|130759689|1|20220523|172100|8001652|20220523|183320|8005918|1|1250|0|      |20220523|20220523|0603|2022-06-03 07:03:19
482964|0000000264929079              |20220523|062218|029|674|0|30300002|130010007|130759331|1|20220523|051832|8001631|20220523|063514|8001782|1|1250|0|      |20220523|20220523|0603|2022-06-03 07:03:19
457361|0000000623521338              |20220523|205927|017|675|1|30300081|130010011|130759515|1|20220523|135555|8001063|20220523|212653|8002615|1|0|0|      |20220523|20220523|0603|2022-06-03 07:03:19
457363|0000000636229336              |20220523|150200|021|675|1|30300075|130010005|130759270|1|20220523|132337|8002296|20220523|150406|8002307|1|0|0|      |20220523|20220523|0603|2022-06-03 07:03:19
457365|0000000762036750              |20220523|152045|018|676|0|30300088|130010002|130752317|4|20220523|142508|8001319|20220523|153402|8001555|1|750|0|      |20220523|20220523|0603|2022-06-03 07:03:19
478353|0000000543051646              |20220523|182735|003|675|0|30300058|130010004|130752251|1|20220523|175613|8001852|20220523|184019|8002733|1|1250|0|      |20220523|20220523|0603|2022-06-03 07:03:19
478355|0000000544342332              |20220523|191921|018|676|0|30300072|130010001|130759429|1|20220523|134552|8002814|20220523|192012|8002559|1|1250|0|      |20220523|20220523|0603|2022-06-03 07:03:19
478357|0000000513653690              |20220523|070731|029|675|0|30300058|130010004|130752290|1|20220523|070012|8001982|20220523|071401|8002608|1|1250|0|      |20220523|20220523|0603|2022-06-03 07:03:19
478764|0000000511339896              |20220523|100014|012|679|0|30300063|130010001|130759740|1|20220523|093139|8002481|20220523|101349|8001964|1|1250|0|      |20220523|20220523|0603|2022-06-03 07:03:19
478766|0000000510595132              |20220523|110704|025|675|0|30300080|130010009|130759152|1|20220523|084710|8001982|20220523|112151|8001992|1|1250|0|      |20220523|20220523|0603|2022-06-03 07:03:19
478768|0000000545833829              |20220523|193644|026|679|0|30300063|130010001|130759482|1|20220523|191825|8001994|20220523|194944|8001660|1|1250|0|      |20220523|20220523|0603|2022-06-03 07:03:19
478770|0000000503586822              |20220523|193948|002|675|0|30300059|130010004|130752246|1|20220523|193303|8006006|20220523|200446|8001664|1|1250|0|      |20220523|20220523|0603|2022-06-03 07:03:19
478772|0000000509863852              |20220523|204436|028|675|0|30300080|130010009|130759152|1|20220523|194707|8001460|20220523|205337|8007270|1|1250|0|      |20220523|20220523|0603|2022-06-03 07:03:19
478774|0000000305683551              |20220523|144005|003|678|0|30300074|130010014|130753614|1|20220523|134934|8002571|20220523|144252|8002817|1|1250|0|      |20220523|20220523|0603|2022-06-03 07:03:19
478776|0000000542308326              |20220523|152353|005|675|0|30300076|130010014|130753510|1|20220523|144408|8002734|20220523|153517|8002844|1|1250|0|      |20220523|20220523|0603|2022-06-03 07:03:19
478778|0000000100666647              |20220523|172649|021|675|0|30300048|130010006|130752033|1|20220523|171445|8002452|20220523|181254|8002849|1|1250|0|      |20220523|20220523|0603|2022-06-03 07:03:19
478780|0000000163324938              |20220523|181705|008|675|0|30300084|130010001|130759418|1|20220523|172903|8002934|20220523|182332|8002632|1|1250|0|      |20220523|20220523|0603|2022-06-03 07:03:19
478782|0000000300763494              |20220523|180551|002|675|0|30300103|130010013|130759832|1|20220523|151455|8005551|20220523|182236|8001555|1|1250|0|      |20220523|20220523|0603|2022-06-03 07:03:19
478784|0000000262268823              |20220523|062921|030|675|0|30300144|130010012|130753314|1|20220523|053842|8001872|20220523|063055|8001996|1|1250|0|      |20220523|20220523|0603|2022-06-03 07:03:19
478786|0000000542450162              |20220523|072827|026|675|0|30300147|130010001|130759419|1|20220523|060908|8001934|20220523|073231|8002000|1|1250|0|      |20220523|20220523|0603|2022-06-03 07:03:19
478788|0000000165940033              |20220523|072324|013|678|0|30300074|130010014|130753222|1|20220523|053826|8002824|20220523|073827|8002695|1|1250|0|      |20220523|20220523|0603|2022-06-03 07:03:19
478790|0000000165854905              |20220523|065009|026|675|0|30300065|130010004|130752258|1|20220523|062918|8003011|20220523|070737|8007270|1|1250|0|      |20220523|20220523|0603|2022-06-03 07:03:19
481303|0000000546760413              |20220523|082009|017|674|0|30300002|130010007|130759307|1|20220523|070744|8002134|20220523|083421|8001283|1|1250|0|      |20220523|20220523|0603|2022-06-03 07:03:19
481305|0000000295238495              |20220523|084722|001|676|0|30300051|130010008|130752161|1|20220523|082750|8001372|20220523|085146|8001081|1|1250|0|      |20220523|20220523|0603|2022-06-03 07:03:19
481307|0000000545688526              |20220523|112312|003|676|0|30300087|130010008|130752150|1|20220523|103658|8001724|20220523|113628|8002757|1|1250|0|      |20220523|20220523|0603|2022-06-03 07:03:19
481309|0000000547876546              |20220523|120253|004|674|0|30300002|130010007|130759318|1|20220523|112312|8002611|20220523|122211|8002134|1|1250|0|      |20220523|20220523|0603|2022-06-03 07:03:19
481311|0000000547885220              |20220523|211651|012|680|0|30300052|130010006|130752056|1|20220523|210944|8005116|20220523|212410|8005051|1|1250|0|      |20220523|20220523|0603|2022-06-03 07:03:19
481313|0000000533799714              |20220523|145236|004|676|0|30300054|130010007|130759384|4|20220523|143628|8002708|20220523|145704|8001762|1|750|0|      |20220523|20220523|0603|2022-06-03 07:03:19
481315|0000000546090110              |20220523|144620|010|676|0|30300040|130010013|130759804|4|20220523|134805|8001407|20220523|145405|8001097|1|750|0|      |20220523|20220523|0603|2022-06-03 07:03:19
481317|0000000539110944              |20220523|151656|027|676|0|30300087|130010008|130752159|1|20220523|140545|8002276|20220523|153614|8001198|1|1250|0|      |20220523|20220523|0603|2022-06-03 07:03:19
481319|0000000547477067              |20220523|154206|009|675|0|30300079|130010009|130759113|4|20220523|151523|8002032|20220523|155642|8002627|1|750|0|      |20220523|20220523|0603|2022-06-03 07:03:19
481321|0000000549423442              |20220523|162324|004|675|0|30300091|130010013|130759821|1|20220523|143940|8001647|20220523|164507|8002610|1|1250|0|      |20220523|20220523|0603|2022-06-03 07:03:19
481323|0000000524316187              |20220523|163059|012|676|0|30300071|130010009|130759150|4|20220523|153156|8002726|20220523|163431|8001408|1|750|0|      |20220523|20220523|0603|2022-06-03 07:03:19
481325|0000000532919367              |20220523|182246|024|676|0|30300086|130010013|130759807|1|20220523|181239|8005552|20220523|183216|8005863|1|1250|0|      |20220523|20220523|0603|2022-06-03 07:03:19
481327|0000000543468080              |20220523|183042|004|675|0|30300053|130010002|130752386|4|20220523|174054|8001239|20220523|184844|8001567|1|750|0|      |20220523|20220523|0603|2022-06-03 07:03:19
481653|0000000540244393              |20220523|101947|029|675|0|30300095|130010005|130759202|1|20220523|095841|8001924|20220523|102317|8002935|1|1250|0|      |20220523|20220523|0603|2022-06-03 07:03:19
481655|0000000174278628              |20220523|114701|001|676|0|30300069|130010001|130759428|1|20220523|111101|8001712|20220523|120347|8002381|1|1250|0|      |20220523|20220523|0603|2022-06-03 07:03:19
481657|0000000543648007              |20220523|131116|006|676|0|30300087|130010015|130759629|1|20220523|115320|8001494|20220523|132207|8007445|1|1250|0|      |20220523|20220523|0603|2022-06-03 07:03:19
481659|0000000528853360              |20220523|132714|003|675|0|30300079|130010009|130759120|1|20220523|120809|8007446|20220523|133617|8001488|1|1250|0|      |20220523|20220523|0603|2022-06-03 07:03:19
481661|0000000548311948              |20220523|221742|004|676|0|30300040|130010013|130759830|4|20220523|215327|8002757|20220523|224416|8001086|1|750|0|      |20220523|20220523|0603|2022-06-03 07:03:19
481663|0000000519556855              |20220523|192225|008|676|0|30300041|130010012|130753326|1|20220523|190320|8002720|20220523|200445|8002994|1|1250|0|      |20220523|20220523|0603|2022-06-03 07:03:19
481665|0000000545694862              |20220523|142817|004|675|0|30300091|130010013|130759817|4|20220523|115246|8002127|20220523|144040|8002848|1|750|0|      |20220523|20220523|0603|2022-06-03 07:03:19
494730|0000000545528997              |20220523|163954|005|676|0|30300041|130010012|130753334|4|20220523|160940|8001287|20220523|165424|8002088|1|750|0|      |20220523|20220523|0603|2022-06-03 07:03:19
494732|0000000267154766              |20220523|173422|029|676|0|30300087|130010008|130752156|1|20220523|171755|8002118|20220523|175949|8001380|1|1250|0|      |20220523|20220523|0603|2022-06-03 07:03:19
494734|0000000549528804              |20220523|185121|011|675|0|30300091|130010013|130759821|1|20220523|180329|8002168|20220523|190010|8002947|1|1250|0|      |20220523|20220523|0603|2022-06-03 07:03:19
494736|0000000513801313              |20220523|175447|029|676|0|30300040|130010007|130759367|1|20220523|173158|8002905|20220523|183220|8001062|1|1250|0|      |20220523|20220523|0603|2022-06-03 07:03:19
494738|0000000549899909              |20220523|192704|002|676|0|30300041|130010012|130753377|1|20220523|163435|8002721|20220523|192931|8002961|1|1250|0|      |20220523|20220523|0603|2022-06-03 07:03:19
494740|0000000540339305              |20220523|060158|011|676|0|30300040|130010007|130759365|1|20220523|054449|8001054|20220523|064156|8001401|1|1250|0|      |20220523|20220523|0603|2022-06-03 07:03:19
494742|0000000540003803              |20220523|061018|004|676|0|30300040|130010013|130759871|1|20220523|054020|8007277|20220523|061410|8002075|1|1250|0|      |20220523|20220523|0603|2022-06-03 07:03:19
494744|0000000297542512              |20220523|084557|021|676|0|30300041|130010012|130753316|1|20220523|054507|8005992|20220523|085035|8070030|1|1250|0|      |20220523|20220523|0603|2022-06-03 07:03:19
494746|0000000310662059              |20220523|102442|007|675|0|30300091|130010013|130759881|1|20220523|075927|8001889|20220523|103323|8002259|1|1250|0|      |20220523|20220523|0603|2022-06-03 07:03:19
495153|0000000725350805              |20220523|124503|024|675|1|30300079|130010009|130759118|1|20220523|120518|8002627|20220523|125950|8001744|1|0|0|      |20220523|20220523|0603|2022-06-03 07:03:19
495155|0000000741045837              |20220523|221226|002|676|1|30300043|130010015|130759603|1|20220523|220104|8002984|20220523|223853|8002648|1|0|0|      |20220523|20220523|0603|2022-06-03 07:03:19
495157|0000000600647442              |20220523|225232|002|675|1|30300095|130010005|130759202|1|20220523|220719|8003008|20220523|225414|8002381|1|0|0|      |20220523|20220523|0603|2022-06-03 07:03:19
495159|0000000917983335              |20220523|213815|001|675|1|30300075|130010005|130759208|1|20220523|145235|8001420|20220523|214102|8002155|1|0|0|      |20220523|20220523|0603|2022-06-03 07:03:19
495161|0000000637727361              |20220523|221208|003|676|1|30300068|130010006|130752036|1|20220523|213336|8002754|20220523|221817|8002184|1|0|0|      |20220523|20220523|0603|2022-06-03 07:03:19
495163|0000000756879699              |20220523|221028|028|676|1|30300040|130010013|130759813|1|20220523|214047|8001074|20220523|221616|8002869|1|0|0|      |20220523|20220523|0603|2022-06-03 07:03:19
495165|0000000918407067              |20220523|102524|003|676|2|30300088|130010002|130752371|1|20220523|094342|8002412|20220523|103507|8002741|1|0|0|      |20220523|20220523|0603|2022-06-03 07:03:19
495167|0000000704063140              |20220523|100734|024|676|1|30300086|130010013|130759827|1|20220523|092740|8002093|20220523|102101|8001721|1|0|0|      |20220523|20220523|0603|2022-06-03 07:03:19
495169|0000000769324538              |20220523|110144|005|676|2|30300073|130010009|130759185|1|20220523|104020|8001417|20220523|111355|8002100|1|0|0|      |20220523|20220523|0603|2022-06-03 07:03:19
495171|0000000766972660              |20220523|110008|020|675|1|30300081|130010011|130759571|1|20220523|102000|8002756|20220523|112255|8001784|1|0|0|      |20220523|20220523|0603|2022-06-03 07:03:19
495173|0000000774361991              |20220523|111349|016|676|1|30300043|130010015|130759603|1|20220523|082038|8003008|20220523|112438|8005590|1|0|0|      |20220523|20220523|0603|2022-06-03 07:03:19
495175|0000000904823059              |20220523|074621|005|676|1|30300043|130010015|130759607|1|20220523|064102|8001988|20220523|075732|8005590|1|0|0|      |20220523|20220523|0603|2022-06-03 07:03:19
495177|0000000768216547              |20220523|083059|022|675|1|30300079|130010009|130759138|1|20220523|082617|8002464|20220523|090814|8002724|1|0|0|      |20220523|20220523|0603|2022-06-03 07:03:19
495179|0000000763673582              |20220523|083804|029|676|2|30300089|130010011|130759573|1|20220523|065321|8001555|20220523|084949|8001309|1|0|0|      |20220523|20220523|0603|2022-06-03 07:03:19
495586|0000000777391697              |20220523|074537|005|676|1|30300088|130010002|130752371|1|20220523|072800|8002092|20220523|075721|8001585|1|0|0|      |20220523|20220523|0603|2022-06-03 07:03:19
495588|0000000736284804              |20220523|210723|031|675|0|30300146|130010008|130752174|4|20220523|205137|8002108|20220523|211827|8007500|1|750|0|      |20220523|20220523|0603|2022-06-03 07:03:19
495590|0000000909320993              |20220523|162525|007|675|0|30300108|130010007|130759303|4|20220523|161041|8002920|20220523|163303|8002375|1|750|0|      |20220523|20220523|0603|2022-06-03 07:03:19
495592|0000000779020075              |20220523|162529|021|676|0|30300087|130010008|130752150|4|20220523|145708|8002119|20220523|162925|8002551|1|750|0|      |20220523|20220523|0603|2022-06-03 07:03:19
495594|0000000909320993              |20220523|171410|007|675|2|30300046|130010002|130752321|4|20220523|144621|8001773|20220523|173113|8001526|1|0|0|      |20220523|20220523|0603|2022-06-03 07:03:19
495596|0000000910626099              |20220523|173357|010|676|1|30300072|130010001|130759749|4|20220523|150423|8002340|20220523|174051|8002304|1|0|0|      |20220523|20220523|0603|2022-06-03 07:03:19
495598|0000000672150821              |20220523|133044|002|674|2|30300104|130010002|130752507|1|20220523|121234|8002558|20220523|133448|8001062|1|0|0|      |20220523|20220523|0603|2022-06-03 07:03:19
495600|0000000761989494              |20220523|225314|025|676|0|30300070|130010004|130752238|4|20220523|220900|8001413|20220523|230529|8001379|1|750|0|      |20220523|20220523|0603|2022-06-03 07:03:19
495602|0000000763276357              |20220523|102950|028|676|0|30300070|130010004|130752224|4|20220523|093355|8001421|20220523|103905|8001383|1|750|0|      |20220523|20220523|0603|2022-06-03 07:03:19
495604|0000000631564666              |20220523|105652|019|674|1|30300100|130010002|130752360|1|20220523|100015|8001529|20220523|111333|8001493|1|0|0|      |20220523|20220523|0603|2022-06-03 07:03:19
495606|0000000760276584              |20220523|093325|011|676|1|30300070|130010004|130752235|1|20220523|080525|8002754|20220523|094349|8003101|1|0|0|      |20220523|20220523|0603|2022-06-03 07:03:19
495608|0000000760813760              |20220523|183421|027|675|0|30300058|130010004|130752266|4|20220523|182143|8005585|20220523|190840|8001647|1|750|0|      |20220523|20220523|0603|2022-06-03 07:03:19
495610|0000000742388105              |20220523|073116|008|676|0|30300040|130010013|130759804|4|20220523|070409|8002757|20220523|073934|8002759|1|750|0|      |20220523|20220523|0603|2022-06-03 07:03:19
496017|0000000788918380              |20220523|100603|010|675|0|30300078|130010008|130752169|1|20220523|045342|8007269|20220523|102148|8001583|1|1250|0|      |20220523|20220523|0603|2022-06-03 07:03:19
486913|0000000721964570              |20220523|082311|006|675|0|30300045|130010006|130759002|1|20220523|072634|8002966|20220523|090139|8005921|1|1250|0|      |20220523|20220523|0603|2022-06-03 07:03:35
486915|0000000745129400              |20220523|090703|030|674|0|30300002|130010007|130759329|1|20220523|085701|8001963|20220523|091819|8002437|1|1250|0|      |20220523|20220523|0603|2022-06-03 07:03:35
486917|0000000753413394              |20220523|093154|023|675|0|30300081|130010011|130759570|1|20220523|061136|8001589|20220523|094341|8002453|1|1250|0|      |20220523|20220523|0603|2022-06-03 07:03:35
486919|0000000771849900              |20220523|195107|024|676|0|30300043|130010015|130759689|1|20220523|193015|8001963|20220523|195905|8002887|1|1250|0|      |20220523|20220523|0603|2022-06-03 07:03:35
486921|0000000673226507              |20220523|155949|011|675|0|30300144|130010012|130753379|1|20220523|153343|8001419|20220523|161954|8001936|1|1250|0|      |20220523|20220523|0603|2022-06-03 07:03:35
486923|0000000754368976              |20220523|202435|010|675|0|30300077|130010006|130752041|1|20220523|201501|8001197|20220523|203311|8001948|1|1250|0|      |20220523|20220523|0603|2022-06-03 07:03:35
486925|0000000761293623              |20220523|153606|019|675|0|30300077|130010006|130752070|1|20220523|152509|8001197|20220523|154959|8001948|1|1250|0|      |20220523|20220523|0603|2022-06-03 07:03:35
486927|0000000742879897              |20220523|161627|012|675|0|30300047|130010001|130759705|1|20220523|155809|8001827|20220523|163301|8002542|1|1250|0|      |20220523|20220523|0603|2022-06-03 07:03:35
486929|0000000725444955              |20220523|170520|010|674|0|30300002|130010007|130759310|1|20220523|162143|8002464|20220523|171453|8002880|1|1250|0|      |20220523|20220523|0603|2022-06-03 07:03:35
486931|0000000654047263              |20220523|124932|022|675|0|30300078|130010008|130752163|1|20220523|094746|8002464|20220523|125549|8002616|1|1250|0|      |20220523|20220523|0603|2022-06-03 07:03:35
486933|0000000766374580              |20220523|104739|012|674|0|30300002|130010007|130759319|1|20220523|100509|8002464|20220523|111155|8001419|1|1250|0|      |20220523|20220523|0603|2022-06-03 07:03:35
487340|0000000520027584              |20220523|084903|010|673|0|30300003|130510004|130751002|1|20220523|062147|8002275|20220523|085857|8002351|1|1100|0|      |20220523|20220523|0603|2022-06-03 07:03:35
487342|0000000511375926              |20220523|091020|021|673|0|30300003|130510004|130751003|4|20220523|052829|8007023|20220523|093259|8002351|1|650|0|      |20220523|20220523|0603|2022-06-03 07:03:35
487344|0000000505983984              |20220523|102257|027|673|0|30300004|130510004|130751010|4|20220523|100519|8003056|20220523|105507|8002721|1|650|0|      |20220523|20220523|0603|2022-06-03 07:03:35
487346|0000000516896156              |20220523|113224|024|832|0|30300128|130710001|130759921|1|20220523|052253|8007272|20220523|113546|8001420|1|1700|0|      |20220523|20220523|0603|2022-06-03 07:03:35
487348|0000000522438127              |20220523|201340|002|673|0|30300004|130510004|130751100|1|20220523|054435|8005972|20220523|203710|8002721|1|1100|0|      |20220523|20220523|0603|2022-06-03 07:03:35
487350|0000000303121013              |20220523|142155|025|676|0|30300070|130010004|130752201|1|20220523|064201|8002825|20220523|143939|8001412|2|2500|0|      |20220523|20220523|0603|2022-06-03 07:03:35
487352|0000000163065052              |20220523|131632|003|675|0|30300127|130010004|130752280|1|20220523|131207|8001027|20220523|131822|8001028|2|2500|0|      |20220523|20220523|0603|2022-06-03 07:03:35
487354|0000000545688176              |20220523|154403|004|675|0|30300079|130010009|130759120|4|20220523|151443|8001366|20220523|154922|8002454|2|1500|0|      |20220523|20220523|0603|2022-06-03 07:03:35
487356|0000000527060071              |20220523|172545|013|676|0|30300130|130010008|130752149|1|20220523|170212|8002486|20220523|173728|8002454|2|2500|0|      |20220523|20220523|0603|2022-06-03 07:03:35
487358|0000000528015766              |20220523|182852|002|676|0|30300130|130010008|130752148|1|20220523|175634|8002345|20220523|184135|8002454|2|2500|0|      |20220523|20220523|0603|2022-06-03 07:03:35
487360|0000000545291925              |20220523|193003|030|675|0|30300064|130010015|130759673|1|20220523|190040|8003016|20220523|193846|8002454|2|2500|0|      |20220523|20220523|0603|2022-06-03 07:03:35
487362|0000000516895893              |20220523|072359|026|676|0|30300086|130010013|130759800|4|20220523|065424|8001477|20220523|075316|8001096|2|1500|0|      |20220523|20220523|0603|2022-06-03 07:03:35
487364|0000000261956942              |20220523|093934|002|675|0|30300055|130010014|130753268|1|20220523|053602|8001444|20220523|095002|8001412|2|2500|0|      |20220523|20220523|0603|2022-06-03 07:03:35
487771|0000000319131510              |20220523|130617|021|675|0|30300083|130010001|130759780|1|20220523|125344|8001735|20220523|131159|8001494|2|2500|0|      |20220523|20220523|0603|2022-06-03 07:03:35
487773|0000000527191977              |20220523|202158|009|675|0|30300065|130010004|130752267|1|20220523|131522|8001421|20220523|204430|8007018|2|2500|0|      |20220523|20220523|0603|2022-06-03 07:03:35
487775|0000000305550123              |20220523|205622|025|675|0|30300091|130010013|130759817|4|20220523|190018|8001086|20220523|210404|8002615|2|1500|0|      |20220523|20220523|0603|2022-06-03 07:03:35
487777|0000000540261501              |20220523|141041|021|675|0|30300067|130010001|130759786|1|20220523|134017|8001250|20220523|142624|8002635|2|2500|0|      |20220523|20220523|0603|2022-06-03 07:03:35
487779|0000000543986057              |20220523|133947|004|675|0|30300067|130010001|130759742|1|20220523|131338|8002451|20220523|135929|8001529|2|2500|0|      |20220523|20220523|0603|2022-06-03 07:03:35
487781|0000000522360058              |20220523|150918|030|675|0|30300091|130010013|130759816|2|20220523|145658|8001906|20220523|151827|8002140|2|700|0|      |20220523|20220523|0603|2022-06-03 07:03:35
487783|0000000539967527              |20220523|151647|020|675|0|30300082|130010001|130759485|1|20220523|141710|8001791|20220523|152502|8002448|2|2500|0|      |20220523|20220523|0603|2022-06-03 07:03:35
487785|0000000544633747              |20220523|164955|015|676|0|30300070|130010004|130752605|2|20220523|154201|8002290|20220523|165800|8002301|2|700|0|      |20220523|20220523|0603|2022-06-03 07:03:35
487787|0000000543598142              |20220523|160708|014|675|0|30300067|130010001|130759742|4|20220523|145457|8001465|20220523|161230|8001832|3|2250|0|      |20220523|20220523|0603|2022-06-03 07:03:35
487789|0000000546578231              |20220523|163709|012|675|0|30300091|130010013|130759816|1|20220523|145658|8001463|20220523|164544|8007271|2|2500|0|      |20220523|20220523|0603|2022-06-03 07:03:35
487791|0000000539967527              |20220523|165635|021|675|0|30300082|130010001|130759770|1|20220523|164017|8002447|20220523|170619|8001660|2|2500|0|      |20220523|20220523|0603|2022-06-03 07:03:35
487793|0000000547773262              |20220523|164527|012|676|0|30300070|130010004|130752208|2|20220523|164049|8003101|20220523|172039|8002790|2|700|0|      |20220523|20220523|0603|2022-06-03 07:03:35
487795|0000000090738766              |20220523|165657|012|675|0|30300082|130010001|130759739|1|20220523|143407|8001746|20220523|170037|8002696|2|2500|0|      |20220523|20220523|0603|2022-06-03 07:03:35
489434|0000000544633659              |20220523|180436|001|675|0|30300082|130010001|130759413|4|20220523|151110|8001245|20220523|181922|8002451|1|750|0|      |20220523|20220523|0603|2022-06-03 07:03:36
489436|0000000533412731              |20220523|071914|008|675|0|30300083|130010001|130759480|4|20220523|065607|8002691|20220523|072426|8002697|1|750|0|      |20220523|20220523|0603|2022-06-03 07:03:36
489438|0000000171766429              |20220523|073609|012|676|0|30300051|130010008|130752114|1|20220523|064739|8002118|20220523|075631|8002437|1|1250|0|      |20220523|20220523|0603|2022-06-03 07:03:36
489440|0000000510281792              |20220523|075432|023|675|0|30300095|130010005|130759210|4|20220523|071631|8001951|20220523|080435|8001260|1|750|0|      |20220523|20220523|0603|2022-06-03 07:03:36
489442|0000000280453831              |20220523|082023|019|675|0|30300095|130010005|130759229|4|20220523|045431|8002908|20220523|085940|8001707|1|750|0|      |20220523|20220523|0603|2022-06-03 07:03:36
489444|0000000298675840              |20220523|101432|031|676|0|30300087|130010008|130752141|1|20220523|100914|8002131|20220523|103456|8003011|1|1250|0|      |20220523|20220523|0603|2022-06-03 07:03:36
489446|0000000534993214              |20220523|123033|003|676|0|30300043|130010015|130759677|1|20220523|121316|8001358|20220523|130605|8002636|1|1250|0|      |20220523|20220523|0603|2022-06-03 07:03:36
489448|0000000544618040              |20220523|215822|012|675|0|30300082|130010001|130759739|4|20220523|213528|8005998|20220523|220435|8002925|1|750|0|      |20220523|20220523|0603|2022-06-03 07:03:36
489450|0000000528920680              |20220523|223021|017|675|0|30300101|130010002|130752354|1|20220523|220931|8001029|20220523|224233|8002831|1|1250|0|      |20220523|20220523|0603|2022-06-03 07:03:36
489857|0000000090368237              |20220523|115721|005|676|0|30300037|130010006|130752050|1|20220523|110028|8002339|20220523|120756|8007268|1|1250|0|      |20220523|20220523|0603|2022-06-03 07:03:36
489859|0000000540658464              |20220523|120155|005|675|0|30300055|130010014|130753234|4|20220523|112231|8002339|20220523|121114|8001529|1|750|0|      |20220523|20220523|0603|2022-06-03 07:03:36
489861|0000000548921051              |20220523|222407|001|675|0|30300077|130010006|130759018|4|20220523|220357|8001419|20220523|224437|8002579|1|750|0|      |20220523|20220523|0603|2022-06-03 07:03:36
489863|0000000520030586              |20220523|211022|025|676|0|30300040|130010013|130759871|4|20220523|205945|8002721|20220523|212700|8002757|1|750|0|      |20220523|20220523|0603|2022-06-03 07:03:36
489865|0000000095342033              |20220523|212833|002|676|0|30300037|130010006|130759004|4|20220523|202451|8002339|20220523|213452|8003054|1|750|0|      |20220523|20220523|0603|2022-06-03 07:03:36
489867|0000000317442963              |20220523|141514|002|675|0|30300055|130010014|130753212|1|20220523|133509|8002339|20220523|142824|8002631|1|1250|0|      |20220523|20220523|0603|2022-06-03 07:03:36
489869|0000000548744228              |20220523|160304|003|676|0|30300037|130010006|130752002|4|20220523|144903|8002339|20220523|160821|8001348|1|750|0|      |20220523|20220523|0603|2022-06-03 07:03:36
489871|0000000529276368              |20220523|170838|014|675|0|30300058|130010004|130752266|4|20220523|145748|8001935|20220523|172751|8002706|1|750|0|      |20220523|20220523|0603|2022-06-03 07:03:36
489873|0000000091627524              |20220523|171057|024|676|0|30300051|130010008|130752106|4|20220523|163330|8001935|20220523|172359|8002545|1|750|0|      |20220523|20220523|0603|2022-06-03 07:03:36
489875|0000000544075241              |20220523|181305|014|676|0|30300037|130010006|130752014|4|20220523|170108|8002339|20220523|181752|8001348|1|750|0|      |20220523|20220523|0603|2022-06-03 07:03:36
489877|0000000510297947              |20220523|181531|010|675|0|30300053|130010002|130752368|1|20220523|175828|8001587|20220523|184158|8001028|1|1250|0|      |20220523|20220523|0603|2022-06-03 07:03:36
489879|0000000546937291              |20220523|185752|001|675|0|30300058|130010004|130752259|1|20220523|124748|8001935|20220523|191201|8002916|1|1250|0|      |20220523|20220523|0603|2022-06-03 07:03:36
489881|0000000102711647              |20220523|182637|004|680|0|30300118|130010011|130759524|1|20220523|155000|8002133|20220523|192558|8001519|1|1250|0|      |20220523|20220523|0603|2022-06-03 07:03:36
490288|0000000303120071              |20220523|125253|030|675|0|30300075|130010005|130759221|4|20220523|125112|8005883|20220523|130010|8002824|1|750|0|      |20220523|20220523|0603|2022-06-03 07:03:36
490290|0000000521367708              |20220523|154833|009|675|0|30300080|130010009|130759154|4|20220523|143607|8001366|20220523|155135|8001348|1|750|0|      |20220523|20220523|0603|2022-06-03 07:03:36
490292|0000000526311405              |20220523|162939|016|677|0|30300129|130010009|130759101|4|20220523|130154|8007395|20220523|164403|8007164|1|750|0|      |20220523|20220523|0603|2022-06-03 07:03:36
490294|0000000261752871              |20220523|172256|028|676|0|30300040|130010007|130759380|1|20220523|163800|8002954|20220523|174411|8002412|1|1250|0|      |20220523|20220523|0603|2022-06-03 07:03:36
490296|0000000534273547              |20220523|173850|029|675|0|30300050|130010007|130759342|4|20220523|170904|8001270|20220523|175400|8002997|1|750|0|      |20220523|20220523|0603|2022-06-03 07:03:36
490298|0000000539462935              |20220523|181031|003|675|0|30300101|130010002|130752354|1|20220523|170429|8002089|20220523|185541|8002978|1|1250|0|      |20220523|20220523|0603|2022-06-03 07:03:36
490300|0000000536524309              |20220523|174036|007|675|0|30300076|130010014|130753231|1|20220523|170310|8001936|20220523|180803|8003017|1|1250|0|      |20220523|20220523|0603|2022-06-03 07:03:36
490302|0000000102714359              |20220523|191202|014|681|0|30300042|130010009|130759121|4|20220523|133941|8001359|20220523|192011|8001949|1|750|0|      |20220523|20220523|0603|2022-06-03 07:03:36
490304|0000000548193966              |20220523|070934|003|674|0|30300100|130010002|130752362|4|20220523|070649|8002678|20220523|072850|8002118|1|750|0|      |20220523|20220523|0603|2022-06-03 07:03:36
490306|0000000527192560              |20220523|065937|003|675|0|30300050|130010007|130759309|4|20220523|062919|8002973|20220523|074139|8002536|1|750|0|      |20220523|20220523|0603|2022-06-03 07:03:36
490308|0000000540955074              |20220523|074254|001|675|0|30300145|130010014|130753527|4|20220523|072213|8002492|20220523|075526|8001299|1|750|0|      |20220523|20220523|0603|2022-06-03 07:03:36
490310|0000000526753581              |20220523|075536|021|675|0|30300048|130010006|130752021|4|20220523|063717|8002054|20220523|080800|8005570|1|750|0|      |20220523|20220523|0603|2022-06-03 07:03:36
490312|0000000312250729              |20220523|090602|017|675|0|30300108|130010007|130759316|4|20220523|083725|8002849|20220523|094633|8002737|1|750|0|      |20220523|20220523|0603|2022-06-03 07:03:36
490314|0000000301523821              |20220523|115538|008|676|0|30300073|130010009|130759117|1|20220523|114802|8002824|20220523|121131|8001417|1|1250|0|      |20220523|20220523|0603|2022-06-03 07:03:36
491996|0000000535002171              |20220523|082813|005|675|0|30300094|130010014|130753608|1|20220523|075108|8002941|20220523|083042|8002721|1|1250|0|      |20220523|20220523|0603|2022-06-03 07:03:36
499873|0000000903987573              |20220523|174059|023|676|0|30300039|130010005|130759224|1|20220523|171328|8002399|20220523|180622|8001378|1|1250|0|      |20220523|20220523|0603|2022-06-03 07:03:36
499875|0000000778126519              |20220523|180739|004|676|0|30300037|130010006|130752014|1|20220523|170108|8001035|20220523|181717|8001348|1|1250|0|      |20220523|20220523|0603|2022-06-03 07:03:36
499877|0000000778054812              |20220523|182846|018|676|0|30300037|130010006|130752005|1|20220523|181240|8001443|20220523|184059|8002311|1|1250|0|      |20220523|20220523|0603|2022-06-03 07:03:36
499879|0000000918041684              |20220523|115518|027|676|0|30300037|130010006|130752007|1|20220523|114856|8002920|20220523|121012|8002412|1|1250|0|      |20220523|20220523|0603|2022-06-03 07:03:36
499881|0000000767279709              |20220523|123421|010|676|0|30300037|130010006|130752044|1|20220523|113814|8001035|20220523|124800|8003054|1|1250|0|      |20220523|20220523|0603|2022-06-03 07:03:36
499883|0000000773658813              |20220523|222412|015|676|0|30300037|130010006|130752062|1|20220523|220344|8002997|20220523|223753|8001912|1|1250|0|      |20220523|20220523|0603|2022-06-03 07:03:36
499885|0000000632556939              |20220523|214517|002|676|0|30300054|130010007|130759352|1|20220523|212927|8001304|20220523|220256|8001568|1|1250|0|      |20220523|20220523|0603|2022-06-03 07:03:36
499887|0000000743361510              |20220523|221422|027|676|0|30300054|130010007|130759341|1|20220523|214757|8002453|20220523|224602|8002943|1|1250|0|      |20220523|20220523|0603|2022-06-03 07:03:36
499889|0000000903993166              |20220523|103827|008|676|0|30300037|130010006|130752035|1|20220523|095208|8003006|20220523|105046|8001097|1|1250|0|      |20220523|20220523|0603|2022-06-03 07:03:36
500296|0000000767109815              |20220523|145802|020|676|0|30300037|130010006|130752002|1|20220523|144903|8002920|20220523|151344|8002412|1|1250|0|      |20220523|20220523|0603|2022-06-03 07:03:36
500298|0000000903850927              |20220523|150431|022|676|0|30300040|130010007|130759388|1|20220523|143820|8002905|20220523|151243|8002075|1|1250|0|      |20220523|20220523|0603|2022-06-03 07:03:36
500300|0000000743724935              |20220523|154504|028|676|0|30300054|130010007|130759378|1|20220523|150051|8002468|20220523|155905|8001707|1|1250|0|      |20220523|20220523|0603|2022-06-03 07:03:36
500302|0000000713444666              |20220523|152346|004|676|0|30300040|130010013|130759873|1|20220523|133005|8002905|20220523|153244|8002075|1|1250|0|      |20220523|20220523|0603|2022-06-03 07:03:36
500304|0000000774723813              |20220523|152153|005|676|0|30300037|130010006|130752050|1|20220523|145951|8002720|20220523|153733|8001005|1|1250|0|      |20220523|20220523|0603|2022-06-03 07:03:36
500306|0000000903862526              |20220523|161239|016|676|0|30300054|130010007|130759353|1|20220523|155932|8002708|20220523|163848|8002453|1|1250|0|      |20220523|20220523|0603|2022-06-03 07:03:36
500308|0000000768432897              |20220523|164247|017|676|0|30300040|130010007|130759367|1|20220523|155946|8001005|20220523|165200|8002241|1|1250|0|      |20220523|20220523|0603|2022-06-03 07:03:36
500310|0000000625546975              |20220523|164405|024|676|0|30300040|130010007|130759380|1|20220523|163800|8002893|20220523|170159|8002905|1|1250|0|      |20220523|20220523|0603|2022-06-03 07:03:36
500312|0000000777250910              |20220523|165842|004|676|0|30300040|130010013|130759818|1|20220523|143529|8002954|20220523|170557|8001091|1|1250|0|      |20220523|20220523|0603|2022-06-03 07:03:36
500314|0000000767024496              |20220523|173434|017|676|0|30300040|130010007|130759388|1|20220523|163120|8001097|20220523|174258|8001611|1|1250|0|      |20220523|20220523|0603|2022-06-03 07:03:36
500316|0000000743383743              |20220523|175829|017|676|0|30300040|130010007|130759343|1|20220523|155029|8002763|20220523|181600|8001091|1|1250|0|      |20220523|20220523|0603|2022-06-03 07:03:36
500318|0000000671258304              |20220523|180842|030|676|0|30300037|130010006|130752024|1|20220523|171951|8005960|20220523|181859|8001097|1|1250|0|      |20220523|20220523|0603|2022-06-03 07:03:36
500320|0000000742831440              |20220523|180822|008|676|0|30300040|130010013|130759871|1|20220523|172823|8002953|20220523|182243|8001005|1|1250|0|      |20220523|20220523|0603|2022-06-03 07:03:36
500322|0000000771345773              |20220523|120622|006|676|0|30300040|130010007|130759380|1|20220523|120353|8002941|20220523|122559|8002757|1|1250|0|      |20220523|20220523|0603|2022-06-03 07:03:36
486233|0000000772053903              |20220523|183743|011|674|1|30300100|130010002|130752348|1|20220523|172254|8001929|20220523|185737|8001158|1|0|0|      |20220523|20220523|0603|2022-06-03 07:03:36
486235|0000000903620322              |20220523|183834|005|676|1|30300041|130010012|130753320|1|20220523|174517|8002088|20220523|185001|8002650|1|0|0|      |20220523|20220523|0603|2022-06-03 07:03:36
486237|0000000734126154              |20220523|193653|023|680|2|30300027|130010006|130752075|1|20220523|191002|8002824|20220523|193948|8002825|1|0|0|      |20220523|20220523|0603|2022-06-03 07:03:36
486239|0000000673633564              |20220523|192957|006|675|1|30300101|130010002|130752311|1|20220523|190600|8001029|20220523|194142|8001084|1|0|0|      |20220523|20220523|0603|2022-06-03 07:03:36
486241|0000000706246805              |20220523|071545|001|680|0|30300034|130010005|130759204|4|20220523|063745|8002496|20220523|072043|8002093|1|750|0|      |20220523|20220523|0603|2022-06-03 07:03:36
486243|0000000662057087              |20220523|141543|006|676|1|30300041|130010012|130753327|1|20220523|133944|8002969|20220523|142052|8002087|1|0|0|      |20220523|20220523|0603|2022-06-03 07:03:36
486245|0000000648005048              |20220523|141337|014|675|0|30300101|130010002|130752326|2|20220523|140903|8002351|20220523|150328|8002089|1|350|0|      |20220523|20220523|0603|2022-06-03 07:03:36
486247|0000000909268840              |20220523|140325|014|676|1|30300072|130010001|130759431|1|20220523|132839|8002618|20220523|144312|8005989|1|0|0|      |20220523|20220523|0603|2022-06-03 07:03:36
486249|0000000742147712              |20220523|142850|028|675|1|30300064|130010015|130759637|1|20220523|134830|8001874|20220523|143148|8002528|1|0|0|      |20220523|20220523|0603|2022-06-03 07:03:36
486251|0000000725939059              |20220523|203713|026|674|0|30300100|130010002|130752393|4|20220523|193929|8001529|20220523|211127|8001916|1|750|0|      |20220523|20220523|0603|2022-06-03 07:03:36
486253|0000000612364019              |20220523|164744|002|675|1|30300078|130010008|130752172|1|20220523|161925|8001417|20220523|165352|8007271|1|0|0|      |20220523|20220523|0603|2022-06-03 07:03:36
486255|0000000908106515              |20220523|172437|027|675|0|30300092|130010013|130759833|4|20220523|160907|8001423|20220523|173118|8001477|1|750|0|      |20220523|20220523|0603|2022-06-03 07:03:36
486257|0000000903947848              |20220523|174223|025|675|2|30300045|130010006|130752048|1|20220523|165054|8002974|20220523|175211|8070045|1|0|0|      |20220523|20220523|0603|2022-06-03 07:03:36
486664|0000000760374365              |20220523|084909|023|676|1|30300130|130010008|130752140|1|20220523|075404|8001349|20220523|085526|8002487|1|0|0|      |20220523|20220523|0603|2022-06-03 07:03:36
494555|0000000540970406              |20220523|084739|002|675|0|30300045|130010006|130759002|1|20220523|072634|8001952|20220523|090123|8005921|1|1250|0|      |20220523|20220523|0603|2022-06-03 07:03:36
494557|0000000547829585              |20220523|075443|003|676|0|30300093|130010004|130752262|4|20220523|054608|8007005|20220523|081459|8001418|1|750|0|      |20220523|20220523|0603|2022-06-03 07:03:36
494964|0000000717940052              |20220523|082716|009|675|1|30300055|130010014|130753212|1|20220523|061351|8002733|20220523|085152|8002340|1|0|0|      |20220523|20220523|0603|2022-06-03 07:03:36
494966|0000000909504700              |20220523|100044|012|676|0|30300040|130010013|130759813|4|20220523|081132|8001096|20220523|100710|8002905|1|750|0|      |20220523|20220523|0603|2022-06-03 07:03:36
494968|0000000768389049              |20220523|135557|009|674|1|30300104|130010002|130752303|1|20220523|135216|8001960|20220523|143145|8002453|1|0|0|      |20220523|20220523|0603|2022-06-03 07:03:36
494970|0000000921171134              |20220523|162154|012|675|0|30300053|130010002|130752377|4|20220523|161517|8002948|20220523|163716|8001081|1|750|0|      |20220523|20220523|0603|2022-06-03 07:03:36
494972|0000000904784441              |20220523|160131|003|676|0|30300088|130010002|130752338|4|20220523|153131|8001166|20220523|164020|8001303|1|750|0|      |20220523|20220523|0603|2022-06-03 07:03:36
494974|0000000731556203              |20220523|181547|011|674|1|30300104|130010002|130752505|4|20220523|170113|8001644|20220523|182624|8001158|1|0|0|      |20220523|20220523|0603|2022-06-03 07:03:36
494976|0000000760458435              |20220523|130645|014|676|1|30300051|130010008|130752153|4|20220523|124923|8002454|20220523|133852|8001526|1|0|0|      |20220523|20220523|0603|2022-06-03 07:03:36
494978|0000000912409549              |20220523|124752|002|676|2|30300043|130010015|130759630|1|20220523|113823|8002378|20220523|125612|8005588|1|0|0|      |20220523|20220523|0603|2022-06-03 07:03:36
494980|0000000732870344              |20220523|182544|012|675|0|30300076|130010014|130753235|4|20220523|164634|8001645|20220523|184727|8001718|1|750|0|      |20220523|20220523|0603|2022-06-03 07:03:36
494982|0000000910710966              |20220523|073728|002|675|1|30300108|130010007|130759316|1|20220523|073024|8002721|20220523|075003|8007320|1|0|0|      |20220523|20220523|0603|2022-06-03 07:03:36
494984|0000000760770674              |20220523|150612|028|675|1|30300064|130010015|130759638|4|20220523|141752|8001874|20220523|151905|8007514|1|0|0|      |20220523|20220523|0603|2022-06-03 07:03:36
494986|0000000627369694              |20220523|163826|025|675|1|30300058|130010004|130752251|1|20220523|155438|8001929|20220523|164923|8001654|1|0|0|      |20220523|20220523|0603|2022-06-03 07:03:36
494988|0000000731556203              |20220523|180108|011|676|0|30300068|130010006|130752008|4|20220523|164758|8007156|20220523|180915|8007178|1|750|0|      |20220523|20220523|0603|2022-06-03 07:03:36
494990|0000000760458435              |20220523|124701|014|675|0|30300064|130010015|130759625|4|20220523|053146|8001467|20220523|130321|8002454|1|750|0|      |20220523|20220523|0603|2022-06-03 07:03:36
495397|0000000760721119              |20220523|084206|008|675|1|30300067|130010001|130759412|1|20220523|074833|8002635|20220523|085824|8002445|1|0|0|      |20220523|20220523|0603|2022-06-03 07:03:36
495399|0000000918426094              |20220523|092148|003|676|1|30300090|130010005|130759215|1|20220523|084824|8002075|20220523|092818|8002870|1|0|0|      |20220523|20220523|0603|2022-06-03 07:03:36
495401|0000000707772347              |20220523|095213|022|676|2|30300037|130010006|130759021|1|20220523|085930|8002412|20220523|095320|8002997|1|0|0|      |20220523|20220523|0603|2022-06-03 07:03:36
495403|0000000771758110              |20220523|183722|017|676|1|30300072|130010001|130759427|1|20220523|140418|8002156|20220523|185959|8002986|1|0|0|      |20220523|20220523|0603|2022-06-03 07:03:36
495405|0000000746577613              |20220523|061140|030|674|2|30300002|130010007|130759315|1|20220523|055533|8001230|20220523|061228|8003020|1|0|0|      |20220523|20220523|0603|2022-06-03 07:03:36
495407|0000000644062855              |20220523|061924|010|675|1|30300062|130010008|130752704|1|20220523|053934|8001567|20220523|062312|8002202|1|0|0|      |20220523|20220523|0603|2022-06-03 07:03:36
495409|0000000720698213              |20220523|071603|006|676|1|30300130|130010008|130752149|1|20220523|064142|8002454|20220523|072829|8001716|1|0|0|      |20220523|20220523|0603|2022-06-03 07:03:36
495411|0000000672613144              |20220523|074908|013|675|1|30300060|130010014|130753523|1|20220523|070110|8002279|20220523|080017|8002088|1|0|0|      |20220523|20220523|0603|2022-06-03 07:03:36
495413|0000000708787406              |20220523|134902|026|675|1|30300055|130010014|130753261|1|20220523|125017|8002001|20220523|135523|8001929|1|0|0|      |20220523|20220523|0603|2022-06-03 07:03:36
495415|0000000771544799              |20220523|142319|002|674|1|30300104|130010002|130752504|1|20220523|141811|8001078|20220523|142951|8001426|1|0|0|      |20220523|20220523|0603|2022-06-03 07:03:36
495417|0000000777608930              |20220523|200655|010|675|1|30300055|130010014|130753212|1|20220523|190224|8001553|20220523|201315|8002912|1|0|0|      |20220523|20220523|0603|2022-06-03 07:03:36
495419|0000000725788016              |20220523|195945|026|676|1|30300131|130010008|130752706|1|20220523|194818|8002089|20220523|203728|8001290|1|0|0|      |20220523|20220523|0603|2022-06-03 07:03:36
495421|0000000904823059              |20220523|211540|006|675|3|30300053|130010002|130752368|1|20220523|211054|8006006|20220523|211919|8002758|1|0|0|      |20220523|20220523|0603|2022-06-03 07:03:36
495828|0000000784515557              |20220523|173654|005|676|2|30300093|130010004|130752282|1|20220523|163212|8002208|20220523|175115|8001555|1|0|0|      |20220523|20220523|0603|2022-06-03 07:03:36
495830|0000000400111918              |20220523|101548|010|675|0|30300053|130010002|130752377|1|20220523|095225|8002108|20220523|104317|8001239|1|1250|0|      |20220523|20220523|0603|2022-06-03 07:03:36
495832|0000000400125914              |20220523|102656|028|675|0|30300067|130010001|130759717|1|20220523|101915|8001835|20220523|103807|8005580|1|1250|0|      |20220523|20220523|0603|2022-06-03 07:03:36
495834|0000000695403933              |20220523|112810|014|675|0|30300053|130010002|130752385|1|20220523|104253|8001731|20220523|114534|8001567|1|1250|0|      |20220523|20220523|0603|2022-06-03 07:03:36
495836|0000000688926232              |20220523|120902|010|676|0|30300093|130010004|130752207|1|20220523|110820|8001035|20220523|122051|8001464|1|1250|0|      |20220523|20220523|0603|2022-06-03 07:03:36
495838|0000000789119882              |20220523|081957|005|676|0|30300093|130010004|130752214|1|20220523|073833|8002207|20220523|083707|8001398|1|1250|0|      |20220523|20220523|0603|2022-06-03 07:03:36
495840|0000000186886081              |20220523|084717|005|675|0|30300053|130010002|130752385|1|20220523|074209|8001074|20220523|085259|8001567|1|1250|0|      |20220523|20220523|0603|2022-06-03 07:03:36
495842|0000000692633435              |20220523|183537|002|675|0|30300053|130010002|130752394|1|20220523|183522|8005583|20220523|191306|8001279|1|1250|0|      |20220523|20220523|0603|2022-06-03 07:03:36
487558|0000000124965409              |20220523|120805|001|673|0|30300003|130510004|130751003|1|20220523|052829|8007023|20220523|122008|8001580|1|1100|0|      |20220523|20220523|0603|2022-06-03 07:03:37
487560|0000000548634059              |20220523|223105|003|832|0|30300128|130710001|130759922|1|20220523|053033|8007296|20220523|223149|8007294|1|1700|0|      |20220523|20220523|0603|2022-06-03 07:03:37
487562|0000000539905194              |20220523|232034|002|832|0|30300128|130710001|130759914|1|20220523|060217|8007053|20220523|232524|3014014|1|1700|0|      |20220523|20220523|0603|2022-06-03 07:03:37
487564|0000000282408876              |20220523|213244|012|673|0|30300001|130510004|130751006|1|20220523|055818|8002767|20220523|213724|8002535|1|1100|0|      |20220523|20220523|0603|2022-06-03 07:03:37
487566|0000000134958959              |20220523|140557|021|673|0|30300001|130510004|130751005|1|20220523|072827|8002805|20220523|141128|8001555|1|1100|0|      |20220523|20220523|0603|2022-06-03 07:03:37
487568|0000000528665288              |20220523|144409|014|675|0|30300055|130010014|130753212|4|20220523|133509|8005646|20220523|144814|8001663|2|1500|0|      |20220523|20220523|0603|2022-06-03 07:03:37
487570|0000000310435134              |20220523|143919|021|675|0|30300055|130010014|130753204|4|20220523|132709|8005646|20220523|144443|8001663|2|1500|0|      |20220523|20220523|0603|2022-06-03 07:03:37
487572|0000000262885847              |20220523|144855|027|675|0|30300055|130010014|130753268|1|20220523|125555|8001848|20220523|145804|8001538|2|2500|0|      |20220523|20220523|0603|2022-06-03 07:03:37
487574|0000000534967086              |20220523|143634|001|673|1|30300001|130510004|130751012|1|20220523|055850|8005782|20220523|145800|8002537|1|0|0|      |20220523|20220523|0603|2022-06-03 07:03:37
487576|0000000170407345              |20220523|160146|001|675|1|30300055|130010014|130753227|1|20220523|145703|8002734|20220523|160854|8001539|2|1250|0|      |20220523|20220523|0603|2022-06-03 07:03:37
487578|0000000524388112              |20220523|163541|002|675|0|30300055|130010014|130753268|1|20220523|125555|8002093|20220523|165320|8001554|3|1950|0|      |20220523|20220523|0603|2022-06-03 07:03:37
487580|0000000530620897              |20220523|171518|003|675|0|30300055|130010014|130753252|4|20220523|151401|8001353|20220523|171747|8002927|2|1500|0|      |20220523|20220523|0603|2022-06-03 07:03:37
487987|0000000274998681              |20220523|165047|007|675|0|30300057|130010001|130759755|4|20220523|162537|8002888|20220523|170416|8001539|2|1500|0|      |20220523|20220523|0603|2022-06-03 07:03:37
487989|0000000535310946              |20220523|172901|019|676|0|30300068|130010006|130759025|4|20220523|113608|8001624|20220523|173659|8002778|2|1500|0|      |20220523|20220523|0603|2022-06-03 07:03:37
487991|0000000507210738              |20220523|065530|023|675|0|30300061|130010015|130759617|4|20220523|055237|8002723|20220523|070136|8002887|2|1500|0|      |20220523|20220523|0603|2022-06-03 07:03:37
487993|0000000303119763              |20220523|074748|003|676|0|30300130|130010008|130752719|4|20220523|060250|8002823|20220523|075320|8002297|2|1500|0|      |20220523|20220523|0603|2022-06-03 07:03:37
487995|0000000301521367              |20220523|080102|024|675|0|30300078|130010008|130752166|1|20220523|071259|8002100|20220523|082112|8002605|2|2500|0|      |20220523|20220523|0603|2022-06-03 07:03:37
487997|0000000544618030              |20220523|075815|030|675|0|30300061|130010015|130759612|2|20220523|070707|8002942|20220523|080832|8001749|2|700|0|      |20220523|20220523|0603|2022-06-03 07:03:37
487999|0000000513779557              |20220523|094130|021|675|0|30300059|130010004|130752270|1|20220523|082731|8002757|20220523|094558|8001587|2|2500|0|      |20220523|20220523|0603|2022-06-03 07:03:37
488001|0000000519303204              |20220523|111145|019|675|1|30300057|130010001|130759489|1|20220523|105523|8001545|20220523|113918|8002635|2|1250|0|      |20220523|20220523|0603|2022-06-03 07:03:37
488003|0000000542476818              |20220523|125037|018|676|0|30300130|130010008|130752140|1|20220523|115423|8002829|20220523|125330|8001041|2|2500|0|      |20220523|20220523|0603|2022-06-03 07:03:37
488005|0000000131182642              |20220523|124534|004|676|0|30300130|130010008|130752720|4|20220523|121639|8001348|20220523|124743|8002358|2|1500|0|      |20220523|20220523|0603|2022-06-03 07:03:37
488007|0000000131044154              |20220523|195829|024|675|1|30300057|130010001|130759759|1|20220523|195409|8001280|20220523|200407|8001846|2|1250|0|      |20220523|20220523|0603|2022-06-03 07:03:37
488009|0000000121893207              |20220523|133414|022|675|1|30300084|130010001|130759760|1|20220523|123837|8001789|20220523|134729|8001834|2|1250|0|      |20220523|20220523|0603|2022-06-03 07:03:37
488011|0000000520355010              |20220523|143309|004|675|0|30300108|130010007|130759317|4|20220523|141947|8070046|20220523|144411|8070044|2|1500|0|      |20220523|20220523|0603|2022-06-03 07:03:37
488013|0000000543656129              |20220523|143313|014|675|0|30300048|130010006|130752033|4|20220523|132635|8002849|20220523|143835|8007542|2|1500|0|      |20220523|20220523|0603|2022-06-03 07:03:37
489047|0000000792038085              |20220523|182054|013|676|0|30300036|130010011|130759510|1|20220523|135723|8002757|20220523|184253|8002628|1|1250|0|      |20220523|20220523|0603|2022-06-03 07:03:37
489049|0000000695186419              |20220523|075742|021|676|0|30300068|130010006|130752032|1|20220523|071546|8001534|20220523|080634|8002641|1|1250|0|      |20220523|20220523|0603|2022-06-03 07:03:37
489051|0000000785822581              |20220523|144106|017|675|0|30300095|130010005|130759228|1|20220523|140349|8002276|20220523|145438|8001646|1|1250|0|      |20220523|20220523|0603|2022-06-03 07:03:37
489053|0000000699891763              |20220523|141919|016|676|0|30300051|130010008|130752122|1|20220523|141410|8001534|20220523|143859|8002734|1|1250|0|      |20220523|20220523|0603|2022-06-03 07:03:37
489055|0000000792682061              |20220523|155937|010|676|1|30300051|130010008|130752106|1|20220523|150931|8001934|20220523|160223|8002733|1|0|0|      |20220523|20220523|0603|2022-06-03 07:03:37
489057|0000000788390326              |20220523|164414|007|674|0|30300002|130010007|130759333|1|20220523|155105|8001430|20220523|165130|8002880|1|1250|0|      |20220523|20220523|0603|2022-06-03 07:03:37
489059|0000000400186720              |20220523|174352|015|675|0|30300101|130010002|130752311|1|20220523|162834|8002558|20220523|175722|8001646|1|1250|0|      |20220523|20220523|0603|2022-06-03 07:03:37
489061|0000000791273928              |20220523|182048|012|676|0|30300087|130010015|130759636|1|20220523|170858|8002276|20220523|183042|8002965|1|1250|0|      |20220523|20220523|0603|2022-06-03 07:03:37
489063|0000000697697374              |20220523|123135|008|674|1|30300100|130010002|130752382|1|20220523|120224|8001934|20220523|124245|8001413|1|0|0|      |20220523|20220523|0603|2022-06-03 07:03:37
489065|0000000400184732              |20220523|132902|008|675|0|30300058|130010004|130752292|1|20220523|125306|8001934|20220523|133830|8002620|1|1250|0|      |20220523|20220523|0603|2022-06-03 07:03:37
489067|0000000400155698              |20220523|105521|007|676|0|30300072|130010001|130759724|1|20220523|095624|8002558|20220523|111051|8001059|1|1250|0|      |20220523|20220523|0603|2022-06-03 07:03:37
498032|0000000908789510              |20220523|150347|026|675|0|30300101|130010002|130752320|4|20220523|130407|8001081|20220523|151518|8007246|1|750|0|      |20220523|20220523|0603|2022-06-03 07:03:37
498034|0000000921260479              |20220523|145624|007|677|1|30300129|130010009|130759101|1|20220523|130154|8001677|20220523|150126|8007161|1|0|0|      |20220523|20220523|0603|2022-06-03 07:03:37
498036|0000000764221872              |20220523|202324|014|675|0|30300055|130010014|130753218|4|20220523|192013|8001032|20220523|202838|8001553|1|750|0|      |20220523|20220523|0603|2022-06-03 07:03:37
498038|0000000722825812              |20220523|155538|017|675|1|30300075|130010005|130759203|1|20220523|143027|8002829|20220523|160553|8002296|1|0|0|      |20220523|20220523|0603|2022-06-03 07:03:37
498040|0000000744924489              |20220523|161520|022|675|0|30300101|130010002|130752304|4|20220523|153905|8001645|20220523|162525|8002453|1|750|0|      |20220523|20220523|0603|2022-06-03 07:03:37
498543|0000000532154503              |20220523|184124|004|676|0|30300089|130010011|130759517|1|20220523|161502|8001418|~       |      |~      |1|1250|0|      |20220523|~       |0603|2022-06-03 07:03:37
498545|0000000538623546              |20220523|183214|017|676|0|30300040|130010013|130759871|1|20220523|172823|8002241|~       |      |~      |1|1250|0|      |20220523|~       |0603|2022-06-03 07:03:37
498547|0000000542742008              |20220523|185623|021|674|0|30300002|130010007|130759326|1|20220523|183853|8001284|~       |      |~      |1|1250|0|      |20220523|~       |0603|2022-06-03 07:03:37
498549|0000000548629258              |20220523|080844|003|674|0|30300002|130010007|130759306|1|20220523|065327|8002134|~       |      |~      |1|1250|0|      |20220523|~       |0603|2022-06-03 07:03:37
498551|0000000540736981              |20220523|130847|022|676|0|30300040|130010007|130759343|1|20220523|123518|8002953|~       |      |~      |1|1250|0|      |20220523|~       |0603|2022-06-03 07:03:37
498553|0000000517669499              |20220523|125318|023|676|1|30300088|130010002|130752361|1|20220523|120738|8002722|~       |      |~      |1|0|0|      |20220523|~       |0603|2022-06-03 07:03:37
498555|0000000542715498              |20220523|221002|014|676|0|30300087|130010015|130759641|1|20220523|212430|8002757|~       |      |~      |1|1250|0|      |20220523|~       |0603|2022-06-03 07:03:37
498557|0000000540810206              |20220523|221631|027|674|0|30300002|130010007|130759338|1|20220523|220251|8002437|~       |      |~      |1|1250|0|      |20220523|~       |0603|2022-06-03 07:03:37
498559|0000000529078264              |20220523|223657|029|675|0|30300081|130010011|130759511|1|20220523|214621|8002159|~       |      |~      |1|1250|0|      |20220523|~       |0603|2022-06-03 07:03:37
498561|0000000299414621              |20220523|203100|007|676|0|30300088|130010006|130752016|1|20220523|190602|8001580|~       |      |~      |1|1250|0|      |20220523|~       |0603|2022-06-03 07:03:37
498563|0000000825330869              |20220523|204513|005|676|0|30300090|130010005|130759260|1|20220523|152255|8002953|~       |      |~      |1|1250|0|      |20220523|~       |0603|2022-06-03 07:03:37
498565|0000000539844129              |20220523|215528|004|676|0|30300089|130010011|130759516|1|20220523|204104|8002088|~       |      |~      |1|1250|0|      |20220523|~       |0603|2022-06-03 07:03:37
498567|0000000177879784              |20220523|132741|002|675|0|30300146|130010008|130752174|1|20220523|130700|8002106|~       |      |~      |1|1250|0|      |20220523|~       |0603|2022-06-03 07:03:37
498569|0000000538864674              |20220523|145851|024|675|0|30300058|130010004|130752293|1|20220523|141942|8002630|~       |      |~      |1|1250|0|      |20220523|~       |0603|2022-06-03 07:03:37
498571|0000000268670237              |20220523|153426|010|675|0|30300062|130010008|130752131|1|20220523|151349|8001078|~       |      |~      |1|1250|0|      |20220523|~       |0603|2022-06-03 07:03:37
499023|0000000261997132              |20220523|205023|016|676|0|30300131|130010008|130752722|1|20220523|194849|8005856|~       |      |~      |1|1250|0|      |20220523|~       |0603|2022-06-03 07:03:37
499025|0000000539911203              |20220523|134822|006|676|0|30300086|130010013|130759875|1|20220523|120148|8001921|~       |      |~      |1|1250|0|      |20220523|~       |0603|2022-06-03 07:03:37
499027|0000000548343404              |20220523|170353|011|676|0|30300088|130010006|130752006|1|20220523|162228|8002355|~       |      |~      |1|1250|0|      |20220523|~       |0603|2022-06-03 07:03:37
499029|0000000547444900              |20220523|180936|022|676|0|30300087|130010015|130759641|1|20220523|171908|8001831|~       |      |~      |1|1250|0|      |20220523|~       |0603|2022-06-03 07:03:37
499031|0000000520282573              |20220523|180628|007|675|0|30300091|130010013|130759817|1|20220523|153447|8002139|~       |      |~      |1|1250|0|      |20220523|~       |0603|2022-06-03 07:03:37
499033|0000000549652892              |20220523|185429|012|676|1|30300054|130010007|130759346|1|20220523|170922|8001260|~       |      |~      |1|0|0|      |20220523|~       |0603|2022-06-03 07:03:37
499035|0000000545200381              |20220523|181955|001|676|2|30300089|130010011|130759576|1|20220523|141159|8002088|~       |      |~      |1|0|0|      |20220523|~       |0603|2022-06-03 07:03:37
499037|0000000296753559              |20220523|190759|018|676|0|30300072|130010001|130759724|1|20220523|184902|8002814|~       |      |~      |1|1250|0|      |20220523|~       |0603|2022-06-03 07:03:37
499039|0000000272058559              |20220523|060200|014|676|0|30300043|130010015|130759602|1|20220523|053315|8002717|~       |      |~      |1|1250|0|      |20220523|~       |0603|2022-06-03 07:03:37
499041|0000000166287059              |20220523|073329|020|676|0|30300131|130010008|130752706|1|20220523|070028|8070012|~       |      |~      |1|1250|0|      |20220523|~       |0603|2022-06-03 07:03:37
499043|0000000281045840              |20220523|075217|021|676|0|30300131|130010008|130752716|1|20220523|073136|8001079|~       |      |~      |1|1250|0|      |20220523|~       |0603|2022-06-03 07:03:37
499045|0000000305440031              |20220523|075954|023|674|0|30300002|130010007|130759320|1|20220523|074319|8002251|~       |      |~      |1|1250|0|      |20220523|~       |0603|2022-06-03 07:03:37
499047|0000000494482851              |20220523|081235|011|675|0|30300046|130010002|130752357|1|20220523|080037|8001289|~       |      |~      |1|1250|0|      |20220523|~       |0603|2022-06-03 07:03:37
499049|0000000536115336              |20220523|083028|011|676|0|30300069|130010001|130759405|1|20220523|053855|8007370|~       |      |~      |1|1250|0|      |20220523|~       |0603|2022-06-03 07:03:37
499051|0000000545829579              |20220523|080705|007|676|0|30300069|130010001|130759715|1|20220523|063200|8001587|~       |      |~      |1|1250|0|      |20220523|~       |0603|2022-06-03 07:03:37
499486|0000000903423713              |20220523|162157|008|676|0|30300041|130010012|130753306|1|20220523|155248|8002720|20220523|163739|8001076|1|1250|0|      |20220523|20220523|0603|2022-06-03 07:03:37
499488|0000000732456900              |20220523|164951|015|676|0|30300040|130010013|130759813|1|20220523|144641|8002905|20220523|165936|8002075|1|1250|0|      |20220523|20220523|0603|2022-06-03 07:03:37
494602|0000000545307730              |20220523|094958|030|676|0|30300068|130010006|130752036|1|20220523|080428|8002942|20220523|095808|8001097|1|1250|0|      |20220523|20220523|0603|2022-06-03 07:03:37
494604|0000000509278289              |20220523|094733|017|676|0|30300086|130010013|130759874|1|20220523|072229|8001478|20220523|095204|8002929|1|1250|0|      |20220523|20220523|0603|2022-06-03 07:03:37
494606|0000000264783394              |20220523|094350|003|675|0|30300050|130010007|130759372|1|20220523|091006|8002402|20220523|095925|8001432|1|1250|0|      |20220523|20220523|0603|2022-06-03 07:03:37
494608|0000000302176030              |20220523|132705|002|675|0|30300075|130010005|130759208|1|20220523|130128|8001381|20220523|133704|8002358|1|1250|0|      |20220523|20220523|0603|2022-06-03 07:03:37
494610|0000000547104470              |20220523|222144|022|675|0|30300060|130010014|130753522|1|20220523|132135|8002969|20220523|222637|8006006|1|1250|0|      |20220523|20220523|0603|2022-06-03 07:03:37
494612|0000000523408006              |20220523|141310|016|675|0|30300045|130010006|130752029|2|20220523|132757|8001065|20220523|141429|8001058|1|350|0|      |20220523|20220523|0603|2022-06-03 07:03:37
495019|0000000768238232              |20220523|155138|028|676|1|30300088|130010002|130752372|1|20220523|151629|8001590|20220523|163655|8002943|1|0|0|      |20220523|20220523|0603|2022-06-03 07:03:37
495021|0000000744534487              |20220523|161851|030|675|1|30300057|130010001|130759470|1|20220523|150153|8001827|20220523|163447|8002723|1|0|0|      |20220523|20220523|0603|2022-06-03 07:03:37
495023|0000000705722926              |20220523|164921|015|676|2|30300037|130010006|130752062|1|20220523|164353|8002635|20220523|171322|8001534|1|0|0|      |20220523|20220523|0603|2022-06-03 07:03:37
495025|0000000904558856              |20220523|171902|018|676|1|30300041|130010012|130753377|1|20220523|163435|8001378|20220523|172309|8002702|1|0|0|      |20220523|20220523|0603|2022-06-03 07:03:37
495027|0000000771160527              |20220523|172903|019|675|1|30300101|130010002|130752325|1|20220523|171601|8002452|20220523|173659|8001646|1|0|0|      |20220523|20220523|0603|2022-06-03 07:03:37
495029|0000000903480061              |20220523|173553|025|676|1|30300088|130010002|130752511|1|20220523|162716|8002721|20220523|181507|8002351|1|0|0|      |20220523|20220523|0603|2022-06-03 07:03:37
495031|0000000754044670              |20220523|122306|028|674|1|30300100|130010002|130752362|1|20220523|113021|8001348|20220523|123759|8001929|1|0|0|      |20220523|20220523|0603|2022-06-03 07:03:37
495033|0000000741848648              |20220523|212345|027|675|1|30300095|130010005|130759210|1|20220523|205235|8002276|20220523|212539|8001951|1|0|0|      |20220523|20220523|0603|2022-06-03 07:03:37
495035|0000000726024198              |20220523|222220|018|676|1|30300072|130010001|130759420|1|20220523|215927|8001412|20220523|222901|8001036|1|0|0|      |20220523|20220523|0603|2022-06-03 07:03:37
495037|0000000904026805              |20220523|223512|009|676|1|30300090|130010005|130759206|1|20220523|213846|8001773|20220523|223957|8007554|1|0|0|      |20220523|20220523|0603|2022-06-03 07:03:37
495039|0000000644585823              |20220523|104030|020|675|1|30300057|130010001|130759759|1|20220523|101646|8001529|20220523|104753|8001429|1|0|0|      |20220523|20220523|0603|2022-06-03 07:03:37
495041|0000000728597504              |20220523|082337|009|674|2|30300002|130010007|130759335|1|20220523|070653|8005994|20220523|083827|8002981|1|0|0|      |20220523|20220523|0603|2022-06-03 07:03:37
495043|0000000764442012              |20220523|083204|013|675|1|30300057|130010001|130759758|1|20220523|075152|8002635|20220523|083736|8002571|1|0|0|      |20220523|20220523|0603|2022-06-03 07:03:37
495450|0000000743691774              |20220523|221416|009|676|1|30300051|130010008|130752101|1|20220523|214635|8001081|20220523|223855|8002629|1|0|0|      |20220523|20220523|0603|2022-06-03 07:03:37
495452|0000000752615048              |20220523|222921|014|674|1|30300002|130010007|130759315|1|20220523|212156|8002743|20220523|224125|8002254|1|0|0|      |20220523|20220523|0603|2022-06-03 07:03:37
495454|0000000740673688              |20220523|101938|015|675|1|30300101|130010002|130752332|1|20220523|095700|8002547|20220523|104613|8002559|1|0|0|      |20220523|20220523|0603|2022-06-03 07:03:37
495456|0000000629436344              |20220523|092844|028|676|2|30300051|130010008|130752134|1|20220523|084948|8001490|20220523|095726|8001217|1|0|0|      |20220523|20220523|0603|2022-06-03 07:03:37
495458|0000000600912569              |20220523|101901|017|675|3|30300062|130010008|130752135|1|20220523|061058|8002757|20220523|104843|8001436|1|0|0|      |20220523|20220523|0603|2022-06-03 07:03:37
495460|0000000772955149              |20220523|105521|018|674|1|30300002|130010007|130759321|1|20220523|075848|8002464|20220523|111157|8001994|1|0|0|      |20220523|20220523|0603|2022-06-03 07:03:37
495462|0000000903610532              |20220523|122251|022|674|1|30300002|130010007|130759319|1|20220523|113908|8001536|20220523|124213|8002132|1|0|0|      |20220523|20220523|0603|2022-06-03 07:03:37
495464|0000000601097663              |20220523|082015|029|674|1|30300100|130010002|130752358|1|20220523|053137|8001348|20220523|082048|8001412|1|0|0|      |20220523|20220523|0603|2022-06-03 07:03:37
495466|0000000725590396              |20220523|080736|016|675|1|30300055|130010014|130753204|1|20220523|074325|8001538|20220523|081757|8001927|1|0|0|      |20220523|20220523|0603|2022-06-03 07:03:37
495468|0000000629436344              |20220523|085100|028|675|1|30300053|130010002|130752368|1|20220523|082916|8002276|20220523|090602|8001494|1|0|0|      |20220523|20220523|0603|2022-06-03 07:03:37
495470|0000000613172383              |20220523|095431|030|675|1|30300076|130010014|130753235|1|20220523|093205|8003016|20220523|095721|8002357|1|0|0|      |20220523|20220523|0603|2022-06-03 07:03:37
495472|0000000777971436              |20220523|100515|006|675|1|30300053|130010002|130752319|1|20220523|081516|8002119|20220523|101432|8001115|1|0|0|      |20220523|20220523|0603|2022-06-03 07:03:37
495474|0000000743657041              |20220523|183409|004|676|1|30300040|130010007|130759389|1|20220523|180801|8001096|20220523|184257|8002240|1|0|0|      |20220523|20220523|0603|2022-06-03 07:03:37
495476|0000000910213189              |20220523|183650|011|675|1|30300062|130010008|130752131|1|20220523|180919|8006006|20220523|184523|8002758|1|0|0|      |20220523|20220523|0603|2022-06-03 07:03:37
495883|0000000488870153              |20220523|113730|027|675|0|30300047|130010001|130759718|1|20220523|094747|8002543|20220523|114614|8001847|1|1250|0|      |20220523|20220523|0603|2022-06-03 07:03:37
495885|0000000791174323              |20220523|091300|005|675|0|30300047|130010001|130759705|1|20220523|090116|8005993|20220523|093233|8001025|1|1250|0|      |20220523|20220523|0603|2022-06-03 07:03:37
495887|0000000788218605              |20220523|091549|024|675|0|30300047|130010001|130759436|1|20220523|085626|8002545|20220523|093918|8005990|1|1250|0|      |20220523|20220523|0603|2022-06-03 07:03:37
495889|0000000792179607              |20220523|134640|009|675|0|30300077|130010006|130752054|1|20220523|121140|8002434|20220523|135711|8002603|1|1250|0|      |20220523|20220523|0603|2022-06-03 07:03:37
411230|0000000763577141              |20220523|185901|001|675|0|30300064|130010015|130759625|1|20220523|184026|8002635|20220523|190151|8002356|1|1250|0|      |20220523|20220523|0603|2022-06-03 07:03:18
411232|0000000769159629              |20220523|072956|021|675|0|30300056|130010012|130753331|1|20220523|063024|8001168|20220523|074616|9001641|1|1250|0|      |20220523|20220523|0603|2022-06-03 07:03:18
411234|0000000759708068              |20220523|142416|007|676|0|30300037|130010006|130752049|1|20220523|123727|8002635|20220523|143152|8002343|1|1250|0|      |20220523|20220523|0603|2022-06-03 07:03:18
411236|0000000719622746              |20220523|204140|001|676|0|30300038|130010014|130753272|1|20220523|134036|8001168|20220523|205542|8001054|1|1250|0|      |20220523|20220523|0603|2022-06-03 07:03:18
411238|0000000600648188              |20220523|153946|013|676|0|30300088|130010002|130752356|1|20220523|124134|8001168|20220523|160651|8002351|1|1250|0|      |20220523|20220523|0603|2022-06-03 07:03:18
411240|0000000658323897              |20220523|175929|015|676|0|30300130|130010008|130752720|1|20220523|171835|8002635|20220523|181301|8001236|1|1250|0|      |20220523|20220523|0603|2022-06-03 07:03:18
411242|0000000773496032              |20220523|120437|010|675|0|30300056|130010012|130753315|1|20220523|052921|8001168|20220523|121452|8005992|1|1250|0|      |20220523|20220523|0603|2022-06-03 07:03:18
411244|0000000906696128              |20220523|124329|001|675|0|30300055|130010014|130753208|1|20220523|120121|8002635|20220523|125117|8002344|1|1250|0|      |20220523|20220523|0603|2022-06-03 07:03:18
411246|0000000755922877              |20220523|132731|016|675|0|30300056|130010012|130753319|1|20220523|123025|8001168|20220523|134401|8070030|1|1250|0|      |20220523|20220523|0603|2022-06-03 07:03:18
411248|0000000655297991              |20220523|134421|001|675|0|30300055|130010014|130753234|1|20220523|130112|8002635|20220523|135626|8002347|1|1250|0|      |20220523|20220523|0603|2022-06-03 07:03:18
411250|0000000918075072              |20220523|225436|014|675|0|30300056|130010012|130753315|1|20220523|202653|8001168|20220523|230555|8070029|1|1250|0|      |20220523|20220523|0603|2022-06-03 07:03:18
411252|0000000917936521              |20220523|223149|023|675|0|30300055|130010014|130753260|1|20220523|195108|8002635|20220523|224231|8001402|1|1250|0|      |20220523|20220523|0603|2022-06-03 07:03:18
411254|0000000652579919              |20220523|100956|001|676|0|30300037|130010006|130752049|1|20220523|065517|8002635|20220523|101457|8001349|1|1250|0|      |20220523|20220523|0603|2022-06-03 07:03:18
411661|0000000783690068              |20220523|164419|025|674|0|30300002|130010007|130759304|1|20220523|154122|8001096|20220523|165240|8001419|1|1250|0|      |20220523|20220523|0603|2022-06-03 07:03:18
411663|0000000780684789              |20220523|164709|022|832|1|30300128|130710001|130759921|1|20220523|052253|8007412|20220523|172925|8007052|1|450|300|      |20220523|20220523|0603|2022-06-03 07:03:18
411665|0000000400143916              |20220523|173708|014|676|0|30300093|130010004|130752207|1|20220523|165252|8001096|20220523|174756|8001399|1|1250|0|      |20220523|20220523|0603|2022-06-03 07:03:18
411667|0000000685897803              |20220523|171659|013|832|1|30300128|130710001|130759924|1|20220523|054117|8007412|20220523|180856|3062006|1|450|300|      |20220523|20220523|0603|2022-06-03 07:03:18
411669|0000000788735602              |20220523|174821|019|832|1|30300128|130710001|130759929|1|20220523|063618|8007412|20220523|182416|8007293|1|450|300|      |20220523|20220523|0603|2022-06-03 07:03:18
411671|0000000693640402              |20220523|123750|027|832|1|30300128|130710001|130759919|1|20220523|070702|8007412|20220523|132356|3062006|2|2150|600|      |20220523|20220523|0603|2022-06-03 07:03:18
411673|0000000797051476              |20220523|223145|025|832|0|30300128|130710001|130759914|1|20220523|060217|8007412|20220523|232234|3056003|1|1700|300|      |20220523|20220523|0603|2022-06-03 07:03:18
411675|0000000793553976              |20220523|220727|006|832|1|30300128|130710001|130759911|1|20220523|053354|8007412|20220523|225743|3056003|1|450|300|      |20220523|20220523|0603|2022-06-03 07:03:18
411677|0000000480799453              |20220523|210620|002|832|1|30300128|130710001|130759929|1|20220523|063618|8007412|20220523|213911|8007291|1|450|300|      |20220523|20220523|0603|2022-06-03 07:03:18
411679|0000000794306260              |20220523|094141|027|832|0|30300128|130710001|130759924|1|20220523|054117|8007412|20220523|101609|8007291|1|1700|300|      |20220523|20220523|0603|2022-06-03 07:03:18
411681|0000000694345286              |20220523|110108|013|832|2|30300128|130710001|130759910|1|20220523|040035|8007412|20220523|114540|3054003|1|450|300|      |20220523|20220523|0603|2022-06-03 07:03:18
411683|0000000400145083              |20220523|121854|007|676|1|30300040|130010013|130759872|1|20220523|103108|8001096|20220523|122537|8001085|1|0|0|      |20220523|20220523|0603|2022-06-03 07:03:18
411685|0000000784563579              |20220523|075708|009|832|1|30300128|130710001|130759914|1|20220523|060217|8007412|20220523|082303|8007289|1|450|0|      |20220523|20220523|0603|2022-06-03 07:03:18
412092|0000000789408202              |20220523|062802|010|675|0|30300060|130010014|130753216|1|20220523|061614|8005934|20220523|071925|8001005|1|1250|0|      |20220523|20220523|0603|2022-06-03 07:03:18
412094|0000000681538075              |20220523|080026|027|675|0|30300060|130010014|130753262|1|20220523|072027|8002935|20220523|080448|8002969|1|1250|0|      |20220523|20220523|0603|2022-06-03 07:03:18
412096|0000000786900873              |20220523|080602|009|675|0|30300060|130010014|130753215|1|20220523|074417|8001852|20220523|083407|8001074|1|1250|0|      |20220523|20220523|0603|2022-06-03 07:03:18
412098|0000001118033071              |20220523|145626|008|675|1|30300127|130010004|130752245|1|20220523|144629|8001028|20220523|150359|8007286|1|0|0|      |20220523|20220523|0603|2022-06-03 07:03:18
412100|0000000400189471              |20220523|151837|026|676|0|30300131|130010008|130752722|1|20220523|150126|8001289|20220523|152715|8070011|1|1250|0|      |20220523|20220523|0603|2022-06-03 07:03:18
412102|0000000400179263              |20220523|153757|028|675|0|30300080|130010009|130759103|1|20220523|143229|8002361|20220523|155338|8001876|1|1250|0|      |20220523|20220523|0603|2022-06-03 07:03:18
412104|0000000788318632              |20220523|154705|026|676|0|30300093|130010004|130752282|1|20220523|144543|8001097|20220523|155117|8001035|1|1250|0|      |20220523|20220523|0603|2022-06-03 07:03:18
412106|0000000186612485              |20220523|164301|028|675|1|30300127|130010004|130752244|1|20220523|162601|8001080|20220523|164738|8007284|1|0|0|      |20220523|20220523|0603|2022-06-03 07:03:18
412108|0000000400181507              |20220523|164257|024|676|0|30300130|130010008|130752719|1|20220523|161650|8002733|20220523|170511|8002487|1|1250|0|      |20220523|20220523|0603|2022-06-03 07:03:18
412110|0000000400178856              |20220523|170946|014|676|0|30300093|130010004|130752282|1|20220523|163212|8002898|20220523|172436|8001458|1|1250|0|      |20220523|20220523|0603|2022-06-03 07:03:18
412112|0000000781742961              |20220523|172419|002|675|1|30300060|130010014|130753245|1|20220523|162600|8001052|20220523|172843|8001717|1|0|0|      |20220523|20220523|0603|2022-06-03 07:03:18
430464|0000000627019898              |20220523|203822|019|675|1|30300047|130010001|130759430|1|20220523|191934|8002411|20220523|204217|8005993|1|0|0|      |20220523|20220523|0603|2022-06-03 07:03:18
430466|0000000748256868              |20220523|204840|011|675|1|30300045|130010006|130752012|1|20220523|200610|8002974|20220523|205927|8003071|1|0|0|      |20220523|20220523|0603|2022-06-03 07:03:18
430468|0000000654351307              |20220523|203827|013|675|1|30300047|130010001|130759430|1|20220523|191934|8002411|20220523|205656|8070018|1|0|0|      |20220523|20220523|0603|2022-06-03 07:03:18
430470|0000000765682818              |20220523|160536|020|676|1|30300090|130010005|130759206|1|20220523|150351|8002411|20220523|161322|8007554|1|0|0|      |20220523|20220523|0603|2022-06-03 07:03:18
430472|0000000900080609              |20220523|172106|003|676|1|30300037|130010006|130752039|1|20220523|155829|8002974|20220523|172411|8002142|1|0|0|      |20220523|20220523|0603|2022-06-03 07:03:18
430879|0000000776698649              |20220523|135308|013|673|0|30300004|130510004|130751100|1|20220523|054435|8002399|20220523|135833|8002202|1|1100|0|      |20220523|20220523|0603|2022-06-03 07:03:18
430881|0000000745916769              |20220523|135836|026|673|0|30300004|130510004|130751100|1|20220523|054435|8002202|20220523|135857|8002202|1|1100|0|      |20220523|20220523|0603|2022-06-03 07:03:18
430883|0000000768121809              |20220523|100201|031|673|2|30300004|130510004|130751016|1|20220523|053701|8002411|20220523|101243|8007026|1|0|0|      |20220523|20220523|0603|2022-06-03 07:03:18
430885|0000000776075712              |20220523|095433|017|673|0|30300004|130510004|130751100|1|20220523|054435|8003057|20220523|102512|8002721|1|1100|0|      |20220523|20220523|0603|2022-06-03 07:03:18
430887|0000000759050568              |20220523|101704|026|673|0|30300004|130510004|130751100|1|20220523|054435|8002940|20220523|102504|8002721|1|1100|0|      |20220523|20220523|0603|2022-06-03 07:03:18
430889|0000000903416187              |20220523|110318|010|673|0|30300004|130510004|130751100|1|20220523|054435|8005825|20220523|112623|8002202|1|1100|0|      |20220523|20220523|0603|2022-06-03 07:03:18
430891|0000000652892380              |20220523|083633|024|673|0|30300004|130510004|130751100|1|20220523|054435|8005828|20220523|084025|8002402|1|1100|0|      |20220523|20220523|0603|2022-06-03 07:03:18
430893|0000000753129584              |20220523|084410|021|673|1|30300004|130510004|130751100|1|20220523|054435|8002412|20220523|084502|8002997|1|0|0|      |20220523|20220523|0603|2022-06-03 07:03:18
430895|0000000774740842              |20220523|085242|018|673|0|30300004|130510004|130751100|1|20220523|054435|8002399|20220523|090302|8001311|1|1100|0|      |20220523|20220523|0603|2022-06-03 07:03:18
430897|0000000765939417              |20220523|083007|015|673|0|30300004|130510004|130751016|1|20220523|053701|8001192|20220523|084918|8002540|1|1100|0|      |20220523|20220523|0603|2022-06-03 07:03:18
430899|0000000654333977              |20220523|083129|023|673|0|30300004|130510004|130751016|1|20220523|053701|8002399|20220523|084344|8001311|1|1100|0|      |20220523|20220523|0603|2022-06-03 07:03:18
430901|0000000601538158              |20220523|082334|026|673|0|30300004|130510004|130751100|1|20220523|054435|8005825|20220523|090347|8001311|1|1100|0|      |20220523|20220523|0603|2022-06-03 07:03:18
430903|0000000658220876              |20220523|084025|025|673|0|30300004|130510004|130751100|1|20220523|054435|8002402|20220523|085240|8002399|1|1100|0|      |20220523|20220523|0603|2022-06-03 07:03:18
431310|0000000705455017              |20220523|163918|011|673|0|30300001|130510004|130751012|1|20220523|055850|8005662|20220523|165444|8002395|1|1100|0|      |20220523|20220523|0603|2022-06-03 07:03:18
431312|0000000764756666              |20220523|164049|003|673|0|30300001|130510004|130751012|1|20220523|055850|8005783|20220523|165853|8002412|1|1100|0|      |20220523|20220523|0603|2022-06-03 07:03:18
431314|0000000903177304              |20220523|164328|015|673|0|30300001|130510004|130751012|1|20220523|055850|8002397|20220523|165651|8001590|1|1100|0|      |20220523|20220523|0603|2022-06-03 07:03:18
431316|0000000747763963              |20220523|164810|011|673|0|30300001|130510004|130751012|1|20220523|055850|8002742|20220523|165740|8002412|1|1100|0|      |20220523|20220523|0603|2022-06-03 07:03:18
431318|0000000606271287              |20220523|170016|020|673|0|30300001|130510004|130751012|1|20220523|055850|8002997|20220523|170500|8002939|1|1100|0|      |20220523|20220523|0603|2022-06-03 07:03:18
431320|0000000753855560              |20220523|170019|017|673|0|30300001|130510004|130751012|1|20220523|055850|8002997|20220523|170227|8001192|1|1100|0|      |20220523|20220523|0603|2022-06-03 07:03:18
431322|0000000903817577              |20220523|175037|017|673|0|30300001|130510004|130751012|1|20220523|055850|8002741|20220523|175851|8005782|1|1100|0|      |20220523|20220523|0603|2022-06-03 07:03:18
431324|0000000752547324              |20220523|175426|008|673|0|30300001|130510004|130751012|1|20220523|055850|8002738|20220523|180057|8005784|1|1100|0|      |20220523|20220523|0603|2022-06-03 07:03:18
431326|0000000760027441              |20220523|180652|016|673|0|30300001|130510004|130751012|1|20220523|055850|8001318|20220523|181108|8002895|1|1100|0|      |20220523|20220523|0603|2022-06-03 07:03:18
431328|0000000776594993              |20220523|173122|022|673|0|30300001|130510004|130751012|1|20220523|055850|8002941|20220523|174355|8002401|1|1100|0|      |20220523|20220523|0603|2022-06-03 07:03:18
431330|0000000663680339              |20220523|174118|026|673|0|30300001|130510004|130751012|1|20220523|055850|8002411|20220523|180101|8005784|1|1100|0|      |20220523|20220523|0603|2022-06-03 07:03:18
431332|0000000631363248              |20220523|174215|016|673|1|30300001|130510004|130751012|1|20220523|055850|8002410|20220523|175259|8002739|1|0|0|      |20220523|20220523|0603|2022-06-03 07:03:18
431334|0000000776086404              |20220523|174359|010|673|0|30300001|130510004|130751012|1|20220523|055850|8002401|20220523|175016|8002741|1|1100|0|      |20220523|20220523|0603|2022-06-03 07:03:18
431336|0000000767619234              |20220523|175030|004|673|0|30300001|130510004|130751012|4|20220523|055850|8002741|20220523|183114|8002532|1|650|0|      |20220523|20220523|0603|2022-06-03 07:03:18
435622|0000000694928299              |20220523|134005|010|676|0|30300054|130010007|130759379|1|20220523|131107|8007011|20220523|135414|8002202|1|1250|0|      |20220523|20220523|0603|2022-06-03 07:03:18
435624|0000000694203856              |20220523|154256|005|674|2|30300002|130010007|130759306|1|20220523|142606|8002132|20220523|154517|8001631|1|0|0|      |20220523|20220523|0603|2022-06-03 07:03:18
435626|0000000691118685              |20220523|153342|024|674|0|30300002|130010007|130759306|1|20220523|142606|8001242|20220523|160104|8001793|1|1250|0|      |20220523|20220523|0603|2022-06-03 07:03:18
435628|0000000791462288              |20220523|165817|011|676|0|30300054|130010007|130759377|1|20220523|161846|8001989|20220523|171402|8001646|1|1250|0|      |20220523|20220523|0603|2022-06-03 07:03:18
435630|0000000400189543              |20220523|181010|021|674|1|30300002|130010007|130759333|1|20220523|172938|8002881|20220523|181424|8002611|1|0|0|      |20220523|20220523|0603|2022-06-03 07:03:18
422069|0000000786794411              |20220523|101253|001|676|0|30300089|130010011|130759512|1|20220523|055041|8001418|20220523|102440|8001249|1|1250|0|      |20220523|20220523|0603|2022-06-03 07:03:18
422071|0000000785753114              |20220523|111121|003|674|2|30300100|130010002|130752359|1|20220523|105914|8001081|20220523|113851|8001413|1|0|0|      |20220523|20220523|0603|2022-06-03 07:03:18
422073|0000000692249588              |20220523|082236|005|676|1|30300072|130010001|130759726|1|20220523|054013|8001349|20220523|082759|8001236|1|0|0|      |20220523|20220523|0603|2022-06-03 07:03:18
422075|0000000789138976              |20220523|090401|025|675|0|30300058|130010004|130752266|4|20220523|073801|8001418|20220523|091525|8001407|1|750|0|      |20220523|20220523|0603|2022-06-03 07:03:18
422077|0000000488890972              |20220523|084726|026|674|1|30300100|130010002|130752381|1|20220523|082050|8001492|20220523|085517|8001934|1|0|0|      |20220523|20220523|0603|2022-06-03 07:03:18
422079|0000000488890972              |20220523|080950|026|680|0|30300009|130010002|130752349|1|20220523|075321|8005246|20220523|084444|8001492|1|1250|0|      |20220523|20220523|0603|2022-06-03 07:03:18
422081|0000000793297705              |20220523|185703|012|676|1|30300037|130010006|130759021|1|20220523|145615|8001349|20220523|190633|8001036|1|0|0|      |20220523|20220523|0603|2022-06-03 07:03:18
422488|0000000793006033              |20220523|204710|002|676|0|30300088|130010002|130752371|1|20220523|195101|8002742|20220523|205631|8002960|1|1250|0|      |20220523|20220523|0603|2022-06-03 07:03:18
422490|0000001110168482              |20220523|141350|007|675|1|30300067|130010001|130759707|1|20220523|132615|8001412|20220523|150052|8002557|1|0|0|      |20220523|20220523|0603|2022-06-03 07:03:18
422492|0000000487317473              |20220523|151733|020|678|0|30300074|130010014|130753236|1|20220523|151313|8005032|20220523|155751|8001412|1|1250|450|      |20220523|20220523|0603|2022-06-03 07:03:18
422494|0000000483933259              |20220523|163452|001|675|0|30300047|130010001|130759433|1|20220523|154724|8005990|20220523|163858|8002412|1|1250|0|      |20220523|20220523|0603|2022-06-03 07:03:18
422496|0000000782494036              |20220523|171917|014|676|1|30300088|130010002|130752380|1|20220523|160012|8001168|20220523|174708|8002351|1|0|0|      |20220523|20220523|0603|2022-06-03 07:03:18
422498|0000000789002782              |20220523|180832|021|678|0|30300074|130010014|130753226|1|20220523|055645|8005038|20220523|181407|8005028|1|1250|150|      |20220523|20220523|0603|2022-06-03 07:03:18
422500|0000000400213460              |20220523|120242|007|674|0|30300002|130010007|130759324|1|20220523|104235|8001789|20220523|120415|8001964|1|1250|0|      |20220523|20220523|0603|2022-06-03 07:03:18
422502|0000000693212707              |20220523|123321|009|676|1|30300051|130010008|130752119|1|20220523|122101|8001876|20220523|130053|8002545|1|0|0|      |20220523|20220523|0603|2022-06-03 07:03:18
422504|0000000684710084              |20220523|222418|001|832|0|30300128|130710001|130759924|1|20220523|054117|8007055|20220523|225816|8007298|1|1700|300|      |20220523|20220523|0603|2022-06-03 07:03:18
422506|0000000699658802              |20220523|222013|009|676|1|30300070|130010004|130752605|1|20220523|211436|8001261|20220523|223120|9001641|1|0|0|      |20220523|20220523|0603|2022-06-03 07:03:18
422508|0000000699180291              |20220523|130315|014|673|0|30300004|130510004|130751009|1|20220523|062509|8002873|20220523|132310|8002910|1|1100|0|      |20220523|20220523|0603|2022-06-03 07:03:18
422510|0000000782019721              |20220523|090354|008|675|0|30300049|130010004|130752216|1|20220523|085228|8005553|20220523|095320|8001279|1|1250|0|      |20220523|20220523|0603|2022-06-03 07:03:18
422512|0000000789251028              |20220523|110832|018|675|0|30300046|130010002|130752312|1|20220523|100230|8002211|20220523|112921|8007020|1|1250|0|      |20220523|20220523|0603|2022-06-03 07:03:18
422919|0000000788273419              |20220523|063557|014|676|0|30300037|130010006|130752073|1|20220523|055840|8002617|20220523|064802|8005518|1|1250|0|      |20220523|20220523|0603|2022-06-03 07:03:18
422921|0000000694103374              |20220523|142543|015|676|0|30300037|130010006|130752014|1|20220523|132134|8001037|20220523|143606|8002358|2|2500|0|      |20220523|20220523|0603|2022-06-03 07:03:18
422923|0000000785816183              |20220523|142354|026|675|0|30300055|130010014|130753229|1|20220523|132351|8001499|20220523|143609|8001536|1|1250|0|      |20220523|20220523|0603|2022-06-03 07:03:18
422925|0000000788426841              |20220523|204230|009|676|0|30300037|130010006|130752027|1|20220523|195203|8001296|20220523|204727|8002411|1|1250|0|      |20220523|20220523|0603|2022-06-03 07:03:18
422927|0000000789256937              |20220523|152118|031|675|0|30300055|130010014|130753229|1|20220523|150920|8006007|20220523|152826|8001986|1|1250|0|      |20220523|20220523|0603|2022-06-03 07:03:18
422929|0000000400212453              |20220523|162100|011|676|0|30300037|130010006|130759016|1|20220523|155324|8002997|20220523|165222|8002316|1|1250|0|      |20220523|20220523|0603|2022-06-03 07:03:18
422931|0000000797663068              |20220523|171047|029|675|2|30300055|130010014|130753252|1|20220523|151401|8001846|20220523|171224|8002764|1|0|0|      |20220523|20220523|0603|2022-06-03 07:03:18
422933|0000000792108258              |20220523|174805|020|675|0|30300055|130010014|130753261|1|20220523|162353|8001663|20220523|175820|8001847|1|1250|0|      |20220523|20220523|0603|2022-06-03 07:03:18
422935|0000000400189539              |20220523|123804|005|675|0|30300055|130010014|130753238|1|20220523|120341|8002893|20220523|125011|8002488|1|1250|0|      |20220523|20220523|0603|2022-06-03 07:03:18
422937|0000000782924725              |20220523|130621|011|676|0|30300037|130010006|130752072|1|20220523|124409|8005881|20220523|132453|8002311|1|1250|0|      |20220523|20220523|0603|2022-06-03 07:03:18
422939|0000000796620688              |20220523|220523|024|675|0|30300055|130010014|130753260|1|20220523|195108|8001827|20220523|223614|8002340|1|1250|0|      |20220523|20220523|0603|2022-06-03 07:03:18
422941|0000000400132582              |20220523|110540|003|675|1|30300055|130010014|130753263|1|20220523|103627|8002893|20220523|113506|8002001|1|0|0|      |20220523|20220523|0603|2022-06-03 07:03:18
422943|0000000692134307              |20220523|083447|018|676|0|30300037|130010006|130759011|1|20220523|061715|8002984|20220523|084330|8005517|1|1250|0|      |20220523|20220523|0603|2022-06-03 07:03:18
422945|0000000693777372              |20220523|092445|029|676|0|30300037|130010006|130752062|1|20220523|084517|8002658|20220523|093404|8002075|1|1250|0|      |20220523|20220523|0603|2022-06-03 07:03:18
423352|0000000697624520              |20220523|085615|019|676|0|30300093|130010004|130752282|1|20220523|084656|8002482|20220523|085712|8001514|1|1250|0|      |20220523|20220523|0603|2022-06-03 07:03:18
423354|0000000695863775              |20220523|092645|025|674|0|30300100|130010002|130752345|1|20220523|091630|8002107|20220523|095541|8002629|1|1250|0|      |20220523|20220523|0603|2022-06-03 07:03:18
423356|0000000792369205              |20220523|183849|026|676|0|30300093|130010004|130752215|1|20220523|133434|8001399|20220523|190839|8001586|1|1250|0|      |20220523|20220523|0603|2022-06-03 07:03:18
444403|0000000757595208              |20220523|162444|008|675|0|30300058|130010004|130752263|1|20220523|143546|8002947|~       |      |~      |1|1250|0|      |20220523|~       |0603|2022-06-03 07:03:18
444405|0000000723022332              |20220523|172341|019|676|0|30300040|130010007|130759365|1|20220523|165136|8001085|~       |      |~      |1|1250|0|      |20220523|~       |0603|2022-06-03 07:03:18
444407|0000000772669841              |20220523|180628|008|676|0|30300040|130010013|130759802|1|20220523|171847|8002338|~       |      |~      |1|1250|0|      |20220523|~       |0603|2022-06-03 07:03:18
444409|0000000719971170              |20220523|184221|015|676|0|30300040|130010007|130759385|1|20220523|174930|8002870|~       |      |~      |1|1250|0|      |20220523|~       |0603|2022-06-03 07:03:18
444411|0000000778106458              |20220523|112933|013|675|0|30300058|130010004|130752259|1|20220523|105057|8001875|~       |      |~      |1|1250|0|      |20220523|~       |0603|2022-06-03 07:03:18
444413|0000000903463822              |20220523|113253|012|675|0|30300058|130010004|130752295|1|20220523|095411|8001516|~       |      |~      |1|1250|0|      |20220523|~       |0603|2022-06-03 07:03:18
444415|0000000903930276              |20220523|083415|008|675|1|30300058|130010004|130752200|1|20220523|065658|8001516|~       |      |~      |1|0|0|      |20220523|~       |0603|2022-06-03 07:03:18
444417|0000000636644528              |20220523|092311|031|675|0|30300058|130010004|130752257|1|20220523|090651|8002705|~       |      |~      |1|1250|0|      |20220523|~       |0603|2022-06-03 07:03:18
444419|0000000771969312              |20220523|094005|011|676|0|30300051|130010008|130752107|1|20220523|093551|8002676|~       |      |~      |1|1250|0|      |20220523|~       |0603|2022-06-03 07:03:18
444421|0000000761605964              |20220523|192226|007|676|0|30300040|130010013|130759802|1|20220523|171847|8002905|~       |      |~      |1|1250|0|      |20220523|~       |0603|2022-06-03 07:03:18
444423|0000000758563153              |20220523|063956|030|676|0|30300087|130010015|130759679|1|20220523|061341|8001949|~       |      |~      |1|1250|0|      |20220523|~       |0603|2022-06-03 07:03:18
444878|0000000644945426              |20220523|144320|005|676|0|30300038|130010014|130753202|1|20220523|141047|8003044|~       |      |~      |1|1250|0|      |20220523|~       |0603|2022-06-03 07:03:18
444880|0000000742183196              |20220523|161447|028|674|0|30300002|130010007|130759336|1|20220523|152648|8001430|~       |      |~      |1|1250|0|      |20220523|~       |0603|2022-06-03 07:03:18
444882|0000000745795371              |20220523|161607|004|675|0|30300058|130010004|130752220|1|20220523|141049|8001935|~       |      |~      |1|1250|0|      |20220523|~       |0603|2022-06-03 07:03:18
444884|0000000776689318              |20220523|114526|028|674|0|30300002|130010007|130759313|1|20220523|104346|8001242|~       |      |~      |1|1250|0|      |20220523|~       |0603|2022-06-03 07:03:18
444886|0000000762479129              |20220523|215336|010|675|0|30300058|130010004|130752259|1|20220523|124748|8001528|~       |      |~      |1|1250|0|      |20220523|~       |0603|2022-06-03 07:03:18
444888|0000000776701586              |20220523|121759|007|674|1|30300002|130010007|130759327|1|20220523|105444|8002743|~       |      |~      |1|0|0|      |20220523|~       |0603|2022-06-03 07:03:18
444890|0000000728825179              |20220523|091801|011|675|0|30300058|130010004|130752255|1|20220523|084602|8002240|~       |      |~      |1|1250|0|      |20220523|~       |0603|2022-06-03 07:03:18
444892|0000000909982904              |20220523|192209|011|674|0|30300002|130010007|130759311|1|20220523|182449|8002134|~       |      |~      |1|1250|0|      |20220523|~       |0603|2022-06-03 07:03:18
444894|0000000762650288              |20220523|152119|023|676|0|30300038|130010014|130753508|1|20220523|152056|8001553|~       |      |~      |1|1250|0|      |20220523|~       |0603|2022-06-03 07:03:18
444896|0000000714647364              |20220523|160658|022|676|0|30300038|130010014|130753255|1|20220523|154809|8001703|~       |      |~      |1|1250|0|      |20220523|~       |0603|2022-06-03 07:03:18
444898|0000000642364722              |20220523|171349|011|676|0|30300041|130010012|130753377|1|20220523|163435|8001076|~       |      |~      |1|1250|0|      |20220523|~       |0603|2022-06-03 07:03:18
444900|0000000673841557              |20220523|173824|022|676|0|30300051|130010008|130752122|1|20220523|173453|8002950|~       |      |~      |1|1250|0|      |20220523|~       |0603|2022-06-03 07:03:18
444902|0000000723969477              |20220523|132305|002|676|1|30300051|130010008|130752142|1|20220523|130930|8001876|~       |      |~      |1|0|0|      |20220523|~       |0603|2022-06-03 07:03:18
444904|0000000667185352              |20220523|214137|004|676|1|30300041|130010012|130753306|1|20220523|155248|8001534|~       |      |~      |1|0|0|      |20220523|~       |0603|2022-06-03 07:03:18
444906|0000000761180660              |20220523|113558|018|676|0|30300041|130010012|130753324|1|20220523|112328|8002412|~       |      |~      |1|1250|0|      |20220523|~       |0603|2022-06-03 07:03:18
445382|0000000705154493              |20220523|175029|011|832|0|30300128|130710001|130759917|1|20220523|055427|3053004|20220523|183754|8001420|1|1700|300|      |20220523|20220523|0603|2022-06-03 07:03:18
445384|0000000917973501              |20220523|180606|027|832|0|30300128|130710001|130759917|1|20220523|055427|8007292|20220523|183129|8007274|1|1700|300|      |20220523|20220523|0603|2022-06-03 07:03:18
445386|0000000673027765              |20220523|174039|020|832|0|30300128|130710001|130759917|1|20220523|055427|8007493|20220523|183127|8007274|1|1700|300|      |20220523|20220523|0603|2022-06-03 07:03:18
445388|0000000765794458              |20220523|174721|002|832|0|30300128|130710001|130759917|1|20220523|055427|3062007|20220523|183300|8007272|1|1700|300|      |20220523|20220523|0603|2022-06-03 07:03:18
445390|0000000905295443              |20220523|175024|029|832|0|30300128|130710001|130759917|1|20220523|055427|3053004|20220523|183126|8007274|1|1700|300|      |20220523|20220523|0603|2022-06-03 07:03:18
445392|0000000759536576              |20220523|175607|021|832|0|30300128|130710001|130759917|1|20220523|055427|8007401|20220523|183529|8007270|1|1700|300|      |20220523|20220523|0603|2022-06-03 07:03:18
445394|0000000634035511              |20220523|183833|027|832|1|30300128|130710001|130759912|1|20220523|041932|8005504|20220523|192647|3053005|1|450|300|      |20220523|20220523|0603|2022-06-03 07:03:18
445396|0000000713853282              |20220523|183837|015|832|0|30300128|130710001|130759912|1|20220523|041932|8005504|20220523|191712|8007293|1|1700|300|      |20220523|20220523|0603|2022-06-03 07:03:18
445398|0000000677579884              |20220523|183847|030|832|0|30300128|130710001|130759912|1|20220523|041932|8005504|20220523|192635|3053005|1|1700|300|      |20220523|20220523|0603|2022-06-03 07:03:18
445400|0000000751376528              |20220523|183855|030|832|0|30300128|130710001|130759912|1|20220523|041932|8005504|20220523|191507|8007291|1|1700|300|      |20220523|20220523|0603|2022-06-03 07:03:18
445402|0000000763234589              |20220523|184140|003|832|1|30300128|130710001|130759912|1|20220523|041932|8007412|20220523|193328|3056003|1|450|300|      |20220523|20220523|0603|2022-06-03 07:03:18
446741|0000000650518249              |20220523|093031|004|675|1|30300055|130010014|130753211|1|20220523|070820|8002627|~       |      |~      |1|0|0|      |20220523|~       |0603|2022-06-03 07:03:18
446743|0000000659884133              |20220523|102103|021|675|0|30300082|130010001|130759485|1|20220523|092609|8002279|~       |      |~      |1|1250|0|      |20220523|~       |0603|2022-06-03 07:03:18
446745|0000000731953203              |20220523|183511|002|676|0|30300054|130010007|130759357|1|20220523|181827|8001585|~       |      |~      |1|1250|0|      |20220523|~       |0603|2022-06-03 07:03:18
446747|0000000741379423              |20220523|184329|005|675|0|30300046|130010002|130752366|1|20220523|163712|8002376|~       |      |~      |1|1250|0|      |20220523|~       |0603|2022-06-03 07:03:18
446749|0000000918165402              |20220523|183642|010|675|1|30300064|130010015|130759638|1|20220523|170235|8002437|~       |      |~      |1|0|0|      |20220523|~       |0603|2022-06-03 07:03:18
446751|0000000725405794              |20220523|190105|016|676|1|30300037|130010006|130752039|1|20220523|180444|8002906|~       |      |~      |1|0|0|      |20220523|~       |0603|2022-06-03 07:03:18
446753|0000000702716735              |20220523|190516|012|676|1|30300037|130010006|130752024|1|20220523|185510|8001349|~       |      |~      |1|0|0|      |20220523|~       |0603|2022-06-03 07:03:18
446755|0000000746117629              |20220523|194201|021|675|1|30300055|130010014|130753225|1|20220523|182819|8001539|~       |      |~      |1|0|0|      |20220523|~       |0603|2022-06-03 07:03:18
446757|0000000918024467              |20220523|200838|015|676|0|30300036|130010012|130753333|1|20220523|181022|8001931|~       |      |~      |1|1250|0|      |20220523|~       |0603|2022-06-03 07:03:18
447211|0000000677059361              |20220523|082357|008|676|0|30300037|130010006|130752037|1|20220523|062628|8002608|~       |      |~      |1|1250|0|      |20220523|~       |0603|2022-06-03 07:03:18
447213|0000000709028757              |20220523|083559|028|675|0|30300055|130010014|130753211|1|20220523|070820|8001663|~       |      |~      |1|1250|0|      |20220523|~       |0603|2022-06-03 07:03:18
447215|0000000771167919              |20220523|075405|001|676|1|30300054|130010007|130759361|1|20220523|064855|8001555|~       |      |~      |1|0|0|      |20220523|~       |0603|2022-06-03 07:03:18
447217|0000000735654323              |20220523|140956|008|676|0|30300037|130010006|130759011|1|20220523|120555|8002617|~       |      |~      |1|1250|0|      |20220523|~       |0603|2022-06-03 07:03:18
447219|0000000921520224              |20220523|201437|028|674|0|30300002|130010007|130759322|1|20220523|194857|8001097|~       |      |~      |1|1250|0|      |20220523|~       |0603|2022-06-03 07:03:18
447221|0000000658520268              |20220523|203930|006|675|0|30300055|130010014|130753264|1|20220523|181624|8001927|~       |      |~      |1|1250|0|      |20220523|~       |0603|2022-06-03 07:03:18
447223|0000000903420858              |20220523|205155|016|674|0|30300002|130010007|130759335|1|20220523|203921|8002437|~       |      |~      |1|1250|0|      |20220523|~       |0603|2022-06-03 07:03:18
447225|0000000734467546              |20220523|161049|022|674|0|30300002|130010007|130759333|1|20220523|155105|8001230|~       |      |~      |1|1250|0|      |20220523|~       |0603|2022-06-03 07:03:18
447227|0000000759675515              |20220523|163916|018|676|0|30300054|130010007|130759357|1|20220523|145053|8001084|~       |      |~      |1|1250|0|      |20220523|~       |0603|2022-06-03 07:03:18
447229|0000000773285614              |20220523|165821|031|676|0|30300037|130010006|130752062|1|20220523|164353|8002340|~       |      |~      |1|1250|0|      |20220523|~       |0603|2022-06-03 07:03:18
447231|0000000903830624              |20220523|172738|001|676|0|30300054|130010007|130759362|1|20220523|171011|8002977|~       |      |~      |1|1250|0|      |20220523|~       |0603|2022-06-03 07:03:18
447233|0000000760353054              |20220523|173834|023|674|0|30300002|130010007|130759327|1|20220523|163420|8001242|~       |      |~      |1|1250|0|      |20220523|~       |0603|2022-06-03 07:03:18
447235|0000000732819237              |20220523|180937|028|676|0|30300054|130010007|130759345|1|20220523|171451|8002161|~       |      |~      |1|1250|0|      |20220523|~       |0603|2022-06-03 07:03:18
447237|0000000752307888              |20220523|181156|007|676|0|30300037|130010006|130759024|1|20220523|174442|8006001|~       |      |~      |1|1250|0|      |20220523|~       |0603|2022-06-03 07:03:18
447239|0000000773144559              |20220523|181931|005|673|1|30300004|130510004|130751016|1|20220523|053701|8002412|~       |      |~      |1|0|0|      |20220523|~       |0603|2022-06-03 07:03:18
447680|0000000786885090              |20220523|112639|001|674|0|30300002|130010007|130759330|1|20220523|095619|8001783|20220523|113750|8001783|1|1250|0|      |20220523|20220523|0603|2022-06-03 07:03:18
447682|0000000400200657              |20220523|091039|001|676|0|30300051|130010008|130752114|1|20220523|082848|8002542|20220523|091252|8001028|1|1250|0|      |20220523|20220523|0603|2022-06-03 07:03:18
447684|0000001110609979              |20220523|085220|001|674|0|30300002|130010007|130759325|1|20220523|081735|8001097|20220523|090152|8002611|1|1250|0|      |20220523|20220523|0603|2022-06-03 07:03:18
447686|0000000481196744              |20220523|085227|001|674|0|30300002|130010007|130759334|1|20220523|082017|8002133|20220523|093357|8001994|1|1250|0|      |20220523|20220523|0603|2022-06-03 07:03:18
447688|0000000697056143              |20220523|095748|001|676|0|30300037|130010006|130752046|1|20220523|085716|8001097|20220523|101024|8002358|1|1250|0|      |20220523|20220523|0603|2022-06-03 07:03:18
447690|0000001110519062              |20220523|181539|001|676|0|30300037|130010006|130759023|1|20220523|173004|8002312|20220523|183640|8002558|1|1250|0|      |20220523|20220523|0603|2022-06-03 07:03:18
447692|0000000687897661              |20220523|070944|001|676|0|30300089|130010011|130759502|1|20220523|051046|8002648|20220523|071628|8001420|1|1250|0|      |20220523|20220523|0603|2022-06-03 07:03:18
447694|0000000689704874              |20220523|071231|001|676|0|30300087|130010015|130759614|1|20220523|065735|8002550|20220523|074751|8002088|1|1250|0|      |20220523|20220523|0603|2022-06-03 07:03:18
447696|0000000699355591              |20220523|071139|001|676|0|30300089|130010011|130759536|1|20220523|060616|8001922|20220523|074553|8001420|1|1250|0|      |20220523|20220523|0603|2022-06-03 07:03:18
447698|0000000488870085              |20220523|081501|001|675|0|30300055|130010014|130753218|1|20220523|080801|8001857|20220523|082001|8001661|1|1250|0|      |20220523|20220523|0603|2022-06-03 07:03:18
447700|0000000793287897              |20220523|133355|001|676|0|30300089|130010011|130759577|1|20220523|104010|8002537|20220523|134909|8005508|1|1250|0|      |20220523|20220523|0603|2022-06-03 07:03:18
447702|0000000186403991              |20220523|144459|001|676|0|30300089|130010011|130759518|1|20220523|133735|8007549|20220523|145238|8002468|1|1250|0|      |20220523|20220523|0603|2022-06-03 07:03:18
447704|0000001118465780              |20220523|145740|001|676|0|30300089|130010011|130759521|1|20220523|133150|8003048|20220523|150828|8001989|1|1250|0|      |20220523|20220523|0603|2022-06-03 07:03:18
449081|0000000758147137              |20220523|094525|014|675|0|30300058|130010004|130752292|4|20220523|061521|8001852|~       |      |~      |1|750|0|      |20220523|~       |0603|2022-06-03 07:03:18
449083|0000000653324346              |20220523|191132|027|676|1|30300054|130010007|130759341|1|20220523|182638|8001567|~       |      |~      |1|0|0|      |20220523|~       |0603|2022-06-03 07:03:18
449085|0000000911229324              |20220523|193711|024|675|0|30300094|130010014|130753609|4|20220523|181147|8007549|~       |      |~      |1|750|0|      |20220523|~       |0603|2022-06-03 07:03:18
449087|0000000739624236              |20220523|072859|011|675|0|30300055|130010014|130753268|1|20220523|053602|8002686|~       |      |~      |1|1250|0|      |20220523|~       |0603|2022-06-03 07:03:18
449089|0000000743067764              |20220523|060733|009|674|0|30300002|130010007|130759308|1|20220523|060644|8002254|~       |      |~      |1|1250|0|      |20220523|~       |0603|2022-06-03 07:03:18
449091|0000000743194712              |20220523|070519|013|674|0|30300002|130010007|130759319|1|20220523|061804|8001430|~       |      |~      |1|1250|0|      |20220523|~       |0603|2022-06-03 07:03:18
449093|0000000663186234              |20220523|080214|010|676|0|30300037|130010006|130752011|1|20220523|051948|8002075|~       |      |~      |1|1250|0|      |20220523|~       |0603|2022-06-03 07:03:18
449095|0000000743001695              |20220523|081821|028|676|0|30300037|130010006|130752039|1|20220523|080243|8001443|~       |      |~      |1|1250|0|      |20220523|~       |0603|2022-06-03 07:03:18
449097|0000000904441402              |20220523|140852|030|674|1|30300002|130010007|130759315|1|20220523|133125|8002093|~       |      |~      |1|0|0|      |20220523|~       |0603|2022-06-03 07:03:18
449099|0000000900957329              |20220523|142833|022|675|0|30300055|130010014|130753208|1|20220523|140706|8001203|~       |      |~      |1|1250|0|      |20220523|~       |0603|2022-06-03 07:03:18
449555|0000000761541605              |20220523|090013|026|675|0|30300083|130010001|130759710|1|20220523|082615|8002816|~       |      |~      |1|1250|0|      |20220523|~       |0603|2022-06-03 07:03:18
449557|0000000677978098              |20220523|091343|003|675|0|30300055|130010014|130753265|1|20220523|054032|8002258|~       |      |~      |1|1250|0|      |20220523|~       |0603|2022-06-03 07:03:18
449559|0000000763418833              |20220523|095934|010|676|0|30300054|130010007|130759382|1|20220523|085512|8002585|~       |      |~      |1|1250|0|      |20220523|~       |0603|2022-06-03 07:03:18
449561|0000000909336712              |20220523|095629|006|676|1|30300037|130010006|130752007|1|20220523|091631|8002075|~       |      |~      |1|0|0|      |20220523|~       |0603|2022-06-03 07:03:18
449563|0000000662251333              |20220523|184140|004|675|1|30300055|130010014|130753205|1|20220523|172823|8002734|~       |      |~      |1|0|0|      |20220523|~       |0603|2022-06-03 07:03:18
449565|0000000643512000              |20220523|185550|026|675|1|30300057|130010001|130759489|1|20220523|181549|8002033|~       |      |~      |1|0|0|      |20220523|~       |0603|2022-06-03 07:03:18
449567|0000000743700678              |20220523|191846|007|675|0|30300055|130010014|130753269|1|20220523|182329|8002340|~       |      |~      |1|1250|0|      |20220523|~       |0603|2022-06-03 07:03:18
449569|0000000906514263              |20220523|192334|028|675|0|30300055|130010014|130753210|1|20220523|185023|8001612|~       |      |~      |1|1250|0|      |20220523|~       |0603|2022-06-03 07:03:18
449571|0000000742469705              |20220523|071651|027|675|0|30300058|130010004|130752290|1|20220523|070012|8001516|~       |      |~      |1|1250|0|      |20220523|~       |0603|2022-06-03 07:03:18
449573|0000000761731965              |20220523|073903|018|676|1|30300037|130010006|130752027|1|20220523|064721|8001097|~       |      |~      |1|0|0|      |20220523|~       |0603|2022-06-03 07:03:18
449575|0000000774075321              |20220523|073637|026|675|0|30300058|130010004|130752202|1|20220523|071622|8001852|~       |      |~      |1|1250|0|      |20220523|~       |0603|2022-06-03 07:03:18
449577|0000000766275577              |20220523|064637|024|676|1|30300089|130010011|130759522|1|20220523|062050|8001567|~       |      |~      |1|0|0|      |20220523|~       |0603|2022-06-03 07:03:18
449579|0000000632663525              |20220523|065920|019|676|0|30300089|130010011|130759536|1|20220523|060616|8002531|~       |      |~      |1|1250|0|      |20220523|~       |0603|2022-06-03 07:03:18
449581|0000000646903010              |20220523|080112|031|676|0|30300089|130010011|130759502|1|20220523|051046|8002703|~       |      |~      |1|1250|0|      |20220523|~       |0603|2022-06-03 07:03:18
449583|0000000759753732              |20220523|140615|003|676|0|30300089|130010011|130759578|1|20220523|124548|8002088|~       |      |~      |1|1250|0|      |20220523|~       |0603|2022-06-03 07:03:18
450009|0000000774172324              |20220523|074053|029|832|0|30300128|130710001|130759919|1|20220523|070702|8007294|20220523|080812|8007280|1|1700|300|      |20220523|20220523|0603|2022-06-03 07:03:18
450011|0000000903462716              |20220523|074056|026|832|0|30300128|130710001|130759919|1|20220523|070702|8007294|20220523|080820|8007280|1|1700|300|      |20220523|20220523|0603|2022-06-03 07:03:18
450013|0000000741834962              |20220523|074104|003|832|0|30300128|130710001|130759919|1|20220523|070702|8007294|20220523|080815|8007280|1|1700|300|      |20220523|20220523|0603|2022-06-03 07:03:18
450015|0000000714158059              |20220523|074352|007|832|0|30300128|130710001|130759919|1|20220523|070702|8007292|20220523|080822|8007280|1|1700|300|      |20220523|20220523|0603|2022-06-03 07:03:18
450017|0000000911270812              |20220523|073752|018|832|0|30300128|130710001|130759919|1|20220523|070702|8007296|20220523|081612|8001420|1|1700|300|      |20220523|20220523|0603|2022-06-03 07:03:18
450019|0000000753008257              |20220523|072509|015|832|1|30300128|130710001|130759919|1|20220523|070702|3056002|20220523|080814|8007280|1|300|300|      |20220523|20220523|0603|2022-06-03 07:03:18
450021|0000000720717067              |20220523|072513|011|832|0|30300128|130710001|130759919|1|20220523|070702|3056002|20220523|080817|8007280|1|1700|300|      |20220523|20220523|0603|2022-06-03 07:03:18
450023|0000000776834992              |20220523|072846|015|832|0|30300128|130710001|130759919|1|20220523|070702|3062007|20220523|081554|8001420|1|1700|300|      |20220523|20220523|0603|2022-06-03 07:03:18
450025|0000000753875617              |20220523|072853|020|832|0|30300128|130710001|130759919|1|20220523|070702|3062007|20220523|082036|8007268|1|1700|300|      |20220523|20220523|0603|2022-06-03 07:03:18
450027|0000000763160053              |20220523|073019|016|832|0|30300128|130710001|130759919|1|20220523|070702|3062004|20220523|082041|8007268|1|1700|300|      |20220523|20220523|0603|2022-06-03 07:03:18
450029|0000000658203937              |20220523|073150|002|832|0|30300128|130710001|130759919|1|20220523|070702|3053004|20220523|082005|8007268|1|1700|300|      |20220523|20220523|0603|2022-06-03 07:03:18
450031|0000000764559180              |20220523|073651|017|832|0|30300128|130710001|130759919|1|20220523|070702|8007401|20220523|082038|8007268|1|1700|300|      |20220523|20220523|0603|2022-06-03 07:03:18
452819|0000000903061385              |20220523|105838|022|832|0|30300128|130710001|130759921|1|20220523|052253|8007298|20220523|113618|8001420|1|1700|300|      |20220523|20220523|0603|2022-06-03 07:03:18
452821|0000000740900048              |20220523|073724|009|832|1|30300128|130710001|130759911|1|20220523|053354|8007412|20220523|081723|8007400|1|450|300|      |20220523|20220523|0603|2022-06-03 07:03:18
452823|0000000778405926              |20220523|073748|012|832|1|30300128|130710001|130759911|1|20220523|053354|8007412|20220523|081316|8007293|1|450|300|      |20220523|20220523|0603|2022-06-03 07:03:18
452825|0000000751569020              |20220523|073754|031|832|1|30300128|130710001|130759911|1|20220523|053354|8007412|20220523|081407|8007295|1|450|300|      |20220523|20220523|0603|2022-06-03 07:03:18
452827|0000000759536576              |20220523|074104|020|832|0|30300128|130710001|130759911|1|20220523|053354|8007269|20220523|081659|8007400|1|1700|300|      |20220523|20220523|0603|2022-06-03 07:03:18
452829|0000000763403341              |20220523|074333|010|832|0|30300128|130710001|130759911|1|20220523|053354|8007273|20220523|081942|8007052|1|1700|300|      |20220523|20220523|0603|2022-06-03 07:03:18
452831|0000000645647493              |20220523|074924|005|832|0|30300128|130710001|130759911|1|20220523|053354|8007288|20220523|082242|3053005|1|1700|300|      |20220523|20220523|0603|2022-06-03 07:03:18
452833|0000000904275990              |20220523|080014|026|832|1|30300128|130710001|130759911|1|20220523|053354|8007289|20220523|082155|3053005|1|450|300|      |20220523|20220523|0603|2022-06-03 07:03:18
452835|0000000751916671              |20220523|073402|029|832|1|30300128|130710001|130759911|1|20220523|053354|8005504|20220523|081314|8007293|1|450|300|      |20220523|20220523|0603|2022-06-03 07:03:18
452837|0000000774342132              |20220523|073414|027|832|0|30300128|130710001|130759911|1|20220523|053354|8005504|20220523|082027|8007052|1|1700|300|      |20220523|20220523|0603|2022-06-03 07:03:18
452839|0000000631022303              |20220523|073721|026|832|0|30300128|130710001|130759911|1|20220523|053354|8007412|20220523|082733|8007053|1|1700|300|      |20220523|20220523|0603|2022-06-03 07:03:18
452841|0000000773107674              |20220523|073737|025|832|1|30300128|130710001|130759911|1|20220523|053354|8007412|20220523|082628|3062006|1|450|300|      |20220523|20220523|0603|2022-06-03 07:03:18
452951|0000000748185040              |20220523|184616|030|832|1|30300128|130710001|130759911|1|20220523|053354|8007279|20220523|192508|3056003|1|450|300|      |20220523|20220523|0603|2022-06-03 07:03:18
452953|0000000711816326              |20220523|192210|003|832|0|30300128|130710001|130759911|1|20220523|053354|3062006|20220523|194254|8007055|1|1700|300|      |20220523|20220523|0603|2022-06-03 07:03:18
452955|0000000654765382              |20220523|181912|002|832|1|30300128|130710001|130759921|1|20220523|052253|3014017|20220523|191710|8001420|1|300|300|      |20220523|20220523|0603|2022-06-03 07:03:18
452957|0000000761033667              |20220523|182413|014|832|0|30300128|130710001|130759921|1|20220523|052253|8007080|20220523|191704|8001420|1|1700|300|      |20220523|20220523|0603|2022-06-03 07:03:18
452959|0000000745112762              |20220523|182938|024|832|0|30300128|130710001|130759921|1|20220523|052253|3053004|20220523|191708|8001420|1|1700|300|      |20220523|20220523|0603|2022-06-03 07:03:18
452961|0000000741710692              |20220523|182142|025|832|0|30300128|130710001|130759921|1|20220523|052253|3056002|20220523|191718|8001420|1|1700|300|      |20220523|20220523|0603|2022-06-03 07:03:18
452963|0000000607399686              |20220523|182417|028|832|1|30300128|130710001|130759921|1|20220523|052253|8007080|20220523|191727|8001420|1|300|300|      |20220523|20220523|0603|2022-06-03 07:03:18
452965|0000000759160320              |20220523|182425|006|832|0|30300128|130710001|130759921|1|20220523|052253|8007080|20220523|191716|8001420|1|1700|300|      |20220523|20220523|0603|2022-06-03 07:03:18
452967|0000000903842946              |20220523|182435|005|832|0|30300128|130710001|130759921|1|20220523|052253|8007080|20220523|192135|8007268|1|1700|300|      |20220523|20220523|0603|2022-06-03 07:03:18
452969|0000000753594598              |20220523|182953|028|832|0|30300128|130710001|130759921|1|20220523|052253|3053004|20220523|191719|8001420|1|1700|300|      |20220523|20220523|0603|2022-06-03 07:03:18
452971|0000000639042970              |20220523|062602|006|832|0|30300128|130710001|130759910|1|20220523|040035|8007298|20220523|064500|8007290|1|1700|300|      |20220523|20220523|0603|2022-06-03 07:03:18
452973|0000000703592502              |20220523|061227|004|832|1|30300128|130710001|130759910|1|20220523|040035|3056002|20220523|064228|8007290|1|300|300|      |20220523|20220523|0603|2022-06-03 07:03:18
452975|0000000641139756              |20220523|061752|010|832|1|30300128|130710001|130759910|1|20220523|040035|3062004|20220523|064413|8007290|1|300|300|      |20220523|20220523|0603|2022-06-03 07:03:18
452977|0000000734109827              |20220523|063026|019|832|1|30300128|130710001|130759910|1|20220523|040035|8007294|20220523|070641|8001420|1|300|300|      |20220523|20220523|0603|2022-06-03 07:03:18
453123|0000000903532864              |20220523|150828|010|674|0|30300100|130010002|130752345|1|20220523|134748|8001715|20220523|152600|8001584|2|2500|0|      |20220523|20220523|0603|2022-06-03 07:03:18
453125|0000000678590531              |20220523|180546|008|675|0|30300059|130010004|130752204|1|20220523|141504|8002968|20220523|181907|8002758|2|2500|0|      |20220523|20220523|0603|2022-06-03 07:03:18
453127|0000000624184512              |20220523|122148|013|675|0|30300046|130010002|130752312|1|20220523|113317|8002721|20220523|124651|8001082|2|2500|0|      |20220523|20220523|0603|2022-06-03 07:03:18
453129|0000000616116924              |20220523|095901|012|674|0|30300100|130010002|130752362|1|20220523|090219|8001529|20220523|102242|8002119|2|2500|0|      |20220523|20220523|0603|2022-06-03 07:03:18
453131|0000000918426162              |20220523|124839|003|676|0|30300093|130010004|130752225|1|20220523|123755|8001794|20220523|125744|8005880|2|2500|0|      |20220523|20220523|0603|2022-06-03 07:03:18
453133|0000000909327463              |20220523|182739|009|676|0|30300072|130010001|130759714|1|20220523|175250|8001575|20220523|185346|8001035|2|2500|0|      |20220523|20220523|0603|2022-06-03 07:03:18
453135|0000000754253169              |20220523|192530|002|675|0|30300079|130010009|130759113|1|20220523|182353|8002611|20220523|192958|8002465|2|2500|0|      |20220523|20220523|0603|2022-06-03 07:03:18
453137|0000000912511924              |20220523|144159|003|676|0|30300054|130010007|130759382|1|20220523|134405|8001555|20220523|145137|8001782|2|2500|0|      |20220523|20220523|0603|2022-06-03 07:03:18
453139|0000000770959201              |20220523|202329|002|675|0|30300056|130010012|130753373|1|20220523|194448|8001204|20220523|203508|8001368|2|2500|0|      |20220523|20220523|0603|2022-06-03 07:03:18
453141|0000000773081479              |20220523|161533|021|676|0|30300043|130010015|130759608|1|20220523|153840|8002650|20220523|164108|8002981|2|2500|0|      |20220523|20220523|0603|2022-06-03 07:03:18
453143|0000000734913187              |20220523|174400|022|675|0|30300064|130010015|130759673|1|20220523|172917|8002527|20220523|174756|8002729|2|2500|0|      |20220523|20220523|0603|2022-06-03 07:03:18
439247|0000000704626448              |20220523|210636|017|676|0|30300037|130010006|130752037|1|20220523|210226|8001877|20220523|212659|8006001|1|1250|0|      |20220523|20220523|0603|2022-06-03 07:03:18
439249|0000000740693092              |20220523|154335|028|676|0|30300054|130010007|130759351|1|20220523|152525|8002977|20220523|155546|8002160|1|1250|0|      |20220523|20220523|0603|2022-06-03 07:03:18
439656|0000000682632719              |20220523|161726|019|676|0|30300131|130010008|130752722|1|20220523|150126|8002754|20220523|164208|8007284|1|1250|0|      |20220523|20220523|0603|2022-06-03 07:03:18
439658|0000000790184743              |20220523|170232|001|675|0|30300075|130010005|130759270|1|20220523|162837|8002880|20220523|170605|8001534|1|1250|0|      |20220523|20220523|0603|2022-06-03 07:03:18
439660|0000000400206238              |20220523|174117|003|675|0|30300144|130010012|130753376|1|20220523|163915|8002733|20220523|180727|8002951|1|1250|0|      |20220523|20220523|0603|2022-06-03 07:03:18
439662|0000000698440596              |20220523|180231|003|675|0|30300094|130010014|130753616|1|20220523|171259|8002967|20220523|182744|8005516|1|1250|0|      |20220523|20220523|0603|2022-06-03 07:03:18
439664|0000000692411776              |20220523|175804|010|675|0|30300078|130010008|130752171|1|20220523|165344|8007278|20220523|180815|8001419|1|1250|0|      |20220523|20220523|0603|2022-06-03 07:03:18
439666|0000000400167271              |20220523|172426|008|675|0|30300076|130010014|130753235|1|20220523|164634|8001461|20220523|181731|8005948|1|1250|0|      |20220523|20220523|0603|2022-06-03 07:03:18
439668|0000000788553930              |20220523|125411|029|676|0|30300090|130010005|130759216|1|20220523|123732|8002100|20220523|130210|8002763|1|1250|0|      |20220523|20220523|0603|2022-06-03 07:03:18
439670|0000000400109838              |20220523|131015|018|676|1|30300130|130010008|130752720|1|20220523|121639|8002432|20220523|131428|8002786|1|0|0|      |20220523|20220523|0603|2022-06-03 07:03:18
439672|0000000400194450              |20220523|133846|015|676|0|30300090|130010005|130759260|1|20220523|115821|8002997|20220523|135129|8002468|1|1250|0|      |20220523|20220523|0603|2022-06-03 07:03:18
439674|0000000789520734              |20220523|215631|009|832|0|30300128|130710001|130759930|1|20220523|063409|8007295|20220523|221012|3056003|1|1700|0|      |20220523|20220523|0603|2022-06-03 07:03:18
439676|0000000797748639              |20220523|095858|001|676|1|30300090|130010005|130759223|1|20220523|073140|8002468|20220523|100809|8002760|1|0|0|      |20220523|20220523|0603|2022-06-03 07:03:18
439678|0000000698055122              |20220523|101652|009|675|0|30300081|130010011|130759582|1|20220523|074300|8002235|20220523|104001|8007022|1|1250|0|      |20220523|20220523|0603|2022-06-03 07:03:18
439680|0000000691734011              |20220523|080151|028|676|0|30300090|130010005|130759223|1|20220523|073140|8002464|20220523|082327|8002075|1|1250|0|      |20220523|20220523|0603|2022-06-03 07:03:18
440087|0000000724993033              |20220523|185618|014|676|1|30300054|130010007|130759384|1|20220523|180441|8001567|20220523|192857|8001793|1|0|0|      |20220523|20220523|0603|2022-06-03 07:03:18
440089|0000000732594407              |20220523|192817|030|676|1|30300071|130010009|130759186|1|20220523|113639|8001567|20220523|193017|8001923|1|0|0|      |20220523|20220523|0603|2022-06-03 07:03:18
440091|0000000725560648              |20220523|080208|026|675|1|30300049|130010004|130752285|1|20220523|072339|8002721|20220523|081757|8001204|1|0|0|      |20220523|20220523|0603|2022-06-03 07:03:18
440093|0000000661984632              |20220523|140214|004|676|2|30300051|130010008|130752102|1|20220523|134703|8001420|20220523|140459|8002454|1|0|0|      |20220523|20220523|0603|2022-06-03 07:03:18
440095|0000000752207787              |20220523|193046|020|676|1|30300051|130010008|130752119|1|20220523|191552|8001420|20220523|194944|8001715|1|0|0|      |20220523|20220523|0603|2022-06-03 07:03:18
440097|0000000776942304              |20220523|202123|020|678|2|30300074|130010014|130753613|1|20220523|194932|8001420|20220523|202847|8002148|1|0|0|      |20220523|20220523|0603|2022-06-03 07:03:18
440099|0000000918299123              |20220523|201907|028|675|1|30300065|130010004|130752267|1|20220523|131522|8001420|20220523|203725|8005869|1|0|0|      |20220523|20220523|0603|2022-06-03 07:03:18
440101|0000000735273872              |20220523|205700|002|676|1|30300090|130010005|130759207|1|20220523|200045|8002721|20220523|210439|8007556|1|0|0|      |20220523|20220523|0603|2022-06-03 07:03:18
440103|0000000661355421              |20220523|210917|007|676|1|30300037|130010006|130752050|1|20220523|145951|8002721|20220523|211346|8002403|1|0|0|      |20220523|20220523|0603|2022-06-03 07:03:18
440105|0000000904571619              |20220523|151641|018|675|1|30300075|130010005|130759203|1|20220523|143027|8001420|20220523|152744|8002287|1|0|0|      |20220523|20220523|0603|2022-06-03 07:03:18
440107|0000000745504887              |20220523|170810|028|675|1|30300047|130010001|130759433|1|20220523|165740|8002721|20220523|171545|8005993|1|0|0|      |20220523|20220523|0603|2022-06-03 07:03:18
440109|0000000709592695              |20220523|170620|013|676|1|30300051|130010008|130752108|1|20220523|164103|8001420|20220523|172506|8002432|1|0|0|      |20220523|20220523|0603|2022-06-03 07:03:18
440111|0000000725491907              |20220523|174940|024|675|1|30300065|130010004|130752269|1|20220523|172127|8001420|20220523|175253|8001421|1|0|0|      |20220523|20220523|0603|2022-06-03 07:03:18
440113|0000000742039801              |20220523|123309|008|676|1|30300037|130010006|130759024|1|20220523|113724|8002721|20220523|125039|8002921|1|0|0|      |20220523|20220523|0603|2022-06-03 07:03:18
440520|0000000702379749              |20220523|100340|015|676|1|30300040|130010013|130759818|1|20220523|075658|8007279|20220523|102511|8001091|1|0|0|      |20220523|20220523|0603|2022-06-03 07:03:18
440522|0000000630027345              |20220523|080849|012|674|1|30300100|130010002|130752367|1|20220523|071340|8001412|20220523|082822|8001493|1|0|0|      |20220523|20220523|0603|2022-06-03 07:03:18
440524|0000000720717067              |20220523|080924|011|675|1|30300078|130010008|130752171|1|20220523|072909|8007279|20220523|082251|8001532|1|0|0|      |20220523|20220523|0603|2022-06-03 07:03:18
440526|0000000672260877              |20220523|080346|003|676|1|30300040|130010007|130759373|1|20220523|073021|8007279|20220523|082136|8001275|1|0|0|      |20220523|20220523|0603|2022-06-03 07:03:18
440528|0000000777300242              |20220523|083312|021|676|2|30300040|130010007|130759389|1|20220523|080225|8007279|20220523|085543|8001275|1|0|0|      |20220523|20220523|0603|2022-06-03 07:03:18
440530|0000000739077501              |20220523|080848|008|674|1|30300100|130010002|130752367|1|20220523|071340|8001412|20220523|083941|8001028|1|0|0|      |20220523|20220523|0603|2022-06-03 07:03:18
440532|0000000745895569              |20220523|081951|026|676|1|30300040|130010007|130759388|1|20220523|075046|8007279|20220523|083003|8002763|1|0|0|      |20220523|20220523|0603|2022-06-03 07:03:18
440534|0000000757709152              |20220523|081958|006|676|1|30300040|130010007|130759388|1|20220523|075046|8007279|20220523|084443|8001091|1|0|0|      |20220523|20220523|0603|2022-06-03 07:03:18
441862|0000000903417235              |20220523|133616|009|675|0|30300075|130010005|130759226|1|20220523|124350|8005881|20220523|134020|8002286|1|1250|0|      |20220523|20220523|0603|2022-06-03 07:03:18
441864|0000000742882822              |20220523|111128|020|676|0|30300072|130010001|130759421|1|20220523|110321|8001234|20220523|111828|8002488|1|1250|0|      |20220523|20220523|0603|2022-06-03 07:03:18
441866|0000000911429530              |20220523|112636|009|676|0|30300072|130010001|130759726|1|20220523|092113|8002880|20220523|114052|8001421|1|1250|0|      |20220523|20220523|0603|2022-06-03 07:03:18
441868|0000000707318426              |20220523|081827|005|676|0|30300072|130010001|130759734|1|20220523|073401|8002906|20220523|082237|8002880|1|1250|0|      |20220523|20220523|0603|2022-06-03 07:03:18
442308|0000000725346216              |20220523|053751|029|679|0|30300063|130010001|130759487|1|20220523|053054|8002254|~       |      |~      |1|1250|0|      |20220523|~       |0603|2022-06-03 07:03:18
442310|0000000753178247              |20220523|071509|012|675|0|30300049|130010004|130752216|1|20220523|064840|8001715|~       |      |~      |1|1250|0|      |20220523|~       |0603|2022-06-03 07:03:18
442312|0000000725712322              |20220523|080447|015|675|0|30300049|130010004|130752237|1|20220523|074343|8001715|~       |      |~      |1|1250|0|      |20220523|~       |0603|2022-06-03 07:03:18
442314|0000000762656833              |20220523|080447|002|674|0|30300100|130010002|130752509|1|20220523|075236|8001153|~       |      |~      |1|1250|0|      |20220523|~       |0603|2022-06-03 07:03:18
442316|0000000634903668              |20220523|075959|011|674|0|30300100|130010002|130752397|1|20220523|065856|8007042|~       |      |~      |1|1250|0|      |20220523|~       |0603|2022-06-03 07:03:18
442318|0000000763418914              |20220523|195222|003|679|1|30300063|130010001|130759482|1|20220523|191825|8001789|~       |      |~      |1|0|0|      |20220523|~       |0603|2022-06-03 07:03:18
442320|0000000671479925              |20220523|212659|008|679|0|30300063|130010001|130759488|1|20220523|202333|8002482|~       |      |~      |1|1250|0|      |20220523|~       |0603|2022-06-03 07:03:18
442322|0000000674347620              |20220523|153648|006|674|0|30300100|130010002|130752506|1|20220523|141125|8002542|~       |      |~      |1|1250|0|      |20220523|~       |0603|2022-06-03 07:03:18
442324|0000000734910640              |20220523|160854|004|679|0|30300063|130010001|130759787|1|20220523|154110|8001901|~       |      |~      |1|1250|0|      |20220523|~       |0603|2022-06-03 07:03:18
442326|0000000750374607              |20220523|162159|003|675|0|30300049|130010004|130752264|1|20220523|155018|8001490|~       |      |~      |1|1250|0|      |20220523|~       |0603|2022-06-03 07:03:18
442328|0000000760449550              |20220523|173021|024|674|0|30300100|130010002|130752382|4|20220523|170320|8002432|~       |      |~      |1|750|0|      |20220523|~       |0603|2022-06-03 07:03:18
442330|0000000768536165              |20220523|173127|024|679|0|30300063|130010001|130759487|1|20220523|134444|8001876|~       |      |~      |1|1250|0|      |20220523|~       |0603|2022-06-03 07:03:18
442332|0000000725280395              |20220523|173703|027|679|0|30300063|130010001|130759487|1|20220523|134444|8002634|~       |      |~      |1|1250|0|      |20220523|~       |0603|2022-06-03 07:03:18
442334|0000000774046651              |20220523|172835|005|675|0|30300049|130010004|130752287|1|20220523|165246|8001715|~       |      |~      |1|1250|0|      |20220523|~       |0603|2022-06-03 07:03:18
442336|0000000752852449              |20220523|181028|017|675|0|30300049|130010004|130752248|1|20220523|151607|8005904|~       |      |~      |1|1250|0|      |20220523|~       |0603|2022-06-03 07:03:18
442790|0000000777332068              |20220523|162021|004|675|0|30300076|130010014|130753510|4|20220523|161040|8001645|~       |      |~      |1|750|0|      |20220523|~       |0603|2022-06-03 07:03:18
442792|0000000742304594              |20220523|164558|014|675|0|30300066|130010015|130759687|4|20220523|162742|8001538|~       |      |~      |1|750|0|      |20220523|~       |0603|2022-06-03 07:03:18
442794|0000000768933471              |20220523|171704|029|675|0|30300045|130010006|130752047|1|20220523|162540|8007540|~       |      |~      |1|1250|0|      |20220523|~       |0603|2022-06-03 07:03:18
442796|0000000751968716              |20220523|173504|023|675|0|30300096|130010006|130752066|4|20220523|164002|8005599|~       |      |~      |1|750|0|      |20220523|~       |0603|2022-06-03 07:03:18
442798|0000000777128806              |20220523|175947|003|675|0|30300075|130010005|130759203|1|20220523|173133|8002906|~       |      |~      |1|1250|0|      |20220523|~       |0603|2022-06-03 07:03:18
442800|0000000725943657              |20220523|181213|004|675|0|30300059|130010004|130752270|1|20220523|173548|8002724|~       |      |~      |1|1250|0|      |20220523|~       |0603|2022-06-03 07:03:18
442802|0000000740591373              |20220523|182632|014|675|0|30300096|130010006|130752022|1|20220523|164211|8002553|~       |      |~      |1|1250|0|      |20220523|~       |0603|2022-06-03 07:03:18
442804|0000000903100911              |20220523|131719|011|675|2|30300075|130010005|130759213|1|20220523|060607|8005881|~       |      |~      |1|0|0|      |20220523|~       |0603|2022-06-03 07:03:18
442806|0000000726008092              |20220523|134248|008|675|1|30300076|130010014|130753615|1|20220523|124243|8002153|~       |      |~      |1|0|0|      |20220523|~       |0603|2022-06-03 07:03:18
442808|0000000772347244              |20220523|230723|007|675|1|30300066|130010015|130759687|1|20220523|224017|8001789|~       |      |~      |1|0|0|      |20220523|~       |0603|2022-06-03 07:03:18
442810|0000000759777748              |20220523|223008|003|675|0|30300076|130010014|130753239|4|20220523|220302|8001936|~       |      |~      |1|750|0|      |20220523|~       |0603|2022-06-03 07:03:18
442812|0000000643756490              |20220523|100927|026|675|0|30300075|130010005|130759203|1|20220523|080518|8003022|~       |      |~      |1|1250|0|      |20220523|~       |0603|2022-06-03 07:03:18
442814|0000000635844251              |20220523|083456|026|675|0|30300066|130010015|130759687|1|20220523|075126|8001789|~       |      |~      |1|1250|0|      |20220523|~       |0603|2022-06-03 07:03:18
442816|0000000917904946              |20220523|091203|017|675|1|30300076|130010014|130753207|1|20220523|075747|8001731|~       |      |~      |1|0|0|      |20220523|~       |0603|2022-06-03 07:03:18
442818|0000000779665407              |20220523|101046|006|676|0|30300069|130010001|130759428|1|20220523|094203|8002277|~       |      |~      |1|1250|0|      |20220523|~       |0603|2022-06-03 07:03:18
443244|0000000776702041              |20220523|100516|027|675|0|30300081|130010011|130759533|1|20220523|061045|8002616|20220523|102602|8002087|1|1250|0|      |20220523|20220523|0603|2022-06-03 07:03:18
443246|0000000725280677              |20220523|102919|011|676|0|30300072|130010001|130759429|1|20220523|101405|8001348|20220523|105037|8002881|1|1250|0|      |20220523|20220523|0603|2022-06-03 07:03:18
443248|0000000605226575              |20220523|120002|019|675|0|30300083|130010001|130759771|1|20220523|061408|8002965|20220523|123101|8001791|1|1250|0|      |20220523|20220523|0603|2022-06-03 07:03:18
446004|0000000751809776              |20220523|094503|026|832|0|30300128|130710001|130759915|1|20220523|063843|3056002|20220523|102705|8007280|1|1700|300|      |20220523|20220523|0603|2022-06-03 07:03:18
446006|0000000669196033              |20220523|094819|007|832|1|30300128|130710001|130759915|1|20220523|063843|3062007|20220523|102507|8007280|1|300|300|      |20220523|20220523|0603|2022-06-03 07:03:18
446008|0000000662416607              |20220523|095305|002|832|0|30300128|130710001|130759915|1|20220523|063843|8007057|20220523|104028|8001420|1|1700|300|      |20220523|20220523|0603|2022-06-03 07:03:18
446010|0000000761706178              |20220523|100034|027|832|0|30300128|130710001|130759915|1|20220523|063843|8007294|20220523|104303|8007268|1|1700|300|      |20220523|20220523|0603|2022-06-03 07:03:18
446012|0000000773009630              |20220523|094138|011|832|0|30300128|130710001|130759915|1|20220523|063843|3014017|20220523|104255|8007268|1|1700|300|      |20220523|20220523|0603|2022-06-03 07:03:18
446014|0000000762879569              |20220523|094454|023|832|0|30300128|130710001|130759915|1|20220523|063843|3056002|20220523|104305|8007268|1|1700|300|      |20220523|20220523|0603|2022-06-03 07:03:18
446016|0000000911303178              |20220523|094818|016|832|1|30300128|130710001|130759915|1|20220523|063843|3062007|20220523|104019|8001420|1|300|300|      |20220523|20220523|0603|2022-06-03 07:03:18
446018|0000000742956566              |20220523|080721|014|832|0|30300128|130710001|130759915|1|20220523|063843|8007412|20220523|084933|8007295|1|1700|300|      |20220523|20220523|0603|2022-06-03 07:03:18
446020|0000000657840551              |20220523|080340|016|832|0|30300128|130710001|130759915|1|20220523|063843|8005504|20220523|085740|3054003|1|1700|300|      |20220523|20220523|0603|2022-06-03 07:03:18
446022|0000000769091002              |20220523|080647|023|832|1|30300128|130710001|130759915|1|20220523|063843|8007412|20220523|085420|8007052|1|450|300|      |20220523|20220523|0603|2022-06-03 07:03:18
446024|0000000717627885              |20220523|080654|002|832|1|30300128|130710001|130759915|1|20220523|063843|8007412|20220523|084937|8007295|1|450|300|      |20220523|20220523|0603|2022-06-03 07:03:18
446026|0000000921782269              |20220523|081235|016|832|1|30300128|130710001|130759915|1|20220523|063843|8007273|20220523|084436|8007291|1|450|300|      |20220523|20220523|0603|2022-06-03 07:03:18
446028|0000000702819959              |20220523|081121|030|832|0|30300128|130710001|130759915|1|20220523|063843|8007271|20220523|084758|8007293|1|1700|300|      |20220523|20220523|0603|2022-06-03 07:03:18
446435|0000000692042327              |20220523|130756|012|676|0|30300038|130010014|130753214|1|20220523|123617|8002358|20220523|133651|8001051|1|1250|0|      |20220523|20220523|0603|2022-06-03 07:03:18
446437|0000000784335813              |20220523|140226|027|676|0|30300038|130010014|130753255|1|20220523|133459|8002156|20220523|143648|8001132|1|1250|0|      |20220523|20220523|0603|2022-06-03 07:03:18
446439|0000000682958796              |20220523|211124|015|676|1|30300051|130010008|130752103|1|20220523|205355|8002330|20220523|214918|8007046|1|0|0|      |20220523|20220523|0603|2022-06-03 07:03:18
446441|0000000688607926              |20220523|150555|020|676|0|30300038|130010014|130753220|1|20220523|145847|8002141|20220523|152403|8001596|1|1250|0|      |20220523|20220523|0603|2022-06-03 07:03:18
446443|0000000789143759              |20220523|155502|016|676|0|30300038|130010014|130753524|1|20220523|153243|8003131|20220523|162413|8002778|1|1250|0|      |20220523|20220523|0603|2022-06-03 07:03:18
446445|0000000699491124              |20220523|163812|013|676|0|30300038|130010014|130753201|1|20220523|155632|8001037|20220523|165452|8001527|1|1250|0|      |20220523|20220523|0603|2022-06-03 07:03:18
446447|0000000785456996              |20220523|165248|016|676|0|30300038|130010014|130753203|1|20220523|164409|8001500|20220523|171723|8001527|2|2500|0|      |20220523|20220523|0603|2022-06-03 07:03:18
446449|0000000793377294              |20220523|172111|027|676|0|30300051|130010008|130752101|1|20220523|162217|8001079|20220523|174206|8002675|1|1250|0|      |20220523|20220523|0603|2022-06-03 07:03:18
446451|0000000780820993              |20220523|175835|019|676|0|30300051|130010008|130752100|1|20220523|170203|8001079|20220523|181133|8001155|1|1250|0|      |20220523|20220523|0603|2022-06-03 07:03:18
446453|0000000791480481              |20220523|124146|020|676|0|30300038|130010014|130753502|1|20220523|120445|8003044|20220523|124824|8001052|1|1250|0|      |20220523|20220523|0603|2022-06-03 07:03:18
446455|0000000784968418              |20220523|222633|009|676|0|30300038|130010014|130753220|1|20220523|211557|8003032|20220523|223037|8002393|1|1250|0|      |20220523|20220523|0603|2022-06-03 07:03:18
446457|0000000695877479              |20220523|102831|017|676|0|30300038|130010014|130753220|1|20220523|101724|8001168|20220523|103449|8001774|1|1250|0|      |20220523|20220523|0603|2022-06-03 07:03:18
446459|0000000400198978              |20220523|093006|028|676|0|30300038|130010014|130753524|1|20220523|084651|8002914|20220523|094514|8001928|1|1250|0|      |20220523|20220523|0603|2022-06-03 07:03:18
446910|0000000760804698              |20220523|084400|008|676|0|30300072|130010001|130759734|1|20220523|073401|8002155|~       |      |~      |1|1250|0|      |20220523|~       |0603|2022-06-03 07:03:18
446912|0000000903068579              |20220523|090043|019|676|2|30300089|130010011|130759516|1|20220523|051910|8001567|~       |      |~      |1|0|0|      |20220523|~       |0603|2022-06-03 07:03:18
446914|0000000774450863              |20220523|092445|021|676|0|30300070|130010004|130752201|1|20220523|064201|8001869|~       |      |~      |1|1250|0|      |20220523|~       |0603|2022-06-03 07:03:18
446916|0000000776140648              |20220523|095242|020|676|0|30300070|130010004|130752241|1|20220523|070206|8001645|~       |      |~      |1|1250|0|      |20220523|~       |0603|2022-06-03 07:03:18
446918|0000000747947038              |20220523|095542|029|676|0|30300089|130010011|130759516|1|20220523|051910|8001474|~       |      |~      |1|1250|0|      |20220523|~       |0603|2022-06-03 07:03:18
446920|0000000675674678              |20220523|184811|003|675|0|30300053|130010002|130752385|1|20220523|171338|8001587|~       |      |~      |1|1250|0|      |20220523|~       |0603|2022-06-03 07:03:18
446922|0000000733184086              |20220523|192244|011|676|0|30300070|130010004|130752226|1|20220523|185852|8002625|~       |      |~      |1|1250|0|      |20220523|~       |0603|2022-06-03 07:03:18
446924|0000000442263782              |20220523|194951|001|676|0|30300089|130010011|130759578|1|20220523|144427|8002934|~       |      |~      |1|1250|0|      |20220523|~       |0603|2022-06-03 07:03:18
446926|0000000725492773              |20220523|072802|027|675|0|30300059|130010004|130752217|1|20220523|071129|8001538|~       |      |~      |1|1250|0|      |20220523|~       |0603|2022-06-03 07:03:18
446928|0000000771219825              |20220523|070505|030|675|0|30300084|130010001|130759418|1|20220523|054604|8002701|~       |      |~      |1|1250|0|      |20220523|~       |0603|2022-06-03 07:03:18
446930|0000000745735446              |20220523|080237|019|676|0|30300093|130010004|130752207|1|20220523|071403|8001398|~       |      |~      |1|1250|0|      |20220523|~       |0603|2022-06-03 07:03:18
449255|0000000756751179              |20220523|161517|015|676|0|30300038|130010014|130753247|1|20220523|153205|8002914|~       |      |~      |1|1250|0|      |20220523|~       |0603|2022-06-03 07:03:18
449257|0000000725942294              |20220523|160849|003|674|0|30300104|130010002|130752333|1|20220523|152225|8005583|~       |      |~      |1|1250|0|      |20220523|~       |0603|2022-06-03 07:03:18
449259|0000000756760198              |20220523|160858|030|674|0|30300100|130010002|130752381|1|20220523|160258|8001412|~       |      |~      |1|1250|0|      |20220523|~       |0603|2022-06-03 07:03:18
449261|0000000738779205              |20220523|165300|009|675|1|30300046|130010002|130752351|1|20220523|160109|8002411|~       |      |~      |1|0|0|      |20220523|~       |0603|2022-06-03 07:03:18
449263|0000000769837400              |20220523|165340|013|676|0|30300088|130010002|130752315|1|20220523|160646|8001169|~       |      |~      |1|1250|0|      |20220523|~       |0603|2022-06-03 07:03:18
449265|0000000907959973              |20220523|180724|015|676|0|30300072|130010001|130759724|1|20220523|171509|8002617|~       |      |~      |1|1250|0|      |20220523|~       |0603|2022-06-03 07:03:18
449267|0000000760361519              |20220523|174806|002|676|0|30300072|130010001|130759432|1|20220523|123358|8001589|~       |      |~      |1|1250|0|      |20220523|~       |0603|2022-06-03 07:03:18
449269|0000000903854719              |20220523|181600|012|675|0|30300046|130010002|130752347|1|20220523|152748|8001079|~       |      |~      |1|1250|0|      |20220523|~       |0603|2022-06-03 07:03:18
449271|0000000761721343              |20220523|181959|002|676|0|30300038|130010014|130753524|1|20220523|175506|8001772|~       |      |~      |1|1250|0|      |20220523|~       |0603|2022-06-03 07:03:18
449273|0000000903598223              |20220523|122042|014|674|1|30300100|130010002|130752362|1|20220523|113021|8002114|~       |      |~      |1|0|0|      |20220523|~       |0603|2022-06-03 07:03:18
449275|0000000777703346              |20220523|214645|003|674|0|30300104|130010002|130752346|1|20220523|145909|8070015|~       |      |~      |1|1250|0|      |20220523|~       |0603|2022-06-03 07:03:18
449277|0000000742006576              |20220523|220245|026|676|0|30300072|130010001|130759749|1|20220523|150423|8002345|~       |      |~      |1|1250|0|      |20220523|~       |0603|2022-06-03 07:03:18
449279|0000000903904560              |20220523|110226|025|676|0|30300070|130010004|130752605|1|20220523|094730|8001239|~       |      |~      |1|1250|0|      |20220523|~       |0603|2022-06-03 07:03:18
449281|0000000763889201              |20220523|123138|013|676|0|30300088|130010002|130752361|1|20220523|120738|8001759|~       |      |~      |1|1250|0|      |20220523|~       |0603|2022-06-03 07:03:18
449736|0000000725510779              |20220523|073344|008|675|0|30300084|130010001|130759760|1|20220523|072024|8001358|~       |      |~      |1|1250|0|      |20220523|~       |0603|2022-06-03 07:03:18
449738|0000000601093498              |20220523|080408|031|675|0|30300047|130010001|130759705|1|20220523|074929|8001483|~       |      |~      |1|1250|0|      |20220523|~       |0603|2022-06-03 07:03:18
449740|0000000743322055              |20220523|142348|018|676|1|30300088|130010002|130752371|1|20220523|134620|8002997|~       |      |~      |1|0|0|      |20220523|~       |0603|2022-06-03 07:03:18
449742|0000000678090475              |20220523|201103|017|674|0|30300104|130010002|130752343|1|20220523|195826|8001078|~       |      |~      |1|1250|0|      |20220523|~       |0603|2022-06-03 07:03:18
449744|0000000700705184              |20220523|211454|027|675|0|30300084|130010001|130759785|1|20220523|190144|8002888|~       |      |~      |1|1250|0|      |20220523|~       |0603|2022-06-03 07:03:18
449746|0000000910300235              |20220523|153009|004|674|1|30300100|130010002|130752509|1|20220523|152822|8001348|~       |      |~      |1|0|0|      |20220523|~       |0603|2022-06-03 07:03:18
449748|0000000725146855              |20220523|155730|026|675|3|30300067|130010001|130759707|1|20220523|132615|8001414|~       |      |~      |1|0|0|      |20220523|~       |0603|2022-06-03 07:03:18
449750|0000000921415315              |20220523|160313|026|675|0|30300049|130010004|130752286|1|20220523|145742|8001276|~       |      |~      |1|1250|0|      |20220523|~       |0603|2022-06-03 07:03:18
449752|0000000600699978              |20220523|163425|007|675|0|30300101|130010002|130752327|1|20220523|160220|8001707|~       |      |~      |1|1250|0|      |20220523|~       |0603|2022-06-03 07:03:18
449754|0000000657857922              |20220523|171014|029|676|1|30300088|130010002|130752380|1|20220523|160012|8002721|~       |      |~      |1|0|0|      |20220523|~       |0603|2022-06-03 07:03:18
449756|0000000712352215              |20220523|174645|028|676|0|30300088|130010002|130752315|1|20220523|160646|8002048|~       |      |~      |1|1250|0|      |20220523|~       |0603|2022-06-03 07:03:18
449758|0000000620319321              |20220523|180559|024|675|0|30300047|130010001|130759702|1|20220523|172041|8005991|~       |      |~      |1|1250|0|      |20220523|~       |0603|2022-06-03 07:03:18
449760|0000000918306790              |20220523|184155|025|675|0|30300057|130010001|130759489|1|20220523|181549|8002631|~       |      |~      |1|1250|0|      |20220523|~       |0603|2022-06-03 07:03:18
449762|0000000763291226              |20220523|125535|018|676|1|30300071|130010009|130759106|1|20220523|121612|8002230|~       |      |~      |1|0|0|      |20220523|~       |0603|2022-06-03 07:03:18
449764|0000000903008583              |20220523|132014|021|675|1|30300065|130010004|130752281|1|20220523|123425|8001418|~       |      |~      |1|0|0|      |20220523|~       |0603|2022-06-03 07:03:18
450171|0000000906729142              |20220523|144558|002|832|0|30300128|130710001|130759927|1|20220523|062822|3053005|20220523|150923|8007055|1|1700|300|      |20220523|20220523|0603|2022-06-03 07:03:18
450173|0000000642250263              |20220523|144858|018|832|0|30300128|130710001|130759927|1|20220523|062822|3062006|20220523|150932|8007055|1|1700|300|      |20220523|20220523|0603|2022-06-03 07:03:18
450175|0000000735872486              |20220523|140534|014|832|1|30300128|130710001|130759927|1|20220523|062822|8007271|20220523|145311|3056003|1|450|300|      |20220523|20220523|0603|2022-06-03 07:03:18
450177|0000000757584804              |20220523|144433|026|832|1|30300128|130710001|130759927|1|20220523|062822|8007052|20220523|150954|8007055|1|300|300|      |20220523|20220523|0603|2022-06-03 07:03:18
450179|0000000900380944              |20220523|152300|019|832|0|30300128|130710001|130759927|1|20220523|062822|9007055|20220523|154721|3062007|1|1700|300|      |20220523|20220523|0603|2022-06-03 07:03:18
450181|0000000742366312              |20220523|154727|003|832|0|30300128|130710001|130759927|1|20220523|062822|3062007|20220523|161546|8007290|1|1700|300|      |20220523|20220523|0603|2022-06-03 07:03:18
450183|0000000661594552              |20220523|155026|025|832|0|30300128|130710001|130759927|1|20220523|062822|3053004|20220523|161542|8007290|1|1700|300|      |20220523|20220523|0603|2022-06-03 07:03:18
450185|0000000760251728              |20220523|155855|012|832|0|30300128|130710001|130759927|1|20220523|062822|8007296|20220523|163623|8001420|1|1700|300|      |20220523|20220523|0603|2022-06-03 07:03:18
454920|0000000743618030              |20220523|140447|006|677|0|30300129|130010009|130759164|1|20220523|053731|8007163|20220523|141520|8007362|1|1250|0|      |20220523|20220523|0603|2022-06-03 07:03:18
454922|0000000910367985              |20220523|132702|015|675|0|30300091|130010013|130759876|1|20220523|131427|8001906|20220523|135830|8002906|1|1250|0|      |20220523|20220523|0603|2022-06-03 07:03:18
454924|0000000921854093              |20220523|142616|008|675|0|30300091|130010013|130759812|1|20220523|125047|8002156|20220523|150417|8002426|1|1250|0|      |20220523|20220523|0603|2022-06-03 07:03:18
454926|0000000773504404              |20220523|205442|018|677|0|30300129|130010009|130759143|1|20220523|143345|8001282|20220523|211341|8007162|1|1250|0|      |20220523|20220523|0603|2022-06-03 07:03:18
454928|0000000903609876              |20220523|153327|001|675|0|30300091|130010013|130759812|1|20220523|125047|8002127|20220523|153532|8002959|1|1250|0|      |20220523|20220523|0603|2022-06-03 07:03:18
454930|0000000676841230              |20220523|162748|020|675|0|30300091|130010013|130759881|1|20220523|151355|8001386|20220523|163227|8005881|1|1250|0|      |20220523|20220523|0603|2022-06-03 07:03:18
454932|0000000774004734              |20220523|122008|003|675|0|30300096|130010006|130752026|1|20220523|120006|8001923|20220523|122701|8001326|1|1250|0|      |20220523|20220523|0603|2022-06-03 07:03:18
454934|0000000742568988              |20220523|130649|004|677|0|30300129|130010009|130759126|1|20220523|122135|8007340|20220523|130832|8007362|1|1250|0|      |20220523|20220523|0603|2022-06-03 07:03:18
454936|0000000918469981              |20220523|220443|004|675|0|30300091|130010013|130759819|1|20220523|210508|8007274|20220523|220757|8001876|1|1250|0|      |20220523|20220523|0603|2022-06-03 07:03:18
454938|0000000753223425              |20220523|104657|003|677|0|30300129|130010009|130759163|1|20220523|100147|8007340|20220523|105007|8007362|1|1250|0|      |20220523|20220523|0603|2022-06-03 07:03:18
454940|0000000735860648              |20220523|082900|004|675|0|30300096|130010006|130752026|1|20220523|075307|8002531|20220523|085055|8001922|1|1250|0|      |20220523|20220523|0603|2022-06-03 07:03:18
454942|0000000729251762              |20220523|185845|027|675|0|30300096|130010006|130752057|1|20220523|184758|8001629|20220523|190943|8002557|1|1250|0|      |20220523|20220523|0603|2022-06-03 07:03:18
454944|0000000679120799              |20220523|070037|010|675|0|30300064|130010015|130759623|1|20220523|064330|8001358|20220523|071755|8002482|1|1250|0|      |20220523|20220523|0603|2022-06-03 07:03:18
454946|0000000746154444              |20220523|211126|004|678|0|30300074|130010014|130753219|1|20220523|210859|8002101|20220523|211407|8001534|1|1250|0|      |20220523|20220523|0603|2022-06-03 07:03:18
454948|0000000903725826              |20220523|144158|013|675|0|30300064|130010015|130759644|1|20220523|055106|8003014|20220523|145706|8001832|1|1250|0|      |20220523|20220523|0603|2022-06-03 07:03:18
454950|0000000909830089              |20220523|162308|014|675|0|30300064|130010015|130759670|1|20220523|155740|8002687|20220523|164611|8001626|1|1250|0|      |20220523|20220523|0603|2022-06-03 07:03:18
454952|0000000725893451              |20220523|172604|008|675|0|30300050|130010007|130759350|1|20220523|162600|8002375|20220523|173908|8005619|1|1250|0|      |20220523|20220523|0603|2022-06-03 07:03:18
454954|0000000904320312              |20220523|171947|006|675|0|30300050|130010007|130759369|1|20220523|170734|8002531|20220523|175611|8002410|1|1250|0|      |20220523|20220523|0603|2022-06-03 07:03:18
454956|0000000774439314              |20220523|175235|006|675|0|30300050|130010007|130759342|1|20220523|170904|8002412|20220523|183039|8002026|1|1250|0|      |20220523|20220523|0603|2022-06-03 07:03:18
454958|0000000743514890              |20220523|123607|027|675|0|30300064|130010015|130759683|1|20220523|121045|8002356|20220523|130138|8001254|1|1250|0|      |20220523|20220523|0603|2022-06-03 07:03:18
454960|0000000700616033              |20220523|123202|012|678|0|30300074|130010014|130753226|1|20220523|055645|8001534|20220523|130738|8002153|1|1250|0|      |20220523|20220523|0603|2022-06-03 07:03:18
454962|0000000725410700              |20220523|103357|029|675|0|30300050|130010007|130759369|1|20220523|102122|8002025|20220523|110206|8002410|1|1250|0|      |20220523|20220523|0603|2022-06-03 07:03:18
454964|0000000724818171              |20220523|113928|021|675|0|30300064|130010015|130759683|1|20220523|110824|8003016|20220523|114820|8002454|1|1250|0|      |20220523|20220523|0603|2022-06-03 07:03:18
454966|0000000778192304              |20220523|182502|006|678|0|30300074|130010014|130753217|1|20220523|175637|8002621|20220523|183505|8002634|1|1250|0|      |20220523|20220523|0603|2022-06-03 07:03:18
454968|0000000779394410              |20220523|135502|004|675|0|30300095|130010005|130759202|1|20220523|131330|8001951|20220523|140107|8001259|1|1250|0|      |20220523|20220523|0603|2022-06-03 07:03:18
454970|0000000641101551              |20220523|145045|018|674|0|30300104|130010002|130752341|1|20220523|143404|8001013|20220523|150709|8001054|1|1250|0|      |20220523|20220523|0603|2022-06-03 07:03:18
454972|0000000918340737              |20220523|153351|004|675|0|30300095|130010011|130759530|1|20220523|145434|8002277|20220523|154239|8002703|1|1250|0|      |20220523|20220523|0603|2022-06-03 07:03:18
454974|0000000701124950              |20220523|162359|001|675|0|30300078|130010008|130752165|1|20220523|155345|8001419|20220523|164146|8001360|1|1250|0|      |20220523|20220523|0603|2022-06-03 07:03:18
454976|0000000677651429              |20220523|165324|015|675|0|30300095|130010011|130759507|1|20220523|144830|8001287|20220523|170209|8001726|1|1250|0|      |20220523|20220523|0603|2022-06-03 07:03:18
454978|0000000739585764              |20220523|175639|008|674|0|30300104|130010002|130752341|1|20220523|172801|8001644|20220523|180741|8001083|1|1250|0|      |20220523|20220523|0603|2022-06-03 07:03:18
454980|0000000728516229              |20220523|132228|016|675|0|30300078|130010008|130752171|1|20220523|125748|8002733|20220523|132555|8002620|1|1250|0|      |20220523|20220523|0603|2022-06-03 07:03:18
454982|0000000724228839              |20220523|110341|024|675|0|30300076|130010014|130753233|1|20220523|104402|8001718|20220523|112053|8001927|1|1250|0|      |20220523|20220523|0603|2022-06-03 07:03:18
454984|0000000903079404              |20220523|084808|005|678|0|30300074|130010014|130753614|1|20220523|065035|8002824|20220523|091842|8002994|1|1250|0|      |20220523|20220523|0603|2022-06-03 07:03:18
454986|0000000763171251              |20220523|092449|004|675|0|30300076|130010014|130753232|1|20220523|085431|8001464|20220523|093956|8001937|1|1250|0|      |20220523|20220523|0603|2022-06-03 07:03:18
454988|0000000754716665              |20220523|183830|016|674|0|30300104|130010002|130752504|1|20220523|182146|8001056|20220523|185753|8001014|1|1250|0|      |20220523|20220523|0603|2022-06-03 07:03:18
454990|0000000762875312              |20220523|184659|029|674|0|30300104|130010002|130752341|1|20220523|184454|8001960|20220523|191847|8001063|1|1250|0|      |20220523|20220523|0603|2022-06-03 07:03:18
454992|0000000745625483              |20220523|143430|028|675|0|30300080|130010009|130759153|1|20220523|140947|8001399|20220523|150418|8001203|1|1250|0|      |20220523|20220523|0603|2022-06-03 07:03:18
439397|0000000630768513              |20220523|132135|008|676|0|30300072|130010001|130759726|1|20220523|125142|8001229|20220523|135342|8002468|1|1250|0|      |20220523|20220523|0603|2022-06-03 07:03:18
439399|0000000908813143              |20220523|192819|011|676|0|30300072|130010001|130759422|1|20220523|150322|8002305|20220523|195800|8002881|1|1250|0|      |20220523|20220523|0603|2022-06-03 07:03:18
439401|0000000703401098              |20220523|204741|014|676|0|30300043|130010015|130759608|1|20220523|203922|8001253|20220523|211302|8001404|1|1250|0|      |20220523|20220523|0603|2022-06-03 07:03:18
439403|0000000656619128              |20220523|160513|003|676|0|30300043|130010015|130759689|1|20220523|154455|8002350|20220523|161601|8001248|1|1250|0|      |20220523|20220523|0603|2022-06-03 07:03:18
439405|0000000736099888              |20220523|161005|030|675|0|30300045|130010006|130752055|1|20220523|154649|8007541|20220523|164506|8002965|1|1250|0|      |20220523|20220523|0603|2022-06-03 07:03:18
439407|0000000636057019              |20220523|170617|003|675|0|30300045|130010006|130759003|1|20220523|163334|8002984|20220523|171523|8001058|1|1250|0|      |20220523|20220523|0603|2022-06-03 07:03:18
439409|0000000753998357              |20220523|173048|016|676|0|30300089|130010011|130759531|1|20220523|141727|8002636|20220523|174029|8002969|1|1250|0|      |20220523|20220523|0603|2022-06-03 07:03:18
439411|0000000676346979              |20220523|174120|009|675|0|30300078|130010008|130752169|1|20220523|165422|8002734|20220523|175158|8001627|1|1250|0|      |20220523|20220523|0603|2022-06-03 07:03:18
439818|0000000908830960              |20220523|190029|010|676|1|30300051|130010008|130752147|1|20220523|175147|8001418|20220523|190308|8001996|1|0|0|      |20220523|20220523|0603|2022-06-03 07:03:18
439820|0000000712059998              |20220523|192417|030|675|1|30300058|130010004|130752252|1|20220523|183617|8001418|20220523|194922|8001553|1|0|0|      |20220523|20220523|0603|2022-06-03 07:03:18
439822|0000000748426808              |20220523|194031|018|676|2|30300051|130010008|130752106|1|20220523|183735|8001418|20220523|194934|8001533|1|0|0|      |20220523|20220523|0603|2022-06-03 07:03:18
439824|0000000738954759              |20220523|075925|001|675|1|30300058|130010004|130752291|1|20220523|060900|8001929|20220523|080625|8001669|1|0|0|      |20220523|20220523|0603|2022-06-03 07:03:18
439826|0000000772345862              |20220523|083135|023|676|1|30300040|130010013|130759815|1|20220523|074206|8007280|20220523|084049|8002904|1|0|0|      |20220523|20220523|0603|2022-06-03 07:03:18
439828|0000000774514408              |20220523|151022|028|675|0|30300058|130010004|130752293|4|20220523|141942|8001929|20220523|151155|8002429|1|750|0|      |20220523|20220523|0603|2022-06-03 07:03:18
439830|0000000905848845              |20220523|195233|030|674|2|30300100|130010002|130752506|1|20220523|184625|8001929|20220523|195400|8002433|1|0|0|      |20220523|20220523|0603|2022-06-03 07:03:18
439832|0000000756346634              |20220523|202248|021|675|0|30300049|130010004|130752276|4|20220523|182755|8001929|20220523|203714|8001277|1|750|0|      |20220523|20220523|0603|2022-06-03 07:03:18
439834|0000000747071910              |20220523|211814|014|676|2|30300051|130010008|130752103|1|20220523|205355|8001929|20220523|211939|8002433|1|0|0|      |20220523|20220523|0603|2022-06-03 07:03:18
439836|0000000742995965              |20220523|210759|019|675|1|30300055|130010014|130753267|1|20220523|200723|8001929|20220523|211510|8001539|1|0|0|      |20220523|20220523|0603|2022-06-03 07:03:18
439838|0000000777845720              |20220523|152808|008|676|1|30300040|130010013|130759818|1|20220523|143529|8007280|20220523|153623|8002904|1|0|0|      |20220523|20220523|0603|2022-06-03 07:03:18
439840|0000000921402385              |20220523|162835|021|675|1|30300049|130010004|130752276|1|20220523|160729|8001929|20220523|163034|8001935|1|0|0|      |20220523|20220523|0603|2022-06-03 07:03:18
439842|0000000669590809              |20220523|165652|016|676|2|30300051|130010008|130752142|1|20220523|162249|8001929|20220523|165934|8002433|1|0|0|      |20220523|20220523|0603|2022-06-03 07:03:18
440249|0000000630988652              |20220523|151111|002|676|1|30300036|130010012|130753302|1|20220523|150322|8001681|20220523|154419|8001054|1|0|0|      |20220523|20220523|0603|2022-06-03 07:03:18
440251|0000000673470792              |20220523|154139|009|675|1|30300082|130010001|130759413|1|20220523|151110|8002824|20220523|155058|8002447|1|0|0|      |20220523|20220523|0603|2022-06-03 07:03:18
440253|0000000903863370              |20220523|165340|024|676|2|30300130|130010008|130752149|1|20220523|153804|8002824|20220523|165855|8002448|1|0|0|      |20220523|20220523|0603|2022-06-03 07:03:18
440255|0000000904355758              |20220523|174642|012|676|1|30300071|130010009|130759150|1|20220523|173429|8002824|20220523|175511|8003018|1|0|0|      |20220523|20220523|0603|2022-06-03 07:03:18
440257|0000000743096747              |20220523|180347|001|675|1|30300075|130010005|130759270|1|20220523|162837|8002824|20220523|180759|8002825|1|0|0|      |20220523|20220523|0603|2022-06-03 07:03:18
440259|0000000776733144              |20220523|131743|013|675|1|30300075|130010005|130759208|1|20220523|130128|8002824|20220523|131951|8002825|1|0|0|      |20220523|20220523|0603|2022-06-03 07:03:18
440261|0000000746300878              |20220523|132643|030|676|2|30300036|130010011|130759520|1|20220523|131831|8001681|20220523|133213|8002659|1|0|0|      |20220523|20220523|0603|2022-06-03 07:03:18
440263|0000000746520344              |20220523|213729|011|675|1|30300083|130010001|130759478|1|20220523|213206|8002824|20220523|214014|8002825|1|0|0|      |20220523|20220523|0603|2022-06-03 07:03:18
440265|0000000747481471              |20220523|221524|009|676|2|30300036|130010012|130753302|1|20220523|220648|8001681|20220523|222159|8002406|1|0|0|      |20220523|20220523|0603|2022-06-03 07:03:18
440267|0000000743211106              |20220523|224105|019|676|2|30300070|130010004|130752224|1|20220523|210433|8002824|20220523|224428|8002625|1|0|0|      |20220523|20220523|0603|2022-06-03 07:03:18
440269|0000000626040817              |20220523|113440|021|675|1|30300082|130010001|130759739|1|20220523|112802|8002824|20220523|114049|8002447|1|0|0|      |20220523|20220523|0603|2022-06-03 07:03:18
440271|0000000903835592              |20220523|120532|018|676|1|30300036|130010012|130753311|1|20220523|115557|8001681|20220523|122212|8002721|1|0|0|      |20220523|20220523|0603|2022-06-03 07:03:18
440273|0000000756309980              |20220523|084053|027|675|2|30300083|130010001|130759780|1|20220523|083304|8002824|20220523|084829|8002296|1|0|0|      |20220523|20220523|0603|2022-06-03 07:03:18
440275|0000000736144912              |20220523|083551|006|676|1|30300036|130010012|130753311|1|20220523|082427|8001681|20220523|085209|8005928|1|0|0|      |20220523|20220523|0603|2022-06-03 07:03:18
440682|0000000752758722              |20220523|141925|001|675|1|30300075|130010005|130759264|4|20220523|134731|8001096|20220523|142836|8001420|1|0|0|      |20220523|20220523|0603|2022-06-03 07:03:18
440684|0000000720343248              |20220523|135718|025|676|0|30300037|130010006|130752074|4|20220523|132322|8001096|20220523|143232|8002411|1|750|0|      |20220523|20220523|0603|2022-06-03 07:03:18
442021|0000000730432911              |20220523|201645|004|676|0|30300070|130010004|130752238|1|20220523|180754|8001345|~       |      |~      |1|1250|0|      |20220523|~       |0603|2022-06-03 07:03:18
442023|0000000731579892              |20220523|213518|019|676|0|30300089|130010011|130759575|4|20220523|140353|8002133|~       |      |~      |1|750|0|      |20220523|~       |0603|2022-06-03 07:03:18
442025|0000000746349815              |20220523|161556|005|675|0|30300058|130010004|130752290|4|20220523|152954|8005640|~       |      |~      |1|750|0|      |20220523|~       |0603|2022-06-03 07:03:18
442027|0000000751410467              |20220523|163626|023|676|0|30300070|130010004|130752238|4|20220523|153657|8002982|~       |      |~      |1|750|0|      |20220523|~       |0603|2022-06-03 07:03:18
442029|0000000921486900              |20220523|160926|016|675|0|30300058|130010004|130752288|1|20220523|154454|8002707|~       |      |~      |1|1250|0|      |20220523|~       |0603|2022-06-03 07:03:18
442031|0000000741817873              |20220523|160800|015|676|0|30300070|130010004|130752238|1|20220523|153657|8002296|~       |      |~      |1|1250|0|      |20220523|~       |0603|2022-06-03 07:03:18
442033|0000000773958792              |20220523|162316|009|676|1|30300070|130010004|130752604|1|20220523|152105|8001413|~       |      |~      |1|0|0|      |20220523|~       |0603|2022-06-03 07:03:18
442035|0000000910502116              |20220523|162821|019|675|1|30300058|130010004|130752291|4|20220523|162045|8005914|~       |      |~      |1|0|0|      |20220523|~       |0603|2022-06-03 07:03:18
442487|0000000771494406              |20220523|090757|027|675|1|30300079|130010009|130759129|1|20220523|083901|8001529|~       |      |~      |1|0|0|      |20220523|~       |0603|2022-06-03 07:03:18
442489|0000000730498798              |20220523|101010|022|675|1|30300056|130010012|130753331|4|20220523|081805|8001491|~       |      |~      |1|0|0|      |20220523|~       |0603|2022-06-03 07:03:18
442491|0000000900195777              |20220523|101922|015|675|1|30300056|130010012|130753308|1|20220523|053430|8001279|~       |      |~      |1|0|0|      |20220523|~       |0603|2022-06-03 07:03:18
442493|0000000910101817              |20220523|184723|013|675|1|30300079|130010009|130759171|4|20220523|153302|8001430|~       |      |~      |1|0|0|      |20220523|~       |0603|2022-06-03 07:03:18
442495|0000000921169888              |20220523|185728|021|675|0|30300056|130010012|130753308|1|20220523|154844|8001589|~       |      |~      |1|1250|0|      |20220523|~       |0603|2022-06-03 07:03:18
442497|0000000905610961              |20220523|192121|015|675|1|30300079|130010009|130759134|1|20220523|185507|8001529|~       |      |~      |1|0|0|      |20220523|~       |0603|2022-06-03 07:03:18
442499|0000000737233898              |20220523|193130|031|675|0|30300065|130010004|130752281|1|20220523|154340|8005874|~       |      |~      |1|1250|0|      |20220523|~       |0603|2022-06-03 07:03:18
442501|0000000703068078              |20220523|194547|012|675|0|30300056|130010012|130753373|1|20220523|194448|8070030|~       |      |~      |1|1250|0|      |20220523|~       |0603|2022-06-03 07:03:18
442503|0000000771539774              |20220523|074247|002|675|0|30300062|130010008|130752721|1|20220523|070304|8001949|~       |      |~      |1|1250|0|      |20220523|~       |0603|2022-06-03 07:03:18
442505|0000000755969338              |20220523|080421|010|675|0|30300062|130010008|130752129|1|20220523|073910|8002794|~       |      |~      |1|1250|0|      |20220523|~       |0603|2022-06-03 07:03:18
442507|0000000776226116              |20220523|072406|022|673|0|30300001|130510004|130751103|1|20220523|065939|8005758|~       |      |~      |1|1100|0|      |20220523|~       |0603|2022-06-03 07:03:18
442509|0000000904824974              |20220523|080845|022|675|0|30300077|130010006|130752018|1|20220523|075131|8002581|~       |      |~      |1|1250|0|      |20220523|~       |0603|2022-06-03 07:03:18
442511|0000000670534844              |20220523|141650|021|676|1|30300130|130010008|130752719|1|20220523|131702|8002829|~       |      |~      |1|0|0|      |20220523|~       |0603|2022-06-03 07:03:18
442513|0000000910272638              |20220523|144452|004|675|1|30300062|130010008|130752131|1|20220523|140523|8002279|~       |      |~      |1|0|0|      |20220523|~       |0603|2022-06-03 07:03:18
442515|0000000908571575              |20220523|200814|031|676|0|30300130|130010008|130752138|1|20220523|195957|8005952|~       |      |~      |1|1250|0|      |20220523|~       |0603|2022-06-03 07:03:18
442969|0000000784584416              |20220523|103830|001|675|0|30300053|130010002|130752377|1|20220523|095225|8001731|~       |      |~      |1|1250|0|      |20220523|~       |0603|2022-06-03 07:03:18
442971|0000000400212801              |20220523|103747|001|676|0|30300051|130010008|130752107|1|20220523|093551|8001418|~       |      |~      |1|1250|0|      |20220523|~       |0603|2022-06-03 07:03:18
442973|0000000186787944              |20220523|085558|001|675|0|30300101|130010002|130752326|1|20220523|083618|8002108|~       |      |~      |1|1250|0|      |20220523|~       |0603|2022-06-03 07:03:18
442975|0000000794163210              |20220523|095816|001|675|0|30300053|130010002|130752387|1|20220523|090913|8001239|~       |      |~      |1|1250|0|      |20220523|~       |0603|2022-06-03 07:03:18
442977|0000000794438261              |20220523|185837|001|675|0|30300101|130010002|130752320|1|20220523|172446|8001368|~       |      |~      |1|1250|0|      |20220523|~       |0603|2022-06-03 07:03:18
442979|0000001110245772              |20220523|143832|001|675|0|30300049|130010004|130752240|1|20220523|134310|8001492|~       |      |~      |1|1250|0|      |20220523|~       |0603|2022-06-03 07:03:18
442981|0000000400210037              |20220523|145313|001|675|0|30300047|130010001|130759408|1|20220523|143853|8001852|~       |      |~      |1|1250|0|      |20220523|~       |0603|2022-06-03 07:03:18
442983|0000000684957392              |20220523|162632|001|676|0|30300070|130010004|130752606|1|20220523|155733|8001941|~       |      |~      |1|1250|0|      |20220523|~       |0603|2022-06-03 07:03:18
442985|0000000792171606              |20220523|161418|001|680|0|30300008|130010002|130752340|1|20220523|160054|8002542|~       |      |~      |1|1250|0|      |20220523|~       |0603|2022-06-03 07:03:18
442987|0000000693078551              |20220523|173504|001|675|0|30300060|130010014|130753262|1|20220523|153752|8001280|~       |      |~      |1|1250|0|      |20220523|~       |0603|2022-06-03 07:03:18
442989|0000000782544958              |20220523|182655|001|675|0|30300145|130010014|130753606|1|20220523|180627|8002410|~       |      |~      |1|1250|0|      |20220523|~       |0603|2022-06-03 07:03:18
442991|0000001110080208              |20220523|122323|001|676|0|30300038|130010014|130753201|1|20220523|115322|8005994|~       |      |~      |1|1250|0|      |20220523|~       |0603|2022-06-03 07:03:18
442993|0000000695459809              |20220523|111412|001|675|0|30300055|130010014|130753218|1|20220523|100753|8005646|~       |      |~      |1|1250|0|      |20220523|~       |0603|2022-06-03 07:03:18
442995|0000000784933679              |20220523|111540|001|675|0|30300058|130010004|130752251|1|20220523|110215|8002705|~       |      |~      |1|1250|0|      |20220523|~       |0603|2022-06-03 07:03:18
444324|0000000725503914              |20220523|182606|024|676|0|30300036|130010011|130759532|1|20220523|140549|8001540|~       |      |~      |1|1250|0|      |20220523|~       |0603|2022-06-03 07:03:18
444326|0000000759179246              |20220523|123018|027|676|0|30300071|130010009|130759102|1|20220523|114722|8002230|~       |      |~      |1|1250|0|      |20220523|~       |0603|2022-06-03 07:03:18
444328|0000000758344419              |20220523|220603|012|675|0|30300146|130010008|130752174|1|20220523|220413|8003101|~       |      |~      |1|1250|0|      |20220523|~       |0603|2022-06-03 07:03:18
444330|0000000910644394              |20220523|113618|018|675|0|30300053|130010002|130752368|1|20220523|112101|8002757|~       |      |~      |1|1250|0|      |20220523|~       |0603|2022-06-03 07:03:18
444332|0000000918290806              |20220523|083014|008|676|0|30300054|130010007|130759340|1|20220523|074333|8007011|~       |      |~      |1|1250|0|      |20220523|~       |0603|2022-06-03 07:03:18
444787|0000000738179810              |20220523|081658|017|675|0|30300094|130010014|130753616|1|20220523|080617|8001922|~       |      |~      |1|1250|0|      |20220523|~       |0603|2022-06-03 07:03:18
444789|0000000903542944              |20220523|092234|014|674|0|30300002|130010007|130759329|1|20220523|085701|8001418|~       |      |~      |1|1250|0|      |20220523|~       |0603|2022-06-03 07:03:18
444791|0000000663614720              |20220523|184149|009|676|0|30300089|130010011|130759517|1|20220523|161502|8001418|~       |      |~      |1|1250|0|      |20220523|~       |0603|2022-06-03 07:03:18
444793|0000000906491621              |20220523|190409|009|675|0|30300053|130010002|130752386|1|20220523|185615|8002757|~       |      |~      |1|1250|0|      |20220523|~       |0603|2022-06-03 07:03:18
444795|0000000773796959              |20220523|191417|009|675|0|30300062|130010008|130752135|1|20220523|190357|8001922|~       |      |~      |1|1250|0|      |20220523|~       |0603|2022-06-03 07:03:18
444797|0000000772360029              |20220523|073003|009|676|0|30300043|130010015|130759603|1|20220523|062338|8002717|~       |      |~      |1|1250|0|      |20220523|~       |0603|2022-06-03 07:03:18
444799|0000000743650741              |20220523|151215|004|675|0|30300080|130010009|130759182|1|20220523|131253|8001460|~       |      |~      |1|1250|0|      |20220523|~       |0603|2022-06-03 07:03:18
444801|0000000908796730              |20220523|165619|010|677|2|30300129|130010009|130759164|4|20220523|150015|8001677|~       |      |~      |1|0|0|      |20220523|~       |0603|2022-06-03 07:03:18
444803|0000000772498454              |20220523|175100|007|675|0|30300055|130010014|130753266|1|20220523|165403|8002631|~       |      |~      |1|1250|0|      |20220523|~       |0603|2022-06-03 07:03:18
444805|0000000731340423              |20220523|133728|003|676|1|30300038|130010014|130753202|1|20220523|120804|8002974|~       |      |~      |1|0|0|      |20220523|~       |0603|2022-06-03 07:03:18
444807|0000000725755786              |20220523|120954|022|675|0|30300055|130010014|130753212|1|20220523|061351|8002635|~       |      |~      |1|1250|0|      |20220523|~       |0603|2022-06-03 07:03:18
444809|0000000773181560              |20220523|125028|016|675|0|30300056|130010012|130753374|1|20220523|122912|8001590|~       |      |~      |1|1250|0|      |20220523|~       |0603|2022-06-03 07:03:18
444811|0000000742798791              |20220523|081149|009|675|1|30300055|130010014|130753512|1|20220523|074114|8001934|~       |      |~      |1|0|0|      |20220523|~       |0603|2022-06-03 07:03:18
444813|0000000725274034              |20220523|091542|016|675|0|30300078|130010008|130752168|1|20220523|085925|8003076|~       |      |~      |1|1250|0|      |20220523|~       |0603|2022-06-03 07:03:18
444815|0000000658300716              |20220523|093045|024|676|0|30300038|130010014|130753272|1|20220523|072508|8003131|~       |      |~      |1|1250|0|      |20220523|~       |0603|2022-06-03 07:03:18
445273|0000000753639978              |20220523|092853|014|832|0|30300128|130710001|130759912|1|20220523|041932|3062004|20220523|101656|8001420|1|1700|300|      |20220523|20220523|0603|2022-06-03 07:03:18
445275|0000000627160036              |20220523|093023|009|832|0|30300128|130710001|130759912|1|20220523|041932|3053004|20220523|101640|8001420|1|1700|300|      |20220523|20220523|0603|2022-06-03 07:03:18
445277|0000000713509180              |20220523|093030|027|832|0|30300128|130710001|130759912|1|20220523|041932|3053004|20220523|101637|8001420|1|1700|300|      |20220523|20220523|0603|2022-06-03 07:03:18
445279|0000000715336444              |20220523|122106|002|832|1|30300128|130710001|130759912|1|20220523|041932|8007452|20220523|123117|8007055|1|300|300|      |20220523|20220523|0603|2022-06-03 07:03:18
445281|0000000705912288              |20220523|120009|029|832|0|30300128|130710001|130759912|1|20220523|041932|8007293|20220523|123119|8007055|1|1700|300|      |20220523|20220523|0603|2022-06-03 07:03:18
445283|0000000713933417              |20220523|121156|008|832|0|30300128|130710001|130759912|1|20220523|041932|3062006|20220523|123130|8007055|1|1700|300|      |20220523|20220523|0603|2022-06-03 07:03:18
445285|0000000758104691              |20220523|112127|019|832|1|30300128|130710001|130759912|1|20220523|041932|8005504|20220523|121653|8007492|1|450|300|      |20220523|20220523|0603|2022-06-03 07:03:18
445287|0000000658371329              |20220523|112357|030|832|0|30300128|130710001|130759912|1|20220523|041932|8007412|20220523|121657|8007492|1|1700|300|      |20220523|20220523|0603|2022-06-03 07:03:18
445289|0000000727915532              |20220523|100740|015|832|0|30300128|130710001|130759917|1|20220523|055427|3062004|20220523|110403|8007268|1|1700|300|      |20220523|20220523|0603|2022-06-03 07:03:18
445291|0000000470960551              |20220523|101922|023|832|1|30300128|130710001|130759917|1|20220523|055427|8007294|20220523|105903|8001420|1|300|300|      |20220523|20220523|0603|2022-06-03 07:03:18
445293|0000000727397017              |20220523|101926|027|832|0|30300128|130710001|130759917|1|20220523|055427|8007294|20220523|110400|8007268|1|1700|300|      |20220523|20220523|0603|2022-06-03 07:03:18
445295|0000000746622947              |20220523|075958|021|832|1|30300128|130710001|130759912|1|20220523|041932|8007288|20220523|083443|3054003|1|450|300|      |20220523|20220523|0603|2022-06-03 07:03:18
445297|0000000661984632              |20220523|074807|003|832|1|30300128|130710001|130759912|1|20220523|041932|8007412|20220523|083648|3062006|1|450|300|      |20220523|20220523|0603|2022-06-03 07:03:18
445299|0000000742909174              |20220523|080003|002|832|1|30300128|130710001|130759912|1|20220523|041932|8007288|20220523|084134|8007492|1|450|300|      |20220523|20220523|0603|2022-06-03 07:03:18
445733|0000000655964351              |20220523|201842|027|832|0|30300128|130710001|130759918|1|20220523|061643|3054003|20220523|204536|8007055|1|1700|300|      |20220523|20220523|0603|2022-06-03 07:03:18
445735|0000000731036868              |20220523|210407|021|832|0|30300128|130710001|130759918|1|20220523|061643|9007055|20220523|212746|3062004|1|1700|300|      |20220523|20220523|0603|2022-06-03 07:03:18
445737|0000000757915488              |20220523|141246|015|832|0|30300128|130710001|130759918|1|20220523|061643|3062004|20220523|145813|8001420|1|1700|300|      |20220523|20220523|0603|2022-06-03 07:03:18
447126|0000000675187401              |20220523|161333|002|676|0|30300039|130010005|130759269|1|20220523|161126|8003003|~       |      |~      |1|1250|0|      |20220523|~       |0603|2022-06-03 07:03:18
447128|0000000761731965              |20220523|174258|019|675|0|30300091|130010013|130759880|1|20220523|160626|8002156|~       |      |~      |1|1250|0|      |20220523|~       |0603|2022-06-03 07:03:18
447130|0000000774075321              |20220523|181324|027|675|0|30300091|130010013|130759814|1|20220523|171435|8002240|~       |      |~      |1|1250|0|      |20220523|~       |0603|2022-06-03 07:03:18
447132|0000000702681326              |20220523|175143|016|675|0|30300081|130010011|130759523|1|20220523|174200|8001984|~       |      |~      |1|1250|0|      |20220523|~       |0603|2022-06-03 07:03:18
447134|0000000754758082              |20220523|213257|013|675|0|30300091|130010013|130759812|1|20220523|195739|8001463|~       |      |~      |1|1250|0|      |20220523|~       |0603|2022-06-03 07:03:18
447136|0000000600582408              |20220523|111734|027|675|1|30300091|130010013|130759876|1|20220523|094024|8001418|~       |      |~      |1|0|0|      |20220523|~       |0603|2022-06-03 07:03:18
447138|0000000771534332              |20220523|081821|015|676|0|30300086|130010013|130759823|1|20220523|075855|8001002|~       |      |~      |1|1250|0|      |20220523|~       |0603|2022-06-03 07:03:18
447140|0000000743410358              |20220523|084142|005|675|0|30300081|130010011|130759508|1|20220523|082947|8001981|~       |      |~      |1|1250|0|      |20220523|~       |0603|2022-06-03 07:03:18
447142|0000000921234947              |20220523|093157|009|676|0|30300039|130010005|130759263|1|20220523|080141|8002967|~       |      |~      |1|1250|0|      |20220523|~       |0603|2022-06-03 07:03:18
447144|0000000648866205              |20220523|190049|004|675|1|30300081|130010011|130759571|1|20220523|133553|8002453|~       |      |~      |1|0|0|      |20220523|~       |0603|2022-06-03 07:03:18
447146|0000000659643385              |20220523|191205|022|676|0|30300036|130010012|130753302|1|20220523|183340|8001596|~       |      |~      |1|1250|0|      |20220523|~       |0603|2022-06-03 07:03:18
447148|0000000655273703              |20220523|064628|020|675|0|30300053|130010002|130752369|1|20220523|060433|8001950|~       |      |~      |1|1250|0|      |20220523|~       |0603|2022-06-03 07:03:18
447150|0000000651095786              |20220523|064556|004|675|0|30300047|130010001|130759408|1|20220523|062529|8002542|~       |      |~      |1|1250|0|      |20220523|~       |0603|2022-06-03 07:03:18
447600|0000001118532499              |20220523|124138|001|676|0|30300090|130010005|130759223|1|20220523|104115|8007553|20220523|125046|8002412|1|1250|0|      |20220523|20220523|0603|2022-06-03 07:03:18
447602|0000000698469055              |20220523|105829|001|674|0|30300104|130010002|130752341|1|20220523|102713|8070014|20220523|110900|8002453|1|1250|0|      |20220523|20220523|0603|2022-06-03 07:03:18
447604|0000000791113397              |20220523|110449|001|675|0|30300047|130010001|130759705|1|20220523|103752|8070011|20220523|112645|8002412|1|1250|0|      |20220523|20220523|0603|2022-06-03 07:03:18
447606|0000001110340858              |20220523|084403|001|676|0|30300051|130010008|130752142|1|20220523|080737|8002544|20220523|085806|8001934|1|1250|0|      |20220523|20220523|0603|2022-06-03 07:03:18
447608|0000000793859382              |20220523|084602|001|676|0|30300068|130010006|130752028|1|20220523|054019|8005920|20220523|091227|8001097|1|1250|0|      |20220523|20220523|0603|2022-06-03 07:03:18
447610|0000001118592727              |20220523|084716|001|674|0|30300002|130010007|130759308|1|20220523|080925|8002140|20220523|092702|8001419|1|1250|0|      |20220523|20220523|0603|2022-06-03 07:03:18
447612|0000000697494862              |20220523|094112|001|676|0|30300041|130010012|130753303|1|20220523|093445|8005991|20220523|095358|8002412|1|1250|0|      |20220523|20220523|0603|2022-06-03 07:03:18
447614|0000000788240326              |20220523|092422|001|674|0|30300002|130010007|130759306|1|20220523|090009|8002131|20220523|100130|8001096|1|1250|0|      |20220523|20220523|0603|2022-06-03 07:03:18
447616|0000000400215086              |20220523|054724|001|676|0|30300087|130010015|130759629|1|20220523|054416|8007446|20220523|061517|8002279|1|1250|0|      |20220523|20220523|0603|2022-06-03 07:03:19
447618|0000000692146224              |20220523|071003|001|676|0|30300051|130010008|130752128|1|20220523|063928|8002544|20220523|073742|8001418|1|1250|0|      |20220523|20220523|0603|2022-06-03 07:03:19
447620|0000000400188857              |20220523|134802|001|676|0|30300051|130010008|130752128|1|20220523|132333|8001117|20220523|142638|8001418|1|1250|0|      |20220523|20220523|0603|2022-06-03 07:03:19
447622|0000000783958292              |20220523|150029|001|676|0|30300051|130010008|130752124|1|20220523|143733|8001117|20220523|150431|8001029|1|1250|0|      |20220523|20220523|0603|2022-06-03 07:03:19
447624|0000000400187912              |20220523|151135|001|676|0|30300051|130010008|130752116|1|20220523|144807|8001373|20220523|152910|8001492|1|1250|0|      |20220523|20220523|0603|2022-06-03 07:03:19
448031|0000001110648843              |20220523|084506|001|675|0|30300096|130010006|130752020|1|20220523|051205|8001923|20220523|090641|8002536|1|1250|0|      |20220523|20220523|0603|2022-06-03 07:03:19
448033|0000001118501729              |20220523|183317|001|675|0|30300045|130010006|130759003|1|20220523|182737|8001491|20220523|184754|8001952|1|1250|0|      |20220523|20220523|0603|2022-06-03 07:03:19
448035|0000001110625313              |20220523|182928|001|675|0|30300096|130010006|130752063|1|20220523|174431|8002530|20220523|185052|8001452|1|1250|0|      |20220523|20220523|0603|2022-06-03 07:03:19
448037|0000000698490564              |20220523|073254|001|676|0|30300086|130010013|130759807|1|20220523|071046|8001633|20220523|073725|8001479|1|1250|0|      |20220523|20220523|0603|2022-06-03 07:03:19
448039|0000001118389005              |20220523|080502|001|675|0|30300061|130010015|130759617|1|20220523|072412|8001716|20220523|082119|8001541|1|1250|0|      |20220523|20220523|0603|2022-06-03 07:03:19
448041|0000000783540610              |20220523|135635|001|676|0|30300036|130010012|130753311|1|20220523|132702|8002279|20220523|144240|8001680|1|1250|0|      |20220523|20220523|0603|2022-06-03 07:03:19
448043|0000000699645054              |20220523|152529|001|675|0|30300108|130010007|130759328|1|20220523|144709|8007323|20220523|154121|8001590|1|1250|0|      |20220523|20220523|0603|2022-06-03 07:03:19
448045|0000001110635613              |20220523|163350|001|680|0|30300007|130010002|130752316|1|20220523|151509|8003035|20220523|165004|8002547|1|1250|0|      |20220523|20220523|0603|2022-06-03 07:03:19
448047|0000000688538027              |20220523|175552|001|675|0|30300061|130010015|130759648|1|20220523|171413|8001716|20220523|180919|8002642|1|1250|0|      |20220523|20220523|0603|2022-06-03 07:03:19
448049|0000000791337529              |20220523|173355|001|675|0|30300066|130010015|130759684|1|20220523|172305|8001835|20220523|180455|8002734|1|1250|0|      |20220523|20220523|0603|2022-06-03 07:03:19
448051|0000001110613797              |20220523|124714|001|677|0|30300098|130010011|130759579|1|20220523|121917|8002130|20220523|130232|8001672|1|1250|0|      |20220523|20220523|0603|2022-06-03 07:03:19
477146|0000000280949993              |20220523|095709|011|676|0|30300086|130010013|130759827|1|20220523|092740|8001479|20220523|101719|8001430|1|1250|0|      |20220523|20220523|0603|2022-06-03 07:03:19
477148|0000000276012380              |20220523|093459|002|674|0|30300002|130010007|130759335|1|20220523|085101|8001536|20220523|095348|8002134|1|1250|0|      |20220523|20220523|0603|2022-06-03 07:03:19
477150|0000000097210047              |20220523|214422|007|676|0|30300073|130010009|130759161|1|20220523|201617|8002110|20220523|221037|8001005|1|1250|0|      |20220523|20220523|0603|2022-06-03 07:03:19
477152|0000000543782556              |20220523|195311|004|675|0|30300101|130010002|130752311|1|20220523|190600|8001089|20220523|195819|8002559|1|1250|0|      |20220523|20220523|0603|2022-06-03 07:03:19
477154|0000000546525077              |20220523|205629|006|675|0|30300091|130010013|130759817|4|20220523|190018|8001086|20220523|210749|8001889|1|750|0|      |20220523|20220523|0603|2022-06-03 07:03:19
477156|0000000300173269              |20220523|141414|002|676|0|30300040|130010007|130759367|1|20220523|141335|8001891|20220523|143707|8002240|1|1250|0|      |20220523|20220523|0603|2022-06-03 07:03:19
477158|0000000530754453              |20220523|142212|006|676|0|30300070|130010004|130752201|2|20220523|064201|8002825|20220523|142822|8002307|1|350|0|      |20220523|20220523|0603|2022-06-03 07:03:19
477160|0000000534644669              |20220523|133005|010|675|0|30300060|130010014|130753504|1|20220523|123243|8001587|20220523|134832|8001953|1|1250|0|      |20220523|20220523|0603|2022-06-03 07:03:19
477162|0000000294147020              |20220523|150147|003|675|0|30300056|130010012|130753373|1|20220523|141509|8001426|20220523|151314|8001220|1|1250|0|      |20220523|20220523|0603|2022-06-03 07:03:19
477164|0000000512122585              |20220523|152653|012|676|0|30300051|130010008|130752130|1|20220523|150918|8001415|20220523|160709|8002365|1|1250|0|      |20220523|20220523|0603|2022-06-03 07:03:19
477166|0000000546463775              |20220523|154358|019|675|0|30300083|130010001|130759478|1|20220523|152709|8002296|20220523|162006|8001669|1|1250|0|      |20220523|20220523|0603|2022-06-03 07:03:19
477168|0000000543926964              |20220523|165738|002|675|0|30300050|130010007|130759302|1|20220523|162329|8007541|20220523|170941|8002399|1|1250|0|      |20220523|20220523|0603|2022-06-03 07:03:19
477170|0000000535930979              |20220523|184703|029|675|0|30300047|130010001|130759415|4|20220523|175227|8002118|20220523|185358|8001851|1|750|0|      |20220523|20220523|0603|2022-06-03 07:03:19
477577|0000000509277280              |20220523|105829|005|676|0|30300051|130010008|130752122|1|20220523|105321|8001535|20220523|110917|8001420|1|1250|0|      |20220523|20220523|0603|2022-06-03 07:03:19
477579|0000000131075821              |20220523|104323|028|679|0|30300063|130010001|130759487|1|20220523|053054|8001994|20220523|110622|8001660|1|1250|0|      |20220523|20220523|0603|2022-06-03 07:03:19
477581|0000000547583877              |20220523|220544|028|675|0|30300055|130010014|130753249|4|20220523|154834|8001538|20220523|221306|8002000|1|750|0|      |20220523|20220523|0603|2022-06-03 07:03:19
477583|0000000539756411              |20220523|214319|018|676|0|30300040|130010007|130759389|1|20220523|212329|8001096|20220523|214906|8002240|1|1250|0|      |20220523|20220523|0603|2022-06-03 07:03:19
477585|0000000125039019              |20220523|134513|008|675|0|30300064|130010015|130759642|1|20220523|134339|8002651|20220523|135702|8002437|1|1250|0|      |20220523|20220523|0603|2022-06-03 07:03:19
477587|0000000170414864              |20220523|132334|006|676|0|30300037|130010006|130752049|1|20220523|123727|8005960|20220523|134415|8001348|1|1250|0|      |20220523|20220523|0603|2022-06-03 07:03:19
477589|0000000536480714              |20220523|155325|016|675|0|30300045|130010006|130752055|1|20220523|154649|8070046|20220523|160234|8002973|1|1250|0|      |20220523|20220523|0603|2022-06-03 07:03:19
477591|0000000106189905              |20220523|174055|020|675|0|30300077|130010006|130759018|1|20220523|173401|8001258|20220523|175406|8001492|1|1250|0|      |20220523|20220523|0603|2022-06-03 07:03:19
477593|0000000521767833              |20220523|180418|012|674|0|30300002|130010007|130759333|1|20220523|172938|8001097|20220523|181741|8001536|1|1250|0|      |20220523|20220523|0603|2022-06-03 07:03:19
477595|0000000526763701              |20220523|060134|007|676|0|30300093|130010004|130752215|1|20220523|055404|8002482|20220523|060725|8001418|1|1250|0|      |20220523|20220523|0603|2022-06-03 07:03:19
477597|0000000545627507              |20220523|070952|013|675|0|30300061|130010015|130759691|4|20220523|064912|8002925|20220523|073842|8002642|1|750|0|      |20220523|20220523|0603|2022-06-03 07:03:19
477599|0000000545943286              |20220523|081852|003|675|0|30300055|130010014|130753229|4|20220523|074920|8001500|20220523|082639|8002346|1|750|0|      |20220523|20220523|0603|2022-06-03 07:03:19
477601|0000000532385663              |20220523|082542|028|678|0|30300074|130010014|130753217|1|20220523|080003|8001741|20220523|083348|8001420|1|1250|0|      |20220523|20220523|0603|2022-06-03 07:03:19
478008|0000000742807840              |20220523|180814|022|676|0|30300051|130010008|130752110|1|20220523|180308|8001534|20220523|184411|8001493|1|1250|0|      |20220523|20220523|0603|2022-06-03 07:03:19
478010|0000000716729219              |20220523|201916|008|675|0|30300108|130010007|130759317|1|20220523|195936|8001273|20220523|202410|8002849|1|1250|0|      |20220523|20220523|0603|2022-06-03 07:03:19
478012|0000000719881985              |20220523|201400|030|675|0|30300058|130010004|130752263|1|20220523|172417|8001929|20220523|202023|8001855|1|1250|0|      |20220523|20220523|0603|2022-06-03 07:03:19
478014|0000000764330918              |20220523|204900|022|675|0|30300061|130010015|130759612|1|20220523|201948|8001624|20220523|205910|8001717|1|1250|0|      |20220523|20220523|0603|2022-06-03 07:03:19
478016|0000000904330804              |20220523|212717|020|676|0|30300130|130010008|130752138|1|20220523|210648|8002297|20220523|213649|8002486|1|1250|0|      |20220523|20220523|0603|2022-06-03 07:03:19
478018|0000000776529053              |20220523|211807|007|675|0|30300050|130010007|130759369|1|20220523|204918|8002940|20220523|212348|8002960|1|1250|0|      |20220523|20220523|0603|2022-06-03 07:03:19
478020|0000000701928369              |20220523|224925|014|675|0|30300091|130010013|130759816|1|20220523|220900|8001406|20220523|225838|8001464|1|1250|0|      |20220523|20220523|0603|2022-06-03 07:03:19
478022|0000000736247191              |20220523|213613|017|680|0|30300052|130010002|130752322|1|20220523|202432|8001935|20220523|215444|8001028|1|1250|0|      |20220523|20220523|0603|2022-06-03 07:03:19
478024|0000000725829712              |20220523|215238|024|675|0|30300108|130010007|130759356|1|20220523|210120|8002412|20220523|215630|8001192|1|1250|0|      |20220523|20220523|0603|2022-06-03 07:03:19
478026|0000000720508653              |20220523|215334|008|675|0|30300095|130010005|130759228|1|20220523|211657|8001238|20220523|220317|8001707|1|1250|0|      |20220523|20220523|0603|2022-06-03 07:03:19
478028|0000000669447590              |20220523|220159|019|676|0|30300088|130010002|130752374|1|20220523|205456|8002960|20220523|223027|8002351|1|1250|0|      |20220523|20220523|0603|2022-06-03 07:03:19
467798|0000000514917788              |20220523|101911|012|676|0|30300087|130010015|130759679|4|20220523|100123|8001491|20220523|103132|8001950|1|750|0|      |20220523|20220523|0603|2022-06-03 07:03:19
469049|0000000544749873              |20220523|152640|017|675|0|30300091|130010013|130759881|2|20220523|151355|8001906|20220523|152856|8001968|1|350|0|      |20220523|20220523|0603|2022-06-03 07:03:19
469051|0000000536245601              |20220523|154536|011|676|0|30300051|130010008|130752153|1|20220523|144329|8002995|20220523|155824|8001097|1|1250|0|      |20220523|20220523|0603|2022-06-03 07:03:19
469053|0000000532600874              |20220523|155353|012|676|0|30300093|130010004|130752272|1|20220523|155022|8007006|20220523|160936|8001647|1|1250|0|      |20220523|20220523|0603|2022-06-03 07:03:19
469055|0000000536635208              |20220523|170539|010|676|0|30300090|130010005|130759215|1|20220523|151842|9001641|20220523|171815|8002412|1|1250|0|      |20220523|20220523|0603|2022-06-03 07:03:19
469057|0000000544695482              |20220523|165553|017|676|0|30300037|130010006|130752011|1|20220523|124019|8002920|20220523|170743|8002402|1|1250|0|      |20220523|20220523|0603|2022-06-03 07:03:19
469059|0000000532486274              |20220523|174500|026|676|0|30300086|130010013|130759820|4|20220523|160729|8002437|20220523|183054|8001313|1|750|0|      |20220523|20220523|0603|2022-06-03 07:03:19
469061|0000000546525490              |20220523|193013|016|675|0|30300050|130010007|130759302|1|20220523|181825|8005619|20220523|193957|8001318|1|1250|0|      |20220523|20220523|0603|2022-06-03 07:03:19
469063|0000000279910251              |20220523|071741|025|675|0|30300045|130010006|130752048|1|20220523|070558|8002913|20220523|073845|8005921|1|1250|0|      |20220523|20220523|0603|2022-06-03 07:03:19
469065|0000000519217860              |20220523|073711|021|676|0|30300071|130010009|130759106|4|20220523|053743|8001587|20220523|074414|8002726|1|750|0|      |20220523|20220523|0603|2022-06-03 07:03:19
469067|0000000279176454              |20220523|075743|024|676|0|30300072|130010001|130759435|1|20220523|055418|8002486|20220523|081226|8001365|1|1250|0|      |20220523|20220523|0603|2022-06-03 07:03:19
469069|0000000516246286              |20220523|084558|006|675|0|30300055|130010014|130753238|1|20220523|080233|8002485|20220523|085302|8001412|1|1250|0|      |20220523|20220523|0603|2022-06-03 07:03:19
469071|0000000301520739              |20220523|110905|021|676|0|30300040|130010013|130759802|1|20220523|105054|8001054|20220523|113419|8007278|1|1250|0|      |20220523|20220523|0603|2022-06-03 07:03:19
469073|0000000536635564              |20220523|120113|022|675|0|30300064|130010015|130759670|4|20220523|060013|8002651|20220523|121220|8002628|1|750|0|      |20220523|20220523|0603|2022-06-03 07:03:19
469480|0000000522502229              |20220523|185846|015|676|0|30300071|130010009|130759186|1|20220523|113639|8001463|20220523|190545|8001409|1|1250|0|      |20220523|20220523|0603|2022-06-03 07:03:19
469482|0000000540003572              |20220523|070405|015|675|0|30300064|130010015|130759623|1|20220523|064330|8001095|20220523|072022|8001412|1|1250|0|      |20220523|20220523|0603|2022-06-03 07:03:19
469484|0000000505359060              |20220523|085818|002|675|0|30300084|130010001|130759760|1|20220523|085123|8001745|20220523|090025|8001201|1|1250|0|      |20220523|20220523|0603|2022-06-03 07:03:19
469486|0000000546712459              |20220523|080933|029|675|0|30300064|130010015|130759638|1|20220523|075251|8001980|20220523|082257|8001414|1|1250|0|      |20220523|20220523|0603|2022-06-03 07:03:19
469488|0000000298677883              |20220523|110547|005|676|0|30300090|130010005|130759205|1|20220523|104730|8001430|20220523|111207|8002608|1|1250|0|      |20220523|20220523|0603|2022-06-03 07:03:19
469490|0000000302618506              |20220523|100408|029|676|0|30300090|130010005|130759207|1|20220523|055956|8001430|20220523|105616|8002721|1|1250|0|      |20220523|20220523|0603|2022-06-03 07:03:19
469492|0000000543648445              |20220523|114103|006|676|0|30300087|130010015|130759621|1|20220523|112953|8002840|20220523|114618|8002093|1|1250|0|      |20220523|20220523|0603|2022-06-03 07:03:19
469494|0000000545409648              |20220523|115609|028|676|0|30300070|130010004|130752235|1|20220523|113451|8002825|20220523|121505|8001412|1|1250|0|      |20220523|20220523|0603|2022-06-03 07:03:19
469496|0000000520348446              |20220523|124445|003|676|0|30300040|130010013|130759815|1|20220523|110845|8001400|20220523|124924|8002898|1|1250|0|      |20220523|20220523|0603|2022-06-03 07:03:19
469498|0000000305402101              |20220523|125334|012|674|0|30300002|130010007|130759326|1|20220523|123334|8001418|20220523|132618|8001474|1|1250|0|      |20220523|20220523|0603|2022-06-03 07:03:19
469500|0000000533785207              |20220523|214905|023|676|0|30300089|130010011|130759504|4|20220523|142237|8002969|20220523|220836|8002537|1|750|0|      |20220523|20220523|0603|2022-06-03 07:03:19
469502|0000000526433101              |20220523|194251|021|674|0|30300002|130010007|130759318|1|20220523|190325|8001097|20220523|195839|8002259|1|1250|0|      |20220523|20220523|0603|2022-06-03 07:03:19
469504|0000000304754216              |20220523|203116|007|676|0|30300037|130010006|130752002|1|20220523|174426|8001096|20220523|203459|8002312|1|1250|0|      |20220523|20220523|0603|2022-06-03 07:03:19
469506|0000000542477265              |20220523|142635|029|675|0|30300076|130010014|130753232|1|20220523|140617|8001718|20220523|144326|8001927|1|1250|0|      |20220523|20220523|0603|2022-06-03 07:03:19
469913|0000000507017522              |20220523|180217|001|675|0|30300049|130010004|130752286|1|20220523|163723|8002722|20220523|182048|8005570|1|1250|0|      |20220523|20220523|0603|2022-06-03 07:03:19
469915|0000000533585440              |20220523|181225|020|674|0|30300002|130010007|130759334|4|20220523|174749|8002437|20220523|183816|8001744|1|750|0|      |20220523|20220523|0603|2022-06-03 07:03:19
469917|0000000545694376              |20220523|074941|013|676|0|30300070|130010004|130752235|4|20220523|062819|8002308|20220523|075351|8002819|1|750|0|      |20220523|20220523|0603|2022-06-03 07:03:19
469919|0000000092825469              |20220523|084200|018|676|0|30300093|130010004|130752213|1|20220523|053926|8001035|20220523|084823|8001876|1|1250|0|      |20220523|20220523|0603|2022-06-03 07:03:19
469921|0000000302165056              |20220523|084111|004|678|0|30300074|130010014|130753219|1|20220523|081222|8001741|20220523|085402|8002634|1|1250|0|      |20220523|20220523|0603|2022-06-03 07:03:19
469923|0000000521768319              |20220523|102942|027|678|0|30300074|130010014|130753222|1|20220523|053826|8002031|20220523|105135|8001412|1|1250|0|      |20220523|20220523|0603|2022-06-03 07:03:19
469925|0000000534041023              |20220523|102336|002|674|0|30300002|130010007|130759337|1|20220523|091738|8002132|20220523|103223|8001283|1|1250|0|      |20220523|20220523|0603|2022-06-03 07:03:19
469927|0000000300706512              |20220523|110343|007|674|0|30300002|130010007|130759325|1|20220523|103710|8002133|20220523|111945|8002464|1|1250|0|      |20220523|20220523|0603|2022-06-03 07:03:19
469929|0000000544807504              |20220523|194715|030|676|0|30300037|130010006|130752050|1|20220523|145951|8002345|20220523|194755|8002488|1|1250|0|      |20220523|20220523|0603|2022-06-03 07:03:19
460581|0000000761059815              |20220523|133101|003|676|0|30300069|130010001|130759411|1|20220523|130542|8001941|20220523|133502|8001587|1|1250|0|      |20220523|20220523|0603|2022-06-03 07:03:19
460583|0000000664805417              |20220523|210500|024|676|0|30300043|130010015|130759632|1|20220523|205525|8002725|20220523|220300|8005877|1|1250|0|      |20220523|20220523|0603|2022-06-03 07:03:19
460585|0000000664840573              |20220523|093354|027|676|0|30300071|130010009|130759149|1|20220523|084845|8002278|20220523|095454|8002570|1|1250|0|      |20220523|20220523|0603|2022-06-03 07:03:19
460992|0000000643616361              |20220523|220431|027|676|0|30300089|130010011|130759527|1|20220523|095627|8002087|20220523|222547|8002208|1|1250|0|      |20220523|20220523|0603|2022-06-03 07:03:19
460994|0000000723140579              |20220523|111721|008|676|0|30300089|130010011|130759536|1|20220523|105632|8001478|20220523|113325|8005507|1|1250|0|      |20220523|20220523|0603|2022-06-03 07:03:19
460996|0000000666981428              |20220523|114846|023|676|0|30300093|130010004|130752214|1|20220523|114152|8002050|20220523|115558|8001556|1|1250|0|      |20220523|20220523|0603|2022-06-03 07:03:19
460998|0000000644915050              |20220523|113459|017|676|0|30300070|130010004|130752226|1|20220523|061707|8001381|20220523|114204|8001348|1|1250|0|      |20220523|20220523|0603|2022-06-03 07:03:19
461000|0000000702223942              |20220523|101436|018|676|0|30300073|130010009|130759141|1|20220523|091136|8001923|20220523|101858|8001103|1|1250|0|      |20220523|20220523|0603|2022-06-03 07:03:19
461002|0000000715324410              |20220523|083412|014|676|0|30300131|130010008|130752706|1|20220523|070028|8002754|20220523|085354|8001080|1|1250|0|      |20220523|20220523|0603|2022-06-03 07:03:19
461004|0000000702092548              |20220523|084132|029|676|0|30300043|130010015|130759618|1|20220523|075243|8002649|20220523|090129|8001628|1|1250|0|      |20220523|20220523|0603|2022-06-03 07:03:19
461006|0000000700909596              |20220523|083102|014|676|0|30300043|130010015|130759604|1|20220523|074921|8001990|20220523|083751|8002888|1|1250|0|      |20220523|20220523|0603|2022-06-03 07:03:19
461008|0000000644430748              |20220523|085045|027|676|0|30300038|130010014|130753272|1|20220523|072508|8001443|20220523|090439|8001553|1|1250|0|      |20220523|20220523|0603|2022-06-03 07:03:19
461010|0000000714659146              |20220523|090911|008|676|0|30300070|130010004|130752254|1|20220523|071402|8002307|20220523|092413|8001874|1|1250|0|      |20220523|20220523|0603|2022-06-03 07:03:19
461012|0000000643715966              |20220523|092349|013|676|0|30300043|130010015|130759609|1|20220523|054936|8002538|20220523|093142|8001831|1|1250|0|      |20220523|20220523|0603|2022-06-03 07:03:19
461014|0000000721898905              |20220523|084540|010|676|0|30300036|130010011|130759503|1|20220523|081003|8002279|20220523|090326|8002997|1|1250|0|      |20220523|20220523|0603|2022-06-03 07:03:19
461016|0000000718002183              |20220523|101148|027|676|0|30300039|130010005|130759214|1|20220523|053338|8002952|20220523|101712|8001061|1|1250|0|      |20220523|20220523|0603|2022-06-03 07:03:19
461423|0000000752255630              |20220523|065529|001|675|0|30300103|130010013|130759826|1|20220523|053655|8002943|20220523|070321|8005551|1|1250|0|      |20220523|20220523|0603|2022-06-03 07:03:19
461425|0000000717622018              |20220523|080133|025|675|0|30300055|130010014|130753210|1|20220523|072004|8002339|20220523|081317|8001529|1|1250|0|      |20220523|20220523|0603|2022-06-03 07:03:19
461427|0000000738834357              |20220523|080521|022|680|0|30300052|130010006|130752019|1|20220523|071453|8002547|20220523|082159|8001927|1|1250|0|      |20220523|20220523|0603|2022-06-03 07:03:19
461429|0000000777948284              |20220523|132403|014|675|0|30300078|130010008|130752165|1|20220523|130710|8002237|20220523|134013|8001528|1|1250|0|      |20220523|20220523|0603|2022-06-03 07:03:19
461431|0000000742687370              |20220523|141249|003|674|0|30300002|130010007|130759336|1|20220523|125835|8001631|20220523|142407|8001793|1|1250|0|      |20220523|20220523|0603|2022-06-03 07:03:19
461433|0000000703473914              |20220523|200735|011|675|0|30300078|130010008|130752169|1|20220523|194334|8001528|20220523|201631|8001931|1|1250|0|      |20220523|20220523|0603|2022-06-03 07:03:19
461435|0000000707881308              |20220523|201506|025|675|0|30300055|130010014|130753206|1|20220523|135455|8001414|20220523|204036|8002064|1|1250|0|      |20220523|20220523|0603|2022-06-03 07:03:19
461437|0000000903354294              |20220523|204852|024|675|0|30300045|130010006|130752043|1|20220523|190351|8002720|20220523|210118|8001058|1|1250|0|      |20220523|20220523|0603|2022-06-03 07:03:19
461439|0000000776584861              |20220523|202820|008|675|0|30300062|130010008|130752703|1|20220523|142820|8001922|20220523|204041|8001587|1|1250|0|      |20220523|20220523|0603|2022-06-03 07:03:19
461441|0000000712034502              |20220523|151206|011|675|0|30300096|130010006|130752063|1|20220523|144531|8002531|20220523|152501|8001922|1|1250|0|      |20220523|20220523|0603|2022-06-03 07:03:19
461443|0000000726026055              |20220523|154209|002|675|0|30300056|130010012|130753307|1|20220523|134212|8001491|20220523|154812|8001084|1|1250|0|      |20220523|20220523|0603|2022-06-03 07:03:19
461445|0000000904727520              |20220523|162500|020|680|0|30300052|130010006|130752056|1|20220523|155354|8002432|20220523|164040|8001083|1|1250|0|      |20220523|20220523|0603|2022-06-03 07:03:19
461447|0000000743143679              |20220523|155526|025|675|0|30300096|130010006|130752066|1|20220523|153625|8005600|20220523|163228|8002935|1|1250|0|      |20220523|20220523|0603|2022-06-03 07:03:19
461449|0000000662435944              |20220523|162539|013|674|0|30300002|130010007|130759310|1|20220523|162143|8001178|20220523|164536|8002133|1|1250|0|      |20220523|20220523|0603|2022-06-03 07:03:19
461856|0000000742656630              |20220523|092249|006|675|0|30300049|130010004|130752206|1|20220523|081725|8001263|20220523|092309|8001735|1|1250|0|      |20220523|20220523|0603|2022-06-03 07:03:19
461858|0000000742602684              |20220523|092626|021|678|0|30300074|130010014|130753613|1|20220523|061301|8001800|20220523|093420|8002993|1|1250|0|      |20220523|20220523|0603|2022-06-03 07:03:19
461860|0000000720807053              |20220523|093257|011|675|0|30300045|130010006|130752055|1|20220523|090630|8002997|20220523|094319|8001058|1|1250|0|      |20220523|20220523|0603|2022-06-03 07:03:19
461862|0000000668501449              |20220523|185400|029|678|0|30300074|130010014|130753222|1|20220523|182517|8002621|20220523|185704|8001420|1|1250|0|      |20220523|20220523|0603|2022-06-03 07:03:19
461864|0000000747742273              |20220523|190533|019|675|0|30300082|130010001|130759736|1|20220523|183638|8002748|20220523|194048|8002441|1|1250|0|      |20220523|20220523|0603|2022-06-03 07:03:19
461866|0000000921240351              |20220523|062244|026|674|0|30300100|130010002|130752360|1|20220523|053813|8001348|20220523|063706|8002433|1|1250|0|      |20220523|20220523|0603|2022-06-03 07:03:19
461868|0000000728946690              |20220523|073630|025|675|0|30300053|130010002|130752328|1|20220523|064700|8001736|20220523|073922|8001950|1|1250|0|      |20220523|20220523|0603|2022-06-03 07:03:19
481053|0000000312436969              |20220523|180931|020|676|0|30300051|130010008|130752126|4|20220523|171003|8001526|20220523|182522|8001217|1|750|0|      |20220523|20220523|0603|2022-06-03 07:03:19
481055|0000000534819664              |20220523|065850|011|676|0|30300054|130010007|130759381|4|20220523|064301|8001762|20220523|071248|8001089|1|750|0|      |20220523|20220523|0603|2022-06-03 07:03:19
481057|0000000547470197              |20220523|071807|027|675|0|30300079|130010009|130759120|4|20220523|055708|8007446|20220523|072406|8001199|1|750|0|      |20220523|20220523|0603|2022-06-03 07:03:19
481383|0000000123757187              |20220523|183104|008|675|0|30300076|130010014|130753232|1|20220523|172901|8002481|20220523|185020|8002825|1|1250|0|      |20220523|20220523|0603|2022-06-03 07:03:19
481385|0000000124963054              |20220523|054207|008|675|0|30300064|130010015|130759625|1|20220523|053146|8007154|20220523|055100|8002628|1|1250|0|      |20220523|20220523|0603|2022-06-03 07:03:19
481387|0000000535600862              |20220523|070654|016|675|0|30300059|130010004|130752271|4|20220523|052842|8001849|20220523|071211|8001538|1|750|0|      |20220523|20220523|0603|2022-06-03 07:03:19
481389|0000000524396863              |20220523|084032|007|676|0|30300054|130010007|130759347|1|20220523|075517|8007011|20220523|084726|8002814|1|1250|0|      |20220523|20220523|0603|2022-06-03 07:03:19
481391|0000000124969027              |20220523|084103|013|676|0|30300054|130010007|130759355|1|20220523|082644|8002977|20220523|091017|8001567|1|1250|0|      |20220523|20220523|0603|2022-06-03 07:03:19
481393|0000000527190011              |20220523|083317|001|675|0|30300053|130010002|130752513|1|20220523|080635|8002965|20220523|084943|8001115|1|1250|0|      |20220523|20220523|0603|2022-06-03 07:03:19
481395|0000000545759870              |20220523|114522|009|675|0|30300091|130010013|130759821|1|20220523|110715|8002219|20220523|115944|8001406|1|1250|0|      |20220523|20220523|0603|2022-06-03 07:03:19
481397|0000000099669809              |20220523|124604|006|675|0|30300058|130010004|130752222|4|20220523|122836|8001406|20220523|130001|8002630|1|750|0|      |20220523|20220523|0603|2022-06-03 07:03:19
481399|0000000521364513              |20220523|215011|002|675|0|30300145|130010014|130753528|4|20220523|212153|8002109|20220523|221336|8001764|1|750|0|      |20220523|20220523|0603|2022-06-03 07:03:19
481401|0000000536841483              |20220523|210644|006|676|0|30300037|130010006|130752062|1|20220523|202812|8002075|20220523|211248|8005518|1|1250|0|      |20220523|20220523|0603|2022-06-03 07:03:19
481403|0000000523975549              |20220523|132437|003|676|0|30300038|130010014|130753506|1|20220523|061222|8003044|20220523|135108|8001414|1|1250|0|      |20220523|20220523|0603|2022-06-03 07:03:19
481405|0000000549482676              |20220523|134537|015|680|0|30300018|130010004|130752236|1|20220523|111040|8002624|20220523|140813|8002351|1|1250|0|      |20220523|20220523|0603|2022-06-03 07:03:19
481407|0000000535656870              |20220523|140839|008|676|0|30300051|130010008|130752712|2|20220523|120144|8002676|20220523|141732|8001291|1|350|0|      |20220523|20220523|0603|2022-06-03 07:03:19
481409|0000000505354198              |20220523|150602|014|676|0|30300072|130010001|130759749|1|20220523|150423|8005988|20220523|151959|8001348|1|1250|0|      |20220523|20220523|0603|2022-06-03 07:03:19
481762|0000000530124801              |20220523|201648|009|676|0|30300130|130010008|130752138|1|20220523|195957|8001948|20220523|204045|8002340|1|1250|0|      |20220523|20220523|0603|2022-06-03 07:03:19
481764|0000000546663563              |20220523|133138|015|679|0|30300063|130010001|130759410|1|20220523|130327|8001660|20220523|135139|8001254|1|1250|0|      |20220523|20220523|0603|2022-06-03 07:03:19
481766|0000000123761678              |20220523|142111|015|675|0|30300081|130010011|130759515|1|20220523|135555|8002453|20220523|143842|8002235|1|1250|0|      |20220523|20220523|0603|2022-06-03 07:03:19
481768|0000000506708795              |20220523|150740|002|676|0|30300043|130010015|130759603|1|20220523|150420|8005587|20220523|151520|8007325|1|1250|0|      |20220523|20220523|0603|2022-06-03 07:03:19
481770|0000000090151488              |20220523|160441|004|675|0|30300081|130010011|130759582|1|20220523|150437|8001588|20220523|160753|8001784|1|1250|0|      |20220523|20220523|0603|2022-06-03 07:03:19
481772|0000000540002882              |20220523|154550|010|675|0|30300091|130010013|130759819|1|20220523|140255|8001418|20220523|155339|8007273|1|1250|0|      |20220523|20220523|0603|2022-06-03 07:03:19
481774|0000000527758753              |20220523|164112|022|675|0|30300062|130010008|130752721|4|20220523|160607|8002280|20220523|164436|8001949|1|750|0|      |20220523|20220523|0603|2022-06-03 07:03:19
481776|0000000539073908              |20220523|164057|028|675|0|30300091|130010013|130759819|4|20220523|140255|8002318|20220523|164621|8002132|1|750|0|      |20220523|20220523|0603|2022-06-03 07:03:19
481778|0000000302125909              |20220523|153546|017|676|0|30300093|130010004|130752214|1|20220523|153010|8001178|20220523|161641|8001398|1|1250|0|      |20220523|20220523|0603|2022-06-03 07:03:19
481780|0000000544710366              |20220523|173154|003|675|0|30300058|130010004|130752288|1|20220523|170801|8007270|20220523|173720|8001419|1|1250|0|      |20220523|20220523|0603|2022-06-03 07:03:19
481782|0000000534203672              |20220523|161558|024|675|0|30300061|130010015|130759627|4|20220523|151215|8002726|20220523|162004|8002970|1|750|0|      |20220523|20220523|0603|2022-06-03 07:03:19
481784|0000000535225808              |20220523|183617|008|676|0|30300036|130010011|130759532|1|20220523|140549|8001949|20220523|185150|8001056|1|1250|0|      |20220523|20220523|0603|2022-06-03 07:03:19
481786|0000000279286609              |20220523|184357|010|676|0|30300089|130010011|130759574|1|20220523|181431|8002703|20220523|184747|8002969|1|1250|0|      |20220523|20220523|0603|2022-06-03 07:03:19
482166|0000000540794975              |20220523|154453|010|674|0|30300100|130010002|130752503|1|20220523|154113|8001412|20220523|161231|8002119|1|1250|0|      |20220523|20220523|0603|2022-06-03 07:03:19
482168|0000000547976968              |20220523|162903|024|676|0|30300037|130010006|130752040|4|20220523|144604|8001349|20220523|164927|8002658|1|750|0|      |20220523|20220523|0603|2022-06-03 07:03:19
482170|0000000825278286              |20220523|173926|006|676|0|30300037|130010006|130752037|1|20220523|173314|8003003|20220523|174852|8002693|1|1250|0|      |20220523|20220523|0603|2022-06-03 07:03:19
482172|0000000540260689              |20220523|181107|026|676|0|30300037|130010006|130759021|1|20220523|145615|8001097|20220523|182004|8002339|1|1250|0|      |20220523|20220523|0603|2022-06-03 07:03:19
482174|0000000546892850              |20220523|184454|004|676|0|30300037|130010006|130752027|1|20220523|181346|8006001|20220523|191455|8001097|1|1250|0|      |20220523|20220523|0603|2022-06-03 07:03:19
482176|0000000536244896              |20220523|071320|024|675|0|30300095|130010011|130759507|4|20220523|061048|8001262|20220523|071909|8001646|1|750|0|      |20220523|20220523|0603|2022-06-03 07:03:19
482178|0000000534669590              |20220523|092836|007|676|0|30300131|130010008|130752706|1|20220523|092244|8001960|20220523|101704|8002089|1|1250|0|      |20220523|20220523|0603|2022-06-03 07:03:19
477239|0000000544464716              |20220523|160816|003|677|0|30300035|130010009|130759119|4|20220523|160806|8001753|20220523|162851|8002049|1|750|0|      |20220523|20220523|0603|2022-06-03 07:03:19
477241|0000000533598008              |20220523|175219|024|674|0|30300002|130010007|130759318|4|20220523|171836|8002131|20220523|175936|8002140|1|750|0|      |20220523|20220523|0603|2022-06-03 07:03:19
477243|0000000533653210              |20220523|180507|021|675|0|30300080|130010009|130759145|2|20220523|133246|8001203|20220523|180859|8001982|1|350|0|      |20220523|20220523|0603|2022-06-03 07:03:19
477245|0000000543582013              |20220523|182534|026|675|0|30300055|130010014|130753261|1|20220523|162353|8002686|20220523|183852|8002733|1|1250|0|      |20220523|20220523|0603|2022-06-03 07:03:19
477247|0000000535324637              |20220523|185936|013|676|0|30300071|130010009|130759144|1|20220523|181202|8001587|20220523|191817|8001464|1|1250|0|      |20220523|20220523|0603|2022-06-03 07:03:19
477249|0000000509519486              |20220523|192926|013|675|0|30300080|130010009|130759160|4|20220523|184732|8006007|20220523|193627|8001986|1|750|0|      |20220523|20220523|0603|2022-06-03 07:03:19
477251|0000000513778894              |20220523|065200|026|674|0|30300002|130010007|130759310|1|20220523|062530|8001418|20220523|071027|8001536|1|1250|0|      |20220523|20220523|0603|2022-06-03 07:03:19
477658|0000000091654518              |20220523|154741|030|676|0|30300088|130010002|130752511|1|20220523|143753|8001555|20220523|160854|8002847|1|1250|0|      |20220523|20220523|0603|2022-06-03 07:03:19
477660|0000000542014218              |20220523|161118|027|675|0|30300066|130010015|130759687|4|20220523|151400|8001855|20220523|162138|8002329|1|750|0|      |20220523|20220523|0603|2022-06-03 07:03:19
477662|0000000516122498              |20220523|172417|006|676|0|30300070|130010004|130752224|1|20220523|170057|8001646|20220523|175825|8002785|1|1250|0|      |20220523|20220523|0603|2022-06-03 07:03:19
477664|0000000535578985              |20220523|170411|014|675|0|30300055|130010014|130753229|2|20220523|164738|8001661|20220523|171856|8001927|1|350|0|      |20220523|20220523|0603|2022-06-03 07:03:19
477666|0000000507313189              |20220523|174512|017|676|0|30300037|130010006|130759021|1|20220523|145615|8002559|20220523|180705|8002310|1|1250|0|      |20220523|20220523|0603|2022-06-03 07:03:19
477668|0000000319453918              |20220523|174955|016|675|0|30300047|130010001|130759702|1|20220523|172041|8001013|20220523|181858|8005516|1|1250|0|      |20220523|20220523|0603|2022-06-03 07:03:19
477670|0000000294122425              |20220523|180712|003|676|0|30300043|130010015|130759619|1|20220523|173737|8001724|20220523|182334|8002648|1|1250|0|      |20220523|20220523|0603|2022-06-03 07:03:19
477672|0000000546599211              |20220523|183339|002|675|0|30300077|130010006|130752013|1|20220523|181334|8001197|20220523|190332|8001418|1|1250|0|      |20220523|20220523|0603|2022-06-03 07:03:19
477674|0000000537991108              |20220523|061243|005|679|0|30300063|130010001|130759787|1|20220523|053906|8002254|20220523|061613|8001963|1|1250|0|      |20220523|20220523|0603|2022-06-03 07:03:19
477676|0000000505356190              |20220523|073725|017|675|0|30300084|130010001|130759760|4|20220523|072024|8002254|20220523|074943|8002697|1|750|0|      |20220523|20220523|0603|2022-06-03 07:03:19
477678|0000000544641978              |20220523|074414|031|676|0|30300038|130010014|130753255|1|20220523|070215|8001133|20220523|075830|8001541|1|1250|0|      |20220523|20220523|0603|2022-06-03 07:03:19
477680|0000000508269624              |20220523|074345|003|675|0|30300058|130010004|130752292|4|20220523|061521|8001516|20220523|075955|8002630|1|750|0|      |20220523|20220523|0603|2022-06-03 07:03:19
477682|0000000292925082              |20220523|092347|003|675|0|30300067|130010001|130759735|1|20220523|090014|8001467|20220523|093632|8002822|1|1250|0|      |20220523|20220523|0603|2022-06-03 07:03:19
478089|0000000514375165              |20220523|213435|019|675|0|30300046|130010002|130752347|1|20220523|191853|8002721|20220523|220138|8001028|1|1250|0|      |20220523|20220523|0603|2022-06-03 07:03:19
478091|0000000541380027              |20220523|193921|001|675|0|30300060|130010014|130753230|1|20220523|145048|8002075|20220523|194839|8002969|1|1250|0|      |20220523|20220523|0603|2022-06-03 07:03:19
478093|0000000303420820              |20220523|145042|007|676|0|30300037|130010006|130752027|1|20220523|143637|8002402|20220523|150443|8002559|1|1250|0|      |20220523|20220523|0603|2022-06-03 07:03:19
478095|0000000538438754              |20220523|144302|004|676|0|30300037|130010006|130752038|1|20220523|141721|8002720|20220523|145553|8002559|1|1250|0|      |20220523|20220523|0603|2022-06-03 07:03:19
478097|0000000532349789              |20220523|165342|026|676|0|30300037|130010006|130752031|1|20220523|163831|8001443|20220523|170228|8001534|1|1250|0|      |20220523|20220523|0603|2022-06-03 07:03:19
478099|0000000548337745              |20220523|172736|027|676|0|30300037|130010006|130752005|1|20220523|163526|8002315|20220523|174507|8002488|1|1250|0|      |20220523|20220523|0603|2022-06-03 07:03:19
478101|0000000116663311              |20220523|182507|007|676|0|30300089|130010011|130759513|1|20220523|174432|8005880|20220523|184844|8007549|1|1250|0|      |20220523|20220523|0603|2022-06-03 07:03:19
478103|0000000512826053              |20220523|070401|031|675|0|30300078|130010008|130752169|1|20220523|045342|8001359|20220523|071340|8002603|1|1250|0|      |20220523|20220523|0603|2022-06-03 07:03:19
478105|0000000543134431              |20220523|062736|026|676|0|30300089|130010011|130759536|1|20220523|060616|8002138|20220523|070812|8007549|1|1250|0|      |20220523|20220523|0603|2022-06-03 07:03:19
478107|0000000547839172              |20220523|064005|024|676|0|30300037|130010006|130759016|1|20220523|062637|8002343|20220523|064225|8001036|1|1250|0|      |20220523|20220523|0603|2022-06-03 07:03:19
478109|0000000547292979              |20220523|075837|017|676|0|30300037|130010006|130752072|1|20220523|070249|8006001|20220523|080241|8002559|1|1250|0|      |20220523|20220523|0603|2022-06-03 07:03:19
478111|0000000270780407              |20220523|072804|004|676|0|30300089|130010011|130759536|1|20220523|060616|8002702|20220523|075057|8007268|1|1250|0|      |20220523|20220523|0603|2022-06-03 07:03:19
478113|0000000543131327              |20220523|081142|030|676|0|30300037|130010006|130752039|1|20220523|080243|8002155|20220523|081213|8005881|1|1250|0|      |20220523|20220523|0603|2022-06-03 07:03:19
478115|0000000547556774              |20220523|081105|004|676|0|30300037|130010006|130759021|1|20220523|071226|8002100|20220523|081817|8001574|1|1250|0|      |20220523|20220523|0603|2022-06-03 07:03:19
478522|0000000528118728              |20220523|083618|011|675|0|30300053|130010002|130752394|1|20220523|060612|8002966|20220523|085841|8001074|1|1250|0|      |20220523|20220523|0603|2022-06-03 07:03:19
478524|0000000825271579              |20220523|092357|003|675|0|30300050|130010007|130759348|1|20220523|091305|8002025|20220523|093028|8007101|1|1250|0|      |20220523|20220523|0603|2022-06-03 07:03:19
478526|0000000545097440              |20220523|084233|013|675|0|30300050|130010007|130759370|1|20220523|072011|8005619|20220523|085931|8001318|1|1250|0|      |20220523|20220523|0603|2022-06-03 07:03:19
469142|0000000521767888              |20220523|070705|011|674|0|30300002|130010007|130759330|1|20220523|063953|8001783|20220523|073346|8001783|1|1250|0|      |20220523|20220523|0603|2022-06-03 07:03:19
469144|0000000266312435              |20220523|075104|018|676|0|30300087|130010015|130759641|1|20220523|064112|8001454|20220523|081310|8002134|1|1250|0|      |20220523|20220523|0603|2022-06-03 07:03:19
469146|0000000535235671              |20220523|075516|021|675|0|30300080|130010009|130759172|1|20220523|062344|8007269|20220523|081640|8001788|1|1250|0|      |20220523|20220523|0603|2022-06-03 07:03:19
469148|0000000508272031              |20220523|092501|011|675|0|30300055|130010014|130753227|1|20220523|071830|8001667|20220523|093628|8002887|1|1250|0|      |20220523|20220523|0603|2022-06-03 07:03:19
469150|0000000546429106              |20220523|102433|001|675|0|30300079|130010009|130759120|1|20220523|085248|8001488|20220523|103713|8002723|1|1250|0|      |20220523|20220523|0603|2022-06-03 07:03:19
469152|0000000516323306              |20220523|095642|028|675|0|30300055|130010014|130753512|1|20220523|093211|8001500|20220523|101553|8001348|1|1250|0|      |20220523|20220523|0603|2022-06-03 07:03:19
469154|0000000528725461              |20220523|110717|026|676|0|30300038|130010014|130753246|1|20220523|103226|8003044|20220523|113832|8002627|1|1250|0|      |20220523|20220523|0603|2022-06-03 07:03:19
469561|0000000519737141              |20220523|171037|019|675|0|30300058|130010004|130752259|1|20220523|124748|8002707|20220523|173710|8001647|1|1250|0|      |20220523|20220523|0603|2022-06-03 07:03:19
469563|0000000526759782              |20220523|180016|021|676|0|30300038|130010014|130753506|4|20220523|172506|8002917|20220523|181008|8002914|1|750|0|      |20220523|20220523|0603|2022-06-03 07:03:19
469565|0000000549415067              |20220523|181216|002|676|0|30300088|130010002|130752356|2|20220523|164636|8001586|20220523|181920|8002943|1|350|0|      |20220523|20220523|0603|2022-06-03 07:03:19
469567|0000000529290923              |20220523|184525|026|675|0|30300077|130010006|130752013|1|20220523|181334|8002434|20220523|190911|8001229|1|1250|0|      |20220523|20220523|0603|2022-06-03 07:03:19
469569|0000000545876792              |20220523|194418|027|676|0|30300054|130010007|130759347|4|20220523|183913|8001586|20220523|194822|8002910|1|750|0|      |20220523|20220523|0603|2022-06-03 07:03:19
469571|0000000538086351              |20220523|074027|008|675|0|30300064|130010015|130759683|4|20220523|070730|8003014|20220523|074622|8001047|1|750|0|      |20220523|20220523|0603|2022-06-03 07:03:19
469573|0000000162745721              |20220523|074835|008|675|0|30300062|130010008|130752137|1|20220523|073515|8001922|20220523|075325|8002468|1|1250|0|      |20220523|20220523|0603|2022-06-03 07:03:19
469575|0000000547814226              |20220523|092010|012|675|0|30300061|130010015|130759648|4|20220523|073727|8001112|20220523|092745|8002887|1|750|0|      |20220523|20220523|0603|2022-06-03 07:03:19
469577|0000000126737841              |20220523|094139|008|675|0|30300057|130010001|130759470|1|20220523|085857|8001664|20220523|095912|8002682|1|1250|0|      |20220523|20220523|0603|2022-06-03 07:03:19
469579|0000000546712327              |20220523|094557|019|675|0|30300053|130010002|130752319|1|20220523|081516|8001587|20220523|095042|8001240|1|1250|0|      |20220523|20220523|0603|2022-06-03 07:03:19
469581|0000000542717430              |20220523|091630|016|675|0|30300064|130010015|130759644|4|20220523|055106|8002652|20220523|092803|8002635|1|750|0|      |20220523|20220523|0603|2022-06-03 07:03:19
469583|0000000304827441              |20220523|113226|019|676|0|30300037|130010006|130752035|1|20220523|095208|8001349|20220523|114753|8002317|1|1250|0|      |20220523|20220523|0603|2022-06-03 07:03:19
469585|0000000546755992              |20220523|214924|012|676|0|30300037|130010006|130752035|1|20220523|205649|8001097|20220523|215849|8002339|1|1250|0|      |20220523|20220523|0603|2022-06-03 07:03:19
469587|0000000531476842              |20220523|193544|024|675|0|30300101|130010002|130752311|4|20220523|190600|8001648|20220523|194210|8001084|1|750|0|      |20220523|20220523|0603|2022-06-03 07:03:19
469994|0000000171782835              |20220523|103135|030|674|0|30300100|130010002|130752345|1|20220523|091630|8001493|20220523|103933|8001028|1|1250|0|      |20220523|20220523|0603|2022-06-03 07:03:19
469996|0000000308087469              |20220523|105338|009|675|0|30300058|130010004|130752252|1|20220523|095109|8002706|20220523|105708|8070007|1|1250|0|      |20220523|20220523|0603|2022-06-03 07:03:19
469998|0000000543645308              |20220523|121804|029|675|0|30300055|130010014|130753218|1|20220523|114353|8002602|20220523|123043|8002340|1|1250|0|      |20220523|20220523|0603|2022-06-03 07:03:19
470000|0000000505355143              |20220523|115437|007|675|0|30300079|130010009|130759128|1|20220523|111411|8001529|20220523|120427|8002802|1|1250|0|      |20220523|20220523|0603|2022-06-03 07:03:19
470002|0000000535512197              |20220523|220521|028|675|0|30300055|130010014|130753229|4|20220523|210644|8001987|20220523|221533|8002259|1|750|0|      |20220523|20220523|0603|2022-06-03 07:03:19
470004|0000000531717048              |20220523|205208|004|675|0|30300058|130010004|130752288|1|20220523|201613|8001528|20220523|212303|8005913|1|1250|0|      |20220523|20220523|0603|2022-06-03 07:03:19
470006|0000000540351503              |20220523|145047|012|674|0|30300002|130010007|130759308|4|20220523|134652|8002134|20220523|145823|8001631|1|750|0|      |20220523|20220523|0603|2022-06-03 07:03:19
470008|0000000535886416              |20220523|145418|009|676|0|30300073|130010009|130759177|1|20220523|144437|8001997|20220523|152620|8002235|1|1250|0|      |20220523|20220523|0603|2022-06-03 07:03:19
470010|0000000542784328              |20220523|164123|021|675|0|30300046|130010002|130752342|4|20220523|153119|8002365|20220523|165618|8001914|1|750|0|      |20220523|20220523|0603|2022-06-03 07:03:19
470012|0000000536079625              |20220523|163831|009|675|0|30300083|130010001|130759722|4|20220523|155012|8001539|20220523|165258|8001278|1|750|0|      |20220523|20220523|0603|2022-06-03 07:03:19
470014|0000000302173548              |20220523|171049|009|675|0|30300057|130010001|130759759|1|20220523|170609|8001280|20220523|173607|8002803|1|1250|0|      |20220523|20220523|0603|2022-06-03 07:03:19
470016|0000000515585230              |20220523|180719|011|676|0|30300043|130010015|130759676|1|20220523|165428|8001919|20220523|181830|8001296|1|1250|0|      |20220523|20220523|0603|2022-06-03 07:03:19
470018|0000000535606402              |20220523|180559|029|675|0|30300101|130010002|130752332|1|20220523|175704|8002351|20220523|183430|8002831|1|1250|0|      |20220523|20220523|0603|2022-06-03 07:03:19
471201|0000000668623692              |20220523|173922|005|674|1|30300100|130010002|130752365|1|20220523|171905|8001929|20220523|180212|8001083|1|0|0|      |20220523|20220523|0603|2022-06-03 07:03:19
471203|0000000679740549              |20220523|171252|001|674|1|30300100|130010002|130752506|1|20220523|162313|8001348|20220523|175604|8001083|1|0|0|      |20220523|20220523|0603|2022-06-03 07:03:19
471205|0000000644666307              |20220523|181001|029|676|1|30300072|130010001|130759429|1|20220523|134552|8001036|20220523|183426|8001232|1|0|0|      |20220523|20220523|0603|2022-06-03 07:03:19
461513|0000000777074436              |20220523|072053|031|675|0|30300058|130010004|130752257|1|20220523|070728|8005895|20220523|072256|8002608|1|1250|0|      |20220523|20220523|0603|2022-06-03 07:03:19
461515|0000000771692459              |20220523|065706|005|675|0|30300058|130010004|130752252|1|20220523|063810|8001516|20220523|072031|8002734|1|1250|0|      |20220523|20220523|0603|2022-06-03 07:03:19
461517|0000000730248911              |20220523|073456|004|675|0|30300046|130010002|130752350|1|20220523|072141|8001289|20220523|075720|8001643|1|1250|0|      |20220523|20220523|0603|2022-06-03 07:03:19
461519|0000000664916986              |20220523|072817|022|675|0|30300049|130010004|130752216|1|20220523|064840|8001259|20220523|080235|8001282|1|1250|0|      |20220523|20220523|0603|2022-06-03 07:03:19
461521|0000000900199367              |20220523|075729|030|675|0|30300046|130010002|130752347|1|20220523|074323|8001289|20220523|083846|8002997|1|1250|0|      |20220523|20220523|0603|2022-06-03 07:03:19
461523|0000000761382333              |20220523|140133|024|679|0|30300063|130010001|130759406|1|20220523|115607|8001243|20220523|141616|8001412|1|1250|0|      |20220523|20220523|0603|2022-06-03 07:03:19
461525|0000000907978245              |20220523|203104|014|675|0|30300067|130010001|130759731|1|20220523|202404|8005876|20220523|204113|8002832|1|1250|0|      |20220523|20220523|0603|2022-06-03 07:03:19
461527|0000000738509687              |20220523|204140|020|674|0|30300104|130010002|130752303|1|20220523|201337|8070012|20220523|204909|8001054|1|1250|0|      |20220523|20220523|0603|2022-06-03 07:03:19
461529|0000000757419177              |20220523|145150|013|674|0|30300104|130010002|130752341|1|20220523|143404|8001024|20220523|150517|8001425|1|1250|0|      |20220523|20220523|0603|2022-06-03 07:03:19
461936|0000000644915384              |20220523|093155|010|675|0|30300101|130010002|130752320|1|20220523|073828|8001156|20220523|095139|8001755|1|1250|0|      |20220523|20220523|0603|2022-06-03 07:03:19
461938|0000000733143758              |20220523|092714|014|675|0|30300092|130010013|130759833|1|20220523|080151|8001479|20220523|093524|8007453|1|1250|0|      |20220523|20220523|0603|2022-06-03 07:03:19
461940|0000000775947399              |20220523|101559|006|674|0|30300002|130010007|130759336|1|20220523|090400|8003021|20220523|101931|8002911|1|1250|0|      |20220523|20220523|0603|2022-06-03 07:03:19
461942|0000000751157923              |20220523|093009|010|674|0|30300002|130010007|130759338|1|20220523|084111|8001430|20220523|094339|8001096|1|1250|0|      |20220523|20220523|0603|2022-06-03 07:03:19
461944|0000000618478379              |20220523|184311|004|674|0|30300100|130010002|130752383|1|20220523|184025|8001348|20220523|190715|8001715|1|1250|0|      |20220523|20220523|0603|2022-06-03 07:03:19
461946|0000000903917005              |20220523|190150|031|675|0|30300064|130010015|130759644|1|20220523|055106|8002730|20220523|190758|8001626|1|1250|0|      |20220523|20220523|0603|2022-06-03 07:03:19
461948|0000000776296231              |20220523|190744|001|675|0|30300075|130010005|130759213|1|20220523|183745|8002880|20220523|191130|8001534|1|1250|0|      |20220523|20220523|0603|2022-06-03 07:03:19
461950|0000000660975088              |20220523|192058|017|675|0|30300053|130010002|130752394|1|20220523|184228|8002542|20220523|192612|8001083|1|1250|0|      |20220523|20220523|0603|2022-06-03 07:03:19
461952|0000000725859688              |20220523|195619|013|675|0|30300053|130010002|130752378|1|20220523|193629|8002276|20220523|200505|8002965|1|1250|0|      |20220523|20220523|0603|2022-06-03 07:03:19
461954|0000000903324442              |20220523|060248|002|680|0|30300026|130010014|130753604|1|20220523|055649|8001365|20220523|061441|8002571|1|1250|0|      |20220523|20220523|0603|2022-06-03 07:03:19
461956|0000000701851438              |20220523|065409|008|675|0|30300058|130010004|130752278|1|20220523|064631|8001983|20220523|070021|8002608|1|1250|0|      |20220523|20220523|0603|2022-06-03 07:03:19
461958|0000000460332723              |20220523|071819|018|675|0|30300060|130010014|130753223|1|20220523|062104|8002276|20220523|072949|8001717|1|1250|0|      |20220523|20220523|0603|2022-06-03 07:03:19
461960|0000000736978168              |20220523|070304|004|675|0|30300045|130010006|130759002|1|20220523|063009|8001058|20220523|071111|8001604|1|1250|0|      |20220523|20220523|0603|2022-06-03 07:03:19
461962|0000000765097807              |20220523|072122|016|675|0|30300077|130010006|130759022|1|20220523|071137|8001197|20220523|080037|8001995|1|1250|0|      |20220523|20220523|0603|2022-06-03 07:03:19
462369|0000000091477629              |20220523|161018|017|676|0|30300093|130010004|130752250|1|20220523|150517|8002658|20220523|161725|8002463|1|1250|0|      |20220523|20220523|0603|2022-06-03 07:03:19
462371|0000000534210798              |20220523|171113|006|676|0|30300040|130010007|130759364|4|20220523|164240|8002905|20220523|172025|8002075|1|750|0|      |20220523|20220523|0603|2022-06-03 07:03:19
462373|0000000534671014              |20220523|171450|004|676|0|30300051|130010008|130752107|1|20220523|161832|8002733|20220523|172249|8002995|1|1250|0|      |20220523|20220523|0603|2022-06-03 07:03:19
462375|0000000536354741              |20220523|174309|001|676|0|30300051|130010008|130752132|1|20220523|172022|8001117|20220523|183455|8001097|1|1250|0|      |20220523|20220523|0603|2022-06-03 07:03:19
462377|0000000519381058              |20220523|191159|024|676|0|30300041|130010012|130753316|4|20220523|161447|8002159|20220523|192456|8002850|1|750|0|      |20220523|20220523|0603|2022-06-03 07:03:19
462379|0000000090131417              |20220523|064319|029|675|0|30300045|130010006|130752029|1|20220513|094109|8002403|20220523|070002|8003073|1|1250|0|      |20220523|20220523|0603|2022-06-03 07:03:19
462381|0000000519220175              |20220523|074745|010|675|0|30300065|130010004|130752267|4|20220523|054435|8005869|20220523|075217|8007070|1|750|0|      |20220523|20220523|0603|2022-06-03 07:03:19
462383|0000000534793287              |20220523|081546|020|675|0|30300055|130010014|130753250|4|20220523|074503|8002893|20220523|081900|8002346|1|750|0|      |20220523|20220523|0603|2022-06-03 07:03:19
462385|0000000515063614              |20220523|084943|002|676|0|30300088|130010002|130752370|1|20220523|081626|8001169|20220523|090151|8001195|1|1250|0|      |20220523|20220523|0603|2022-06-03 07:03:19
462387|0000000520030630              |20220523|081600|009|676|0|30300087|130010015|130759629|1|20220523|073419|8001398|20220523|083735|8002159|1|1250|0|      |20220523|20220523|0603|2022-06-03 07:03:19
462389|0000000522671719              |20220523|114259|022|676|0|30300051|130010008|130752121|1|20220523|110030|8001948|20220523|114928|8001927|1|1250|0|      |20220523|20220523|0603|2022-06-03 07:03:19
462391|0000000102153319              |20220523|113338|011|676|0|30300043|130010015|130759632|1|20220523|103301|8001964|20220523|113700|8002457|1|1250|0|      |20220523|20220523|0603|2022-06-03 07:03:19
462393|0000000536245306              |20220523|122151|022|675|0|30300055|130010014|130753228|1|20220523|113100|8001529|20220523|125648|8001828|1|1250|0|      |20220523|20220523|0603|2022-06-03 07:03:19
463539|0000000742588623              |20220523|171916|027|676|0|30300087|130010008|130752123|1|20220523|152235|8001199|20220523|173852|8001950|1|1250|0|      |20220523|20220523|0603|2022-06-03 07:03:19
484830|0000000546308755              |20220523|161754|028|676|0|30300041|130010012|130753313|4|20220523|143846|8001612|20220523|162435|8001036|1|750|0|      |20220523|20220523|0603|2022-06-03 07:03:19
484832|0000000503886308              |20220523|181312|003|676|0|30300038|130010014|130753525|1|20220523|180959|8002920|20220523|181842|8002973|1|1250|0|      |20220523|20220523|0603|2022-06-03 07:03:19
484834|0000000515982764              |20220523|060422|020|676|0|30300037|130010006|130752072|1|20220523|053633|8002343|20220523|063303|8002558|1|1250|0|      |20220523|20220523|0603|2022-06-03 07:03:19
484836|0000000529823088              |20220523|062322|003|676|0|30300051|130010008|130752103|1|20220523|060616|8001369|20220523|064952|8002437|1|1250|0|      |20220523|20220523|0603|2022-06-03 07:03:19
484838|0000000516467722              |20220523|061159|001|675|0|30300080|130010009|130759153|1|20220523|054111|8002578|20220523|063413|8007268|1|1250|0|      |20220523|20220523|0603|2022-06-03 07:03:19
484840|0000000544599466              |20220523|074059|004|675|0|30300058|130010004|130752202|1|20220523|071622|8001668|20220523|074336|8001940|1|1250|0|      |20220523|20220523|0603|2022-06-03 07:03:19
484842|0000000097389527              |20220523|081539|018|675|0|30300064|130010015|130759624|1|20220523|081243|8002651|20220523|081943|8001980|1|1250|0|      |20220523|20220523|0603|2022-06-03 07:03:19
484844|0000000510804253              |20220523|084008|015|676|0|30300041|130010012|130753305|4|20220523|061624|8002159|20220523|084831|8003008|1|750|0|      |20220523|20220523|0603|2022-06-03 07:03:19
484846|0000000539967799              |20220523|103537|025|675|0|30300058|130010004|130752290|1|20220523|101708|8002947|20220523|105109|8002630|1|1250|0|      |20220523|20220523|0603|2022-06-03 07:03:19
484848|0000000535369012              |20220523|114839|012|675|0|30300067|130010001|130759777|4|20220523|111802|8001042|20220523|120717|8002630|1|750|0|      |20220523|20220523|0603|2022-06-03 07:03:19
484850|0000000544013256              |20220523|121757|026|675|0|30300075|130010005|130759221|1|20220523|113631|8001421|20220523|123213|8001617|1|1250|0|      |20220523|20220523|0603|2022-06-03 07:03:19
484852|0000000532665839              |20220523|193017|002|676|0|30300040|130010013|130759804|1|20220523|170615|8002870|20220523|194605|8002382|1|1250|0|      |20220523|20220523|0603|2022-06-03 07:03:19
484854|0000000536539757              |20220523|211225|018|676|0|30300038|130010014|130753506|1|20220523|211154|8003003|20220523|213428|8001596|1|1250|0|      |20220523|20220523|0603|2022-06-03 07:03:19
484883|0000000319994098              |20220523|104134|028|674|0|30300100|130010002|130752508|1|20220523|101833|8001492|20220523|110113|8001413|1|1250|0|      |20220523|20220523|0603|2022-06-03 07:03:19
484885|0000000547813358              |20220523|104323|024|675|0|30300064|130010015|130759623|1|20220523|102103|8002635|20220523|110812|8001832|1|1250|0|      |20220523|20220523|0603|2022-06-03 07:03:19
484887|0000000540003288              |20220523|095858|009|675|0|30300076|130010014|130753511|1|20220523|090531|8002634|20220523|101501|8002816|1|1250|0|      |20220523|20220523|0603|2022-06-03 07:03:19
484889|0000000540002841              |20220523|110757|025|674|0|30300002|130010007|130759330|1|20220523|095619|8001783|20220523|112640|8001783|1|1250|0|      |20220523|20220523|0603|2022-06-03 07:03:19
484891|0000000094504293              |20220523|224046|002|675|0|30300082|130010001|130759743|1|20220523|221138|8002928|20220523|224706|8001934|1|1250|0|      |20220523|20220523|0603|2022-06-03 07:03:19
484893|0000000540003306              |20220523|201305|010|675|0|30300060|130010014|130753240|1|20220523|193200|8002969|20220523|202908|8001587|1|1250|0|      |20220523|20220523|0603|2022-06-03 07:03:19
484895|0000000518970021              |20220523|132349|007|676|0|30300072|130010001|130759423|1|20220523|131238|8002486|20220523|132700|8002488|1|1250|0|      |20220523|20220523|0603|2022-06-03 07:03:19
484897|0000000515674114              |20220523|150850|009|675|0|30300055|130010014|130753227|2|20220523|145703|8002464|20220523|151652|8001203|1|350|0|      |20220523|20220523|0603|2022-06-03 07:03:19
484899|0000000548939986              |20220523|164303|016|676|0|30300037|130010006|130759027|1|20220523|161915|8002720|20220523|170022|8001005|1|1250|0|      |20220523|20220523|0603|2022-06-03 07:03:19
484901|0000000528747483              |20220523|165730|010|676|0|30300087|130010015|130759633|4|20220523|163511|8002093|20220523|173426|8002969|1|750|0|      |20220523|20220523|0603|2022-06-03 07:03:19
484903|0000000549554447              |20220523|165851|027|676|0|30300043|130010015|130759618|1|20220523|164950|8002725|20220523|171801|8005918|1|1250|0|      |20220523|20220523|0603|2022-06-03 07:03:19
484905|0000000509278455              |20220523|181824|004|676|0|30300087|130010015|130759636|1|20220523|170858|8001587|20220523|184812|8007445|1|1250|0|      |20220523|20220523|0603|2022-06-03 07:03:19
484907|0000000312006132              |20220523|181605|010|675|0|30300082|130010001|130759413|1|20220523|151110|8002441|20220523|182457|8002823|1|1250|0|      |20220523|20220523|0603|2022-06-03 07:03:19
484909|0000000126781813              |20220523|055845|006|675|0|30300053|130010002|130752386|1|20220523|053720|8001731|20220523|061237|8002453|1|1250|0|      |20220523|20220523|0603|2022-06-03 07:03:19
484911|0000000535282732              |20220523|093619|010|675|0|30300079|130010009|130759128|1|20220523|092339|8002541|20220523|094424|8001488|1|1250|0|      |20220523|20220523|0603|2022-06-03 07:03:19
484913|0000000539967902              |20220523|083625|010|675|0|30300064|130010015|130759642|1|20220523|083343|8002651|20220523|085442|8002628|1|1250|0|      |20220523|20220523|0603|2022-06-03 07:03:19
484915|0000000520349496              |20220523|081958|025|675|0|30300075|130010005|130759226|1|20220523|064801|8001352|20220523|082401|8001348|1|1250|0|      |20220523|20220523|0603|2022-06-03 07:03:19
484917|0000000544079534              |20220523|092026|022|675|0|30300055|130010014|130753267|1|20220523|084349|8001444|20220523|093143|8001412|1|1250|0|      |20220523|20220523|0603|2022-06-03 07:03:19
484919|0000000303117462              |20220523|095655|002|674|0|30300002|130010007|130759312|1|20220523|093335|8002131|20220523|101117|8002093|1|1250|0|      |20220523|20220523|0603|2022-06-03 07:03:19
484921|0000000131050918              |20220523|100546|015|675|0|30300055|130010014|130753238|1|20220523|094442|8002686|20220523|102633|8002627|1|1250|0|      |20220523|20220523|0603|2022-06-03 07:03:19
484923|0000000536243413              |20220523|112037|030|675|0|30300045|130010006|130752043|1|20220523|055920|8002965|20220523|112245|8001279|1|1250|0|      |20220523|20220523|0603|2022-06-03 07:03:19
484925|0000000124961448              |20220523|101802|004|676|0|30300090|130010005|130759260|1|20220523|083818|8002412|20220523|103901|8002468|1|1250|0|      |20220523|20220523|0603|2022-06-03 07:03:19
484927|0000000545632167              |20220523|115454|013|676|0|30300087|130010015|130759621|4|20220523|112953|8003011|20220523|120923|8002969|1|750|0|      |20220523|20220523|0603|2022-06-03 07:03:19
484929|0000000525729995              |20220523|193329|020|676|0|30300040|130010013|130759804|1|20220523|170615|8002954|20220523|194236|8001056|1|1250|0|      |20220523|20220523|0603|2022-06-03 07:03:19
481667|0000000533462855              |20220523|155622|011|675|0|30300067|130010001|130759481|4|20220523|150931|8002630|20220523|161044|8001251|1|750|0|      |20220523|20220523|0603|2022-06-03 07:03:19
481669|0000000171754988              |20220523|164408|015|674|0|30300002|130010007|130759333|1|20220523|155105|8001430|20220523|171839|8001964|1|1250|0|      |20220523|20220523|0603|2022-06-03 07:03:19
481671|0000000521619428              |20220523|161847|023|675|0|30300055|130010014|130753218|4|20220523|152420|8001349|20220523|163410|8001499|1|750|0|      |20220523|20220523|0603|2022-06-03 07:03:19
481673|0000000536635325              |20220523|174028|010|676|0|30300089|130010011|130759574|1|20220523|155656|8001990|20220523|174629|8001420|1|1250|0|      |20220523|20220523|0603|2022-06-03 07:03:19
481675|0000000134958430              |20220523|055324|017|674|0|30300002|130010007|130759337|1|20220523|054331|8001418|20220523|060134|8002881|1|1250|0|      |20220523|20220523|0603|2022-06-03 07:03:19
481677|0000000529071097              |20220523|074009|008|676|0|30300036|130010011|130759537|1|20220523|070610|8001380|20220523|075238|8003032|1|1250|0|      |20220523|20220523|0603|2022-06-03 07:03:19
481679|0000000545795012              |20220523|083321|021|680|0|30300099|130010009|130759162|1|20220523|082519|8001336|20220523|085904|8002847|1|1250|0|      |20220523|20220523|0603|2022-06-03 07:03:19
482032|0000000543101579              |20220523|091034|014|679|0|30300063|130010001|130759487|1|20220523|053054|8001358|20220523|093656|8001872|1|1250|0|      |20220523|20220523|0603|2022-06-03 07:03:19
482034|0000000546600452              |20220523|110742|012|676|0|30300087|130010008|130752151|1|20220523|102339|8002969|20220523|111157|8002159|1|1250|0|      |20220523|20220523|0603|2022-06-03 07:03:19
482036|0000000531197791              |20220523|094124|018|676|0|30300054|130010007|130759381|1|20220523|083848|8001763|20220523|095409|8001828|1|1250|0|      |20220523|20220523|0603|2022-06-03 07:03:19
482038|0000000177620212              |20220523|112501|024|675|0|30300050|130010007|130759369|1|20220523|102122|8002054|20220523|113010|8001299|1|1250|0|      |20220523|20220523|0603|2022-06-03 07:03:19
482040|0000000091791864              |20220523|124715|022|675|0|30300049|130010004|130752289|1|20220523|115312|8001730|20220523|125558|8001492|1|1250|0|      |20220523|20220523|0603|2022-06-03 07:03:19
482042|0000000540234042              |20220523|133259|004|675|0|30300095|130010005|130759229|1|20220523|125508|8001261|20220523|134207|8001237|1|1250|0|      |20220523|20220523|0603|2022-06-03 07:03:19
482044|0000000516891691              |20220523|125146|012|682|0|30300030|130010014|130753612|1|20220523|123755|8002226|20220523|134118|8001412|1|1250|0|      |20220523|20220523|0603|2022-06-03 07:03:19
482046|0000000521766436              |20220523|132013|013|675|0|30300127|130010004|130752602|1|20220523|125722|8007283|20220523|132940|8001029|1|1250|0|      |20220523|20220523|0603|2022-06-03 07:03:19
482048|0000000521006615              |20220523|133236|009|676|0|30300041|130010012|130753326|4|20220523|130720|8001096|20220523|133933|8002636|1|750|0|      |20220523|20220523|0603|2022-06-03 07:03:19
482050|0000000513780558              |20220523|163947|018|674|0|30300002|130010007|130759334|1|20220523|161125|8001241|20220523|173550|8001789|1|1250|0|      |20220523|20220523|0603|2022-06-03 07:03:19
482052|0000000527061080              |20220523|171650|013|675|0|30300058|130010004|130752295|4|20220523|134722|8005914|20220523|172610|8005640|1|750|0|      |20220523|20220523|0603|2022-06-03 07:03:19
482054|0000000544793941              |20220523|171913|001|674|0|30300100|130010002|130752393|1|20220523|171603|8001946|20220523|175421|8002603|1|1250|0|      |20220523|20220523|0603|2022-06-03 07:03:19
482056|0000000510504286              |20220523|170256|022|675|0|30300067|130010001|130759701|4|20220523|163811|8002446|20220523|190953|8002437|1|750|0|      |20220523|20220523|0603|2022-06-03 07:03:19
484801|0000000783147813              |20220523|154919|014|676|0|30300051|130010008|130752116|1|20220523|144807|8002437|20220523|160347|8001097|1|1250|0|      |20220523|20220523|0603|2022-06-03 07:03:19
484803|0000000789322370              |20220523|162916|016|676|0|30300037|130010006|130752002|1|20220523|161612|8002635|20220523|163402|8001349|1|1250|0|      |20220523|20220523|0603|2022-06-03 07:03:19
484805|0000000400180248              |20220523|161536|027|675|0|30300055|130010014|130753259|1|20220523|153854|8002346|20220523|162735|8002156|1|1250|0|      |20220523|20220523|0603|2022-06-03 07:03:19
484807|0000000400127298              |20220523|164609|028|676|0|30300037|130010006|130752027|1|20220523|160411|8002100|20220523|165426|8002558|1|1250|0|      |20220523|20220523|0603|2022-06-03 07:03:19
484809|0000000697933473              |20220523|164754|021|675|0|30300055|130010014|130753210|1|20220523|144920|8001667|20220523|170815|8002627|1|1250|0|      |20220523|20220523|0603|2022-06-03 07:03:19
484811|0000000487616816              |20220523|171002|008|675|1|30300055|130010014|130753260|1|20220523|155811|8001929|20220523|172305|8002926|1|0|0|      |20220523|20220523|0603|2022-06-03 07:03:19
484813|0000000699192236              |20220523|175148|018|676|1|30300051|130010008|130752122|1|20220523|173453|8001420|20220523|175421|8002454|1|0|0|      |20220523|20220523|0603|2022-06-03 07:03:19
484815|0000000790957169              |20220523|173939|024|675|0|30300055|130010014|130753512|1|20220523|170321|8001403|20220523|175455|8002357|1|1250|0|      |20220523|20220523|0603|2022-06-03 07:03:19
484817|0000000186381076              |20220523|174858|020|676|0|30300037|130010006|130752011|1|20220523|124019|8002310|20220523|175845|8001037|1|1250|0|      |20220523|20220523|0603|2022-06-03 07:03:19
484819|0000000781253286              |20220523|173819|021|676|0|30300037|130010006|130752005|1|20220523|163526|8001035|20220523|175214|8002358|1|1250|0|      |20220523|20220523|0603|2022-06-03 07:03:19
484821|0000000695101542              |20220523|172559|024|674|0|30300002|130010007|130759318|1|20220523|171836|8001178|20220523|175155|8002131|1|1250|0|      |20220523|20220523|0603|2022-06-03 07:03:19
484823|0000000699192236              |20220523|180759|018|674|2|30300002|130010007|130759314|1|20220523|165250|8005994|20220523|182143|8002981|1|0|0|      |20220523|20220523|0603|2022-06-03 07:03:19
484825|0000000694244414              |20220523|114348|022|676|0|30300054|130010007|130759347|1|20220523|113226|8002708|20220523|120442|8002814|1|1250|0|      |20220523|20220523|0603|2022-06-03 07:03:19
484827|0000000536841350              |20220523|162051|008|676|0|30300071|130010009|130759174|1|20220523|155406|8001989|20220523|162435|8001078|1|1250|0|      |20220523|20220523|0603|2022-06-03 07:03:19
484856|0000000544805866              |20220523|143955|007|674|0|30300100|130010002|130752360|4|20220523|142154|8002107|20220523|144519|8001029|1|750|0|      |20220523|20220523|0603|2022-06-03 07:03:19
484858|0000000102201690              |20220523|130735|002|675|0|30300058|130010004|130752263|1|20220523|124152|8007270|20220523|131303|8001528|1|1250|0|      |20220523|20220523|0603|2022-06-03 07:03:19
484860|0000000093649476              |20220523|143146|001|675|0|30300066|130010015|130759682|1|20220523|134811|8001963|20220523|145010|8001929|1|1250|0|      |20220523|20220523|0603|2022-06-03 07:03:19
487797|0000000545788311              |20220523|175234|017|675|0|30300082|130010001|130759413|4|20220523|151110|8005562|20220523|181558|8002441|2|1500|0|      |20220523|20220523|0603|2022-06-03 07:03:35
488831|0000000400209429              |20220523|134053|010|675|0|30300053|130010002|130752387|1|20220523|132905|8001587|20220523|140844|8001028|1|1250|0|      |20220523|20220523|0603|2022-06-03 07:03:35
488833|0000000697562355              |20220523|134802|018|675|1|30300067|130010001|130759777|1|20220523|125442|8002635|20220523|140133|8001041|1|0|0|      |20220523|20220523|0603|2022-06-03 07:03:35
488835|0000000698363427              |20220523|135639|007|675|0|30300060|130010014|130753507|1|20220523|125404|8001587|20220523|142932|8070007|1|1250|0|      |20220523|20220523|0603|2022-06-03 07:03:35
488837|0000000788213821              |20220523|143158|004|676|1|30300087|130010015|130759610|1|20220523|132336|8001587|20220523|143450|8002276|1|0|0|      |20220523|20220523|0603|2022-06-03 07:03:35
488839|0000000400096525              |20220523|144529|015|675|0|30300059|130010004|130752256|1|20220523|143216|8001587|20220523|145344|8001928|1|1250|0|      |20220523|20220523|0603|2022-06-03 07:03:35
488841|0000000684846469              |20220523|151431|020|676|1|30300087|130010008|130752159|1|20220523|140545|8001587|20220523|153909|8007444|1|0|0|      |20220523|20220523|0603|2022-06-03 07:03:35
488843|0000000784509934              |20220523|155355|005|675|0|30300060|130010014|130753230|1|20220523|145048|8001587|20220523|160709|8001717|1|1250|0|      |20220523|20220523|0603|2022-06-03 07:03:35
488845|0000000400099933              |20220523|162011|030|676|0|30300069|130010001|130759411|1|20220523|155139|8001587|20220523|165043|8002102|1|1250|0|      |20220523|20220523|0603|2022-06-03 07:03:35
488847|0000000699404206              |20220523|161209|015|675|1|30300064|130010015|130759625|1|20220523|155340|8002635|20220523|164202|8001834|1|0|0|      |20220523|20220523|0603|2022-06-03 07:03:35
488849|0000000488012852              |20220523|172345|018|675|0|30300062|130010008|130752705|1|20220523|153608|8001587|20220523|174403|8001855|1|1250|0|      |20220523|20220523|0603|2022-06-03 07:03:35
488851|0000000685819728              |20220523|122314|008|676|0|30300089|130010011|130759516|1|20220523|110245|8001922|20220523|125600|8001420|1|1250|0|      |20220523|20220523|0603|2022-06-03 07:03:35
488853|0000000793647135              |20220523|110105|018|676|0|30300087|130010008|130752160|1|20220523|095601|8001587|20220523|110604|8001238|1|1250|0|      |20220523|20220523|0603|2022-06-03 07:03:35
488855|0000000400175123              |20220523|095121|013|676|1|30300087|130010015|130759636|1|20220523|083559|8001587|20220523|100626|8001494|1|0|0|      |20220523|20220523|0603|2022-06-03 07:03:35
489262|0000000785127888              |20220523|180044|028|675|0|30300076|130010014|130753232|1|20220523|172901|8002388|20220523|180809|8001934|1|1250|0|      |20220523|20220523|0603|2022-06-03 07:03:35
489264|0000000400173788              |20220523|115038|002|676|0|30300090|130010005|130759201|1|20220523|102627|8007553|20220523|115952|8002412|1|1250|0|      |20220523|20220523|0603|2022-06-03 07:03:35
489266|0000000789012669              |20220523|125059|006|676|0|30300040|130010013|130759822|1|20220523|111523|8001400|20220523|125853|8001096|1|1250|0|      |20220523|20220523|0603|2022-06-03 07:03:35
489268|0000000688717370              |20220523|130811|012|676|0|30300087|130010008|130752123|1|20220523|105857|8001731|20220523|131722|8002279|1|1250|0|      |20220523|20220523|0603|2022-06-03 07:03:35
489270|0000000697982213              |20220523|224534|005|675|0|30300045|130010006|130752029|1|20220523|223512|8070046|20220523|230128|8002412|1|1250|0|      |20220523|20220523|0603|2022-06-03 07:03:35
489272|0000000788815374              |20220523|104450|024|675|0|30300055|130010014|130753261|1|20220523|103236|8002764|20220523|110040|8001934|1|1250|0|      |20220523|20220523|0603|2022-06-03 07:03:35
489274|0000001110251946              |20220523|102537|006|674|1|30300002|130010007|130759322|1|20220523|102041|8001178|20220523|111522|8001096|1|0|0|      |20220523|20220523|0603|2022-06-03 07:03:35
489276|0000000694508855              |20220523|110909|024|675|2|30300049|130010004|130752240|1|20220523|100841|8001494|20220523|111650|8001934|1|0|0|      |20220523|20220523|0603|2022-06-03 07:03:35
489278|0000000400208860              |20220523|094004|011|676|0|30300040|130010013|130759813|1|20220523|081132|8001891|20220523|095847|8001096|1|1250|0|      |20220523|20220523|0603|2022-06-03 07:03:35
489280|0000000792786876              |20220523|183305|006|676|0|30300037|130010006|130759004|1|20220523|181721|8002340|20220523|184803|8001096|1|1250|0|      |20220523|20220523|0603|2022-06-03 07:03:35
489282|0000000695496127              |20220523|072125|010|675|0|30300077|130010006|130759022|1|20220523|071137|8001197|20220523|073919|8001927|1|1250|0|      |20220523|20220523|0603|2022-06-03 07:03:35
489284|0000000696367311              |20220523|142838|022|675|0|30300055|130010014|130753218|1|20220523|134537|8002339|20220523|145309|8001929|1|1250|0|      |20220523|20220523|0603|2022-06-03 07:03:35
489286|0000000400164487              |20220523|205528|006|675|1|30300077|130010006|130759022|1|20220523|135408|8001994|20220523|210923|8001929|1|0|0|      |20220523|20220523|0603|2022-06-03 07:03:35
489288|0000000697993831              |20220523|155332|018|676|1|30300130|130010008|130752138|1|20220523|151114|8002454|20220523|160252|8001929|1|0|0|      |20220523|20220523|0603|2022-06-03 07:03:35
489695|0000000542293327              |20220523|224814|004|675|0|30300045|130010006|130752029|1|20220523|223512|8001877|20220523|232404|8001735|1|1250|0|      |20220523|20220523|0603|2022-06-03 07:03:35
489697|0000000515981876              |20220523|201103|006|674|0|30300100|130010002|130752360|1|20220523|190610|8001929|20220523|203335|8002352|1|1250|0|      |20220523|20220523|0603|2022-06-03 07:03:35
489699|0000000298675087              |20220523|210759|004|675|0|30300055|130010014|130753268|1|20220523|125555|8001529|20220523|212903|8001663|1|1250|0|      |20220523|20220523|0603|2022-06-03 07:03:35
489701|0000000543689407              |20220523|130810|001|676|0|30300051|130010008|130752101|1|20220523|130300|8001096|20220523|132822|8001929|1|1250|0|      |20220523|20220523|0603|2022-06-03 07:03:35
489703|0000000538852059              |20220523|134533|001|676|0|30300051|130010008|130752100|1|20220523|134001|8001096|20220523|135200|8001876|1|1250|0|      |20220523|20220523|0603|2022-06-03 07:03:35
489705|0000000292624754              |20220523|160936|001|676|0|30300051|130010008|130752124|1|20220523|160402|8001096|20220523|161400|8001994|1|1250|0|      |20220523|20220523|0603|2022-06-03 07:03:35
489707|0000000542743134              |20220523|155624|003|676|0|30300089|130010011|130759573|1|20220523|144810|8007549|20220523|155919|8001922|1|1250|0|      |20220523|20220523|0603|2022-06-03 07:03:35
489709|0000000535369366              |20220523|163148|012|676|0|30300089|130010011|130759504|4|20220523|142237|8001418|20220523|173031|8001555|1|750|0|      |20220523|20220523|0603|2022-06-03 07:03:35
489711|0000000129156585              |20220523|181959|012|676|0|30300051|130010008|130752128|1|20220523|181003|8001096|20220523|182634|8001994|1|1250|0|      |20220523|20220523|0603|2022-06-03 07:03:35
495891|0000000684770475              |20220523|134728|005|676|2|30300090|130010005|130759209|1|20220523|114802|8001074|20220523|135107|8002953|1|0|0|      |20220523|20220523|0603|2022-06-03 07:03:37
495893|0000000697388282              |20220523|210321|005|676|0|30300090|130010005|130759219|1|20220523|192339|8070027|20220523|211432|8002538|1|1250|0|      |20220523|20220523|0603|2022-06-03 07:03:37
495895|0000000400173328              |20220523|161309|026|676|1|30300071|130010009|130759102|1|20220523|151905|8001380|20220523|162021|8002556|1|0|0|      |20220523|20220523|0603|2022-06-03 07:03:37
495897|0000000785758498              |20220523|170407|014|676|0|30300090|130010005|130759225|1|20220523|162721|8002954|20220523|170831|8001380|1|1250|0|      |20220523|20220523|0603|2022-06-03 07:03:37
495899|0000000787162100              |20220523|173446|001|675|0|30300077|130010006|130752017|1|20220523|172243|8001400|20220523|173922|8001228|1|1250|0|      |20220523|20220523|0603|2022-06-03 07:03:37
495901|0000000400200172              |20220523|175940|023|675|1|30300077|130010006|130759022|1|20220523|135408|8001528|20220523|182110|8002433|1|0|0|      |20220523|20220523|0603|2022-06-03 07:03:37
495903|0000000696133903              |20220523|214042|007|676|0|30300090|130010005|130759207|1|20220523|200045|8002997|20220523|214959|8001287|1|1250|0|      |20220523|20220523|0603|2022-06-03 07:03:37
495905|0000000695381006              |20220523|100801|021|676|0|30300090|130010005|130759260|1|20220523|083818|8001641|20220523|101452|8070027|1|1250|0|      |20220523|20220523|0603|2022-06-03 07:03:37
495907|0000000488269476              |20220523|102332|027|676|0|30300090|130010005|130759206|1|20220523|055800|8002869|20220523|104116|8002611|1|1250|0|      |20220523|20220523|0603|2022-06-03 07:03:37
496314|0000000544013477              |20220523|224152|010|676|0|30300043|130010015|130759602|4|20220523|151939|8001628|20220523|224942|8003008|1|750|0|      |20220523|20220523|0603|2022-06-03 07:03:37
496316|0000000542130326              |20220523|200749|001|674|0|30300002|130010007|130759304|1|20220523|194033|8002133|20220523|201906|8002093|1|1250|0|      |20220523|20220523|0603|2022-06-03 07:03:37
496318|0000000510442797              |20220523|210820|026|676|0|30300087|130010015|130759621|4|20220523|194951|8002545|20220523|211410|8007445|1|750|0|      |20220523|20220523|0603|2022-06-03 07:03:37
496320|0000000541309058              |20220523|202738|023|675|0|30300047|130010001|130759705|1|20220523|200902|8005993|20220523|204433|8001025|1|1250|0|      |20220523|20220523|0603|2022-06-03 07:03:37
496322|0000000302120761              |20220523|140532|028|676|0|30300069|130010001|130759405|1|20220523|133042|8002761|20220523|140800|8002279|1|1250|0|      |20220523|20220523|0603|2022-06-03 07:03:37
496324|0000000509547190              |20220523|123004|001|675|0|30300055|130010014|130753206|1|20220523|115115|8001414|20220523|124122|8001548|1|1250|0|      |20220523|20220523|0603|2022-06-03 07:03:37
496326|0000000533844672              |20220523|135829|024|675|0|30300058|130010004|130752292|1|20220523|125306|8001086|20220523|140914|8001553|1|1250|0|      |20220523|20220523|0603|2022-06-03 07:03:37
496328|0000000316670968              |20220523|124719|005|675|0|30300077|130010006|130759013|1|20220523|121543|8001492|20220523|132324|8001611|1|1250|0|      |20220523|20220523|0603|2022-06-03 07:03:37
496330|0000000301549932              |20220523|150845|022|674|0|30300002|130010007|130759310|1|20220523|135742|8002134|20220523|153159|8001793|1|1250|0|      |20220523|20220523|0603|2022-06-03 07:03:37
496332|0000000176326805              |20220523|152815|026|678|0|30300074|130110001|130745022|1|20220519|061641|8001412|20220523|153724|8007221|1|1250|0|      |20220523|20220523|0603|2022-06-03 07:03:37
496334|0000000131051114              |20220523|153346|003|675|0|30300081|130010011|130759582|1|20220523|150437|8002100|20220523|154613|8002969|1|1250|0|      |20220523|20220523|0603|2022-06-03 07:03:37
496336|0000000536545235              |20220523|154830|029|676|0|30300070|130010004|130752603|1|20220523|150100|8002796|20220523|162845|8002301|1|1250|0|      |20220523|20220523|0603|2022-06-03 07:03:37
496338|0000000110216731              |20220523|172421|021|676|0|30300087|130010015|130759679|1|20220523|164317|8002100|20220523|173055|8001232|1|1250|0|      |20220523|20220523|0603|2022-06-03 07:03:37
496340|0000000316674001              |20220523|170131|031|680|0|30300052|130010006|130752019|1|20220523|164610|8001415|20220523|172326|8001715|1|1250|0|      |20220523|20220523|0603|2022-06-03 07:03:37
496747|0000000546524483              |20220523|170818|004|675|0|30300108|130010007|130759356|1|20220523|163144|8002941|20220523|171140|8002721|1|1250|0|      |20220523|20220523|0603|2022-06-03 07:03:37
496749|0000000271165089              |20220523|182221|015|676|0|30300041|130010012|130753332|4|20220523|154717|8002850|20220523|183010|8002721|1|750|0|      |20220523|20220523|0603|2022-06-03 07:03:37
496751|0000000509412401              |20220523|192139|014|675|0|30300081|130010011|130759508|4|20220523|132032|8002452|20220523|193319|8002753|1|750|0|      |20220523|20220523|0603|2022-06-03 07:03:37
496753|0000000540003592              |20220523|185136|020|676|0|30300037|130010006|130752014|1|20220523|184003|8002340|20220523|192605|8002558|1|1250|0|      |20220523|20220523|0603|2022-06-03 07:03:37
496755|0000000522265217              |20220523|185243|007|675|0|30300050|130010007|130759309|4|20220523|184106|8002535|20220523|192532|8002410|1|750|0|      |20220523|20220523|0603|2022-06-03 07:03:37
496757|0000000547145842              |20220523|193218|018|676|0|30300070|130010004|130752604|1|20220523|192632|8003101|20220523|195341|8001941|1|1250|0|      |20220523|20220523|0603|2022-06-03 07:03:37
496759|0000000313669816              |20220523|071334|019|676|0|30300043|130010015|130759603|1|20220523|062338|8001991|20220523|075124|8005921|1|1250|0|      |20220523|20220523|0603|2022-06-03 07:03:37
496761|0000000545523971              |20220523|075637|014|676|0|30300070|130010004|130752254|2|20220523|071402|8001938|20220523|080435|8002983|1|350|0|      |20220523|20220523|0603|2022-06-03 07:03:37
496763|0000000538088122              |20220523|085844|012|675|0|30300058|130010004|130752222|4|20220523|075133|8002904|20220523|090216|8002946|1|750|0|      |20220523|20220523|0603|2022-06-03 07:03:37
496765|0000000266321197              |20220523|083945|023|679|0|30300063|130010001|130759406|1|20220523|083437|8002950|20220523|091446|8002457|1|1250|0|      |20220523|20220523|0603|2022-06-03 07:03:37
496767|0000000531541524              |20220523|095130|030|676|0|30300043|130010015|130759632|4|20220523|083931|8001575|20220523|100956|8005590|1|750|0|      |20220523|20220523|0603|2022-06-03 07:03:37
496769|0000000544754209              |20220523|095148|005|676|0|30300130|130010008|130752139|4|20220523|093722|8002821|20220523|100219|8002341|1|750|0|      |20220523|20220523|0603|2022-06-03 07:03:37
496771|0000000514079948              |20220523|073416|025|679|0|30300063|130010001|130759719|1|20220523|072005|8002309|20220523|083047|8002698|1|1250|0|      |20220523|20220523|0603|2022-06-03 07:03:37
497178|0000000742945318              |20220523|072125|018|675|2|30300077|130010006|130752034|1|20220523|064306|8001875|20220523|073114|8002433|1|0|0|      |20220523|20220523|0603|2022-06-03 07:03:37
412114|0000000693847680              |20220523|171703|027|676|0|30300131|130010008|130752716|1|20220523|170703|8007396|20220523|174453|8002160|1|1250|0|      |20220523|20220523|0603|2022-06-03 07:03:18
412116|0000000786670774              |20220523|173553|007|676|0|30300131|130010008|130752723|1|20220523|121629|8001117|20220523|174502|8007397|1|1250|0|      |20220523|20220523|0603|2022-06-03 07:03:18
412118|0000000400169801              |20220523|121130|029|676|0|30300073|130010009|130759183|1|20220523|112437|8001913|20220523|123426|8002111|1|1250|0|      |20220523|20220523|0603|2022-06-03 07:03:18
412525|0000000186140844              |20220523|195548|013|675|1|30300079|130010009|130759138|1|20220523|150134|8001538|20220523|202028|8001996|1|0|0|      |20220523|20220523|0603|2022-06-03 07:03:18
412527|0000000400205793              |20220523|203335|006|675|0|30300049|130010004|130752289|1|20220523|193658|8001494|20220523|204909|8002696|1|1250|0|      |20220523|20220523|0603|2022-06-03 07:03:18
412529|0000000488870170              |20220523|210449|016|676|0|30300089|130010011|130759531|1|20220523|141727|8001922|20220523|211021|8002468|1|1250|0|      |20220523|20220523|0603|2022-06-03 07:03:18
412531|0000000402941372              |20220523|204031|025|676|0|30300089|130010011|130759577|1|20220523|151628|8001310|20220523|212842|8002468|1|1250|0|      |20220523|20220523|0603|2022-06-03 07:03:18
412533|0000000698352287              |20220523|151305|027|676|0|30300041|130010012|130753380|1|20220523|150433|8005990|20220523|161957|8001499|1|1250|0|      |20220523|20220523|0603|2022-06-03 07:03:18
412535|0000000694255157              |20220523|163629|021|676|0|30300041|130010012|130753377|1|20220523|163435|8070030|20220523|170126|8007325|1|1250|0|      |20220523|20220523|0603|2022-06-03 07:03:18
412537|0000000788046577              |20220523|170343|030|676|0|30300089|130010011|130759504|1|20220523|142237|8002556|20220523|171713|8002208|1|1250|0|      |20220523|20220523|0603|2022-06-03 07:03:18
412539|0000000785180589              |20220523|173903|006|676|0|30300041|130010012|130753304|1|20220523|152630|8002087|20220523|175557|8002850|1|1250|0|      |20220523|20220523|0603|2022-06-03 07:03:18
412541|0000000789288266              |20220523|171511|009|676|0|30300089|130010011|130759527|1|20220523|095627|8002087|20220523|174603|8002537|1|1250|0|      |20220523|20220523|0603|2022-06-03 07:03:18
412543|0000001118240744              |20220523|173716|029|676|0|30300041|130010012|130753310|1|20220523|173429|8070030|20220523|181050|8001570|1|1250|0|      |20220523|20220523|0603|2022-06-03 07:03:18
412545|0000000699478960              |20220523|175445|006|674|0|30300100|130010002|130752508|1|20220523|174403|8001529|20220523|182752|8001083|1|1250|0|      |20220523|20220523|0603|2022-06-03 07:03:18
412547|0000000789383242              |20220523|181227|027|676|0|30300041|130010012|130753321|1|20220523|172645|8070030|20220523|183811|8002538|1|1250|0|      |20220523|20220523|0603|2022-06-03 07:03:18
412549|0000001110207213              |20220523|130706|003|676|0|30300041|130010012|130753312|1|20220523|103708|8001296|20220523|131903|8007556|1|1250|0|      |20220523|20220523|0603|2022-06-03 07:03:18
412956|0000000908947498              |20220523|214232|003|675|0|30300046|130010002|130752342|1|20220523|210822|8070012|20220523|215355|8002412|1|1250|0|      |20220523|20220523|0603|2022-06-03 07:03:18
412958|0000000712021115              |20220523|101400|011|675|0|30300064|130010015|130759683|1|20220523|093910|8001047|20220523|101752|8001094|1|1250|0|      |20220523|20220523|0603|2022-06-03 07:03:18
412960|0000000755645352              |20220523|103300|028|675|0|30300061|130010015|130759617|1|20220523|093855|8005646|20220523|103911|8001112|1|1250|0|      |20220523|20220523|0603|2022-06-03 07:03:18
412962|0000000721196433              |20220523|112548|031|675|0|30300067|130010001|130759735|1|20220523|090014|8002648|20220523|113651|8002437|1|1250|0|      |20220523|20220523|0603|2022-06-03 07:03:18
412964|0000000750997072              |20220523|115149|025|675|0|30300082|130010001|130759770|1|20220523|094214|8001411|20220523|121300|8002441|1|1250|0|      |20220523|20220523|0603|2022-06-03 07:03:18
412966|0000000903467654              |20220523|084519|002|675|0|30300091|130010013|130759816|1|20220523|075523|8002616|20220523|084744|8002613|1|1250|0|      |20220523|20220523|0603|2022-06-03 07:03:18
412968|0000000771348335              |20220523|090316|003|675|0|30300077|130010006|130759013|1|20220523|080706|8002580|20220523|091813|8001059|1|1250|0|      |20220523|20220523|0603|2022-06-03 07:03:18
412970|0000000904691739              |20220523|091145|014|674|0|30300104|130010002|130752343|1|20220523|084205|8005997|20220523|092731|8002453|1|1250|0|      |20220523|20220523|0603|2022-06-03 07:03:18
412972|0000000771755890              |20220523|101013|008|677|0|30300129|130010009|130759126|1|20220523|092302|8007362|20220523|102925|8002737|1|1250|0|      |20220523|20220523|0603|2022-06-03 07:03:18
412974|0000000772578903              |20220523|185621|016|676|0|30300051|130010008|130752119|1|20220523|174348|8003022|20220523|185750|8001097|1|1250|0|      |20220523|20220523|0603|2022-06-03 07:03:18
412976|0000000732070019              |20220523|182218|023|676|0|30300071|130010009|130759150|1|20220523|173429|8001624|20220523|184544|8001567|1|1250|0|      |20220523|20220523|0603|2022-06-03 07:03:18
412978|0000000771096593              |20220523|184507|026|675|0|30300056|130010012|130753373|1|20220523|174703|8001426|20220523|184932|8003032|1|1250|0|      |20220523|20220523|0603|2022-06-03 07:03:18
412980|0000000910131190              |20220523|191345|020|676|0|30300089|130010011|130759521|1|20220523|133150|8001556|20220523|192721|8002532|1|1250|0|      |20220523|20220523|0603|2022-06-03 07:03:18
412982|0000000751046957              |20220523|144624|015|676|0|30300040|130010013|130759802|1|20220523|135856|8007278|20220523|144926|8002241|1|1250|0|      |20220523|20220523|0603|2022-06-03 07:03:18
413389|0000000657597090              |20220523|075902|023|675|0|30300082|130010001|130759485|1|20220523|072432|8005646|20220523|083603|8002450|1|1250|0|      |20220523|20220523|0603|2022-06-03 07:03:18
413391|0000000743600174              |20220523|080457|011|675|0|30300049|130010004|130752264|1|20220523|070143|8001714|20220523|081053|8001934|1|1250|0|      |20220523|20220523|0603|2022-06-03 07:03:18
413393|0000000900501696              |20220523|082542|016|675|0|30300091|130010013|130759876|1|20220523|062820|8001515|20220523|084426|8003082|1|1250|0|      |20220523|20220523|0603|2022-06-03 07:03:18
413395|0000000712021115              |20220523|091443|010|675|0|30300065|130010004|130752269|1|20220523|090007|8001095|20220523|091845|8005874|1|1250|0|      |20220523|20220523|0603|2022-06-03 07:03:18
413397|0000000921644227              |20220523|095157|018|674|0|30300002|130010007|130759306|1|20220523|090009|8001721|20220523|101240|8005994|1|1250|0|      |20220523|20220523|0603|2022-06-03 07:03:18
413399|0000000649759627              |20220523|174848|031|675|0|30300056|130010012|130753374|1|20220523|172648|8001491|20220523|184134|8007486|1|1250|0|      |20220523|20220523|0603|2022-06-03 07:03:18
413401|0000000768141395              |20220523|181610|013|676|0|30300073|130010009|130759185|1|20220523|175329|8001417|20220523|183150|8002245|1|1250|0|      |20220523|20220523|0603|2022-06-03 07:03:18
435632|0000000789448895              |20220523|123618|028|676|0|30300043|130010015|130759677|1|20220523|121316|8002254|20220523|130200|8001404|1|1250|0|      |20220523|20220523|0603|2022-06-03 07:03:18
435634|0000000697636207              |20220523|132749|008|674|1|30300002|130010007|130759325|1|20220523|121237|8001631|20220523|133447|8001283|1|0|0|      |20220523|20220523|0603|2022-06-03 07:03:18
435636|0000000788948752              |20220523|102503|013|674|0|30300002|130010007|130759338|1|20220523|101744|8002980|20220523|103405|8002251|1|1250|0|      |20220523|20220523|0603|2022-06-03 07:03:18
435638|0000000784513145              |20220523|121040|015|676|0|30300054|130010007|130759376|1|20220523|111811|8001368|20220523|122211|8002707|1|1250|0|      |20220523|20220523|0603|2022-06-03 07:03:18
435640|0000001110222307              |20220523|092150|014|676|0|30300054|130010007|130759354|1|20220523|053627|8002708|20220523|093209|8002831|1|1250|0|      |20220523|20220523|0603|2022-06-03 07:03:18
435642|0000000789406041              |20220523|090014|013|676|0|30300054|130010007|130759352|1|20220523|083518|8001645|20220523|093822|8001555|1|1250|0|      |20220523|20220523|0603|2022-06-03 07:03:18
435644|0000001118467009              |20220523|185021|007|676|0|30300054|130010007|130759340|1|20220523|182004|8001261|20220523|185625|8001089|1|1250|0|      |20220523|20220523|0603|2022-06-03 07:03:18
435646|0000000488276970              |20220523|135502|028|676|0|30300041|130010012|130753309|1|20220523|122204|8002994|20220523|140955|8001499|1|1250|0|      |20220523|20220523|0603|2022-06-03 07:03:18
436485|0000000789010645              |20220523|115811|014|675|1|30300055|130010014|130753206|1|20220523|115115|8001827|20220523|123113|8002635|1|0|0|      |20220523|20220523|0603|2022-06-03 07:03:18
436487|0000000699137605              |20220523|084422|021|680|0|30300052|130010006|130752056|1|20220523|081635|8001935|20220523|090604|8001584|1|1250|0|      |20220523|20220523|0603|2022-06-03 07:03:18
436489|0000000796436858              |20220523|184549|002|676|1|30300054|130010007|130759387|1|20220523|175946|8001567|20220523|184829|8002556|1|0|0|      |20220523|20220523|0603|2022-06-03 07:03:18
436491|0000000697630462              |20220523|184319|004|675|0|30300094|130010014|130753607|1|20220523|183717|8007549|20220523|191319|8005558|1|1250|0|      |20220523|20220523|0603|2022-06-03 07:03:18
436493|0000000698370551              |20220523|192410|007|683|0|30300016|130010004|130752296|1|20220523|184049|8001828|20220523|194218|8005183|1|1250|350|      |20220523|20220523|0603|2022-06-03 07:03:18
436495|0000000699029452              |20220523|061726|006|674|1|30300100|130010002|130752506|1|20220523|045821|8001929|20220523|063414|8001158|1|0|0|      |20220523|20220523|0603|2022-06-03 07:03:18
436497|0000000786131317              |20220523|074434|024|675|0|30300079|130010009|130759134|1|20220523|061907|8002541|20220523|075149|8002544|1|1250|0|      |20220523|20220523|0603|2022-06-03 07:03:18
436499|0000000795067093              |20220523|143513|017|675|0|30300064|130010015|130759670|1|20220523|132225|8001980|20220523|144724|8001414|1|1250|0|      |20220523|20220523|0603|2022-06-03 07:03:18
436501|0000000698840144              |20220523|145435|006|675|0|30300108|130010007|130759317|4|20220523|141947|8002849|20220523|145832|8005619|2|1500|0|      |20220523|20220523|0603|2022-06-03 07:03:18
436503|0000000400204115              |20220523|152802|027|676|0|30300041|130010012|130753313|1|20220523|143846|8002702|20220523|154118|8002994|1|1250|0|      |20220523|20220523|0603|2022-06-03 07:03:18
436505|0000000694295008              |20220523|160436|013|675|0|30300050|130010007|130759342|1|20220523|154321|8003048|20220523|162419|8002403|1|1250|0|      |20220523|20220523|0603|2022-06-03 07:03:18
436507|0000000789044385              |20220523|170417|014|675|0|30300066|130010015|130759605|1|20220523|162717|8001461|20220523|171258|8002734|1|1250|0|      |20220523|20220523|0603|2022-06-03 07:03:18
436509|0000000684522211              |20220523|121539|002|680|1|30300052|130010006|130752025|1|20220523|053906|8002119|20220523|125321|8005158|1|0|250|      |20220523|20220523|0603|2022-06-03 07:03:18
436511|0000000400195439              |20220523|130235|031|676|0|30300051|130010008|130752116|1|20220523|112846|8002309|20220523|130939|8001415|1|1250|0|      |20220523|20220523|0603|2022-06-03 07:03:18
436567|0000000400142907              |20220523|134602|018|675|2|30300066|130010015|130759620|1|20220523|132601|8001927|20220523|135620|8001789|1|0|0|      |20220523|20220523|0603|2022-06-03 07:03:18
436569|0000000789237720              |20220523|145119|006|676|0|30300043|130010015|130759607|1|20220523|141602|8001747|20220523|145605|8002602|1|1250|0|      |20220523|20220523|0603|2022-06-03 07:03:18
436571|0000000796960421              |20220523|205859|002|675|0|30300064|130010015|130759623|1|20220523|140551|8001047|20220523|210826|8001832|1|1250|0|      |20220523|20220523|0603|2022-06-03 07:03:18
436573|0000000400187087              |20220523|145944|008|675|0|30300059|130010004|130752270|1|20220523|145839|8002468|20220523|150924|8001587|1|1250|0|      |20220523|20220523|0603|2022-06-03 07:03:18
436575|0000000789143912              |20220523|153856|030|674|1|30300002|130010007|130759312|1|20220523|145545|8001097|20220523|154332|8002881|1|0|0|      |20220523|20220523|0603|2022-06-03 07:03:18
436577|0000000796110155              |20220523|161441|023|675|1|30300053|130010002|130752378|1|20220523|161125|8002558|20220523|161805|8001078|1|0|0|      |20220523|20220523|0603|2022-06-03 07:03:18
436579|0000001118073048              |20220523|165517|011|676|0|30300041|130010012|130753326|1|20220523|163407|8001400|20220523|173116|8002159|1|1250|0|      |20220523|20220523|0603|2022-06-03 07:03:18
436581|0000000697318547              |20220523|172731|007|676|0|30300037|130010006|130759011|1|20220523|170346|8002635|20220523|173630|8002343|1|1250|0|      |20220523|20220523|0603|2022-06-03 07:03:18
436583|0000000400142907              |20220523|124943|018|676|0|30300038|130010014|130753506|1|20220523|061222|8003003|20220523|125915|8002973|1|1250|0|      |20220523|20220523|0603|2022-06-03 07:03:18
436585|0000000788060785              |20220523|130604|029|675|0|30300081|130010011|130759514|1|20220523|125650|8001984|20220523|133403|8002935|1|1250|0|      |20220523|20220523|0603|2022-06-03 07:03:18
436587|0000000400150344              |20220523|103855|025|676|0|30300086|130010013|130759809|1|20220523|090606|8002437|20220523|110259|8001536|1|1250|0|      |20220523|20220523|0603|2022-06-03 07:03:18
436589|0000000699041626              |20220523|113217|002|675|0|30300055|130010014|130753225|1|20220523|105424|8002339|20220523|113929|8001412|1|1250|0|      |20220523|20220523|0603|2022-06-03 07:03:18
436591|0000000695585006              |20220523|085320|007|675|0|30300049|130010004|130752237|1|20220523|074343|8002722|20220523|090220|8002415|1|1250|0|      |20220523|20220523|0603|2022-06-03 07:03:18
436647|0000000789159502              |20220523|154333|012|675|0|30300108|130010007|130759356|1|20220523|152225|8002141|20220523|155825|8002054|1|1250|0|      |20220523|20220523|0603|2022-06-03 07:03:18
436649|0000000400197402              |20220523|130219|025|676|1|30300088|130010002|130752317|1|20220523|121344|8002955|20220523|130748|8002740|1|0|0|      |20220523|20220523|0603|2022-06-03 07:03:18
423358|0000000692618688              |20220523|062242|020|675|0|30300060|130010014|130753526|1|20220523|053541|8002425|20220523|064310|8001851|1|1250|0|      |20220523|20220523|0603|2022-06-03 07:03:18
423360|0000000480357466              |20220523|080307|006|675|0|30300091|130010013|130759821|1|20220523|073837|8002840|20220523|083703|8002240|1|1250|0|      |20220523|20220523|0603|2022-06-03 07:03:18
423362|0000000781851179              |20220523|135324|030|675|1|30300091|130010013|130759828|1|20220523|133046|8001838|20220523|143001|8002240|1|0|0|      |20220523|20220523|0603|2022-06-03 07:03:18
423364|0000001110342050              |20220523|155757|011|675|0|30300060|130010014|130753262|1|20220523|153752|8002361|20220523|160210|8002234|1|1250|0|      |20220523|20220523|0603|2022-06-03 07:03:18
423366|0000001110381319              |20220523|155712|011|675|0|30300067|130010001|130759481|1|20220523|150931|8002633|20220523|161457|8002964|1|1250|0|      |20220523|20220523|0603|2022-06-03 07:03:18
423368|0000000400129872              |20220523|162005|009|675|0|30300060|130010014|130753223|1|20220523|161136|8001280|20220523|170139|8001049|1|1250|0|      |20220523|20220523|0603|2022-06-03 07:03:18
423370|0000000488033663              |20220523|170721|004|675|1|30300067|130010001|130759481|1|20220523|150931|8002466|20220523|171430|8002935|1|0|0|      |20220523|20220523|0603|2022-06-03 07:03:18
423372|0000000690938931              |20220523|114345|031|675|0|30300060|130010014|130753240|1|20220523|064656|8002969|20220523|115210|8006006|1|1250|0|      |20220523|20220523|0603|2022-06-03 07:03:18
423374|0000000789706020              |20220523|115637|019|675|0|30300091|130010013|130759881|1|20220523|113903|8001906|20220523|121422|8002258|1|1250|0|      |20220523|20220523|0603|2022-06-03 07:03:18
423376|0000000789638271              |20220523|131444|028|675|0|30300060|130010014|130753240|1|20220523|064656|8001716|20220523|133930|8002088|1|1250|0|      |20220523|20220523|0603|2022-06-03 07:03:18
423783|0000000698596187              |20220523|094135|018|676|0|30300037|130010006|130752005|1|20220523|084526|8001097|20220523|094930|8002339|1|1250|0|      |20220523|20220523|0603|2022-06-03 07:03:18
423785|0000000797933687              |20220523|095736|005|676|0|30300037|130010006|130752046|1|20220523|085716|8001097|20220523|100352|8002339|1|1250|0|      |20220523|20220523|0603|2022-06-03 07:03:18
423787|0000000400108171              |20220523|180121|005|676|0|30300037|130010006|130759027|1|20220523|175548|8002635|20220523|182813|8002311|1|1250|0|      |20220523|20220523|0603|2022-06-03 07:03:18
423789|0000000698587037              |20220523|183353|022|675|0|30300055|130010014|130753221|1|20220523|174918|8001403|20220523|191730|8001354|1|1250|0|      |20220523|20220523|0603|2022-06-03 07:03:18
423791|0000000691652546              |20220523|185228|001|675|0|30300055|130010014|130753206|1|20220523|135455|8002001|20220523|191330|8001853|1|1250|0|      |20220523|20220523|0603|2022-06-03 07:03:18
423793|0000000400125537              |20220523|060736|028|676|1|30300051|130010008|130752121|1|20220523|054248|8001929|20220523|062957|8001371|1|0|0|      |20220523|20220523|0603|2022-06-03 07:03:18
423795|0000000486574885              |20220523|072121|010|676|0|30300087|130010015|130759614|1|20220523|065735|8001491|20220523|074538|8001378|1|1250|0|      |20220523|20220523|0603|2022-06-03 07:03:18
423797|0000000691538991              |20220523|072310|019|676|0|30300087|130010015|130759621|1|20220523|070338|8001975|20220523|081158|8001587|1|1250|0|      |20220523|20220523|0603|2022-06-03 07:03:18
423799|0000000402800292              |20220523|140353|003|676|2|30300051|130010008|130752106|1|20220523|131054|8001028|20220523|141134|8002365|1|0|0|      |20220523|20220523|0603|2022-06-03 07:03:18
423801|0000000400098769              |20220523|134941|028|676|1|30300087|130010015|130759636|1|20220523|102520|8002087|20220523|140622|8001951|1|0|0|      |20220523|20220523|0603|2022-06-03 07:03:18
423803|0000000400176714              |20220523|201010|029|676|0|30300087|130010008|130752123|1|20220523|152235|8002969|20220523|204059|8001494|1|1250|0|      |20220523|20220523|0603|2022-06-03 07:03:18
423805|0000000789352727              |20220523|212315|029|676|0|30300037|130010006|130752014|1|20220523|203707|8002315|20220523|213316|8001035|1|1250|0|      |20220523|20220523|0603|2022-06-03 07:03:18
423807|0000000488480402              |20220523|145239|001|676|0|30300087|130010008|130752159|1|20220523|140545|8001831|20220523|152153|8001604|1|1250|0|      |20220523|20220523|0603|2022-06-03 07:03:18
423809|0000000794236883              |20220523|152042|001|676|1|30300051|130010008|130752119|1|20220523|142130|8002629|20220523|153134|8001090|1|0|0|      |20220523|20220523|0603|2022-06-03 07:03:18
424216|0000000773992597              |20220523|181243|017|676|0|30300071|130010009|130759135|1|20220523|174708|8001922|20220523|182924|8002758|1|1250|0|      |20220523|20220523|0603|2022-06-03 07:03:18
424218|0000000900896329              |20220523|185004|010|676|0|30300090|130010005|130759260|1|20220523|152255|8001721|20220523|185341|8002617|1|1250|0|      |20220523|20220523|0603|2022-06-03 07:03:18
424220|0000000714354786              |20220523|182507|002|676|0|30300071|130010009|130759146|1|20220523|165550|8002901|20220523|182835|8001319|1|1250|0|      |20220523|20220523|0603|2022-06-03 07:03:18
424222|0000000657743613              |20220523|060940|005|680|0|30300021|130010002|130752555|1|20220523|055741|8001028|20220523|061910|8002677|1|1250|0|      |20220523|20220523|0603|2022-06-03 07:03:18
424224|0000000778078489              |20220523|071728|024|675|0|30300050|130010007|130759350|1|20220523|062507|8002664|20220523|072709|8001299|1|1250|0|      |20220523|20220523|0603|2022-06-03 07:03:18
424226|0000000714209047              |20220523|072333|029|675|0|30300050|130010007|130759348|1|20220523|071621|8002955|20220523|074111|8001272|1|1250|0|      |20220523|20220523|0603|2022-06-03 07:03:18
424228|0000000729699568              |20220523|073832|005|675|0|30300108|130010007|130759339|1|20220523|070231|8007323|20220523|075200|8002412|1|1250|0|      |20220523|20220523|0603|2022-06-03 07:03:18
424230|0000000900462316              |20220523|080000|017|675|0|30300048|130010006|130752021|1|20220523|063717|8005860|20220523|080337|8002660|1|1250|0|      |20220523|20220523|0603|2022-06-03 07:03:18
424232|0000000725534990              |20220523|075608|014|680|0|30300008|130010002|130752340|1|20220523|065316|8001027|20220523|080515|8002543|1|1250|0|      |20220523|20220523|0603|2022-06-03 07:03:18
424234|0000000714047306              |20220523|071934|023|676|0|30300036|130010012|130753372|1|20220523|064444|8001091|20220523|074510|8002597|1|1250|0|      |20220523|20220523|0603|2022-06-03 07:03:18
424236|0000000741729988              |20220523|142422|018|675|0|30300108|130010007|130759328|1|20220523|134208|8002376|20220523|143637|8070045|1|1250|0|      |20220523|20220523|0603|2022-06-03 07:03:18
424238|0000000918175660              |20220523|145655|017|676|0|30300041|130010012|130753332|1|20220523|121803|8002411|20220523|151112|8070030|1|1250|0|      |20220523|20220523|0603|2022-06-03 07:03:18
424240|0000000767014575              |20220523|201430|004|675|0|30300096|130010006|130752022|1|20220523|193509|8001312|20220523|202002|8001922|1|1250|0|      |20220523|20220523|0603|2022-06-03 07:03:18
445404|0000000903160303              |20220523|184147|023|832|0|30300128|130710001|130759912|1|20220523|041932|8007412|20220523|192015|8007297|1|1700|300|      |20220523|20220523|0603|2022-06-03 07:03:18
445406|0000000670332931              |20220523|184157|025|832|0|30300128|130710001|130759912|1|20220523|041932|8007412|20220523|191713|8007293|1|1700|300|      |20220523|20220523|0603|2022-06-03 07:03:18
445813|0000000725889565              |20220523|231659|022|832|1|30300128|130710001|130759918|1|20220523|061643|8005504|20220523|235413|8007293|1|450|300|      |20220523|20220523|0603|2022-06-03 07:03:18
445815|0000000733985255              |20220523|231936|005|832|1|30300128|130710001|130759918|1|20220523|061643|8007412|20220523|235357|8007293|1|450|300|      |20220523|20220523|0603|2022-06-03 07:03:18
445817|0000000662025527              |20220523|232439|004|832|0|30300128|130710001|130759918|1|20220523|061643|8007273|20220523|235439|8007293|1|1700|300|      |20220523|20220523|0603|2022-06-03 07:03:18
445819|0000000718696937              |20220523|232900|010|832|0|30300128|130710001|130759918|1|20220523|061643|8007279|20220524|000612|3054003|1|1700|300|      |20220523|20220524|0603|2022-06-03 07:03:18
445821|0000000646691748              |20220523|234129|002|832|0|30300128|130710001|130759918|1|20220523|061643|8007289|20220524|001016|3056003|1|1700|300|      |20220523|20220524|0603|2022-06-03 07:03:18
445823|0000000739522701              |20220523|210233|028|832|0|30300128|130710001|130759918|1|20220523|061643|9007055|20220523|213932|8007294|1|1700|300|      |20220523|20220523|0603|2022-06-03 07:03:18
445825|0000000742544050              |20220523|210239|014|832|0|30300128|130710001|130759918|1|20220523|061643|9007055|20220523|213952|8007294|1|1700|300|      |20220523|20220523|0603|2022-06-03 07:03:18
445827|0000000756005176              |20220523|213748|028|832|0|30300128|130710001|130759918|1|20220523|061643|8007296|20220523|215314|8007290|1|1700|300|      |20220523|20220523|0603|2022-06-03 07:03:18
445829|0000000676603551              |20220523|101800|026|832|1|30300128|130710001|130759918|1|20220523|061643|3062004|20220523|105907|8007278|1|300|300|      |20220523|20220523|0603|2022-06-03 07:03:18
445831|0000000905429062              |20220523|101758|025|832|0|30300128|130710001|130759918|1|20220523|061643|3062004|20220523|110716|8001420|1|1700|300|      |20220523|20220523|0603|2022-06-03 07:03:18
445833|0000000771406545              |20220523|084335|013|832|1|30300128|130710001|130759918|1|20220523|061643|8007273|20220523|091925|8007299|1|450|300|      |20220523|20220523|0603|2022-06-03 07:03:18
445835|0000000614503963              |20220523|084545|003|832|1|30300128|130710001|130759918|1|20220523|061643|8007275|20220523|091558|8007295|1|450|300|      |20220523|20220523|0603|2022-06-03 07:03:18
445837|0000000761747099              |20220523|084905|026|832|0|30300128|130710001|130759918|1|20220523|061643|8007279|20220523|092310|3053005|1|1700|300|      |20220523|20220523|0603|2022-06-03 07:03:18
445839|0000000908830960              |20220523|083457|009|832|1|30300128|130710001|130759918|1|20220523|061643|8005504|20220523|092309|3053005|1|450|300|      |20220523|20220523|0603|2022-06-03 07:03:18
446246|0000000741403778              |20220523|182226|013|832|0|30300128|130710001|130759923|1|20220523|054348|9007055|20220523|190045|8007296|1|1700|300|      |20220523|20220523|0603|2022-06-03 07:03:18
446248|0000000766405874              |20220523|182250|029|832|0|30300128|130710001|130759923|1|20220523|054348|9007055|20220523|190155|8007294|1|1700|300|      |20220523|20220523|0603|2022-06-03 07:03:18
446250|0000000738413514              |20220523|184521|001|832|0|30300128|130710001|130759923|1|20220523|054348|8007080|20220523|192538|8007280|1|1700|300|      |20220523|20220523|0603|2022-06-03 07:03:18
446252|0000000776458984              |20220523|190658|031|832|0|30300128|130710001|130759923|1|20220523|054348|8007292|20220523|192535|8007280|1|1700|300|      |20220523|20220523|0603|2022-06-03 07:03:18
446254|0000000715641089              |20220523|184906|018|832|0|30300128|130710001|130759923|1|20220523|054348|3062004|20220523|192524|8007280|1|1700|300|      |20220523|20220523|0603|2022-06-03 07:03:18
446256|0000000668312799              |20220523|185256|018|832|0|30300128|130710001|130759923|1|20220523|054348|8007057|20220523|192534|8007280|1|1700|300|      |20220523|20220523|0603|2022-06-03 07:03:18
446258|0000000904823080              |20220523|185814|020|832|0|30300128|130710001|130759923|4|20220523|054348|8007298|20220523|191512|8007290|1|1100|300|      |20220523|20220523|0603|2022-06-03 07:03:18
446260|0000000739658784              |20220523|184914|027|832|0|30300128|130710001|130759923|1|20220523|054348|3062004|20220523|191417|8007290|1|1700|300|      |20220523|20220523|0603|2022-06-03 07:03:18
446262|0000000718781313              |20220523|184138|027|832|1|30300128|130710001|130759923|1|20220523|054348|8007493|20220523|193326|8001420|1|300|300|      |20220523|20220523|0603|2022-06-03 07:03:18
446264|0000000742390946              |20220523|185112|018|832|0|30300128|130710001|130759923|1|20220523|054348|3053004|20220523|193312|8001420|1|1700|300|      |20220523|20220523|0603|2022-06-03 07:03:18
446266|0000000756657697              |20220523|190032|002|832|0|30300128|130710001|130759923|1|20220523|054348|8007296|20220523|193321|8001420|1|1700|300|      |20220523|20220523|0603|2022-06-03 07:03:18
446268|0000000770268981              |20220523|162952|002|677|2|30300129|130010009|130759184|1|20220523|123849|8005906|20220523|164744|8007349|1|0|300|      |20220523|20220523|0603|2022-06-03 07:03:18
446270|0000000725746894              |20220523|192237|022|677|0|30300129|130010009|130759179|1|20220523|183135|8005906|20220523|194024|8007349|1|1250|300|      |20220523|20220523|0603|2022-06-03 07:03:18
446698|0000000605868154              |20220523|180946|017|675|0|30300055|130010014|130753204|1|20220523|163918|8002631|~       |      |~      |1|1250|0|      |20220523|~       |0603|2022-06-03 07:03:18
446700|0000000771665251              |20220523|175604|030|675|0|30300055|130010014|130753206|1|20220523|135455|8002464|~       |      |~      |1|1250|0|      |20220523|~       |0603|2022-06-03 07:03:18
446702|0000000767505458              |20220523|175940|004|676|0|30300054|130010007|130759383|1|20220523|171156|8002453|~       |      |~      |1|1250|0|      |20220523|~       |0603|2022-06-03 07:03:18
446704|0000000738439467              |20220523|180425|028|676|0|30300054|130010007|130759347|1|20220523|165931|8001707|~       |      |~      |1|1250|0|      |20220523|~       |0603|2022-06-03 07:03:18
446706|0000000746660862              |20220523|182707|028|676|0|30300054|130010007|130759352|1|20220523|174407|8001989|~       |      |~      |1|1250|0|      |20220523|~       |0603|2022-06-03 07:03:18
446708|0000000759499325              |20220523|120432|023|676|0|30300054|130010007|130759379|1|20220523|114714|8001306|~       |      |~      |1|1250|0|      |20220523|~       |0603|2022-06-03 07:03:18
446710|0000000645370173              |20220523|131951|024|676|1|30300038|130010014|130753201|1|20220523|115322|8002974|~       |      |~      |1|0|0|      |20220523|~       |0603|2022-06-03 07:03:18
446712|0000000918316756              |20220523|222011|027|675|0|30300077|130010006|130759022|1|20220523|135408|8002628|~       |      |~      |1|1250|0|      |20220523|~       |0603|2022-06-03 07:03:18
447706|0000001110179422              |20220523|150922|001|675|0|30300055|130010014|130753208|1|20220523|140706|8002888|20220523|153105|8001853|1|1250|0|      |20220523|20220523|0603|2022-06-03 07:03:18
448113|0000000782598514              |20220523|105047|001|832|0|30300128|130710001|130759927|1|20220523|062822|3054003|20220523|111412|8007055|1|1700|300|      |20220523|20220523|0603|2022-06-03 07:03:18
448115|0000000180692246              |20220523|114637|001|832|0|30300128|130710001|130759930|1|20220523|063409|9007055|20220523|121035|8007080|1|1700|300|      |20220523|20220523|0603|2022-06-03 07:03:18
448117|0000000791168951              |20220523|093318|001|832|0|30300128|130710001|130759916|1|20220523|064250|9007055|20220523|100829|8007294|1|1700|300|      |20220523|20220523|0603|2022-06-03 07:03:18
448119|0000000780945242              |20220523|183721|001|832|0|30300128|130710001|130759929|1|20220523|063618|3062006|20220523|184004|3056003|1|1700|0|      |20220523|20220523|0603|2022-06-03 07:03:18
448121|0000000697315314              |20220523|194202|001|832|0|30300128|130710001|130759931|1|20220523|052133|3056002|20220523|194748|3053004|1|1700|0|      |20220523|20220523|0603|2022-06-03 07:03:18
448123|0000001118544648              |20220523|193447|001|832|0|30300128|130710001|130759926|1|20220523|061427|8007290|20220523|194930|8001420|1|1700|0|      |20220523|20220523|0603|2022-06-03 07:03:18
448125|0000000486259883              |20220523|070052|001|673|0|30300001|130510004|130751103|1|20220523|065939|8002941|20220523|073031|8002882|1|1100|0|      |20220523|20220523|0603|2022-06-03 07:03:18
448127|0000001118527152              |20220523|155802|001|676|0|30300071|130010009|130759149|1|20220523|135740|8001078|20220523|162442|8002252|2|2500|0|      |20220523|20220523|0603|2022-06-03 07:03:18
448129|0000000797978575              |20220523|171137|001|676|0|30300087|130010015|130759631|4|20220523|162100|8002969|20220523|171823|8002159|1|750|0|      |20220523|20220523|0603|2022-06-03 07:03:18
448131|0000001110514805              |20220523|165910|001|676|0|30300130|130010008|130752148|4|20220523|163744|8001948|20220523|171244|8002629|1|750|0|      |20220523|20220523|0603|2022-06-03 07:03:18
448133|0000001118565018              |20220523|180358|001|675|0|30300145|130010014|130753529|1|20220523|163027|8001764|20220523|180821|8002491|2|2500|0|      |20220523|20220523|0603|2022-06-03 07:03:18
448135|0000000785775439              |20220523|174945|001|673|0|30300001|130510004|130751102|1|20220523|054949|8005663|20220523|180338|8001196|1|1100|0|      |20220523|20220523|0603|2022-06-03 07:03:18
448137|0000000789568478              |20220523|124202|001|679|0|30300063|130010001|130759474|4|20220523|112900|8005250|20220523|124553|8005122|1|750|190|      |20220523|20220523|0603|2022-06-03 07:03:18
448579|0000000903915956              |20220523|101916|024|675|0|30300083|130010001|130759722|1|20220523|092919|8001855|20220523|102308|8001483|1|1250|0|      |20220523|20220523|0603|2022-06-03 07:03:18
448581|0000000767276894              |20220523|113933|013|676|0|30300069|130010001|130759428|1|20220523|111101|8002761|20220523|114134|8002279|1|1250|0|      |20220523|20220523|0603|2022-06-03 07:03:18
448583|0000000737134539              |20220523|082230|027|674|0|30300104|130010002|130752504|1|20220523|081431|8001062|20220523|084732|8001028|1|1250|0|      |20220523|20220523|0603|2022-06-03 07:03:18
448585|0000000740892254              |20220523|082116|024|675|0|30300101|130010002|130752327|1|20220523|065302|8001707|20220523|084654|8001083|1|1250|0|      |20220523|20220523|0603|2022-06-03 07:03:18
448587|0000000903407415              |20220523|085054|008|676|0|30300072|130010001|130759435|1|20220523|055418|8001232|20220523|090030|8002452|1|1250|0|      |20220523|20220523|0603|2022-06-03 07:03:18
448589|0000000463430018              |20220523|081114|002|675|0|30300083|130010001|130759789|1|20220523|075533|8002307|20220523|082939|8001790|1|1250|0|      |20220523|20220523|0603|2022-06-03 07:03:18
448591|0000000778068324              |20220523|083353|020|676|0|30300069|130010001|130759411|1|20220523|075222|8002277|20220523|083715|8001497|1|1250|0|      |20220523|20220523|0603|2022-06-03 07:03:18
448593|0000000646854688              |20220523|083416|003|675|0|30300046|130010002|130752357|1|20220523|080037|8070011|20220523|085634|8002722|1|1250|0|      |20220523|20220523|0603|2022-06-03 07:03:18
448595|0000000910308920              |20220523|091111|008|676|0|30300072|130010001|130759420|1|20220523|081248|8001831|20220523|091838|8001078|1|1250|0|      |20220523|20220523|0603|2022-06-03 07:03:18
448597|0000000769409441              |20220523|082750|020|676|0|30300069|130010001|130759437|1|20220523|071816|8002381|20220523|085009|8001133|1|1250|0|      |20220523|20220523|0603|2022-06-03 07:03:18
448599|0000000716073975              |20220523|090635|009|674|0|30300104|130010002|130752343|1|20220523|084205|8070012|20220523|091442|8070014|1|1250|0|      |20220523|20220523|0603|2022-06-03 07:03:18
448601|0000000764291592              |20220523|092700|023|674|0|30300104|130010002|130752504|1|20220523|091857|8002107|20220523|095034|8001425|1|1250|0|      |20220523|20220523|0603|2022-06-03 07:03:18
448603|0000000741269999              |20220523|180832|012|675|0|30300079|130010009|130759128|1|20220523|174539|8002316|20220523|182536|8002454|1|1250|0|      |20220523|20220523|0603|2022-06-03 07:03:18
448605|0000000769002766              |20220523|185107|025|675|0|30300082|130010001|130759709|1|20220523|183004|8002447|20220523|191509|8002925|1|1250|0|      |20220523|20220523|0603|2022-06-03 07:03:18
449042|0000000903166996              |20220523|155432|030|675|1|30300053|130010002|130752386|1|20220523|153428|8002276|~       |      |~      |1|0|0|      |20220523|~       |0603|2022-06-03 07:03:18
449044|0000000753318890              |20220523|160345|006|675|0|30300065|130010004|130752281|4|20220523|154340|8001467|~       |      |~      |1|750|0|      |20220523|~       |0603|2022-06-03 07:03:18
449046|0000000766232614              |20220523|160422|024|675|0|30300082|130010001|130759413|4|20220523|151110|8002697|~       |      |~      |1|750|0|      |20220523|~       |0603|2022-06-03 07:03:18
449048|0000000740942816              |20220523|163730|013|675|0|30300055|130010014|130753259|1|20220523|153854|8002888|~       |      |~      |1|1250|0|      |20220523|~       |0603|2022-06-03 07:03:18
449050|0000000776423489              |20220523|164434|020|675|1|30300055|130010014|130753265|1|20220523|130658|8002093|~       |      |~      |1|0|0|      |20220523|~       |0603|2022-06-03 07:03:18
449052|0000000754845145              |20220523|171241|016|675|0|30300055|130010014|130753229|1|20220523|164738|8005561|~       |      |~      |1|1250|0|      |20220523|~       |0603|2022-06-03 07:03:18
449054|0000000628025366              |20220523|174121|028|675|1|30300055|130010014|130753265|1|20220523|130658|8002888|~       |      |~      |1|0|0|      |20220523|~       |0603|2022-06-03 07:03:18
449056|0000000908824690              |20220523|181229|006|675|0|30300055|130010014|130753259|1|20220523|171856|8002340|~       |      |~      |1|1250|0|      |20220523|~       |0603|2022-06-03 07:03:18
449058|0000000903500643              |20220523|183833|015|675|1|30300055|130010014|130753204|1|20220523|163918|8002926|~       |      |~      |1|0|0|      |20220523|~       |0603|2022-06-03 07:03:18
450033|0000000900934376              |20220523|084651|014|832|1|30300128|130710001|130759919|1|20220523|070702|8007412|20220523|093526|3054003|1|450|300|      |20220523|20220523|0603|2022-06-03 07:03:18
450035|0000000737083907              |20220523|084657|016|832|1|30300128|130710001|130759919|1|20220523|070702|8007412|20220523|092643|8007295|1|300|300|      |20220523|20220523|0603|2022-06-03 07:03:18
450442|0000000712156955              |20220523|124810|003|832|0|30300128|130710001|130759920|1|20220523|070404|8007412|20220523|132117|8007291|1|1700|300|      |20220523|20220523|0603|2022-06-03 07:03:18
450444|0000000741336043              |20220523|125933|013|832|0|30300128|130710001|130759920|1|20220523|070404|8007279|20220523|132556|8007295|1|1700|300|      |20220523|20220523|0603|2022-06-03 07:03:18
450446|0000000619674081              |20220523|234109|025|832|0|30300128|130710001|130759920|1|20220523|070404|8007412|20220524|003610|3014014|1|1700|300|      |20220523|20220524|0603|2022-06-03 07:03:18
450449|0000000742646863              |20220523|212620|003|832|0|30300128|130710001|130759920|1|20220523|070404|8005504|20220523|214149|3014017|2|3400|600|      |20220523|20220523|0603|2022-06-03 07:03:18
450451|0000000740584851              |20220523|212615|025|832|0|30300128|130710001|130759920|1|20220523|070404|8005504|20220523|220301|8007294|1|1700|300|      |20220523|20220523|0603|2022-06-03 07:03:18
450453|0000000729965531              |20220523|214701|026|832|1|30300128|130710001|130759920|1|20220523|070404|8007080|20220523|221633|8007290|1|300|300|      |20220523|20220523|0603|2022-06-03 07:03:18
450455|0000000749948160              |20220523|220320|009|832|0|30300128|130710001|130759920|1|20220523|070404|8007294|20220523|221711|8007290|1|1700|300|      |20220523|20220523|0603|2022-06-03 07:03:18
450457|0000000909911768              |20220523|215409|001|832|0|30300128|130710001|130759920|1|20220523|070404|8007057|20220523|223938|8001420|1|1700|300|      |20220523|20220523|0603|2022-06-03 07:03:18
450459|0000000778405926              |20220523|220336|013|832|0|30300128|130710001|130759920|1|20220523|070404|8007294|20220523|223943|8001420|1|1700|300|      |20220523|20220523|0603|2022-06-03 07:03:18
450461|0000000917912355              |20220523|215213|021|832|0|30300128|130710001|130759920|1|20220523|070404|3053004|20220523|224003|8001420|1|1700|300|      |20220523|20220523|0603|2022-06-03 07:03:18
450463|0000000669033961              |20220523|093557|018|832|0|30300128|130710001|130759920|1|20220523|070404|8007293|20220523|100838|8007055|1|1700|300|      |20220523|20220523|0603|2022-06-03 07:03:18
450465|0000000778085225              |20220523|094847|004|832|0|30300128|130710001|130759920|1|20220523|070404|8007053|20220523|100846|8007055|1|1700|300|      |20220523|20220523|0603|2022-06-03 07:03:18
450467|0000000745038120              |20220523|093734|002|832|0|30300128|130710001|130759920|1|20220523|070404|8007295|20220523|100854|8007055|1|1700|300|      |20220523|20220523|0603|2022-06-03 07:03:18
450874|0000000703943794              |20220523|091822|018|676|0|30300130|130010008|130752138|1|20220523|082705|8002786|20220523|092154|8001493|1|1250|0|      |20220523|20220523|0603|2022-06-03 07:03:18
450876|0000000771577702              |20220523|082717|006|679|0|30300063|130010001|130759425|1|20220523|063808|8001835|20220523|091447|8005878|1|1250|0|      |20220523|20220523|0603|2022-06-03 07:03:18
450878|0000000775952935              |20220523|093658|012|675|0|30300108|130010007|130759356|1|20220523|083510|8002376|20220523|094729|8002921|1|1250|0|      |20220523|20220523|0603|2022-06-03 07:03:18
450880|0000000745929613              |20220523|185227|026|675|0|30300084|130010001|130759439|1|20220523|180443|8001441|20220523|185457|8001090|1|1250|0|      |20220523|20220523|0603|2022-06-03 07:03:18
450882|0000000727060162              |20220523|183523|016|675|0|30300146|130010008|130752174|1|20220523|182959|8003101|20220523|185723|8002106|1|1250|0|      |20220523|20220523|0603|2022-06-03 07:03:18
450884|0000000701998781              |20220523|181314|018|681|0|30300042|130010009|130759125|1|20220523|172102|8001542|20220523|182441|8002627|1|1250|0|      |20220523|20220523|0603|2022-06-03 07:03:18
450886|0000000659547575              |20220523|192738|003|675|0|30300061|130010015|130759617|1|20220523|184205|8002779|20220523|193605|8002942|1|1250|0|      |20220523|20220523|0603|2022-06-03 07:03:18
450888|0000000666391744              |20220523|070823|002|680|0|30300009|130010002|130752558|1|20220523|052147|8003035|20220523|072722|8001492|1|1250|0|      |20220523|20220523|0603|2022-06-03 07:03:18
450890|0000000767964286              |20220523|072608|027|676|0|30300093|130010004|130752225|1|20220523|053734|8002658|20220523|074710|8001658|1|1250|0|      |20220523|20220523|0603|2022-06-03 07:03:18
450892|0000000623638765              |20220523|063252|009|675|0|30300144|130010012|130753314|1|20220523|053842|8003022|20220523|063754|8001039|1|1250|0|      |20220523|20220523|0603|2022-06-03 07:03:18
450894|0000000755471089              |20220523|071959|025|675|0|30300144|130010012|130753314|1|20220523|070851|8001534|20220523|073053|8001527|1|1250|0|      |20220523|20220523|0603|2022-06-03 07:03:18
450896|0000000644240550              |20220523|073001|019|676|0|30300086|130010013|130759874|1|20220523|072229|8005898|20220523|081220|8002464|1|1250|0|      |20220523|20220523|0603|2022-06-03 07:03:18
450898|0000000921358276              |20220523|134707|018|675|0|30300146|130010008|130752711|1|20220523|134215|8003101|20220523|135929|8007506|1|1250|0|      |20220523|20220523|0603|2022-06-03 07:03:18
452087|0000000717209301              |20220523|200647|024|832|0|30300128|130710001|130759932|1|20220523|052848|8007296|20220523|204245|8001420|1|1700|300|      |20220523|20220523|0603|2022-06-03 07:03:18
452089|0000000758153826              |20220523|195206|003|832|0|30300128|130710001|130759932|1|20220523|052848|3056002|20220523|204243|8001420|1|1700|300|      |20220523|20220523|0603|2022-06-03 07:03:18
452091|0000000911246605              |20220523|195819|013|832|0|30300128|130710001|130759932|1|20220523|052848|3053004|20220523|204254|8001420|1|1700|300|      |20220523|20220523|0603|2022-06-03 07:03:18
452093|0000000725693814              |20220523|201339|011|832|0|30300128|130710001|130759932|1|20220523|052848|8007292|20220523|204701|8007268|1|1700|300|      |20220523|20220523|0603|2022-06-03 07:03:18
452095|0000000766577663              |20220523|205328|012|832|0|30300128|130710001|130759922|1|20220523|053033|8007052|20220523|212254|8007055|1|1700|300|      |20220523|20220523|0603|2022-06-03 07:03:18
452097|0000000704658247              |20220523|205544|002|832|0|30300128|130710001|130759922|1|20220523|053033|3053005|20220523|212305|8007055|1|1700|300|      |20220523|20220523|0603|2022-06-03 07:03:18
452099|0000000770420354              |20220523|205938|006|832|0|30300128|130710001|130759922|1|20220523|053033|8007053|20220523|212300|8007055|1|1700|300|      |20220523|20220523|0603|2022-06-03 07:03:18
452101|0000000904466385              |20220523|151109|022|832|0|30300128|130710001|130759922|1|20220523|053033|8007296|20220523|152657|8007290|1|1700|300|      |20220523|20220523|0603|2022-06-03 07:03:18
452103|0000000760250435              |20220523|144738|003|832|0|30300128|130710001|130759932|1|20220523|052848|8007412|20220523|153551|3062006|1|1700|300|      |20220523|20220523|0603|2022-06-03 07:03:18
453145|0000000717111266              |20220523|174747|011|676|0|30300041|130010012|130753320|1|20220523|174517|8070030|20220523|180834|8002997|2|2500|0|      |20220523|20220523|0603|2022-06-03 07:03:18
453147|0000000760313055              |20220523|174913|002|676|0|30300038|130010014|130753505|1|20220523|170903|8003044|20220523|180626|8001928|2|2500|0|      |20220523|20220523|0603|2022-06-03 07:03:18
453311|0000000618529610              |20220523|183043|014|675|0|30300055|130010014|130753204|1|20220523|163918|8005646|20220523|184755|8001828|1|1250|0|      |20220523|20220523|0603|2022-06-03 07:03:18
453313|0000000748557945              |20220523|184150|007|675|0|30300049|130010004|130752264|1|20220523|181127|8002721|20220523|190805|8001784|1|1250|0|      |20220523|20220523|0603|2022-06-03 07:03:18
453315|0000000903105663              |20220523|182049|026|675|0|30300084|130010001|130759441|1|20220523|173417|8001409|20220523|185317|8002038|1|1250|0|      |20220523|20220523|0603|2022-06-03 07:03:18
453317|0000000900559923              |20220523|183218|023|676|0|30300088|130010002|130752553|1|20220523|173903|8002900|20220523|185259|8002960|1|1250|0|      |20220523|20220523|0603|2022-06-03 07:03:18
453319|0000000643087138              |20220523|182908|008|676|0|30300073|130010009|130759161|1|20220523|164026|8001922|20220523|184923|8002235|1|1250|0|      |20220523|20220523|0603|2022-06-03 07:03:18
453321|0000000776115678              |20220523|184916|008|676|0|30300036|130010011|130759532|1|20220523|140549|8001062|20220523|191103|8002597|1|1250|0|      |20220523|20220523|0603|2022-06-03 07:03:18
453323|0000000768282484              |20220523|184508|003|674|0|30300002|130010007|130759324|1|20220523|183220|8001284|20220523|191425|8001430|1|1250|0|      |20220523|20220523|0603|2022-06-03 07:03:18
453325|0000000619714081              |20220523|191408|003|675|0|30300064|130010015|130759683|1|20220523|184509|8003016|20220523|191859|8001527|1|1250|0|      |20220523|20220523|0603|2022-06-03 07:03:18
453327|0000000739673527              |20220523|192843|023|675|0|30300047|130010001|130759705|1|20220523|185757|8002542|20220523|195356|8070027|1|1250|0|      |20220523|20220523|0603|2022-06-03 07:03:18
453329|0000000911310835              |20220523|193955|031|675|0|30300108|130010007|130759305|1|20220523|180720|8002141|20220523|194456|8002375|1|1250|0|      |20220523|20220523|0603|2022-06-03 07:03:18
453331|0000000917943310              |20220523|084209|002|675|0|30300081|130010011|130759571|1|20220523|070636|8001589|20220523|085817|8002851|1|1250|0|      |20220523|20220523|0603|2022-06-03 07:03:18
453333|0000000769022138              |20220523|143712|015|675|0|30300145|130010014|130753528|1|20220523|142418|8002721|20220523|144011|8002410|1|1250|0|      |20220523|20220523|0603|2022-06-03 07:03:18
453335|0000000908247569              |20220523|131954|025|675|0|30300058|130010004|130752263|1|20220523|124152|8002605|20220523|133709|8002916|1|1250|0|      |20220523|20220523|0603|2022-06-03 07:03:18
453337|0000000655805280              |20220523|080729|007|676|0|30300130|130010008|130752140|1|20220523|075404|8001956|20220523|083713|8002629|1|1250|0|      |20220523|20220523|0603|2022-06-03 07:03:18
453528|0000000676060736              |20220523|084759|018|674|0|30300104|130010002|130752355|1|20220523|060542|8002453|20220523|085327|8005583|1|1250|0|      |20220523|20220523|0603|2022-06-03 07:03:18
453530|0000000766409112              |20220523|084513|013|675|0|30300103|130010013|130759826|1|20220523|053655|8002943|20220523|085819|8005551|1|1250|0|      |20220523|20220523|0603|2022-06-03 07:03:18
453532|0000000771160224              |20220523|081413|028|675|0|30300060|130010014|130753262|1|20220523|072027|8006006|20220523|085617|8005913|1|1250|0|      |20220523|20220523|0603|2022-06-03 07:03:18
453534|0000000743733766              |20220523|100543|031|674|0|30300100|130010002|130752383|1|20220523|093339|8002119|20220523|101047|8001028|1|1250|0|      |20220523|20220523|0603|2022-06-03 07:03:18
453536|0000000750872312              |20220523|095954|027|676|0|30300037|130010006|130759004|1|20220523|085312|8001348|20220523|100303|8003054|1|1250|0|      |20220523|20220523|0603|2022-06-03 07:03:18
453538|0000000918427378              |20220523|181910|003|675|0|30300077|130010006|130752042|1|20220523|173905|8001940|20220523|184541|8001034|1|1250|0|      |20220523|20220523|0603|2022-06-03 07:03:18
453540|0000000663110158              |20220523|180631|001|675|0|30300055|130010014|130753259|1|20220523|171856|8002155|20220523|181917|8001402|1|1250|0|      |20220523|20220523|0603|2022-06-03 07:03:18
453542|0000000742572805              |20220523|181730|024|675|0|30300056|130010012|130753319|1|20220523|181609|8070030|20220523|183348|8002402|1|1250|0|      |20220523|20220523|0603|2022-06-03 07:03:18
453544|0000000657063168              |20220523|173724|030|675|0|30300059|130010004|130752256|1|20220523|161410|8001542|20220523|174558|8001930|1|1250|0|      |20220523|20220523|0603|2022-06-03 07:03:18
453546|0000000726824452              |20220523|182321|016|675|0|30300053|130010002|130752319|1|20220523|175603|8001081|20220523|184542|8001239|1|1250|0|      |20220523|20220523|0603|2022-06-03 07:03:18
453548|0000000726321600              |20220523|182337|011|674|0|30300104|130010002|130752333|1|20220523|172807|8001078|20220523|190103|8001584|1|1250|0|      |20220523|20220523|0603|2022-06-03 07:03:18
453550|0000000661768813              |20220523|185629|005|676|0|30300088|130010002|130752361|1|20220523|163758|8002900|20220523|190547|8002742|1|1250|0|      |20220523|20220523|0603|2022-06-03 07:03:18
453552|0000000743284829              |20220523|180304|001|680|0|30300007|130010002|130752390|1|20220523|130147|8003035|20220523|182505|8001492|1|1250|0|      |20220523|20220523|0603|2022-06-03 07:03:18
455039|0000000734515100              |20220523|180336|009|675|0|30300127|130010004|130752244|1|20220523|173517|8001580|20220523|182558|8007281|1|1250|0|      |20220523|20220523|0603|2022-06-03 07:03:18
455041|0000000741778416              |20220523|132748|020|677|0|30300098|130010011|130759579|1|20220523|121917|8001752|20220523|134032|8001631|1|1250|0|      |20220523|20220523|0603|2022-06-03 07:03:18
455043|0000000650649682              |20220523|213336|018|675|0|30300144|130010012|130753314|1|20220523|204625|8002101|20220523|213835|8001534|1|1250|0|      |20220523|20220523|0603|2022-06-03 07:03:18
455045|0000000750679547              |20220523|093048|011|675|0|30300103|130010013|130759832|1|20220523|070222|8002048|20220523|093530|8005957|1|1250|0|      |20220523|20220523|0603|2022-06-03 07:03:18
455047|0000000742168985              |20220523|095039|002|678|0|30300074|130010014|130753236|1|20220523|093905|8001096|20220523|095647|8007370|1|1250|0|      |20220523|20220523|0603|2022-06-03 07:03:18
455049|0000000742178616              |20220523|183723|010|675|0|30300092|130010013|130759824|1|20220523|181623|8005608|20220523|185323|8005545|1|1250|0|      |20220523|20220523|0603|2022-06-03 07:03:18
455051|0000000713962708              |20220523|162645|010|675|0|30300144|130010012|130753379|1|20220523|153343|8001936|20220523|164932|8001417|1|1250|0|      |20220523|20220523|0603|2022-06-03 07:03:18
455053|0000000646626973              |20220523|150152|001|675|0|30300101|130010002|130752354|1|20220523|142328|8002831|20220523|151607|8002559|1|1250|0|      |20220523|20220523|0603|2022-06-03 07:03:18
440536|0000000732612686              |20220523|084007|015|675|1|30300064|130010015|130759644|1|20220523|055106|8001412|20220523|084904|8001404|1|0|0|      |20220523|20220523|0603|2022-06-03 07:03:18
440538|0000000732303503              |20220523|084701|020|675|1|30300060|130010014|130753504|1|20220523|081508|8007279|20220523|090726|8002159|1|0|0|      |20220523|20220523|0603|2022-06-03 07:03:18
440540|0000000918289715              |20220523|084351|023|676|1|30300040|130010013|130759873|1|20220523|064755|8007279|20220523|085339|8002935|1|0|0|      |20220523|20220523|0603|2022-06-03 07:03:18
440542|0000000677460838              |20220523|092059|013|676|1|30300040|130010013|130759802|1|20220523|071923|8007279|20220523|093835|8001275|1|0|0|      |20220523|20220523|0603|2022-06-03 07:03:18
440544|0000000761769282              |20220523|182957|025|674|1|30300100|130010002|130752381|1|20220523|182301|8001412|20220523|183330|8002330|1|0|0|      |20220523|20220523|0603|2022-06-03 07:03:18
440951|0000000761781683              |20220523|191052|006|832|0|30300128|130710001|130759911|1|20220523|053354|8007295|20220523|191734|3053005|1|1700|0|      |20220523|20220523|0603|2022-06-03 07:03:18
440953|0000000778162151              |20220523|074123|028|832|0|30300128|130710001|130759921|1|20220523|052253|3062004|20220523|075001|8007296|1|1700|0|      |20220523|20220523|0603|2022-06-03 07:03:18
440955|0000000717713122              |20220523|135053|025|832|0|30300128|130710001|130759922|1|20220523|053033|8007295|20220523|135752|3053005|1|1700|0|      |20220523|20220523|0603|2022-06-03 07:03:18
440957|0000000746119632              |20220523|143335|008|832|0|30300128|130710001|130759919|1|20220523|070702|8007296|20220523|143351|8007296|1|1700|0|      |20220523|20220523|0603|2022-06-03 07:03:18
440959|0000000773667879              |20220523|210802|007|832|0|30300128|130710001|130759924|1|20220523|054117|8007295|20220523|212212|3056003|1|1700|0|      |20220523|20220523|0603|2022-06-03 07:03:18
440961|0000000758347890              |20220523|143508|004|832|0|30300128|130710001|130759920|1|20220523|070404|3062007|20220523|144837|8007294|1|1700|0|      |20220523|20220523|0603|2022-06-03 07:03:18
440963|0000000748967214              |20220523|162328|021|676|0|30300038|130010014|130753524|4|20220523|153243|8002228|20220523|163547|8002913|2|1500|0|      |20220523|20220523|0603|2022-06-03 07:03:18
440965|0000000725523190              |20220523|174500|004|832|0|30300128|130710001|130759917|1|20220523|055427|8007080|20220523|175848|8007296|1|1700|0|      |20220523|20220523|0603|2022-06-03 07:03:18
440967|0000000660223370              |20220523|121935|021|832|0|30300128|130710001|130759915|1|20220523|063843|8007291|20220523|123218|3053005|1|1700|0|      |20220523|20220523|0603|2022-06-03 07:03:18
440969|0000000737138815              |20220523|232622|001|832|0|30300128|130710001|130759915|1|20220523|063843|3053005|20220523|233555|3014014|1|1700|0|      |20220523|20220523|0603|2022-06-03 07:03:18
440971|0000000716040622              |20220523|213707|002|832|0|30300128|130710001|130759919|1|20220523|070702|3062007|20220523|215459|8007292|1|1700|0|      |20220523|20220523|0603|2022-06-03 07:03:18
440973|0000000750932772              |20220523|072132|011|676|0|30300036|130010011|130759503|1|20220523|064414|8001425|20220523|074933|8001413|2|2500|0|      |20220523|20220523|0603|2022-06-03 07:03:18
440975|0000000767117564              |20220523|084059|002|832|0|30300128|130710001|130759930|1|20220523|063409|3062004|20220523|085228|8007296|1|1700|0|      |20220523|20220523|0603|2022-06-03 07:03:18
440977|0000000921691893              |20220523|092933|003|832|0|30300128|130710001|130759919|1|20220523|070702|8007299|20220523|094019|3056003|1|1700|0|      |20220523|20220523|0603|2022-06-03 07:03:18
441384|0000000745239898              |20220523|132623|021|675|1|30300067|130010001|130759701|1|20220523|124658|8001412|20220523|135954|8002467|2|1250|0|      |20220523|20220523|0603|2022-06-03 07:03:18
441386|0000000628289409              |20220523|142433|005|675|0|30300065|130010004|130752229|1|20220523|133141|8001087|20220523|142954|8001399|2|2500|0|      |20220523|20220523|0603|2022-06-03 07:03:18
441388|0000000768652166              |20220523|191216|009|674|0|30300100|130010002|130752360|1|20220523|190610|8001915|20220523|192146|8002547|1|1250|0|      |20220523|20220523|0603|2022-06-03 07:03:18
441390|0000000748238518              |20220523|073837|030|675|0|30300055|130010014|130753266|1|20220523|073010|8001827|20220523|074426|8001353|1|1250|0|      |20220523|20220523|0603|2022-06-03 07:03:18
441392|0000000776248138              |20220523|203055|009|675|0|30300055|130010014|130753251|1|20220523|195707|8002346|20220523|203255|8001444|1|1250|0|      |20220523|20220523|0603|2022-06-03 07:03:18
441394|0000000744809775              |20220523|154238|011|674|0|30300002|130010007|130759332|1|20220523|153718|8001794|20220523|155222|8001230|1|1250|0|      |20220523|20220523|0603|2022-06-03 07:03:18
441396|0000000702908957              |20220523|161354|010|674|0|30300002|130010007|130759332|1|20220523|153718|8002093|20220523|162700|8002609|1|1250|0|      |20220523|20220523|0603|2022-06-03 07:03:18
441398|0000000763693522              |20220523|174442|027|674|0|30300002|130010007|130759318|1|20220523|171836|8003020|20220523|181211|8002464|1|1250|0|      |20220523|20220523|0603|2022-06-03 07:03:18
441400|0000000917981540              |20220523|124438|017|675|0|30300055|130010014|130753260|1|20220523|122610|8001203|20220523|130443|8001444|1|1250|0|      |20220523|20220523|0603|2022-06-03 07:03:18
441402|0000000712631141              |20220523|133959|005|675|0|30300055|130010014|130753211|1|20220523|123134|8001499|20220523|134224|8002064|1|1250|0|      |20220523|20220523|0603|2022-06-03 07:03:18
441404|0000000729646648              |20220523|113839|003|675|0|30300055|130010014|130753234|1|20220523|112231|8001203|20220523|115150|8001612|1|1250|0|      |20220523|20220523|0603|2022-06-03 07:03:18
441406|0000000764461303              |20220523|093012|004|675|0|30300055|130010014|130753227|1|20220523|071830|8005561|20220523|093611|8002887|1|1250|0|      |20220523|20220523|0603|2022-06-03 07:03:18
441408|0000000700565885              |20220523|180439|001|675|0|30300055|130010014|130753251|1|20220523|174822|8001661|20220523|182839|8002602|1|1250|0|      |20220523|20220523|0603|2022-06-03 07:03:18
441815|0000000756828141              |20220523|181620|017|676|0|30300040|130010013|130759802|1|20220523|171847|8002241|20220523|184537|8001891|1|1250|0|      |20220523|20220523|0603|2022-06-03 07:03:18
441817|0000000743000485              |20220523|184058|016|674|0|30300104|130010002|130752333|1|20220523|172807|8070015|20220523|190038|8001158|1|1250|0|      |20220523|20220523|0603|2022-06-03 07:03:18
441819|0000000725280040              |20220523|190610|016|675|0|30300065|130010004|130752203|1|20220523|181149|8005875|20220523|191014|8001094|1|1250|0|      |20220523|20220523|0603|2022-06-03 07:03:18
441821|0000000903952482              |20220523|193003|001|676|0|30300040|130010007|130759365|1|20220523|185653|8002760|20220523|193809|8001005|1|1250|0|      |20220523|20220523|0603|2022-06-03 07:03:18
441823|0000000736272207              |20220523|071029|008|675|0|30300062|130010008|130752705|1|20220523|064548|8002387|20220523|072854|8001923|1|1250|0|      |20220523|20220523|0603|2022-06-03 07:03:18
443250|0000000665274488              |20220523|080541|027|675|0|30300083|130010001|130759722|1|20220523|074441|8002965|20220523|082712|8002723|1|1250|0|      |20220523|20220523|0603|2022-06-03 07:03:18
443252|0000000706204294              |20220523|080503|008|675|0|30300062|130010008|130752131|1|20220523|075503|8001852|20220523|083256|8002279|1|1250|0|      |20220523|20220523|0603|2022-06-03 07:03:18
443254|0000000921489859              |20220523|082628|011|675|0|30300083|130010001|130759722|1|20220523|074441|8002032|20220523|085611|8001382|1|1250|0|      |20220523|20220523|0603|2022-06-03 07:03:18
443256|0000000752178622              |20220523|083203|030|676|0|30300054|130010007|130759355|1|20220523|082644|8001827|20220523|085222|8001261|1|1250|0|      |20220523|20220523|0603|2022-06-03 07:03:18
443258|0000000751076267              |20220523|090945|006|676|0|30300072|130010001|130759427|1|20220523|073332|8001589|20220523|091817|8001063|1|1250|0|      |20220523|20220523|0603|2022-06-03 07:03:18
443260|0000000743700023              |20220523|091202|027|675|0|30300081|130010011|130759511|1|20220523|084706|8002168|20220523|091621|8002217|1|1250|0|      |20220523|20220523|0603|2022-06-03 07:03:18
443262|0000000903053248              |20220523|090212|002|676|0|30300054|130010007|130759346|1|20220523|084137|8001762|20220523|092811|8001923|1|1250|0|      |20220523|20220523|0603|2022-06-03 07:03:18
443264|0000000625563312              |20220523|091209|026|675|0|30300062|130010008|130752135|1|20220523|061058|8001938|20220523|092548|8001380|1|1250|0|      |20220523|20220523|0603|2022-06-03 07:03:18
443266|0000000921402953              |20220523|091638|005|676|0|30300054|130010007|130759354|1|20220523|053627|8001846|20220523|094731|8001089|1|1250|0|      |20220523|20220523|0603|2022-06-03 07:03:18
443268|0000000900260866              |20220523|094351|026|675|0|30300062|130010008|130752137|1|20220523|090916|8002279|20220523|101255|8001318|1|1250|0|      |20220523|20220523|0603|2022-06-03 07:03:18
443675|0000000778441060              |20220523|104421|002|675|0|30300058|130010004|130752220|1|20220523|102509|8001852|20220523|104646|8001854|1|1250|0|      |20220523|20220523|0603|2022-06-03 07:03:18
443677|0000000779425645              |20220523|105743|028|674|0|30300002|130010007|130759313|1|20220523|104346|8001792|20220523|110525|8002437|1|1250|0|      |20220523|20220523|0603|2022-06-03 07:03:18
443679|0000000614526872              |20220523|083012|015|674|0|30300002|130010007|130759304|1|20220523|074806|8002140|20220523|084051|8002093|1|1250|0|      |20220523|20220523|0603|2022-06-03 07:03:18
443681|0000000746283217              |20220523|080449|019|675|0|30300053|130010002|130752368|1|20220523|072257|8001277|20220523|082406|8002814|1|1250|0|      |20220523|20220523|0603|2022-06-03 07:03:18
443683|0000000618685375              |20220523|075404|004|674|0|30300002|130010007|130759307|1|20220523|070744|8001536|20220523|084204|8001793|1|1250|0|      |20220523|20220523|0603|2022-06-03 07:03:18
443685|0000000921469135              |20220523|075913|016|675|0|30300053|130010002|130752385|1|20220523|074209|8001152|20220523|082302|8001491|1|1250|0|      |20220523|20220523|0603|2022-06-03 07:03:18
443687|0000000634449091              |20220523|085719|005|675|0|30300053|130010002|130752384|1|20220523|073051|8006006|20220523|091833|8001494|1|1250|0|      |20220523|20220523|0603|2022-06-03 07:03:18
443689|0000000725250190              |20220523|083247|003|674|0|30300002|130010007|130759331|1|20220523|072758|8002880|20220523|090424|8002833|1|1250|0|      |20220523|20220523|0603|2022-06-03 07:03:18
443691|0000000725717120              |20220523|082452|010|674|0|30300100|130010002|130752393|1|20220523|080751|8001029|20220523|084203|8001934|1|1250|0|      |20220523|20220523|0603|2022-06-03 07:03:18
443693|0000000628619041              |20220523|083421|031|675|0|30300058|130010004|130752200|1|20220523|065658|8001516|20220523|090126|8001929|1|1250|0|      |20220523|20220523|0603|2022-06-03 07:03:18
443695|0000000732319580              |20220523|084745|024|674|0|30300002|130010007|130759320|1|20220523|074319|8002139|20220523|090613|8001283|1|1250|0|      |20220523|20220523|0603|2022-06-03 07:03:18
443697|0000000679761905              |20220523|185247|001|675|0|30300058|130010004|130752295|1|20220523|134722|8001516|20220523|185504|8001085|1|1250|0|      |20220523|20220523|0603|2022-06-03 07:03:18
443699|0000000903012473              |20220523|181017|014|674|0|30300002|130010007|130759321|1|20220523|174856|8001230|20220523|185251|8001096|1|1250|0|      |20220523|20220523|0603|2022-06-03 07:03:18
443701|0000000725937826              |20220523|190723|008|674|0|30300100|130010002|130752397|1|20220523|180219|8001929|20220523|192410|8001028|1|1250|0|      |20220523|20220523|0603|2022-06-03 07:03:18
444108|0000000903809933              |20220523|202207|014|673|1|30300003|130510004|130751101|1|20220523|071420|8002352|20220523|204408|8007230|1|0|0|      |20220523|20220523|0603|2022-06-03 07:03:18
444110|0000000905996915              |20220523|150308|005|676|0|30300088|130010002|130752317|1|20220523|142508|8002997|20220523|153052|8001305|2|2500|0|      |20220523|20220523|0603|2022-06-03 07:03:18
444112|0000000765884156              |20220523|174920|028|676|0|30300051|130010008|130752107|1|20220523|174748|8001535|20220523|180647|8002454|2|2500|0|      |20220523|20220523|0603|2022-06-03 07:03:18
444114|0000000762406710              |20220523|223255|002|676|0|30300041|130010012|130753312|1|20220523|215607|8002088|20220523|224428|8002970|2|2500|0|      |20220523|20220523|0603|2022-06-03 07:03:18
444116|0000000777703906              |20220523|112926|001|676|0|30300043|130010015|130759601|1|20220523|110742|8001243|20220523|121806|8001296|2|2500|0|      |20220523|20220523|0603|2022-06-03 07:03:18
444118|0000000778811672              |20220523|071611|002|832|0|30300128|130710001|130759927|1|20220523|062822|8007295|20220523|072615|3062006|1|1700|0|      |20220523|20220523|0603|2022-06-03 07:03:18
444120|0000000768610341              |20220523|200933|002|832|0|30300128|130710001|130759918|1|20220523|061643|8007295|20220523|201635|3053005|1|1700|0|      |20220523|20220523|0603|2022-06-03 07:03:18
444122|0000000765118289              |20220523|203039|030|832|0|30300128|130710001|130759912|1|20220523|041932|3053004|20220523|203908|8007296|1|1700|0|      |20220523|20220523|0603|2022-06-03 07:03:18
444124|0000000774048760              |20220523|152426|002|832|0|30300128|130710001|130759932|1|20220523|052848|8007295|20220523|154014|3056003|1|1700|0|      |20220523|20220523|0603|2022-06-03 07:03:18
444126|0000000679457252              |20220523|164541|002|676|0|30300089|130010011|130759521|1|20220523|133150|8003047|20220523|165216|8002208|2|2500|0|      |20220523|20220523|0603|2022-06-03 07:03:18
444128|0000000753315191              |20220523|182635|029|832|0|30300128|130710001|130759929|1|20220523|063618|8007295|20220523|183203|3053005|1|1700|0|      |20220523|20220523|0603|2022-06-03 07:03:18
444130|0000000671658220              |20220523|223940|008|676|0|30300036|130010011|130759503|1|20220523|220746|8001062|20220523|225915|8001273|2|2500|0|      |20220523|20220523|0603|2022-06-03 07:03:18
444132|0000000661674153              |20220523|221542|002|832|0|30300128|130710001|130759922|1|20220523|053033|3056002|20220523|223037|8007296|1|1700|0|      |20220523|20220523|0603|2022-06-03 07:03:18
339036|0000000668491975              |20220523|201849|017|676|0|30300088|130010002|130752371|1|20220523|195101|8001556|~       |      |~      |1|1250|0|      |20220523|~       |0603|2022-06-03 07:03:00
339488|0000000400106248              |20220523|193902|024|676|0|30300070|130010004|130752260|1|20220523|185519|8001938|20220523|195036|8002620|1|1250|0|      |20220523|20220523|0603|2022-06-03 07:03:00
339490|0000000689783926              |20220523|064350|023|675|1|30300053|130010002|130752319|1|20220523|053831|8002558|20220523|065649|8001951|1|0|0|      |20220523|20220523|0603|2022-06-03 07:03:00
339492|0000000795275302              |20220523|073611|002|675|0|30300064|130010015|130759673|1|20220523|062155|8002527|20220523|074240|8002628|1|1250|0|      |20220523|20220523|0603|2022-06-03 07:03:00
339494|0000000788305243              |20220523|054949|029|675|0|30300053|130010002|130752395|1|20220523|053514|8001276|20220523|060335|8001526|1|1250|0|      |20220523|20220523|0603|2022-06-03 07:03:00
339496|0000001110133215              |20220523|060222|016|676|0|30300088|130010002|130752512|1|20220523|055435|8002352|20220523|062403|8001169|1|1250|0|      |20220523|20220523|0603|2022-06-03 07:03:00
339498|0000000488525144              |20220523|060505|029|675|0|30300079|130010009|130759138|1|20220523|054804|8001539|20220523|061324|8001483|1|1250|0|      |20220523|20220523|0603|2022-06-03 07:03:00
339500|0000000693419595              |20220523|074856|031|676|0|30300054|130010007|130759355|1|20220523|070107|8001260|20220523|080754|8002915|1|1250|0|      |20220523|20220523|0603|2022-06-03 07:03:00
339502|0000000789013208              |20220523|142431|023|675|0|30300053|130010002|130752328|1|20220523|134401|8002542|20220523|144120|8001916|1|1250|0|      |20220523|20220523|0603|2022-06-03 07:03:00
339504|0000000400164197              |20220523|133500|028|675|0|30300066|130010015|130759675|1|20220523|132707|8005876|20220523|140706|8001929|1|1250|0|      |20220523|20220523|0603|2022-06-03 07:03:00
339506|0000000400164197              |20220523|143751|028|676|2|30300043|130010015|130759602|1|20220523|100956|8002696|20220523|145402|8001254|1|0|0|      |20220523|20220523|0603|2022-06-03 07:03:00
339508|0000000400154349              |20220523|195123|030|676|0|30300071|130010009|130759174|1|20220523|192317|8002468|20220523|200246|8001587|1|1250|0|      |20220523|20220523|0603|2022-06-03 07:03:00
339510|0000000400197099              |20220523|201256|027|681|1|30300042|130010009|130759136|1|20220523|123805|8002630|20220523|203418|8001091|1|0|0|      |20220523|20220523|0603|2022-06-03 07:03:00
339512|0000000789355482              |20220523|201906|002|675|0|30300061|130010015|130759691|1|20220523|195140|8002641|20220523|203935|8005646|1|1250|0|      |20220523|20220523|0603|2022-06-03 07:03:00
339514|0000000787452349              |20220523|203719|014|675|0|30300064|130010015|130759626|1|20220523|202724|8001253|20220523|204429|8002832|1|1250|0|      |20220523|20220523|0603|2022-06-03 07:03:00
339921|0000000697000401              |20220523|183842|008|676|0|30300040|130010007|130759367|1|20220523|173158|8001388|20220523|184137|8003032|1|1250|0|      |20220523|20220523|0603|2022-06-03 07:03:00
339923|0000000689783926              |20220523|184259|024|675|1|30300078|130010008|130752169|1|20220523|180049|8003006|20220523|185444|8001532|1|0|0|      |20220523|20220523|0603|2022-06-03 07:03:00
339925|0000000400190633              |20220523|190356|025|676|0|30300038|130010014|130753502|1|20220523|182716|8001527|20220523|193602|8001132|1|1250|0|      |20220523|20220523|0603|2022-06-03 07:03:00
339927|0000000796868711              |20220523|190850|005|676|0|30300051|130010008|130752134|1|20220523|190553|8001535|20220523|200059|8001292|1|1250|0|      |20220523|20220523|0603|2022-06-03 07:03:00
339929|0000000691968263              |20220523|135434|004|675|0|30300064|130010015|130759683|1|20220523|133520|8001740|20220523|140235|8003016|1|1250|0|      |20220523|20220523|0603|2022-06-03 07:03:00
339931|0000000792955069              |20220523|060348|001|680|0|30300052|130010006|130752025|1|20220523|053906|8005116|20220523|063018|8001081|1|1250|250|      |20220523|20220523|0603|2022-06-03 07:03:00
339933|0000000695088132              |20220523|072911|008|675|0|30300091|130010013|130759805|1|20220523|053928|8001086|20220523|080821|8001242|1|1250|0|      |20220523|20220523|0603|2022-06-03 07:03:00
339935|0000000400165879              |20220523|074437|004|675|0|30300075|130010005|130759226|1|20220523|064801|8002826|20220523|075006|8002823|1|1250|0|      |20220523|20220523|0603|2022-06-03 07:03:00
339937|0000000400136539              |20220523|195125|021|675|0|30300095|130010005|130759210|1|20220523|191528|8002277|20220523|200103|8002338|1|1250|0|      |20220523|20220523|0603|2022-06-03 07:03:00
339939|0000000400136539              |20220523|200345|021|675|1|30300081|130010011|130759570|1|20220523|140519|8002338|20220523|200516|8001005|1|0|0|      |20220523|20220523|0603|2022-06-03 07:03:00
339941|0000000699276953              |20220523|194506|010|675|1|30300064|130010015|130759644|1|20220523|055106|8001414|20220523|200333|8001094|1|0|0|      |20220523|20220523|0603|2022-06-03 07:03:00
339943|0000000400180470              |20220523|211124|029|676|0|30300090|130010005|130759219|1|20220523|192339|8002984|20220523|211207|8007325|1|1250|0|      |20220523|20220523|0603|2022-06-03 07:03:00
339945|0000000400182714              |20220523|155200|028|676|1|30300086|130010013|130759800|1|20220523|141553|8001413|20220523|162040|8002465|1|0|0|      |20220523|20220523|0603|2022-06-03 07:03:00
340352|0000000400207845              |20220523|155615|003|675|3|30300078|130010008|130752169|1|20220523|151541|8003006|20220523|160323|8002615|1|0|0|      |20220523|20220523|0603|2022-06-03 07:03:00
340354|0000000400189808              |20220523|172553|030|675|0|30300064|130010015|130759623|1|20220523|140551|8001412|20220523|174032|8001979|1|1250|0|      |20220523|20220523|0603|2022-06-03 07:03:00
340356|0000000788760260              |20220523|181348|011|675|1|30300062|130010008|130752133|1|20220523|173358|8002279|20220523|182206|8002453|1|0|0|      |20220523|20220523|0603|2022-06-03 07:03:00
340358|0000000690096418              |20220523|182609|029|676|0|30300040|130010007|130759388|1|20220523|180619|8001096|20220523|183435|8002240|1|1250|0|      |20220523|20220523|0603|2022-06-03 07:03:00
340360|0000000400151781              |20220523|115253|005|676|1|30300040|130010007|130759388|1|20220523|111849|8002075|20220523|120045|8002763|1|0|0|      |20220523|20220523|0603|2022-06-03 07:03:00
340362|0000000488241522              |20220523|120921|012|676|3|30300040|130010007|130759388|1|20220523|111849|8001380|20220523|121401|8001056|1|0|0|      |20220523|20220523|0603|2022-06-03 07:03:00
340364|0000000487368688              |20220523|130923|016|675|0|30300081|130010011|130759570|1|20220523|061136|8001005|20220523|131828|8001583|1|1250|0|      |20220523|20220523|0603|2022-06-03 07:03:00
340366|0000000400096497              |20220523|125801|008|681|0|30300042|130010009|130759165|1|20220523|122730|8001590|20220523|131651|8001587|1|1250|0|      |20220523|20220523|0603|2022-06-03 07:03:00
340368|0000000400139248              |20220523|131935|006|675|1|30300080|130010009|130759137|1|20220523|131814|8001418|20220523|133540|8001399|1|0|0|      |20220523|20220523|0603|2022-06-03 07:03:00
