SERIAL_NO|CARD_NO|GETON_YMD|GETON_TM|TRANSACTION_ID|TR_MEANS_TYPE|TRANSF_CNT|BUS_ROUTE_ID|BUS_CO_ID|BUS_CAR_ID|USR_TYPE|DRVN_START_YMD|DRVN_START_TM|GETON_BUS_STTN_ID|GETOFF_YMD|GETOFF_TM|GETOFF_BUS_STTN_ID|YSR_CNT|GETON_PAY|GETOFF_PAY|DRVR_ID|GETON_CALC_YMD|GETOFF_CALC_YMD|ETL_TYPE|ETL_DATE
311596|0000000793264228              |20220521|115617|005|676|0|30300051|130010008|130752142|1|20220521|110433|8002542|20220521|120411|8002365|1|1250|0|      |20220521|20220521|0603|2022-06-01 07:02:43
311598|0000000788848849              |20220521|144847|013|679|0|30300063|130010001|130759748|1|20220521|143422|8001994|20220521|152134|8002349|1|1250|0|      |20220521|20220521|0603|2022-06-01 07:02:43
311600|0000000785034599              |20220521|154830|003|676|0|30300087|130010008|130752159|1|20220521|142616|8001494|20220521|160154|8007445|1|1250|0|      |20220521|20220521|0603|2022-06-01 07:02:43
311602|0000000693507166              |20220521|162755|006|676|1|30300054|130010007|130759362|1|20220521|155119|8001989|20220521|170244|8001856|1|0|0|      |20220521|20220521|0603|2022-06-01 07:02:43
311604|0000000785880375              |20220521|194156|020|676|0|30300071|130010009|130759174|1|20220521|183547|8001792|20220521|200529|8001380|1|1250|0|      |20220521|20220521|0603|2022-06-01 07:02:43
311606|0000000688797418              |20220521|175338|004|675|1|30300053|130010002|130752328|1|20220521|160652|8001494|20220521|180508|8001115|1|0|0|      |20220521|20220521|0603|2022-06-01 07:02:43
311608|0000000796037776              |20220521|214906|007|674|0|30300002|130010007|130759337|1|20220521|205508|8002134|20220521|220105|8002911|1|1250|0|      |20220521|20220521|0603|2022-06-01 07:02:43
311610|0000000788364049              |20220521|120735|015|676|0|30300090|130010005|130759223|1|20220521|111739|8001721|20220521|122823|8002870|1|1250|0|      |20220521|20220521|0603|2022-06-01 07:02:43
311612|0000000400174143              |20220521|130851|014|676|0|30300087|130010015|130759621|1|20220521|115013|8001494|20220521|131456|8002551|1|1250|0|      |20220521|20220521|0603|2022-06-01 07:02:43
311614|0000000400191172              |20220521|093810|021|676|1|30300090|130010005|130759206|1|20220521|092230|8002658|20220521|095320|8001109|1|0|0|      |20220521|20220521|0603|2022-06-01 07:02:43
306637|0000000725765267              |20220521|090630|018|676|0|30300090|130010005|130759260|1|20220521|054449|8002869|20220521|092541|8001532|1|1250|0|      |20220521|20220521|0603|2022-06-01 07:02:44
306639|0000000729561274              |20220521|073435|020|675|0|30300056|130010012|130753331|1|20220521|071134|8002409|20220521|075740|8001707|1|1250|0|      |20220521|20220521|0603|2022-06-01 07:02:44
306641|0000000738648384              |20220521|090041|027|676|0|30300043|130010015|130759630|1|20220521|083920|8001364|20220521|092051|8002730|1|1250|0|      |20220521|20220521|0603|2022-06-01 07:02:44
306643|0000000704706608              |20220521|192336|006|676|0|30300071|130010009|130759146|1|20220521|180014|8001380|20220521|193141|8001182|1|1250|0|      |20220521|20220521|0603|2022-06-01 07:02:44
306645|0000000726176390              |20220521|195539|029|676|0|30300040|130010013|130759818|1|20220521|172713|8003032|20220521|200048|8005516|1|1250|0|      |20220521|20220521|0603|2022-06-01 07:02:44
307071|0000000793682589              |20220521|182632|027|675|2|30300046|130010002|130752305|1|20220521|172821|8001644|~       |      |~      |1|0|0|      |20220521|~       |0603|2022-06-01 07:02:44
307073|0000000699029474              |20220521|182250|025|675|0|30300046|130010002|130752321|1|20220521|160951|8002210|~       |      |~      |1|1250|0|      |20220521|~       |0603|2022-06-01 07:02:44
307075|0000000781191257              |20220521|211642|023|675|0|30300077|130010006|130752013|1|20220521|210846|8001400|~       |      |~      |1|1250|0|      |20220521|~       |0603|2022-06-01 07:02:44
307077|0000000485200654              |20220521|125234|003|675|0|30300065|130010004|130752268|1|20220521|121900|8002155|~       |      |~      |1|1250|0|      |20220521|~       |0603|2022-06-01 07:02:44
307079|0000000789112733              |20220521|130943|007|675|0|30300065|130010004|130752258|4|20220521|130102|8001253|~       |      |~      |1|750|0|      |20220521|~       |0603|2022-06-01 07:02:44
307081|0000000692107913              |20220521|135955|022|675|0|30300077|130010006|130759022|1|20220521|123913|8001784|~       |      |~      |1|1250|0|      |20220521|~       |0603|2022-06-01 07:02:44
307083|0000000400146346              |20220521|141809|008|681|0|30300042|130010009|130759165|1|20220521|131743|8007540|~       |      |~      |1|1250|0|      |20220521|~       |0603|2022-06-01 07:02:44
307085|0000000787905173              |20220521|061727|025|675|0|30300046|130010002|130752342|1|20220521|055901|8001081|~       |      |~      |1|1250|0|      |20220521|~       |0603|2022-06-01 07:02:44
307087|0000000785031720              |20220521|082812|015|675|0|30300046|130010002|130752312|1|20220521|075808|8007066|~       |      |~      |1|1250|0|      |20220521|~       |0603|2022-06-01 07:02:44
307089|0000000785811161              |20220521|115735|004|681|1|30300042|130010009|130759104|1|20220521|103800|8005127|~       |      |~      |1|0|0|      |20220521|~       |0603|2022-06-01 07:02:44
307091|0000000698946988              |20220521|142018|021|675|0|30300065|130010004|130752269|1|20220521|141205|8001835|~       |      |~      |1|1250|0|      |20220521|~       |0603|2022-06-01 07:02:44
307093|0000000780016119              |20220521|151250|010|673|0|30300004|130510004|130751007|1|20220521|055405|8007026|~       |      |~      |1|1100|0|      |20220521|~       |0603|2022-06-01 07:02:44
307095|0000000789662154              |20220521|153339|026|675|0|30300065|130010004|130752258|4|20220521|145003|8005875|~       |      |~      |1|750|0|      |20220521|~       |0603|2022-06-01 07:02:44
307097|0000000688241619              |20220521|162248|018|675|0|30300046|130010002|130752379|1|20220521|152733|8001025|~       |      |~      |1|1250|0|      |20220521|~       |0603|2022-06-01 07:02:44
307099|0000000697686543              |20220521|203828|022|675|3|30300091|130010013|130759828|1|20220521|185706|8007269|~       |      |~      |1|0|0|      |20220521|~       |0603|2022-06-01 07:02:44
307101|0000000400201365              |20220521|163809|021|676|0|30300093|130010004|130752225|1|20220521|163033|8007005|~       |      |~      |1|1250|0|      |20220521|~       |0603|2022-06-01 07:02:44
307513|0000000745845873              |20220521|123605|002|676|0|30300037|130010006|130759024|1|20220521|105512|8002339|20220521|123714|8002488|1|1250|0|      |20220521|20220521|0603|2022-06-01 07:02:44
307515|0000000770385058              |20220521|124109|022|675|0|30300144|130010012|130753379|1|20220521|121618|8001096|20220521|130430|8007042|1|1250|0|      |20220521|20220521|0603|2022-06-01 07:02:44
307517|0000000746235024              |20220521|125152|013|675|0|30300095|130010005|130759230|1|20220521|124826|8001490|20220521|130227|8001762|1|1250|0|      |20220521|20220521|0603|2022-06-01 07:02:44
307519|0000000666513076              |20220521|132030|026|676|0|30300071|130010009|130759176|1|20220521|123816|8001624|20220521|132756|8002279|1|1250|0|      |20220521|20220521|0603|2022-06-01 07:02:44
307521|0000000742268993              |20220521|134433|019|676|0|30300037|130010006|130752031|1|20220521|123624|8002339|20220521|134939|8002358|1|1250|0|      |20220521|20220521|0603|2022-06-01 07:02:44
307523|0000000903373549              |20220521|132318|022|675|0|30300056|130010012|130753331|1|20220521|104455|8007481|20220521|132702|8003099|1|1250|0|      |20220521|20220521|0603|2022-06-01 07:02:44
307525|0000000764166887              |20220521|113423|020|675|0|30300056|130010012|130753319|1|20220521|094009|8002582|20220521|114933|8001589|1|1250|0|      |20220521|20220521|0603|2022-06-01 07:02:44
307527|0000000709153868              |20220521|161108|026|675|0|30300075|130010005|130759226|1|20220521|135349|8002658|20220521|161642|8002615|1|1250|0|      |20220521|20220521|0603|2022-06-01 07:02:44
307529|0000000770117400              |20220521|155603|030|675|0|30300075|130010005|130759211|1|20220521|152952|8002880|20220521|161146|8001420|1|1250|0|      |20220521|20220521|0603|2022-06-01 07:02:44
307531|0000000757554073              |20220521|155854|023|675|0|30300080|130010009|130759130|1|20220521|142705|8001418|20220521|161020|8001399|1|1250|0|      |20220521|20220521|0603|2022-06-01 07:02:44
307533|0000000776644880              |20220521|162205|014|675|0|30300075|130010005|130759270|1|20220521|144828|8001381|20220521|162807|8001348|1|1250|0|      |20220521|20220521|0603|2022-06-01 07:02:44
307535|0000000741543535              |20220521|163959|014|676|0|30300041|130010012|130753332|1|20220521|133628|8001076|20220521|165128|8002702|1|1250|0|      |20220521|20220521|0603|2022-06-01 07:02:44
307537|0000000769013350              |20220521|083644|026|676|0|30300068|130010006|130759026|1|20220521|071344|8002790|20220521|085400|8001097|1|1250|0|      |20220521|20220521|0603|2022-06-01 07:02:44
307944|0000000721781924              |20220521|082801|008|675|0|30300056|130010012|130753325|1|20220521|063929|8001084|20220521|085537|8001168|1|1250|0|      |20220521|20220521|0603|2022-06-01 07:02:44
307946|0000000745376177              |20220521|084321|018|675|0|30300081|130010011|130759571|1|20220521|082728|8002912|20220521|090826|8002969|1|1250|0|      |20220521|20220521|0603|2022-06-01 07:02:44
307948|0000000777148175              |20220521|094120|028|675|0|30300081|130010011|130759572|1|20220521|091415|8002217|20220521|094410|8002100|1|1250|0|      |20220521|20220521|0603|2022-06-01 07:02:44
314759|0000000904158848              |20220521|152307|018|675|0|30300047|130010001|130759723|1|20220521|144522|8005991|20220521|153555|8002412|1|1250|0|      |20220521|20220521|0603|2022-06-01 07:03:04
314761|0000000751255354              |20220521|155613|008|676|0|30300040|130010013|130759872|1|20220521|145838|8001086|20220521|160607|8001097|1|1250|0|      |20220521|20220521|0603|2022-06-01 07:03:04
314763|0000000904243633              |20220521|155521|021|676|0|30300070|130010004|130752205|1|20220521|150659|8002638|20220521|161040|8002437|1|1250|0|      |20220521|20220521|0603|2022-06-01 07:03:04
314765|0000000650220779              |20220521|160630|008|675|0|30300064|130010015|130759686|1|20220521|155658|8001835|20220521|163357|8001412|1|1250|0|      |20220521|20220521|0603|2022-06-01 07:03:04
314767|0000000642587567              |20220521|065351|012|675|0|30300060|130010014|130753244|1|20220521|052720|8002276|20220521|070510|8001953|1|1250|0|      |20220521|20220521|0603|2022-06-01 07:03:04
314769|0000000722597465              |20220521|085653|023|675|0|30300055|130010014|130753206|1|20220521|065829|8002926|20220521|090510|8001847|1|1250|0|      |20220521|20220521|0603|2022-06-01 07:03:04
314771|0000000722130940              |20220521|084522|017|674|0|30300002|130010007|130759304|1|20220521|081452|8002140|20220521|093237|8001789|1|1250|0|      |20220521|20220521|0603|2022-06-01 07:03:04
315178|0000001118088897              |20220521|170020|001|675|0|30300058|130010004|130752247|1|20220521|130223|8001940|20220521|171234|8002603|1|1250|0|      |20220521|20220521|0603|2022-06-01 07:03:04
315180|0000000400193969              |20220521|161718|002|832|0|30300128|130710001|130759925|1|20220521|142528|3062007|20220521|170153|8007270|1|1700|300|      |20220521|20220521|0603|2022-06-01 07:03:04
315182|0000000400120220              |20220521|175027|007|675|0|30300053|130010002|130752328|1|20220521|160652|8001276|20220521|180104|8001028|1|1250|0|      |20220521|20220521|0603|2022-06-01 07:03:04
315184|0000000682416879              |20220521|184737|011|676|0|30300069|130010001|130759428|1|20220521|175935|8002994|20220521|185047|8001097|1|1250|0|      |20220521|20220521|0603|2022-06-01 07:03:04
315186|0000000400164036              |20220521|181155|006|675|0|30300077|130010006|130759013|1|20220521|180920|8001500|20220521|185611|8002119|1|1250|0|      |20220521|20220521|0603|2022-06-01 07:03:04
315188|0000000186780372              |20220521|121646|028|674|1|30300100|130010002|130752345|1|20220521|110609|8001929|20220521|122230|8002432|1|0|0|      |20220521|20220521|0603|2022-06-01 07:03:04
315190|0000000400175056              |20220521|130757|020|675|0|30300060|130010014|130753215|1|20220521|120323|8001240|20220521|131855|8001717|1|1250|0|      |20220521|20220521|0603|2022-06-01 07:03:04
315192|0000000785831685              |20220521|103157|007|676|1|30300086|130010013|130759823|1|20220521|094246|8001721|20220521|103810|8002987|2|1250|0|      |20220521|20220521|0603|2022-06-01 07:03:04
315194|0000000789767875              |20220521|053456|010|676|0|30300070|130010004|130752254|1|20220521|053333|8003101|20220521|061341|8001413|1|1250|0|      |20220521|20220521|0603|2022-06-01 07:03:04
315196|0000000795517028              |20220521|120540|001|673|0|30300003|130510004|130751101|1|20220521|055155|8007023|20220521|122824|8005652|1|1100|0|      |20220521|20220521|0603|2022-06-01 07:03:04
315198|0000000797544445              |20220521|145715|026|675|0|30300048|130010006|130759010|1|20220521|134605|8007542|20220521|150610|8001677|1|1250|0|      |20220521|20220521|0603|2022-06-01 07:03:04
315200|0000000794521599              |20220521|185412|023|676|1|30300054|130010007|130759387|1|20220521|181851|8001567|20220521|191318|8001305|1|0|0|      |20220521|20220521|0603|2022-06-01 07:03:04
315202|0000000698146138              |20220521|190450|001|675|0|30300082|130010001|130759703|1|20220521|185932|8005926|20220521|193615|8002748|1|1250|0|      |20220521|20220521|0603|2022-06-01 07:03:04
315204|0000000788753808              |20220521|165333|007|676|0|30300037|130010006|130752072|1|20220521|152708|8002984|20220521|172212|8002906|1|1250|0|      |20220521|20220521|0603|2022-06-01 07:03:04
315611|0000000781661192              |20220521|085141|009|674|0|30300002|130010007|130759320|1|20220521|080521|8001744|20220521|092949|8001793|1|1250|0|      |20220521|20220521|0603|2022-06-01 07:03:04
315613|0000000487085074              |20220521|144548|003|675|0|30300058|130010004|130752257|1|20220521|135728|8001854|20220521|144945|8001940|1|1250|0|      |20220521|20220521|0603|2022-06-01 07:03:04
315615|0000000488301907              |20220521|141941|030|832|1|30300128|130710001|130759922|1|20220521|061032|8007412|20220521|150945|3053005|1|450|300|      |20220521|20220521|0603|2022-06-01 07:03:04
315617|0000000695081061              |20220521|151814|009|676|0|30300051|130010008|130752101|1|20220521|132547|8001415|20220521|153735|8002433|1|1250|0|      |20220521|20220521|0603|2022-06-01 07:03:04
315619|0000000789738789              |20220521|162136|021|675|0|30300101|130010002|130752332|1|20220521|154527|8001762|20220521|163829|8002559|1|1250|0|      |20220521|20220521|0603|2022-06-01 07:03:04
315621|0000001110429706              |20220521|185414|006|675|0|30300056|130010012|130753325|1|20220521|172139|8001280|20220521|190331|8002915|1|1250|0|      |20220521|20220521|0603|2022-06-01 07:03:04
315623|0000001110429706              |20220521|192453|006|675|1|30300057|130010001|130759759|1|20220521|191435|8001846|20220521|192856|8002601|1|0|0|      |20220521|20220521|0603|2022-06-01 07:03:04
315625|0000000792353415              |20220521|224052|018|676|0|30300054|130010007|130759379|1|20220521|221240|8001922|20220521|224944|8001078|1|1250|0|      |20220521|20220521|0603|2022-06-01 07:03:04
315627|0000000400185724              |20220521|120828|011|676|1|30300054|130010007|130759387|1|20220521|112456|8002453|20220521|123811|8001305|1|0|0|      |20220521|20220521|0603|2022-06-01 07:03:04
315629|0000000788493643              |20220521|131121|031|675|0|30300060|130010014|130753230|4|20220521|125252|8001398|20220521|131309|8002244|2|1100|0|      |20220521|20220521|0603|2022-06-01 07:03:04
315631|0000000699420318              |20220521|132957|028|675|1|30300080|130010009|130759145|1|20220521|132533|8001418|20220521|133342|8007271|1|0|0|      |20220521|20220521|0603|2022-06-01 07:03:04
315633|0000000793785540              |20220521|095544|001|676|1|30300088|130010006|130752006|1|20220521|091434|8002412|20220521|104314|8002847|1|0|0|      |20220521|20220521|0603|2022-06-01 07:03:04
315635|0000001110450663              |20220521|063531|011|673|2|30300001|130510004|130751012|1|20220521|054938|8002411|20220521|064605|8005784|1|0|0|      |20220521|20220521|0603|2022-06-01 07:03:04
316042|0000000790474147              |20220521|101919|001|676|0|30300041|130010012|130753321|1|20220521|082850|8001096|20220521|103937|8002969|1|1250|0|      |20220521|20220521|0603|2022-06-01 07:03:04
316044|0000000400119367              |20220521|115439|022|681|0|30300042|130010009|130759121|1|20220521|105815|8002974|20220521|120918|8005106|1|1250|200|      |20220521|20220521|0603|2022-06-01 07:03:04
316046|0000000784218594              |20220521|181631|001|832|0|30300128|130710001|130759921|1|20220521|055422|8007293|20220521|182521|3053005|1|1700|0|      |20220521|20220521|0603|2022-06-01 07:03:04
314404|0000000717755689              |20220521|124501|012|675|0|30300079|130010009|130759113|1|20220521|051836|8002609|20220521|124831|8002313|1|1250|0|      |20220521|20220521|0603|2022-06-01 07:03:04
314406|0000000719971586              |20220521|125958|021|675|0|30300062|130010008|130752162|1|20220521|123423|8006006|20220521|132112|8002429|1|1250|0|      |20220521|20220521|0603|2022-06-01 07:03:04
314408|0000000764167576              |20220521|134110|001|675|0|30300067|130010001|130759777|1|20220521|123339|8001251|20220521|134922|8002467|1|1250|0|      |20220521|20220521|0603|2022-06-01 07:03:04
314410|0000000921666967              |20220521|110813|015|675|0|30300083|130010001|130759478|1|20220521|104503|8001279|20220521|114702|8002286|1|1250|0|      |20220521|20220521|0603|2022-06-01 07:03:04
314412|0000000734870529              |20220521|145615|002|675|0|30300050|130010007|130759350|1|20220521|144319|8002025|20220521|152834|8002721|1|1250|0|      |20220521|20220521|0603|2022-06-01 07:03:04
314414|0000000602845886              |20220521|163126|019|676|0|30300040|130010013|130759818|1|20220521|140837|8001380|20220521|164411|8002412|1|1250|0|      |20220521|20220521|0603|2022-06-01 07:03:04
314416|0000000627733626              |20220521|094051|011|675|0|30300064|130010015|130759686|1|20220521|060003|8001414|20220521|095942|8001834|1|1250|0|      |20220521|20220521|0603|2022-06-01 07:03:04
314418|0000000903008637              |20220521|081314|014|676|0|30300037|130010006|130752005|1|20220521|075611|8001036|20220521|083614|8002558|1|1250|0|      |20220521|20220521|0603|2022-06-01 07:03:04
314420|0000000601538221              |20220521|210341|012|676|0|30300088|130010002|130752372|1|20220521|200911|8001168|20220521|211934|8002575|1|1250|0|      |20220521|20220521|0603|2022-06-01 07:03:04
314827|0000000763760880              |20220521|113352|012|674|0|30300002|130010007|130759323|1|20220521|110900|8002133|20220521|120250|8001096|1|1250|0|      |20220521|20220521|0603|2022-06-01 07:03:04
314829|0000000606613931              |20220521|152840|018|676|0|30300072|130010001|130759706|1|20220521|145214|8002906|20220521|153958|8001228|1|1250|0|      |20220521|20220521|0603|2022-06-01 07:03:04
314831|0000000774805423              |20220521|153731|003|676|0|30300051|130010008|130752112|1|20220521|144041|8002603|20220521|155844|8001097|1|1250|0|      |20220521|20220521|0603|2022-06-01 07:03:04
314833|0000000640317467              |20220521|064319|006|674|0|30300002|130010007|130759313|1|20220521|054203|8001419|20220521|065104|8002252|1|1250|0|      |20220521|20220521|0603|2022-06-01 07:03:04
314835|0000000766490783              |20220521|103756|015|676|0|30300072|130010001|130759435|1|20220521|084744|8001575|20220521|104550|8002235|1|1250|0|      |20220521|20220521|0603|2022-06-01 07:03:04
314837|0000000771917823              |20220521|101813|021|676|0|30300068|130010006|130752008|1|20220521|083000|8002790|20220521|103558|8001097|1|1250|0|      |20220521|20220521|0603|2022-06-01 07:03:04
314839|0000000742180580              |20220521|091311|003|676|0|30300071|130010009|130759147|1|20220521|061824|8001567|20220521|091445|8002556|1|1250|0|      |20220521|20220521|0603|2022-06-01 07:03:04
314841|0000000910319810              |20220521|185435|021|675|0|30300055|130010014|130753268|1|20220521|181258|8002339|20220521|190545|8002631|1|1250|0|      |20220521|20220521|0603|2022-06-01 07:03:04
314843|0000000722420413              |20220521|191250|027|676|0|30300051|130010008|130752101|1|20220521|165527|8001028|20220521|192700|8001155|1|1250|0|      |20220521|20220521|0603|2022-06-01 07:03:04
314845|0000000647441812              |20220521|191534|003|676|0|30300069|130010001|130759715|1|20220521|184458|8001587|20220521|192901|8007517|1|1250|0|      |20220521|20220521|0603|2022-06-01 07:03:04
314847|0000000601190012              |20220521|195505|023|675|0|30300083|130010001|130759710|1|20220521|170124|8002286|20220521|200431|8002823|1|1250|0|      |20220521|20220521|0603|2022-06-01 07:03:04
314849|0000000741528032              |20220521|193616|003|675|0|30300091|130010013|130759876|1|20220521|180844|8005504|20220521|194500|8001385|1|1250|0|      |20220521|20220521|0603|2022-06-01 07:03:04
314851|0000000917956990              |20220521|193520|010|674|0|30300002|130010007|130759315|1|20220521|191831|8002437|20220521|200045|8001536|1|1250|0|      |20220521|20220521|0603|2022-06-01 07:03:04
314853|0000000774330517              |20220521|210003|011|676|0|30300090|130010005|130759215|1|20220521|130831|8007553|20220521|210851|8002412|1|1250|0|      |20220521|20220521|0603|2022-06-01 07:03:04
315260|0000000400193969              |20220521|054457|031|678|0|30300074|130010014|130753614|1|20220521|053650|8002621|20220521|055019|8002634|1|1250|0|      |20220521|20220521|0603|2022-06-01 07:03:04
315262|0000000693927775              |20220521|070403|024|675|0|30300053|130010002|130752394|1|20220521|062134|8001118|20220521|070846|8001029|1|1250|0|      |20220521|20220521|0603|2022-06-01 07:03:04
315264|0000000788669134              |20220521|092750|010|676|0|30300038|130010014|130753524|1|20220521|073902|8002914|20220521|102230|8001553|1|1250|0|      |20220521|20220521|0603|2022-06-01 07:03:04
315266|0000000791707034              |20220521|074635|027|675|0|30300108|130010007|130759339|1|20220521|072117|8007322|20220521|080954|8003069|1|1250|0|      |20220521|20220521|0603|2022-06-01 07:03:04
315268|0000000400191378              |20220521|071454|011|673|0|30300001|130510004|130751005|1|20220521|062815|8002395|20220521|071922|8002412|1|1100|0|      |20220521|20220521|0603|2022-06-01 07:03:04
315270|0000000788551443              |20220521|104127|029|676|0|30300070|130010004|130752605|1|20220521|102750|8002753|20220521|104325|8001646|1|1250|0|      |20220521|20220521|0603|2022-06-01 07:03:04
315272|0000000789971194              |20220521|111350|006|676|0|30300037|130010006|130752038|1|20220521|101944|8002075|20220521|115842|9002077|1|1250|0|      |20220521|20220521|0603|2022-06-01 07:03:04
315274|0000000789193074              |20220521|142024|017|675|3|30300060|130010014|130753240|1|20220521|131852|8002276|20220521|144808|8002706|1|0|0|      |20220521|20220521|0603|2022-06-01 07:03:04
315276|0000000788690063              |20220521|153244|022|681|0|30300042|130010009|130759125|1|20220521|143909|8002403|20220521|155718|8005106|1|1250|200|      |20220521|20220521|0603|2022-06-01 07:03:04
315278|0000000789773554              |20220521|161159|018|677|0|30300129|130010009|130759115|4|20220521|151622|8007347|20220521|161739|8007462|1|750|350|      |20220521|20220521|0603|2022-06-01 07:03:04
315280|0000000787842873              |20220521|200915|029|675|0|30300091|130010013|130759812|1|20220521|191602|8002240|20220521|201521|8001876|1|1250|0|      |20220521|20220521|0603|2022-06-01 07:03:04
315282|0000000698245821              |20220521|201640|001|675|0|30300049|130010004|130752216|1|20220521|181046|8001715|20220521|203538|8001903|1|1250|0|      |20220521|20220521|0603|2022-06-01 07:03:04
315284|0000000792886150              |20220521|201759|008|675|0|30300078|130010008|130752170|1|20220521|200601|8002733|20220521|203920|8007275|1|1250|0|      |20220521|20220521|0603|2022-06-01 07:03:04
315691|0000000789552992              |20220521|083347|010|832|0|30300128|130710001|130759921|1|20220521|055422|8007292|20220521|090343|8001420|1|1700|300|      |20220521|20220521|0603|2022-06-01 07:03:04
313631|0000000759495962              |20220521|201121|016|676|0|30300089|130010011|130759576|1|20220521|122249|8001476|20220521|201531|8002929|1|1250|0|      |20220521|20220521|0603|2022-06-01 07:03:04
313633|0000000776431108              |20220521|203354|009|676|0|30300043|130010015|130759609|1|20220521|191412|8001429|20220521|204916|8002255|1|1250|0|      |20220521|20220521|0603|2022-06-01 07:03:04
313635|0000000702525573              |20220521|202607|004|675|0|30300050|130010007|130759370|1|20220521|195950|8007549|20220521|203731|8002721|1|1250|0|      |20220521|20220521|0603|2022-06-01 07:03:04
313637|0000000724284039              |20220521|172154|002|676|0|30300040|130010013|130759834|1|20220521|171931|8002941|20220521|173614|8001596|1|1250|0|      |20220521|20220521|0603|2022-06-01 07:03:04
314044|0000000778747552              |20220521|090713|030|675|0|30300059|130010004|130752218|1|20220521|083429|8002230|20220521|091130|8001949|1|1250|0|      |20220521|20220521|0603|2022-06-01 07:03:04
314046|0000000666068789              |20220521|100600|007|675|0|30300047|130010001|130759705|1|20220521|100213|8001193|20220521|100847|8002411|1|1250|0|      |20220521|20220521|0603|2022-06-01 07:03:04
314048|0000000669895315              |20220521|070713|022|676|0|30300051|130010008|130752100|1|20220521|064721|8001372|20220521|072225|8001489|1|1250|0|      |20220521|20220521|0603|2022-06-01 07:03:04
314050|0000000764695010              |20220521|195937|001|675|0|30300055|130010014|130753208|1|20220521|192135|8002156|20220521|200417|8002631|1|1250|0|      |20220521|20220521|0603|2022-06-01 07:03:04
314052|0000000903559975              |20220521|195509|006|675|0|30300058|130010004|130752292|1|20220521|192840|8002905|20220521|200923|8001875|1|1250|0|      |20220521|20220521|0603|2022-06-01 07:03:04
314054|0000000662409532              |20220521|203136|003|676|0|30300054|130010007|130759360|1|20220521|200032|8002814|20220521|203319|8001567|1|1250|0|      |20220521|20220521|0603|2022-06-01 07:03:04
314056|0000000903895011              |20220521|163300|028|676|0|30300041|130010012|130753334|1|20220521|162935|8001641|20220521|165138|8002720|1|1250|0|      |20220521|20220521|0603|2022-06-01 07:03:04
314058|0000000724121802              |20220521|175437|023|675|0|30300066|130010015|130759606|1|20220521|173904|8002328|20220521|180054|8001846|1|1250|0|      |20220521|20220521|0603|2022-06-01 07:03:04
314060|0000000760319115              |20220521|182536|010|674|0|30300002|130010007|130759315|1|20220521|173936|8001430|20220521|183508|8001096|1|1250|0|      |20220521|20220521|0603|2022-06-01 07:03:04
314062|0000000763585643              |20220521|211356|006|676|0|30300037|130010006|130759016|1|20220521|202302|8001296|20220521|211735|8002411|1|1250|0|      |20220521|20220521|0603|2022-06-01 07:03:04
314064|0000000751630056              |20220521|214459|030|674|0|30300104|130010002|130752303|1|20220521|212631|8001013|20220521|220813|8001567|1|1250|0|      |20220521|20220521|0603|2022-06-01 07:03:04
314066|0000000917998405              |20220521|115008|027|676|0|30300088|130010002|130752370|1|20220521|110426|8002722|20220521|121359|8001555|1|1250|0|      |20220521|20220521|0603|2022-06-01 07:03:04
314068|0000000660823091              |20220521|124242|013|676|0|30300041|130010012|130753313|1|20220521|124021|8001803|20220521|125657|8001534|1|1250|0|      |20220521|20220521|0603|2022-06-01 07:03:04
314070|0000000656583164              |20220521|134301|001|675|0|30300067|130010001|130759707|1|20220521|125738|8002630|20220521|135345|8002636|1|1250|0|      |20220521|20220521|0603|2022-06-01 07:03:04
314477|0000000657258975              |20220521|161913|025|676|0|30300040|130010013|130759873|1|20220521|142309|8001085|20220521|162408|8007275|1|1250|0|      |20220521|20220521|0603|2022-06-01 07:03:04
314479|0000000725891617              |20220521|084738|013|676|0|30300037|130010006|130752073|1|20220521|084353|8002920|20220521|091638|8002559|1|1250|0|      |20220521|20220521|0603|2022-06-01 07:03:04
314481|0000000749116866              |20220521|093544|016|674|0|30300104|130010002|130752355|1|20220521|092557|8001081|20220521|095701|8001425|1|1250|0|      |20220521|20220521|0603|2022-06-01 07:03:04
314483|0000000741239581              |20220521|102959|002|681|0|30300006|130010002|130752318|1|20220521|093910|8007544|20220521|105444|8001492|1|1250|0|      |20220521|20220521|0603|2022-06-01 07:03:04
314485|0000000764090815              |20220521|082321|024|675|0|30300058|130010004|130752251|1|20220521|075420|8001419|20220521|084401|8001654|1|1250|0|      |20220521|20220521|0603|2022-06-01 07:03:04
314487|0000000634236235              |20220521|193458|001|674|0|30300104|130010002|130752341|1|20220521|190603|8070017|20220521|194056|8001028|1|1250|0|      |20220521|20220521|0603|2022-06-01 07:03:04
314489|0000000700914207              |20220521|171038|018|675|0|30300055|130010014|130753218|1|20220521|164300|8001934|20220521|173820|8001349|1|1250|0|      |20220521|20220521|0603|2022-06-01 07:03:04
314491|0000000759892016              |20220521|173022|022|676|0|30300038|130010014|130753506|1|20220521|143053|8002914|20220521|175921|8002635|1|1250|0|      |20220521|20220521|0603|2022-06-01 07:03:04
314493|0000000774220713              |20220521|210926|023|675|0|30300045|130010006|130752048|1|20220521|202859|8002410|20220521|212707|8070045|1|1250|0|      |20220521|20220521|0603|2022-06-01 07:03:04
314495|0000000741237414              |20220521|121134|031|675|0|30300055|130010014|130753212|1|20220521|071718|8001529|20220521|124917|8001847|1|1250|0|      |20220521|20220521|0603|2022-06-01 07:03:04
314497|0000000743274487              |20220521|141915|005|675|0|30300064|130010015|130759670|1|20220521|134430|8001527|20220521|142118|8002454|1|1250|0|      |20220521|20220521|0603|2022-06-01 07:03:04
314499|0000000725842303              |20220521|110827|024|676|0|30300040|130010013|130759834|1|20220521|103832|8002953|20220521|114655|8002899|1|1250|0|      |20220521|20220521|0603|2022-06-01 07:03:04
314501|0000000703065863              |20220521|144630|027|676|0|30300041|130010012|130753305|1|20220521|140727|8001076|20220521|150009|8001743|1|1250|0|      |20220521|20220521|0603|2022-06-01 07:03:04
314908|0000000910319810              |20220521|180013|019|676|0|30300037|130010006|130752038|1|20220521|165745|8001097|20220521|180647|8002339|1|1250|0|      |20220521|20220521|0603|2022-06-01 07:03:04
314910|0000000757130507              |20220521|180321|006|674|0|30300002|130010007|130759315|1|20220521|173936|8002133|20220521|182325|8001430|1|1250|0|      |20220521|20220521|0603|2022-06-01 07:03:04
314912|0000000662473912              |20220521|183200|030|675|0|30300081|130010011|130759514|1|20220521|163307|8001005|20220521|185229|8001745|1|1250|0|      |20220521|20220521|0603|2022-06-01 07:03:04
314914|0000000711319214              |20220521|223118|008|676|0|30300089|130010011|130759512|1|20220521|145752|8001418|20220521|225335|8002556|1|1250|0|      |20220521|20220521|0603|2022-06-01 07:03:04
314916|0000000758527687              |20220521|115311|013|675|0|30300078|130010008|130752163|1|20220521|060433|8002616|20220521|120152|8007280|1|1250|0|      |20220521|20220521|0603|2022-06-01 07:03:04
314918|0000000903462951              |20220521|122729|006|676|0|30300087|130010015|130759631|1|20220521|060321|8002133|20220521|123839|8002093|1|1250|0|      |20220521|20220521|0603|2022-06-01 07:03:04
312061|0000000620473792              |20220521|120143|019|675|0|30300075|130010005|130759270|1|20220521|105346|8002880|20220521|120907|8001992|1|1250|0|      |20220521|20220521|0603|2022-06-01 07:03:04
312063|0000000763314840              |20220521|121925|001|675|0|30300057|130010001|130759489|1|20220521|114142|8001414|20220521|122733|8002571|1|1250|0|      |20220521|20220521|0603|2022-06-01 07:03:04
312065|0000000726536492              |20220521|123343|008|679|0|30300063|130010001|130759487|1|20220521|114616|8002980|20220521|124533|8002357|1|1250|0|      |20220521|20220521|0603|2022-06-01 07:03:04
312067|0000000724019464              |20220521|124205|025|679|0|30300063|130010001|130759410|1|20220521|120713|8001660|20220521|125056|8002457|1|1250|0|      |20220521|20220521|0603|2022-06-01 07:03:04
312069|0000000738233693              |20220521|125903|002|675|0|30300065|130010004|130752268|1|20220521|121900|8002572|20220521|130605|8002690|1|1250|0|      |20220521|20220521|0603|2022-06-01 07:03:04
312071|0000000741298015              |20220521|130737|028|675|0|30300075|130010005|130759211|1|20220521|120624|8001421|20220521|131644|8002286|1|1250|0|      |20220521|20220521|0603|2022-06-01 07:03:04
312451|0000000400203308              |20220521|172507|011|675|0|30300058|130010004|130752263|1|20220521|165303|8001927|20220521|174058|8001418|1|1250|0|      |20220521|20220521|0603|2022-06-01 07:03:04
312453|0000000788520963              |20220521|172736|016|676|0|30300037|130010006|130759011|4|20220521|164812|8002559|20220521|174924|8001097|1|750|0|      |20220521|20220521|0603|2022-06-01 07:03:04
312455|0000000687222847              |20220521|173713|024|676|0|30300054|130010007|130759361|1|20220521|152430|8001567|20220521|175758|8001303|1|1250|0|      |20220521|20220521|0603|2022-06-01 07:03:04
312457|0000000698808521              |20220521|213321|009|676|0|30300051|130010008|130752108|1|20220521|205212|8001927|20220521|215505|8001039|1|1250|0|      |20220521|20220521|0603|2022-06-01 07:03:04
312459|0000000698975941              |20220521|113557|031|675|2|30300049|130010004|130752289|1|20220521|102147|8001927|20220521|115442|8001659|1|0|0|      |20220521|20220521|0603|2022-06-01 07:03:04
312461|0000000792813353              |20220521|140940|013|676|0|30300072|130010001|130759435|1|20220521|084744|8002559|20220521|141430|8001576|1|1250|0|      |20220521|20220521|0603|2022-06-01 07:03:04
312463|0000001110445985              |20220521|141928|005|675|1|30300082|130010001|130759770|1|20220521|130400|8001567|20220521|142358|8001394|1|0|0|      |20220521|20220521|0603|2022-06-01 07:03:04
312465|0000000786722761              |20220521|103313|003|676|1|30300054|130010007|130759381|1|20220521|094957|8001567|20220521|103607|8002556|1|0|0|      |20220521|20220521|0603|2022-06-01 07:03:04
312467|0000000690559150              |20220521|072830|003|674|0|30300002|130010007|130759323|1|20220521|072302|8001794|20220521|084105|8002981|1|1250|0|      |20220521|20220521|0603|2022-06-01 07:03:04
312469|0000000692161346              |20220521|104402|016|676|0|30300054|130010007|130759361|1|20220521|100215|8001567|20220521|111409|8001793|1|1250|0|      |20220521|20220521|0603|2022-06-01 07:03:04
312471|0000000699945539              |20220521|144258|017|674|0|30300002|130010007|130759322|1|20220521|142621|8001794|20220521|150425|8002133|1|1250|0|      |20220521|20220521|0603|2022-06-01 07:03:04
312473|0000000785744813              |20220521|160251|012|676|0|30300038|130010014|130753502|1|20220521|153452|8003003|20220521|162350|8001596|1|1250|0|      |20220521|20220521|0603|2022-06-01 07:03:04
312475|0000000791349568              |20220521|190520|013|675|0|30300061|130010015|130759617|1|20220521|185859|8001527|20220521|192555|8005526|1|1250|0|      |20220521|20220521|0603|2022-06-01 07:03:04
312477|0000000400182206              |20220521|183442|016|675|0|30300064|130010015|130759625|1|20220521|175502|8001527|20220521|184322|8001404|1|1250|0|      |20220521|20220521|0603|2022-06-01 07:03:04
312857|0000000785588778              |20220521|084932|009|674|1|30300002|130010007|130759318|1|20220521|075802|8002259|20220521|091942|8001793|1|0|0|      |20220521|20220521|0603|2022-06-01 07:03:04
312859|0000000693111222              |20220521|102929|015|674|0|30300002|130010007|130759331|1|20220521|092855|8002134|20220521|105044|9001783|1|1250|0|      |20220521|20220521|0603|2022-06-01 07:03:04
312861|0000000691081242              |20220521|104819|025|676|0|30300070|130010004|130752283|1|20220521|094121|8002287|20220521|105512|8002826|1|1250|0|      |20220521|20220521|0603|2022-06-01 07:03:04
312863|0000000476530403              |20220521|101240|007|674|0|30300002|130010007|130759315|1|20220521|100215|8002050|20220521|110418|8001994|1|1250|0|      |20220521|20220521|0603|2022-06-01 07:03:04
312865|0000000692184291              |20220521|140845|007|674|0|30300002|130010007|130759306|1|20220521|130522|8001994|20220521|143706|8002833|1|1250|0|      |20220521|20220521|0603|2022-06-01 07:03:04
312867|0000001110445937              |20220521|154057|004|674|0|30300002|130010007|130759321|1|20220521|142207|8005994|20220521|154856|8002743|2|2500|0|      |20220521|20220521|0603|2022-06-01 07:03:04
312869|0000000400188714              |20220521|161400|007|674|0|30300002|130010007|130759331|1|20220521|152150|8002880|20220521|163338|8005994|1|1250|0|      |20220521|20220521|0603|2022-06-01 07:03:04
312871|0000000695396261              |20220521|170511|031|676|0|30300087|130010008|130752159|1|20220521|160709|8001576|20220521|171301|8002235|1|1250|0|      |20220521|20220521|0603|2022-06-01 07:03:04
312873|0000000693903972              |20220521|174023|014|676|0|30300040|130010007|130759388|1|20220521|170056|8002953|20220521|182112|8001611|1|1250|0|      |20220521|20220521|0603|2022-06-01 07:03:04
312875|0000000796570920              |20220521|212345|006|676|0|30300040|130010013|130759818|1|20220521|205515|8001063|20220521|213814|8002759|1|1250|0|      |20220521|20220521|0603|2022-06-01 07:03:04
312877|0000000400174884              |20220521|122223|010|676|0|30300087|130010008|130752151|1|20220521|103311|8002541|20220521|122919|8002544|1|1250|0|      |20220521|20220521|0603|2022-06-01 07:03:04
312879|0000000785350239              |20220521|123208|013|676|0|30300087|130010015|130759621|4|20220521|115013|8001232|20220521|123849|8002969|1|750|0|      |20220521|20220521|0603|2022-06-01 07:03:04
312881|0000000792839256              |20220521|081019|029|676|0|30300087|130010015|130759631|1|20220521|060321|8007252|20220521|083814|8002460|1|1250|0|      |20220521|20220521|0603|2022-06-01 07:03:04
313261|0000000483466545              |20220521|120500|022|677|0|30300129|130010009|130759163|1|20220521|113332|8001676|20220521|121311|8007208|1|1250|0|      |20220521|20220521|0603|2022-06-01 07:03:04
313263|0000000789136035              |20220521|124626|026|675|0|30300108|130010007|130759371|1|20220521|121448|8001273|20220521|130254|8002742|1|1250|0|      |20220521|20220521|0603|2022-06-01 07:03:04
313265|0000000792199557              |20220521|130049|016|675|0|30300108|130010007|130759303|1|20220521|125507|8003070|20220521|131431|8070044|1|1250|0|      |20220521|20220521|0603|2022-06-01 07:03:04
313267|0000000400143941              |20220521|134804|010|675|0|30300094|130010014|130753609|1|20220521|121100|8002338|20220521|135610|8001913|1|1250|0|      |20220521|20220521|0603|2022-06-01 07:03:04
317215|0000000725853345              |20220521|140747|015|678|0|30300074|130010014|130753248|1|20220521|134647|8007372|20220521|141737|8001741|1|1250|0|      |20220521|20220521|0603|2022-06-01 07:03:04
317217|0000000711480781              |20220521|144733|021|675|0|30300094|130010014|130753616|1|20220521|142922|8001596|20220521|145607|8002538|1|1250|0|      |20220521|20220521|0603|2022-06-01 07:03:04
317219|0000000742742122              |20220521|150436|019|675|0|30300064|130010015|130759623|1|20220521|143720|8001412|20220521|152130|8001626|1|1250|0|      |20220521|20220521|0603|2022-06-01 07:03:04
317221|0000000634717004              |20220521|100940|023|674|0|30300100|130010002|130752382|1|20220521|095315|8002330|20220521|102436|8001493|1|1250|0|      |20220521|20220521|0603|2022-06-01 07:03:04
317223|0000000635063726              |20220521|105322|004|676|0|30300037|130010006|130752062|1|20220521|093653|8007540|20220521|110533|8002921|1|1250|0|      |20220521|20220521|0603|2022-06-01 07:03:04
317225|0000000644779840              |20220521|192158|026|675|0|30300057|130010001|130759489|1|20220521|190412|8002358|20220521|195555|8001281|1|1250|0|      |20220521|20220521|0603|2022-06-01 07:03:04
317227|0000000903721013              |20220521|202620|015|676|0|30300093|130010004|130752219|1|20220521|200611|8001418|20220521|203005|8001995|1|1250|0|      |20220521|20220521|0603|2022-06-01 07:03:04
317229|0000000718661343              |20220521|162722|028|675|0|30300058|130010004|130752222|1|20220521|160746|8001852|20220521|170948|8002904|1|1250|0|      |20220521|20220521|0603|2022-06-01 07:03:04
317640|0000000903628843              |20220521|162226|009|832|0|30300128|130710001|130759925|1|20220521|142528|8007057|20220521|165618|8007280|1|1700|300|      |20220521|20220521|0603|2022-06-01 07:03:04
317642|0000000770647274              |20220521|180925|004|832|1|30300128|130710001|130759925|1|20220521|142528|8007412|20220521|185223|8007052|1|450|300|      |20220521|20220521|0603|2022-06-01 07:03:04
317644|0000000768613312              |20220521|180947|004|832|0|30300128|130710001|130759925|1|20220521|142528|8007412|20220521|184721|8007297|1|1700|300|      |20220521|20220521|0603|2022-06-01 07:03:04
317646|0000000717556425              |20220521|181024|027|832|0|30300128|130710001|130759925|1|20220521|142528|8007412|20220521|185349|3053005|1|1700|300|      |20220521|20220521|0603|2022-06-01 07:03:04
317648|0000000645125320              |20220521|182226|002|832|1|30300128|130710001|130759925|1|20220521|142528|8007279|20220521|184258|8007291|1|450|300|      |20220521|20220521|0603|2022-06-01 07:03:04
317650|0000000660954132              |20220521|182230|023|832|1|30300128|130710001|130759925|1|20220521|142528|8007279|20220521|184423|8007293|1|450|300|      |20220521|20220521|0603|2022-06-01 07:03:04
317652|0000000905718988              |20220521|183256|013|832|0|30300128|130710001|130759925|1|20220521|142528|8007289|20220521|185521|3054003|1|1700|300|      |20220521|20220521|0603|2022-06-01 07:03:04
317654|0000000746216170              |20220521|180933|002|832|1|30300128|130710001|130759925|1|20220521|142528|8007412|20220521|185526|3054003|1|450|300|      |20220521|20220521|0603|2022-06-01 07:03:04
317656|0000000776827441              |20220521|180949|021|832|0|30300128|130710001|130759925|1|20220521|142528|8007412|20220521|190013|3056003|1|1700|300|      |20220521|20220521|0603|2022-06-01 07:03:04
317658|0000000772588107              |20220521|181010|002|832|1|30300128|130710001|130759925|1|20220521|142528|8007412|20220521|185654|3062006|1|450|300|      |20220521|20220521|0603|2022-06-01 07:03:04
317660|0000000637318055              |20220521|181019|024|832|1|30300128|130710001|130759925|1|20220521|142528|8007412|20220521|185527|3054003|1|450|300|      |20220521|20220521|0603|2022-06-01 07:03:04
317662|0000000776911239              |20220521|182221|006|832|1|30300128|130710001|130759925|1|20220521|142528|8007279|20220521|185529|3054003|1|450|300|      |20220521|20220521|0603|2022-06-01 07:03:04
317664|0000000702021129              |20220521|183249|030|832|0|30300128|130710001|130759925|1|20220521|142528|8007289|20220521|190008|3056003|1|1700|300|      |20220521|20220521|0603|2022-06-01 07:03:04
318071|0000000739230622              |20220521|142646|006|679|1|30300063|130010001|130759406|1|20220521|132521|8001834|20220521|145457|8005911|1|0|100|      |20220521|20220521|0603|2022-06-01 07:03:04
318073|0000000769531473              |20220521|140424|008|680|2|30300052|130010002|130752337|1|20220521|132804|8002545|20220521|143352|8007115|1|0|100|      |20220521|20220521|0603|2022-06-01 07:03:04
318075|0000000754787150              |20220521|160905|008|679|0|30300063|130010001|130759748|1|20220521|143422|8007214|20220521|164614|8002456|1|1200|100|      |20220521|20220521|0603|2022-06-01 07:03:04
318077|0000000747927705              |20220521|075241|010|679|0|30300063|130010001|130759488|1|20220521|074011|8007214|20220521|083713|8001412|1|1200|100|      |20220521|20220521|0603|2022-06-01 07:03:04
318079|0000000743678377              |20220521|091629|025|679|0|30300063|130010001|130759773|1|20220521|082357|8001470|20220521|093839|8005122|1|1250|100|      |20220521|20220521|0603|2022-06-01 07:03:04
318081|0000000763404111              |20220521|090919|026|678|0|30300074|130110001|130745026|1|20220521|055840|8005032|20220521|093151|8002824|1|1250|450|      |20220521|20220521|0603|2022-06-01 07:03:04
318083|0000000618905640              |20220521|083804|003|679|0|30300063|130010001|130759774|1|20220521|080035|8002981|20220521|091630|8005122|1|1250|100|      |20220521|20220521|0603|2022-06-01 07:03:04
318094|0000000611625290              |20220521|122247|006|832|0|30300128|130710001|130759922|1|20220521|061032|8007057|20220521|131639|8007268|2|2400|600|      |20220521|20220521|0603|2022-06-01 07:03:04
318096|0000000708058623              |20220521|121328|016|832|1|30300128|130710001|130759922|1|20220521|061032|3056002|20220521|131634|8007268|1|300|300|      |20220521|20220521|0603|2022-06-01 07:03:04
318098|0000000661407318              |20220521|122831|001|832|0|30300128|130710001|130759922|4|20220521|061032|8007296|20220521|130501|8007270|2|2200|600|      |20220521|20220521|0603|2022-06-01 07:03:04
318100|0000000908614728              |20220521|123502|006|832|1|30300128|130710001|130759922|1|20220521|061032|8007292|20220521|125623|8007280|1|300|300|      |20220521|20220521|0603|2022-06-01 07:03:04
318264|0000000715806630              |20220521|114439|010|832|0|30300128|130710001|130759919|1|20220521|053033|8007294|20220521|121100|8007280|1|1700|300|      |20220521|20220521|0603|2022-06-01 07:03:04
318266|0000000645347300              |20220521|114937|002|832|0|30300128|130710001|130759919|1|20220521|053033|8007292|20220521|121636|8007274|1|1700|300|      |20220521|20220521|0603|2022-06-01 07:03:04
318268|0000000763074424              |20220521|112538|008|832|0|30300128|130710001|130759919|1|20220521|053033|3014017|20220521|122340|8001420|1|1700|300|      |20220521|20220521|0603|2022-06-01 07:03:04
318270|0000000637808081              |20220521|112814|022|832|0|30300128|130710001|130759919|1|20220521|053033|3056002|20220521|122702|8001420|1|1700|300|      |20220521|20220521|0603|2022-06-01 07:03:04
318272|0000000665781638              |20220521|113249|024|832|0|30300128|130710001|130759919|1|20220521|053033|3062004|20220521|121035|8007280|1|1700|300|      |20220521|20220521|0603|2022-06-01 07:03:04
315581|0000000792866428              |20220521|083026|001|676|0|30300069|130010001|130759411|1|20220521|080937|8007518|20220521|084432|8002279|1|1250|0|      |20220521|20220521|0603|2022-06-01 07:03:04
315988|0000000695906976              |20220521|180929|016|832|1|30300128|130710001|130759925|1|20220521|142528|8007412|20220521|184525|8007293|1|450|300|      |20220521|20220521|0603|2022-06-01 07:03:04
315990|0000000694124124              |20220521|181016|003|832|0|30300128|130710001|130759925|1|20220521|142528|8007412|20220521|185234|8007052|1|1700|300|      |20220521|20220521|0603|2022-06-01 07:03:04
315992|0000000788171842              |20220521|210923|019|674|3|30300002|130010007|130759334|1|20220521|195631|8001096|20220521|213009|8001789|1|0|0|      |20220521|20220521|0603|2022-06-01 07:03:04
315994|0000001110034413              |20220521|214328|031|832|1|30300128|130710001|130759925|1|20220521|142528|8007412|20220521|222149|8007297|1|450|300|      |20220521|20220521|0603|2022-06-01 07:03:04
315996|0000000695295548              |20220521|133838|001|676|0|30300037|130010006|130759023|1|20220521|131205|8001096|20220521|134612|8002658|1|1250|0|      |20220521|20220521|0603|2022-06-01 07:03:04
315998|0000000785107815              |20220521|141632|019|676|0|30300037|130010006|130752062|1|20220521|135024|8001096|20220521|143100|8002075|1|1250|0|      |20220521|20220521|0603|2022-06-01 07:03:04
316000|0000000699529683              |20220521|054621|029|832|0|30300128|130710001|130759918|1|20220521|052020|8007412|20220521|062341|8007293|1|1700|300|      |20220521|20220521|0603|2022-06-01 07:03:04
316002|0000000400134407              |20220521|060154|015|832|1|30300128|130710001|130759919|1|20220521|053033|8007412|20220521|064312|8007297|1|450|300|      |20220521|20220521|0603|2022-06-01 07:03:04
316004|0000000692442135              |20220521|080139|026|832|1|30300128|130710001|130759932|1|20220521|075523|8007412|20220521|084547|3053005|1|450|300|      |20220521|20220521|0603|2022-06-01 07:03:04
316006|0000000692360112              |20220521|084433|024|832|1|30300128|130710001|130759914|1|20220521|055729|8007412|20220521|092824|3053005|1|450|300|      |20220521|20220521|0603|2022-06-01 07:03:04
316008|0000000791661461              |20220521|100021|026|832|2|30300128|130710001|130759920|1|20220521|052743|8007412|20220521|105250|3056003|1|450|300|      |20220521|20220521|0603|2022-06-01 07:03:04
316010|0000000400205861              |20220521|113647|016|676|0|30300040|130010007|130759367|1|20220521|111807|8001096|20220521|113931|8002157|2|2500|0|      |20220521|20220521|0603|2022-06-01 07:03:04
316012|0000000787157753              |20220521|150527|001|676|0|30300051|130010008|130752101|1|20220521|132547|8001096|20220521|152004|8002454|1|1250|0|      |20220521|20220521|0603|2022-06-01 07:03:04
316014|0000001118192569              |20220521|152848|001|676|0|30300041|130010012|130753303|1|20220521|151001|8001096|20220521|160450|8001077|1|1250|0|      |20220521|20220521|0603|2022-06-01 07:03:04
316421|0000000782011939              |20220521|200218|010|676|1|30300039|130010005|130759269|1|20220521|160843|8002974|20220521|200635|8002142|1|0|0|      |20220521|20220521|0603|2022-06-01 07:03:04
316423|0000000699280174              |20220521|204515|008|676|0|30300088|130010002|130752356|1|20220521|204122|8002134|20220521|205417|8001794|1|1250|0|      |20220521|20220521|0603|2022-06-01 07:03:04
316425|0000000692890472              |20220521|210538|027|675|1|30300055|130010014|130753265|1|20220521|203151|8001414|20220521|211938|8002894|1|0|0|      |20220521|20220521|0603|2022-06-01 07:03:04
316427|0000000785672359              |20220521|121505|011|676|0|30300038|130010014|130753500|1|20220521|114611|8001054|20220521|122435|8002914|1|1250|0|      |20220521|20220521|0603|2022-06-01 07:03:04
316429|0000000400199298              |20220521|134948|009|675|0|30300082|130010001|130759739|1|20220521|111603|8001746|20220521|135626|8001791|1|1250|0|      |20220521|20220521|0603|2022-06-01 07:03:04
316431|0000000698631191              |20220521|075423|015|676|1|30300090|130010005|130759219|1|20220521|072201|8002453|20220521|080207|8002850|1|0|0|      |20220521|20220521|0603|2022-06-01 07:03:04
316433|0000000699263853              |20220521|151335|002|675|0|30300046|130010002|130752366|1|20220521|145411|8001525|20220521|152949|8001643|1|1250|0|      |20220521|20220521|0603|2022-06-01 07:03:04
316435|0000000697940823              |20220521|155322|014|676|3|30300040|130010007|130759388|1|20220521|151044|8002870|20220521|155631|8005865|1|0|0|      |20220521|20220521|0603|2022-06-01 07:03:04
316437|0000000789449406              |20220521|191904|007|675|0|30300083|130010001|130759480|1|20220521|133548|8002570|20220521|193027|8002826|1|1250|0|      |20220521|20220521|0603|2022-06-01 07:03:04
316439|0000000780935932              |20220521|195107|004|676|0|30300041|130010012|130753309|1|20220521|173710|8002971|20220521|201501|8001651|1|1250|0|      |20220521|20220521|0603|2022-06-01 07:03:04
316441|0000000789338833              |20220521|165338|008|832|0|30300128|130710001|130759915|1|20220521|063827|8007289|20220521|171601|3053005|1|1700|300|      |20220521|20220521|0603|2022-06-01 07:03:04
316443|0000000485070519              |20220521|174435|002|675|1|30300055|130010014|130753228|1|20220521|130505|8001929|20220521|174856|8005562|1|0|0|      |20220521|20220521|0603|2022-06-01 07:03:04
316445|0000000789131120              |20220521|173835|008|675|0|30300091|130010013|130759816|1|20220521|165731|8002612|20220521|180112|8005994|1|1250|0|      |20220521|20220521|0603|2022-06-01 07:03:04
316852|0000000788641472              |20220521|200853|028|676|0|30300089|130010011|130759575|1|20220521|182951|8002531|20220521|202512|8001922|1|1250|0|      |20220521|20220521|0603|2022-06-01 07:03:04
316854|0000000481039672              |20220521|163728|015|674|0|30300100|130010002|130752345|1|20220521|153343|8001529|20220521|171948|8001916|1|1250|0|      |20220521|20220521|0603|2022-06-01 07:03:04
316856|0000000693095608              |20220521|164156|015|675|0|30300082|130010001|130759772|1|20220521|163848|8005925|20220521|171820|8001587|1|1250|0|      |20220521|20220521|0603|2022-06-01 07:03:04
316858|0000000789141704              |20220521|175857|001|675|0|30300048|130010006|130759010|1|20220521|171402|8002492|20220521|180940|8001273|1|1250|0|      |20220521|20220521|0603|2022-06-01 07:03:04
316860|0000000485448278              |20220521|124403|023|675|0|30300064|130010015|130759683|1|20220521|113653|8002651|20220521|125807|8002628|1|1250|0|      |20220521|20220521|0603|2022-06-01 07:03:04
316862|0000000400206178              |20220521|134731|003|675|1|30300076|130010014|130753271|1|20220521|132657|8001412|20220521|142048|8002387|1|0|0|      |20220521|20220521|0603|2022-06-01 07:03:04
316864|0000000684946764              |20220521|081508|019|681|1|30300006|130010002|130752318|1|20220521|081418|8003105|20220521|091604|8007014|1|0|550|      |20220521|20220521|0603|2022-06-01 07:03:04
316866|0000000400099781              |20220521|071245|024|677|0|30300129|130010009|130759101|1|20220521|062958|8007356|20220521|071756|8007362|1|1250|0|      |20220521|20220521|0603|2022-06-01 07:03:04
316868|0000000684946764              |20220521|075648|019|675|0|30300077|130010006|130759022|1|20220521|064322|8001784|20220521|081106|8001714|1|1250|0|      |20220521|20220521|0603|2022-06-01 07:03:04
322365|0000000921788734              |20220521|062540|013|675|0|30300056|130010012|130753374|1|20220521|060022|8001084|20220521|063814|8001903|1|1250|0|      |20220521|20220521|0603|2022-06-01 07:03:04
322367|0000000911426461              |20220521|062206|013|676|0|30300038|130010014|130753202|1|20220521|053756|8002748|20220521|063102|8002635|1|1250|0|      |20220521|20220521|0603|2022-06-01 07:03:04
322369|0000000759582250              |20220521|082921|013|676|0|30300038|130010014|130753501|1|20220521|081043|8001703|20220521|085728|8002779|1|1250|0|      |20220521|20220521|0603|2022-06-01 07:03:04
322371|0000000460199617              |20220521|182923|030|675|0|30300077|130010006|130752013|1|20220521|182608|8001500|20220521|190258|8002433|1|1250|0|      |20220521|20220521|0603|2022-06-01 07:03:04
322373|0000000656381986              |20220521|203310|025|674|0|30300100|130010002|130752358|1|20220521|202509|8001915|20220521|203911|8001029|1|1250|0|      |20220521|20220521|0603|2022-06-01 07:03:04
322375|0000000900255337              |20220521|173253|028|675|0|30300077|130010006|130752018|1|20220521|141237|8002581|20220521|175451|8002603|1|1250|0|      |20220521|20220521|0603|2022-06-01 07:03:04
322377|0000000678015479              |20220521|212836|014|674|0|30300100|130010002|130752345|1|20220521|200325|8002542|20220521|213706|8001916|1|1250|0|      |20220521|20220521|0603|2022-06-01 07:03:04
322784|0000000752677135              |20220521|125717|025|675|0|30300055|130010014|130753209|1|20220521|061637|8002485|20220521|130250|8001348|1|1250|0|      |20220521|20220521|0603|2022-06-01 07:03:04
322786|0000000626364053              |20220521|133915|005|674|0|30300002|130010007|130759324|1|20220521|130235|8001097|20220521|134942|8002611|1|1250|0|      |20220521|20220521|0603|2022-06-01 07:03:04
322788|0000000466674694              |20220521|112624|031|676|0|30300069|130010001|130759715|1|20220521|092215|8001097|20220521|113228|8002951|1|1250|0|      |20220521|20220521|0603|2022-06-01 07:03:04
322790|0000000613230155              |20220521|104829|017|675|0|30300058|130010004|130752263|1|20220521|095841|8001418|20220521|110851|8005894|1|1250|0|      |20220521|20220521|0603|2022-06-01 07:03:04
322792|0000000624386942              |20220521|140808|022|674|0|30300002|130010007|130759304|1|20220521|134824|8001418|20220521|143634|8002259|1|1250|0|      |20220521|20220521|0603|2022-06-01 07:03:04
322794|0000000746223366              |20220521|150721|030|676|0|30300037|130010006|130752046|1|20220521|140955|8001097|20220521|151552|8002339|1|1250|0|      |20220521|20220521|0603|2022-06-01 07:03:04
322796|0000000750432421              |20220521|155401|023|674|0|30300002|130010007|130759318|1|20220521|152906|8002437|20220521|160840|8001097|1|1250|0|      |20220521|20220521|0603|2022-06-01 07:03:04
322798|0000000762356584              |20220521|090806|031|674|0|30300002|130010007|130759325|1|20220521|085144|8002437|20220521|091849|8001097|1|1250|0|      |20220521|20220521|0603|2022-06-01 07:03:04
322800|0000000905526974              |20220521|071854|014|675|0|30300079|130010009|130759138|1|20220521|053717|8001430|20220521|075821|8001485|1|1250|0|      |20220521|20220521|0603|2022-06-01 07:03:04
322802|0000000636700978              |20220521|184058|006|675|0|30300050|130010007|130759350|1|20220521|181409|8007549|20220521|191331|8002375|1|1250|0|      |20220521|20220521|0603|2022-06-01 07:03:04
322804|0000000725512203              |20220521|164157|027|676|0|30300051|130010008|130752115|1|20220521|164119|8002950|20220521|171925|8001715|1|1250|0|      |20220521|20220521|0603|2022-06-01 07:03:04
322806|0000000904653053              |20220521|162732|031|675|0|30300084|130010001|130759785|1|20220521|144403|8002037|20220521|172256|8001244|1|1250|0|      |20220521|20220521|0603|2022-06-01 07:03:04
322808|0000000626939246              |20220521|175812|031|675|0|30300067|130010001|130759402|1|20220521|171520|8002154|20220521|182640|8001251|1|1250|0|      |20220521|20220521|0603|2022-06-01 07:03:04
322810|0000000910505731              |20220521|223532|013|676|0|30300131|130010008|130752708|1|20220521|215546|8002814|20220521|223702|8002559|1|1250|0|      |20220521|20220521|0603|2022-06-01 07:03:04
323324|0000000785288852              |20220521|104453|013|675|0|30300064|130010015|130759637|1|20220521|102739|8002527|20220521|105210|8001414|1|1250|0|      |20220521|20220521|0603|2022-06-01 07:03:04
323326|0000000784497368              |20220521|073539|013|676|0|30300090|130010005|130759206|1|20220521|072717|8003100|20220521|073851|8070027|1|1250|0|      |20220521|20220521|0603|2022-06-01 07:03:04
323328|0000000692827605              |20220521|093816|017|675|0|30300081|130010011|130759523|1|20220521|092619|8001589|20220521|095307|8002088|1|1250|0|      |20220521|20220521|0603|2022-06-01 07:03:04
323330|0000000400203089              |20220521|092936|018|676|0|30300071|130010009|130759176|1|20220521|091315|8001660|20220521|094904|8001359|1|1250|0|      |20220521|20220521|0603|2022-06-01 07:03:04
323332|0000000400212274              |20220521|112811|016|675|0|30300064|130010015|130759626|1|20220521|104008|8001979|20220521|113447|8007514|1|1250|0|      |20220521|20220521|0603|2022-06-01 07:03:04
323334|0000000699316291              |20220521|143748|004|676|0|30300071|130010009|130759176|1|20220521|140552|8002757|20220521|150000|8001464|1|1250|0|      |20220521|20220521|0603|2022-06-01 07:03:04
323336|0000000686260741              |20220521|145323|016|675|0|30300081|130010011|130759514|1|20220521|131254|8002851|20220521|152303|8001203|1|1250|0|      |20220521|20220521|0603|2022-06-01 07:03:04
323338|0000000792703727              |20220521|155441|002|675|1|30300081|130010011|130759523|1|20220521|145730|8002452|20220521|155950|8001058|1|0|0|      |20220521|20220521|0603|2022-06-01 07:03:04
323340|0000000691881145              |20220521|162520|020|675|1|30300081|130010011|130759523|1|20220521|145730|8005919|20220521|164330|8001710|1|0|0|      |20220521|20220521|0603|2022-06-01 07:03:04
323342|0000000785822888              |20220521|193558|010|675|3|30300047|130010001|130759436|1|20220521|191004|8003053|20220521|193903|8001024|1|0|0|      |20220521|20220521|0603|2022-06-01 07:03:04
323344|0000000400183088              |20220521|165025|028|675|2|30300067|130010001|130759786|1|20220521|161151|8002357|20220521|172510|8002964|1|0|0|      |20220521|20220521|0603|2022-06-01 07:03:04
323346|0000000695444564              |20220521|230309|012|675|0|30300047|130010001|130759433|1|20220521|154042|8002547|20220521|230638|8001488|1|1250|0|      |20220521|20220521|0603|2022-06-01 07:03:04
323348|0000000690870782              |20220521|122020|030|675|1|30300091|130010013|130759816|1|20220521|100057|8001242|20220521|122500|8002127|1|0|0|      |20220521|20220521|0603|2022-06-01 07:03:04
323755|0000000400206164              |20220521|102045|018|676|0|30300087|130010008|130752155|1|20220521|095834|8002093|20220521|102626|8003011|1|1250|0|      |20220521|20220521|0603|2022-06-01 07:03:04
323757|0000000400210791              |20220521|090556|025|676|0|30300087|130010008|130752157|1|20220521|081144|8003006|20220521|093115|8002132|1|1250|0|      |20220521|20220521|0603|2022-06-01 07:03:04
323759|0000000693933767              |20220521|083037|010|676|0|30300051|130010008|130752125|1|20220521|075036|8001940|20220521|083650|8002733|1|1250|0|      |20220521|20220521|0603|2022-06-01 07:03:04
322442|0000000752000346              |20220521|191408|009|675|0|30300060|130010014|130753245|1|20220521|184501|8002969|20220521|191813|8006006|1|1250|0|      |20220521|20220521|0603|2022-06-01 07:03:04
322444|0000000760377905              |20220521|205118|013|676|0|30300037|130010006|130752027|1|20220521|203841|8002340|20220521|205745|8001534|1|1250|0|      |20220521|20220521|0603|2022-06-01 07:03:04
322446|0000000770459203              |20220521|183621|009|675|0|30300060|130010014|130753240|1|20220521|172850|8001869|20220521|185402|8005913|1|1250|0|      |20220521|20220521|0603|2022-06-01 07:03:04
322448|0000000735098222              |20220521|220020|024|675|0|30300046|130010002|130752305|1|20220521|211639|8002411|20220521|221534|8001014|1|1250|0|      |20220521|20220521|0603|2022-06-01 07:03:04
322450|0000000652497601              |20220521|122905|023|675|0|30300060|130010014|130753245|1|20220521|055100|8002915|20220521|123716|8001716|1|1250|0|      |20220521|20220521|0603|2022-06-01 07:03:04
322452|0000000662354686              |20220521|124658|017|676|0|30300037|130010006|130752024|1|20220521|123149|8002343|20220521|125451|8001534|1|1250|0|      |20220521|20220521|0603|2022-06-01 07:03:04
322454|0000000704739004              |20220521|131613|028|675|0|30300060|130010014|130753215|1|20220521|120323|8001869|20220521|132257|8001851|1|1250|0|      |20220521|20220521|0603|2022-06-01 07:03:04
322456|0000000672260551              |20220521|110920|013|676|0|30300037|130010006|130752073|1|20220521|100233|8002721|20220521|111809|8002403|1|1250|0|      |20220521|20220521|0603|2022-06-01 07:03:04
322458|0000000900521665              |20220521|164023|028|676|0|30300037|130010006|130759024|1|20220521|152603|8002485|20220521|165455|8007268|1|1250|0|      |20220521|20220521|0603|2022-06-01 07:03:04
322865|0000000742524803              |20220521|060413|004|676|0|30300090|130010005|130759205|1|20220521|054414|8002850|20220521|061024|8002961|1|1250|0|      |20220521|20220521|0603|2022-06-01 07:03:04
323405|0000000400114880              |20220521|121506|024|679|1|30300063|130010001|130759773|1|20220521|114752|8001660|20220521|124523|8001900|2|1250|0|      |20220521|20220521|0603|2022-06-01 07:03:04
323407|0000000400093829              |20220521|122648|010|675|0|30300076|130010014|130753239|1|20220521|120351|8001868|20220521|125010|8001934|1|1250|0|      |20220521|20220521|0603|2022-06-01 07:03:04
323409|0000000699068661              |20220521|131845|002|675|0|30300076|130010014|130753615|1|20220521|122847|8001630|20220521|133017|8001733|1|1250|0|      |20220521|20220521|0603|2022-06-01 07:03:04
323411|0000000785853129              |20220521|080047|018|675|1|30300095|130010005|130759230|1|20220521|071608|8001368|20220521|080728|8002978|1|0|0|      |20220521|20220521|0603|2022-06-01 07:03:04
323413|0000000400203829              |20220521|091131|020|675|0|30300076|130010014|130753239|1|20220521|053632|8001936|20220521|091803|8001376|1|1250|0|      |20220521|20220521|0603|2022-06-01 07:03:04
323415|0000000699998518              |20220521|062353|004|679|0|30300063|130010001|130759748|1|20220521|053732|8002484|20220521|062540|8002482|1|1250|0|      |20220521|20220521|0603|2022-06-01 07:03:04
323417|0000000400132217              |20220521|075009|017|679|0|30300063|130010001|130759474|1|20220521|072343|8001660|20220521|075519|8001244|1|1250|0|      |20220521|20220521|0603|2022-06-01 07:03:04
323419|0000000400205844              |20220521|094650|021|675|0|30300083|130010001|130759480|1|20220521|092323|8001538|20220521|095729|8001245|1|1250|0|      |20220521|20220521|0603|2022-06-01 07:03:04
323421|0000000692746800              |20220521|112843|012|675|0|30300045|130010006|130752048|1|20220521|112208|8002966|20220521|113740|8002846|1|1250|0|      |20220521|20220521|0603|2022-06-01 07:03:04
323423|0000000400211349              |20220521|110407|016|679|0|30300063|130010001|130759482|1|20220521|104758|8001603|20220521|113148|8001364|1|1250|0|      |20220521|20220521|0603|2022-06-01 07:03:04
323425|0000000693498149              |20220521|150624|022|675|1|30300095|130010011|130759525|1|20220521|150226|8001493|20220521|151741|8001100|1|0|0|      |20220521|20220521|0603|2022-06-01 07:03:04
323427|0000000797232852              |20220521|163154|022|679|0|30300063|130010001|130759474|1|20220521|141344|8001659|20220521|163655|8002357|1|1250|0|      |20220521|20220521|0603|2022-06-01 07:03:04
323429|0000000796085584              |20220521|172607|029|676|0|30300073|130010009|130759112|1|20220521|170717|8003054|20220521|173430|8007271|1|1250|0|      |20220521|20220521|0603|2022-06-01 07:03:04
323836|0000000698581416              |20220521|104805|015|675|0|30300053|130010002|130752384|1|20220521|102727|8001152|20220521|111748|8001950|1|1250|0|      |20220521|20220521|0603|2022-06-01 07:03:04
323838|0000000681777654              |20220521|120235|003|675|0|30300053|130010002|130752384|1|20220521|102727|8001730|20220521|122612|8001916|1|1250|0|      |20220521|20220521|0603|2022-06-01 07:03:04
323840|0000000784922185              |20220521|145321|031|675|0|30300053|130010002|130752387|1|20220521|143157|8001152|20220521|152011|8002966|1|1250|0|      |20220521|20220521|0603|2022-06-01 07:03:04
323842|0000000683484375              |20220521|160758|002|676|0|30300089|130010011|130759577|1|20220521|133017|8002969|20220521|161202|8002814|1|1250|0|      |20220521|20220521|0603|2022-06-01 07:03:04
323844|0000001110404472              |20220521|161200|018|675|0|30300053|130010002|130752387|1|20220521|143157|8001604|20220521|161804|8001279|1|1250|0|      |20220521|20220521|0603|2022-06-01 07:03:04
323846|0000000400173655              |20220521|185107|009|675|0|30300049|130010004|130752276|1|20220521|181130|8001491|20220521|190409|8002754|1|1250|0|      |20220521|20220521|0603|2022-06-01 07:03:04
323848|0000000789346307              |20220521|173935|014|675|0|30300058|130010004|130752266|1|20220521|162806|8001852|20220521|174412|8001668|2|2500|0|      |20220521|20220521|0603|2022-06-01 07:03:04
323850|0000000795590114              |20220521|172949|013|675|0|30300058|130010004|130752222|1|20220521|172938|8001553|20220521|175118|8007272|1|1250|0|      |20220521|20220521|0603|2022-06-01 07:03:04
323852|0000000696186762              |20220521|175923|024|675|0|30300049|130010004|130752248|1|20220521|173659|8001935|20220521|180649|8001715|1|1250|0|      |20220521|20220521|0603|2022-06-01 07:03:04
323854|0000000400114294              |20220521|175347|019|675|1|30300049|130010004|130752286|1|20220521|171619|8001389|20220521|181818|8001494|1|0|0|      |20220521|20220521|0603|2022-06-01 07:03:04
323856|0000000781545455              |20220521|212837|023|675|0|30300058|130010004|130752251|1|20220521|200441|8002065|20220521|213854|8002240|1|1250|0|      |20220521|20220521|0603|2022-06-01 07:03:04
323858|0000000487732895              |20220521|121829|002|675|0|30300058|130010004|130752266|1|20220521|102459|8002605|20220521|123340|8001851|1|1250|0|      |20220521|20220521|0603|2022-06-01 07:03:04
323860|0000000789330831              |20220521|125415|013|675|0|30300058|130010004|130752294|1|20220521|115530|8007271|20220521|130741|8001553|1|1250|0|      |20220521|20220521|0603|2022-06-01 07:03:04
323862|0000000688235840              |20220521|132846|013|675|0|30300058|130010004|130752247|1|20220521|130223|8001854|20220521|133537|8001940|1|1250|0|      |20220521|20220521|0603|2022-06-01 07:03:04
322100|0000000921044733              |20220521|091259|018|674|0|30300100|130010002|130752382|1|20220521|091015|8002678|20220521|094439|8002603|1|1250|0|      |20220521|20220521|0603|2022-06-01 07:03:04
322102|0000000733401668              |20220521|093844|007|674|0|30300100|130010002|130752397|1|20220521|092451|8002107|20220521|100704|8002603|1|1250|0|      |20220521|20220521|0603|2022-06-01 07:03:04
322104|0000000743445253              |20220521|092702|023|676|0|30300038|130010014|130753525|1|20220521|090230|8001054|20220521|094817|8001541|1|1250|0|      |20220521|20220521|0603|2022-06-01 07:03:04
322106|0000000766157486              |20220521|183047|014|675|0|30300067|130010001|130759402|1|20220521|171520|8002338|20220521|184308|8002381|1|1250|0|      |20220521|20220521|0603|2022-06-01 07:03:04
322108|0000000660877280              |20220521|205740|017|675|0|30300067|130010001|130759424|1|20220521|201702|8001990|20220521|210747|8002356|1|1250|0|      |20220521|20220521|0603|2022-06-01 07:03:04
322515|0000000710089134              |20220521|200516|008|675|0|30300075|130010005|130759270|1|20220521|175329|8002615|20220521|201656|8002259|1|1250|0|      |20220521|20220521|0603|2022-06-01 07:03:04
322517|0000000742248302              |20220521|173856|017|676|0|30300089|130010011|130759521|1|20220521|163720|8002531|20220521|175856|8001989|1|1250|0|      |20220521|20220521|0603|2022-06-01 07:03:04
322519|0000000758876848              |20220521|223643|030|676|0|30300043|130010015|130759604|1|20220521|215617|8002888|20220521|225338|8001254|1|1250|0|      |20220521|20220521|0603|2022-06-01 07:03:04
322521|0000000721466749              |20220521|212344|008|676|0|30300043|130010015|130759608|1|20220521|205122|8002730|20220521|213241|8001249|1|1250|0|      |20220521|20220521|0603|2022-06-01 07:03:04
322523|0000000752173307              |20220521|115245|013|675|0|30300075|130010005|130759213|1|20220521|103621|8005883|20220521|122407|8001417|1|1250|0|      |20220521|20220521|0603|2022-06-01 07:03:04
322525|0000000665544538              |20220521|122419|013|676|0|30300043|130010015|130759619|1|20220521|114132|8002730|20220521|122649|8001991|1|1250|0|      |20220521|20220521|0603|2022-06-01 07:03:04
322527|0000000751067470              |20220521|141618|020|676|0|30300089|130010011|130759518|1|20220521|113947|8002969|20220521|143218|8002206|1|1250|0|      |20220521|20220521|0603|2022-06-01 07:03:04
322529|0000000636057019              |20220521|141324|030|675|0|30300045|130010006|130759003|1|20220521|134713|8001710|20220521|142507|8005921|1|1250|0|      |20220521|20220521|0603|2022-06-01 07:03:04
322531|0000000903892601              |20220521|145734|027|675|0|30300075|130010005|130759222|1|20220521|132033|8002307|20220521|150854|8001090|1|1250|0|      |20220521|20220521|0603|2022-06-01 07:03:04
322533|0000000910325012              |20220521|153124|014|676|0|30300043|130010015|130759630|1|20220521|152316|8001835|20220521|160200|8002602|1|1250|0|      |20220521|20220521|0603|2022-06-01 07:03:04
322535|0000000728909573              |20220521|075555|031|675|0|30300045|130010006|130752047|1|20220521|074550|8002966|20220521|080833|8001710|1|1250|0|      |20220521|20220521|0603|2022-06-01 07:03:04
322537|0000000766222974              |20220521|080719|028|676|0|30300089|130010011|130759522|1|20220521|063915|8002650|20220521|081509|8001420|1|1250|0|      |20220521|20220521|0603|2022-06-01 07:03:04
322539|0000000718138007              |20220521|180809|007|676|0|30300041|130010012|130753320|1|20220521|142354|8002961|20220521|181213|8005993|1|1250|0|      |20220521|20220521|0603|2022-06-01 07:03:04
323485|0000000694501200              |20220521|113055|023|676|0|30300130|130010008|130752140|1|20220521|110143|8002156|20220521|115347|8002432|1|1250|0|      |20220521|20220521|0603|2022-06-01 07:03:04
323487|0000000400207804              |20220521|111804|024|676|0|30300086|130010013|130759879|1|20220521|105441|8001475|20220521|121105|8002454|1|1250|0|      |20220521|20220521|0603|2022-06-01 07:03:04
323489|0000000400114709              |20220521|145500|001|675|0|30300065|130010004|130752269|1|20220521|141205|8003054|20220521|150149|8002990|1|1250|0|      |20220521|20220521|0603|2022-06-01 07:03:04
323491|0000000400128243              |20220521|153948|011|675|0|30300065|130010004|130752229|1|20220521|145635|8003054|20220521|160142|8003012|1|1250|0|      |20220521|20220521|0603|2022-06-01 07:03:04
323493|0000000400212780              |20220521|163113|016|675|0|30300057|130010001|130759470|1|20220521|144056|8002887|20220521|164511|8002635|1|1250|0|      |20220521|20220521|0603|2022-06-01 07:03:04
323495|0000000785723901              |20220521|170942|001|680|2|30300052|130010002|130752322|1|20220521|161040|8001940|20220521|173043|8001872|1|0|0|      |20220521|20220521|0603|2022-06-01 07:03:04
323497|0000000698756073              |20220521|174902|029|677|1|30300129|130010009|130759101|1|20220521|142935|8002722|20220521|180204|8007019|1|0|0|      |20220521|20220521|0603|2022-06-01 07:03:04
323499|0000000400187601              |20220521|120646|003|675|1|30300094|130010014|130753616|1|20220521|111653|8002338|20220521|121742|8002081|1|0|0|      |20220521|20220521|0603|2022-06-01 07:03:04
323501|0000000694506148              |20220521|133111|008|675|0|30300061|130010015|130759648|1|20220521|124542|8002434|20220521|133915|8002878|1|1250|0|      |20220521|20220521|0603|2022-06-01 07:03:04
323503|0000000692082858              |20220521|090859|020|680|1|30300008|130010002|130752340|1|20220521|084116|8003036|20220521|092243|8007385|1|0|0|      |20220521|20220521|0603|2022-06-01 07:03:04
323505|0000000400176339              |20220521|072016|009|680|1|30300026|130010014|130753603|1|20220521|070654|8001876|20220521|074344|8002716|1|0|0|      |20220521|20220521|0603|2022-06-01 07:03:04
323507|0000000689339992              |20220521|084134|025|681|0|30300042|130010009|130759125|1|20220521|080807|8001091|20220521|085712|8002403|1|1250|0|      |20220521|20220521|0603|2022-06-01 07:03:04
323509|0000000685898209              |20220521|073043|016|681|0|30300042|130010009|130759127|1|20220521|062936|8002942|20220521|073416|8002627|1|1250|0|      |20220521|20220521|0603|2022-06-01 07:03:04
323511|0000000692082858              |20220521|085122|020|680|0|30300010|130010002|130752557|1|20220521|061945|8001026|20220521|090314|8003036|1|1250|0|      |20220521|20220521|0603|2022-06-01 07:03:04
323918|0000000482556727              |20220521|172812|005|675|0|30300056|130010012|130753322|1|20220521|164348|8002754|20220521|173330|8005909|1|1250|0|      |20220521|20220521|0603|2022-06-01 07:03:04
323920|0000000780937211              |20220521|174120|028|676|0|30300071|130010009|130759174|1|20220521|170931|8001989|20220521|174830|8006006|1|1250|0|      |20220521|20220521|0603|2022-06-01 07:03:04
323922|0000000790916125              |20220521|174157|017|676|0|30300071|130010009|130759105|1|20220521|133154|8001949|20220521|180502|8001795|1|1250|0|      |20220521|20220521|0603|2022-06-01 07:03:04
323924|0000000400194425              |20220521|225415|015|675|0|30300056|130010012|130753322|1|20220521|222821|8001902|20220521|230313|8001707|1|1250|0|      |20220521|20220521|0603|2022-06-01 07:03:04
323926|0000000400202610              |20220521|125453|012|675|0|30300081|130010011|130759572|1|20220521|124831|8001553|20220521|132723|8002935|1|1250|0|      |20220521|20220521|0603|2022-06-01 07:03:04
322604|0000000768832094              |20220521|093122|018|676|0|30300071|130010009|130759139|1|20220521|053928|8001990|20220521|093412|8001464|1|1250|0|      |20220521|20220521|0603|2022-06-01 07:03:04
322606|0000000900671958              |20220521|195110|019|675|0|30300050|130010007|130759369|1|20220521|191800|8007549|20220521|200343|8002735|1|1250|0|      |20220521|20220521|0603|2022-06-01 07:03:04
322608|0000000707159695              |20220521|174047|012|675|0|30300050|130010007|130759342|1|20220521|170251|8002872|20220521|175631|8002410|1|1250|0|      |20220521|20220521|0603|2022-06-01 07:03:04
322610|0000000735099496              |20220521|210745|006|675|0|30300057|130010001|130759759|1|20220521|210150|8002829|20220521|213919|8002718|1|1250|0|      |20220521|20220521|0603|2022-06-01 07:03:04
322612|0000000648664441              |20220521|121926|030|676|0|30300088|130010002|130752315|1|20220521|105456|8002889|20220521|122344|8002131|1|1250|0|      |20220521|20220521|0603|2022-06-01 07:03:04
322614|0000000743653552              |20220521|132917|006|675|0|30300108|130010007|130759305|1|20220521|122300|8003072|20220521|133805|8003068|1|1250|0|      |20220521|20220521|0603|2022-06-01 07:03:04
322616|0000000758040730              |20220521|134757|018|675|0|30300078|130010008|130752165|1|20220521|133537|8001635|20220521|143351|8002615|1|1250|0|      |20220521|20220521|0603|2022-06-01 07:03:04
322618|0000000917997505              |20220521|160017|013|675|0|30300057|130010001|130759755|1|20220521|153533|8001529|20220521|162223|8002600|1|1250|0|      |20220521|20220521|0603|2022-06-01 07:03:04
322620|0000000646094462              |20220521|160915|016|676|0|30300088|130010002|130752553|1|20220521|160524|8005859|20220521|161115|8002352|1|1250|0|      |20220521|20220521|0603|2022-06-01 07:03:04
323566|0000001110397943              |20220521|081657|009|676|0|30300070|130010004|130752603|1|20220521|074734|8001412|20220521|082435|8005946|2|2500|0|      |20220521|20220521|0603|2022-06-01 07:03:04
323568|0000000697936698              |20220521|185730|029|674|0|30300002|130010007|130759311|1|20220521|181634|8001097|20220521|192247|8002134|3|3750|0|      |20220521|20220521|0603|2022-06-01 07:03:04
323570|0000000681956561              |20220521|194440|011|676|0|30300051|130010008|130752109|1|20220521|191047|8001929|20220521|195222|8002119|1|1250|0|      |20220521|20220521|0603|2022-06-01 07:03:04
323572|0000000487726567              |20220521|202125|018|675|0|30300064|130010015|130759670|1|20220521|185947|8002635|20220521|203431|8002833|1|1250|0|      |20220521|20220521|0603|2022-06-01 07:03:04
323574|0000000400196364              |20220521|155643|019|675|0|30300091|130010013|130759821|1|20220521|141046|8001418|20220521|165225|8002848|1|1250|0|      |20220521|20220521|0603|2022-06-01 07:03:04
323576|0000000791029522              |20220521|173046|001|676|0|30300037|130010006|130752072|1|20220521|152708|8001097|20220521|173823|8002345|1|1250|0|      |20220521|20220521|0603|2022-06-01 07:03:04
323578|0000000691006001              |20220521|170721|016|676|2|30300086|130010013|130759829|1|20220521|151830|8001097|20220521|175133|8001634|1|0|0|      |20220521|20220521|0603|2022-06-01 07:03:04
323580|0000000400093829              |20220521|182954|011|675|0|30300076|130010014|130753239|1|20220521|174745|8001929|20220521|184023|8002791|1|1250|0|      |20220521|20220521|0603|2022-06-01 07:03:04
323582|0000000690938932              |20220521|223553|001|675|1|30300062|130010008|130752703|1|20220521|155600|8001922|20220521|230956|8001851|1|0|0|      |20220521|20220521|0603|2022-06-01 07:03:04
323584|0000000785780000              |20220521|204907|019|676|0|30300068|130010006|130759026|1|20220521|123524|8001096|20220521|205902|8001624|2|2500|0|      |20220521|20220521|0603|2022-06-01 07:03:04
323586|0000000792494168              |20220521|213215|017|676|1|30300073|130010009|130759183|1|20220521|211726|8001922|20220521|213935|8001890|1|0|0|      |20220521|20220521|0603|2022-06-01 07:03:04
323588|0000000683160428              |20220521|123503|024|676|0|30300039|130010005|130759214|1|20220521|115236|8001922|20220521|124140|8001061|1|1250|0|      |20220521|20220521|0603|2022-06-01 07:03:04
323590|0000000692088575              |20220521|124646|007|676|0|30300073|130010009|130759122|1|20220521|054556|8001922|20220521|130207|8002235|1|1250|0|      |20220521|20220521|0603|2022-06-01 07:03:04
323592|0000000400191439              |20220521|134452|029|675|0|30300058|130010004|130752293|1|20220521|114018|8001929|20220521|135623|8001851|1|1250|0|      |20220521|20220521|0603|2022-06-01 07:03:04
323999|0000000694979627              |20220521|093619|024|676|0|30300093|130010004|130752273|1|20220521|075507|8007005|20220521|094805|8001463|1|1250|0|      |20220521|20220521|0603|2022-06-01 07:03:04
324001|0000000488768044              |20220521|075935|014|675|0|30300082|130010001|130759743|1|20220521|073453|8001246|20220521|081555|8001931|1|1250|0|      |20220521|20220521|0603|2022-06-01 07:03:04
324003|0000000686451235              |20220521|102432|023|675|0|30300067|130010001|130759742|1|20220521|095742|8002448|20220521|103942|8002482|1|1250|0|      |20220521|20220521|0603|2022-06-01 07:03:04
324005|0000000787396190              |20220521|104839|020|676|0|30300093|130010004|130752207|1|20220521|083227|8002898|20220521|113421|8001586|1|1250|0|      |20220521|20220521|0603|2022-06-01 07:03:04
324007|0000000400175418              |20220521|141724|028|674|0|30300104|130010002|130752355|1|20220521|134653|8005997|20220521|142426|8001425|1|1250|0|      |20220521|20220521|0603|2022-06-01 07:03:04
324009|0000000683484375              |20220521|163907|002|675|1|30300082|130010001|130759728|1|20220521|152743|8001567|20220521|165102|8005563|1|0|0|      |20220521|20220521|0603|2022-06-01 07:03:04
324011|0000000400183641              |20220521|175729|023|675|0|30300083|130010001|130759771|1|20220521|175304|8001645|20220521|185454|8002823|1|1250|0|      |20220521|20220521|0603|2022-06-01 07:03:04
324013|0000000400204922              |20220521|175918|029|675|0|30300060|130010014|130753215|1|20220521|161415|8001280|20220521|181122|8005640|1|1250|0|      |20220521|20220521|0603|2022-06-01 07:03:04
324015|0000000400168146              |20220521|174257|025|676|2|30300131|130010008|130752723|1|20220521|173318|8002468|20220521|181015|8001117|1|0|0|      |20220521|20220521|0603|2022-06-01 07:03:04
324017|0000001110072750              |20220521|210910|025|679|1|30300063|130010001|130759406|1|20220521|170303|8001254|20220521|212533|8002853|1|0|0|      |20220521|20220521|0603|2022-06-01 07:03:04
324019|0000000792931552              |20220521|220138|027|675|0|30300046|130010002|130752351|1|20220521|203955|8007165|20220521|220405|8007020|1|1250|0|      |20220521|20220521|0603|2022-06-01 07:03:04
324021|0000000692559060              |20220521|132331|004|675|0|30300065|130010004|130752281|1|20220521|130746|8002250|20220521|133648|8001421|1|1250|0|      |20220521|20220521|0603|2022-06-01 07:03:04
324023|0000000796699021              |20220521|072752|024|675|1|30300046|130010002|130752351|1|20220521|053156|8002721|20220521|074526|8001014|1|0|0|      |20220521|20220521|0603|2022-06-01 07:03:04
324430|0000000689011792              |20220521|133648|026|675|1|30300055|130010014|130753211|1|20220521|123149|8001929|20220521|134514|8001539|1|0|0|      |20220521|20220521|0603|2022-06-01 07:03:04
321818|0000000918359683              |20220521|102758|013|676|0|30300070|130010004|130752283|1|20220521|094121|8001943|20220521|103538|8002437|1|1250|0|      |20220521|20220521|0603|2022-06-01 07:03:04
321820|0000000759915658              |20220521|195943|013|675|0|30300047|130010001|130759705|1|20220521|195205|8001846|20220521|200706|8002119|1|1250|0|      |20220521|20220521|0603|2022-06-01 07:03:04
321822|0000000626156968              |20220521|170544|004|675|0|30300055|130010014|130753250|1|20220521|130422|8001554|20220521|173754|8002631|1|1250|0|      |20220521|20220521|0603|2022-06-01 07:03:04
321824|0000000760428482              |20220521|095720|018|675|0|30300075|130010005|130759270|1|20220521|075513|8002296|20220521|102805|8002881|1|1250|0|      |20220521|20220521|0603|2022-06-01 07:03:04
321826|0000000655064087              |20220521|184930|006|674|0|30300002|130010007|130759313|1|20220521|184222|8001963|20220521|191048|8001097|1|1250|0|      |20220521|20220521|0603|2022-06-01 07:03:04
321828|0000000610203820              |20220521|190639|023|674|0|30300100|130010002|130752358|1|20220521|180955|8001529|20220521|193206|8001028|1|1250|0|      |20220521|20220521|0603|2022-06-01 07:03:04
321830|0000000737911925              |20220521|171145|014|676|0|30300051|130010008|130752124|1|20220521|160126|8001872|20220521|171919|8001097|1|1250|0|      |20220521|20220521|0603|2022-06-01 07:03:04
321832|0000000779218347              |20220521|182040|011|674|0|30300100|130010002|130752348|1|20220521|174700|8002542|20220521|182139|8001028|1|1250|0|      |20220521|20220521|0603|2022-06-01 07:03:04
321834|0000000759679505              |20220521|223752|016|676|0|30300037|130010006|130752027|1|20220521|222520|8002402|20220521|224030|8002412|1|1250|0|      |20220521|20220521|0603|2022-06-01 07:03:04
321836|0000000667134059              |20220521|122623|004|676|0|30300037|130010006|130759016|1|20220521|053731|8002906|20220521|123509|8001097|1|1250|0|      |20220521|20220521|0603|2022-06-01 07:03:04
321838|0000000760805712              |20220521|130843|010|674|0|30300100|130010002|130752360|1|20220521|115127|8001715|20220521|132126|8001028|1|1250|0|      |20220521|20220521|0603|2022-06-01 07:03:04
322245|0000000741267349              |20220521|211932|007|674|0|30300002|130010007|130759332|1|20220521|210841|8002251|20220521|214814|8002465|1|1250|0|      |20220521|20220521|0603|2022-06-01 07:03:04
322247|0000000711121382              |20220521|123518|009|675|0|30300049|130010004|130752232|1|20220521|105916|8002484|20220521|124927|8002433|1|1250|0|      |20220521|20220521|0603|2022-06-01 07:03:04
322249|0000000768847065              |20220521|130632|016|675|0|30300064|130010015|130759625|1|20220521|060334|8001740|20220521|132841|8002730|1|1250|0|      |20220521|20220521|0603|2022-06-01 07:03:04
322251|0000000728234355              |20220521|140523|016|675|0|30300049|130010004|130752264|1|20220521|122930|8001659|20220521|141336|8002932|1|1250|0|      |20220521|20220521|0603|2022-06-01 07:03:04
322253|0000000767392077              |20220521|135553|016|674|0|30300002|130010007|130759333|1|20220521|135526|8002254|20220521|144136|8001744|1|1250|0|      |20220521|20220521|0603|2022-06-01 07:03:04
322255|0000000920984527              |20220521|153015|016|674|0|30300002|130010007|130759319|1|20220521|141833|8005994|20220521|155109|8002254|1|1250|0|      |20220521|20220521|0603|2022-06-01 07:03:04
322257|0000000911435009              |20220521|155013|013|674|0|30300002|130010007|130759324|1|20220521|150918|8002093|20220521|155903|8001721|1|1250|0|      |20220521|20220521|0603|2022-06-01 07:03:04
322259|0000000741449113              |20220521|064319|018|675|0|30300049|130010004|130752286|1|20220521|055626|8001902|20220521|070423|8002434|1|1250|0|      |20220521|20220521|0603|2022-06-01 07:03:04
322261|0000000736793882              |20220521|061928|001|675|0|30300049|130010004|130752237|1|20220521|054035|8001278|20220521|064628|8002597|1|1250|0|      |20220521|20220521|0603|2022-06-01 07:03:04
322263|0000000704824332              |20220521|080358|012|675|0|30300049|130010004|130752286|1|20220521|073401|8001490|20220521|081609|8001262|1|1250|0|      |20220521|20220521|0603|2022-06-01 07:03:04
322265|0000000777241671              |20220521|095302|016|675|0|30300049|130010004|130752240|1|20220521|093526|8005998|20220521|102532|8001589|1|1250|0|      |20220521|20220521|0603|2022-06-01 07:03:04
322267|0000000770115031              |20220521|104102|011|674|0|30300002|130010007|130759318|1|20220521|101143|8002140|20220521|104600|8002093|1|1250|0|      |20220521|20220521|0603|2022-06-01 07:03:04
322269|0000000721162303              |20220521|101230|005|675|0|30300049|130010004|130752285|1|20220521|092408|8001588|20220521|104548|8001245|1|1250|0|      |20220521|20220521|0603|2022-06-01 07:03:04
322676|0000000743320507              |20220521|184920|009|676|0|30300039|130010005|130759262|1|20220521|181715|8002399|20220521|185433|8001183|1|1250|0|      |20220521|20220521|0603|2022-06-01 07:03:04
322678|0000000904032540              |20220521|212359|014|680|0|30300008|130010002|130752388|1|20220521|201307|8003035|20220521|213444|8002543|1|1250|0|      |20220521|20220521|0603|2022-06-01 07:03:04
322680|0000000903160495              |20220521|123024|006|676|0|30300073|130010009|130759117|1|20220521|120024|8001394|20220521|124001|8001005|1|1250|0|      |20220521|20220521|0603|2022-06-01 07:03:04
322682|0000000663446055              |20220521|094315|010|676|0|30300073|130010009|130759183|1|20220521|091418|8007273|20220521|094808|8002100|1|1250|0|      |20220521|20220521|0603|2022-06-01 07:03:04
322684|0000000756657660              |20220521|115932|015|675|0|30300127|130010004|130752245|1|20220521|114637|8001028|20220521|120349|8001080|1|1250|0|      |20220521|20220521|0603|2022-06-01 07:03:04
322686|0000000903932815              |20220521|153151|031|676|0|30300039|130010005|130759217|1|20220521|140411|8002967|20220521|155129|8001193|1|1250|0|      |20220521|20220521|0603|2022-06-01 07:03:04
322688|0000000771889544              |20220521|161755|021|680|0|30300052|130010002|130752329|1|20220521|150733|8007115|20220521|163223|8005115|1|1250|0|      |20220521|20220521|0603|2022-06-01 07:03:04
322690|0000000725981091              |20220521|162619|029|680|0|30300010|130010002|130752560|1|20220521|162426|8001493|20220521|164439|8007543|1|1250|0|      |20220521|20220521|0603|2022-06-01 07:03:04
322692|0000000631404112              |20220521|061553|003|676|0|30300039|130010005|130759267|1|20220521|054351|8001998|20220521|062043|8001076|1|1250|0|      |20220521|20220521|0603|2022-06-01 07:03:04
322694|0000000776647546              |20220521|071520|022|676|0|30300039|130010005|130759262|1|20220521|054526|8003003|20220521|074425|8001183|1|1250|0|      |20220521|20220521|0603|2022-06-01 07:03:04
322696|0000000760290280              |20220521|090642|026|675|0|30300145|130010014|130753527|1|20220521|075359|8002955|20220521|092338|8001590|1|1250|0|      |20220521|20220521|0603|2022-06-01 07:03:04
322698|0000000632464935              |20220521|092510|021|680|0|30300011|130010002|130752501|1|20220521|055732|8002543|20220521|092915|8001489|1|1250|0|      |20220521|20220521|0603|2022-06-01 07:03:04
322700|0000000743418724              |20220521|085958|029|680|0|30300007|130010002|130752316|1|20220521|083241|8001027|20220521|090314|8002547|1|1250|0|      |20220521|20220521|0603|2022-06-01 07:03:04
326992|0000000789723039              |20220521|230443|001|674|0|30300100|130010002|130752383|1|20220521|222257|8001412|20220521|233043|8001083|1|1250|0|      |20220521|20220521|0603|2022-06-01 07:03:04
327399|0000000903187322              |20220521|083358|007|676|0|30300037|130010006|130752062|1|20220521|081452|8002720|20220521|090653|8001097|1|1250|0|      |20220521|20220521|0603|2022-06-01 07:03:04
327401|0000000614266819              |20220521|103003|007|676|0|30300054|130010007|130759377|1|20220521|095043|8001078|20220521|103550|8001260|1|1250|0|      |20220521|20220521|0603|2022-06-01 07:03:04
327403|0000000677781129              |20220521|185709|026|676|0|30300037|130010006|130759021|1|20220521|162702|8002984|20220521|191059|8001005|1|1250|0|      |20220521|20220521|0603|2022-06-01 07:03:04
327405|0000000903940766              |20220521|201352|021|676|0|30300072|130010001|130759435|1|20220521|192304|8002658|20220521|202149|8002075|1|1250|0|      |20220521|20220521|0603|2022-06-01 07:03:04
327407|0000000903993278              |20220521|165041|022|676|0|30300041|130010012|130753313|1|20220521|163959|8001400|20220521|172751|8001077|1|1250|0|      |20220521|20220521|0603|2022-06-01 07:03:04
327409|0000000763015041              |20220521|223625|016|676|0|30300037|130010006|130759023|1|20220521|154454|8002984|20220521|223908|8006001|1|1250|0|      |20220521|20220521|0603|2022-06-01 07:03:04
327411|0000000618038214              |20220521|115329|008|676|0|30300037|130010006|130759012|1|20220521|111551|8002559|20220521|121532|8001097|1|1250|0|      |20220521|20220521|0603|2022-06-01 07:03:04
327413|0000000470341865              |20220521|132649|019|676|0|30300037|130010006|130752073|1|20220521|124619|8002559|20220521|133220|8001005|1|1250|0|      |20220521|20220521|0603|2022-06-01 07:03:04
327415|0000000903467753              |20220521|113523|026|676|0|30300037|130010006|130752024|1|20220521|110211|8002984|20220521|115511|8002235|1|1250|0|      |20220521|20220521|0603|2022-06-01 07:03:04
327417|0000000742648526              |20220521|152831|015|676|0|30300037|130010006|130752014|1|20220521|144628|8002559|20220521|154539|8002313|1|1250|0|      |20220521|20220521|0603|2022-06-01 07:03:04
327419|0000000774242514              |20220521|061551|002|676|0|30300037|130010006|130759023|1|20220521|060125|8002658|20220521|062514|8002558|1|1250|0|      |20220521|20220521|0603|2022-06-01 07:03:04
327421|0000000626110064              |20220521|090457|003|676|0|30300040|130010013|130759818|1|20220521|073536|8001400|20220521|090944|8001534|1|1250|0|      |20220521|20220521|0603|2022-06-01 07:03:04
327423|0000000622586949              |20220521|191956|017|676|0|30300093|130010004|130752225|1|20220521|190206|8001585|20220521|193443|8002531|1|1250|0|      |20220521|20220521|0603|2022-06-01 07:03:04
327857|0000000743908559              |20220521|123426|011|676|0|30300072|130010001|130759714|1|20220521|101358|8001366|20220521|124152|8001421|1|1250|0|      |20220521|20220521|0603|2022-06-01 07:03:04
327859|0000000709415269              |20220521|111206|028|676|0|30300054|130010007|130759363|1|20220521|105058|8001084|20220521|113538|8002556|1|1250|0|      |20220521|20220521|0603|2022-06-01 07:03:04
327861|0000000632094926              |20220521|150002|025|676|0|30300054|130010007|130759379|1|20220521|145009|8002909|20220521|151516|8005944|1|1250|0|      |20220521|20220521|0603|2022-06-01 07:03:04
327863|0000000610754991              |20220521|100602|015|676|0|30300072|130010001|130759483|1|20220521|093520|8001970|20220521|102150|8002617|1|1250|0|      |20220521|20220521|0603|2022-06-01 07:03:04
327865|0000000661747751              |20220521|173938|009|676|0|30300093|130010004|130752214|1|20220521|172153|8002640|20220521|181038|8002906|1|1250|0|      |20220521|20220521|0603|2022-06-01 07:03:04
327867|0000000652056038              |20220521|172821|013|676|0|30300093|130010004|130752230|1|20220521|121218|8005879|20220521|173806|8001793|1|1250|0|      |20220521|20220521|0603|2022-06-01 07:03:04
327869|0000000750659557              |20220521|175348|004|676|0|30300093|130010004|130752214|1|20220521|172153|8002207|20220521|183155|8001419|1|1250|0|      |20220521|20220521|0603|2022-06-01 07:03:04
327871|0000000744104153              |20220521|221614|027|676|0|30300093|130010004|130752282|1|20220521|220101|8001647|20220521|225148|8002537|1|1250|0|      |20220521|20220521|0603|2022-06-01 07:03:04
327873|0000000903775939              |20220521|135649|020|676|0|30300093|130010004|130752215|1|20220521|133629|8002640|20220521|140840|8002531|1|1250|0|      |20220521|20220521|0603|2022-06-01 07:03:04
327875|0000000903821035              |20220521|113515|006|676|0|30300093|130010004|130752230|1|20220521|103356|8002899|20220521|114755|8005994|1|1250|0|      |20220521|20220521|0603|2022-06-01 07:03:04
327877|0000000743745000              |20220521|142139|028|676|0|30300072|130010001|130759422|1|20220521|141344|8001234|20220521|150646|8002076|1|1250|0|      |20220521|20220521|0603|2022-06-01 07:03:04
327879|0000000903933206              |20220521|085525|024|676|0|30300072|130010001|130759724|1|20220521|081955|8002906|20220521|085821|8002987|1|1250|0|      |20220521|20220521|0603|2022-06-01 07:03:04
327881|0000000725412332              |20220521|094336|031|676|0|30300093|130010004|130752214|1|20220521|092246|8005880|20220521|103501|8005994|1|1250|0|      |20220521|20220521|0603|2022-06-01 07:03:04
327883|0000000750958769              |20220521|202754|006|676|0|30300090|130010005|130759215|1|20220521|130831|8002378|20220521|203857|8005993|1|1250|0|      |20220521|20220521|0603|2022-06-01 07:03:04
328290|0000000789305089              |20220521|172421|018|676|0|30300040|130010007|130759367|1|20220521|163145|8001086|20220521|173124|8001097|1|1250|0|      |20220521|20220521|0603|2022-06-01 07:03:04
328292|0000000400134301              |20220521|183848|027|675|0|30300046|130010002|130752321|1|20220521|160951|8002961|20220521|185856|8001028|1|1250|0|      |20220521|20220521|0603|2022-06-01 07:03:04
328294|0000000400210791              |20220521|124809|026|675|1|30300076|130010014|130753615|1|20220521|122847|8003016|20220521|125144|8001412|1|0|0|      |20220521|20220521|0603|2022-06-01 07:03:04
328296|0000000789084090              |20220521|135342|031|676|0|30300041|130010012|130753370|1|20220521|125405|8002650|20220521|140606|8001097|1|1250|0|      |20220521|20220521|0603|2022-06-01 07:03:04
328298|0000000400134783              |20220521|140308|029|676|0|30300069|130010001|130759416|1|20220521|123008|8002277|20220521|142207|8001097|1|1250|0|      |20220521|20220521|0603|2022-06-01 07:03:04
328300|0000000699945827              |20220521|100731|002|676|0|30300070|130010004|130752210|1|20220521|062132|8001618|20220521|102031|8001412|1|1250|0|      |20220521|20220521|0603|2022-06-01 07:03:04
328302|0000000400209001              |20220521|063323|021|675|0|30300055|130010014|130753249|1|20220521|061943|8001745|20220521|070229|8002631|1|1250|0|      |20220521|20220521|0603|2022-06-01 07:03:04
328304|0000000400202799              |20220521|072459|019|676|0|30300088|130010002|130752364|1|20220521|072017|8005859|20220521|075224|8002412|1|1250|0|      |20220521|20220521|0603|2022-06-01 07:03:04
328306|0000000691877047              |20220521|100413|020|676|0|30300040|130010013|130759830|1|20220521|075402|8001091|20220521|101549|8002412|1|1250|0|      |20220521|20220521|0603|2022-06-01 07:03:04
328382|0000000488022262              |20220521|121750|024|676|1|30300054|130010007|130759340|1|20220521|120534|8002708|20220521|123930|8007011|1|0|0|      |20220521|20220521|0603|2022-06-01 07:03:04
328384|0000000691168101              |20220521|135902|020|676|0|30300054|130010007|130759382|1|20220521|134255|8001762|20220521|141504|8002814|1|1250|0|      |20220521|20220521|0603|2022-06-01 07:03:04
328386|0000000787805274              |20220521|081030|031|676|0|30300087|130010015|130759621|1|20220521|073718|8001398|20220521|081202|8002100|1|1250|0|      |20220521|20220521|0603|2022-06-01 07:03:04
328388|0000000487727373              |20220521|105034|031|676|0|30300087|130010015|130759641|1|20220521|104224|8002541|20220521|110403|8001491|1|1250|0|      |20220521|20220521|0603|2022-06-01 07:03:04
328390|0000000488388423              |20220521|082954|025|676|0|30300087|130010008|130752158|1|20220521|082642|8007446|20220521|084045|8002118|1|1250|0|      |20220521|20220521|0603|2022-06-01 07:03:04
328392|0000000692607766              |20220521|084658|013|676|0|30300087|130010015|130759634|1|20220521|083904|8002131|20220521|085148|8002840|1|1250|0|      |20220521|20220521|0603|2022-06-01 07:03:04
328394|0000000400160321              |20220521|080141|027|676|0|30300054|130010007|130759358|1|20220521|075934|8001178|20220521|082920|8001989|1|1250|0|      |20220521|20220521|0603|2022-06-01 07:03:04
328396|0000000792378563              |20220521|094530|014|676|0|30300054|130010007|130759358|1|20220521|091210|8007011|20220521|094941|8001089|1|1250|0|      |20220521|20220521|0603|2022-06-01 07:03:04
328803|0000000699679263              |20220521|112231|010|676|0|30300041|130010012|130753312|1|20220521|104020|8002702|20220521|114139|8001097|1|1250|0|      |20220521|20220521|0603|2022-06-01 07:03:04
328805|0000000698909046              |20220521|150701|016|675|0|30300077|130010006|130752070|1|20220521|134612|8002605|20220521|152754|8001737|1|1250|0|      |20220521|20220521|0603|2022-06-01 07:03:04
328807|0000000699936166              |20220521|155126|020|676|0|30300070|130010004|130752604|1|20220521|152508|8002296|20220521|160252|8001412|1|1250|0|      |20220521|20220521|0603|2022-06-01 07:03:04
328809|0000000400135344              |20220521|160534|016|675|0|30300064|130010015|130759626|1|20220521|154536|8001048|20220521|161631|8001412|1|1250|0|      |20220521|20220521|0603|2022-06-01 07:03:04
328811|0000000694183587              |20220521|194041|024|675|0|30300055|130010014|130753269|1|20220521|183745|8001402|20220521|194343|8001032|1|1250|0|      |20220521|20220521|0603|2022-06-01 07:03:04
328813|0000000788190574              |20220521|172121|025|675|0|30300055|130010014|130753208|1|20220521|171503|8001846|20220521|172712|8001661|1|1250|0|      |20220521|20220521|0603|2022-06-01 07:03:04
328815|0000000400151316              |20220521|175834|014|675|1|30300055|130010014|130753211|1|20220521|155933|8001846|20220521|181438|8005561|1|0|0|      |20220521|20220521|0603|2022-06-01 07:03:04
328817|0000000400174430              |20220521|165816|003|679|0|30300063|130010001|130759773|1|20220521|163100|8001601|20220521|173642|8001412|1|1250|0|      |20220521|20220521|0603|2022-06-01 07:03:04
328819|0000000400136993              |20220521|183838|031|675|1|30300055|130010014|130753249|1|20220521|173340|8001929|20220521|184627|8001663|1|0|0|      |20220521|20220521|0603|2022-06-01 07:03:04
328821|0000000487607987              |20220521|230722|031|675|1|30300055|130010014|130753204|1|20220521|221930|8001539|20220521|231334|8001750|1|0|0|      |20220521|20220521|0603|2022-06-01 07:03:04
328823|0000000698420494              |20220521|120823|030|675|0|30300055|130010014|130753265|1|20220521|112458|8001348|20220521|125019|8001856|1|1250|0|      |20220521|20220521|0603|2022-06-01 07:03:04
328825|0000000695444625              |20220521|131424|015|676|0|30300051|130010008|130752134|1|20220521|122751|8001934|20220521|133738|8001418|1|1250|0|      |20220521|20220521|0603|2022-06-01 07:03:04
328827|0000000789410269              |20220521|134852|029|676|0|30300051|130010008|130752153|1|20220521|131111|8002543|20220521|135558|8001714|1|1250|0|      |20220521|20220521|0603|2022-06-01 07:03:04
329234|0000000797824846              |20220521|130309|006|678|2|30300074|130010014|130753226|1|20220521|121822|8001412|20220521|131925|8007369|1|0|0|      |20220521|20220521|0603|2022-06-01 07:03:04
329236|0000000792322846              |20220521|081836|014|676|1|30300071|130010009|130759139|1|20220521|053928|8002453|20220521|082104|8001567|1|0|0|      |20220521|20220521|0603|2022-06-01 07:03:04
329238|0000000400093348              |20220521|072452|012|676|0|30300072|130010001|130759422|1|20220521|070714|8001412|20220521|073020|8001365|1|1250|0|      |20220521|20220521|0603|2022-06-01 07:03:04
329240|0000000488586133              |20220521|083951|003|681|0|30300006|130010002|130752551|1|20220521|065457|8005146|20220521|084301|8005142|1|1250|250|      |20220521|20220521|0603|2022-06-01 07:03:04
329242|0000000692969475              |20220521|063444|021|676|0|30300090|130010005|130759218|1|20220521|060407|8002453|20220521|064752|8005921|1|1250|0|      |20220521|20220521|0603|2022-06-01 07:03:04
329244|0000000692946701              |20220521|144150|016|675|1|30300062|130010008|130752137|1|20220521|140118|8002453|20220521|145042|8001923|1|0|0|      |20220521|20220521|0603|2022-06-01 07:03:04
329246|0000000780137887              |20220521|152047|030|674|1|30300100|130010002|130752344|1|20220521|151838|8001412|20220521|155527|8001083|1|0|0|      |20220521|20220521|0603|2022-06-01 07:03:04
329248|0000000682694708              |20220521|161832|006|675|1|30300064|130010015|130759638|1|20220521|155805|8002437|20220521|164354|8001832|1|0|0|      |20220521|20220521|0603|2022-06-01 07:03:04
329250|0000000788463359              |20220521|184822|017|675|0|30300058|130010004|130752220|1|20220521|182613|8002428|20220521|193351|8001553|1|1250|0|      |20220521|20220521|0603|2022-06-01 07:03:04
329252|0000000693452152              |20220521|202357|020|674|0|30300104|130010002|130752355|1|20220521|200410|8001013|20220521|204815|8002453|1|1250|0|      |20220521|20220521|0603|2022-06-01 07:03:04
329254|0000000795223376              |20220521|165509|023|676|0|30300054|130010007|130759381|1|20220521|163324|8002708|20220521|171954|8002453|1|1250|0|      |20220521|20220521|0603|2022-06-01 07:03:04
329256|0000000692768093              |20220521|184951|008|678|0|30300074|130110001|130745026|1|20220521|173257|8002950|20220521|185046|8001534|1|1250|0|      |20220521|20220521|0603|2022-06-01 07:03:04
329258|0000000698575266              |20220521|210348|024|676|0|30300069|130010001|130759428|1|20220521|204213|8001587|20220521|212433|8001097|1|1250|0|      |20220521|20220521|0603|2022-06-01 07:03:04
329260|0000000699018415              |20220521|131911|007|678|0|30300074|130110001|130745012|1|20220519|142459|8001741|20220521|132807|8002634|1|1250|0|      |20220521|20220521|0603|2022-06-01 07:03:04
329667|0000000641536302              |20220521|074549|002|676|0|30300051|130010008|130752109|1|20220521|072810|8001369|20220521|075724|8002547|1|1250|0|      |20220521|20220521|0603|2022-06-01 07:03:04
329669|0000000741836250              |20220521|090403|002|676|0|30300051|130010008|130752115|1|20220521|060546|8002733|20220521|092342|8001533|1|1250|0|      |20220521|20220521|0603|2022-06-01 07:03:04
331231|0000000731410101              |20220521|203404|026|676|0|30300131|130010008|130752708|1|20220521|201859|8001078|~       |      |~      |1|1250|0|      |20220521|~       |0603|2022-06-01 07:03:04
331233|0000000910409401              |20220521|203955|006|676|0|30300087|130010008|130752123|1|20220521|200343|8002453|~       |      |~      |1|1250|0|      |20220521|~       |0603|2022-06-01 07:03:04
331235|0000000768029085              |20220521|165458|005|675|0|30300144|130010012|130753379|1|20220521|161939|8001096|~       |      |~      |1|1250|0|      |20220521|~       |0603|2022-06-01 07:03:04
331237|0000000908229621              |20220521|181053|022|676|0|30300037|130010006|130752044|1|20220521|170742|8001097|~       |      |~      |1|1250|0|      |20220521|~       |0603|2022-06-01 07:03:04
331239|0000000777363634              |20220521|190343|004|675|0|30300081|130010011|130759506|1|20220521|150542|8002453|~       |      |~      |2|2500|0|      |20220521|~       |0603|2022-06-01 07:03:04
331241|0000000774539548              |20220521|225605|015|674|0|30300002|130010007|130759307|1|20220521|223757|8002437|~       |      |~      |1|1250|0|      |20220521|~       |0603|2022-06-01 07:03:04
331243|0000000746342181              |20220521|221746|012|676|0|30300070|130010004|130752603|1|20220521|212705|8002437|~       |      |~      |1|1250|0|      |20220521|~       |0603|2022-06-01 07:03:04
331245|0000000909296344              |20220521|220819|004|676|0|30300051|130010008|130752113|1|20220521|220057|8001096|~       |      |~      |1|1250|0|      |20220521|~       |0603|2022-06-01 07:03:04
331247|0000000903901236              |20220521|111453|021|676|1|30300093|130010004|130752250|1|20220521|103620|8001096|~       |      |~      |1|0|0|      |20220521|~       |0603|2022-06-01 07:03:04
331249|0000000671864931              |20220521|151314|029|674|0|30300002|130010007|130759311|1|20220521|143325|8001097|~       |      |~      |1|1250|0|      |20220521|~       |0603|2022-06-01 07:03:04
331251|0000000918279288              |20220521|061712|012|676|0|30300037|130010006|130752027|1|20220521|055434|8001096|~       |      |~      |1|1250|0|      |20220521|~       |0603|2022-06-01 07:03:04
331253|0000000741786919              |20220521|171954|004|675|0|30300064|130010015|130759644|1|20220521|061141|8002651|~       |      |~      |1|1250|0|      |20220521|~       |0603|2022-06-01 07:03:04
331255|0000000469586941              |20220521|180747|025|675|1|30300081|130010011|130759506|1|20220521|150542|8002452|~       |      |~      |1|0|0|      |20220521|~       |0603|2022-06-01 07:03:04
331257|0000000719324583              |20220521|182749|014|676|0|30300037|130010006|130752073|1|20220521|164005|8002898|~       |      |~      |1|1250|0|      |20220521|~       |0603|2022-06-01 07:03:04
331259|0000000757454164              |20220521|185010|027|675|0|30300060|130010014|130753244|1|20220521|140854|8002756|~       |      |~      |1|1250|0|      |20220521|~       |0603|2022-06-01 07:03:04
332365|0000000717555263              |20220521|172902|003|675|0|30300080|130010009|130759152|4|20220521|130020|8001982|~       |      |~      |2|1500|0|      |20220521|~       |0603|2022-06-01 07:03:04
332367|0000000910563787              |20220521|174852|001|674|0|30300100|130010002|130752506|1|20220521|173557|8001029|~       |      |~      |1|1250|0|      |20220521|~       |0603|2022-06-01 07:03:04
332369|0000000725365307              |20220521|211159|013|676|0|30300072|130010001|130759435|1|20220521|204752|8001952|~       |      |~      |1|1250|0|      |20220521|~       |0603|2022-06-01 07:03:04
332371|0000000765656388              |20220521|130107|005|675|0|30300079|130010009|130759118|1|20220521|125243|8001721|~       |      |~      |1|1250|0|      |20220521|~       |0603|2022-06-01 07:03:04
332373|0000000442259077              |20220521|133446|003|673|0|30300001|130510004|130751006|1|20220521|055743|8002207|~       |      |~      |1|1100|0|      |20220521|~       |0603|2022-06-01 07:03:04
332375|0000000746129537              |20220521|115822|005|675|0|30300055|130010014|130753228|1|20220521|054415|8001499|~       |      |~      |2|2000|0|      |20220521|~       |0603|2022-06-01 07:03:04
332377|0000000719423139              |20220521|162324|009|676|0|30300071|130010009|130759139|1|20220521|160501|8001183|~       |      |~      |1|1250|0|      |20220521|~       |0603|2022-06-01 07:03:04
332379|0000000703853671              |20220521|104929|028|676|1|30300131|130010008|130752708|1|20220521|103954|8002468|~       |      |~      |1|0|0|      |20220521|~       |0603|2022-06-01 07:03:04
332381|0000000743333347              |20220521|085426|021|675|0|30300055|130010014|130753251|1|20220521|063742|8001349|~       |      |~      |1|1250|0|      |20220521|~       |0603|2022-06-01 07:03:04
332383|0000000742501184              |20220521|104115|030|675|0|30300082|130010001|130759770|1|20220521|092445|8002279|~       |      |~      |1|1250|0|      |20220521|~       |0603|2022-06-01 07:03:04
332385|0000000750591417              |20220521|081711|030|676|0|30300071|130010009|130759105|1|20220521|050522|8002757|~       |      |~      |1|1250|0|      |20220521|~       |0603|2022-06-01 07:03:04
332387|0000000705374984              |20220521|203339|007|673|0|30300004|130510004|130751016|1|20220521|061043|8002909|~       |      |~      |1|1100|0|      |20220521|~       |0603|2022-06-01 07:03:04
332389|0000000903788603              |20220521|183928|016|675|0|30300050|130010007|130759350|1|20220521|181409|8007549|~       |      |~      |1|1250|0|      |20220521|~       |0603|2022-06-01 07:03:04
332391|0000000751411228              |20220521|230240|010|676|1|30300090|130010005|130759205|1|20220521|151921|8002411|~       |      |~      |1|0|0|      |20220521|~       |0603|2022-06-01 07:03:04
332393|0000000904923851              |20220521|210427|005|674|0|30300100|130010002|130752383|1|20220521|195827|8007042|~       |      |~      |1|1250|0|      |20220521|~       |0603|2022-06-01 07:03:04
332839|0000000400135611              |20220521|155724|031|676|1|30300043|130010015|130759602|1|20220521|101410|8002350|20220521|165531|8003008|1|0|0|      |20220521|20220521|0603|2022-06-01 07:03:04
332841|0000000699911703              |20220521|183218|016|676|0|30300072|130010001|130759724|4|20220521|173614|8001232|20220521|183606|8002558|1|750|0|      |20220521|20220521|0603|2022-06-01 07:03:04
332843|0000000699309486              |20220521|121427|024|676|0|30300043|130010015|130759677|4|20220521|111636|8001245|20220521|122159|8002457|1|750|0|      |20220521|20220521|0603|2022-06-01 07:03:04
332845|0000000488265956              |20220521|124413|009|676|0|30300043|130010015|130759640|1|20220521|123936|8005587|20220521|124806|8002984|1|1250|0|      |20220521|20220521|0603|2022-06-01 07:03:04
332847|0000000699033081              |20220521|133856|010|676|0|30300043|130010015|130759601|4|20220521|131923|8001724|20220521|133932|8005918|1|750|0|      |20220521|20220521|0603|2022-06-01 07:03:04
332849|0000000695768362              |20220521|062753|007|676|0|30300072|130010001|130759706|1|20220521|061806|8002341|20220521|064403|8001995|1|1250|0|      |20220521|20220521|0603|2022-06-01 07:03:04
332851|0000000693064311              |20220521|092712|018|676|0|30300043|130010015|130759607|1|20220521|084724|8001990|20220521|093222|8002888|1|1250|0|      |20220521|20220521|0603|2022-06-01 07:03:04
330373|0000000746473467              |20220521|193535|014|675|0|30300101|130010002|130752320|1|20220521|191206|8002543|~       |      |~      |1|1250|0|      |20220521|~       |0603|2022-06-01 07:03:04
330375|0000000712714720              |20220521|192621|014|676|0|30300130|130010008|130752140|1|20220521|191716|8001482|~       |      |~      |1|1250|0|      |20220521|~       |0603|2022-06-01 07:03:04
330377|0000000758832915              |20220521|171929|009|675|0|30300062|130010008|130752137|1|20220521|165817|8002431|~       |      |~      |1|1250|0|      |20220521|~       |0603|2022-06-01 07:03:04
330379|0000000903183372              |20220521|175719|002|676|0|30300130|130010008|130752719|1|20220521|175522|8002447|~       |      |~      |1|1250|0|      |20220521|~       |0603|2022-06-01 07:03:04
330381|0000000774341896              |20220521|184940|013|674|0|30300104|130010002|130752333|1|20220521|182538|8070017|~       |      |~      |1|1250|0|      |20220521|~       |0603|2022-06-01 07:03:04
330383|0000000918277948              |20220521|213123|009|676|1|30300131|130010008|130752707|1|20220521|212306|8002468|~       |      |~      |1|0|0|      |20220521|~       |0603|2022-06-01 07:03:04
330385|0000000611035352              |20220521|125733|022|674|0|30300104|130010002|130752504|1|20220521|125255|8070010|~       |      |~      |1|1250|0|      |20220521|~       |0603|2022-06-01 07:03:04
330838|0000000903683859              |20220521|221427|018|676|0|30300036|130010011|130759503|1|20220521|220049|8001527|~       |      |~      |1|1250|0|      |20220521|~       |0603|2022-06-01 07:03:04
330840|0000000903410007              |20220521|131946|001|676|0|30300073|130010009|130759185|1|20220521|130200|8002357|~       |      |~      |1|1250|0|      |20220521|~       |0603|2022-06-01 07:03:04
330842|0000000701921319              |20220521|151412|001|675|0|30300050|130010007|130759350|1|20220521|144319|8007549|~       |      |~      |1|1250|0|      |20220521|~       |0603|2022-06-01 07:03:04
330844|0000000904825294              |20220521|163353|021|676|1|30300073|130010009|130759178|1|20220521|155417|8002100|~       |      |~      |1|0|0|      |20220521|~       |0603|2022-06-01 07:03:04
330846|0000000749277773              |20220521|084044|007|676|0|30300073|130010009|130759185|1|20220521|074200|8002571|~       |      |~      |1|1250|0|      |20220521|~       |0603|2022-06-01 07:03:04
330848|0000000641930211              |20220521|084953|020|676|1|30300073|130010009|130759141|1|20220521|081020|8002100|~       |      |~      |1|0|0|      |20220521|~       |0603|2022-06-01 07:03:04
330850|0000000678115980              |20220521|094232|008|675|1|30300144|130010012|130753381|1|20220521|085126|8001934|~       |      |~      |1|0|0|      |20220521|~       |0603|2022-06-01 07:03:04
330852|0000000730249702              |20220521|181017|010|675|0|30300091|130010013|130759811|4|20220521|172011|8001085|~       |      |~      |2|1500|0|      |20220521|~       |0603|2022-06-01 07:03:04
330854|0000000743315208              |20220521|211143|025|832|0|30300128|130710001|130759921|1|20220521|055422|8007412|~       |      |~      |1|1700|0|      |20220521|~       |0603|2022-06-01 07:03:04
330856|0000000907986425              |20220521|100133|024|674|1|30300002|130010007|130759324|4|20220521|091456|8001536|~       |      |~      |1|0|0|      |20220521|~       |0603|2022-06-01 07:03:04
330858|0000000753381381              |20220521|192813|006|676|0|30300037|130010006|130759021|1|20220521|162702|8001097|~       |      |~      |1|1250|0|      |20220521|~       |0603|2022-06-01 07:03:04
330860|0000000903644213              |20220521|195614|030|674|0|30300002|130010007|130759318|1|20220521|192247|8001097|~       |      |~      |1|1250|0|      |20220521|~       |0603|2022-06-01 07:03:04
330862|0000000745040937              |20220521|172532|023|676|0|30300073|130010009|130759178|4|20220521|171456|8002109|~       |      |~      |1|750|0|      |20220521|~       |0603|2022-06-01 07:03:04
330864|0000000640936357              |20220521|183754|029|676|0|30300131|130010008|130752116|1|20220521|101934|8001078|~       |      |~      |1|1250|0|      |20220521|~       |0603|2022-06-01 07:03:04
330866|0000000465133618              |20220521|204220|026|675|0|30300101|130010002|130752327|1|20220521|203253|8001078|~       |      |~      |1|1250|0|      |20220521|~       |0603|2022-06-01 07:03:04
331320|0000000652527004              |20220521|182031|019|676|0|30300040|130010007|130759365|1|20220521|171733|8002997|~       |      |~      |1|1250|0|      |20220521|~       |0603|2022-06-01 07:03:04
331322|0000000729451431              |20220521|210851|025|674|0|30300002|130010007|130759326|1|20220521|202632|8001744|~       |      |~      |1|1250|0|      |20220521|~       |0603|2022-06-01 07:03:04
331324|0000000718166167              |20220521|221546|028|674|0|30300002|130010007|130759320|1|20220521|215534|8002131|~       |      |~      |1|1250|0|      |20220521|~       |0603|2022-06-01 07:03:04
331326|0000000772287992              |20220521|131639|012|674|0|30300002|130010007|130759311|1|20220521|125728|8002131|~       |      |~      |1|1250|0|      |20220521|~       |0603|2022-06-01 07:03:04
331328|0000000921622119              |20220521|132141|012|674|0|30300002|130010007|130759333|1|20220521|121331|8001419|~       |      |~      |1|1250|0|      |20220521|~       |0603|2022-06-01 07:03:04
331330|0000000908937920              |20220521|160301|012|676|1|30300040|130010007|130759389|1|20220521|153407|8001074|~       |      |~      |1|0|0|      |20220521|~       |0603|2022-06-01 07:03:04
331332|0000000774077445              |20220521|071350|014|674|0|30300002|130010007|130759306|1|20220521|054221|8001963|~       |      |~      |1|1250|0|      |20220521|~       |0603|2022-06-01 07:03:04
331334|0000000746595611              |20220521|065444|014|675|0|30300058|130010004|130752202|1|20220521|054924|8001647|~       |      |~      |1|1250|0|      |20220521|~       |0603|2022-06-01 07:03:04
331336|0000000757594240              |20220521|202538|013|676|0|30300089|130010011|130759502|1|20220521|185806|8007189|~       |      |~      |1|1250|0|      |20220521|~       |0603|2022-06-01 07:03:04
331338|0000000672863000              |20220521|205252|010|676|0|30300038|130010014|130753257|1|20220521|195937|8002627|~       |      |~      |1|1250|0|      |20220521|~       |0603|2022-06-01 07:03:04
331340|0000000752167485              |20220521|171729|031|676|0|30300089|130010011|130759521|1|20220521|163720|8002666|~       |      |~      |1|1250|0|      |20220521|~       |0603|2022-06-01 07:03:04
331342|0000000903397212              |20220521|222645|026|676|0|30300038|130010014|130753255|1|20220521|215450|8002330|~       |      |~      |1|1250|0|      |20220521|~       |0603|2022-06-01 07:03:04
331344|0000000704142070              |20220521|114540|002|676|0|30300041|130010012|130753377|1|20220521|091811|8001077|20220521|120135|8002961|1|1250|0|      |20220521|20220521|0603|2022-06-01 07:03:04
331346|0000000715639272              |20220521|132114|005|676|0|30300072|130010001|130759483|1|20220521|130944|8002486|20220521|132839|8002357|1|1250|0|      |20220521|20220521|0603|2022-06-01 07:03:04
331348|0000000732802887              |20220521|133619|029|676|0|30300130|130010008|130752148|1|20220521|131551|8002486|20220521|135118|8002454|1|1250|0|      |20220521|20220521|0603|2022-06-01 07:03:04
329488|0000000763509695              |20220521|080213|011|676|0|30300036|130010012|130753372|1|20220521|053111|8002757|20220521|080835|8001587|1|1250|0|      |20220521|20220521|0603|2022-06-01 07:03:04
329490|0000000903465622              |20220521|092739|025|676|0|30300039|130010005|130759267|1|20220521|080324|8001569|20220521|093824|8001182|1|1250|0|      |20220521|20220521|0603|2022-06-01 07:03:04
329492|0000000751971502              |20220521|060433|027|676|0|30300130|130010008|130752149|1|20220521|053417|8002155|20220521|061506|8002304|1|1250|0|      |20220521|20220521|0603|2022-06-01 07:03:04
329494|0000000642961982              |20220521|072858|005|676|0|30300068|130010006|130752008|1|20220521|053159|8002753|20220521|074043|8002779|1|1250|0|      |20220521|20220521|0603|2022-06-01 07:03:04
329496|0000000725834312              |20220521|091408|021|676|0|30300039|130010005|130759271|1|20220521|074035|8001713|20220521|091858|8001923|1|1250|0|      |20220521|20220521|0603|2022-06-01 07:03:04
329498|0000000635042687              |20220521|182014|024|676|0|30300054|130010007|130759358|1|20220521|181202|8002909|20220521|184637|8002468|1|1250|0|      |20220521|20220521|0603|2022-06-01 07:03:04
329500|0000000659071535              |20220521|192553|025|676|0|30300037|130010006|130752039|1|20220521|190227|8002312|20220521|194301|8005518|1|1250|0|      |20220521|20220521|0603|2022-06-01 07:03:04
329502|0000000640411424              |20220521|201918|021|676|0|30300072|130010001|130759434|1|20220521|200948|8001060|20220521|202552|8002453|1|1250|0|      |20220521|20220521|0603|2022-06-01 07:03:04
329909|0000000921361327              |20220521|151624|008|676|0|30300087|130010008|130752159|1|20220521|142616|8002969|20220521|152949|8002758|1|1250|0|      |20220521|20220521|0603|2022-06-01 07:03:04
329911|0000000726016448              |20220521|154321|020|676|0|30300087|130010008|130752151|1|20220521|144612|8006006|20220521|155336|8002276|1|1250|0|      |20220521|20220521|0603|2022-06-01 07:03:04
329913|0000000749438980              |20220521|163829|014|676|0|30300087|130010008|130752151|1|20220521|163136|8002550|20220521|164252|8002118|1|1250|0|      |20220521|20220521|0603|2022-06-01 07:03:04
329915|0000000729494266              |20220521|155411|008|676|0|30300089|130010011|130759576|1|20220521|122249|8002532|20220521|164924|8001420|1|1250|0|      |20220521|20220521|0603|2022-06-01 07:03:04
329917|0000000726683554              |20220521|163038|026|676|0|30300089|130010011|130759536|1|20220521|160235|8002703|20220521|164927|8001923|1|1250|0|      |20220521|20220521|0603|2022-06-01 07:03:04
329919|0000000742648572              |20220521|060904|012|676|0|30300087|130010008|130752159|1|20220521|055700|8002840|20220521|062637|8002460|1|1250|0|      |20220521|20220521|0603|2022-06-01 07:03:04
329921|0000000660775663              |20220521|085209|024|676|0|30300089|130010011|130759522|1|20220521|063915|8002649|20220521|091347|8002206|1|1250|0|      |20220521|20220521|0603|2022-06-01 07:03:04
329923|0000000709101741              |20220521|063053|005|676|0|30300087|130010015|130759679|1|20220521|061922|8002118|20220521|064714|8001380|1|1250|0|      |20220521|20220521|0603|2022-06-01 07:03:04
329925|0000000903355751              |20220521|184249|004|676|0|30300043|130010015|130759609|1|20220521|174308|8002636|20220521|185002|8002717|1|1250|0|      |20220521|20220521|0603|2022-06-01 07:03:04
329927|0000000741407983              |20220521|184626|018|676|0|30300072|130010001|130759706|1|20220521|182725|8002453|20220521|190543|8002906|1|1250|0|      |20220521|20220521|0603|2022-06-01 07:03:04
329929|0000000766859242              |20220521|201144|030|676|0|30300051|130010008|130752121|1|20220521|190902|8001097|20220521|201703|8007010|1|1250|0|      |20220521|20220521|0603|2022-06-01 07:03:04
329931|0000000906636600              |20220521|192926|026|676|0|30300051|130010008|130752107|1|20220521|192400|8001096|20220521|201602|8001079|1|1250|0|      |20220521|20220521|0603|2022-06-01 07:03:04
329933|0000000725378750              |20220521|174552|018|676|0|30300087|130010015|130759622|1|20220521|162214|8002965|20220521|175835|8001198|1|1250|0|      |20220521|20220521|0603|2022-06-01 07:03:04
329935|0000000764273588              |20220521|175210|026|676|0|30300051|130010008|130752101|1|20220521|165527|8002733|20220521|181824|8002951|1|1250|0|      |20220521|20220521|0603|2022-06-01 07:03:04
330448|0000000630168956              |20220521|191659|010|675|0|30300061|130010015|130759617|1|20220521|185859|8002888|~       |      |~      |1|1250|0|      |20220521|~       |0603|2022-06-01 07:03:04
330450|0000000736841745              |20220521|201705|004|675|0|30300108|130010007|130759371|1|20220521|193828|8002376|~       |      |~      |1|1250|0|      |20220521|~       |0603|2022-06-01 07:03:04
330452|0000000743764471              |20220521|171554|008|675|1|30300076|130010014|130753511|1|20220521|170555|8001645|~       |      |~      |1|0|0|      |20220521|~       |0603|2022-06-01 07:03:04
330454|0000000903193950              |20220521|174305|027|676|1|30300073|130010009|130759185|1|20220521|164209|8001923|~       |      |~      |1|0|0|      |20220521|~       |0603|2022-06-01 07:03:04
330456|0000000715018864              |20220521|212942|009|680|0|30300026|130010014|130753604|1|20220521|210746|8002823|~       |      |~      |1|1250|0|      |20220521|~       |0603|2022-06-01 07:03:04
330458|0000000627632802              |20220521|221112|030|675|1|30300065|130010004|130752268|1|20220521|215247|8001420|~       |      |~      |1|0|0|      |20220521|~       |0603|2022-06-01 07:03:04
330460|0000000911393138              |20220521|123528|009|675|1|30300096|130010006|130752026|1|20220521|120408|8001312|~       |      |~      |1|0|0|      |20220521|~       |0603|2022-06-01 07:03:04
330462|0000000674841682              |20220521|130628|014|675|0|30300094|130010014|130753608|1|20220521|122310|8002869|~       |      |~      |1|1250|0|      |20220521|~       |0603|2022-06-01 07:03:04
330464|0000000774596922              |20220521|141344|009|675|0|30300065|130010004|130752267|1|20220521|055950|8007269|~       |      |~      |1|1250|0|      |20220521|~       |0603|2022-06-01 07:03:04
330466|0000000762756421              |20220521|142400|024|675|0|30300050|130010007|130759342|1|20220521|133556|8002410|~       |      |~      |1|1250|0|      |20220521|~       |0603|2022-06-01 07:03:04
330468|0000000907909041              |20220521|111605|008|675|0|30300066|130010015|130759606|1|20220521|110111|8002980|~       |      |~      |1|1250|0|      |20220521|~       |0603|2022-06-01 07:03:04
330470|0000000775909653              |20220521|154649|013|676|0|30300073|130010009|130759117|4|20220521|154130|8002109|~       |      |~      |1|750|0|      |20220521|~       |0603|2022-06-01 07:03:04
330472|0000000911242326              |20220521|071028|009|680|1|30300052|130010006|130752019|1|20220521|062945|8001081|~       |      |~      |1|0|0|      |20220521|~       |0603|2022-06-01 07:03:04
330474|0000000649528152              |20220521|185533|018|675|1|30300078|130010008|130752168|1|20220521|181037|8003006|~       |      |~      |1|0|0|      |20220521|~       |0603|2022-06-01 07:03:04
330476|0000000747501501              |20220521|193140|007|681|1|30300042|130010009|130759140|1|20220521|185051|8003032|~       |      |~      |1|0|0|      |20220521|~       |0603|2022-06-01 07:03:04
336922|0000000697697483              |20220521|210449|025|674|2|30300104|130010002|130752300|1|20220521|194823|8070017|20220521|211717|8002681|1|0|0|      |20220521|20220521|0603|2022-06-01 07:03:04
336924|0000000687033826              |20220521|215405|001|675|0|30300101|130010002|130752396|1|20220521|204916|8002558|20220521|220957|8001763|1|1250|0|      |20220521|20220521|0603|2022-06-01 07:03:04
336926|0000000400191396              |20220521|124749|020|675|0|30300059|130010004|130752270|1|20220521|114608|8006006|20220521|131141|8001930|1|1250|0|      |20220521|20220521|0603|2022-06-01 07:03:04
336928|0000000698189674              |20220521|132905|015|680|0|30300011|130010002|130752559|1|20220521|132011|8001490|20220521|133142|8002545|1|1250|0|      |20220521|20220521|0603|2022-06-01 07:03:04
336930|0000000793656316              |20220521|142258|010|676|0|30300093|130010004|130752215|1|20220521|133629|8002618|20220521|142833|8001097|1|1250|0|      |20220521|20220521|0603|2022-06-01 07:03:04
336932|0000000486037595              |20220521|102225|013|675|1|30300057|130010001|130759755|1|20220521|095934|8001529|20220521|103711|8002724|1|0|0|      |20220521|20220521|0603|2022-06-01 07:03:04
336934|0000000400191840              |20220521|104425|006|676|1|30300093|130010004|130752207|1|20220521|083227|8001229|20220521|104736|8001036|1|0|0|      |20220521|20220521|0603|2022-06-01 07:03:04
336936|0000000698372816              |20220521|090258|007|675|0|30300062|130010008|130752705|1|20220521|082813|8001949|20220521|091632|8002202|1|1250|0|      |20220521|20220521|0603|2022-06-01 07:03:04
336938|0000000694906920              |20220521|080741|030|674|0|30300104|130010002|130752343|1|20220521|075849|8001081|20220521|082342|8007244|1|1250|0|      |20220521|20220521|0603|2022-06-01 07:03:04
336940|0000000699429927              |20220521|101817|021|675|0|30300146|130010008|130752167|1|20220521|100439|8007505|20220521|102559|8002106|1|1250|0|      |20220521|20220521|0603|2022-06-01 07:03:04
337347|0000001110109553              |20220521|092524|003|675|1|30300101|130010002|130752354|1|20220521|090242|8002547|20220521|093155|8001755|1|0|0|      |20220521|20220521|0603|2022-06-01 07:03:04
337349|0000000697921333              |20220521|075545|003|675|0|30300077|130010006|130752042|1|20220521|070612|8001612|20220521|081848|8002734|1|1250|0|      |20220521|20220521|0603|2022-06-01 07:03:04
337351|0000000794457781              |20220521|090526|007|675|0|30300083|130010001|130759722|1|20220521|085154|8001381|20220521|092638|8002798|1|1250|0|      |20220521|20220521|0603|2022-06-01 07:03:04
337353|0000000695520392              |20220521|080045|006|675|0|30300067|130010001|130759481|1|20220521|072934|8002149|20220521|082236|8001655|1|1250|0|      |20220521|20220521|0603|2022-06-01 07:03:04
337355|0000000788894905              |20220521|093716|024|675|0|30300083|130010001|130759780|1|20220521|053110|8002727|20220521|094610|8002697|1|1250|0|      |20220521|20220521|0603|2022-06-01 07:03:04
337357|0000000681902533              |20220521|084004|012|675|0|30300057|130010001|130759755|1|20220521|082538|8001849|20220521|090604|8001414|1|1250|0|      |20220521|20220521|0603|2022-06-01 07:03:04
337359|0000000699841660              |20220521|053953|001|675|0|30300077|130010006|130752070|1|20220521|053730|8001803|20220521|061133|8001493|1|1250|0|      |20220521|20220521|0603|2022-06-01 07:03:04
337361|0000000692080362              |20220521|113151|005|675|1|30300148|130010001|130759419|1|20220521|111346|8002734|20220521|115146|8001828|1|0|0|      |20220521|20220521|0603|2022-06-01 07:03:04
337363|0000000682686831              |20220521|141734|028|676|1|30300069|130010001|130759428|1|20220521|132555|8001096|20220521|143607|8001498|1|0|0|      |20220521|20220521|0603|2022-06-01 07:03:04
337365|0000000400151418              |20220521|143855|004|675|0|30300083|130010001|130759789|1|20220521|125729|8001494|20220521|144338|8001854|1|1250|0|      |20220521|20220521|0603|2022-06-01 07:03:04
337367|0000000400210769              |20220521|135716|003|675|1|30300083|130010001|130759780|1|20220521|053110|8001488|20220521|142046|8001791|1|0|0|      |20220521|20220521|0603|2022-06-01 07:03:04
337369|0000000694906920              |20220521|152442|031|674|0|30300104|130010002|130752505|1|20220521|150438|8007184|20220521|154009|8001083|1|1250|0|      |20220521|20220521|0603|2022-06-01 07:03:04
337371|0000000792441643              |20220521|151814|016|675|0|30300077|130010006|130752042|1|20220521|150338|8001197|20220521|160703|8002894|1|1250|0|      |20220521|20220521|0603|2022-06-01 07:03:04
337373|0000000694807423              |20220521|160009|022|675|2|30300057|130010001|130759755|1|20220521|153533|8001529|20220521|161313|8002800|1|0|0|      |20220521|20220521|0603|2022-06-01 07:03:04
337780|0000000904802384              |20220521|171222|001|674|0|30300002|130010007|130759323|1|20220521|163818|8001097|20220521|172324|8001536|1|1250|0|      |20220521|20220521|0603|2022-06-01 07:03:04
337782|0000000771998116              |20220521|183135|019|674|0|30300002|130010007|130759310|1|20220521|180222|8001418|20220521|184121|8001097|1|1250|0|      |20220521|20220521|0603|2022-06-01 07:03:04
337784|0000000776796363              |20220521|181918|013|675|0|30300055|130010014|130753267|1|20220521|180014|8001554|20220521|184241|8002357|1|1250|0|      |20220521|20220521|0603|2022-06-01 07:03:04
337786|0000000918029175              |20220521|225654|015|675|0|30300055|130010014|130753234|1|20220521|222856|8002627|20220521|230839|8001402|1|1250|0|      |20220521|20220521|0603|2022-06-01 07:03:04
337788|0000000911275971              |20220521|122949|013|674|0|30300002|130010007|130759331|1|20220521|113535|8001096|20220521|123931|8001419|1|1250|0|      |20220521|20220521|0603|2022-06-01 07:03:04
337790|0000000921334171              |20220521|123517|013|674|0|30300002|130010007|130759320|1|20220521|115632|8001097|20220521|130305|8001242|1|1250|0|      |20220521|20220521|0603|2022-06-01 07:03:04
337792|0000000714307909              |20220521|130909|021|675|0|30300055|130010014|130753267|1|20220521|121936|8002343|20220521|133232|8001536|1|1250|0|      |20220521|20220521|0603|2022-06-01 07:03:04
337794|0000000779257383              |20220521|112422|006|674|0|30300002|130010007|130759321|1|20220521|103740|8001430|20220521|113456|8001096|1|1250|0|      |20220521|20220521|0603|2022-06-01 07:03:04
337796|0000000921581762              |20220521|145530|020|675|0|30300055|130010014|130753267|1|20220521|141804|8002339|20220521|150705|8002631|1|1250|0|      |20220521|20220521|0603|2022-06-01 07:03:04
337798|0000000918351922              |20220521|150125|013|674|0|30300002|130010007|130759318|1|20220521|140202|8001419|20220521|152101|8002981|1|1250|0|      |20220521|20220521|0603|2022-06-01 07:03:04
337800|0000000774716931              |20220521|152041|013|674|0|30300002|130010007|130759306|1|20220521|144303|8001097|20220521|152847|8002881|1|1250|0|      |20220521|20220521|0603|2022-06-01 07:03:04
337802|0000000759541663              |20220521|161216|013|674|0|30300002|130010007|130759326|1|20220521|150308|8005994|20220521|161924|8002252|1|1250|0|      |20220521|20220521|0603|2022-06-01 07:03:04
337804|0000000745818766              |20220521|160535|001|674|0|30300002|130010007|130759304|1|20220521|154805|8003020|20220521|164516|8001096|1|1250|0|      |20220521|20220521|0603|2022-06-01 07:03:04
334820|0000000400151013              |20220521|105642|018|676|0|30300070|130010004|130752603|1|20220521|095556|8001421|20220521|111321|8002819|1|1250|0|      |20220521|20220521|0603|2022-06-01 07:03:05
334822|0000000186717379              |20220521|111512|026|676|1|30300070|130010004|130752604|1|20220521|101213|8001421|20220521|112940|8001619|1|0|0|      |20220521|20220521|0603|2022-06-01 07:03:05
334824|0000000699388457              |20220521|143210|017|675|0|30300058|130010004|130752278|1|20220521|141210|8001854|20220521|144035|8001927|1|1250|0|      |20220521|20220521|0603|2022-06-01 07:03:05
334826|0000000692158230              |20220521|143223|020|676|0|30300070|130010004|130752605|1|20220521|140411|8001240|20220521|153435|8002826|1|1250|0|      |20220521|20220521|0603|2022-06-01 07:03:05
334828|0000000785495973              |20220521|155859|021|676|1|30300070|130010004|130752201|1|20220521|143243|8002155|20220521|160720|8002308|1|0|0|      |20220521|20220521|0603|2022-06-01 07:03:05
334830|0000000793932042              |20220521|153445|031|675|1|30300058|130010004|130752247|1|20220521|130223|8001855|20220521|154637|8005913|1|0|0|      |20220521|20220521|0603|2022-06-01 07:03:05
334832|0000000788988493              |20220521|204444|004|676|0|30300089|130010011|130759512|1|20220521|145752|8002133|20220521|205849|8005592|1|1250|0|      |20220521|20220521|0603|2022-06-01 07:03:05
334834|0000000487873183              |20220521|170259|025|676|1|30300089|130010011|130759575|1|20220521|094557|8002756|20220521|172947|8002204|1|0|0|      |20220521|20220521|0603|2022-06-01 07:03:05
335268|0000000783591033              |20220521|104312|002|676|0|30300051|130010008|130752153|1|20220521|094818|8002733|20220521|110420|8001097|1|1250|0|      |20220521|20220521|0603|2022-06-01 07:03:05
335270|0000000693057561              |20220521|082355|025|676|0|30300037|130010006|130752062|1|20220521|081452|8002693|20220521|083107|8002412|1|1250|0|      |20220521|20220521|0603|2022-06-01 07:03:05
335272|0000000699670529              |20220521|082957|010|675|0|30300080|130010009|130759103|1|20220521|073933|8001983|20220521|084101|8001096|1|1250|0|      |20220521|20220521|0603|2022-06-01 07:03:05
335274|0000000788214487              |20220521|104352|006|676|0|30300040|130010007|130759365|1|20220521|103545|8002843|20220521|105512|8001096|1|1250|0|      |20220521|20220521|0603|2022-06-01 07:03:05
335276|0000000400206849              |20220521|113201|022|674|0|30300002|130010007|130759323|1|20220521|110900|8002131|20220521|120415|8001096|1|1250|0|      |20220521|20220521|0603|2022-06-01 07:03:05
335278|0000000487266342              |20220521|143400|012|676|0|30300131|130010008|130752723|1|20220521|141200|8001079|20220521|145803|8002453|1|1250|0|      |20220521|20220521|0603|2022-06-01 07:03:05
335280|0000000692538840              |20220521|152727|017|675|0|30300062|130010008|130752721|1|20220521|150935|8002431|20220521|154645|8002453|1|1250|0|      |20220521|20220521|0603|2022-06-01 07:03:05
335282|0000000699156333              |20220521|183245|022|675|0|30300055|130010014|130753268|1|20220521|181258|8001203|20220521|184701|8001403|1|1250|0|      |20220521|20220521|0603|2022-06-01 07:03:05
335284|0000000400089763              |20220521|203111|031|675|1|30300055|130010014|130753204|1|20220521|201051|8001538|20220521|203711|8002733|1|0|0|      |20220521|20220521|0603|2022-06-01 07:03:05
335286|0000000789020257              |20220521|171338|010|675|0|30300055|130010014|130753204|1|20220521|162024|8001445|20220521|173612|8001536|1|1250|0|      |20220521|20220521|0603|2022-06-01 07:03:05
335288|0000000699006112              |20220521|175009|017|675|0|30300055|130010014|130753211|1|20220521|155933|8007040|20220521|182103|8002733|1|1250|0|      |20220521|20220521|0603|2022-06-01 07:03:05
335290|0000000400199887              |20220521|182537|025|676|0|30300037|130010006|130752002|1|20220521|172207|8002412|20220521|185251|8002906|1|1250|0|      |20220521|20220521|0603|2022-06-01 07:03:05
335292|0000000699364005              |20220521|211146|009|676|2|30300037|130010006|130752027|1|20220521|203841|8002100|20220521|213013|8002721|1|0|0|      |20220521|20220521|0603|2022-06-01 07:03:05
335294|0000000400164417              |20220521|122449|010|676|0|30300037|130010006|130759024|1|20220521|105512|8002310|20220521|123850|8001348|1|1250|0|      |20220521|20220521|0603|2022-06-01 07:03:05
335701|0000000785595490              |20220521|082225|008|676|0|30300088|130010002|130752317|4|20220521|081700|8002352|20220521|084604|8001169|1|750|0|      |20220521|20220521|0603|2022-06-01 07:03:05
335703|0000000780122350              |20220521|085040|017|675|0|30300046|130010002|130752312|1|20220521|075808|8070026|20220521|091418|8005647|1|1250|0|      |20220521|20220521|0603|2022-06-01 07:03:05
335705|0000000479278162              |20220521|110108|006|675|0|30300047|130010001|130759436|1|20220521|105850|8001393|20220521|112644|8001024|1|1250|0|      |20220521|20220521|0603|2022-06-01 07:03:05
335707|0000000698913541              |20220521|111103|029|676|0|30300131|130010008|130752724|4|20220521|100124|8007418|20220521|114420|8002681|1|750|0|      |20220521|20220521|0603|2022-06-01 07:03:05
335709|0000000788905114              |20220521|142331|031|679|1|30300063|130010001|130759474|1|20220521|141344|8001096|20220521|143105|8001419|1|0|0|      |20220521|20220521|0603|2022-06-01 07:03:05
335711|0000000694967293              |20220521|155404|019|675|0|30300058|130010004|130752220|1|20220521|150355|8001418|20220521|160839|8002946|1|1250|0|      |20220521|20220521|0603|2022-06-01 07:03:05
335713|0000001110203924              |20220521|163615|010|676|0|30300051|130010008|130752128|4|20220521|162805|8001096|20220521|164814|8002454|1|750|0|      |20220521|20220521|0603|2022-06-01 07:03:05
335715|0000000693401034              |20220521|175652|003|678|0|30300074|130010014|130753226|4|20220521|174240|8001096|20220521|184427|8001546|1|750|0|      |20220521|20220521|0603|2022-06-01 07:03:05
335717|0000000790061860              |20220521|214353|001|832|0|30300128|130710001|130759916|1|20220521|052716|8007055|20220521|220502|8007080|1|1700|300|      |20220521|20220521|0603|2022-06-01 07:03:05
335719|0000000690775068              |20220521|130019|028|676|0|30300043|130010015|130759632|1|20220521|123157|8001790|20220521|131517|8002730|2|2000|0|      |20220521|20220521|0603|2022-06-01 07:03:05
335721|0000000793293763              |20220521|100106|003|676|1|30300086|130010013|130759806|1|20220521|083327|8002039|20220521|103236|8001977|1|0|0|      |20220521|20220521|0603|2022-06-01 07:03:05
335723|0000000784807895              |20220521|112453|001|832|0|30300128|130710001|130759925|1|20220521|104030|8007400|20220521|115436|8007055|1|1700|300|      |20220521|20220521|0603|2022-06-01 07:03:05
335725|0000000693905606              |20220521|154434|028|675|0|30300049|130010004|130752289|1|20220521|153737|8002932|20220521|160950|8001277|1|1250|0|      |20220521|20220521|0603|2022-06-01 07:03:05
336132|0000000400103720              |20220521|174226|013|676|0|30300041|130010012|130753304|1|20220521|165459|8001076|20220521|174806|8002088|1|1250|0|      |20220521|20220521|0603|2022-06-01 07:03:05
336134|0000000790982848              |20220521|184046|002|676|0|30300070|130010004|130752226|1|20220521|154943|8002730|20220521|185210|8002784|1|1250|0|      |20220521|20220521|0603|2022-06-01 07:03:05
339768|0000000743052015              |20220521|121454|001|674|0|30300104|130010002|130752300|1|20220521|112314|8001078|20220521|123358|8005996|1|1250|0|      |20220521|20220521|0603|2022-06-01 07:03:05
339770|0000000909296314              |20220521|130348|001|676|0|30300090|130010005|130759207|1|20220521|110952|8001078|20220521|133715|8001536|1|1250|0|      |20220521|20220521|0603|2022-06-01 07:03:05
339772|0000000708934196              |20220521|130912|011|676|0|30300036|130010012|130753302|1|20220521|122407|8002757|20220521|132612|8002603|1|1250|0|      |20220521|20220521|0603|2022-06-01 07:03:05
339774|0000000761743264              |20220521|135620|001|676|0|30300071|130010009|130759150|1|20220521|120635|8001078|20220521|142529|8001464|1|1250|0|      |20220521|20220521|0603|2022-06-01 07:03:05
339776|0000000910129722              |20220521|142133|001|675|0|30300056|130010012|130753307|1|20220521|131623|8070030|20220521|142755|8003100|1|1250|0|      |20220521|20220521|0603|2022-06-01 07:03:05
339778|0000000746472932              |20220521|150913|016|676|0|30300041|130010012|130753313|1|20220521|150555|8070030|20220521|153033|8007325|1|1250|0|      |20220521|20220521|0603|2022-06-01 07:03:05
340185|0000000639330251              |20220521|132821|018|675|0|30300053|130010002|130752394|1|20220521|062134|8002118|20220521|135147|8001380|1|1250|0|      |20220521|20220521|0603|2022-06-01 07:03:05
340187|0000000906063297              |20220521|141821|003|674|0|30300002|130010007|130759314|1|20220521|133414|8001721|20220521|142733|8001096|1|1250|0|      |20220521|20220521|0603|2022-06-01 07:03:05
340189|0000000659886515              |20220521|142625|004|675|0|30300053|130010002|130752386|1|20220521|135338|8002118|20220521|144404|8001949|1|1250|0|      |20220521|20220521|0603|2022-06-01 07:03:05
340191|0000000908895574              |20220521|161817|001|674|0|30300002|130010007|130759337|1|20220521|152941|8001721|20220521|163941|8005994|1|1250|0|      |20220521|20220521|0603|2022-06-01 07:03:05
340193|0000000909630316              |20220521|074823|001|676|0|30300051|130010008|130752103|1|20220521|071933|8002118|20220521|075610|8001934|1|1250|0|      |20220521|20220521|0603|2022-06-01 07:03:05
340195|0000000763300947              |20220521|094848|014|674|0|30300002|130010007|130759338|1|20220521|090108|8001721|20220521|095440|8001096|1|1250|0|      |20220521|20220521|0603|2022-06-01 07:03:05
340197|0000000772398339              |20220521|084058|001|676|0|30300087|130010008|130752158|1|20220521|082642|8002118|20220521|090353|8002453|1|1250|0|      |20220521|20220521|0603|2022-06-01 07:03:05
340199|0000000655330615              |20220521|190432|001|676|0|30300072|130010001|130759431|1|20220521|182552|8002658|20220521|192717|8002452|1|1250|0|      |20220521|20220521|0603|2022-06-01 07:03:05
340201|0000000719874148              |20220521|193603|013|676|0|30300090|130010005|130759223|1|20220521|151659|8002411|20220521|194839|8001641|1|1250|0|      |20220521|20220521|0603|2022-06-01 07:03:05
340203|0000000908854632              |20220521|194217|001|676|0|30300037|130010006|130752027|1|20220521|191952|8002984|20220521|200745|8001097|1|1250|0|      |20220521|20220521|0603|2022-06-01 07:03:05
340205|0000000746664558              |20220521|165949|005|675|0|30300046|130010002|130752352|1|20220521|161936|8002411|20220521|172212|8001371|1|1250|0|      |20220521|20220521|0603|2022-06-01 07:03:05
340207|0000000655033720              |20220521|175003|003|676|0|30300037|130010006|130759023|1|20220521|154454|8002658|20220521|180042|8001574|1|1250|0|      |20220521|20220521|0603|2022-06-01 07:03:05
340209|0000000652733258              |20220521|184526|009|675|0|30300045|130010006|130759003|1|20220521|165820|8002984|20220521|185458|8002917|1|1250|0|      |20220521|20220521|0603|2022-06-01 07:03:05
340211|0000000903912329              |20220521|220917|001|676|0|30300037|130010006|130752038|1|20220521|165745|8002658|20220521|223206|8002411|1|1250|0|      |20220521|20220521|0603|2022-06-01 07:03:05
334027|0000000748321342              |20220521|174429|011|675|0|30300045|130010006|130759003|1|20220521|165820|8002960|20220521|175719|8002922|1|1250|0|      |20220521|20220521|0603|2022-06-01 07:03:05
334029|0000000752387872              |20220521|174550|012|676|0|30300036|130010011|130759503|1|20220521|170231|8001054|20220521|175552|8001587|1|1250|0|      |20220521|20220521|0603|2022-06-01 07:03:05
334031|0000000725221969              |20220521|180518|001|675|0|30300045|130010006|130752047|1|20220521|172455|8002960|20220521|181235|8002694|1|1250|0|      |20220521|20220521|0603|2022-06-01 07:03:05
334033|0000000755943890              |20220521|180741|003|676|0|30300087|130010015|130759636|1|20220521|173806|8002100|20220521|182220|8002969|1|1250|0|      |20220521|20220521|0603|2022-06-01 07:03:05
334035|0000000760563623              |20220521|181733|016|675|0|30300077|130010006|130759018|1|20220521|155831|8001528|20220521|184959|8001737|1|1250|0|      |20220521|20220521|0603|2022-06-01 07:03:05
334037|0000000920978173              |20220521|222010|004|675|0|30300058|130010004|130752266|1|20220521|215153|8001528|20220521|224418|8001754|1|1250|0|      |20220521|20220521|0603|2022-06-01 07:03:05
334039|0000000606298535              |20220521|205320|012|676|0|30300038|130010014|130753502|1|20220521|194600|8001054|20220521|205703|8002917|1|1250|0|      |20220521|20220521|0603|2022-06-01 07:03:05
334041|0000000770612198              |20220521|204108|030|675|0|30300077|130010006|130752070|1|20220521|195135|8001528|20220521|212655|8001060|1|1250|0|      |20220521|20220521|0603|2022-06-01 07:03:05
334043|0000000908569653              |20220521|122051|001|674|0|30300100|130010002|130752344|1|20220521|120940|8002107|20220521|124119|8001934|1|1250|0|      |20220521|20220521|0603|2022-06-01 07:03:05
334045|0000000918339915              |20220521|133905|001|676|0|30300038|130010014|130753200|1|20220521|112033|8001054|20220521|134146|8002917|1|1250|0|      |20220521|20220521|0603|2022-06-01 07:03:05
334047|0000000464403083              |20220521|133258|006|674|0|30300100|130010002|130752345|1|20220521|132308|8002107|20220521|135608|8001927|1|1250|0|      |20220521|20220521|0603|2022-06-01 07:03:05
334049|0000000742967993              |20220521|135801|001|675|0|30300077|130010006|130752034|1|20220521|133255|8001528|20220521|141209|8002433|1|1250|0|      |20220521|20220521|0603|2022-06-01 07:03:05
334051|0000000774874482              |20220521|112652|001|674|0|30300100|130010002|130752359|1|20220521|111822|8002107|20220521|120106|8002603|1|1250|0|      |20220521|20220521|0603|2022-06-01 07:03:05
334458|0000001110193348              |20220521|183336|023|675|1|30300046|130010002|130752305|1|20220521|172821|8001014|20220521|184222|8001371|1|0|0|      |20220521|20220521|0603|2022-06-01 07:03:05
334460|0000000699000017              |20220521|213321|007|676|2|30300130|130010008|130752148|1|20220521|205941|8002340|20220521|213752|8001236|1|0|0|      |20220521|20220521|0603|2022-06-01 07:03:05
334462|0000000400170722              |20220521|125430|007|675|0|30300046|130010002|130752321|1|20220521|121913|8001643|20220521|132153|8001269|1|1250|0|      |20220521|20220521|0603|2022-06-01 07:03:05
334464|0000000400169165              |20220521|103805|018|681|1|30300042|130010009|130759136|1|20220521|101558|8001596|20220521|105606|8002278|1|0|0|      |20220521|20220521|0603|2022-06-01 07:03:05
338020|0000000662358682              |20220521|204303|021|675|0|30300055|130010014|130753210|1|20220521|200334|8002345|20220521|205018|8001529|1|1250|0|      |20220521|20220521|0603|2022-06-01 07:03:06
338427|0000000622795574              |20220521|065443|001|674|0|30300002|130010007|130759319|1|20220521|064309|8002050|20220521|074628|8001419|1|1250|0|      |20220521|20220521|0603|2022-06-01 07:03:06
338429|0000000719102829              |20220521|095920|004|675|0|30300062|130010008|130752162|1|20220521|093820|8001989|20220521|100116|8001989|1|1250|0|      |20220521|20220521|0603|2022-06-01 07:03:06
338431|0000000608638863              |20220521|093642|006|674|0|30300002|130010007|130759313|1|20220521|092641|8002050|20220521|103450|8001419|1|1250|0|      |20220521|20220521|0603|2022-06-01 07:03:06
338433|0000000918426773              |20220521|101057|001|676|0|30300054|130010007|130759387|1|20220521|090533|8002050|20220521|104452|8001078|1|1250|0|      |20220521|20220521|0603|2022-06-01 07:03:06
338435|0000000725894474              |20220521|084627|001|676|0|30300036|130010011|130759510|1|20220521|065603|8002279|20220521|085414|8001056|1|1250|0|      |20220521|20220521|0603|2022-06-01 07:03:06
338437|0000000703874699              |20220521|095129|028|676|0|30300054|130010007|130759383|1|20220521|091318|8001989|20220521|101258|8007245|1|1250|0|      |20220521|20220521|0603|2022-06-01 07:03:06
338439|0000000676131590              |20220521|095850|019|676|0|30300054|130010007|130759377|1|20220521|095043|8002050|20220521|102759|8001568|1|1250|0|      |20220521|20220521|0603|2022-06-01 07:03:06
338441|0000000716795089              |20220521|184455|009|675|0|30300058|130010004|130752257|1|20220521|135728|8001086|20220521|185024|8005894|1|1250|0|      |20220521|20220521|0603|2022-06-01 07:03:06
338443|0000000758286781              |20220521|193831|023|675|0|30300091|130010013|130759821|1|20220521|174244|8001086|20220521|194841|8002426|1|1250|0|      |20220521|20220521|0603|2022-06-01 07:03:06
338445|0000000779143011              |20220521|194654|027|675|0|30300060|130010014|130753241|1|20220521|131403|8005585|20220521|200728|8001051|1|1250|0|      |20220521|20220521|0603|2022-06-01 07:03:06
338447|0000000741751846              |20220521|162338|005|675|0|30300060|130010014|130753245|1|20220521|161541|8005585|20220521|164830|8002279|1|1250|0|      |20220521|20220521|0603|2022-06-01 07:03:06
338449|0000000772626329              |20220521|172416|001|676|0|30300040|130010007|130759367|1|20220521|163145|8001086|20220521|173114|8001097|1|1250|0|      |20220521|20220521|0603|2022-06-01 07:03:06
338451|0000000770793287              |20220521|171203|009|676|0|30300040|130010007|130759343|1|20220521|161744|8001086|20220521|171805|8001097|1|1250|0|      |20220521|20220521|0603|2022-06-01 07:03:06
338453|0000000624033443              |20220521|182335|001|675|0|30300058|130010004|130752263|1|20220521|165303|8001982|20220521|182346|8001982|1|1250|0|      |20220521|20220521|0603|2022-06-01 07:03:06
338905|0000000647145942              |20220521|105446|011|832|0|30300128|130710001|130759918|1|20220521|052020|9007055|~       |      |~      |1|1700|0|      |20220521|~       |0603|2022-06-01 07:03:06
338907|0000000910312514              |20220521|203134|001|675|0|30300058|130010004|130752293|4|20220521|151858|8002630|~       |      |~      |1|750|0|      |20220521|~       |0603|2022-06-01 07:03:06
338909|0000000910009595              |20220521|180242|001|678|0|30300074|130110001|130745012|4|20220519|142459|8001412|~       |      |~      |1|750|0|      |20220521|~       |0603|2022-06-01 07:03:06
338911|0000000911448644              |20220521|180441|001|832|0|30300128|130710001|130759916|1|20220521|052716|9007055|~       |      |~      |1|1700|0|      |20220521|~       |0603|2022-06-01 07:03:06
338913|0000000908406029              |20220521|215013|001|676|0|30300089|130010011|130759536|4|20220521|203755|8001555|~       |      |~      |1|750|0|      |20220521|~       |0603|2022-06-01 07:03:06
338915|0000000710249880              |20220521|125211|002|832|0|30300128|130710001|130759914|1|20220521|055729|8007289|~       |      |~      |1|1700|0|      |20220521|~       |0603|2022-06-01 07:03:06
338917|0000000907968612              |20220521|140402|002|680|0|30300052|130010002|130752329|4|20220521|053644|8001934|~       |      |~      |1|750|0|      |20220521|~       |0603|2022-06-01 07:03:06
338919|0000000469612499              |20220521|113049|001|832|0|30300128|130710001|130759929|1|20220521|052135|8007412|~       |      |~      |1|1700|0|      |20220521|~       |0603|2022-06-01 07:03:06
338921|0000000910200128              |20220521|141635|030|676|0|30300089|130010011|130759531|4|20220521|131553|8002207|~       |      |~      |1|750|0|      |20220521|~       |0603|2022-06-01 07:03:06
338923|0000000900796505              |20220521|151520|022|832|0|30300128|130710001|130759918|1|20220521|052020|8007294|~       |      |~      |1|1700|0|      |20220521|~       |0603|2022-06-01 07:03:06
338925|0000000911370689              |20220521|161442|001|676|0|30300041|130010012|130753320|4|20220521|142354|8001076|~       |      |~      |1|750|0|      |20220521|~       |0603|2022-06-01 07:03:06
338927|0000000910248501              |20220521|063327|001|676|0|30300088|130010006|130752023|4|20220521|061620|8002132|~       |      |~      |1|750|0|      |20220521|~       |0603|2022-06-01 07:03:06
338929|0000000909556112              |20220521|064847|001|676|0|30300037|130010006|130752002|4|20220521|062618|8002720|~       |      |~      |1|750|0|      |20220521|~       |0603|2022-06-01 07:03:06
338931|0000000903697545              |20220521|100857|001|832|0|30300128|130710001|130759914|1|20220521|055729|9007055|~       |      |~      |1|1700|0|      |20220521|~       |0603|2022-06-01 07:03:06
338933|0000000908729565              |20220521|185630|001|676|0|30300090|130010005|130759260|1|20220521|165453|8006006|~       |      |~      |2|2500|0|      |20220521|~       |0603|2022-06-01 07:03:06
339392|0000000903239105              |20220521|085134|002|676|0|30300070|130010004|130752605|1|20220521|081345|8001412|~       |      |~      |1|1250|0|      |20220521|~       |0603|2022-06-01 07:03:06
339394|0000000756014740              |20220521|110355|019|676|0|30300089|130010011|130759512|1|20220521|104901|8002133|~       |      |~      |1|1250|0|      |20220521|~       |0603|2022-06-01 07:03:06
339396|0000000743742146              |20220521|201907|002|676|0|30300054|130010007|130759378|1|20220521|192411|8001555|~       |      |~      |1|1250|0|      |20220521|~       |0603|2022-06-01 07:03:06
339398|0000000706084311              |20220521|170412|018|676|0|30300088|130010002|130752380|1|20220521|154926|8001555|~       |      |~      |1|1250|0|      |20220521|~       |0603|2022-06-01 07:03:06
339400|0000000776583619              |20220521|173014|002|676|0|30300051|130010008|130752119|1|20220521|165708|8001935|~       |      |~      |1|1250|0|      |20220521|~       |0603|2022-06-01 07:03:06
339402|0000000748367935              |20220521|174842|002|674|0|30300100|130010002|130752506|1|20220521|173557|8001029|~       |      |~      |1|1250|0|      |20220521|~       |0603|2022-06-01 07:03:06
339404|0000000765649973              |20220521|183131|016|674|0|30300100|130010002|130752367|1|20220521|180703|8001935|~       |      |~      |1|1250|0|      |20220521|~       |0603|2022-06-01 07:03:06
336372|0000001110165863              |20220521|080046|025|675|0|30300067|130010001|130759481|1|20220521|072934|8002149|20220521|080423|8002357|1|1250|0|      |20220521|20220521|0603|2022-06-01 07:03:06
336374|0000000789066940              |20220521|102548|017|678|0|30300074|130010014|130753248|1|20220521|095306|8002634|20220521|110342|8005033|1|1250|450|      |20220521|20220521|0603|2022-06-01 07:03:06
336781|0000000400151418              |20220521|132616|003|675|0|30300079|130010009|130759113|1|20220521|051836|8001855|20220521|133054|8002119|1|1250|0|      |20220521|20220521|0603|2022-06-01 07:03:06
336783|0000000788727469              |20220521|141140|024|676|0|30300089|130010011|130759527|1|20220521|130122|8007549|20220521|141731|8001568|1|1250|0|      |20220521|20220521|0603|2022-06-01 07:03:06
336785|0000000400184941              |20220521|055103|017|676|0|30300072|130010001|130759734|1|20220521|052817|8001234|20220521|060405|8001412|1|1250|0|      |20220521|20220521|0603|2022-06-01 07:03:06
336787|0000000400204577              |20220521|085021|002|675|0|30300058|130010004|130752278|1|20220521|071924|8002065|20220521|085605|8002608|1|1250|0|      |20220521|20220521|0603|2022-06-01 07:03:06
336789|0000000693522974              |20220521|072055|004|676|0|30300038|130010014|130753525|1|20220521|063733|8002913|20220521|073224|8003032|1|1250|0|      |20220521|20220521|0603|2022-06-01 07:03:06
336791|0000000400203016              |20220521|090819|015|675|0|30300079|130010009|130759111|1|20220521|055849|8001430|20220521|092606|8001529|1|1250|0|      |20220521|20220521|0603|2022-06-01 07:03:06
336793|0000000400153373              |20220521|074735|028|676|0|30300038|130010014|130753200|1|20220521|065451|8003043|20220521|075311|8001710|1|1250|0|      |20220521|20220521|0603|2022-06-01 07:03:06
336795|0000000694833907              |20220521|104442|026|674|0|30300100|130010002|130752397|1|20220521|101154|8001493|20220521|110928|8001916|1|1250|0|      |20220521|20220521|0603|2022-06-01 07:03:06
336797|0000000486037595              |20220521|101215|013|675|0|30300058|130010004|130752294|1|20220521|082918|8007272|20220521|102146|8001528|1|1250|0|      |20220521|20220521|0603|2022-06-01 07:03:06
336799|0000000699945831              |20220521|095221|029|676|0|30300072|130010001|130759431|1|20220521|073117|8001035|20220521|100250|8001421|1|1250|0|      |20220521|20220521|0603|2022-06-01 07:03:06
336801|0000000789489311              |20220521|113047|011|674|1|30300100|130010002|130752345|1|20220521|110609|8002118|20220521|114259|8001927|1|0|0|      |20220521|20220521|0603|2022-06-01 07:03:06
336803|0000000793443830              |20220521|134656|024|674|0|30300100|130010002|130752382|1|20220521|134126|8001915|20220521|142714|8002629|1|1250|0|      |20220521|20220521|0603|2022-06-01 07:03:06
336805|0000000795203376              |20220521|152008|007|676|0|30300038|130010014|130753501|1|20220521|142014|8001049|20220521|152845|8001710|1|1250|0|      |20220521|20220521|0603|2022-06-01 07:03:06
337212|0000000400173760              |20220521|083014|026|675|0|30300053|130010002|130752385|1|20220521|081026|8001785|20220521|083415|8001081|1|1250|0|      |20220521|20220521|0603|2022-06-01 07:03:06
337214|0000000400197694              |20220521|091356|006|676|0|30300072|130010001|130759711|1|20220521|090249|8002341|20220521|092135|8002357|1|1250|0|      |20220521|20220521|0603|2022-06-01 07:03:06
337216|0000000486163088              |20220521|055101|021|676|0|30300087|130010008|130752155|1|20220521|054256|8002133|20220521|064505|8002276|1|1250|0|      |20220521|20220521|0603|2022-06-01 07:03:06
337218|0000000488574309              |20220521|091646|022|676|0|30300072|130010001|130759432|1|20220521|083006|8002617|20220521|092927|8001831|1|1250|0|      |20220521|20220521|0603|2022-06-01 07:03:06
337220|0000000400183977              |20220521|065507|014|676|0|30300072|130010001|130759432|1|20220521|062958|8001005|20220521|072100|8001421|1|1250|0|      |20220521|20220521|0603|2022-06-01 07:03:06
337222|0000000487547313              |20220521|081522|023|676|0|30300040|130010013|130759830|1|20220521|075402|8001054|20220521|082143|8001074|1|1250|0|      |20220521|20220521|0603|2022-06-01 07:03:06
337224|0000000697798265              |20220521|092129|023|675|0|30300053|130010002|130752373|1|20220521|085534|8001029|20220521|095148|8001074|1|1250|0|      |20220521|20220521|0603|2022-06-01 07:03:06
337226|0000000400204577              |20220521|112022|003|676|1|30300040|130010013|130759834|1|20220521|103832|8001005|20220521|112851|8002241|1|0|0|      |20220521|20220521|0603|2022-06-01 07:03:06
337228|0000000691705123              |20220521|112715|014|676|1|30300040|130010013|130759873|1|20220521|110007|8001074|20220521|113039|8002953|1|0|0|      |20220521|20220521|0603|2022-06-01 07:03:06
337230|0000000790045041              |20220521|114042|027|675|0|30300053|130010002|130752368|1|20220521|111513|8001951|20220521|115729|8001028|1|1250|0|      |20220521|20220521|0603|2022-06-01 07:03:06
337232|0000000788295460              |20220521|142622|013|676|0|30300040|130010007|130759366|1|20220521|141805|8002898|20220521|142747|8001534|1|1250|0|      |20220521|20220521|0603|2022-06-01 07:03:06
337234|0000000696798313              |20220521|151651|023|676|0|30300040|130010013|130759804|1|20220521|144539|8002757|20220521|152633|8002759|1|1250|0|      |20220521|20220521|0603|2022-06-01 07:03:06
337236|0000000694807423              |20220521|153832|022|676|1|30300038|130010014|130753200|1|20220521|153130|8002063|20220521|155739|8001527|1|0|0|      |20220521|20220521|0603|2022-06-01 07:03:06
337238|0000000692311673              |20220521|155405|014|676|0|30300072|130010001|130759422|1|20220521|141344|8002453|20220521|161153|8003006|1|1250|0|      |20220521|20220521|0603|2022-06-01 07:03:06
337645|0000000743691789              |20220521|084047|023|675|0|30300075|130010005|130759222|1|20220521|070715|8002296|20220521|085330|8001417|1|1250|0|      |20220521|20220521|0603|2022-06-01 07:03:06
337647|0000000745242377              |20220521|101244|012|675|0|30300075|130010005|130759211|1|20220521|091258|8002826|20220521|101339|8002819|1|1250|0|      |20220521|20220521|0603|2022-06-01 07:03:06
337649|0000000768971481              |20220521|190127|012|675|0|30300047|130010001|130759702|1|20220521|183044|8003101|20220521|190611|8070018|1|1250|0|      |20220521|20220521|0603|2022-06-01 07:03:06
337651|0000000725994361              |20220521|162243|018|678|0|30300074|130110001|130745028|1|20220520|225012|8002993|20220521|165230|8002480|1|1250|0|      |20220521|20220521|0603|2022-06-01 07:03:06
337653|0000000775894956              |20220521|165944|027|675|0|30300047|130010001|130759430|1|20220521|163306|8002183|20220521|171544|8002118|1|1250|0|      |20220521|20220521|0603|2022-06-01 07:03:06
337655|0000000758455501              |20220521|215823|014|675|0|30300049|130010004|130752286|1|20220521|210943|8001276|20220521|220924|8001934|1|1250|0|      |20220521|20220521|0603|2022-06-01 07:03:06
337657|0000000903017922              |20220521|121010|028|675|0|30300060|130010014|130753507|1|20220521|071500|8001240|20220521|121503|8001869|1|1250|0|      |20220521|20220521|0603|2022-06-01 07:03:06
337659|0000000900721168              |20220521|130059|015|681|0|30300042|130010009|130759121|1|20220521|121338|8001587|20220521|131201|8002642|1|1250|0|      |20220521|20220521|0603|2022-06-01 07:03:06
334267|0000000681210731              |20220521|165104|001|832|0|30300128|130710001|130759913|1|20220521|055721|3056003|20220521|170828|8007055|1|1700|300|      |20220521|20220521|0603|2022-06-01 07:03:06
334674|0000000792566116              |20220521|102819|017|676|0|30300087|130010015|130759631|1|20220521|060321|8001239|20220521|104019|8002453|1|1250|0|      |20220521|20220521|0603|2022-06-01 07:03:06
334676|0000000788189745              |20220521|101912|010|675|0|30300101|130010002|130752304|1|20220521|094102|8001084|20220521|103809|8002453|1|1250|0|      |20220521|20220521|0603|2022-06-01 07:03:06
334678|0000000400183088              |20220521|082436|027|676|0|30300087|130010015|130759621|1|20220521|073718|8001724|20220521|085206|8002119|1|1250|0|      |20220521|20220521|0603|2022-06-01 07:03:06
334680|0000000791673743              |20220521|114134|014|675|0|30300047|130010001|130759436|1|20220521|105850|8007555|20220521|115112|8002412|1|1250|0|      |20220521|20220521|0603|2022-06-01 07:03:06
334682|0000001110124694              |20220521|153146|020|676|0|30300054|130010007|130759384|1|20220521|150729|8002831|20220521|154408|8002453|1|1250|0|      |20220521|20220521|0603|2022-06-01 07:03:06
334684|0000000798037259              |20220521|155030|010|675|0|30300080|130010009|130759182|1|20220521|121311|8001993|20220521|155611|8001348|1|1250|0|      |20220521|20220521|0603|2022-06-01 07:03:06
334686|0000000791935327              |20220521|193726|028|675|0|30300055|130010014|130753260|1|20220521|192115|8002927|20220521|200818|8001548|1|1250|0|      |20220521|20220521|0603|2022-06-01 07:03:06
334688|0000000400195096              |20220521|194441|010|675|0|30300055|130010014|130753263|1|20220521|192735|8001203|20220521|195942|8002893|1|1250|0|      |20220521|20220521|0603|2022-06-01 07:03:06
334690|0000000789501291              |20220521|171721|024|675|0|30300055|130010014|130753229|1|20220521|165653|8001554|20220521|181621|8001847|1|1250|0|      |20220521|20220521|0603|2022-06-01 07:03:06
334692|0000000797040718              |20220521|121053|012|675|2|30300082|130010001|130759739|1|20220521|111603|8001934|20220521|122238|8002279|1|0|0|      |20220521|20220521|0603|2022-06-01 07:03:06
334694|0000000789999854              |20220521|131102|012|676|0|30300040|130010013|130759871|1|20220521|114726|8001891|20220521|133339|8001096|1|1250|0|      |20220521|20220521|0603|2022-06-01 07:03:06
334696|0000000682284773              |20220521|135010|007|675|0|30300055|130010014|130753250|1|20220521|130422|8001444|20220521|135810|8001348|1|1250|0|      |20220521|20220521|0603|2022-06-01 07:03:06
334698|0000000699538950              |20220521|105614|016|675|1|30300055|130010014|130753227|1|20220521|103515|8001538|20220521|110324|8001934|1|0|0|      |20220521|20220521|0603|2022-06-01 07:03:06
334700|0000000691404117              |20220521|075932|015|676|0|30300037|130010006|130752002|1|20220521|062618|8002340|20220521|080926|8001096|1|1250|0|      |20220521|20220521|0603|2022-06-01 07:03:06
335107|0000000400116569              |20220521|130019|017|678|0|30300074|130010014|130753217|1|20220521|122309|8002634|20220521|131036|8002817|1|1250|0|      |20220521|20220521|0603|2022-06-01 07:03:06
335109|0000000695146472              |20220521|141100|009|680|2|30300052|130010002|130752329|1|20220521|053644|8002733|20220521|142026|8002629|1|0|0|      |20220521|20220521|0603|2022-06-01 07:03:06
335111|0000000400211871              |20220521|082340|016|678|1|30300074|130010014|130753613|1|20220521|075732|8001876|20220521|082942|8002356|1|0|0|      |20220521|20220521|0603|2022-06-01 07:03:06
335113|0000000785424515              |20220521|102411|021|681|1|30300042|130010009|130759165|1|20220521|095343|8001380|20220521|103356|8001388|1|0|0|      |20220521|20220521|0603|2022-06-01 07:03:06
335115|0000000400197543              |20220521|084717|010|676|0|30300036|130010012|130753301|1|20220521|080813|8001063|20220521|090557|8002733|1|1250|0|      |20220521|20220521|0603|2022-06-01 07:03:06
335117|0000000787033457              |20220521|072956|011|675|0|30300080|130010009|130759182|1|20220521|071932|8002233|20220521|074014|8001551|1|1250|0|      |20220521|20220521|0603|2022-06-01 07:03:06
335119|0000000400207579              |20220521|112115|024|678|0|30300074|130010014|130753226|1|20220521|104333|8002634|20220521|113851|8002028|1|1250|0|      |20220521|20220521|0603|2022-06-01 07:03:06
335121|0000000400114709              |20220521|115256|031|678|0|30300074|130010014|130753236|1|20220521|081235|8002621|20220521|120015|8002634|1|1250|0|      |20220521|20220521|0603|2022-06-01 07:03:06
335123|0000000789128293              |20220521|150503|014|681|1|30300042|130010009|130759165|1|20220521|143811|8001596|20220521|153152|8002942|1|0|0|      |20220521|20220521|0603|2022-06-01 07:03:06
335125|0000000400199887              |20220521|153500|024|678|0|30300074|130010014|130753237|1|20220521|153358|8001803|20220521|154143|8001534|1|1250|0|      |20220521|20220521|0603|2022-06-01 07:03:06
335127|0000000400199945              |20220521|155236|026|678|0|30300074|130010014|130753614|1|20220521|151323|8002356|20220521|155729|8002817|1|1250|0|      |20220521|20220521|0603|2022-06-01 07:03:06
335129|0000000785097016              |20220521|192942|018|675|1|30300127|130010004|130752602|1|20220521|192125|8001028|20220521|193857|8007286|1|0|0|      |20220521|20220521|0603|2022-06-01 07:03:06
335131|0000000694289602              |20220521|194448|014|683|0|30300016|130010004|130752296|1|20220521|184437|8002174|20220521|195639|8001852|1|1250|0|      |20220521|20220521|0603|2022-06-01 07:03:06
335565|0000000746464362              |20220521|201715|022|675|0|30300080|130010009|130759154|1|20220521|194105|8001987|20220521|203715|8001460|1|1250|0|      |20220521|20220521|0603|2022-06-01 07:03:06
335567|0000000903612540              |20220521|165827|003|675|0|30300050|130010007|130759370|1|20220521|162827|8007549|20220521|171034|8002735|1|1250|0|      |20220521|20220521|0603|2022-06-01 07:03:06
335569|0000000744722112              |20220521|213702|004|675|0|30300083|130010001|130759780|1|20220521|213139|8002829|20220521|214359|8002296|1|1250|0|      |20220521|20220521|0603|2022-06-01 07:03:06
335571|0000000765052242              |20220521|123811|004|675|0|30300084|130010001|130759752|1|20220521|114000|8001499|20220521|124126|8002065|1|1250|0|      |20220521|20220521|0603|2022-06-01 07:03:06
335573|0000000704929417              |20220521|131029|023|675|0|30300059|130010004|130752204|1|20220521|130546|8002468|20220521|131405|8002757|1|1250|0|      |20220521|20220521|0603|2022-06-01 07:03:06
335575|0000000730085756              |20220521|135932|031|675|0|30300076|130010014|130753271|1|20220521|132657|8001461|20220521|140625|8002734|1|1250|0|      |20220521|20220521|0603|2022-06-01 07:03:06
335577|0000000903743121              |20220521|142235|024|675|0|30300145|130010014|130753529|1|20220521|135035|8002742|20220521|143600|8002997|1|1250|0|      |20220521|20220521|0603|2022-06-01 07:03:06
335579|0000000723786036              |20220521|144738|027|675|0|30300083|130010001|130759480|1|20220521|133548|8002724|20220521|150438|8001277|1|1250|0|      |20220521|20220521|0603|2022-06-01 07:03:06
335581|0000000676091671              |20220521|153149|003|675|0|30300050|130010007|130759368|1|20220521|152130|8002025|20220521|160416|8002721|1|1250|0|      |20220521|20220521|0603|2022-06-01 07:03:06
301220|0000000629877837              |20220521|081051|029|676|0|30300087|130010015|130759611|1|20220521|070735|8002965|20220521|082047|8002551|1|1250|0|      |20220521|20220521|0603|2022-06-01 07:02:43
301222|0000000728718487              |20220521|090040|029|675|0|30300045|130010006|130752047|1|20220521|085501|8070046|20220521|090430|8002920|1|1250|0|      |20220521|20220521|0603|2022-06-01 07:02:43
301224|0000000602356301              |20220521|093317|021|675|0|30300053|130010002|130752319|1|20220521|090824|8002965|20220521|093952|8002119|1|1250|0|      |20220521|20220521|0603|2022-06-01 07:02:43
301226|0000000758010912              |20220521|192019|010|681|0|30300042|130010009|130759151|1|20220521|191248|8002633|20220521|193635|8001380|1|1250|0|      |20220521|20220521|0603|2022-06-01 07:02:43
301228|0000000661502065              |20220521|194309|030|675|0|30300078|130010008|130752165|1|20220521|191957|8001417|20220521|200652|8002615|1|1250|0|      |20220521|20220521|0603|2022-06-01 07:02:43
301230|0000000755765071              |20220521|170650|019|674|0|30300100|130010002|130752344|1|20220521|164123|8002434|20220521|172044|8002629|1|1250|0|      |20220521|20220521|0603|2022-06-01 07:02:43
301232|0000000903966163              |20220521|172128|004|681|0|30300042|130010009|130759104|1|20220521|163013|8002633|20220521|175545|8001056|1|1250|0|      |20220521|20220521|0603|2022-06-01 07:02:43
301234|0000000772447924              |20220521|183510|003|675|0|30300077|130010006|130752042|1|20220521|181250|8002434|20220521|185020|8002995|1|1250|0|      |20220521|20220521|0603|2022-06-01 07:02:43
301236|0000000649848133              |20220521|220410|010|675|0|30300067|130010001|130759402|1|20220521|211535|8002633|20220521|221655|8001251|1|1250|0|      |20220521|20220521|0603|2022-06-01 07:02:43
301238|0000000743344829              |20220521|205631|008|675|0|30300079|130010009|130759123|1|20220521|130246|8002541|20220521|212534|8002628|1|1250|0|      |20220521|20220521|0603|2022-06-01 07:02:43
301240|0000000725156935              |20220521|210443|012|676|0|30300071|130010009|130759106|1|20220521|134844|8002633|20220521|213416|8001923|1|1250|0|      |20220521|20220521|0603|2022-06-01 07:02:43
301647|0000000739649360              |20220521|185225|002|675|0|30300061|130010015|130759612|1|20220521|182658|8002925|20220521|185605|8005561|1|1250|0|      |20220521|20220521|0603|2022-06-01 07:02:43
301649|0000000650626874              |20220521|213302|017|675|0|30300058|130010004|130752291|1|20220521|211308|8001668|20220521|214515|8002620|1|1250|0|      |20220521|20220521|0603|2022-06-01 07:02:43
301651|0000000679409117              |20220521|123537|009|675|0|30300064|130010015|130759623|1|20220521|121629|8001095|20220521|125059|8002357|1|1250|0|      |20220521|20220521|0603|2022-06-01 07:02:43
301653|0000000704978569              |20220521|144633|029|675|0|30300058|130010004|130752257|1|20220521|135728|8001668|20220521|150721|8001647|1|1250|0|      |20220521|20220521|0603|2022-06-01 07:02:43
301655|0000000668554989              |20220521|162430|024|676|0|30300090|130010005|130759218|1|20220521|160705|8002100|20220521|163652|8002954|1|1250|0|      |20220521|20220521|0603|2022-06-01 07:02:43
301657|0000000906838788              |20220521|093546|002|675|0|30300058|130010004|130752222|1|20220521|090945|8001668|20220521|095128|8001647|1|1250|0|      |20220521|20220521|0603|2022-06-01 07:02:43
301659|0000000921491299              |20220521|091240|002|676|0|30300037|130010006|130752024|1|20220521|083422|8002100|20220521|093711|8002403|1|1250|0|      |20220521|20220521|0603|2022-06-01 07:02:43
301661|0000000464415516              |20220521|165131|027|676|0|30300051|130010008|130752126|1|20220521|161011|8001489|20220521|171802|8002437|1|1250|0|      |20220521|20220521|0603|2022-06-01 07:02:43
301663|0000000742991596              |20220521|173705|008|675|0|30300108|130010007|130759303|1|20220521|165145|8002410|20220521|181852|8003069|1|1250|0|      |20220521|20220521|0603|2022-06-01 07:02:43
301665|0000000669040154              |20220521|224311|005|675|0|30300060|130010014|130753223|1|20220521|221520|8005640|20220521|225048|8001868|1|1250|0|      |20220521|20220521|0603|2022-06-01 07:02:43
301667|0000000742680925              |20220521|213136|013|675|0|30300055|130010014|130753208|1|20220521|211638|8002927|20220521|213958|8002733|1|1250|0|      |20220521|20220521|0603|2022-06-01 07:02:43
301669|0000000909149014              |20220521|220646|004|675|0|30300095|130010011|130759528|1|20220521|150439|8001490|20220521|221036|8001755|1|1250|0|      |20220521|20220521|0603|2022-06-01 07:02:43
301671|0000000652586813              |20220521|114721|003|675|0|30300058|130010004|130752220|1|20220521|113214|8005640|20220521|121019|8002603|1|1250|0|      |20220521|20220521|0603|2022-06-01 07:02:43
302078|0000000779826187              |20220521|095210|006|676|2|30300037|130010006|130752072|1|20220521|094634|8002635|20220521|100234|8001443|1|0|0|      |20220521|20220521|0603|2022-06-01 07:02:43
302080|0000000607494056              |20220521|080139|013|676|1|30300054|130010007|130759386|1|20220521|073124|8002814|20220521|080509|8001923|1|0|0|      |20220521|20220521|0603|2022-06-01 07:02:43
302082|0000000903189024              |20220521|083717|028|676|1|30300093|130010004|130752215|1|20220521|053738|8002639|20220521|084547|8001793|1|0|0|      |20220521|20220521|0603|2022-06-01 07:02:43
302084|0000000706059970              |20220521|094721|023|676|1|30300086|130010013|130759808|1|20220521|085924|8002880|20220521|094902|8001920|1|0|0|      |20220521|20220521|0603|2022-06-01 07:02:43
302086|0000000704429213              |20220521|091113|003|676|1|30300051|130010008|130752109|1|20220521|085525|8001420|20220521|092654|8001935|1|0|0|      |20220521|20220521|0603|2022-06-01 07:02:43
302088|0000000460263093              |20220521|192117|015|675|1|30300146|130010008|130752711|1|20220521|185850|8007497|20220521|192910|8007498|1|0|0|      |20220521|20220521|0603|2022-06-01 07:02:43
302090|0000000755139707              |20220521|204854|025|675|1|30300055|130010014|130753268|1|20220521|200054|8001349|20220521|204927|8002344|1|0|0|      |20220521|20220521|0603|2022-06-01 07:02:43
302092|0000000662564548              |20220521|183248|010|675|1|30300091|130010013|130759880|1|20220521|163114|8007271|20220521|183825|8001407|1|0|0|      |20220521|20220521|0603|2022-06-01 07:02:43
302094|0000000903436563              |20220521|213032|014|676|0|30300041|130010012|130753324|4|20220521|191235|8001077|20220521|214503|8002721|1|750|0|      |20220521|20220521|0603|2022-06-01 07:02:43
302096|0000000900130845              |20220521|134045|028|674|1|30300100|130010002|130752345|1|20220521|132308|8002547|20220521|135431|8001934|1|0|0|      |20220521|20220521|0603|2022-06-01 07:02:43
302098|0000000722876856              |20220521|111049|028|675|1|30300046|130010002|130752366|1|20220521|110734|8001960|20220521|111635|8007045|1|0|0|      |20220521|20220521|0603|2022-06-01 07:02:43
302100|0000000921650154              |20220521|142021|022|676|1|30300089|130010011|130759578|1|20220521|103552|8001242|20220521|142652|8007250|1|0|0|      |20220521|20220521|0603|2022-06-01 07:02:43
302102|0000000905750226              |20220521|150708|028|675|1|30300050|130010007|130759370|1|20220521|142617|8005516|20220521|151807|8002206|1|0|0|      |20220521|20220521|0603|2022-06-01 07:02:43
299569|0000000709747248              |20220521|205753|013|676|0|30300069|130010001|130759428|1|20220521|204213|8001135|20220521|211410|8002970|1|1250|0|      |20220521|20220521|0603|2022-06-01 07:02:43
299571|0000000742640348              |20220521|121921|020|676|0|30300069|130010001|130759704|1|20220521|114555|8002279|20220521|122942|8001132|1|1250|0|      |20220521|20220521|0603|2022-06-01 07:02:43
299573|0000000710002446              |20220521|131501|031|676|0|30300131|130010008|130752707|1|20220521|130048|8007283|20220521|132614|8007365|1|1250|0|      |20220521|20220521|0603|2022-06-01 07:02:43
299575|0000000771387295              |20220521|135840|006|676|0|30300069|130010001|130759416|1|20220521|123008|8001587|20220521|140855|8002650|1|1250|0|      |20220521|20220521|0603|2022-06-01 07:02:43
299577|0000000918319280              |20220521|142300|005|676|0|30300068|130010006|130752028|1|20220521|101130|8007156|20220521|143412|8002753|1|1250|0|      |20220521|20220521|0603|2022-06-01 07:02:43
299579|0000000903670216              |20220521|155755|024|676|0|30300068|130010006|130752059|1|20220521|153621|8001959|20220521|160312|8005920|1|1250|0|      |20220521|20220521|0603|2022-06-01 07:02:43
299581|0000000743420446              |20220521|110721|023|676|0|30300131|130010008|130752701|1|20220521|060919|8007283|20220521|111039|8001289|1|1250|0|      |20220521|20220521|0603|2022-06-01 07:02:43
299583|0000000613777129              |20220521|085404|020|676|0|30300069|130010001|130759411|1|20220521|080937|8003043|20220521|085612|8001952|1|1250|0|      |20220521|20220521|0603|2022-06-01 07:02:43
299585|0000000743129095              |20220521|095211|021|676|0|30300069|130010001|130759715|1|20220521|092215|8002761|20220521|100542|8003043|1|1250|0|      |20220521|20220521|0603|2022-06-01 07:02:43
299587|0000000918014524              |20220521|190032|014|676|0|30300093|130010004|130752207|1|20220521|180654|8001096|20220521|191101|8001399|1|1250|0|      |20220521|20220521|0603|2022-06-01 07:02:43
299589|0000000769062057              |20220521|192706|012|676|0|30300068|130010006|130752032|1|20220521|183330|8001096|20220521|195019|8001262|1|1250|0|      |20220521|20220521|0603|2022-06-01 07:02:43
299591|0000000706583084              |20220521|202100|014|676|0|30300037|130010006|130752024|1|20220521|200107|8001096|20220521|205334|8002721|1|1250|0|      |20220521|20220521|0603|2022-06-01 07:02:43
299593|0000000708501022              |20220521|171324|025|676|0|30300071|130010009|130759147|1|20220521|164301|8001922|20220521|171909|8001078|1|1250|0|      |20220521|20220521|0603|2022-06-01 07:02:43
300000|0000000715246452              |20220521|214336|008|675|1|30300053|130010002|130752386|1|20220521|212622|8002276|20220521|214546|8001238|1|0|0|      |20220521|20220521|0603|2022-06-01 07:02:43
300002|0000000744142563              |20220521|215503|008|675|1|30300053|130010002|130752319|1|20220521|213921|8002276|20220521|220134|8001735|1|0|0|      |20220521|20220521|0603|2022-06-01 07:02:43
300004|0000000725683078              |20220521|122029|005|676|2|30300054|130010007|130759360|1|20220521|113804|8002452|20220521|123018|8001707|1|0|0|      |20220521|20220521|0603|2022-06-01 07:02:43
300006|0000000761234899              |20220521|142021|026|675|1|30300053|130010002|130752394|1|20220521|062134|8002276|20220521|142524|8001238|1|0|0|      |20220521|20220521|0603|2022-06-01 07:02:43
300008|0000000606414749              |20220521|160826|022|675|1|30300053|130010002|130752387|1|20220521|143157|8002276|20220521|163011|8001526|1|0|0|      |20220521|20220521|0603|2022-06-01 07:02:43
300010|0000000779698027              |20220521|164146|001|676|1|30300087|130010008|130752160|1|20220521|153055|8002276|20220521|165247|8002965|1|0|0|      |20220521|20220521|0603|2022-06-01 07:02:43
300012|0000000774561206              |20220521|083702|002|675|1|30300095|130010005|130759210|1|20220521|080555|8002276|20220521|084025|8001238|1|0|0|      |20220521|20220521|0603|2022-06-01 07:02:43
300014|0000000903720609              |20220521|103326|002|674|1|30300104|130010002|130752341|1|20220521|102745|8002452|20220521|105810|8001083|1|0|0|      |20220521|20220521|0603|2022-06-01 07:02:43
300016|0000000755319213              |20220521|192223|024|675|1|30300101|130010002|130752396|1|20220521|181220|8002452|20220521|192844|8001707|1|0|0|      |20220521|20220521|0603|2022-06-01 07:02:43
300018|0000000918211313              |20220521|202129|019|676|1|30300087|130010015|130759636|1|20220521|193720|8001005|20220521|203119|8001458|1|0|0|      |20220521|20220521|0603|2022-06-01 07:02:43
300020|0000000725149076              |20220521|205248|024|676|1|30300054|130010007|130759386|1|20220521|200938|8002452|20220521|211100|8002976|1|0|0|      |20220521|20220521|0603|2022-06-01 07:02:43
300022|0000000903843312              |20220521|170139|004|675|2|30300081|130010011|130759523|1|20220521|145730|8001005|20220521|171158|8001583|1|0|0|      |20220521|20220521|0603|2022-06-01 07:02:43
300024|0000000749723455              |20220521|205325|012|676|1|30300072|130010001|130759429|1|20220521|202457|8001005|20220521|210212|8002880|1|0|0|      |20220521|20220521|0603|2022-06-01 07:02:43
300431|0000000759888292              |20220521|173007|004|676|1|30300068|130010006|130752008|1|20220521|165538|8002228|20220521|175541|8003102|1|0|0|      |20220521|20220521|0603|2022-06-01 07:02:43
300433|0000000721033927              |20220521|183548|007|676|1|30300088|130010002|130752364|1|20220521|171440|8002410|20220521|185100|8001577|1|0|0|      |20220521|20220521|0603|2022-06-01 07:02:43
300435|0000000677926042              |20220521|213320|006|675|1|30300108|130010007|130759339|1|20220521|212524|8002410|20220521|213820|8007320|1|0|0|      |20220521|20220521|0603|2022-06-01 07:02:43
300437|0000000701489954              |20220521|130042|001|676|1|30300068|130010006|130759026|1|20220521|123524|8002228|20220521|132441|8007155|1|0|0|      |20220521|20220521|0603|2022-06-01 07:02:43
300439|0000000906241247              |20220521|111403|001|676|1|30300038|130010014|130753508|1|20220521|103415|8002228|20220521|111602|8002778|1|0|0|      |20220521|20220521|0603|2022-06-01 07:02:43
300441|0000000908468695              |20220521|135704|007|675|1|30300045|130010006|130759002|1|20220521|131234|8002410|20220521|142006|8003071|1|0|0|      |20220521|20220521|0603|2022-06-01 07:02:43
300443|0000000633173764              |20220521|145604|007|675|1|30300048|130010006|130752021|1|20220521|142340|8002410|20220521|151435|8002597|1|0|0|      |20220521|20220521|0603|2022-06-01 07:02:43
300445|0000000908405931              |20220521|164149|003|675|1|30300101|130010002|130752304|1|20220521|155559|8002542|20220521|165010|8002106|1|0|0|      |20220521|20220521|0603|2022-06-01 07:02:43
300447|0000000762567442              |20220521|192321|013|676|1|30300051|130010008|130752119|1|20220521|185228|8002547|20220521|194515|8002629|1|0|0|      |20220521|20220521|0603|2022-06-01 07:02:43
300449|0000000905268546              |20220521|164613|004|675|1|30300053|130010002|130752328|1|20220521|160652|8001491|20220521|164958|8001731|1|0|0|      |20220521|20220521|0603|2022-06-01 07:02:43
300451|0000000738712634              |20220521|170542|001|675|1|30300056|130010012|130753322|1|20220521|164348|8001491|20220521|171528|8001645|1|0|0|      |20220521|20220521|0603|2022-06-01 07:02:43
297486|0000000918206100              |20220521|110214|029|675|0|30300050|130010007|130759369|1|20220521|065451|8001590|20220521|112123|8002206|1|1250|0|      |20220521|20220521|0603|2022-06-01 07:02:43
297893|0000000903061241              |20220521|231218|008|676|0|30300051|130010008|130752121|1|20220521|215606|8001418|20220521|231921|8001097|1|1250|0|      |20220521|20220521|0603|2022-06-01 07:02:43
297895|0000000649528772              |20220521|145038|022|676|0|30300037|130010006|130752014|1|20220521|144628|8002920|20220521|150749|8007541|1|1250|0|      |20220521|20220521|0603|2022-06-01 07:02:43
297897|0000000753272256              |20220521|153438|002|676|0|30300054|130010007|130759361|1|20220521|152430|8002050|20220521|154034|8001556|1|1250|0|      |20220521|20220521|0603|2022-06-01 07:02:43
297899|0000000643973948              |20220521|062629|018|676|0|30300037|130010006|130752044|1|20220521|054036|8001097|20220521|063456|8002485|1|1250|0|      |20220521|20220521|0603|2022-06-01 07:02:43
297901|0000000760958616              |20220521|062023|013|676|0|30300037|130010006|130752049|1|20220521|060530|8002343|20220521|062342|8001036|1|1250|0|      |20220521|20220521|0603|2022-06-01 07:02:43
297903|0000000669157355              |20220521|084915|005|676|0|30300054|130010007|130759340|1|20220521|083134|8007246|20220521|085045|8001762|1|1250|0|      |20220521|20220521|0603|2022-06-01 07:02:43
297905|0000000644435925              |20220521|083507|025|676|0|30300054|130010007|130759384|1|20220521|080732|8001645|20220521|084321|8002453|1|1250|0|      |20220521|20220521|0603|2022-06-01 07:02:43
297907|0000000703667049              |20220521|080709|016|676|0|30300040|130010007|130759343|1|20220521|074428|8002240|20220521|080907|8007279|1|1250|0|      |20220521|20220521|0603|2022-06-01 07:02:43
297909|0000000910665001              |20220521|092814|018|676|0|30300037|130010006|130759023|1|20220521|085921|8001096|20220521|094038|8002075|1|1250|0|      |20220521|20220521|0603|2022-06-01 07:02:43
297911|0000000908562305              |20220521|194625|010|676|0|30300041|130010012|130753324|1|20220521|191235|8002851|20220521|194959|8002088|1|1250|0|      |20220521|20220521|0603|2022-06-01 07:02:43
297913|0000000756202806              |20220521|171450|020|676|0|30300040|130010013|130759872|1|20220521|145838|8002954|20220521|172210|8001062|1|1250|0|      |20220521|20220521|0603|2022-06-01 07:02:43
297915|0000000910502205              |20220521|174226|025|676|0|30300072|130010001|130759724|1|20220521|173614|8002305|20220521|174716|8002486|1|1250|0|      |20220521|20220521|0603|2022-06-01 07:02:43
297917|0000000717830110              |20220521|224812|018|676|0|30300051|130010008|130752107|1|20220521|223255|8002454|20220521|225522|8001929|1|1250|0|      |20220521|20220521|0603|2022-06-01 07:02:43
297919|0000000754636945              |20220521|204419|013|676|0|30300072|130010001|130759429|1|20220521|202457|8002814|20220521|212244|8002340|1|1250|0|      |20220521|20220521|0603|2022-06-01 07:02:43
298326|0000000723140579              |20220521|184912|005|676|0|30300089|130010011|130759578|1|20220521|151155|8005508|20220521|190744|8001479|1|1250|0|      |20220521|20220521|0603|2022-06-01 07:02:43
298328|0000000760234763              |20220521|193145|020|676|0|30300041|130010012|130753320|1|20220521|182432|8005991|20220521|195255|8001287|1|1250|0|      |20220521|20220521|0603|2022-06-01 07:02:43
298330|0000000755493166              |20220521|191035|012|676|0|30300087|130010008|130752155|1|20220521|182110|8002969|20220521|194230|8001198|1|1250|0|      |20220521|20220521|0603|2022-06-01 07:02:43
298332|0000000628032910              |20220521|193009|012|676|0|30300089|130010011|130759577|1|20220521|181155|8007549|20220521|195020|8002088|1|1250|0|      |20220521|20220521|0603|2022-06-01 07:02:43
298334|0000000756433180              |20220521|200319|007|676|0|30300040|130010013|130759872|1|20220521|181214|8001085|20220521|203030|8001091|1|1250|0|      |20220521|20220521|0603|2022-06-01 07:02:43
298336|0000000704076344              |20220521|210436|008|676|0|30300089|130010011|130759512|1|20220521|145752|8007490|20220521|210827|8001556|1|1250|0|      |20220521|20220521|0603|2022-06-01 07:02:43
298338|0000000703856579              |20220521|165159|007|676|0|30300089|130010011|130759513|1|20220521|154854|8003048|20220521|172932|8002650|1|1250|0|      |20220521|20220521|0603|2022-06-01 07:02:43
298340|0000000761279132              |20220521|173753|022|676|0|30300038|130010014|130753508|1|20220521|170550|8003044|20220521|173933|8001133|1|1250|0|      |20220521|20220521|0603|2022-06-01 07:02:43
298342|0000000757455090              |20220521|184143|025|676|0|30300089|130010011|130759513|1|20220521|180137|8002204|20220521|185100|8002537|1|1250|0|      |20220521|20220521|0603|2022-06-01 07:02:43
298344|0000000701923450              |20220521|211410|027|676|0|30300041|130010012|130753370|1|20220521|203507|8002851|20220521|213826|8001097|1|1250|0|      |20220521|20220521|0603|2022-06-01 07:02:43
298346|0000000908748989              |20220521|124703|022|676|0|30300038|130010014|130753213|1|20220521|115303|8002793|20220521|125827|8002846|1|1250|0|      |20220521|20220521|0603|2022-06-01 07:02:43
298348|0000000644915876              |20220521|131648|009|676|0|30300038|130010014|130753524|1|20220521|122208|8003044|20220521|135834|8003127|1|1250|0|      |20220521|20220521|0603|2022-06-01 07:02:43
298350|0000000909750945              |20220521|140739|022|676|0|30300038|130010014|130753213|1|20220521|134319|8001596|20220521|141939|8002917|1|1250|0|      |20220521|20220521|0603|2022-06-01 07:02:43
298757|0000000778043569              |20220521|124135|004|676|0|30300090|130010005|130759219|1|20220521|103525|8002953|20220521|124346|8002759|1|1250|0|      |20220521|20220521|0603|2022-06-01 07:02:43
298759|0000000772976706              |20220521|130154|023|676|0|30300093|130010004|130752219|1|20220521|114600|8001586|20220521|131030|8001286|1|1250|0|      |20220521|20220521|0603|2022-06-01 07:02:43
298761|0000000769691977              |20220521|115408|025|676|0|30300090|130010005|130759215|1|20220521|053720|8002869|20220521|121106|8001744|1|1250|0|      |20220521|20220521|0603|2022-06-01 07:02:43
298763|0000000740179796              |20220521|153400|017|676|0|30300090|130010005|130759225|1|20220521|153311|9001641|20220521|154148|8005990|1|1250|0|      |20220521|20220521|0603|2022-06-01 07:02:43
298765|0000000777328966              |20220521|162057|017|676|0|30300090|130010005|130759225|1|20220521|153311|8001655|20220521|162835|8003006|1|1250|0|      |20220521|20220521|0603|2022-06-01 07:02:43
298767|0000000776233235              |20220521|101637|019|676|0|30300093|130010004|130752219|1|20220521|100839|8001794|20220521|103840|8002531|1|1250|0|      |20220521|20220521|0603|2022-06-01 07:02:43
298769|0000000778616276              |20220521|085433|031|676|0|30300093|130010004|130752207|1|20220521|083227|8002640|20220521|095409|8002356|1|1250|0|      |20220521|20220521|0603|2022-06-01 07:02:43
298771|0000000707841806              |20220521|190008|027|676|0|30300130|130010008|130752145|1|20220521|172708|8002305|20220521|191323|8002454|1|1250|0|      |20220521|20220521|0603|2022-06-01 07:02:43
298773|0000000777874397              |20220521|202404|031|676|0|30300090|130010005|130759205|1|20220521|151921|8002997|20220521|203210|8002538|1|1250|0|      |20220521|20220521|0603|2022-06-01 07:02:43
302745|0000000619225989              |20220521|132658|022|676|0|30300090|130010005|130759205|1|20220521|121525|8002411|20220521|133300|8003099|1|1250|0|      |20220521|20220521|0603|2022-06-01 07:02:43
302747|0000000725777542              |20220521|111811|014|676|0|30300090|130010005|130759207|1|20220521|110952|8002609|20220521|112627|8002236|1|1250|0|      |20220521|20220521|0603|2022-06-01 07:02:43
302749|0000000905609796              |20220521|155946|004|676|0|30300093|130010004|130752273|1|20220521|150152|8005511|20220521|160708|8002532|1|1250|0|      |20220521|20220521|0603|2022-06-01 07:02:43
302751|0000000609078394              |20220521|083512|026|676|0|30300130|130010008|130752148|1|20220521|082242|8001718|20220521|084310|8001927|1|1250|0|      |20220521|20220521|0603|2022-06-01 07:02:43
303158|0000000725679510              |20220521|121920|021|676|0|30300089|130010011|130759522|1|20220521|112424|8002532|20220521|124002|8002468|1|1250|0|      |20220521|20220521|0603|2022-06-01 07:02:43
303160|0000000726185936              |20220521|134513|017|676|0|30300071|130010009|130759147|1|20220521|131109|8006006|20220521|140446|8001408|1|1250|0|      |20220521|20220521|0603|2022-06-01 07:02:43
303162|0000000778025838              |20220521|145026|011|676|0|30300071|130010009|130759107|1|20220521|090050|8006006|20220521|152518|8001791|1|1250|0|      |20220521|20220521|0603|2022-06-01 07:02:43
303164|0000000921768915              |20220521|055623|003|676|0|30300041|130010012|130753304|1|20220521|055509|8070030|20220521|060651|8070027|1|1250|0|      |20220521|20220521|0603|2022-06-01 07:02:43
303166|0000000725645054              |20220521|081418|004|676|0|30300089|130010011|130759526|1|20220521|072240|8002532|20220521|082841|8001989|1|1250|0|      |20220521|20220521|0603|2022-06-01 07:02:43
303168|0000000774546981              |20220521|211745|007|676|0|30300089|130010011|130759576|1|20220521|122249|8002088|20220521|211959|8002702|1|1250|0|      |20220521|20220521|0603|2022-06-01 07:02:43
303170|0000000766304666              |20220521|175854|003|676|0|30300041|130010012|130753377|1|20220521|132415|8002088|20220521|182212|8001097|1|1250|0|      |20220521|20220521|0603|2022-06-01 07:02:43
303172|0000000769210804              |20220521|212605|010|676|0|30300037|130010006|130752040|1|20220521|173917|8001005|20220521|214123|8001097|1|1250|0|      |20220521|20220521|0603|2022-06-01 07:02:43
303174|0000000712035984              |20220521|104651|008|676|0|30300087|130010015|130759631|1|20220521|060321|8002088|20220521|112454|8002134|1|1250|0|      |20220521|20220521|0603|2022-06-01 07:02:43
303176|0000000618977707              |20220521|123513|003|676|0|30300037|130010006|130752005|1|20220521|115002|8002100|20220521|125637|8002721|1|1250|0|      |20220521|20220521|0603|2022-06-01 07:02:43
303178|0000000918018754              |20220521|111840|008|676|0|30300041|130010012|130753312|1|20220521|104020|8002088|20220521|114221|8001097|1|1250|0|      |20220521|20220521|0603|2022-06-01 07:02:43
303180|0000000731778514              |20220521|150607|016|676|0|30300072|130010001|130759421|1|20220521|143303|8001036|20220521|151001|8002881|1|1250|0|      |20220521|20220521|0603|2022-06-01 07:02:43
303182|0000000906603562              |20220521|160723|003|676|0|30300038|130010014|130753257|1|20220521|150934|8003044|20220521|163109|8002733|1|1250|0|      |20220521|20220521|0603|2022-06-01 07:02:43
303184|0000000773707916              |20220521|082945|005|676|0|30300072|130010001|130759714|1|20220521|063209|8001005|20220521|084700|8001993|1|1250|0|      |20220521|20220521|0603|2022-06-01 07:02:43
303591|0000000773838374              |20220521|172826|031|676|0|30300071|130010009|130759147|1|20220521|164301|8002758|20220521|174349|8002632|1|1250|0|      |20220521|20220521|0603|2022-06-01 07:02:43
303593|0000000743318694              |20220521|181341|026|676|0|30300070|130010004|130752283|1|20220521|145918|8001421|20220521|181855|8002290|1|1250|0|      |20220521|20220521|0603|2022-06-01 07:02:43
303595|0000000748123832              |20220521|211349|028|676|0|30300038|130010014|130753203|1|20220521|203606|8002330|20220521|212651|8002778|1|1250|0|      |20220521|20220521|0603|2022-06-01 07:02:43
303597|0000000741372800              |20220521|114235|022|676|0|30300043|130010015|130759677|1|20220521|111636|8005918|20220521|123124|8001834|1|1250|0|      |20220521|20220521|0603|2022-06-01 07:02:43
303599|0000000762957332              |20220521|130706|022|676|0|30300038|130010014|130753203|1|20220521|121025|8002793|20220521|131925|8002846|1|1250|0|      |20220521|20220521|0603|2022-06-01 07:02:43
303601|0000000770140137              |20220521|131447|026|676|0|30300071|130010009|130759174|1|20220521|115455|8002814|20220521|131948|8001923|1|1250|0|      |20220521|20220521|0603|2022-06-01 07:02:43
303603|0000000724277136              |20220521|131307|013|676|0|30300071|130010009|130759107|1|20220521|090050|8001792|20220521|134544|8001074|1|1250|0|      |20220521|20220521|0603|2022-06-01 07:02:43
303605|0000000751267118              |20220521|141517|009|676|0|30300070|130010004|130752238|1|20220521|135829|8002307|20220521|142339|8001412|1|1250|0|      |20220521|20220521|0603|2022-06-01 07:02:43
303607|0000000903905792              |20220521|110303|021|676|0|30300051|130010008|130752147|1|20220521|105256|8001096|20220521|114326|8001028|1|1250|0|      |20220521|20220521|0603|2022-06-01 07:02:43
303609|0000000621512407              |20220521|142026|030|676|0|30300043|130010015|130759608|1|20220521|134856|8002887|20220521|142713|8002730|1|1250|0|      |20220521|20220521|0603|2022-06-01 07:02:43
303611|0000000742988042              |20220521|153748|021|676|0|30300071|130010009|130759106|1|20220521|134844|8001078|20220521|154422|8002758|1|1250|0|      |20220521|20220521|0603|2022-06-01 07:02:43
303613|0000000742480551              |20220521|160855|024|676|0|30300051|130010008|130752128|1|20220521|150239|8001090|20220521|162136|8002951|1|1250|0|      |20220521|20220521|0603|2022-06-01 07:02:43
303615|0000000741309072              |20220521|064453|011|676|0|30300038|130010014|130753214|1|20220521|060613|8002779|20220521|065807|8001414|1|1250|0|      |20220521|20220521|0603|2022-06-01 07:02:43
303779|0000000765559798              |20220521|221817|026|676|0|30300051|130010008|130752113|1|20220521|220057|8002454|20220521|223058|8001715|1|1250|0|      |20220521|20220521|0603|2022-06-01 07:02:43
303781|0000000713061194              |20220521|120044|005|676|0|30300038|130010014|130753525|1|20220521|110341|8002913|20220521|120541|8002846|1|1250|0|      |20220521|20220521|0603|2022-06-01 07:02:43
303783|0000000903696548              |20220521|123156|023|676|0|30300038|130010014|130753201|1|20220521|112714|8003043|20220521|124548|8002408|1|1250|0|      |20220521|20220521|0603|2022-06-01 07:02:43
303785|0000000764205310              |20220521|125651|010|676|0|30300072|130010001|130759734|1|20220521|125400|8005988|20220521|133227|8002608|1|1250|0|      |20220521|20220521|0603|2022-06-01 07:02:43
303787|0000000900647361              |20220521|110244|002|676|0|30300087|130010008|130752155|1|20220521|095834|8002758|20220521|112329|8001494|1|1250|0|      |20220521|20220521|0603|2022-06-01 07:02:43
303789|0000000903757744              |20220521|104159|014|676|0|30300087|130010015|130759621|1|20220521|092510|8001454|20220521|110209|8002848|1|1250|0|      |20220521|20220521|0603|2022-06-01 07:02:43
301100|0000000910219082              |20220521|103159|012|675|0|30300077|130010006|130752034|1|20220521|102449|8001612|20220521|104447|8001419|1|1250|0|      |20220521|20220521|0603|2022-06-01 07:02:43
301102|0000000921398748              |20220521|072107|002|676|0|30300070|130010004|130752254|1|20220521|053333|8002307|20220521|073054|8002454|1|1250|0|      |20220521|20220521|0603|2022-06-01 07:02:43
301104|0000000905528395              |20220521|080429|002|676|0|30300040|130010007|130759367|1|20220521|074737|8001612|20220521|080806|8001040|1|1250|0|      |20220521|20220521|0603|2022-06-01 07:02:43
301511|0000000631440664              |20220521|090558|004|675|0|30300082|130010001|130759743|1|20220521|090134|8002081|20220521|091249|8002559|1|1250|0|      |20220521|20220521|0603|2022-06-01 07:02:43
301513|0000000637013898              |20220521|190345|005|675|0|30300079|130010009|130759129|1|20220521|132305|8002887|20220521|191858|8001996|1|1250|0|      |20220521|20220521|0603|2022-06-01 07:02:43
301515|0000000741933302              |20220521|164541|016|676|0|30300041|130010012|130753321|1|20220521|150830|8001287|20220521|165353|8001076|1|1250|0|      |20220521|20220521|0603|2022-06-01 07:02:43
301517|0000000655812016              |20220521|172341|002|675|0|30300050|130010007|130759368|1|20220521|164909|8002402|20220521|174555|8002206|1|1250|0|      |20220521|20220521|0603|2022-06-01 07:02:43
301519|0000000725990142              |20220521|165204|019|675|0|30300057|130010001|130759755|1|20220521|164840|8001280|20220521|173039|8002635|1|1250|0|      |20220521|20220521|0603|2022-06-01 07:02:43
301521|0000000757895022              |20220521|125636|016|675|0|30300048|130010006|130752068|1|20220521|112557|8002402|20220521|131751|8002453|1|1250|0|      |20220521|20220521|0603|2022-06-01 07:02:43
301523|0000000734305660              |20220521|104446|026|675|0|30300091|130010013|130759816|1|20220521|100057|8001516|20220521|110131|8001419|1|1250|0|      |20220521|20220521|0603|2022-06-01 07:02:43
301525|0000000759567824              |20220521|121144|003|675|0|30300057|130010001|130759758|1|20220521|105835|8001280|20220521|121732|8001857|1|1250|0|      |20220521|20220521|0603|2022-06-01 07:02:43
301527|0000000759368285              |20220521|151110|002|676|0|30300043|130010015|130759601|1|20220521|144044|8002887|20220521|152313|8002636|1|1250|0|      |20220521|20220521|0603|2022-06-01 07:02:43
301529|0000000768014389              |20220521|154152|002|676|0|30300043|130010015|130759607|1|20220521|153818|8005587|20220521|162006|8002729|1|1250|0|      |20220521|20220521|0603|2022-06-01 07:02:43
301531|0000000773579402              |20220521|102202|030|675|0|30300081|130010011|130759570|1|20220521|085348|8001952|20220521|102638|8002453|1|1250|0|      |20220521|20220521|0603|2022-06-01 07:02:43
301533|0000000707840429              |20220521|083743|023|676|0|30300041|130010012|130753326|1|20220521|080718|8001287|20220521|084453|8001076|1|1250|0|      |20220521|20220521|0603|2022-06-01 07:02:43
301535|0000000903347832              |20220521|090020|008|675|0|30300056|130010012|130753374|1|20220521|073321|8001280|20220521|091245|8001852|1|1250|0|      |20220521|20220521|0603|2022-06-01 07:02:43
301537|0000000635986701              |20220521|110346|002|675|0|30300048|130010006|130752060|1|20220521|101226|8002402|20220521|110734|8001596|1|1250|0|      |20220521|20220521|0603|2022-06-01 07:02:43
301944|0000000720748031              |20220521|134456|028|676|1|30300087|130010008|130752158|1|20220521|124309|8002235|20220521|141057|8002134|1|0|0|      |20220521|20220521|0603|2022-06-01 07:02:43
301946|0000000727289468              |20220521|143626|030|676|2|30300093|130010004|130752282|1|20220521|120733|8001096|20220521|151106|8002943|1|0|0|      |20220521|20220521|0603|2022-06-01 07:02:43
301948|0000000614465598              |20220521|103310|026|676|1|30300036|130010011|130759510|1|20220521|102412|8001681|20220521|110659|8001054|1|0|0|      |20220521|20220521|0603|2022-06-01 07:02:43
301950|0000000747719096              |20220521|072202|001|674|1|30300002|130010007|130759315|1|20220521|061636|8001419|20220521|073122|8002252|1|0|0|      |20220521|20220521|0603|2022-06-01 07:02:43
301952|0000000663836476              |20220521|095145|012|675|1|30300058|130010004|130752202|1|20220521|084707|8001934|20220521|100047|8002620|1|0|0|      |20220521|20220521|0603|2022-06-01 07:02:43
301954|0000000716459870              |20220521|182946|003|675|1|30300082|130010001|130759739|1|20220521|182524|8002829|20220521|190400|8002925|1|0|0|      |20220521|20220521|0603|2022-06-01 07:02:43
301956|0000000903359487              |20220521|162738|016|674|1|30300100|130010002|130752383|1|20220521|152545|8001412|20220521|170737|8001083|1|0|0|      |20220521|20220521|0603|2022-06-01 07:02:43
301958|0000000761358260              |20220521|180633|015|675|1|30300108|130010007|130759303|1|20220521|165145|8002376|20220521|182140|8070045|1|0|0|      |20220521|20220521|0603|2022-06-01 07:02:43
301960|0000000741751760              |20220521|183502|004|675|1|30300055|130010014|130753211|1|20220521|155933|8002635|20220521|185133|8001032|1|0|0|      |20220521|20220521|0603|2022-06-01 07:02:43
301962|0000000760196518              |20220521|204829|018|675|2|30300045|130010006|130752047|1|20220521|200503|8002974|20220521|205130|8002142|1|0|0|      |20220521|20220521|0603|2022-06-01 07:02:43
301964|0000000769805463              |20220521|132637|005|676|1|30300054|130010007|130759363|1|20220521|125107|8001922|20220521|133410|8001568|1|0|0|      |20220521|20220521|0603|2022-06-01 07:02:43
301966|0000000909460253              |20220521|113553|009|676|1|30300090|130010005|130759219|1|20220521|103525|8002411|20220521|113844|8005993|1|0|0|      |20220521|20220521|0603|2022-06-01 07:02:43
301968|0000000773660399              |20220521|143914|007|676|1|30300090|130010005|130759260|1|20220521|131929|8002721|20220521|145012|8007554|1|0|0|      |20220521|20220521|0603|2022-06-01 07:02:43
302375|0000000661190268              |20220521|191428|020|676|2|30300037|130010006|130752038|1|20220521|165745|8005518|20220521|191810|8005921|1|0|0|      |20220521|20220521|0603|2022-06-01 07:02:43
302377|0000000742913390              |20220521|195625|019|674|2|30300002|130010007|130759323|1|20220521|180855|8005994|20220521|201627|8002254|1|0|0|      |20220521|20220521|0603|2022-06-01 07:02:43
302379|0000000753688939              |20220521|170452|005|676|1|30300037|130010006|130752072|1|20220521|152708|8002559|20220521|173017|8001097|1|0|0|      |20220521|20220521|0603|2022-06-01 07:02:43
302381|0000000903192870              |20220521|175624|009|676|1|30300070|130010004|130752283|1|20220521|145918|8002748|20220521|180203|8002638|1|0|0|      |20220521|20220521|0603|2022-06-01 07:02:43
302383|0000000904568059              |20220521|222902|031|675|1|30300056|130010012|130753317|1|20220521|163847|8002403|20220521|223643|8007483|1|0|0|      |20220521|20220521|0603|2022-06-01 07:02:43
302385|0000000645642406              |20220521|223916|003|676|2|30300051|130010008|130752103|1|20220521|221850|8001935|20220521|224832|8002545|1|0|0|      |20220521|20220521|0603|2022-06-01 07:02:43
302387|0000000736045037              |20220521|225146|017|675|1|30300081|130010011|130759582|1|20220521|142117|8001005|20220521|231546|8007022|1|0|0|      |20220521|20220521|0603|2022-06-01 07:02:43
307605|0000000614951251              |20220521|163357|017|676|0|30300039|130010005|130759269|1|20220521|160843|8001569|20220521|163902|8001713|1|1250|0|      |20220521|20220521|0603|2022-06-01 07:02:43
307607|0000000770384308              |20220521|075842|019|676|0|30300041|130010012|130753377|1|20220521|060540|8002703|20220521|080242|8002969|1|1250|0|      |20220521|20220521|0603|2022-06-01 07:02:43
307609|0000000767033271              |20220521|071359|019|676|0|30300037|130010006|130752073|1|20220521|063602|8002075|20220521|074342|8002142|1|1250|0|      |20220521|20220521|0603|2022-06-01 07:02:43
307611|0000000662924631              |20220521|101439|012|676|0|30300040|130010007|130759367|1|20220521|095340|8001054|20220521|101954|8002425|1|1250|0|      |20220521|20220521|0603|2022-06-01 07:02:43
307613|0000000724603861              |20220521|053433|025|676|0|30300043|130010015|130759619|1|20220521|052521|8001243|20220521|055032|8001991|1|1250|0|      |20220521|20220521|0603|2022-06-01 07:02:43
307615|0000000742130335              |20220521|074358|014|676|0|30300130|130010008|130752139|1|20220521|065823|8001760|20220521|074916|8002824|1|1250|0|      |20220521|20220521|0603|2022-06-01 07:02:43
307617|0000000633148628              |20220521|085903|017|675|0|30300092|130010013|130759810|1|20220521|082228|8001478|20220521|090916|8002133|1|1250|0|      |20220521|20220521|0603|2022-06-01 07:02:43
307619|0000000725423237              |20220521|103037|007|676|0|30300043|130010015|130759607|1|20220521|101330|8002254|20220521|103820|8001790|1|1250|0|      |20220521|20220521|0603|2022-06-01 07:02:43
308026|0000000640775774              |20220521|092448|002|675|0|30300084|130010001|130759785|1|20220521|085554|8001500|20220521|095551|8002981|1|1250|0|      |20220521|20220521|0603|2022-06-01 07:02:43
308028|0000000904910565              |20220521|093135|009|676|0|30300038|130010014|130753272|1|20220521|073242|8001612|20220521|094733|8001527|1|1250|0|      |20220521|20220521|0603|2022-06-01 07:02:43
308030|0000000742405635              |20220521|093032|011|675|0|30300059|130010004|130752270|1|20220521|091357|8001665|20220521|094702|8002280|1|1250|0|      |20220521|20220521|0603|2022-06-01 07:02:43
308032|0000000752886453              |20220521|103542|026|676|0|30300037|130010006|130752002|1|20220521|101618|8002402|20220521|110211|8005960|1|1250|0|      |20220521|20220521|0603|2022-06-01 07:02:43
308034|0000000723853918              |20220521|193040|008|675|0|30300101|130010002|130752320|1|20220521|191206|8001029|20220521|193420|8002547|1|1250|0|      |20220521|20220521|0603|2022-06-01 07:02:43
308036|0000000652717529              |20220521|194809|031|680|0|30300052|130010002|130752337|1|20220521|185721|8001492|20220521|195634|8001934|1|1250|0|      |20220521|20220521|0603|2022-06-01 07:02:43
308038|0000000918070551              |20220521|203138|009|680|0|30300052|130010002|130752322|1|20220521|194731|8001081|20220521|204148|8001948|1|1250|0|      |20220521|20220521|0603|2022-06-01 07:02:43
308040|0000000725683326              |20220521|163933|004|675|0|30300075|130010005|130759270|1|20220521|144828|8001872|20220521|165731|8002608|1|1250|0|      |20220521|20220521|0603|2022-06-01 07:02:43
308042|0000000701174708              |20220521|170849|028|675|0|30300101|130010002|130752327|1|20220521|165101|8002108|20220521|171715|8002547|1|1250|0|      |20220521|20220521|0603|2022-06-01 07:02:43
308044|0000000773266091              |20220521|171039|018|676|0|30300043|130010015|130759607|1|20220521|170042|8001358|20220521|171751|8002980|1|1250|0|      |20220521|20220521|0603|2022-06-01 07:02:43
308046|0000000764477411              |20220521|173359|007|675|0|30300059|130010004|130752218|1|20220521|172814|8001078|20220521|180320|8001664|1|1250|0|      |20220521|20220521|0603|2022-06-01 07:02:43
308048|0000000716756424              |20220521|173859|014|680|0|30300017|130010004|130752211|1|20220521|173353|8002002|20220521|181742|8001714|1|1250|0|      |20220521|20220521|0603|2022-06-01 07:02:43
308050|0000000767344415              |20220521|185321|017|676|0|30300043|130010015|130759618|1|20220521|182916|8001963|20220521|185701|8001790|1|1250|0|      |20220521|20220521|0603|2022-06-01 07:02:43
308457|0000000774336037              |20220521|163313|023|681|0|30300042|130010009|130759121|1|20220521|133204|8001587|20220521|164743|8002632|1|1250|0|      |20220521|20220521|0603|2022-06-01 07:02:43
308459|0000000734581706              |20220521|161537|004|675|0|30300055|130010014|130753249|1|20220521|152740|8002635|20220521|163603|8002064|1|1250|0|      |20220521|20220521|0603|2022-06-01 07:02:43
308461|0000000742385579              |20220521|165735|019|675|0|30300056|130010012|130753308|1|20220521|153722|8002509|20220521|172020|8001852|1|1250|0|      |20220521|20220521|0603|2022-06-01 07:02:43
308463|0000000709514423              |20220521|173242|020|675|0|30300056|130010012|130753317|1|20220521|163847|8001488|20220521|173935|8002916|1|1250|0|      |20220521|20220521|0603|2022-06-01 07:02:43
308465|0000000639714625              |20220521|182825|027|675|0|30300049|130010004|130752276|1|20220521|181130|8005998|20220521|183534|8001356|1|1250|0|      |20220521|20220521|0603|2022-06-01 07:02:43
308467|0000000903537176              |20220521|182645|009|675|0|30300108|130010007|130759305|1|20220521|175307|8007322|20220521|183152|8005860|1|1250|0|      |20220521|20220521|0603|2022-06-01 07:02:43
308469|0000000738235318              |20220521|221004|001|676|0|30300040|130010007|130759388|1|20220521|215152|8001096|20220521|223253|8002954|1|1250|0|      |20220521|20220521|0603|2022-06-01 07:02:43
308471|0000000921265733              |20220521|215005|013|675|0|30300058|130010004|130752291|1|20220521|211308|8001647|20220521|215607|8007271|1|1250|0|      |20220521|20220521|0603|2022-06-01 07:02:43
308473|0000000768483766              |20220521|115717|017|675|0|30300056|130010012|130753307|1|20220521|102523|8005915|20220521|124904|8002403|1|1250|0|      |20220521|20220521|0603|2022-06-01 07:02:43
308475|0000000668986251              |20220521|103819|015|675|0|30300056|130010012|130753373|1|20220521|102756|8002705|20220521|110656|8002754|1|1250|0|      |20220521|20220521|0603|2022-06-01 07:02:43
308477|0000000770783863              |20220521|114012|022|676|0|30300069|130010001|130759411|1|20220521|105718|8001942|20220521|114800|8001952|1|1250|0|      |20220521|20220521|0603|2022-06-01 07:02:43
308479|0000000758178354              |20220521|114502|010|676|0|30300036|130010011|130759501|1|20220521|093932|8002279|20220521|115143|8001091|1|1250|0|      |20220521|20220521|0603|2022-06-01 07:02:43
308481|0000000717591508              |20220521|150857|012|675|0|30300056|130010012|130753331|1|20220521|143410|8001425|20220521|151634|8001057|1|1250|0|      |20220521|20220521|0603|2022-06-01 07:02:43
308483|0000000724506967              |20220521|153515|024|675|0|30300055|130010014|130753249|1|20220521|152740|8001437|20220521|154003|8002764|1|1250|0|      |20220521|20220521|0603|2022-06-01 07:02:43
308890|0000000764192282              |20220521|172535|014|676|0|30300088|130010006|130752023|1|20220521|161928|8001579|20220521|174905|8001590|1|1250|0|      |20220521|20220521|0603|2022-06-01 07:02:43
308892|0000000767211046              |20220521|181717|005|675|0|30300082|130010001|130759770|1|20220521|180708|8002081|20220521|182349|8002559|1|1250|0|      |20220521|20220521|0603|2022-06-01 07:02:43
308556|0000000718276855              |20220521|104942|004|676|0|30300051|130010008|130752102|1|20220521|102849|8001372|20220521|114127|8002437|1|1250|0|      |20220521|20220521|0603|2022-06-01 07:02:43
308558|0000000777971436              |20220521|141200|005|676|0|30300051|130010008|130752108|1|20220521|140457|8002351|20220521|144535|8001489|1|1250|0|      |20220521|20220521|0603|2022-06-01 07:02:43
308560|0000000778601882              |20220521|144018|005|680|0|30300018|130010004|130752239|1|20220521|143837|8007099|20220521|151020|8001118|1|1250|0|      |20220521|20220521|0603|2022-06-01 07:02:43
308562|0000000645465677              |20220521|163915|013|676|0|30300051|130010008|130752124|1|20220521|160126|8001492|20220521|164856|8001934|1|1250|0|      |20220521|20220521|0603|2022-06-01 07:02:43
308564|0000000710329174              |20220521|080106|001|676|0|30300070|130010004|130752205|1|20220521|074505|8007183|20220521|083221|8002437|1|1250|0|      |20220521|20220521|0603|2022-06-01 07:02:43
308971|0000000900482328              |20220521|193734|004|676|0|30300037|130010006|130752002|1|20220521|191527|8001443|20220521|194401|8001096|1|1250|0|      |20220521|20220521|0603|2022-06-01 07:02:43
308973|0000000909135038              |20220521|202458|014|675|0|30300062|130010008|130752131|1|20220521|200302|8006006|20220521|204359|8002795|1|1250|0|      |20220521|20220521|0603|2022-06-01 07:02:43
308975|0000000731338102              |20220521|165946|017|676|0|30300051|130010008|130752112|1|20220521|144041|8001493|20220521|170834|8001028|1|1250|0|      |20220521|20220521|0603|2022-06-01 07:02:43
308977|0000000712001707              |20220521|171926|024|676|0|30300131|130010008|130752716|1|20220521|171620|8005856|20220521|175522|8001290|1|1250|0|      |20220521|20220521|0603|2022-06-01 07:02:43
308979|0000000674136281              |20220521|182517|008|675|0|30300058|130010004|130752251|1|20220521|164502|8002905|20220521|183838|8002630|1|1250|0|      |20220521|20220521|0603|2022-06-01 07:02:43
308981|0000000701542616              |20220521|181102|023|675|0|30300058|130010004|130752278|1|20220521|173040|8001647|20220521|183738|8001553|1|1250|0|      |20220521|20220521|0603|2022-06-01 07:02:43
308983|0000000718276855              |20220521|223716|006|675|0|30300058|130010004|130752294|1|20220521|151509|8001647|20220521|230126|8001553|1|1250|0|      |20220521|20220521|0603|2022-06-01 07:02:43
308985|0000000903422231              |20220521|212831|015|676|0|30300051|130010008|130752106|1|20220521|200318|8001418|20220521|213522|8003022|1|1250|0|      |20220521|20220521|0603|2022-06-01 07:02:43
308987|0000000628842254              |20220521|121056|023|676|0|30300070|130010004|130752265|1|20220521|105333|8002754|20220521|121947|8003101|1|1250|0|      |20220521|20220521|0603|2022-06-01 07:02:43
308989|0000000766616402              |20220521|123437|008|675|0|30300077|130010006|130752054|1|20220521|121839|8002118|20220521|131116|8001229|1|1250|0|      |20220521|20220521|0603|2022-06-01 07:02:43
308991|0000000663955519              |20220521|135327|020|675|0|30300082|130010001|130759739|1|20220521|111603|8002696|20220521|140506|8002448|1|1250|0|      |20220521|20220521|0603|2022-06-01 07:02:43
308993|0000000742388618              |20220521|142101|019|675|0|30300077|130010006|130752018|1|20220521|141237|8001258|20220521|143737|8002434|1|1250|0|      |20220521|20220521|0603|2022-06-01 07:02:43
308995|0000000646115950              |20220521|144541|012|675|0|30300058|130010004|130752251|1|20220521|132002|8001982|20220521|151810|8002630|1|1250|0|      |20220521|20220521|0603|2022-06-01 07:02:43
310078|0000000917976053              |20220521|101502|025|674|0|30300100|130010002|130752344|1|20220521|095316|8002547|20220521|103647|8001413|1|1250|0|      |20220521|20220521|0603|2022-06-01 07:02:43
310080|0000000776749011              |20220521|191214|003|675|0|30300077|130010006|130752054|1|20220521|183509|8002995|20220521|192900|8001032|1|1250|0|      |20220521|20220521|0603|2022-06-01 07:02:43
310082|0000000778422042              |20220521|195606|008|675|0|30300077|130010006|130752042|1|20220521|194632|8001040|20220521|201324|8002605|1|1250|0|      |20220521|20220521|0603|2022-06-01 07:02:43
310084|0000000675919896              |20220521|171926|029|675|0|30300077|130010006|130759022|1|20220521|165106|8001948|20220521|174534|8001229|1|1250|0|      |20220521|20220521|0603|2022-06-01 07:02:43
310086|0000000725819601              |20220521|181102|017|676|0|30300087|130010015|130759679|1|20220521|165055|8001494|20220521|181417|8001198|1|1250|0|      |20220521|20220521|0603|2022-06-01 07:02:43
310088|0000000660940837              |20220521|175722|010|676|0|30300087|130010015|130759634|1|20220521|170703|8002159|20220521|181659|8001604|1|1250|0|      |20220521|20220521|0603|2022-06-01 07:02:43
310090|0000000606267921              |20220521|223206|007|675|0|30300064|130010015|130759623|1|20220521|222413|8001253|20220521|223550|8002832|1|1250|0|      |20220521|20220521|0603|2022-06-01 07:02:43
310092|0000000905886260              |20220521|223027|019|675|0|30300081|130010011|130759506|1|20220521|150542|8002338|20220521|225657|8001982|1|1250|0|      |20220521|20220521|0603|2022-06-01 07:02:43
310094|0000000904822915              |20220521|210356|004|675|0|30300047|130010001|130759436|1|20220521|202035|8002118|20220521|211021|8001847|1|1250|0|      |20220521|20220521|0603|2022-06-01 07:02:43
310096|0000000662216610              |20220521|213701|005|675|0|30300064|130010015|130759624|1|20220521|212025|8002437|20220521|215123|8002833|1|1250|0|      |20220521|20220521|0603|2022-06-01 07:02:43
310098|0000000644673980              |20220521|221657|019|675|0|30300064|130010015|130759673|1|20220521|215648|8001740|20220521|222630|8002357|1|1250|0|      |20220521|20220521|0603|2022-06-01 07:02:43
310100|0000000661809855              |20220521|215955|011|675|0|30300081|130010011|130759533|1|20220521|214206|8002851|20220521|221820|8002218|1|1250|0|      |20220521|20220521|0603|2022-06-01 07:02:43
310102|0000000754807575              |20220521|122454|027|675|0|30300064|130010015|130759673|1|20220521|064503|8001412|20220521|123230|8002730|1|1250|0|      |20220521|20220521|0603|2022-06-01 07:02:43
310104|0000000903410379              |20220521|121129|028|676|0|30300087|130010015|130759622|1|20220521|120407|8002131|20220521|124148|8002100|1|1250|0|      |20220521|20220521|0603|2022-06-01 07:02:43
310511|0000000770040720              |20220521|103343|027|675|0|30300055|130010014|130753221|1|20220521|054955|8001032|20220521|104315|8001987|1|1250|0|      |20220521|20220521|0603|2022-06-01 07:02:43
310513|0000000765115727              |20220521|102619|005|675|0|30300055|130010014|130753228|1|20220521|054415|8005646|20220521|103333|8001663|1|1250|0|      |20220521|20220521|0603|2022-06-01 07:02:43
310515|0000000722096627              |20220521|185950|001|675|0|30300064|130010015|130759638|1|20220521|183733|8002635|20220521|191602|8001094|1|1250|0|      |20220521|20220521|0603|2022-06-01 07:02:43
310517|0000000900242608              |20220521|201531|009|675|0|30300049|130010004|130752216|1|20220521|181046|8002432|20220521|203736|8001056|1|1250|0|      |20220521|20220521|0603|2022-06-01 07:02:43
310519|0000000743243699              |20220521|164917|022|674|0|30300100|130010002|130752360|1|20220521|140915|8001492|20220521|170919|8001413|1|1250|0|      |20220521|20220521|0603|2022-06-01 07:02:43
310172|0000000779977244              |20220521|062224|006|675|0|30300056|130010012|130753374|1|20220521|060022|8002584|20220521|064947|8002403|1|1250|0|      |20220521|20220521|0603|2022-06-01 07:02:43
310174|0000000776938230              |20220521|072026|016|675|0|30300101|130010002|130752304|1|20220521|070420|8001525|20220521|073151|8001762|1|1250|0|      |20220521|20220521|0603|2022-06-01 07:02:43
310176|0000000721639401              |20220521|071841|020|675|0|30300080|130010009|130759130|1|20220521|065442|8001039|20220521|074332|8001552|1|1250|0|      |20220521|20220521|0603|2022-06-01 07:02:43
310178|0000000759500027              |20220521|082642|012|675|0|30300056|130010012|130753308|1|20220521|080939|8007482|20220521|083017|8001169|1|1250|0|      |20220521|20220521|0603|2022-06-01 07:02:43
310180|0000000903897423              |20220521|073304|002|675|0|30300080|130010009|130759130|1|20220521|065442|8001536|20220521|073823|8002463|1|1250|0|      |20220521|20220521|0603|2022-06-01 07:02:43
310182|0000000776499081              |20220521|075226|007|675|0|30300062|130010008|130752162|1|20220521|065341|8001436|20220521|075522|8007031|1|1250|0|      |20220521|20220521|0603|2022-06-01 07:02:43
310184|0000000637613851              |20220521|084959|009|675|0|30300080|130010009|130759108|1|20220521|080103|8001745|20220521|090223|8001800|1|1250|0|      |20220521|20220521|0603|2022-06-01 07:02:43
310591|0000000766807331              |20220521|213728|029|675|0|30300079|130010009|130759148|1|20220521|212005|8002310|20220521|214835|8001529|1|1250|0|      |20220521|20220521|0603|2022-06-01 07:02:43
310593|0000000903843829              |20220521|213218|031|675|0|30300077|130010006|130752013|1|20220521|210846|8002605|20220521|215133|8001496|1|1250|0|      |20220521|20220521|0603|2022-06-01 07:02:43
310595|0000000726457138              |20220521|221125|030|675|0|30300079|130010009|130759120|1|20220521|140812|8002628|20220521|223037|8001532|1|1250|0|      |20220521|20220521|0603|2022-06-01 07:02:43
310597|0000000743407465              |20220521|115524|001|676|0|30300051|130010008|130752115|1|20220521|114026|8001291|20220521|121914|8002544|1|1250|0|      |20220521|20220521|0603|2022-06-01 07:02:43
310599|0000000732534697              |20220521|125141|004|675|0|30300077|130010006|130752070|1|20220521|123856|8001708|20220521|130557|8001927|1|1250|0|      |20220521|20220521|0603|2022-06-01 07:02:43
310601|0000000646854688              |20220521|140711|030|675|0|30300047|130010001|130759436|1|20220521|133742|8070011|20220521|143330|8005516|1|1250|0|      |20220521|20220521|0603|2022-06-01 07:02:43
310603|0000000917981566              |20220521|105021|031|676|0|30300051|130010008|130752130|1|20220521|095037|8001371|20220521|105706|8007046|1|1250|0|      |20220521|20220521|0603|2022-06-01 07:02:43
310605|0000000903151721              |20220521|111213|010|676|0|30300051|130010008|130752142|1|20220521|110433|8001534|20220521|114045|8001935|1|1250|0|      |20220521|20220521|0603|2022-06-01 07:02:43
310607|0000000776735386              |20220521|161624|024|675|0|30300077|130010006|130752013|1|20220521|152348|8001490|20220521|163741|8001059|1|1250|0|      |20220521|20220521|0603|2022-06-01 07:02:43
310609|0000000742192743              |20220521|160334|029|675|0|30300077|130010006|130752070|1|20220521|154049|8001489|20220521|163435|8001418|1|1250|0|      |20220521|20220521|0603|2022-06-01 07:02:43
310611|0000000607512774              |20220521|161214|020|674|0|30300104|130010002|130752355|1|20220521|155123|8001013|20220521|162958|8001425|1|1250|0|      |20220521|20220521|0603|2022-06-01 07:02:43
310613|0000000725413524              |20220521|055311|018|675|0|30300047|130010001|130759408|1|20220521|053224|8001773|20220521|060052|8003101|1|1250|0|      |20220521|20220521|0603|2022-06-01 07:02:43
310615|0000000903385260              |20220521|065755|031|675|0|30300079|130010009|130759173|1|20220521|062100|8001668|20220521|070849|8002887|1|1250|0|      |20220521|20220521|0603|2022-06-01 07:02:43
310617|0000000908339616              |20220521|064445|015|675|0|30300091|130010013|130759828|1|20220521|060805|8001889|20220521|065647|8001842|1|1250|0|      |20220521|20220521|0603|2022-06-01 07:02:43
311024|0000000400094606              |20220521|172452|021|676|0|30300069|130010001|130759409|1|20220521|171241|8002917|20220521|175203|8007517|2|2500|0|      |20220521|20220521|0603|2022-06-01 07:02:43
311026|0000000789391061              |20220521|211741|004|676|0|30300069|130010001|130759751|1|20220521|154343|8002993|20220521|213656|8001712|1|1250|0|      |20220521|20220521|0603|2022-06-01 07:02:43
311028|0000000797784767              |20220521|125441|007|676|0|30300069|130010001|130759715|1|20220521|120739|8001712|20220521|131206|8002381|1|1250|0|      |20220521|20220521|0603|2022-06-01 07:02:43
311030|0000000785941824              |20220521|132013|006|675|0|30300046|130010002|130752353|1|20220521|130818|8007209|20220521|141203|8001014|1|1250|0|      |20220521|20220521|0603|2022-06-01 07:02:43
311032|0000000400126150              |20220521|071152|025|679|0|30300063|130010001|130759487|1|20220521|070324|8001535|20220521|072556|8002634|2|2500|0|      |20220521|20220521|0603|2022-06-01 07:02:43
311034|0000000788848849              |20220521|110712|012|679|0|30300063|130010001|130759403|1|20220521|102311|8002350|20220521|113211|8003022|1|1250|0|      |20220521|20220521|0603|2022-06-01 07:02:43
311036|0000000795865774              |20220521|161742|004|676|0|30300069|130010001|130759715|1|20220521|160156|8001133|20220521|162140|8002220|1|1250|0|      |20220521|20220521|0603|2022-06-01 07:02:43
311038|0000000400214366              |20220521|192841|004|676|1|30300086|130010013|130759809|1|20220521|183501|8002609|20220521|193148|8002987|1|0|0|      |20220521|20220521|0603|2022-06-01 07:02:43
311040|0000000785598243              |20220521|174918|011|675|0|30300076|130010014|130753271|1|20220521|165307|8002387|20220521|175119|8002791|1|1250|0|      |20220521|20220521|0603|2022-06-01 07:02:43
311042|0000000400113304              |20220521|183806|015|674|0|30300104|130010002|130752303|1|20220521|171933|8001025|20220521|184100|8001083|1|1250|0|      |20220521|20220521|0603|2022-06-01 07:02:43
311044|0000000695664615              |20220521|121106|001|675|0|30300057|130010001|130759470|1|20220521|115356|8002358|20220521|124708|8001828|1|1250|0|      |20220521|20220521|0603|2022-06-01 07:02:43
311046|0000000400112366              |20220521|131116|026|675|0|30300076|130010014|130753510|1|20220521|130021|8001738|20220521|133411|8001936|1|1250|0|      |20220521|20220521|0603|2022-06-01 07:02:43
311048|0000000699139188              |20220521|064128|022|675|0|30300057|130010001|130759470|1|20220521|062622|8002149|20220521|064427|8002358|1|1250|0|      |20220521|20220521|0603|2022-06-01 07:02:43
311455|0000000791026671              |20220521|225932|005|675|0|30300046|130010002|130752351|1|20220521|220643|8002411|20220521|231629|8001028|1|1250|0|      |20220521|20220521|0603|2022-06-01 07:02:43
311457|0000000691083883              |20220521|125601|022|676|0|30300040|130010007|130759389|1|20220521|121618|8001005|20220521|131517|8001097|1|1250|0|      |20220521|20220521|0603|2022-06-01 07:02:43
311459|0000000789322426              |20220521|100741|009|676|1|30300089|130010011|130759573|1|20220521|094118|8002969|20220521|101411|8001567|1|0|0|      |20220521|20220521|0603|2022-06-01 07:02:43
311616|0000000694298746              |20220521|085813|006|675|0|30300079|130010009|130759110|1|20220521|054629|8001721|20220521|091247|8001529|1|1250|0|      |20220521|20220521|0603|2022-06-01 07:02:43
304449|0000000699428766              |20220521|112956|026|676|0|30300051|130010008|130752147|1|20220521|105256|8002433|20220521|113558|8001490|1|1250|0|      |20220521|20220521|0603|2022-06-01 07:02:43
304451|0000000400158712              |20220521|144641|018|681|0|30300042|130010009|130759125|1|20220521|143909|8001415|20220521|145852|8001991|1|1250|0|      |20220521|20220521|0603|2022-06-01 07:02:43
304453|0000000699428766              |20220521|160227|027|675|0|30300083|130010001|130759710|1|20220521|135757|8001784|20220521|162039|8001538|1|1250|0|      |20220521|20220521|0603|2022-06-01 07:02:43
304455|0000000787839954              |20220521|162632|015|675|1|30300077|130010006|130759013|1|20220521|162302|8001959|20220521|162824|8001256|1|0|0|      |20220521|20220521|0603|2022-06-01 07:02:43
304457|0000000788355441              |20220521|200256|028|676|0|30300051|130010008|130752115|1|20220521|200205|9007010|20220521|203517|8001929|1|1250|0|      |20220521|20220521|0603|2022-06-01 07:02:43
304459|0000000400143046              |20220521|202257|004|676|0|30300071|130010009|130759107|1|20220521|090050|8001409|20220521|203944|8002453|1|1250|0|      |20220521|20220521|0603|2022-06-01 07:02:43
304461|0000000400143046              |20220521|210157|004|675|2|30300060|130010014|130753215|1|20220521|202320|8002159|20220521|211039|8001587|1|0|0|      |20220521|20220521|0603|2022-06-01 07:02:43
304463|0000000788709684              |20220521|123705|029|675|0|30300053|130010002|130752385|1|20220521|111235|8006006|20220521|130026|8001279|1|1250|0|      |20220521|20220521|0603|2022-06-01 07:02:43
304465|0000000400206232              |20220521|131008|014|679|2|30300063|130010001|130759482|1|20220521|124842|8001419|20220521|132400|8002981|1|0|0|      |20220521|20220521|0603|2022-06-01 07:02:43
304467|0000000400123368              |20220521|135537|022|677|1|30300129|130010009|130759164|1|20220521|134530|8002722|20220521|141634|8007164|1|0|0|      |20220521|20220521|0603|2022-06-01 07:02:43
304469|0000000788355441              |20220521|055501|027|674|1|30300002|130010007|130759337|1|20220521|053915|8002437|20220521|060436|8001097|1|0|0|      |20220521|20220521|0603|2022-06-01 07:02:43
304471|0000000788709684              |20220521|081806|027|675|0|30300053|130010002|130752386|1|20220521|073756|8001491|20220521|083657|8002453|1|1250|0|      |20220521|20220521|0603|2022-06-01 07:02:43
304473|0000000400206232              |20220521|055658|013|674|0|30300002|130010007|130759332|1|20220521|054836|8002980|20220521|061147|8001418|1|1250|0|      |20220521|20220521|0603|2022-06-01 07:02:43
306080|0000000743011817              |20220521|162320|030|676|0|30300089|130010011|130759574|1|20220521|161233|8001418|20220521|165232|8002814|1|1250|0|      |20220521|20220521|0603|2022-06-01 07:02:43
306082|0000000903884921              |20220521|171752|012|676|0|30300037|130010006|130759011|1|20220521|164812|8002984|20220521|171951|8002377|1|1250|0|      |20220521|20220521|0603|2022-06-01 07:02:43
306084|0000000905504805              |20220521|181406|020|675|0|30300047|130010001|130759705|1|20220521|180947|8001193|20220521|182700|8005993|1|1250|0|      |20220521|20220521|0603|2022-06-01 07:02:43
306086|0000000761992742              |20220521|230704|021|675|0|30300048|130010006|130752061|1|20220521|222110|8002052|20220521|230920|8001677|1|1250|0|      |20220521|20220521|0603|2022-06-01 07:02:43
306088|0000000903416417              |20220521|215419|017|676|0|30300036|130010011|130759510|1|20220521|135528|8002229|20220521|220754|8002039|1|1250|0|      |20220521|20220521|0603|2022-06-01 07:02:43
306090|0000000743499061              |20220521|215930|028|676|0|30300086|130010013|130759874|1|20220521|213607|8002137|20220521|221732|8001430|1|1250|0|      |20220521|20220521|0603|2022-06-01 07:02:43
306092|0000000741377844              |20220521|120849|022|675|0|30300056|130010012|130753319|1|20220521|094009|8002403|20220521|121849|8007556|1|1250|0|      |20220521|20220521|0603|2022-06-01 07:02:43
306094|0000000622294511              |20220521|124718|026|676|0|30300039|130010005|130759262|1|20220521|054526|8002141|20220521|132718|8001570|1|1250|0|      |20220521|20220521|0603|2022-06-01 07:02:43
306096|0000000740708425              |20220521|132605|018|675|0|30300075|130010005|130759208|1|20220521|120243|8002825|20220521|135330|8001097|1|1250|0|      |20220521|20220521|0603|2022-06-01 07:02:43
306098|0000000633203835              |20220521|140902|011|675|0|30300075|130010005|130759203|1|20220521|135428|8002625|20220521|143507|8001097|1|1250|0|      |20220521|20220521|0603|2022-06-01 07:02:43
306100|0000000761679175              |20220521|113410|019|676|0|30300043|130010015|130759604|1|20220521|112906|8005587|20220521|114743|8001652|1|1250|0|      |20220521|20220521|0603|2022-06-01 07:02:43
306102|0000000910561172              |20220521|154123|006|675|0|30300047|130010001|130759408|1|20220521|150540|8005991|20220521|155036|8002412|1|1250|0|      |20220521|20220521|0603|2022-06-01 07:02:43
306104|0000000462489336              |20220521|103919|014|676|0|30300036|130010012|130753311|1|20220521|095704|8001091|20220521|104749|8002412|1|1250|0|      |20220521|20220521|0603|2022-06-01 07:02:43
306106|0000000666621824              |20220521|083934|003|675|0|30300047|130010001|130759415|1|20220521|075719|8007555|20220521|084821|8002997|1|1250|0|      |20220521|20220521|0603|2022-06-01 07:02:43
306540|0000000769700596              |20220521|131450|006|676|0|30300051|130010008|130752125|1|20220521|124819|8002605|20220521|133103|8001490|1|1250|0|      |20220521|20220521|0603|2022-06-01 07:02:43
306542|0000000737173946              |20220521|142618|027|676|0|30300036|130010012|130753311|1|20220521|120131|8002722|20220521|144213|8001680|1|1250|0|      |20220521|20220521|0603|2022-06-01 07:02:43
306544|0000000903809607              |20220521|152716|028|675|0|30300075|130010005|130759227|1|20220521|142848|8001382|20220521|153521|8002823|1|1250|0|      |20220521|20220521|0603|2022-06-01 07:02:43
306546|0000000766140467              |20220521|155250|021|675|0|30300076|130010014|130753510|1|20220521|150951|8001929|20220521|162033|8001259|1|1250|0|      |20220521|20220521|0603|2022-06-01 07:02:43
306548|0000000770405039              |20220521|091709|025|675|0|30300145|130010014|130753600|1|20220521|083825|8002941|20220521|092158|8002721|1|1250|0|      |20220521|20220521|0603|2022-06-01 07:02:43
306550|0000000712714592              |20220521|194626|005|674|0|30300100|130010002|130752508|1|20220521|194022|8002351|20220521|195252|8001081|1|1250|0|      |20220521|20220521|0603|2022-06-01 07:02:43
306552|0000000734159856              |20220521|195955|018|676|0|30300071|130010009|130759144|1|20220521|111831|8001989|20220521|202807|8001464|1|1250|0|      |20220521|20220521|0603|2022-06-01 07:02:43
306554|0000000628527274              |20220521|173627|010|675|0|30300050|130010007|130759370|1|20220521|162827|8001273|20220521|174546|8005619|1|1250|0|      |20220521|20220521|0603|2022-06-01 07:02:43
306556|0000000754607571              |20220521|171053|014|676|0|30300039|130010005|130759224|1|20220521|154725|8001077|20220521|172118|8001923|1|1250|0|      |20220521|20220521|0603|2022-06-01 07:02:43
307950|0000000758730664              |20220521|091654|015|675|0|30300062|130010008|130752721|1|20220521|090217|8001854|20220521|095427|8002202|1|1250|0|      |20220521|20220521|0603|2022-06-01 07:02:44
307952|0000000725609075              |20220521|100823|023|675|0|30300056|130010012|130753315|1|20220521|095615|8002915|20220521|101455|8001483|1|1250|0|      |20220521|20220521|0603|2022-06-01 07:02:44
307954|0000000904214991              |20220521|105217|018|675|0|30300056|130010012|130753373|1|20220521|102756|8001491|20220521|105722|8001084|1|1250|0|      |20220521|20220521|0603|2022-06-01 07:02:44
307956|0000000744850360              |20220521|185242|015|676|0|30300038|130010014|130753272|1|20220521|175041|8002793|20220521|190704|8001710|1|1250|0|      |20220521|20220521|0603|2022-06-01 07:02:44
307958|0000000777623843              |20220521|194814|017|675|0|30300084|130010001|130759441|1|20220521|183316|8002457|20220521|200021|8005877|1|1250|0|      |20220521|20220521|0603|2022-06-01 07:02:44
307960|0000000632105719              |20220521|203908|013|676|0|30300072|130010001|130759435|1|20220521|192304|8002452|20220521|204220|8001058|1|1250|0|      |20220521|20220521|0603|2022-06-01 07:02:44
307962|0000000740676027              |20220521|170507|011|675|0|30300080|130010009|130759137|1|20220521|162045|8001982|20220521|171728|8001534|1|1250|0|      |20220521|20220521|0603|2022-06-01 07:02:44
307964|0000000616448051              |20220521|174648|018|675|0|30300082|130010001|130759776|1|20220521|174012|8002824|20220521|180554|8001790|1|1250|0|      |20220521|20220521|0603|2022-06-01 07:02:44
307966|0000000777950487              |20220521|174005|007|675|0|30300060|130010014|130753223|1|20220521|163746|8001951|20220521|180752|8070007|1|1250|0|      |20220521|20220521|0603|2022-06-01 07:02:44
307968|0000000777288058              |20220521|184231|022|675|0|30300082|130010001|130759703|1|20220521|171931|8002558|20220521|185134|8005563|1|1250|0|      |20220521|20220521|0603|2022-06-01 07:02:44
307970|0000000773291880              |20220521|220800|007|676|0|30300038|130010014|130753506|1|20220521|143053|8001499|20220521|221104|8001553|1|1250|0|      |20220521|20220521|0603|2022-06-01 07:02:44
308377|0000000677454271              |20220521|082527|029|675|0|30300084|130010001|130759752|1|20220521|081145|8002254|20220521|084133|8002887|1|1250|0|      |20220521|20220521|0603|2022-06-01 07:02:44
308379|0000000742393449              |20220521|091126|009|675|0|30300047|130010001|130759415|1|20220521|085822|8001193|20220521|093806|8001025|1|1250|0|      |20220521|20220521|0603|2022-06-01 07:02:44
308381|0000000725626077              |20220521|075510|023|675|0|30300062|130010008|130752135|1|20220521|074311|8001846|20220521|080343|8002794|1|1250|0|      |20220521|20220521|0603|2022-06-01 07:02:44
308383|0000000725305214              |20220521|164844|016|675|0|30300064|130010015|130759670|1|20220521|162344|8001397|20220521|171400|8001979|1|1250|0|      |20220521|20220521|0603|2022-06-01 07:02:44
308385|0000000745533972              |20220521|175038|025|676|0|30300037|130010006|130752027|1|20220521|172145|8002311|20220521|181134|8005518|1|1250|0|      |20220521|20220521|0603|2022-06-01 07:02:44
308387|0000000742677856              |20220521|180341|026|680|0|30300007|130010002|130752390|1|20220521|173215|8003035|20220521|181933|8002547|1|1250|0|      |20220521|20220521|0603|2022-06-01 07:02:44
308389|0000000665873094              |20220521|181518|030|675|0|30300064|130010015|130759625|1|20220521|175502|8001467|20220521|183639|8002454|1|1250|0|      |20220521|20220521|0603|2022-06-01 07:02:44
308391|0000000771555080              |20220521|225731|011|675|0|30300077|130010006|130752042|1|20220521|223010|8002432|20220521|230509|8001257|1|1250|0|      |20220521|20220521|0603|2022-06-01 07:02:44
308393|0000000725415963              |20220521|205641|019|675|0|30300077|130010006|130752034|1|20220521|205050|8001784|20220521|210426|8002581|1|1250|0|      |20220521|20220521|0603|2022-06-01 07:02:44
308395|0000000724427872              |20220521|213418|005|675|0|30300077|130010006|130752013|1|20220521|210846|8002734|20220521|215220|8001737|1|1250|0|      |20220521|20220521|0603|2022-06-01 07:02:44
308397|0000000921443411              |20220521|115905|022|676|0|30300087|130010015|130759621|1|20220521|115013|8002133|20220521|122545|8002100|1|1250|0|      |20220521|20220521|0603|2022-06-01 07:02:44
308399|0000000771301336              |20220521|125136|003|676|0|30300131|130010008|130752116|1|20220521|101934|8007363|20220521|132836|8002814|1|1250|0|      |20220521|20220521|0603|2022-06-01 07:02:44
308401|0000000642990212              |20220521|110851|019|675|0|30300064|130010015|130759626|1|20220521|104008|8002482|20220521|111719|8002454|1|1250|0|      |20220521|20220521|0603|2022-06-01 07:02:44
308808|0000000703557095              |20220521|204004|027|676|0|30300051|130010008|130752142|1|20220521|194948|8002603|20220521|205659|8001097|1|1250|0|      |20220521|20220521|0603|2022-06-01 07:02:44
308810|0000000629982237              |20220521|211140|011|676|0|30300070|130010004|130752205|1|20220521|205050|8001348|20220521|211614|8002454|1|1250|0|      |20220521|20220521|0603|2022-06-01 07:02:44
308812|0000000742802583              |20220521|211001|022|676|0|30300071|130010009|130759174|1|20220521|202936|8006006|20220521|212820|8001464|1|1250|0|      |20220521|20220521|0603|2022-06-01 07:02:44
308814|0000000708630200              |20220521|211908|003|676|0|30300088|130010002|130752361|1|20220521|202550|8002403|20220521|214141|8005584|1|1250|0|      |20220521|20220521|0603|2022-06-01 07:02:44
308816|0000000645440603              |20220521|213447|023|676|0|30300036|130010011|130759520|1|20220521|141524|8002605|20220521|220236|8002997|1|1250|0|      |20220521|20220521|0603|2022-06-01 07:02:44
308818|0000000775864135              |20220521|131640|012|674|0|30300002|130010007|130759306|1|20220521|130522|8001284|20220521|132924|8002131|1|1250|0|      |20220521|20220521|0603|2022-06-01 07:02:44
308820|0000000753840163              |20220521|142221|008|676|0|30300040|130010013|130759818|1|20220521|140837|8002721|20220521|142624|8001596|1|1250|0|      |20220521|20220521|0603|2022-06-01 07:02:44
308822|0000000719005089              |20220521|145700|013|675|0|30300047|130010001|130759436|1|20220521|144545|8002411|20220521|150507|8005992|1|1250|0|      |20220521|20220521|0603|2022-06-01 07:02:44
308824|0000000903950754              |20220521|143144|003|676|0|30300070|130010004|130752238|1|20220521|135829|8001874|20220521|145656|8001239|1|1250|0|      |20220521|20220521|0603|2022-06-01 07:02:44
308826|0000000663790376              |20220521|150720|003|674|0|30300002|130010007|130759306|1|20220521|144303|8002437|20220521|152024|8001097|1|1250|0|      |20220521|20220521|0603|2022-06-01 07:02:44
308828|0000000676492846              |20220521|151629|018|676|0|30300038|130010014|130753220|1|20220521|143051|8001052|20220521|154240|8002628|1|1250|0|      |20220521|20220521|0603|2022-06-01 07:02:44
308830|0000000725492887              |20220521|170552|009|676|0|30300038|130010014|130753500|1|20220521|161606|8001928|20220521|171242|8002603|1|1250|0|      |20220521|20220521|0603|2022-06-01 07:02:44
308832|0000000629735452              |20220521|104127|003|676|0|30300090|130010005|130759206|1|20220521|104036|8007155|20220521|105331|8002412|1|1250|0|      |20220521|20220521|0603|2022-06-01 07:02:44
316048|0000000694516508              |20220521|123603|002|680|0|30300052|130010006|130752019|1|20220521|121426|8001415|20220521|132350|8005109|1|1250|0|      |20220521|20220521|0603|2022-06-01 07:03:04
316050|0000000797437473              |20220521|135926|003|676|0|30300037|130010006|130752049|1|20220521|120623|8001096|20220521|140835|8002608|1|1250|0|      |20220521|20220521|0603|2022-06-01 07:03:04
316052|0000000400206971              |20220521|083217|019|676|0|30300069|130010001|130759751|1|20220521|082834|8001998|20220521|090755|8001097|1|1250|0|      |20220521|20220521|0603|2022-06-01 07:03:04
316054|0000000400194314              |20220521|101808|003|675|0|30300055|130010014|130753263|1|20220521|095133|8001927|20220521|104743|8002347|1|1250|0|      |20220521|20220521|0603|2022-06-01 07:03:04
316056|0000000695715058              |20220521|103612|025|678|0|30300074|130010014|130753248|1|20220521|095306|8002823|20220521|104423|8002029|1|1250|0|      |20220521|20220521|0603|2022-06-01 07:03:04
316058|0000000690875820              |20220521|104638|013|677|0|30300129|130010009|130759164|1|20220521|104416|8002941|20220521|113150|8007341|1|1250|300|      |20220521|20220521|0603|2022-06-01 07:03:04
316060|0000000784973762              |20220521|163625|016|681|1|30300042|130010009|130759165|1|20220521|162638|8002630|20220521|163915|8001409|1|0|0|      |20220521|20220521|0603|2022-06-01 07:03:04
316062|0000000782623695              |20220521|213503|004|832|0|30300128|130710001|130759920|1|20220521|052743|8007295|20220521|220752|8007055|1|1700|300|      |20220521|20220521|0603|2022-06-01 07:03:04
316064|0000000788838376              |20220521|091408|012|832|0|30300128|130710001|130759926|1|20220521|070535|8007294|20220521|092934|8007290|1|1700|300|      |20220521|20220521|0603|2022-06-01 07:03:04
316066|0000000400148397              |20220521|105635|011|674|1|30300100|130010002|130752367|1|20220521|103052|8001492|20220521|111818|8001413|1|0|0|      |20220521|20220521|0603|2022-06-01 07:03:04
316068|0000000400182478              |20220521|151222|001|676|1|30300130|130010008|130752139|1|20220521|135437|8002824|20220521|151850|8002448|1|0|0|      |20220521|20220521|0603|2022-06-01 07:03:04
316475|0000000785119865              |20220521|115708|003|676|0|30300036|130010011|130759520|1|20220521|054311|8002407|20220521|120046|8001680|1|1250|0|      |20220521|20220521|0603|2022-06-01 07:03:04
316477|0000000698521739              |20220521|102507|002|675|1|30300062|130010008|130752703|1|20220521|094542|8002453|20220521|103324|8001923|1|0|0|      |20220521|20220521|0603|2022-06-01 07:03:04
316479|0000000699770391              |20220521|111037|002|676|0|30300051|130010008|130752147|1|20220521|105256|8001876|20220521|111544|8001415|1|1250|0|      |20220521|20220521|0603|2022-06-01 07:03:04
316481|0000000693628235              |20220521|101538|001|676|0|30300088|130010002|130752338|1|20220521|082806|8002134|20220521|110902|8002410|1|1250|0|      |20220521|20220521|0603|2022-06-01 07:03:04
316483|0000000780902149              |20220521|142453|008|683|0|30300016|130010004|130752275|1|20220521|115404|8005170|20220521|145524|8001827|1|1200|800|      |20220521|20220521|0603|2022-06-01 07:03:04
316485|0000000699107778              |20220521|145536|002|674|0|30300100|130010002|130752348|1|20220521|144453|8001081|20220521|153007|8001413|1|1250|0|      |20220521|20220521|0603|2022-06-01 07:03:04
316487|0000000488497784              |20220521|150756|012|832|0|30300128|130710001|130759920|1|20220521|052743|9007055|20220521|154041|8007298|1|1700|300|      |20220521|20220521|0603|2022-06-01 07:03:04
316489|0000001110184125              |20220521|155225|005|675|0|30300064|130010015|130759625|1|20220521|060334|8001527|20220521|161438|8002644|1|1250|0|      |20220521|20220521|0603|2022-06-01 07:03:04
316491|0000000790889929              |20220521|185136|005|674|0|30300100|130010002|130752509|1|20220521|184832|8002351|20220521|192322|8002629|1|1250|0|      |20220521|20220521|0603|2022-06-01 07:03:04
316493|0000001110099831              |20220521|192629|010|676|0|30300087|130010008|130752159|4|20220521|182844|8002969|20220521|194344|8001238|1|750|0|      |20220521|20220521|0603|2022-06-01 07:03:04
316495|0000000788469493              |20220521|163537|002|676|0|30300089|130010011|130759512|1|20220521|145752|8001650|20220521|172045|8007268|1|1250|0|      |20220521|20220521|0603|2022-06-01 07:03:04
316497|0000000785603184              |20220521|224206|001|832|0|30300128|130710001|130759921|1|20220521|055422|9007055|20220521|231821|8007294|1|1700|300|      |20220521|20220521|0603|2022-06-01 07:03:04
316499|0000000400189869              |20220521|122146|015|679|0|30300063|130010001|130759748|1|20220521|110523|8001602|20220521|122816|8005911|1|1250|100|      |20220521|20220521|0603|2022-06-01 07:03:04
316906|0000000792908782              |20220521|142102|011|676|0|30300054|130010007|130759362|1|20220521|135614|8002160|20220521|142505|8002453|1|1250|0|      |20220521|20220521|0603|2022-06-01 07:03:04
316908|0000000400188498              |20220521|083218|007|674|1|30300002|130010007|130759318|1|20220521|075802|8001097|20220521|083959|8002611|1|0|0|      |20220521|20220521|0603|2022-06-01 07:03:04
316910|0000000479867258              |20220521|105030|002|676|1|30300037|130010006|130752044|1|20220521|054036|8005881|20220521|105816|8001036|1|0|0|      |20220521|20220521|0603|2022-06-01 07:03:04
316912|0000000788612067              |20220521|090916|011|675|0|30300060|130010014|130753507|1|20220521|071500|8001486|20220521|093330|8002453|1|1250|0|      |20220521|20220521|0603|2022-06-01 07:03:04
316914|0000000400121894              |20220521|054741|018|678|0|30300074|130010014|130753614|1|20220521|053650|8001876|20220521|062025|8005031|2|2500|900|      |20220521|20220521|0603|2022-06-01 07:03:04
316916|0000000788425190              |20220521|111612|017|675|1|30300101|130010002|130752396|1|20220521|095807|8002452|20220521|112216|8001646|1|0|0|      |20220521|20220521|0603|2022-06-01 07:03:04
316918|0000000789104047              |20220521|160011|011|676|2|30300041|130010012|130753320|1|20220521|142354|8002984|20220521|160215|8007325|1|0|0|      |20220521|20220521|0603|2022-06-01 07:03:04
316920|0000000487601186              |20220521|164122|021|681|0|30300042|130010009|130759151|1|20220521|160357|8001056|20220521|165224|8002403|1|1250|0|      |20220521|20220521|0603|2022-06-01 07:03:04
316922|0000000186020096              |20220521|192000|003|675|1|30300055|130010014|130753269|1|20220521|183745|8002733|20220521|192553|8002627|1|0|0|      |20220521|20220521|0603|2022-06-01 07:03:04
316924|0000000694512881              |20220521|201932|007|675|0|30300064|130010015|130759638|1|20220521|200425|8002350|20220521|203415|8002357|1|1250|0|      |20220521|20220521|0603|2022-06-01 07:03:04
316926|0000000687791441              |20220521|174357|001|676|0|30300041|130010012|130753332|1|20220521|133628|8001500|20220521|183057|8001569|1|1250|0|      |20220521|20220521|0603|2022-06-01 07:03:04
316928|0000000481391047              |20220521|204239|004|675|0|30300055|130010014|130753211|1|20220521|155933|8001529|20220521|205615|8001929|1|1250|0|      |20220521|20220521|0603|2022-06-01 07:03:04
316930|0000000798010836              |20220521|221446|004|676|0|30300037|130010006|130752045|1|20220521|203150|8001096|20220521|222713|8001574|1|1250|0|      |20220521|20220521|0603|2022-06-01 07:03:04
315693|0000000699488761              |20220521|083047|018|677|0|30300120|130010011|130759579|1|20220521|051615|8001446|20220521|083950|8001967|1|1250|0|      |20220521|20220521|0603|2022-06-01 07:03:04
315695|0000000683270222              |20220521|080604|010|675|0|30300058|130010004|130752263|1|20220521|080555|8001553|20220521|082645|8007274|1|1250|0|      |20220521|20220521|0603|2022-06-01 07:03:04
315697|0000000697033602              |20220521|080008|020|676|0|30300131|130010008|130752724|1|20220521|073403|8070011|20220521|081217|8002160|1|1250|0|      |20220521|20220521|0603|2022-06-01 07:03:04
315699|0000000695210984              |20220521|113448|029|675|0|30300059|130010004|130752246|1|20220521|111913|8002601|20220521|113725|8001538|1|1250|0|      |20220521|20220521|0603|2022-06-01 07:03:04
315701|0000000790484472              |20220521|142347|012|675|0|30300064|130010015|130759642|1|20220521|053726|8002437|20220521|143604|8001046|1|1250|0|      |20220521|20220521|0603|2022-06-01 07:03:04
315703|0000000682357210              |20220521|200823|016|681|0|30300042|130010009|130759181|1|20220521|195329|8001624|20220521|201712|8001380|1|1250|0|      |20220521|20220521|0603|2022-06-01 07:03:04
315705|0000000787064147              |20220521|194253|002|675|0|30300047|130010001|130759436|1|20220521|191004|8070012|20220521|200603|8002997|1|1250|0|      |20220521|20220521|0603|2022-06-01 07:03:04
315707|0000000400163117              |20220521|201501|021|676|0|30300072|130010001|130759711|1|20220521|195003|8001229|20220521|203326|8002075|1|1250|0|      |20220521|20220521|0603|2022-06-01 07:03:04
315709|0000000400184396              |20220521|170305|013|674|0|30300002|130010007|130759308|1|20220521|160523|8001096|20220521|171659|8005994|1|1250|0|      |20220521|20220521|0603|2022-06-01 07:03:04
315711|0000000692270330              |20220521|165806|026|674|0|30300100|130010002|130752358|1|20220521|155526|8002330|20220521|172804|8001028|1|1250|0|      |20220521|20220521|0603|2022-06-01 07:03:04
315713|0000000400175056              |20220521|173502|021|675|0|30300060|130010014|130753507|1|20220521|170226|8001716|20220521|174812|8001239|1|1250|0|      |20220521|20220521|0603|2022-06-01 07:03:04
315715|0000000783232788              |20220521|214148|020|676|0|30300036|130010012|130753302|1|20220521|204035|8002997|20220521|214918|8002375|1|1250|0|      |20220521|20220521|0603|2022-06-01 07:03:04
315717|0000000689802008              |20220521|114445|002|675|0|30300055|130010014|130753212|1|20220521|071718|8001500|20220521|120950|8001412|1|1250|0|      |20220521|20220521|0603|2022-06-01 07:03:04
316124|0000000487972427              |20220521|160912|017|676|0|30300088|130010002|130752553|1|20220521|160524|8005859|20220521|163901|8001169|1|1250|0|      |20220521|20220521|0603|2022-06-01 07:03:04
316126|0000001118227189              |20220521|192904|001|832|0|30300128|130710001|130759925|1|20220521|142528|9007055|20220521|195122|8007080|1|1700|300|      |20220521|20220521|0603|2022-06-01 07:03:04
316128|0000000793819003              |20220521|202605|005|675|0|30300067|130010001|130759424|1|20220521|201702|8001922|20220521|204643|8002908|1|1250|0|      |20220521|20220521|0603|2022-06-01 07:03:04
316130|0000000681644686              |20220521|165621|005|832|0|30300128|130710001|130759914|1|20220521|055729|8007295|20220521|172719|8007055|1|1700|300|      |20220521|20220521|0603|2022-06-01 07:03:04
316132|0000000688956837              |20220521|221717|007|674|0|30300100|130010002|130752503|1|20220521|220709|8007042|20220521|223349|8001028|1|1250|0|      |20220521|20220521|0603|2022-06-01 07:03:04
316134|0000000699900939              |20220521|123834|002|683|0|30300016|130010004|130752296|1|20220521|111301|8005067|20220521|132155|8001852|1|1200|950|      |20220521|20220521|0603|2022-06-01 07:03:04
316136|0000000688967687              |20220521|143241|025|673|0|30300001|130510004|130751103|1|20220521|055536|8002532|20220521|144105|8002805|1|1100|0|      |20220521|20220521|0603|2022-06-01 07:03:04
316138|0000000400184636              |20220521|071600|026|680|1|30300009|130010002|130752349|1|20220521|071113|8001493|20220521|073500|8003036|1|0|0|      |20220521|20220521|0603|2022-06-01 07:03:04
316140|0000000793048324              |20220521|104448|004|676|0|30300037|130010006|130752040|1|20220521|095148|8002906|20220521|105052|8001097|1|1250|0|      |20220521|20220521|0603|2022-06-01 07:03:04
316142|0000000784672932              |20220521|103102|003|676|1|30300054|130010007|130759387|1|20220521|090533|8001312|20220521|103349|8002203|1|150|0|      |20220521|20220521|0603|2022-06-01 07:03:04
316144|0000000694455594              |20220521|081937|015|674|0|30300100|130010002|130752362|1|20220521|080616|8001081|20220521|084812|8001413|1|1250|0|      |20220521|20220521|0603|2022-06-01 07:03:04
316146|0000000785548153              |20220521|134750|011|832|0|30300128|130710001|130759920|1|20220521|052743|8007412|20220521|143653|3056003|1|1700|300|      |20220521|20220521|0603|2022-06-01 07:03:04
316148|0000000400211265              |20220521|152922|009|677|0|30300035|130010009|130759119|1|20220521|150239|8005056|20220521|154027|8002048|1|1250|0|      |20220521|20220521|0603|2022-06-01 07:03:04
316555|0000000694973924              |20220521|140358|008|676|0|30300037|130010006|130752049|1|20220521|120623|8002312|20220521|142237|8002558|1|1250|0|      |20220521|20220521|0603|2022-06-01 07:03:04
316557|0000000487262195              |20220521|093439|001|676|0|30300054|130010007|130759358|1|20220521|091210|8002831|20220521|093734|8001645|1|1250|0|      |20220521|20220521|0603|2022-06-01 07:03:04
316559|0000000400130145              |20220521|114614|019|681|0|30300042|130010009|130759121|1|20220521|105815|8002410|20220521|121058|8005104|1|1250|250|      |20220521|20220521|0603|2022-06-01 07:03:04
316561|0000000780902149              |20220521|151642|008|676|1|30300054|130010007|130759384|1|20220521|150729|8001857|20220521|155558|8001923|1|0|0|      |20220521|20220521|0603|2022-06-01 07:03:04
316563|0000000789908278              |20220521|163312|018|675|0|30300064|130010015|130759686|1|20220521|155658|8001412|20220521|165430|8002653|1|1250|0|      |20220521|20220521|0603|2022-06-01 07:03:04
316565|0000000488635086              |20220521|190642|008|676|1|30300054|130010007|130759340|1|20220521|185902|8002916|20220521|190931|8002977|1|0|0|      |20220521|20220521|0603|2022-06-01 07:03:04
316567|0000000400175562              |20220521|200209|024|675|0|30300056|130010012|130753307|1|20220521|131623|8002403|20220521|201326|8007556|1|1250|0|      |20220521|20220521|0603|2022-06-01 07:03:04
316569|0000000789772638              |20220521|170436|008|676|0|30300089|130010011|130759513|1|20220521|154854|8001922|20220521|172051|8002702|1|1250|0|      |20220521|20220521|0603|2022-06-01 07:03:04
316571|0000000699087366              |20220521|161529|031|832|0|30300128|130710001|130759922|1|20220521|061032|8007294|20220521|165315|8001420|1|1700|300|      |20220521|20220521|0603|2022-06-01 07:03:04
316573|0000000789742189              |20220521|124222|027|676|0|30300039|130010005|130759267|4|20220521|105454|8002495|20220521|125129|8002694|1|750|0|      |20220521|20220521|0603|2022-06-01 07:03:04
316575|0000000691500778              |20220521|123826|022|680|0|30300052|130010006|130752003|1|20220521|114612|8001158|20220521|130201|8005973|1|1250|200|      |20220521|20220521|0603|2022-06-01 07:03:04
314920|0000000900297075              |20220521|130327|030|676|0|30300086|130010013|130759806|1|20220521|120737|8001096|20220521|132220|8002888|1|1250|0|      |20220521|20220521|0603|2022-06-01 07:03:04
314922|0000000900456867              |20220521|134610|015|674|0|30300002|130010007|130759337|1|20220521|132555|8001418|20220521|142324|8002134|1|1250|0|      |20220521|20220521|0603|2022-06-01 07:03:04
314924|0000000740621279              |20220521|105404|025|674|0|30300002|130010007|130759319|1|20220521|103133|8002133|20220521|112653|8001096|1|1250|0|      |20220521|20220521|0603|2022-06-01 07:03:04
314926|0000000900827273              |20220521|112626|001|675|0|30300064|130010015|130759686|1|20220521|060003|8001412|20220521|114310|8007514|1|1250|0|      |20220521|20220521|0603|2022-06-01 07:03:04
314928|0000000742585949              |20220521|113401|012|674|0|30300002|130010007|130759323|1|20220521|110900|8002133|20220521|120114|8002880|1|1250|0|      |20220521|20220521|0603|2022-06-01 07:03:04
314930|0000000742465414              |20220521|144901|009|675|0|30300080|130010009|130759130|1|20220521|142705|8003022|20220521|145059|8001097|1|1250|0|      |20220521|20220521|0603|2022-06-01 07:03:04
314932|0000000777516206              |20220521|141431|005|674|0|30300002|130010007|130759315|1|20220521|134830|8002133|20220521|145354|8001419|1|1250|0|      |20220521|20220521|0603|2022-06-01 07:03:04
314934|0000000644794020              |20220521|145634|030|676|0|30300041|130010012|130753304|1|20220521|134607|8001096|20220521|154511|8002721|1|1250|0|      |20220521|20220521|0603|2022-06-01 07:03:04
315341|0000000797547840              |20220521|162828|004|677|0|30300129|130010009|130759109|1|20220521|145937|8007398|20220521|164152|8001677|1|1250|300|      |20220521|20220521|0603|2022-06-01 07:03:04
315343|0000000790418317              |20220521|191601|003|675|0|30300058|130010004|130752266|1|20220521|183555|8001875|20220521|192904|8001669|1|1250|0|      |20220521|20220521|0603|2022-06-01 07:03:04
315345|0000000400098275              |20220521|170944|025|676|0|30300040|130010013|130759830|1|20220521|143320|8002412|20220521|171422|8001192|1|1250|0|      |20220521|20220521|0603|2022-06-01 07:03:04
315347|0000000785321698              |20220521|180828|024|676|0|30300088|130010002|130752315|1|20220521|165611|8002867|20220521|182554|8070008|1|1250|0|      |20220521|20220521|0603|2022-06-01 07:03:04
315349|0000000694204396              |20220521|200048|003|679|0|30300063|130010001|130759719|1|20220521|194041|8001876|20220521|205548|8005250|1|1250|50|      |20220521|20220521|0603|2022-06-01 07:03:04
315351|0000000788653491              |20220521|114611|030|832|0|30300128|130710001|130759926|1|20220521|070535|3054003|20220521|121017|8007055|1|1700|300|      |20220521|20220521|0603|2022-06-01 07:03:04
315353|0000000186746633              |20220521|121128|028|676|0|30300089|130010011|130759518|1|20220521|113947|8001631|20220521|130114|8002468|1|1250|0|      |20220521|20220521|0603|2022-06-01 07:03:04
315355|0000000788750047              |20220521|140807|001|675|1|30300108|130010007|130759339|1|20220521|135733|8070046|20220521|141914|8001273|1|0|0|      |20220521|20220521|0603|2022-06-01 07:03:04
315357|0000000789209842              |20220521|060637|018|676|1|30300051|130010008|130752125|1|20220521|055029|8001876|20220521|062147|8001715|1|0|0|      |20220521|20220521|0603|2022-06-01 07:03:04
315359|0000000488200629              |20220521|072841|024|676|0|30300041|130010012|130753304|1|20220521|055509|8001400|20220521|073109|8001036|1|1250|0|      |20220521|20220521|0603|2022-06-01 07:03:04
315361|0000000488633077              |20220521|061358|008|676|0|30300041|130010012|130753313|1|20220521|054230|8002703|20220521|061653|8002969|1|1250|0|      |20220521|20220521|0603|2022-06-01 07:03:04
315363|0000000796928538              |20220521|150218|019|676|0|30300041|130010012|130753334|1|20220521|140912|8005921|20220521|150846|8002411|1|1250|0|      |20220521|20220521|0603|2022-06-01 07:03:04
315365|0000000400191369              |20220521|191430|007|675|0|30300055|130010014|130753268|1|20220521|181258|8002888|20220521|194548|8007031|1|1250|0|      |20220521|20220521|0603|2022-06-01 07:03:04
315772|0000000695243616              |20220521|141131|013|673|0|30300003|130510004|130751015|1|20220521|062836|8005653|20220521|143407|8001590|1|1100|0|      |20220521|20220521|0603|2022-06-01 07:03:04
315774|0000000699661778              |20220521|154957|009|675|0|30300053|130010002|130752378|1|20220521|151922|8002547|20220521|161505|8002279|1|1250|0|      |20220521|20220521|0603|2022-06-01 07:03:04
315776|0000000699661778              |20220521|162001|009|676|1|30300036|130010012|130753372|1|20220521|053111|8002279|20220521|162719|8001062|1|0|0|      |20220521|20220521|0603|2022-06-01 07:03:04
315778|0000001118274225              |20220521|165945|006|674|1|30300002|130010007|130759320|1|20220521|155141|8002132|20220521|171735|8001782|1|0|0|      |20220521|20220521|0603|2022-06-01 07:03:04
315780|0000000485556146              |20220521|223805|017|676|0|30300088|130010006|130752006|1|20220521|205446|8002412|20220521|224757|8002109|1|1250|0|      |20220521|20220521|0603|2022-06-01 07:03:04
315782|0000000796759070              |20220521|211631|030|676|0|30300043|130010015|130759619|1|20220521|171513|8001250|20220521|211907|8002648|1|1250|0|      |20220521|20220521|0603|2022-06-01 07:03:04
315784|0000000789882726              |20220521|213424|009|832|0|30300128|130710001|130759922|1|20220521|061032|8007271|20220521|220532|8007293|1|1700|300|      |20220521|20220521|0603|2022-06-01 07:03:04
315786|0000000792782984              |20220521|121131|001|832|0|30300128|130710001|130759921|1|20220521|055422|8007300|20220521|121757|8007294|1|1700|0|      |20220521|20220521|0603|2022-06-01 07:03:04
315788|0000000793819241              |20220521|133111|006|676|0|30300089|130010011|130759504|1|20220521|122205|8001556|20220521|134156|8002071|1|1250|0|      |20220521|20220521|0603|2022-06-01 07:03:04
315790|0000000694902282              |20220521|135313|004|674|0|30300002|130010007|130759338|1|20220521|125058|8001419|20220521|140408|8002252|1|1250|0|      |20220521|20220521|0603|2022-06-01 07:03:04
315792|0000000789594601              |20220521|085006|019|675|1|30300064|130010015|130759624|1|20220521|083444|8001414|20220521|090529|8001094|1|0|0|      |20220521|20220521|0603|2022-06-01 07:03:04
315794|0000000697816639              |20220521|065713|005|673|0|30300004|130510004|130751100|1|20220521|062621|8005828|20220521|070106|8001590|1|1100|0|      |20220521|20220521|0603|2022-06-01 07:03:04
315796|0000000698639502              |20220521|093136|022|675|0|30300145|130010014|130753529|1|20220521|092125|8001764|20220521|100535|8002997|1|1250|0|      |20220521|20220521|0603|2022-06-01 07:03:04
315798|0000000476590838              |20220521|114059|010|676|0|30300087|130010008|130752150|1|20220521|111039|8001239|20220521|115126|8001074|1|1250|0|      |20220521|20220521|0603|2022-06-01 07:03:04
316205|0000000486734318              |20220521|112526|020|676|2|30300087|130010008|130752155|1|20220521|095834|8002119|20220521|113030|8002551|1|0|0|      |20220521|20220521|0603|2022-06-01 07:03:04
316207|0000000694989945              |20220521|110508|003|832|0|30300128|130710001|130759916|1|20220521|052716|3062004|20220521|115250|8001420|1|1700|300|      |20220521|20220521|0603|2022-06-01 07:03:04
313269|0000000687087875              |20220521|133824|031|676|0|30300036|130010012|130753301|1|20220521|130942|8002230|20220521|135307|8001056|1|1250|0|      |20220521|20220521|0603|2022-06-01 07:03:04
313271|0000000788505999              |20220521|134815|005|678|0|30300074|130010014|130753222|1|20220521|133231|8002993|20220521|141720|8002634|1|1250|0|      |20220521|20220521|0603|2022-06-01 07:03:04
313273|0000000797611395              |20220521|084159|014|676|0|30300036|130010012|130753311|1|20220521|083051|8002662|20220521|090137|8002960|1|1250|0|      |20220521|20220521|0603|2022-06-01 07:03:04
313275|0000001110487167              |20220521|093841|009|677|0|30300129|130010009|130759115|4|20220521|060317|8007209|20220521|094005|8007166|1|750|0|      |20220521|20220521|0603|2022-06-01 07:03:04
313277|0000000783321803              |20220521|110109|009|675|0|30300096|130010006|130752057|1|20220521|103807|8002202|20220521|111527|8001332|2|2500|0|      |20220521|20220521|0603|2022-06-01 07:03:04
313279|0000000687087875              |20220521|142555|031|675|1|30300094|130010012|130753329|1|20220521|135119|8001570|20220521|143208|8002851|1|0|0|      |20220521|20220521|0603|2022-06-01 07:03:04
313281|0000000697898402              |20220521|163355|016|676|0|30300039|130010005|130759269|1|20220521|160843|8001569|20220521|163851|8001713|1|1250|0|      |20220521|20220521|0603|2022-06-01 07:03:04
313283|0000000699644741              |20220521|173506|004|675|0|30300127|130010004|130752602|1|20220521|171303|8007405|20220521|175450|8001579|1|1250|0|      |20220521|20220521|0603|2022-06-01 07:03:04
313285|0000000782724098              |20220521|175403|025|680|0|30300011|130010002|130752501|1|20220521|164836|8001027|20220521|175430|8001012|1|1250|0|      |20220521|20220521|0603|2022-06-01 07:03:04
313287|0000000697868079              |20220521|204111|006|682|0|30300030|130010014|130753612|1|20220521|201740|8002828|20220521|205229|8002232|1|1250|0|      |20220521|20220521|0603|2022-06-01 07:03:04
313694|0000000651120902              |20220521|101928|006|675|0|30300081|130010011|130759571|1|20220521|082728|8002235|20220521|104159|8001554|1|1250|0|      |20220521|20220521|0603|2022-06-01 07:03:04
313696|0000000770789153              |20220521|150113|012|675|0|30300081|130010011|130759582|1|20220521|142117|8002969|20220521|150920|8002452|1|1250|0|      |20220521|20220521|0603|2022-06-01 07:03:04
313698|0000000903756984              |20220521|151604|026|675|0|30300067|130010001|130759707|1|20220521|125738|8002650|20220521|153030|8001414|1|1250|0|      |20220521|20220521|0603|2022-06-01 07:03:04
313700|0000000742403127              |20220521|153021|009|676|0|30300037|130010006|130759021|1|20220521|103247|8006001|20220521|155927|8001097|1|1250|0|      |20220521|20220521|0603|2022-06-01 07:03:04
313702|0000000903746800              |20220521|055007|024|679|0|30300063|130010001|130759487|1|20220521|053329|8003016|20220521|055416|8001412|1|1250|0|      |20220521|20220521|0603|2022-06-01 07:03:04
313704|0000000909658121              |20220521|084956|004|676|0|30300040|130010007|130759367|1|20220521|074737|8001091|20220521|090328|8002412|1|1250|0|      |20220521|20220521|0603|2022-06-01 07:03:04
313706|0000000900430632              |20220521|102359|002|674|0|30300002|130010007|130759334|1|20220521|101626|8002254|20220521|103611|8002437|1|1250|0|      |20220521|20220521|0603|2022-06-01 07:03:04
313708|0000000903584343              |20220521|084542|009|676|0|30300040|130010013|130759871|1|20220521|082528|8001425|20220521|085634|8001074|1|1250|0|      |20220521|20220521|0603|2022-06-01 07:03:04
313710|0000000642775143              |20220521|063613|003|675|0|30300047|130010001|130759702|1|20220521|061439|8002545|20220521|070052|8002997|1|1250|0|      |20220521|20220521|0603|2022-06-01 07:03:04
313712|0000000918023288              |20220521|055058|003|675|0|30300075|130010005|130759222|1|20220521|053500|8002296|20220521|055652|8001348|1|1250|0|      |20220521|20220521|0603|2022-06-01 07:03:04
313714|0000000761234619              |20220521|080014|017|675|0|30300077|130010006|130752042|1|20220521|070612|8001040|20220521|081032|8001876|1|1250|0|      |20220521|20220521|0603|2022-06-01 07:03:04
313716|0000000760994355              |20220521|184917|026|675|0|30300145|130010014|130753528|1|20220521|172550|8001194|20220521|190954|8002939|1|1250|0|      |20220521|20220521|0603|2022-06-01 07:03:04
313718|0000000752458417              |20220521|191929|015|676|0|30300089|130010011|130759574|1|20220521|185152|8002929|20220521|194720|8002531|1|1250|0|      |20220521|20220521|0603|2022-06-01 07:03:04
314125|0000000662557045              |20220521|083722|006|676|0|30300051|130010008|130752102|1|20220521|083054|8001534|20220521|091004|8002119|1|1250|0|      |20220521|20220521|0603|2022-06-01 07:03:04
314127|0000000700632846              |20220521|202359|026|674|0|30300104|130010002|130752355|1|20220521|200410|8001013|20220521|203239|8001643|1|1250|0|      |20220521|20220521|0603|2022-06-01 07:03:04
314129|0000000903999396              |20220521|164429|019|675|0|30300062|130010008|130752721|1|20220521|161517|8002278|20220521|165303|8001939|1|1250|0|      |20220521|20220521|0603|2022-06-01 07:03:04
314131|0000000638631926              |20220521|172552|016|676|0|30300088|130010002|130752317|1|20220521|163700|8002109|20220521|174635|8001555|1|1250|0|      |20220521|20220521|0603|2022-06-01 07:03:04
314133|0000000911333456              |20220521|180721|024|675|0|30300146|130010008|130752167|1|20220521|175251|8002108|20220521|182744|8002184|1|1250|0|      |20220521|20220521|0603|2022-06-01 07:03:04
314135|0000000673117530              |20220521|231437|024|676|0|30300088|130010006|130752016|1|20220521|222306|8001586|20220521|232144|8002091|1|1250|0|      |20220521|20220521|0603|2022-06-01 07:03:04
314137|0000000630367299              |20220521|214143|013|676|0|30300043|130010015|130759609|1|20220521|210426|8002697|20220521|220408|8001575|1|1250|0|      |20220521|20220521|0603|2022-06-01 07:03:04
314139|0000000764695010              |20220521|222800|002|676|0|30300038|130010014|130753525|1|20220521|213851|8002628|20220521|223337|8002155|1|1250|0|      |20220521|20220521|0603|2022-06-01 07:03:04
314141|0000000776023245              |20220521|130759|011|675|0|30300064|130010015|130759625|1|20220521|060334|8001048|20220521|132003|8001412|1|1250|0|      |20220521|20220521|0603|2022-06-01 07:03:04
314143|0000000761734769              |20220521|134713|021|675|0|30300045|130010006|130752055|1|20220521|133244|8002141|20220521|135049|8001162|1|1250|0|      |20220521|20220521|0603|2022-06-01 07:03:04
314145|0000000735479172              |20220521|112556|026|676|0|30300130|130010008|130752140|1|20220521|110143|8002486|20220521|113139|8002358|1|1250|0|      |20220521|20220521|0603|2022-06-01 07:03:04
314147|0000000751930412              |20220521|141725|031|675|0|30300064|130010015|130759683|1|20220521|135429|8002832|20220521|143900|8001874|1|1250|0|      |20220521|20220521|0603|2022-06-01 07:03:04
314149|0000000741391820              |20220521|150632|029|674|0|30300100|130010002|130752503|1|20220521|143052|8001934|20220521|151730|8002603|1|1250|0|      |20220521|20220521|0603|2022-06-01 07:03:04
314151|0000000917900715              |20220521|162049|004|675|0|30300046|130010002|130752312|1|20220521|155332|8002376|20220521|163441|8002961|1|1250|0|      |20220521|20220521|0603|2022-06-01 07:03:04
318274|0000000637318055              |20220521|113253|022|832|0|30300128|130710001|130759919|1|20220521|053033|3062004|20220521|122651|8001420|1|1700|300|      |20220521|20220521|0603|2022-06-01 07:03:04
318276|0000000766524248              |20220521|133028|027|832|1|30300128|130710001|130759919|1|20220521|053033|8007412|20220521|140033|8007291|1|450|300|      |20220521|20220521|0603|2022-06-01 07:03:04
318278|0000000733833504              |20220521|133011|003|832|1|30300128|130710001|130759919|1|20220521|053033|8007412|20220521|140526|8007293|1|450|300|      |20220521|20220521|0603|2022-06-01 07:03:04
318280|0000000918412836              |20220521|133017|002|832|0|30300128|130710001|130759919|1|20220521|053033|8007412|20220521|140509|8007293|1|1700|300|      |20220521|20220521|0603|2022-06-01 07:03:04
318282|0000000742520456              |20220521|133653|006|832|1|30300128|130710001|130759919|1|20220521|053033|8007275|20220521|140253|8007291|1|450|300|      |20220521|20220521|0603|2022-06-01 07:03:04
318284|0000000751237150              |20220521|132951|012|832|0|30300128|130710001|130759919|1|20220521|053033|8007412|20220521|141537|3054003|1|1700|300|      |20220521|20220521|0603|2022-06-01 07:03:04
318286|0000000774529776              |20220521|133641|002|832|1|30300128|130710001|130759919|1|20220521|053033|8007275|20220521|141731|3062006|1|450|300|      |20220521|20220521|0603|2022-06-01 07:03:04
318288|0000000774228109              |20220521|133947|014|832|1|30300128|130710001|130759919|1|20220521|053033|8007279|20220521|141220|8007052|1|450|300|      |20220521|20220521|0603|2022-06-01 07:03:04
312127|0000000663101926              |20220521|124640|009|676|0|30300040|130010013|130759834|1|20220521|103832|8001109|20220521|130038|8001062|1|1250|0|      |20220521|20220521|0603|2022-06-01 07:03:04
312129|0000000742440748              |20220521|131957|027|676|0|30300131|130010008|130752707|1|20220521|130048|8001289|20220521|133049|8070012|1|1250|0|      |20220521|20220521|0603|2022-06-01 07:03:04
312131|0000000738220067              |20220521|141212|030|676|0|30300043|130010015|130759608|1|20220521|134856|8001790|20220521|141855|8002887|1|1250|0|      |20220521|20220521|0603|2022-06-01 07:03:04
312133|0000000905155438              |20220521|114155|010|676|0|30300130|130010008|130752146|1|20220521|112914|8001717|20220521|114852|8001934|1|1250|0|      |20220521|20220521|0603|2022-06-01 07:03:04
312135|0000000762867588              |20220521|113739|001|676|0|30300130|130010008|130752140|1|20220521|110143|8002330|20220521|114919|8001935|1|1250|0|      |20220521|20220521|0603|2022-06-01 07:03:04
312137|0000000703668750              |20220521|151058|018|675|0|30300078|130010008|130752170|1|20220521|143427|8001871|20220521|152205|8002235|1|1250|0|      |20220521|20220521|0603|2022-06-01 07:03:04
312139|0000000725982511              |20220521|160510|014|675|0|30300045|130010006|130752047|1|20220521|152903|8006001|20220521|163029|8001494|1|1250|0|      |20220521|20220521|0603|2022-06-01 07:03:04
312141|0000000903098440              |20220521|082043|029|676|0|30300040|130010013|130759830|1|20220521|075402|8002425|20220521|084859|8001097|1|1250|0|      |20220521|20220521|0603|2022-06-01 07:03:04
312143|0000000726183494              |20220521|094703|006|676|0|30300071|130010009|130759107|1|20220521|090050|8002744|20220521|102233|8002814|1|1250|0|      |20220521|20220521|0603|2022-06-01 07:03:04
312145|0000000777273964              |20220521|060531|022|675|0|30300061|130010015|130759612|1|20220521|054649|8002622|20220521|061511|8002228|1|1250|0|      |20220521|20220521|0603|2022-06-01 07:03:04
312147|0000000471009218              |20220521|064411|015|676|0|30300071|130010009|130759107|1|20220521|053559|8001949|20220521|065245|8002556|1|1250|0|      |20220521|20220521|0603|2022-06-01 07:03:04
312149|0000000742121626              |20220521|074207|028|676|0|30300131|130010008|130752708|1|20220521|071657|8070011|20220521|075501|8001089|1|1250|0|      |20220521|20220521|0603|2022-06-01 07:03:04
312151|0000000900607560              |20220521|080220|021|676|0|30300043|130010015|130759616|1|20220521|075207|8001253|20220521|082842|8002602|1|1250|0|      |20220521|20220521|0603|2022-06-01 07:03:04
312153|0000000779981011              |20220521|075619|005|675|0|30300146|130010008|130752174|1|20220521|074808|8007496|20220521|081547|8002184|1|1250|0|      |20220521|20220521|0603|2022-06-01 07:03:04
312533|0000000790990808              |20220521|111606|001|675|0|30300066|130010015|130759606|1|20220521|110111|8002980|20220521|114618|8005646|1|1250|0|      |20220521|20220521|0603|2022-06-01 07:03:04
312535|0000000481052970              |20220521|143246|006|675|0|30300058|130010004|130752222|1|20220521|123614|8002630|20220521|144429|8001935|1|1250|0|      |20220521|20220521|0603|2022-06-01 07:03:04
312537|0000000400193516              |20220521|152138|002|675|0|30300049|130010004|130752232|1|20220521|105916|8001902|20220521|154843|8001934|1|1250|0|      |20220521|20220521|0603|2022-06-01 07:03:04
312539|0000000400134396              |20220521|163558|018|677|0|30300129|130010009|130759143|1|20220521|125636|8007162|20220521|163907|8005906|1|1250|0|      |20220521|20220521|0603|2022-06-01 07:03:04
312541|0000000793619111              |20220521|185921|006|676|0|30300089|130010011|130759522|1|20220521|131850|8002206|20220521|190417|8002374|1|1250|0|      |20220521|20220521|0603|2022-06-01 07:03:04
312543|0000000793636283              |20220521|162910|015|676|0|30300054|130010007|130759379|1|20220521|161759|8002916|20220521|165143|8002453|1|1250|0|      |20220521|20220521|0603|2022-06-01 07:03:04
312545|0000000792527852              |20220521|180341|003|675|0|30300149|130810001|130753618|1|20220521|172905|8007549|20220521|180940|8007526|1|1250|0|      |20220521|20220521|0603|2022-06-01 07:03:04
312547|0000000780731320              |20220521|120935|002|675|1|30300048|130010006|130752067|1|20220521|112402|8001590|20220521|122357|8002453|1|0|0|      |20220521|20220521|0603|2022-06-01 07:03:04
312549|0000000792702952              |20220521|125945|011|675|0|30300060|130010014|130753504|1|20220521|123144|8002793|20220521|132030|8002453|1|1250|0|      |20220521|20220521|0603|2022-06-01 07:03:04
312551|0000000693423950              |20220521|075414|012|676|0|30300041|130010012|130753312|1|20220521|045102|8002970|20220521|075822|8001097|1|1250|0|      |20220521|20220521|0603|2022-06-01 07:03:04
312553|0000000787613796              |20220521|075607|016|676|0|30300131|130010008|130752724|1|20220521|073403|8001079|20220521|081705|8002453|1|1250|0|      |20220521|20220521|0603|2022-06-01 07:03:04
312555|0000000482278690              |20220521|093646|004|676|0|30300131|130010008|130752716|1|20220521|090540|8007367|20220521|095350|8002453|1|1250|0|      |20220521|20220521|0603|2022-06-01 07:03:04
312557|0000000476603924              |20220521|095138|002|676|0|30300131|130010008|130752708|1|20220521|094326|8007363|20220521|102742|8002453|1|1250|0|      |20220521|20220521|0603|2022-06-01 07:03:04
312937|0000000694507793              |20220521|223038|001|676|0|30300089|130010011|130759576|1|20220521|122249|8002204|20220521|223551|8001658|1|1250|0|      |20220521|20220521|0603|2022-06-01 07:03:04
312939|0000000788989562              |20220521|214035|021|675|0|30300058|130010004|130752222|1|20220521|204913|8001654|20220521|214840|8001754|1|1250|0|      |20220521|20220521|0603|2022-06-01 07:03:04
316870|0000000698018763              |20220521|113919|014|676|0|30300087|130010008|130752123|1|20220521|111833|8002543|20220521|120518|8001074|1|1250|0|      |20220521|20220521|0603|2022-06-01 07:03:04
316872|0000000400201238              |20220521|151224|007|676|0|30300093|130010004|130752230|1|20220521|121218|8002313|20220521|151647|8001097|1|1250|0|      |20220521|20220521|0603|2022-06-01 07:03:04
316874|0000000789148246              |20220521|164407|020|676|0|30300070|130010004|130752605|1|20220521|154949|8002795|20220521|165644|8001239|1|1250|0|      |20220521|20220521|0603|2022-06-01 07:03:04
316876|0000000793427098              |20220521|200133|026|676|0|30300093|130010004|130752272|1|20220521|125955|8002531|20220521|203935|8001419|1|1250|0|      |20220521|20220521|0603|2022-06-01 07:03:04
316878|0000000692918515              |20220521|125758|019|675|0|30300081|130010011|130759572|1|20220521|124831|8001981|20220521|133554|8002087|1|1250|0|      |20220521|20220521|0603|2022-06-01 07:03:04
317285|0000000734256711              |20220521|140650|016|675|0|30300095|130010005|130759202|1|20220521|131150|8002703|20220521|140952|8002964|1|1250|0|      |20220521|20220521|0603|2022-06-01 07:03:04
317287|0000000602320558              |20220521|110416|013|675|0|30300047|130010001|130759436|1|20220521|105850|8001437|20220521|112656|8001024|1|1250|0|      |20220521|20220521|0603|2022-06-01 07:03:04
317289|0000000709057283              |20220521|144818|013|675|0|30300049|130010004|130752264|1|20220521|122930|8001259|20220521|145246|8001589|1|1250|0|      |20220521|20220521|0603|2022-06-01 07:03:04
317291|0000000677261653              |20220521|155423|015|675|0|30300064|130010015|130759624|1|20220521|150323|8001979|20220521|160059|8007514|1|1250|0|      |20220521|20220521|0603|2022-06-01 07:03:04
317293|0000000657056440              |20220521|165758|013|675|0|30300095|130010005|130759230|1|20220521|161734|8001239|20220521|170935|8002703|1|1250|0|      |20220521|20220521|0603|2022-06-01 07:03:04
317295|0000000609815895              |20220521|080554|009|676|0|30300089|130010011|130759521|1|20220521|070534|8007549|20220521|081146|8001568|1|1250|0|      |20220521|20220521|0603|2022-06-01 07:03:04
317297|0000000900334782              |20220521|105718|001|676|0|30300054|130010007|130759382|1|20220521|101515|8001567|20220521|105912|8001923|1|1250|0|      |20220521|20220521|0603|2022-06-01 07:03:04
317299|0000000767621086              |20220521|165856|016|675|0|30300050|130010007|130759370|1|20220521|162827|8007549|20220521|171759|8002410|1|1250|0|      |20220521|20220521|0603|2022-06-01 07:03:04
317301|0000000738967963              |20220521|173632|027|675|0|30300083|130010001|130759775|1|20220521|165615|8002033|20220521|174448|8001485|1|1250|0|      |20220521|20220521|0603|2022-06-01 07:03:04
317303|0000000740829693              |20220521|181257|031|676|0|30300037|130010006|130752039|1|20220521|172940|8002559|20220521|182437|8002235|1|1250|0|      |20220521|20220521|0603|2022-06-01 07:03:04
317305|0000000903422351              |20220521|181845|020|675|0|30300091|130010013|130759880|1|20220521|163114|8001647|20220521|183911|8001086|1|1250|0|      |20220521|20220521|0603|2022-06-01 07:03:04
317307|0000000726828423              |20220521|121828|006|676|0|30300089|130010011|130759575|1|20220521|094557|8002814|20220521|124139|8001658|1|1250|0|      |20220521|20220521|0603|2022-06-01 07:03:04
317309|0000000758438742              |20220521|124430|004|675|0|30300056|130010012|130753322|1|20220521|113222|8002683|20220521|131443|8001852|1|1250|0|      |20220521|20220521|0603|2022-06-01 07:03:04
317720|0000000600701352              |20220521|143802|009|832|1|30300128|130710001|130759925|1|20220521|142528|8007275|20220521|150753|8007295|1|450|300|      |20220521|20220521|0603|2022-06-01 07:03:04
317722|0000000646636114              |20220521|144236|001|832|1|30300128|130710001|130759925|1|20220521|142528|8007288|20220521|151534|3053005|1|450|300|      |20220521|20220521|0603|2022-06-01 07:03:04
317724|0000000768432921              |20220521|145208|003|832|2|30300128|130710001|130759925|1|20220521|142528|8007289|20220521|151519|3053005|1|450|300|      |20220521|20220521|0603|2022-06-01 07:03:04
317726|0000000911469222              |20220521|143123|003|832|0|30300128|130710001|130759925|1|20220521|142528|8007412|20220521|151832|3062006|1|1700|300|      |20220521|20220521|0603|2022-06-01 07:03:04
317728|0000000743691727              |20220521|144128|020|832|1|30300128|130710001|130759925|1|20220521|142528|8007279|20220521|152241|3056003|1|450|300|      |20220521|20220521|0603|2022-06-01 07:03:04
317730|0000000744090754              |20220521|151358|020|832|0|30300128|130710001|130759925|1|20220521|142528|8007052|20220521|154249|8007055|1|1700|300|      |20220521|20220521|0603|2022-06-01 07:03:04
317732|0000000745562157              |20220521|151825|008|832|0|30300128|130710001|130759925|1|20220521|142528|3062006|20220521|154207|8007055|1|1700|300|      |20220521|20220521|0603|2022-06-01 07:03:04
317734|0000000751294920              |20220521|152046|007|832|0|30300128|130710001|130759925|1|20220521|142528|8007053|20220521|154217|8007055|1|1700|300|      |20220521|20220521|0603|2022-06-01 07:03:04
317736|0000000760625928              |20220521|152250|031|832|0|30300128|130710001|130759925|1|20220521|142528|3056003|20220521|154227|8007055|1|1700|300|      |20220521|20220521|0603|2022-06-01 07:03:04
317738|0000000732461513              |20220521|143110|020|832|0|30300128|130710001|130759925|1|20220521|142528|8007412|20220521|154237|8007055|1|1700|600|      |20220521|20220521|0603|2022-06-01 07:03:04
317740|0000000643374956              |20220521|153016|030|832|1|30300128|130710001|130759925|1|20220521|142528|8007452|20220521|154307|8007055|1|300|300|      |20220521|20220521|0603|2022-06-01 07:03:04
317742|0000000632637769              |20220521|155459|018|832|0|30300128|130710001|130759925|1|20220521|142528|9007055|20220521|161642|3062007|1|1700|300|      |20220521|20220521|0603|2022-06-01 07:03:04
317744|0000000910413113              |20220521|155547|006|832|0|30300128|130710001|130759925|1|20220521|142528|9007055|20220521|161407|3056002|1|1700|300|      |20220521|20220521|0603|2022-06-01 07:03:04
317746|0000000719267381              |20220521|155530|022|832|0|30300128|130710001|130759925|1|20220521|142528|9007055|20220521|162946|8007294|1|1700|300|      |20220521|20220521|0603|2022-06-01 07:03:04
318156|0000000711387371              |20220521|083403|006|832|0|30300128|130710001|130759922|1|20220521|061032|3062004|20220521|091940|8001420|1|1700|300|      |20220521|20220521|0603|2022-06-01 07:03:04
318158|0000000735123387              |20220521|065510|015|832|1|30300128|130710001|130759922|1|20220521|061032|8007275|20220521|073218|8007052|1|450|300|      |20220521|20220521|0603|2022-06-01 07:03:04
318160|0000000903790130              |20220521|065642|026|832|1|30300128|130710001|130759922|1|20220521|061032|8007279|20220521|073641|3062006|1|450|300|      |20220521|20220521|0603|2022-06-01 07:03:04
318162|0000000718424168              |20220521|084622|011|832|1|30300128|130710001|130759922|1|20220521|061032|8007294|20220521|090930|8007280|1|300|300|      |20220521|20220521|0603|2022-06-01 07:03:04
318164|0000000777948632              |20220521|083528|024|832|0|30300128|130710001|130759922|1|20220521|061032|3053004|20220521|091314|8007276|1|1700|300|      |20220521|20220521|0603|2022-06-01 07:03:04
323761|0000000787975828              |20220521|094643|022|676|0|30300054|130010007|130759386|1|20220521|093920|8002050|20220521|101202|8001922|1|1250|0|      |20220521|20220521|0603|2022-06-01 07:03:04
323763|0000000400206104              |20220521|110438|001|676|0|30300054|130010007|130759341|1|20220521|102553|8001078|20220521|111903|8001101|1|1250|0|      |20220521|20220521|0603|2022-06-01 07:03:04
323765|0000000400176835              |20220521|113127|010|676|2|30300087|130010008|130752150|1|20220521|111039|8001491|20220521|115144|8001074|1|0|0|      |20220521|20220521|0603|2022-06-01 07:03:04
323767|0000000793828283              |20220521|162803|017|676|0|30300040|130010013|130759830|1|20220521|143320|8001406|20220521|163813|8002075|1|1250|0|      |20220521|20220521|0603|2022-06-01 07:03:04
323769|0000000791110212              |20220521|183931|028|676|0|30300054|130010007|130759378|1|20220521|175916|8001568|20220521|185305|8001707|1|1250|0|      |20220521|20220521|0603|2022-06-01 07:03:04
323771|0000000690878782              |20220521|213650|024|676|1|30300038|130010014|130753203|1|20220521|203606|8001132|20220521|215019|8003032|1|0|0|      |20220521|20220521|0603|2022-06-01 07:03:04
323773|0000001110010367              |20220521|115659|008|676|0|30300038|130010014|130753272|1|20220521|073242|8003044|20220521|123039|8002635|1|1250|0|      |20220521|20220521|0603|2022-06-01 07:03:04
323775|0000000186667752              |20220521|121727|003|676|0|30300040|130010007|130759388|1|20220521|115004|8002905|20220521|122636|8002075|1|1250|0|      |20220521|20220521|0603|2022-06-01 07:03:04
323777|0000000797249597              |20220521|125921|015|676|1|30300054|130010007|130759347|1|20220521|121725|8001567|20220521|130143|8002556|1|0|0|      |20220521|20220521|0603|2022-06-01 07:03:04
323779|0000000790943380              |20220521|055300|005|676|1|30300040|130010007|130759388|1|20220521|053214|8002075|20220521|061117|8003032|1|0|0|      |20220521|20220521|0603|2022-06-01 07:03:04
323781|0000000693933767              |20220521|084718|010|676|1|30300038|130010014|130753220|1|20220521|080803|8002734|20220521|085249|8002228|1|0|0|      |20220521|20220521|0603|2022-06-01 07:03:04
324188|0000000400092159              |20220521|130700|023|676|0|30300037|130010006|130752072|1|20220521|120754|8002559|20220521|131424|8002235|1|1250|0|      |20220521|20220521|0603|2022-06-01 07:03:04
324190|0000000400137752              |20220521|135918|027|677|0|30300129|130010009|130759115|1|20220521|060317|8001677|20220521|140755|8007208|1|1250|0|      |20220521|20220521|0603|2022-06-01 07:03:04
324192|0000000400185371              |20220521|142337|003|676|0|30300130|130010008|130752719|1|20220521|133206|8001349|20220521|142657|8002487|1|1250|0|      |20220521|20220521|0603|2022-06-01 07:03:04
324194|0000000784016915              |20220521|064227|015|675|1|30300145|130010014|130753529|1|20220521|062957|8002410|20220521|070504|8002436|1|0|0|      |20220521|20220521|0603|2022-06-01 07:03:04
324196|0000000793936856              |20220521|085224|008|676|0|30300087|130010008|130752158|1|20220521|082642|8001237|20220521|090340|8002453|1|1250|0|      |20220521|20220521|0603|2022-06-01 07:03:04
324198|0000000400204944              |20220521|092125|020|675|0|30300064|130010015|130759683|1|20220521|090311|8001095|20220521|093653|8001412|1|1250|0|      |20220521|20220521|0603|2022-06-01 07:03:04
324200|0000000400163833              |20220521|073927|005|675|0|30300067|130010001|130759402|1|20220521|065405|8001726|20220521|075638|8001414|1|1250|0|      |20220521|20220521|0603|2022-06-01 07:03:04
324202|0000000400161009              |20220521|172045|010|674|0|30300002|130010007|130759334|1|20220521|161226|8001994|20220521|172506|8001419|1|1250|0|      |20220521|20220521|0603|2022-06-01 07:03:04
324204|0000000789546991              |20220521|180001|012|675|0|30300060|130010014|130753522|1|20220521|154431|8002915|20220521|182532|8002279|1|1250|0|      |20220521|20220521|0603|2022-06-01 07:03:04
324206|0000000400159209              |20220521|213700|010|676|2|30300131|130010008|130752116|1|20220521|101934|8001080|20220521|214024|8007284|1|0|0|      |20220521|20220521|0603|2022-06-01 07:03:04
324208|0000000699936166              |20220521|220234|021|674|1|30300002|130010007|130759313|1|20220521|205733|8001419|20220521|221504|8001789|1|0|0|      |20220521|20220521|0603|2022-06-01 07:03:04
324210|0000000692242101              |20220521|064241|008|680|0|30300052|130010006|130752019|1|20220521|062945|8005159|20220521|065440|8005110|1|1250|0|      |20220521|20220521|0603|2022-06-01 07:03:04
324212|0000000788062640              |20220521|141355|001|675|0|30300055|130010014|130753249|1|20220521|135345|8002063|20220521|143955|8002631|1|1250|0|      |20220521|20220521|0603|2022-06-01 07:03:04
324619|0000000795016653              |20220521|203957|002|676|0|30300089|130010011|130759519|1|20220521|135402|8007549|20220521|205251|8001568|1|1250|0|      |20220521|20220521|0603|2022-06-01 07:03:04
324621|0000001110136963              |20220521|210744|002|676|0|30300072|130010001|130759429|1|20220521|202457|8002899|20220521|212647|8001236|1|1250|0|      |20220521|20220521|0603|2022-06-01 07:03:04
324623|0000000480928384              |20220521|075447|002|832|0|30300128|130710001|130759926|1|20220521|070535|8007293|20220521|082946|8007055|2|2400|600|      |20220521|20220521|0603|2022-06-01 07:03:04
324625|0000000400184449              |20220521|132736|022|676|0|30300051|130010008|130752153|1|20220521|131111|8001291|20220521|142349|8002437|3|1950|0|      |20220521|20220521|0603|2022-06-01 07:03:04
324627|0000000484585858              |20220521|153234|017|676|0|30300038|130010014|130753525|1|20220521|151909|8002893|20220521|154716|8002358|1|1250|0|      |20220521|20220521|0603|2022-06-01 07:03:04
324629|0000000780108950              |20220521|160044|004|676|0|30300069|130010001|130759416|1|20220521|152002|8002279|20220521|160448|8001712|1|1250|0|      |20220521|20220521|0603|2022-06-01 07:03:04
324631|0000000694689427              |20220521|175510|009|676|0|30300038|130010014|130753200|1|20220521|175402|8003003|20220521|190915|8003127|1|1250|0|      |20220521|20220521|0603|2022-06-01 07:03:04
324633|0000000480348389              |20220521|190205|003|674|0|30300100|130010002|130752344|1|20220521|185657|8001153|20220521|192959|8002603|1|1250|0|      |20220521|20220521|0603|2022-06-01 07:03:04
324635|0000000785888541              |20220521|200049|001|832|0|30300128|130710001|130759927|1|20220521|055139|9007055|20220521|201831|3056002|1|1700|300|      |20220521|20220521|0603|2022-06-01 07:03:04
324637|0000000793718580              |20220521|194738|001|676|0|30300070|130010004|130752603|1|20220521|172633|8001412|20220521|201833|8001051|1|1250|0|      |20220521|20220521|0603|2022-06-01 07:03:04
324639|0000000481189052              |20220521|171603|026|676|0|30300068|130010006|130752008|1|20220521|165538|8002993|20220521|174002|8005919|1|1250|0|      |20220521|20220521|0603|2022-06-01 07:03:04
324641|0000000788721525              |20220521|195603|013|675|0|30300058|130010004|130752288|1|20220521|195018|8001393|20220521|205447|8001515|1|1250|0|      |20220521|20220521|0603|2022-06-01 07:03:04
324643|0000000683824367              |20220521|212403|001|676|1|30300090|130010005|130759219|1|20220521|202955|8002411|20220521|212721|8005993|1|0|0|      |20220521|20220521|0603|2022-06-01 07:03:04
324269|0000000786988412              |20220521|172646|023|832|1|30300128|130710001|130759919|1|20220521|053033|8007288|20220521|174738|8007293|1|450|300|      |20220521|20220521|0603|2022-06-01 07:03:04
324271|0000000683358878              |20220521|173604|001|675|0|30300144|130010012|130753379|1|20220521|161939|8001936|20220521|175902|8001417|1|1250|0|      |20220521|20220521|0603|2022-06-01 07:03:04
324273|0000000400192628              |20220521|123014|005|675|0|30300048|130010006|130752060|1|20220521|113853|8002407|20220521|123242|8002849|1|1250|0|      |20220521|20220521|0603|2022-06-01 07:03:04
324275|0000000400207438              |20220521|131433|026|676|0|30300089|130010011|130759521|1|20220521|115549|8001922|20220521|132558|8001378|1|1250|0|      |20220521|20220521|0603|2022-06-01 07:03:04
324277|0000000787000021              |20220521|074016|026|676|1|30300037|130010006|130752024|1|20220521|070603|8002559|20220521|075945|8001097|1|0|0|      |20220521|20220521|0603|2022-06-01 07:03:04
324279|0000000787000021              |20220521|072040|026|676|0|30300054|130010007|130759384|1|20220521|065148|8001325|20220521|072652|8001568|1|1250|0|      |20220521|20220521|0603|2022-06-01 07:03:04
324281|0000000400163560              |20220521|092824|030|681|0|30300042|130010009|130759140|1|20220521|090942|8001624|20220521|093427|8002280|1|1250|0|      |20220521|20220521|0603|2022-06-01 07:03:04
324283|0000000789509595              |20220521|095732|023|675|0|30300145|130010014|130753600|4|20220521|095609|8002070|20220521|102442|8002955|1|750|0|      |20220521|20220521|0603|2022-06-01 07:03:04
324285|0000000697704918              |20220521|145205|007|676|1|30300087|130010015|130759621|1|20220521|133929|8002259|20220521|150834|8002848|1|0|0|      |20220521|20220521|0603|2022-06-01 07:03:04
324287|0000000783539987              |20220521|150720|014|676|1|30300090|130010005|130759216|1|20220521|132349|8007325|20220521|151603|8002468|1|0|0|      |20220521|20220521|0603|2022-06-01 07:03:04
324289|0000000488823188              |20220521|153429|003|675|0|30300075|130010005|130759270|1|20220521|144828|8001421|20220521|154810|8002826|1|1250|0|      |20220521|20220521|0603|2022-06-01 07:03:04
324291|0000000790917534              |20220521|160300|001|673|2|30300004|130510004|130751008|1|20220521|063012|8001311|20220521|161549|8002911|1|0|0|      |20220521|20220521|0603|2022-06-01 07:03:04
324293|0000000788716924              |20220521|191157|008|675|0|30300046|130010002|130752366|1|20220521|185117|8001081|20220521|200415|8005857|1|1250|0|      |20220521|20220521|0603|2022-06-01 07:03:04
324700|0000000699135160              |20220521|104647|003|676|0|30300040|130010007|130759359|1|20220521|102221|8002157|20220521|105128|8002240|1|1250|0|      |20220521|20220521|0603|2022-06-01 07:03:04
324702|0000000684141967              |20220521|142436|024|675|1|30300053|130010002|130752328|1|20220521|141204|8006006|20220521|143458|8002276|1|0|0|      |20220521|20220521|0603|2022-06-01 07:03:04
324704|0000000798067960              |20220521|161254|003|676|0|30300036|130010011|130759510|1|20220521|135528|8001056|20220521|164416|8002187|1|1250|0|      |20220521|20220521|0603|2022-06-01 07:03:04
324706|0000000780784386              |20220521|190515|001|680|0|30300052|130010002|130752337|1|20220521|185721|8005159|20220521|191445|8005632|1|1250|0|      |20220521|20220521|0603|2022-06-01 07:03:04
324708|0000000791339102              |20220521|200142|001|675|0|30300049|130010004|130752233|1|20220521|185404|8001930|20220521|200955|8001791|1|1250|0|      |20220521|20220521|0603|2022-06-01 07:03:04
324710|0000000692960743              |20220521|174711|002|674|0|30300100|130010002|130752508|1|20220521|172724|8002118|20220521|180632|8002629|1|1250|0|      |20220521|20220521|0603|2022-06-01 07:03:04
324712|0000000788036896              |20220521|175847|001|675|0|30300065|130010004|130752269|1|20220521|172142|8002151|20220521|180900|8003054|1|1250|0|      |20220521|20220521|0603|2022-06-01 07:03:04
324714|0000000691423813              |20220521|173155|001|675|0|30300064|130010015|130759623|1|20220521|171654|8001095|20220521|174858|8001527|1|1250|0|      |20220521|20220521|0603|2022-06-01 07:03:04
324716|0000000795869382              |20220521|181317|010|832|0|30300128|130710001|130759915|4|20220521|063827|8007080|20220521|182644|8007296|2|2200|0|      |20220521|20220521|0603|2022-06-01 07:03:04
324718|0000000797508985              |20220521|180704|001|674|0|30300002|130010007|130759304|1|20220521|172720|8001097|20220521|183707|8002134|1|1250|0|      |20220521|20220521|0603|2022-06-01 07:03:04
324720|0000000688029199              |20220521|225022|001|676|0|30300037|130010006|130759024|1|20220521|215837|8001097|20220521|225830|8002488|1|1250|0|      |20220521|20220521|0603|2022-06-01 07:03:04
324722|0000000794863215              |20220521|110851|005|676|0|30300051|130010008|130752103|1|20220521|104527|8001081|20220521|120140|8001097|1|1250|0|      |20220521|20220521|0603|2022-06-01 07:03:04
324724|0000000400172561              |20220521|125012|007|674|0|30300002|130010007|130759334|8|20220521|122935|8002131|20220521|132401|8001096|1|0|0|      |20220521|20220521|0603|2022-06-01 07:03:04
324726|0000000694384959              |20220521|080857|001|676|0|30300071|130010009|130759144|1|20220521|060107|8001792|20220521|083126|8002279|1|1250|0|      |20220521|20220521|0603|2022-06-01 07:03:04
325133|0000000792416296              |20220521|084234|018|677|0|30300129|130010009|130759143|1|20220521|075312|8007208|20220521|085221|8007362|1|1250|0|      |20220521|20220521|0603|2022-06-01 07:03:04
325135|0000000695810638              |20220521|090659|009|676|0|30300087|130010015|130759679|1|20220521|082354|8001232|20220521|091146|8002969|1|1250|0|      |20220521|20220521|0603|2022-06-01 07:03:04
325137|0000000400197617              |20220521|143751|010|676|0|30300090|130010005|130759219|1|20220521|135732|8002453|20220521|144253|8001988|1|1250|0|      |20220521|20220521|0603|2022-06-01 07:03:04
325139|0000000400146365              |20220521|151156|024|675|1|30300046|130010002|130752366|1|20220521|145411|8001081|20220521|153638|8070025|1|0|0|      |20220521|20220521|0603|2022-06-01 07:03:04
325141|0000000784720439              |20220521|184141|001|676|0|30300036|130010011|130759501|1|20220521|180827|8001540|20220521|190932|8002997|1|1250|0|      |20220521|20220521|0603|2022-06-01 07:03:04
325143|0000000699850931              |20220521|191602|011|675|0|30300078|130010008|130752163|1|20220521|182659|8003006|20220521|192856|8001536|1|1250|0|      |20220521|20220521|0603|2022-06-01 07:03:04
325145|0000000400197600              |20220521|192821|017|675|0|30300084|130010001|130759752|1|20220521|190441|8001248|20220521|195542|8001034|1|1250|0|      |20220521|20220521|0603|2022-06-01 07:03:04
325147|0000000792395185              |20220521|201802|011|676|0|30300051|130010008|130752130|1|20220521|201210|8001096|20220521|203452|8002605|1|1250|0|      |20220521|20220521|0603|2022-06-01 07:03:04
325149|0000000789798895              |20220521|204259|020|676|0|30300041|130010012|130753321|1|20220521|200709|8002851|20220521|210712|8001097|1|1250|0|      |20220521|20220521|0603|2022-06-01 07:03:04
325151|0000000788906530              |20220521|170058|030|676|0|30300073|130010009|130759177|1|20220521|165426|8001299|20220521|171107|8001325|1|1250|0|      |20220521|20220521|0603|2022-06-01 07:03:04
323928|0000000785798329              |20220521|142740|015|676|0|30300088|130010002|130752553|1|20220521|134142|8002955|20220521|143856|8002410|1|1250|0|      |20220521|20220521|0603|2022-06-01 07:03:04
323930|0000000688822245              |20220521|072447|003|675|0|30300056|130010012|130753331|1|20220521|071134|8005990|20220521|073214|8001169|1|1250|0|      |20220521|20220521|0603|2022-06-01 07:03:04
323932|0000000698333408              |20220521|064225|005|675|0|30300056|130010012|130753374|1|20220521|060022|8001056|20220521|065012|8002403|1|1250|0|      |20220521|20220521|0603|2022-06-01 07:03:04
323934|0000000486029220              |20220521|083724|016|676|0|30300088|130010002|130752553|1|20220521|074920|8002962|20220521|084610|8001705|1|1250|0|      |20220521|20220521|0603|2022-06-01 07:03:04
323936|0000000400162484              |20220521|110626|030|676|0|30300088|130010002|130752371|1|20220521|094159|8002889|20220521|110907|8002131|1|1250|0|      |20220521|20220521|0603|2022-06-01 07:03:04
323938|0000000694071371              |20220521|070327|019|675|0|30300056|130010012|130753308|1|20220521|063712|8001261|20220521|071916|8003032|1|1250|0|      |20220521|20220521|0603|2022-06-01 07:03:04
323940|0000000789333443              |20220521|113945|007|675|0|30300081|130010011|130759515|1|20220521|111238|8002217|20220521|115138|8002969|1|1250|0|      |20220521|20220521|0603|2022-06-01 07:03:04
323942|0000000695072222              |20220521|140938|024|675|0|30300081|130010011|130759570|1|20220521|134352|8001378|20220521|144527|8001986|1|1250|0|      |20220521|20220521|0603|2022-06-01 07:03:04
324349|0000000400188498              |20220521|101101|009|675|0|30300058|130010004|130752294|1|20220521|082918|8007274|20220521|103509|8001929|1|1250|0|      |20220521|20220521|0603|2022-06-01 07:03:04
324351|0000000687411487              |20220521|105006|013|675|0|30300046|130010002|130752352|1|20220521|104105|8001291|20220521|112302|8070027|1|1250|0|      |20220521|20220521|0603|2022-06-01 07:03:04
324353|0000000793661435              |20220521|132536|001|832|0|30300128|130710001|130759929|1|20220521|052135|8007298|20220521|141006|8001420|1|1700|300|      |20220521|20220521|0603|2022-06-01 07:03:04
324355|0000000691157143              |20220521|192107|014|674|0|30300002|130010007|130759319|1|20220521|180801|8002252|20220521|193310|8002833|1|1250|0|      |20220521|20220521|0603|2022-06-01 07:03:04
324357|0000000692091233              |20220521|165352|003|676|0|30300037|130010006|130752073|1|20220521|164005|8002973|20220521|175035|8002485|1|1250|0|      |20220521|20220521|0603|2022-06-01 07:03:04
324359|0000000783169936              |20220521|175347|018|677|1|30300129|130010009|130759179|1|20220521|163948|8005906|20220521|180806|8007399|1|0|300|      |20220521|20220521|0603|2022-06-01 07:03:04
324361|0000000686442822              |20220521|205537|007|674|0|30300002|130010007|130759333|1|20220521|195313|8005994|20220521|210631|8001789|2|1600|0|      |20220521|20220521|0603|2022-06-01 07:03:04
324363|0000000784216514              |20220521|212846|002|675|1|30300067|130010001|130759473|1|20220521|204621|8002437|20220521|213018|8001414|1|0|0|      |20220521|20220521|0603|2022-06-01 07:03:04
324365|0000000684990100              |20220521|215922|004|675|1|30300055|130010014|130753263|1|20220521|212619|8002627|20220521|220237|8002635|1|0|0|      |20220521|20220521|0603|2022-06-01 07:03:04
324367|0000000699646048              |20220521|121904|011|675|0|30300058|130010004|130752293|1|20220521|114018|8002733|20220521|122047|8002603|1|1250|0|      |20220521|20220521|0603|2022-06-01 07:03:04
324369|0000000789891278              |20220521|122858|008|676|1|30300071|130010009|130759146|1|20220521|113541|8001567|20220521|123321|8001923|1|0|0|      |20220521|20220521|0603|2022-06-01 07:03:04
324371|0000000784971368              |20220521|140129|001|673|0|30300001|130510004|130751006|1|20220521|055743|8001196|20220521|141021|8002412|1|1100|0|      |20220521|20220521|0603|2022-06-01 07:03:04
324373|0000001110221923              |20220521|055306|006|675|0|30300067|130010001|130759707|1|20220521|054546|8002446|20220521|062257|8002964|1|1250|0|      |20220521|20220521|0603|2022-06-01 07:03:04
324375|0000000691677884              |20220521|072429|012|678|0|30300074|130010014|130753248|1|20220521|064932|8001420|20220521|075346|8005011|1|1250|350|      |20220521|20220521|0603|2022-06-01 07:03:04
324782|0000001118133057              |20220521|164943|025|675|0|30300065|130010004|130752267|1|20220521|151527|8001095|20220521|165349|8005874|2|1600|0|      |20220521|20220521|0603|2022-06-01 07:03:04
324784|0000000788366334              |20220521|193125|020|675|0|30300055|130010014|130753252|1|20220521|163329|8001349|20220521|194301|8001032|1|1250|0|      |20220521|20220521|0603|2022-06-01 07:03:04
324786|0000000692878821              |20220521|202403|001|676|0|30300037|130010006|130752002|1|20220521|191527|8002411|20220521|202607|8002403|1|1250|0|      |20220521|20220521|0603|2022-06-01 07:03:04
324788|0000000788685865              |20220521|163057|027|675|0|30300064|130010015|130759670|1|20220521|162344|8005876|20220521|165809|8001527|1|1250|0|      |20220521|20220521|0603|2022-06-01 07:03:04
324790|0000000688092673              |20220521|175334|011|676|0|30300051|130010008|130752134|1|20220521|172022|8001935|20220521|182221|8001371|1|1250|0|      |20220521|20220521|0603|2022-06-01 07:03:04
324792|0000000784714693              |20220521|221106|007|676|0|30300041|130010012|130753332|1|20220521|133628|8001077|20220521|224122|8070029|1|1250|0|      |20220521|20220521|0603|2022-06-01 07:03:04
324794|0000000697963713              |20220521|231428|002|676|0|30300041|130010012|130753304|1|20220521|204749|8001569|20220521|232208|8002850|1|1250|0|      |20220521|20220521|0603|2022-06-01 07:03:04
324796|0000000480902244              |20220521|211200|018|676|0|30300069|130010001|130759416|1|20220521|204303|8002279|20220521|212540|8002846|1|1250|0|      |20220521|20220521|0603|2022-06-01 07:03:04
324798|0000000694193431              |20220521|213839|026|676|0|30300038|130010014|130753214|1|20220521|205156|8001049|20220521|215304|8003032|1|1250|0|      |20220521|20220521|0603|2022-06-01 07:03:04
324800|0000001110493963              |20220521|214806|024|676|1|30300088|130010002|130752338|1|20220521|211814|8002997|20220521|215032|8002722|1|0|0|      |20220521|20220521|0603|2022-06-01 07:03:04
324802|0000000780516564              |20220521|114315|027|676|0|30300040|130010013|130759830|1|20220521|110946|8002953|20220521|122411|8001401|1|1250|0|      |20220521|20220521|0603|2022-06-01 07:03:04
324804|0000000782780658              |20220521|132213|001|676|0|30300071|130010009|130759176|1|20220521|123816|8001359|20220521|132935|8001949|1|1250|0|      |20220521|20220521|0603|2022-06-01 07:03:04
324806|0000000789547518              |20220521|091758|015|676|2|30300054|130010007|130759347|1|20220521|084511|8001567|20220521|091822|8001567|1|0|0|      |20220521|20220521|0603|2022-06-01 07:03:04
325213|0000000790318319              |20220521|154240|028|675|0|30300060|130010014|130753240|1|20220521|150053|8002279|20220521|154906|8002453|1|1250|0|      |20220521|20220521|0603|2022-06-01 07:03:04
325215|0000000699159988              |20220521|181817|008|832|0|30300128|130710001|130759915|1|20220521|063827|3053004|20220521|190134|8001420|1|1700|300|      |20220521|20220521|0603|2022-06-01 07:03:04
324432|0000000486269100              |20220521|101321|004|676|0|30300051|130010008|130752142|1|20220521|093646|8002118|20220521|101608|8001492|1|1250|0|      |20220521|20220521|0603|2022-06-01 07:03:04
324434|0000000486269100              |20220521|104623|004|675|1|30300049|130010004|130752264|1|20220521|085039|8001493|20220521|113149|8002407|1|0|0|      |20220521|20220521|0603|2022-06-01 07:03:04
324436|0000000400139587              |20220521|143724|013|677|0|30300129|130010009|130759101|1|20220521|142935|8002735|20220521|150255|8007209|1|1250|0|      |20220521|20220521|0603|2022-06-01 07:03:04
324438|0000000699822094              |20220521|191504|029|673|0|30300003|130510004|130751101|1|20220521|055155|8007231|20220521|192228|8001703|1|1100|0|      |20220521|20220521|0603|2022-06-01 07:03:04
324440|0000000688650068              |20220521|172241|024|680|1|30300018|130010004|130752236|1|20220521|145927|8001493|20220521|172934|8001028|1|0|0|      |20220521|20220521|0603|2022-06-01 07:03:04
324442|0000000793760892              |20220521|181100|001|676|0|30300090|130010005|130759207|1|20220521|140309|8002954|20220521|181747|8002453|1|1250|0|      |20220521|20220521|0603|2022-06-01 07:03:04
324444|0000000789188950              |20220521|224149|015|675|0|30300058|130010004|130752200|1|20220521|222216|8002428|20220521|230043|8002241|1|1250|0|      |20220521|20220521|0603|2022-06-01 07:03:04
324446|0000001110269221              |20220521|120324|024|676|0|30300087|130010015|130759614|4|20220521|113709|8003011|20220521|120837|8002100|1|750|0|      |20220521|20220521|0603|2022-06-01 07:03:04
324448|0000000694348792              |20220521|073418|009|678|1|30300074|130010014|130753248|1|20220521|064932|8002823|20220521|075844|8005033|1|0|450|      |20220521|20220521|0603|2022-06-01 07:03:04
324450|0000000694348792              |20220521|071927|009|675|0|30300083|130010001|130759480|1|20220521|063521|8001382|20220521|072403|8002823|1|1250|0|      |20220521|20220521|0603|2022-06-01 07:03:04
324452|0000000788469493              |20220521|111300|001|676|0|30300089|130010011|130759536|1|20220521|090228|8005504|20220521|115943|8002204|1|1250|0|      |20220521|20220521|0603|2022-06-01 07:03:04
324454|0000000788257311              |20220521|142001|029|675|1|30300096|130010006|130752066|4|20220521|134305|8001922|20220521|143914|8002969|1|0|0|      |20220521|20220521|0603|2022-06-01 07:03:04
324456|0000000790889929              |20220521|145559|004|674|1|30300100|130010002|130752381|1|20220521|135010|8001529|20220521|153928|8002352|1|0|0|      |20220521|20220521|0603|2022-06-01 07:03:04
324863|0000000783875596              |20220521|182322|002|674|0|30300100|130010002|130752345|1|20220521|174815|8001934|20220521|182925|8002603|1|1250|0|      |20220521|20220521|0603|2022-06-01 07:03:04
324865|0000000699010805              |20220521|211042|020|676|1|30300037|130010006|130759012|1|20220521|184711|8002974|20220521|211744|8003002|1|0|0|      |20220521|20220521|0603|2022-06-01 07:03:04
324867|0000000787309448              |20220521|212941|001|676|0|30300089|130010011|130759513|1|20220521|205053|8005511|20220521|214515|8007549|1|1250|0|      |20220521|20220521|0603|2022-06-01 07:03:04
324869|0000000487287216              |20220521|120131|020|674|0|30300100|130010002|130752383|1|20220521|115245|8002330|20220521|122443|8001028|1|1250|0|      |20220521|20220521|0603|2022-06-01 07:03:04
324871|0000001110174183              |20220521|124414|016|676|0|30300037|130010006|130752024|1|20220521|123149|8002340|20220521|125551|8001534|1|1250|0|      |20220521|20220521|0603|2022-06-01 07:03:04
324873|0000000698277015              |20220521|125830|025|676|1|30300072|130010001|130759422|1|20220521|104722|8002899|20220521|131123|8001421|1|0|0|      |20220521|20220521|0603|2022-06-01 07:03:04
324875|0000000789467563              |20220521|125626|020|675|0|30300046|130010002|130752366|2|20220521|110734|8007166|20220521|131547|8002376|1|350|0|      |20220521|20220521|0603|2022-06-01 07:03:04
324877|0000000793996153              |20220521|103550|002|676|2|30300043|130010015|130759677|1|20220521|092338|8002378|20220521|104336|8005588|1|0|0|      |20220521|20220521|0603|2022-06-01 07:03:04
324879|0000001110302065              |20220521|101731|007|676|0|30300089|130010011|130759574|1|20220521|092437|8002532|20220521|111120|8001420|1|1250|0|      |20220521|20220521|0603|2022-06-01 07:03:04
324881|0000000698962383              |20220521|103106|028|675|0|30300056|130010012|130753373|1|20220521|102756|8001280|20220521|104039|8002707|1|1250|0|      |20220521|20220521|0603|2022-06-01 07:03:04
324883|0000000698962383              |20220521|105027|028|676|1|30300054|130010007|130759383|1|20220521|103819|8002708|20220521|111309|8002453|1|0|0|      |20220521|20220521|0603|2022-06-01 07:03:04
324885|0000001110252624              |20220521|153021|001|832|1|30300128|130710001|130759925|1|20220521|142528|8007452|20220521|154020|8007055|1|300|300|      |20220521|20220521|0603|2022-06-01 07:03:04
324887|0000000694202206              |20220521|165635|010|676|0|30300130|130010008|130752719|1|20220521|163849|8001948|20220521|171710|8002437|1|1250|0|      |20220521|20220521|0603|2022-06-01 07:03:04
325294|0000000744261154              |20220521|144428|025|676|0|30300090|130010005|130759215|1|20220521|130831|8002984|20220521|144756|8002538|1|1250|0|      |20220521|20220521|0603|2022-06-01 07:03:04
325296|0000000742095265              |20220521|141451|029|676|0|30300037|130010006|130752039|1|20220521|134147|8002984|20220521|150124|8001348|1|1250|0|      |20220521|20220521|0603|2022-06-01 07:03:04
325298|0000000742639486              |20220521|152546|025|676|0|30300073|130010009|130759122|1|20220521|144115|8002075|20220521|154222|8002202|1|1250|0|      |20220521|20220521|0603|2022-06-01 07:03:04
325300|0000000776119066              |20220521|105232|023|676|0|30300072|130010001|130759422|1|20220521|104722|8002305|20220521|105654|8002486|1|1250|0|      |20220521|20220521|0603|2022-06-01 07:03:04
325302|0000000903705717              |20220521|094346|021|676|0|30300072|130010001|130759483|1|20220521|093520|8002305|20220521|095731|8001412|1|1250|0|      |20220521|20220521|0603|2022-06-01 07:03:04
325304|0000000670401909              |20220521|100243|013|676|0|30300043|130010015|130759601|1|20220521|095457|8002984|20220521|101004|8001287|1|1250|0|      |20220521|20220521|0603|2022-06-01 07:03:04
325306|0000000763104568              |20220521|180229|005|676|0|30300089|130010011|130759578|1|20220521|151155|8002969|20220521|184249|8005879|1|1250|0|      |20220521|20220521|0603|2022-06-01 07:03:04
325308|0000000903250838              |20220521|172922|026|676|0|30300089|130010011|130759518|1|20220521|152920|8007549|20220521|174720|8001378|1|1250|0|      |20220521|20220521|0603|2022-06-01 07:03:04
325310|0000000726023048              |20220521|181832|014|676|0|30300089|130010011|130759502|1|20220521|170945|8007549|20220521|182930|8002468|1|1250|0|      |20220521|20220521|0603|2022-06-01 07:03:04
325312|0000000905895306              |20220521|184514|007|676|0|30300089|130010011|130759522|1|20220521|131850|8002969|20220521|185636|8001923|1|1250|0|      |20220521|20220521|0603|2022-06-01 07:03:04
325314|0000000741721822              |20220521|210908|008|676|0|30300041|130010012|130753313|1|20220521|203810|8002969|20220521|213006|8002721|1|1250|0|      |20220521|20220521|0603|2022-06-01 07:03:04
322702|0000000657967249              |20220521|085626|018|680|0|30300018|130010004|130752236|1|20220521|084838|8001170|20220521|093458|8001489|1|1250|0|      |20220521|20220521|0603|2022-06-01 07:03:04
323216|0000000783086608              |20220521|162728|021|676|0|30300089|130010011|130759513|1|20220521|154854|8007490|20220521|170641|8001989|1|1250|0|      |20220521|20220521|0603|2022-06-01 07:03:04
323218|0000000400191340              |20220521|170248|011|676|1|30300089|130010011|130759577|1|20220521|133017|8002891|20220521|170728|8002137|1|0|0|      |20220521|20220521|0603|2022-06-01 07:03:04
323220|0000000690176973              |20220521|182121|021|676|0|30300041|130010012|130753332|1|20220521|133628|8002087|20220521|184313|8002721|1|1250|0|      |20220521|20220521|0603|2022-06-01 07:03:04
323222|0000000792126402              |20220521|212311|003|676|0|30300072|130010001|130759483|1|20220521|202228|8002452|20220521|212734|8001058|1|1250|0|      |20220521|20220521|0603|2022-06-01 07:03:04
323224|0000000692115070              |20220521|123044|017|676|0|30300041|130010012|130753310|1|20220521|102456|8002756|20220521|124102|8001569|1|1250|0|      |20220521|20220521|0603|2022-06-01 07:03:04
323226|0000000785390650              |20220521|130118|009|676|0|30300041|130010012|130753370|1|20220521|125405|8005991|20220521|133509|8001076|1|1250|0|      |20220521|20220521|0603|2022-06-01 07:03:04
323228|0000000788246449              |20220521|093550|025|676|3|30300089|130010011|130759522|1|20220521|063915|8001555|20220521|093838|8007189|1|0|0|      |20220521|20220521|0603|2022-06-01 07:03:04
323230|0000000690805747              |20220521|100359|009|676|1|30300041|130010012|130753303|1|20220521|092506|8002720|20220521|100526|8002984|1|0|0|      |20220521|20220521|0603|2022-06-01 07:03:04
323232|0000000797477605              |20220521|071246|018|676|0|30300089|130010011|130759518|1|20220521|065328|8002138|20220521|072846|8005506|1|1250|0|      |20220521|20220521|0603|2022-06-01 07:03:04
323234|0000000400177740              |20220521|115311|031|676|0|30300041|130010012|130753304|1|20220521|091400|8001773|20220521|120042|8070029|1|1250|0|      |20220521|20220521|0603|2022-06-01 07:03:04
323236|0000000694537767              |20220521|145438|007|676|0|30300041|130010012|130753318|1|20220521|145211|8070030|20220521|152720|8001061|1|1250|0|      |20220521|20220521|0603|2022-06-01 07:03:04
323238|0000000698188112              |20220521|162750|007|676|0|30300089|130010011|130759578|1|20220521|151155|8005901|20220521|163606|8007549|1|1250|0|      |20220521|20220521|0603|2022-06-01 07:03:04
323240|0000000400192050              |20220521|191017|012|676|1|30300043|130010015|130759603|1|20220521|183726|8001252|20220521|194433|8001834|1|0|0|      |20220521|20220521|0603|2022-06-01 07:03:04
323647|0000000697570914              |20220521|145809|014|675|0|30300049|130010004|130752276|1|20220521|124708|8002966|20220521|150636|8002754|1|1250|0|      |20220521|20220521|0603|2022-06-01 07:03:04
323649|0000000795405375              |20220521|152223|002|675|1|30300061|130010015|130759645|1|20220521|145015|8002228|20220521|153045|8002797|1|0|0|      |20220521|20220521|0603|2022-06-01 07:03:04
323651|0000000783607217              |20220521|183118|017|676|0|30300054|130010007|130759387|1|20220521|181851|8002708|20220521|185034|8002453|1|1250|0|      |20220521|20220521|0603|2022-06-01 07:03:04
323653|0000000789316684              |20220521|190036|017|676|0|30300054|130010007|130759341|1|20220521|183504|8007246|20220521|191820|8002453|1|1250|0|      |20220521|20220521|0603|2022-06-01 07:03:04
323655|0000000785707627              |20220521|170826|024|676|0|30300087|130010008|130752157|1|20220521|164605|8002966|20220521|172111|8002279|1|1250|0|      |20220521|20220521|0603|2022-06-01 07:03:04
323657|0000000788870334              |20220521|170022|021|676|0|30300037|130010006|130752073|1|20220521|164005|8007541|20220521|174142|8001097|1|1250|0|      |20220521|20220521|0603|2022-06-01 07:03:04
323659|0000000186149487              |20220521|183010|031|676|1|30300037|130010006|130752046|1|20220521|174924|8002559|20220521|185047|8001097|1|0|0|      |20220521|20220521|0603|2022-06-01 07:03:04
323661|0000000186563632              |20220521|214537|026|676|0|30300070|130010004|130752238|1|20220521|212913|8001760|20220521|220626|8001412|1|1250|0|      |20220521|20220521|0603|2022-06-01 07:03:04
323663|0000000400202349              |20220521|111301|022|675|2|30300049|130010004|130752232|1|20220521|105916|8002662|20220521|122611|8002696|1|0|0|      |20220521|20220521|0603|2022-06-01 07:03:04
323665|0000000690579938              |20220521|123631|003|676|0|30300087|130010008|130752151|1|20220521|103311|8001491|20220521|125439|8002279|1|1250|0|      |20220521|20220521|0603|2022-06-01 07:03:04
323667|0000000400158977              |20220521|130818|022|676|0|30300072|130010001|130759734|1|20220521|125400|8002488|20220521|131250|8001412|1|1250|0|      |20220521|20220521|0603|2022-06-01 07:03:04
323669|0000000400116138              |20220521|100454|004|675|1|30300055|130010014|130753228|1|20220521|054415|8002357|20220521|105134|8007041|1|0|0|      |20220521|20220521|0603|2022-06-01 07:03:04
323671|0000000788528646              |20220521|084621|003|676|0|30300037|130010006|130752049|1|20220521|060530|8002235|20220521|085848|8001097|1|1250|0|      |20220521|20220521|0603|2022-06-01 07:03:04
323673|0000000400178436              |20220521|061212|029|675|0|30300055|130010014|130753229|1|20220521|053836|8001444|20220521|062244|8001412|1|1250|0|      |20220521|20220521|0603|2022-06-01 07:03:04
324080|0000000692088575              |20220521|130632|007|675|1|30300078|130010008|130752168|1|20220521|121928|8003006|20220521|131510|8002615|1|0|0|      |20220521|20220521|0603|2022-06-01 07:03:04
324082|0000000400160247              |20220521|130705|022|676|0|30300069|130010001|130759416|1|20220521|123008|8001712|20220521|131008|8001134|1|1250|0|      |20220521|20220521|0603|2022-06-01 07:03:04
324084|0000000789876554              |20220521|141748|017|676|0|30300069|130010001|130759751|1|20220521|140223|8001133|20220521|142541|8001587|1|1250|0|      |20220521|20220521|0603|2022-06-01 07:03:04
324086|0000000400198040              |20220521|060542|010|675|0|30300078|130010008|130752170|1|20220521|055803|8003076|20220521|061200|8001928|1|1250|0|      |20220521|20220521|0603|2022-06-01 07:03:04
324088|0000000400203265              |20220521|085001|027|675|0|30300080|130010009|130759108|1|20220521|080103|8001745|20220521|085734|8001983|1|1250|0|      |20220521|20220521|0603|2022-06-01 07:03:04
324090|0000000784788172              |20220521|085205|020|676|0|30300069|130010001|130759411|1|20220521|080937|8001132|20220521|090349|8002381|1|1250|0|      |20220521|20220521|0603|2022-06-01 07:03:04
324092|0000000400134783              |20220521|110834|028|675|0|30300080|130010009|130759154|1|20220521|063710|8002063|20220521|111559|8001096|1|1250|0|      |20220521|20220521|0603|2022-06-01 07:03:04
324094|0000000788219089              |20220521|145617|004|675|0|30300078|130010008|130752168|1|20220521|141135|8002734|20220521|150548|8003075|1|1250|0|      |20220521|20220521|0603|2022-06-01 07:03:04
324096|0000000695093512              |20220521|194703|002|675|1|30300061|130010015|130759617|1|20220521|185859|8002942|20220521|195648|8001993|1|0|0|      |20220521|20220521|0603|2022-06-01 07:03:04
328308|0000000788262906              |20220521|141638|031|676|0|30300051|130010008|130752100|1|20220521|133928|8002118|20220521|150806|8001097|1|1250|0|      |20220521|20220521|0603|2022-06-01 07:03:04
328310|0000000791431778              |20220521|140538|012|675|0|30300055|130010014|130753250|1|20220521|130422|8001529|20220521|143947|8001847|1|1250|0|      |20220521|20220521|0603|2022-06-01 07:03:04
328312|0000000699896961              |20220521|153124|010|676|1|30300040|130010013|130759830|1|20220521|143320|8001407|20220521|153608|8001097|1|0|0|      |20220521|20220521|0603|2022-06-01 07:03:04
328314|0000000791543663              |20220521|175116|019|675|0|30300055|130010014|130753211|1|20220521|155933|8001393|20220521|182901|8002627|2|2500|0|      |20220521|20220521|0603|2022-06-01 07:03:04
328721|0000000780656957              |20220521|123509|017|676|1|30300037|130010006|130759016|1|20220521|053731|8001097|20220521|124236|8002485|1|0|0|      |20220521|20220521|0603|2022-06-01 07:03:04
328723|0000001110174132              |20220521|133106|020|676|0|30300036|130010012|130753301|1|20220521|130942|8002605|20220521|133805|8002230|1|1250|0|      |20220521|20220521|0603|2022-06-01 07:03:04
328725|0000000788029411              |20220521|090157|027|678|1|30300074|130010014|130753236|1|20220521|081235|8002823|20220521|092645|8005037|1|0|450|      |20220521|20220521|0603|2022-06-01 07:03:04
328727|0000000699424198              |20220521|065032|007|675|1|30300064|130010015|130759670|1|20220521|061601|8001412|20220521|070308|8002653|1|0|0|      |20220521|20220521|0603|2022-06-01 07:03:04
328729|0000000400160321              |20220521|092752|027|676|1|30300036|130010012|130753333|1|20220521|074252|8002605|20220521|094258|8001091|1|0|0|      |20220521|20220521|0603|2022-06-01 07:03:04
328731|0000000791374778              |20220521|085719|015|679|0|30300063|130010001|130759474|1|20220521|085014|8006005|20220521|094549|8002482|1|1200|150|      |20220521|20220521|0603|2022-06-01 07:03:04
328733|0000000692561450              |20220521|074238|026|675|0|30300127|130010004|130752244|1|20220521|064331|8007405|20220521|074810|8002352|1|1250|0|      |20220521|20220521|0603|2022-06-01 07:03:04
328735|0000000695538017              |20220521|094946|001|676|0|30300037|130010006|130759011|1|20220521|063809|8001097|20220521|095828|8002345|1|1250|0|      |20220521|20220521|0603|2022-06-01 07:03:04
328737|0000000400154864              |20220521|140658|017|679|2|30300063|130010001|130759406|1|20220521|132521|8001660|20220521|145707|8005122|1|0|100|      |20220521|20220521|0603|2022-06-01 07:03:04
328739|0000000692505419              |20220521|145037|026|676|0|30300036|130010012|130753372|1|20220521|053111|8001596|20220521|151142|8002227|1|1250|0|      |20220521|20220521|0603|2022-06-01 07:03:04
328741|0000000788595363              |20220521|153148|020|676|0|30300039|130010005|130759217|1|20220521|140411|8002967|20220521|153544|8001713|1|1250|0|      |20220521|20220521|0603|2022-06-01 07:03:04
328743|0000000695631035              |20220521|160012|010|675|1|30300055|130010014|130753266|1|20220521|151256|8001412|20220521|163324|8001853|1|0|0|      |20220521|20220521|0603|2022-06-01 07:03:04
328745|0000000694101610              |20220521|165827|001|676|0|30300071|130010009|130759146|1|20220521|162423|8001922|20220521|170221|8001568|1|1250|0|      |20220521|20220521|0603|2022-06-01 07:03:04
328747|0000000400120022              |20220521|171528|008|682|0|30300030|130010014|130753612|1|20220521|165851|8002635|20220521|172545|8002823|1|1250|0|      |20220521|20220521|0603|2022-06-01 07:03:04
329154|0000000788968439              |20220521|125743|025|679|0|30300063|130010001|130759474|1|20220521|115150|8001963|20220521|130018|8001791|1|1250|0|      |20220521|20220521|0603|2022-06-01 07:03:04
329156|0000000400095377              |20220521|134621|031|675|0|30300095|130010011|130759525|1|20220521|124208|8002978|20220521|134823|8002118|1|1250|0|      |20220521|20220521|0603|2022-06-01 07:03:04
329158|0000001110383610              |20220521|104133|019|676|1|30300068|130010006|130752052|1|20220521|090737|8003101|20220521|105025|8001263|1|0|0|      |20220521|20220521|0603|2022-06-01 07:03:04
329160|0000000400092467              |20220521|075146|006|675|0|30300095|130010011|130759507|1|20220521|041311|8001762|20220521|080045|8001959|1|1250|0|      |20220521|20220521|0603|2022-06-01 07:03:04
329162|0000000780704623              |20220521|060726|023|675|0|30300059|130010004|130752274|1|20220521|055712|8001849|20220521|061156|8002719|1|1250|0|      |20220521|20220521|0603|2022-06-01 07:03:04
329164|0000000789126103              |20220521|084533|011|675|0|30300078|130010008|130752169|1|20220520|220629|8007269|20220521|085543|8002235|1|1250|0|      |20220521|20220521|0603|2022-06-01 07:03:04
329166|0000000400084943              |20220521|101355|027|676|0|30300068|130010006|130752008|1|20220521|083000|8070005|20220521|102321|8001541|2|2500|0|      |20220521|20220521|0603|2022-06-01 07:03:04
329168|0000000692654403              |20220521|102907|023|675|0|30300080|130010009|130759145|1|20220521|093642|8001982|20220521|104345|8001096|1|1250|0|      |20220521|20220521|0603|2022-06-01 07:03:04
329170|0000000791608653              |20220521|142139|024|675|0|30300078|130010008|130752168|1|20220521|141135|8002080|20220521|145342|8002605|1|1250|0|      |20220521|20220521|0603|2022-06-01 07:03:04
329172|0000000400203265              |20220521|161021|029|675|0|30300080|130010009|130759108|1|20220521|152954|8001745|20220521|161928|8001983|1|1250|0|      |20220521|20220521|0603|2022-06-01 07:03:04
329174|0000000400142386              |20220521|161223|019|675|0|30300080|130010009|130759154|1|20220521|160607|8001421|20220521|163733|8001985|1|1250|0|      |20220521|20220521|0603|2022-06-01 07:03:04
329176|0000000785851789              |20220521|193524|006|675|0|30300076|130010014|130753511|1|20220521|190911|8001464|20220521|195246|8002844|1|1250|0|      |20220521|20220521|0603|2022-06-01 07:03:04
329178|0000000400174430              |20220521|174952|003|676|1|30300073|130010009|130759116|1|20220521|173114|8003054|20220521|180703|8002100|1|0|0|      |20220521|20220521|0603|2022-06-01 07:03:04
329585|0000000746344072              |20220521|060021|016|676|0|30300041|130010012|130753334|1|20220521|053351|8001076|20220521|063019|8002894|1|1250|0|      |20220521|20220521|0603|2022-06-01 07:03:04
329587|0000000769213539              |20220521|075349|024|676|0|30300040|130010007|130759365|1|20220521|065842|8002870|20220521|080744|8002412|1|1250|0|      |20220521|20220521|0603|2022-06-01 07:03:04
329589|0000000730446946              |20220521|075520|028|676|0|30300040|130010007|130759343|1|20220521|074428|8001036|20220521|080924|8007279|1|1250|0|      |20220521|20220521|0603|2022-06-01 07:03:04
329591|0000000725834312              |20220521|184641|022|676|0|30300089|130010011|130759527|1|20220521|174458|8002531|20220521|190539|8001922|1|1250|0|      |20220521|20220521|0603|2022-06-01 07:03:04
329593|0000000904579625              |20220521|185941|004|676|0|30300089|130010011|130759577|1|20220521|181155|8007490|20220521|190308|8001556|1|1250|0|      |20220521|20220521|0603|2022-06-01 07:03:04
329595|0000000636923755              |20220521|192503|015|676|0|30300051|130010008|130752115|1|20220521|183517|8001934|20220521|195222|8005878|1|1250|0|      |20220521|20220521|0603|2022-06-01 07:03:04
329671|0000000726364342              |20220521|101428|030|676|0|30300051|130010008|130752161|1|20220521|095738|8001372|20220521|103356|8002118|1|1250|0|      |20220521|20220521|0603|2022-06-01 07:03:04
329673|0000000776360531              |20220521|091457|031|676|0|30300038|130010014|130753220|1|20220521|080803|8002846|20220521|094907|8002974|1|1250|0|      |20220521|20220521|0603|2022-06-01 07:03:04
329675|0000000773847407              |20220521|185519|007|676|0|30300071|130010009|130759146|1|20220521|180014|8002251|20220521|191931|8002279|1|1250|0|      |20220521|20220521|0603|2022-06-01 07:03:04
329677|0000000903993321              |20220521|163527|005|676|0|30300038|130010014|130753272|1|20220521|154440|8002779|20220521|165543|8002627|1|1250|0|      |20220521|20220521|0603|2022-06-01 07:03:04
329679|0000000904555850              |20220521|171749|017|676|0|30300043|130010015|130759618|1|20220521|165834|8002538|20220521|174459|8001405|1|1250|0|      |20220521|20220521|0603|2022-06-01 07:03:04
329681|0000000732178965              |20220521|180909|022|676|0|30300043|130010015|130759640|1|20220521|172306|8002730|20220521|182718|8002717|1|1250|0|      |20220521|20220521|0603|2022-06-01 07:03:04
329683|0000000904747399              |20220521|180413|007|676|0|30300038|130010014|130753247|1|20220521|171128|8002793|20220521|182650|8003032|1|1250|0|      |20220521|20220521|0603|2022-06-01 07:03:04
329685|0000000903690526              |20220521|203700|025|676|0|30300043|130010015|130759618|1|20220521|203014|8005587|20220521|210225|8001252|1|1250|0|      |20220521|20220521|0603|2022-06-01 07:03:04
329687|0000000752625138              |20220521|133742|018|676|0|30300071|130010009|130759147|1|20220521|131109|8001989|20220521|135020|8002425|1|1250|0|      |20220521|20220521|0603|2022-06-01 07:03:04
329689|0000000742035450              |20220521|143759|002|676|0|30300043|130010015|130759632|1|20220521|142711|8002725|20220521|145144|8002554|1|1250|0|      |20220521|20220521|0603|2022-06-01 07:03:04
329691|0000000743772766              |20220521|162413|020|676|0|30300038|130010014|130753272|1|20220521|154440|8003044|20220521|163458|8002779|1|1250|0|      |20220521|20220521|0603|2022-06-01 07:03:04
330657|0000000917889377              |20220521|100443|003|676|0|30300038|130010014|130753257|1|20220521|090313|8001952|~       |      |~      |1|1250|0|      |20220521|~       |0603|2022-06-01 07:03:04
330659|0000000768903653              |20220521|092209|020|676|0|30300087|130010015|130759614|1|20220521|091216|8001199|~       |      |~      |1|1250|0|      |20220521|~       |0603|2022-06-01 07:03:04
330661|0000000917978405              |20220521|192039|025|676|0|30300041|130010012|130753303|1|20220521|190906|8001400|~       |      |~      |1|1250|0|      |20220521|~       |0603|2022-06-01 07:03:04
330663|0000000705612668              |20220521|183629|012|676|0|30300041|130010012|130753310|1|20220521|181504|8002984|~       |      |~      |1|1250|0|      |20220521|~       |0603|2022-06-01 07:03:04
330665|0000000900023071              |20220521|213831|024|676|0|30300041|130010012|130753377|1|20220521|132415|8001076|~       |      |~      |1|1250|0|      |20220521|~       |0603|2022-06-01 07:03:04
330667|0000000757454112              |20220521|140258|019|675|1|30300053|130010002|130752376|1|20220521|134709|8001587|~       |      |~      |1|0|0|      |20220521|~       |0603|2022-06-01 07:03:04
330669|0000000754593541              |20220521|152643|010|676|0|30300041|130010012|130753377|1|20220521|132415|8002703|~       |      |~      |1|1250|0|      |20220521|~       |0603|2022-06-01 07:03:04
330671|0000000778033220              |20220521|102707|015|676|0|30300072|130010001|130759435|1|20220521|084744|8001952|~       |      |~      |1|1250|0|      |20220521|~       |0603|2022-06-01 07:03:04
330673|0000000741796446              |20220521|201347|019|676|0|30300043|130010015|130759615|1|20220521|200404|8002725|~       |      |~      |1|1250|0|      |20220521|~       |0603|2022-06-01 07:03:04
330675|0000000765141919              |20220521|223214|031|676|0|30300070|130010004|130752606|1|20220521|160928|8003101|~       |      |~      |1|1250|0|      |20220521|~       |0603|2022-06-01 07:03:04
330677|0000000921336747              |20220521|121328|010|676|0|30300088|130010002|130752380|1|20220521|113440|8002412|~       |      |~      |1|1250|0|      |20220521|~       |0603|2022-06-01 07:03:04
330679|0000000736692840              |20220521|122554|030|676|1|30300070|130010004|130752283|1|20220521|110900|8002754|~       |      |~      |1|0|0|      |20220521|~       |0603|2022-06-01 07:03:04
330681|0000000734950061              |20220521|135136|006|676|0|30300043|130010015|130759619|1|20220521|131502|8005589|~       |      |~      |1|1250|0|      |20220521|~       |0603|2022-06-01 07:03:04
330683|0000000721035132              |20220521|150714|006|675|1|30300053|130010002|130752386|1|20220521|150435|8002468|~       |      |~      |1|0|0|      |20220521|~       |0603|2022-06-01 07:03:04
330685|0000000773455622              |20220521|152346|010|676|0|30300070|130010004|130752283|1|20220521|145918|8001352|~       |      |~      |1|1250|0|      |20220521|~       |0603|2022-06-01 07:03:04
331139|0000000717697212              |20220521|154026|007|675|0|30300064|130010015|130759624|1|20220521|150323|8002454|~       |      |~      |1|1250|0|      |20220521|~       |0603|2022-06-01 07:03:04
331141|0000000746216154              |20220521|160148|022|675|0|30300064|130010015|130759642|1|20220521|053726|8002454|~       |      |~      |1|1250|0|      |20220521|~       |0603|2022-06-01 07:03:04
331143|0000000731410101              |20220521|104804|025|676|0|30300131|130010008|130752707|1|20220521|103607|8007281|~       |      |~      |1|1250|0|      |20220521|~       |0603|2022-06-01 07:03:04
331145|0000000722810871              |20220521|073824|030|675|0|30300060|130010014|130753241|1|20220521|053832|8001950|~       |      |~      |1|1250|0|      |20220521|~       |0603|2022-06-01 07:03:04
331147|0000000629405519              |20220521|100318|020|675|0|30300077|130010006|130759018|1|20220521|095420|8001197|~       |      |~      |1|1250|0|      |20220521|~       |0603|2022-06-01 07:03:04
331149|0000000703591022              |20220521|104201|007|675|0|30300101|130010002|130752396|1|20220521|095807|8002831|~       |      |~      |1|1250|0|      |20220521|~       |0603|2022-06-01 07:03:04
331151|0000000771202077              |20220521|190230|023|675|1|30300067|130010001|130759777|1|20220521|181351|8001670|~       |      |~      |1|0|0|      |20220521|~       |0603|2022-06-01 07:03:04
331153|0000000743365394              |20220521|193800|004|676|0|30300069|130010001|130759416|1|20220521|180101|8001587|~       |      |~      |1|1250|0|      |20220521|~       |0603|2022-06-01 07:03:04
331155|0000000668943335              |20220521|192812|015|675|0|30300056|130010012|130753325|1|20220521|172139|8002754|~       |      |~      |1|1250|0|      |20220521|~       |0603|2022-06-01 07:03:04
331157|0000000613296660              |20220521|173721|012|676|0|30300069|130010001|130759409|1|20220521|171241|8001587|~       |      |~      |1|1250|0|      |20220521|~       |0603|2022-06-01 07:03:04
331159|0000000758325225              |20220521|210244|025|676|0|30300130|130010008|130752140|1|20220521|202649|8002454|~       |      |~      |1|1250|0|      |20220521|~       |0603|2022-06-01 07:03:04
332853|0000001110339170              |20220521|104943|012|676|0|30300072|130010001|130759435|1|20220521|084744|8002618|20220521|111502|8001421|1|1250|0|      |20220521|20220521|0603|2022-06-01 07:03:04
332855|0000000400129474              |20220521|112620|006|676|0|30300043|130010015|130759632|1|20220521|105804|8005918|20220521|114523|8001405|1|1250|0|      |20220521|20220521|0603|2022-06-01 07:03:04
332857|0000000695901407              |20220521|115551|012|676|0|30300043|130010015|130759603|1|20220521|113656|8001287|20220521|120537|8005918|1|1250|0|      |20220521|20220521|0603|2022-06-01 07:03:04
332859|0000000400166364              |20220521|143633|019|676|1|30300043|130010015|130759630|1|20220521|135903|8001990|20220521|144002|8002729|1|0|0|      |20220521|20220521|0603|2022-06-01 07:03:04
332861|0000000400151572              |20220521|161134|027|676|0|30300043|130010015|130759632|1|20220521|155332|8001243|20220521|162017|8002887|1|1250|0|      |20220521|20220521|0603|2022-06-01 07:03:04
332863|0000000793424502              |20220521|163451|015|676|0|30300072|130010001|130759434|1|20220521|162911|8001589|20220521|164717|8002559|1|1250|0|      |20220521|20220521|0603|2022-06-01 07:03:04
333270|0000000692858207              |20220521|133621|028|674|0|30300100|130010002|130752345|1|20220521|132308|8001029|20220521|141354|9002115|1|1250|0|      |20220521|20220521|0603|2022-06-01 07:03:04
333272|0000000695607406              |20220521|140908|013|675|0|30300077|130010006|130752034|1|20220521|133255|8001929|20220521|143209|8001962|1|1250|0|      |20220521|20220521|0603|2022-06-01 07:03:04
333274|0000000400200776              |20220521|095603|031|675|1|30300045|130010006|130759002|1|20220521|064015|8001491|20220521|100217|8002913|1|0|0|      |20220521|20220521|0603|2022-06-01 07:03:04
333276|0000000789071019              |20220521|085111|013|674|0|30300100|130010002|130752506|1|20220521|083435|8001029|20220521|091424|8001413|1|1250|0|      |20220521|20220521|0603|2022-06-01 07:03:04
333278|0000000400193337              |20220521|112629|012|676|0|30300051|130010008|130752147|1|20220521|105256|8001929|20220521|113216|8002432|1|1250|0|      |20220521|20220521|0603|2022-06-01 07:03:04
333280|0000000788809713              |20220521|112954|005|675|0|30300056|130010012|130753319|1|20220521|094009|8001491|20220521|114218|8002831|1|1250|0|      |20220521|20220521|0603|2022-06-01 07:03:04
333282|0000000488376820              |20220521|153459|027|675|1|30300075|130010005|130759270|1|20220521|144828|8001421|20220521|154216|8002295|1|0|0|      |20220521|20220521|0603|2022-06-01 07:03:04
333284|0000000400117152              |20220521|153846|010|676|0|30300069|130010001|130759715|1|20220521|144549|8002279|20220521|154705|8001132|1|1250|0|      |20220521|20220521|0603|2022-06-01 07:03:04
333286|0000000684188928              |20220521|155625|014|676|0|30300087|130010008|130752123|1|20220521|153801|8001491|20220521|162937|8001576|1|1250|0|      |20220521|20220521|0603|2022-06-01 07:03:04
333288|0000000797806741              |20220521|162722|005|675|0|30300049|130010004|130752216|1|20220521|155202|8001491|20220521|163232|8001731|1|1250|0|      |20220521|20220521|0603|2022-06-01 07:03:04
333290|0000000400195095              |20220521|184244|020|676|0|30300087|130010015|130759622|1|20220521|181758|8001237|20220521|184841|8002279|1|1250|0|      |20220521|20220521|0603|2022-06-01 07:03:04
333292|0000000400143813              |20220521|183427|013|675|0|30300083|130010001|130759722|1|20220521|181112|8002572|20220521|184205|8001246|1|1250|0|      |20220521|20220521|0603|2022-06-01 07:03:04
333294|0000000400195095              |20220521|203640|020|676|3|30300038|130010014|130753524|1|20220521|150149|8002408|20220521|204101|8001704|1|0|0|      |20220521|20220521|0603|2022-06-01 07:03:04
333296|0000000400198251              |20220521|222425|020|675|0|30300081|130010011|130759506|1|20220521|150542|8002088|20220521|224058|8001583|1|1250|0|      |20220521|20220521|0603|2022-06-01 07:03:04
326292|0000000781640370              |20220521|153849|004|676|3|30300070|130010004|130752283|1|20220521|145918|8001874|20220521|161430|8001134|1|0|0|      |20220521|20220521|0603|2022-06-01 07:03:04
326294|0000000691741957              |20220521|162051|021|676|0|30300051|130010008|130752134|1|20220521|155238|8001029|20220521|162748|8002544|1|1250|0|      |20220521|20220521|0603|2022-06-01 07:03:04
326296|0000000693403980              |20220521|184504|023|674|0|30300104|130010002|130752505|1|20220521|183013|8001013|20220521|191120|8001567|1|1250|0|      |20220521|20220521|0603|2022-06-01 07:03:04
326298|0000000186383751              |20220521|184057|010|676|0|30300043|130010015|130759677|1|20220521|180808|8005918|20220521|191011|8002255|1|1250|0|      |20220521|20220521|0603|2022-06-01 07:03:04
326300|0000001110104365              |20220521|192056|028|676|0|30300087|130010015|130759634|1|20220521|190343|8001491|20220521|192735|8001239|1|1250|0|      |20220521|20220521|0603|2022-06-01 07:03:04
326302|0000000695694933              |20220521|192132|021|676|0|30300071|130010009|130759135|1|20220521|142004|8001183|20220521|193826|8001587|1|1250|0|      |20220521|20220521|0603|2022-06-01 07:03:04
326304|0000000690846490              |20220521|193029|009|675|0|30300079|130010009|130759171|1|20220521|143643|8002723|20220521|193420|8002887|1|1250|0|      |20220521|20220521|0603|2022-06-01 07:03:04
326306|0000000400204627              |20220521|204206|030|675|0|30300067|130010001|130759735|1|20220521|195901|8002635|20220521|205433|8002445|1|1250|0|      |20220521|20220521|0603|2022-06-01 07:03:04
326308|0000000400172674              |20220521|171552|001|675|2|30300083|130010001|130759789|1|20220521|125729|8001932|20220521|173116|8001645|1|0|0|      |20220521|20220521|0603|2022-06-01 07:03:04
326310|0000000400193240              |20220521|184323|002|679|0|30300063|130010001|130759719|1|20220521|174915|8001412|20220521|190331|8001801|1|1250|0|      |20220521|20220521|0603|2022-06-01 07:03:04
326312|0000000782071819              |20220521|205443|016|676|0|30300087|130010015|130759622|1|20220521|204452|8002133|20220521|214346|8001604|1|1250|0|      |20220521|20220521|0603|2022-06-01 07:03:04
326314|0000000699163194              |20220521|120124|016|680|0|30300011|130010002|130752559|1|20220521|110502|8005597|20220521|123234|8001714|1|1250|0|      |20220521|20220521|0603|2022-06-01 07:03:04
326316|0000000400203218              |20220521|123542|022|676|1|30300087|130010015|130759614|1|20220521|113709|8001587|20220521|124552|8001276|1|0|0|      |20220521|20220521|0603|2022-06-01 07:03:04
326723|0000000792942474              |20220521|222915|002|832|0|30300128|130710001|130759929|1|20220521|052135|8007412|20220521|230544|8007295|1|1700|300|      |20220521|20220521|0603|2022-06-01 07:03:04
326725|0000000794779515              |20220521|210913|022|676|0|30300090|130010005|130759219|1|20220521|202955|8001919|20220521|211628|8002378|1|1250|0|      |20220521|20220521|0603|2022-06-01 07:03:04
326727|0000000683644681              |20220521|212541|021|676|0|30300039|130010005|130759212|1|20220521|200508|8005558|20220521|214119|8001923|1|1250|0|      |20220521|20220521|0603|2022-06-01 07:03:04
326729|0000000400179123              |20220521|141929|012|675|1|30300095|130010005|130759229|1|20220521|133719|8001604|20220521|142042|8001262|1|0|0|      |20220521|20220521|0603|2022-06-01 07:03:04
332455|0000000756676145              |20220521|181308|014|676|0|30300037|130010006|130752062|1|20220521|173347|8002608|~       |      |~      |1|1250|0|      |20220521|~       |0603|2022-06-01 07:03:04
332457|0000000767109537              |20220521|224217|008|832|0|30300128|130710001|130759919|4|20220521|053033|8007057|~       |      |~      |1|1100|0|      |20220521|~       |0603|2022-06-01 07:03:04
332459|0000000611580955              |20220521|211020|026|675|0|30300064|130010015|130759623|1|20220521|205520|8002437|~       |      |~      |1|1250|0|      |20220521|~       |0603|2022-06-01 07:03:04
332461|0000000721216143              |20220521|214234|025|674|0|30300002|130010007|130759312|1|20220521|213307|8001284|~       |      |~      |1|1250|0|      |20220521|~       |0603|2022-06-01 07:03:04
332463|0000000905664404              |20220521|123315|010|678|0|30300074|130110001|130745028|1|20220520|225012|8001879|~       |      |~      |1|1250|0|      |20220521|~       |0603|2022-06-01 07:03:04
332465|0000000666900639              |20220521|143002|022|675|0|30300060|130010014|130753223|1|20220521|141030|8001852|~       |      |~      |1|1250|0|      |20220521|~       |0603|2022-06-01 07:03:04
332467|0000000771733606              |20220521|113456|017|675|1|30300108|130010007|130759356|1|20220521|095700|8002142|~       |      |~      |1|0|0|      |20220521|~       |0603|2022-06-01 07:03:04
332469|0000000725811035              |20220521|144538|030|676|1|30300071|130010009|130759139|1|20220521|143909|8002824|~       |      |~      |1|0|0|      |20220521|~       |0603|2022-06-01 07:03:04
332471|0000000741114190              |20220521|155818|014|675|1|30300082|130010001|130759739|1|20220521|144556|8001567|~       |      |~      |1|0|0|      |20220521|~       |0603|2022-06-01 07:03:04
332473|0000000639989514              |20220521|085244|030|674|0|30300002|130010007|130759332|1|20220521|080914|8002464|~       |      |~      |1|1250|0|      |20220521|~       |0603|2022-06-01 07:03:04
332475|0000000715211253              |20220521|100731|029|676|0|30300051|130010008|130752147|1|20220521|093046|8002543|~       |      |~      |1|1250|0|      |20220521|~       |0603|2022-06-01 07:03:04
332477|0000000904496512              |20220521|095142|031|676|0|30300041|130010012|130753303|1|20220521|092506|8007555|~       |      |~      |3|1950|0|      |20220521|~       |0603|2022-06-01 07:03:04
332479|0000000910700015              |20220521|190359|026|675|0|30300108|130010007|130759305|1|20220521|190158|8003072|~       |      |~      |1|1250|0|      |20220521|~       |0603|2022-06-01 07:03:04
332481|0000000770175973              |20220521|210003|001|676|1|30300088|130010002|130752372|1|20220521|200911|8002410|~       |      |~      |1|150|0|      |20220521|~       |0603|2022-06-01 07:03:04
332483|0000000709209944              |20220521|170404|001|675|1|30300083|130010001|130759775|1|20220521|165615|8002824|~       |      |~      |1|0|0|      |20220521|~       |0603|2022-06-01 07:03:04
332920|0000000792475175              |20220521|163317|014|675|0|30300077|130010006|130759013|1|20220521|162302|8001495|20220521|165315|8002733|1|1250|0|      |20220521|20220521|0603|2022-06-01 07:03:04
332922|0000000694901317              |20220521|170413|012|676|0|30300071|130010009|130759102|1|20220521|163930|8001463|20220521|172734|8002280|1|1250|0|      |20220521|20220521|0603|2022-06-01 07:03:04
332924|0000000787144774              |20220521|174353|020|674|0|30300100|130010002|130752509|1|20220521|172251|8002432|20220521|175810|8001083|1|1250|0|      |20220521|20220521|0603|2022-06-01 07:03:04
332926|0000000692594500              |20220521|210105|030|675|1|30300077|130010006|130752034|1|20220521|205050|8001197|20220521|210610|8002118|1|0|0|      |20220521|20220521|0603|2022-06-01 07:03:04
332928|0000001118394591              |20220521|125136|012|675|0|30300077|130010006|130752070|1|20220521|123856|8001708|20220521|132034|8002995|1|1250|0|      |20220521|20220521|0603|2022-06-01 07:03:04
332930|0000000400205711              |20220521|072230|007|675|1|30300077|130010006|130759013|1|20220521|071614|8001784|20220521|072456|8001256|1|0|0|      |20220521|20220521|0603|2022-06-01 07:03:04
332932|0000000695607406              |20220521|081504|012|675|0|30300077|130010006|130752018|1|20220521|065950|8001784|20220521|083438|8001927|1|1250|0|      |20220521|20220521|0603|2022-06-01 07:03:04
332934|0000001110071070              |20220521|085331|030|675|0|30300077|130010006|130752034|1|20220521|084310|8001197|20220521|091448|8002628|1|1250|0|      |20220521|20220521|0603|2022-06-01 07:03:04
332936|0000000691615943              |20220521|120047|016|674|0|30300100|130010002|130752360|1|20220521|115127|8001915|20220521|120412|8001153|1|1250|0|      |20220521|20220521|0603|2022-06-01 07:03:04
332938|0000000684606530              |20220521|163203|009|676|0|30300071|130010009|130759139|1|20220521|160501|8001568|20220521|165910|8001464|1|1250|0|      |20220521|20220521|0603|2022-06-01 07:03:04
332940|0000000787884333              |20220521|185135|019|676|0|30300090|130010005|130759260|1|20220521|165453|8001568|20220521|185617|8006006|1|1250|0|      |20220521|20220521|0603|2022-06-01 07:03:04
332942|0000000400144980              |20220521|174021|018|675|0|30300067|130010001|130759481|1|20220521|151753|8001990|20220521|174653|8001414|1|1250|0|      |20220521|20220521|0603|2022-06-01 07:03:04
332944|0000000697631591              |20220521|221253|004|675|0|30300047|130010001|130759408|1|20220521|215606|8005992|20220521|223036|8002118|1|1250|0|      |20220521|20220521|0603|2022-06-01 07:03:04
333405|0000000624033363              |20220521|194602|022|675|0|30300055|130010014|130753249|1|20220521|191140|8002627|20220521|201218|8002064|1|1250|0|      |20220521|20220521|0603|2022-06-01 07:03:04
333407|0000000903891897              |20220521|210625|017|676|0|30300038|130010014|130753272|1|20220521|201139|8002627|20220521|212050|8001401|1|1250|0|      |20220521|20220521|0603|2022-06-01 07:03:04
333409|0000000760459078              |20220521|122651|001|676|0|30300087|130010015|130759622|1|20220521|120407|8002093|20220521|122941|8002258|1|1250|0|      |20220521|20220521|0603|2022-06-01 07:03:04
333411|0000000651722027              |20220521|122848|001|675|0|30300055|130010014|130753249|1|20220521|115130|8002627|20220521|123146|8002627|1|1250|0|      |20220521|20220521|0603|2022-06-01 07:03:04
333413|0000000731894281              |20220521|121936|030|676|0|30300054|130010007|130759382|1|20220521|121056|8001178|20220521|124909|8001325|1|1250|0|      |20220521|20220521|0603|2022-06-01 07:03:04
333415|0000000903313147              |20220521|120600|012|675|0|30300083|130010001|130759771|1|20220521|055552|8002723|20220521|122731|8002287|1|1250|0|      |20220521|20220521|0603|2022-06-01 07:03:04
333417|0000000770308977              |20220521|105849|014|675|0|30300059|130010004|130752274|1|20220521|103759|8002723|20220521|112617|8001988|1|1250|0|      |20220521|20220521|0603|2022-06-01 07:03:04
333419|0000000777253324              |20220521|113832|001|675|0|30300061|130010015|130759643|1|20220521|103840|8002723|20220521|115453|8005504|1|1250|0|      |20220521|20220521|0603|2022-06-01 07:03:04
333421|0000000744141325              |20220521|120724|024|676|0|30300038|130010014|130753255|1|20220521|105326|8002627|20220521|120812|8001414|1|1250|0|      |20220521|20220521|0603|2022-06-01 07:03:04
330929|0000000600952353              |20220521|175742|011|676|0|30300054|130010007|130759362|1|20220521|171858|8001923|~       |      |~      |1|1250|0|      |20220521|~       |0603|2022-06-01 07:03:04
330931|0000000770607912              |20220521|225736|009|676|2|30300037|130010006|130752002|1|20220521|204211|8002608|~       |      |~      |1|0|0|      |20220521|~       |0603|2022-06-01 07:03:04
330933|0000000758574562              |20220521|215311|023|676|0|30300054|130010007|130759383|1|20220521|210307|8001305|~       |      |~      |1|1250|0|      |20220521|~       |0603|2022-06-01 07:03:04
330935|0000000725891152              |20220521|122010|008|676|0|30300037|130010006|130752014|1|20220521|120258|8002340|~       |      |~      |1|1250|0|      |20220521|~       |0603|2022-06-01 07:03:04
330937|0000000730575439              |20220521|134705|006|676|0|30300037|130010006|130752039|1|20220521|134147|8002077|~       |      |~      |1|1250|0|      |20220521|~       |0603|2022-06-01 07:03:04
330939|0000000601190054              |20220521|145556|008|676|0|30300037|130010006|130759011|1|20220521|142306|8001036|~       |      |~      |1|1250|0|      |20220521|~       |0603|2022-06-01 07:03:04
330941|0000000731590571              |20220521|073036|031|676|0|30300054|130010007|130759363|1|20220521|071818|8002977|~       |      |~      |1|1250|0|      |20220521|~       |0603|2022-06-01 07:03:04
330943|0000000766946199              |20220521|101526|011|676|0|30300054|130010007|130759379|1|20220521|091603|8002202|~       |      |~      |1|1250|0|      |20220521|~       |0603|2022-06-01 07:03:04
330945|0000000903369227              |20220521|193117|025|676|0|30300037|130010006|130752039|1|20220521|190227|8002617|~       |      |~      |1|1250|0|      |20220521|~       |0603|2022-06-01 07:03:04
330947|0000000741093376              |20220521|172521|022|675|0|30300058|130010004|130752295|1|20220521|170912|8002240|~       |      |~      |1|1250|0|      |20220521|~       |0603|2022-06-01 07:03:04
330949|0000000739522928              |20220521|183344|004|675|0|30300058|130010004|130752202|1|20220521|174254|8001669|~       |      |~      |1|1250|0|      |20220521|~       |0603|2022-06-01 07:03:04
330951|0000000759559163              |20220521|223457|011|675|0|30300058|130010004|130752294|1|20220521|151509|8002620|~       |      |~      |1|1250|0|      |20220521|~       |0603|2022-06-01 07:03:04
330953|0000000717612909              |20220521|210725|002|675|0|30300058|130010004|130752252|1|20220521|134338|8002620|~       |      |~      |1|1250|0|      |20220521|~       |0603|2022-06-01 07:03:04
330955|0000000921622119              |20220521|123216|011|674|0|30300002|130010007|130759304|1|20220521|120222|8001241|~       |      |~      |1|1250|0|      |20220521|~       |0603|2022-06-01 07:03:04
330957|0000000908529097              |20220521|131406|011|676|0|30300037|130010006|130759012|1|20220521|111551|8002312|~       |      |~      |1|1250|0|      |20220521|~       |0603|2022-06-01 07:03:04
331404|0000000779193076              |20220521|131642|001|675|0|30300047|130010001|130759430|1|20220521|124541|8070012|20220521|133639|8005516|1|1250|0|      |20220521|20220521|0603|2022-06-01 07:03:04
331406|0000000754617983              |20220521|132525|001|676|0|30300054|130010007|130759358|1|20220521|124410|8002556|20220521|132947|8002202|1|1250|0|      |20220521|20220521|0603|2022-06-01 07:03:04
331408|0000000749559208              |20220521|133636|008|675|0|30300082|130010001|130759709|1|20220521|122357|8002556|20220521|134540|8005964|1|1250|0|      |20220521|20220521|0603|2022-06-01 07:03:04
331410|0000000776659512              |20220521|111401|006|675|0|30300062|130010008|130752137|1|20220521|105017|8002794|20220521|113129|8002453|1|1250|0|      |20220521|20220521|0603|2022-06-01 07:03:04
331412|0000000720219338              |20220521|113215|013|675|0|30300060|130010014|130753241|1|20220521|093846|8002705|20220521|120029|8002279|1|1250|0|      |20220521|20220521|0603|2022-06-01 07:03:04
331414|0000000642641905              |20220521|144357|013|675|0|30300062|130010008|130752705|1|20220521|142322|8002794|20220521|145328|8001949|1|1250|0|      |20220521|20220521|0603|2022-06-01 07:03:04
331416|0000000904013090              |20220521|140620|001|676|0|30300089|130010011|130759522|1|20220521|131850|8002556|20220521|142049|8002208|1|1250|0|      |20220521|20220521|0603|2022-06-01 07:03:04
331418|0000000706376976              |20220521|145652|001|676|0|30300089|130010011|130759526|1|20220521|141419|8002556|20220521|153626|8001002|1|1250|0|      |20220521|20220521|0603|2022-06-01 07:03:04
331420|0000000767546533              |20220521|155819|005|675|0|30300058|130010004|130752295|1|20220521|153358|8002705|20220521|161628|8001934|1|1250|0|      |20220521|20220521|0603|2022-06-01 07:03:04
331422|0000000711635200              |20220521|164416|014|674|0|30300104|130010002|130752505|1|20220521|162401|8070012|20220521|165907|8002453|1|1250|0|      |20220521|20220521|0603|2022-06-01 07:03:04
331424|0000000657604252              |20220521|062241|012|675|0|30300058|130010004|130752222|1|20220521|060409|8002705|20220521|064650|8001418|1|1250|0|      |20220521|20220521|0603|2022-06-01 07:03:04
331426|0000000700085163              |20220521|104727|024|674|0|30300100|130010002|130752360|1|20220521|093642|8002433|20220521|110423|8001083|1|1250|0|      |20220521|20220521|0603|2022-06-01 07:03:04
331428|0000000912717860              |20220521|163447|001|675|0|30300145|130010014|130753529|1|20220521|144839|8002955|20220521|165027|8001590|1|1250|0|      |20220521|20220521|0603|2022-06-01 07:03:04
332544|0000000918086531              |20220521|163505|023|676|1|30300131|130010008|130752707|1|20220521|162151|8002452|~       |      |~      |1|0|0|      |20220521|~       |0603|2022-06-01 07:03:04
332546|0000000758523014              |20220521|064312|029|676|0|30300038|130010014|130753506|1|20220521|055342|8001952|~       |      |~      |1|1250|0|      |20220521|~       |0603|2022-06-01 07:03:04
332548|0000000679922819              |20220521|074857|029|675|0|30300060|130010014|130753241|1|20220521|053832|8002453|~       |      |~      |1|1250|0|      |20220521|~       |0603|2022-06-01 07:03:04
332550|0000000762656833              |20220521|091041|031|674|0|30300100|130010002|130752359|1|20220521|090215|8001153|~       |      |~      |1|1250|0|      |20220521|~       |0603|2022-06-01 07:03:04
332552|0000000745199271              |20220521|094741|015|673|0|30300004|130510004|130751008|1|20220521|063012|8001102|~       |      |~      |1|1100|0|      |20220521|~       |0603|2022-06-01 07:03:04
332554|0000000905119419              |20220521|174620|026|676|1|30300093|130010004|130752272|1|20220521|125955|8001036|~       |      |~      |1|0|0|      |20220521|~       |0603|2022-06-01 07:03:04
332556|0000000917975057              |20220521|173510|009|675|0|30300055|130010014|130753227|1|20220521|161925|8005646|~       |      |~      |1|1250|0|      |20220521|~       |0603|2022-06-01 07:03:04
332558|0000000741114190              |20220521|224408|015|676|1|30300054|130010007|130759379|1|20220521|221240|8001922|~       |      |~      |1|0|0|      |20220521|~       |0603|2022-06-01 07:03:04
332560|0000000677580555              |20220521|135007|018|675|0|30300067|130010001|130759707|1|20220521|125738|8001991|~       |      |~      |1|1250|0|      |20220521|~       |0603|2022-06-01 07:03:04
338211|0000000713120481              |20220521|102411|016|677|0|30300129|130010009|130759101|1|20220521|093913|8007356|20220521|104514|8007357|1|1250|0|      |20220521|20220521|0603|2022-06-01 07:03:04
338213|0000000903193890              |20220521|191123|014|675|0|30300108|130010007|130759339|1|20220521|182944|8002663|20220521|191923|8002142|1|1250|0|      |20220521|20220521|0603|2022-06-01 07:03:04
338215|0000000756004722              |20220521|210008|023|675|0|30300145|130010014|130753528|1|20220521|194021|8001196|20220521|210737|8002412|1|1250|0|      |20220521|20220521|0603|2022-06-01 07:03:04
338217|0000000751682970              |20220521|184400|012|675|0|30300145|130010014|130753528|1|20220521|172550|8002742|20220521|185448|8001590|1|1250|0|      |20220521|20220521|0603|2022-06-01 07:03:04
338219|0000000725912890              |20220521|205702|004|675|0|30300149|130810001|130753620|1|20220521|203721|8007549|20220521|211057|8002378|1|1250|0|      |20220521|20220521|0603|2022-06-01 07:03:04
338221|0000000660981296              |20220521|134225|009|675|0|30300060|130010014|130753507|1|20220521|071500|8002279|20220521|134928|8002453|1|1250|0|      |20220521|20220521|0603|2022-06-01 07:03:04
338223|0000000727301605              |20220521|105019|015|675|0|30300065|130010004|130752229|1|20220521|102510|8001876|20220521|105706|8001421|1|1250|0|      |20220521|20220521|0603|2022-06-01 07:03:04
338225|0000000918015528              |20220521|150520|021|675|0|30300145|130010014|130753600|1|20220521|142716|8001196|20220521|151430|8001590|1|1250|0|      |20220521|20220521|0603|2022-06-01 07:03:04
338227|0000000655013081              |20220521|150935|012|675|0|30300057|130010001|130759758|1|20220521|145547|8001665|20220521|151921|8002799|1|1250|0|      |20220521|20220521|0603|2022-06-01 07:03:04
338229|0000000746859839              |20220521|161410|026|675|0|30300145|130010014|130753600|1|20220521|160624|8001193|20220521|162204|8002401|1|1250|0|      |20220521|20220521|0603|2022-06-01 07:03:04
338231|0000000751083928              |20220521|101055|020|680|0|30300052|130010002|130752329|1|20220521|053644|8001927|20220521|101408|8002733|1|1250|0|      |20220521|20220521|0603|2022-06-01 07:03:04
338233|0000000903918098              |20220521|083002|020|675|0|30300127|130010004|130752602|1|20220521|080657|8007283|20220521|083940|8001011|1|1250|0|      |20220521|20220521|0603|2022-06-01 07:03:04
338235|0000000918074036              |20220521|083848|022|674|0|30300002|130010007|130759321|1|20220521|082434|8001792|20220521|084348|8002437|1|1250|0|      |20220521|20220521|0603|2022-06-01 07:03:04
338237|0000000742462166              |20220521|063517|021|675|0|30300092|130010013|130759831|1|20220521|061833|8001555|20220521|064138|8001230|1|1250|0|      |20220521|20220521|0603|2022-06-01 07:03:04
338663|0000000761934047              |20220521|154436|005|675|0|30300060|130010014|130753241|1|20220521|131403|8001852|~       |      |~      |1|1250|0|      |20220521|~       |0603|2022-06-01 07:03:04
338665|0000000918098331              |20220521|160609|001|675|0|30300060|130010014|130753244|1|20220521|140854|8001852|~       |      |~      |1|1250|0|      |20220521|~       |0603|2022-06-01 07:03:04
338667|0000000766179200              |20220521|061917|001|675|0|30300062|130010008|130752135|1|20220521|055544|8002757|~       |      |~      |1|1250|0|      |20220521|~       |0603|2022-06-01 07:03:04
338669|0000000734860558              |20220521|094417|001|675|0|30300056|130010012|130753315|1|20220521|082621|8002706|~       |      |~      |1|1250|0|      |20220521|~       |0603|2022-06-01 07:03:04
338671|0000000761121042              |20220521|104126|011|675|0|30300062|130010008|130752135|1|20220521|074311|8001653|~       |      |~      |1|1250|0|      |20220521|~       |0603|2022-06-01 07:03:04
338673|0000000778822674              |20220521|194213|031|675|0|30300050|130010007|130759369|1|20220521|191800|8001656|~       |      |~      |1|1250|0|      |20220521|~       |0603|2022-06-01 07:03:04
338675|0000000757752675              |20220521|202552|001|675|0|30300050|130010007|130759370|1|20220521|195950|8007549|~       |      |~      |1|1250|0|      |20220521|~       |0603|2022-06-01 07:03:04
338677|0000000764254788              |20220521|200056|003|676|0|30300131|130010008|130752708|1|20220521|192759|8007367|~       |      |~      |1|1250|0|      |20220521|~       |0603|2022-06-01 07:03:04
338679|0000000760064485              |20220521|171247|007|676|0|30300131|130010008|130752723|1|20220521|163508|8002160|~       |      |~      |1|1250|0|      |20220521|~       |0603|2022-06-01 07:03:04
338681|0000000903249242              |20220521|181856|001|676|0|30300131|130010008|130752116|1|20220521|101934|8001089|~       |      |~      |1|1250|0|      |20220521|~       |0603|2022-06-01 07:03:04
338683|0000000905643369              |20220521|175027|001|675|0|30300045|130010006|130759002|1|20220521|174610|8003070|~       |      |~      |1|1250|0|      |20220521|~       |0603|2022-06-01 07:03:04
338685|0000000717207084              |20220521|183010|001|681|0|30300042|130010009|130759125|1|20220521|175233|8001062|~       |      |~      |1|1250|0|      |20220521|~       |0603|2022-06-01 07:03:04
338687|0000000771648310              |20220521|225730|002|681|0|30300042|130010009|130759127|1|20220521|222724|8002757|~       |      |~      |1|1250|0|      |20220521|~       |0603|2022-06-01 07:03:04
338689|0000000725982606              |20220521|124949|008|675|0|30300076|130010014|130753511|1|20220521|120314|8001937|~       |      |~      |1|1250|0|      |20220521|~       |0603|2022-06-01 07:03:04
338691|0000000761190731              |20220521|140528|002|675|0|30300076|130010014|130753615|1|20220521|135347|8001784|~       |      |~      |1|1250|0|      |20220521|~       |0603|2022-06-01 07:03:04
339150|0000000761357501              |20220521|183844|020|676|1|30300089|130010011|130759518|1|20220521|152920|8001418|~       |      |~      |1|0|0|      |20220521|~       |0603|2022-06-01 07:03:04
339152|0000000607825931              |20220521|213329|027|674|0|30300002|130010007|130759304|1|20220521|211023|8001418|~       |      |~      |1|1250|0|      |20220521|~       |0603|2022-06-01 07:03:04
339154|0000000608851305              |20220521|121028|002|676|0|30300089|130010011|130759519|1|20220521|100300|8001418|~       |      |~      |1|1250|0|      |20220521|~       |0603|2022-06-01 07:03:04
339156|0000000730420222              |20220521|134437|008|675|0|30300065|130010004|130752258|1|20220521|130102|8001418|~       |      |~      |1|1250|0|      |20220521|~       |0603|2022-06-01 07:03:04
339158|0000000742149223              |20220521|134923|008|676|0|30300072|130010001|130759432|1|20220521|120717|8002453|~       |      |~      |1|1250|0|      |20220521|~       |0603|2022-06-01 07:03:04
339160|0000000725696457              |20220521|134941|007|675|1|30300060|130010014|130753507|1|20220521|071500|8002453|~       |      |~      |1|0|0|      |20220521|~       |0603|2022-06-01 07:03:04
339162|0000000647209024              |20220521|154025|009|676|0|30300087|130010015|130759636|1|20220521|150637|8002453|~       |      |~      |1|1250|0|      |20220521|~       |0603|2022-06-01 07:03:04
339164|0000000773452378              |20220521|092147|002|674|1|30300002|130010007|130759323|1|20220521|085440|8001418|~       |      |~      |1|0|0|      |20220521|~       |0603|2022-06-01 07:03:04
336136|0000000788601955              |20220521|120718|001|675|1|30300101|130010002|130752332|1|20220521|112520|8001526|20220521|121054|8002106|1|0|0|      |20220521|20220521|0603|2022-06-01 07:03:05
336138|0000000690122738              |20220521|112314|008|680|0|30300052|130010002|130752337|1|20220521|110752|8005159|20220521|124512|8001418|1|1250|250|      |20220521|20220521|0603|2022-06-01 07:03:05
336140|0000000691508014              |20220521|141620|004|676|0|30300037|130010006|130752038|1|20220521|130815|8001097|20220521|142437|8002339|1|1250|0|      |20220521|20220521|0603|2022-06-01 07:03:05
336142|0000000486352476              |20220521|084956|003|678|0|30300074|130010014|130753226|1|20220521|083104|8005253|20220521|091322|8002482|1|1250|50|      |20220521|20220521|0603|2022-06-01 07:03:05
336144|0000000693728915              |20220521|141818|030|675|0|30300055|130010014|130753209|1|20220521|061637|8005561|20220521|142001|8001934|1|1250|0|      |20220521|20220521|0603|2022-06-01 07:03:05
336146|0000000783601188              |20220521|143334|005|676|0|30300130|130010008|130752140|1|20220521|143140|8002447|20220521|144039|8001761|1|1250|0|      |20220521|20220521|0603|2022-06-01 07:03:05
336148|0000000693728915              |20220521|152127|030|681|2|30300006|130010002|130752318|1|20220521|151626|8001493|20220521|160150|8005649|1|0|100|      |20220521|20220521|0603|2022-06-01 07:03:05
336150|0000000400108264              |20220521|154413|031|673|0|30300004|130510004|130751016|1|20220521|061043|8001102|20220521|155951|8002411|1|1100|0|      |20220521|20220521|0603|2022-06-01 07:03:05
336152|0000000788319805              |20220521|184954|007|676|1|30300088|130010002|130752380|1|20220521|174152|8001168|20220521|190817|8002351|1|0|0|      |20220521|20220521|0603|2022-06-01 07:03:05
336154|0000000785169790              |20220521|192353|004|683|1|30300016|130010004|130752275|1|20220521|191404|8001847|20220521|200801|8003058|1|0|1150|      |20220521|20220521|0603|2022-06-01 07:03:05
336156|0000000781403596              |20220521|195931|004|676|0|30300037|130010006|130759021|1|20220521|162702|8002344|20220521|201024|8001096|2|2500|0|      |20220521|20220521|0603|2022-06-01 07:03:05
336158|0000000699251220              |20220521|182924|008|676|0|30300054|130010007|130759383|1|20220521|173101|8001555|20220521|183831|8001793|1|1250|0|      |20220521|20220521|0603|2022-06-01 07:03:05
336565|0000000400107442              |20220521|063406|020|676|0|30300093|130010004|130752250|1|20220521|053830|8002932|20220521|063440|8007002|1|1250|0|      |20220521|20220521|0603|2022-06-01 07:03:05
336567|0000000400192189              |20220521|135410|004|675|0|30300080|130010009|130759152|1|20220521|130020|8001983|20220521|141656|8002357|1|1250|0|      |20220521|20220521|0603|2022-06-01 07:03:05
336569|0000000400173123              |20220521|154215|027|676|0|30300073|130010009|130759112|1|20220521|144232|8002634|20220521|154552|8002480|1|1250|0|      |20220521|20220521|0603|2022-06-01 07:03:05
336571|0000000400162515              |20220521|162328|022|681|0|30300042|130010009|130759121|1|20220521|133204|8001063|20220521|163304|8001587|1|1250|0|      |20220521|20220521|0603|2022-06-01 07:03:05
336573|0000000785548711              |20220521|194932|003|675|1|30300045|130010006|130759003|1|20220521|194529|8001493|20220521|195817|8001731|1|0|0|      |20220521|20220521|0603|2022-06-01 07:03:05
336575|0000000400170367              |20220521|200430|008|675|0|30300056|130010012|130753373|1|20220521|124729|8007484|20220521|203605|8001707|1|1250|0|      |20220521|20220521|0603|2022-06-01 07:03:05
336577|0000000488152950              |20220521|170727|025|675|0|30300045|130010006|130759003|1|20220521|165820|8001278|20220521|171631|8001132|1|1250|0|      |20220521|20220521|0603|2022-06-01 07:03:05
336579|0000000698768661              |20220521|184214|031|675|0|30300061|130010015|130759612|1|20220521|182658|8002888|20220521|185319|8001410|1|1250|0|      |20220521|20220521|0603|2022-06-01 07:03:05
336581|0000000400203745              |20220521|210822|008|675|0|30300075|130010005|130759227|1|20220521|203534|8001421|20220521|211701|8001382|1|1250|0|      |20220521|20220521|0603|2022-06-01 07:03:05
336583|0000000791724420              |20220521|220537|009|676|0|30300036|130010011|130759501|1|20220521|214136|8001074|20220521|220917|8001062|1|1250|0|      |20220521|20220521|0603|2022-06-01 07:03:05
336585|0000000784987963              |20220521|115640|005|676|0|30300039|130010005|130759262|1|20220521|054526|8002142|20220521|115849|8003002|1|1250|0|      |20220521|20220521|0603|2022-06-01 07:03:05
336587|0000000687608317              |20220521|123314|028|676|0|30300086|130010013|130759879|1|20220521|105441|8003022|20220521|124548|8001744|1|1250|0|      |20220521|20220521|0603|2022-06-01 07:03:05
336589|0000000790152964              |20220521|130545|029|676|0|30300036|130010011|130759520|1|20220521|054311|8002376|20220521|131853|8002721|1|1250|0|      |20220521|20220521|0603|2022-06-01 07:03:05
336996|0000000788032816              |20220521|151245|013|675|0|30300060|130010014|130753240|1|20220521|150053|8002705|20220521|152152|8001486|1|1250|0|      |20220521|20220521|0603|2022-06-01 07:03:05
336998|0000001118356288              |20220521|162258|029|675|1|30300075|130010005|130759227|1|20220521|142848|8001097|20220521|165207|8002259|1|0|0|      |20220521|20220521|0603|2022-06-01 07:03:05
337000|0000000689588878              |20220521|192806|013|676|1|30300036|130010012|130753333|1|20220521|181126|8002628|20220521|193529|8001365|1|0|0|      |20220521|20220521|0603|2022-06-01 07:03:05
337002|0000000789156869              |20220521|191313|018|675|0|30300050|130010007|130759342|1|20220521|183405|8005516|20220521|194722|8002765|1|1250|0|      |20220521|20220521|0603|2022-06-01 07:03:05
337004|0000000789156869              |20220521|195345|018|676|1|30300086|130010013|130759808|1|20220521|195104|8002765|20220521|195809|8005552|1|0|0|      |20220521|20220521|0603|2022-06-01 07:03:05
337006|0000000487723984              |20220521|163309|019|675|1|30300056|130010012|130753315|1|20220521|155904|8001053|20220521|163702|8001057|1|0|0|      |20220521|20220521|0603|2022-06-01 07:03:05
337008|0000000785588896              |20220521|170903|014|675|0|30300050|130010007|130759342|1|20220521|170251|8002768|20220521|172319|8002373|1|1250|0|      |20220521|20220521|0603|2022-06-01 07:03:05
337010|0000000793426488              |20220521|174207|016|674|0|30300100|130010002|130752503|1|20220521|174024|8001348|20220521|181509|8001028|1|1250|0|      |20220521|20220521|0603|2022-06-01 07:03:05
337012|0000000693995333              |20220521|224352|030|675|1|30300075|130010005|130759221|1|20220521|220947|8001421|20220521|225244|8001382|1|0|0|      |20220521|20220521|0603|2022-06-01 07:03:05
337014|0000000697571342              |20220521|210923|009|678|1|30300074|130110001|130745012|1|20220519|142459|8001097|20220521|211240|8001039|1|0|0|      |20220521|20220521|0603|2022-06-01 07:03:05
337016|0000000400183173              |20220521|123316|011|675|0|30300056|130010012|130753308|1|20220521|115920|8001204|20220521|125111|8001279|1|1250|0|      |20220521|20220521|0603|2022-06-01 07:03:05
337018|0000000400118168              |20220521|132929|026|675|0|30300045|130010006|130759002|1|20220521|131234|8001278|20220521|133451|8002913|1|1250|0|      |20220521|20220521|0603|2022-06-01 07:03:05
334466|0000000699269166              |20220521|085303|018|675|0|30300046|130010002|130752312|1|20220521|075808|8005996|20220521|090359|8001014|1|1250|0|      |20220521|20220521|0603|2022-06-01 07:03:05
334468|0000000400125761              |20220521|110312|009|675|0|30300046|130010002|130752351|1|20220521|053156|8007103|20220521|110839|8002376|1|1250|0|      |20220521|20220521|0603|2022-06-01 07:03:05
334470|0000000695823560              |20220521|105601|013|675|0|30300065|130010004|130752281|1|20220521|100514|8005875|20220521|110513|8005877|1|1250|0|      |20220521|20220521|0603|2022-06-01 07:03:05
334472|0000000789598932              |20220521|120442|025|675|0|30300065|130010004|130752281|1|20220521|112442|8003054|20220521|121052|8007269|1|1250|0|      |20220521|20220521|0603|2022-06-01 07:03:05
334474|0000000787975883              |20220521|150345|024|676|0|30300068|130010006|130752030|1|20220521|125225|8002790|20220521|151710|8002994|1|1250|0|      |20220521|20220521|0603|2022-06-01 07:03:05
334476|0000000785822349              |20220521|161833|018|676|0|30300068|130010006|130752052|1|20220521|090737|8005920|20220521|162513|8001541|1|1250|0|      |20220521|20220521|0603|2022-06-01 07:03:05
334478|0000000400161364              |20220521|195229|001|678|0|30300074|130010014|130753613|1|20220521|192109|8002822|20220521|201258|8007221|1|1250|0|      |20220521|20220521|0603|2022-06-01 07:03:05
334480|0000000785822890              |20220521|164840|005|676|0|30300069|130010001|130759416|1|20220521|152002|8002220|20220521|171401|8002994|1|1250|0|      |20220521|20220521|0603|2022-06-01 07:03:05
334482|0000000487728669              |20220521|174421|006|675|0|30300080|130010009|130759145|1|20220521|170359|8003012|20220521|174658|8002464|1|1250|0|      |20220521|20220521|0603|2022-06-01 07:03:05
334484|0000000400198780              |20220521|182232|028|675|0|30300057|130010001|130759757|1|20220521|182113|8001280|20220521|183050|8001848|1|1250|0|      |20220521|20220521|0603|2022-06-01 07:03:05
334891|0000001110126225              |20220521|141056|020|675|1|30300079|130010009|130759113|1|20220521|051836|8001538|20220521|141927|8002801|1|0|0|      |20220521|20220521|0603|2022-06-01 07:03:05
334893|0000000486915891              |20220521|084801|023|674|1|30300100|130010002|130752348|1|20220521|075442|8002114|20220521|090233|8001935|1|0|0|      |20220521|20220521|0603|2022-06-01 07:03:05
334895|0000000783455685              |20220521|082552|028|676|0|30300043|130010015|130759603|1|20220521|081613|8005587|20220521|084038|8002554|1|1250|0|      |20220521|20220521|0603|2022-06-01 07:03:05
334897|0000000400187857              |20220521|091136|030|674|0|30300100|130010002|130752359|1|20220521|090215|8002107|20220521|094132|8001413|1|1250|0|      |20220521|20220521|0603|2022-06-01 07:03:05
334899|0000000695731498              |20220521|075956|017|676|0|30300043|130010015|130759607|1|20220521|070157|8003008|20220521|080607|8005921|2|2500|0|      |20220521|20220521|0603|2022-06-01 07:03:05
334901|0000000790279963              |20220521|104350|025|674|0|30300100|130010002|130752367|1|20220521|103052|8001081|20220521|112216|8001348|1|1250|0|      |20220521|20220521|0603|2022-06-01 07:03:05
334903|0000000796746602              |20220521|113146|026|675|0|30300079|130010009|130759123|1|20220521|110314|8002723|20220521|114133|8002628|2|2500|0|      |20220521|20220521|0603|2022-06-01 07:03:05
334905|0000000400171648              |20220521|145732|020|676|0|30300043|130010015|130759615|1|20220521|142915|8001790|20220521|150634|8002602|1|1250|0|      |20220521|20220521|0603|2022-06-01 07:03:05
334907|0000000693693335              |20220521|190021|010|675|0|30300077|130010006|130752070|1|20220521|184811|8001258|20220521|191733|8001940|1|1250|0|      |20220521|20220521|0603|2022-06-01 07:03:05
334909|0000000400205689              |20220521|163310|008|675|0|30300077|130010006|130759013|1|20220521|162302|8001495|20220521|170345|8002995|1|1250|0|      |20220521|20220521|0603|2022-06-01 07:03:05
334911|0000000788541255              |20220521|182750|030|675|1|30300079|130010009|130759120|1|20220521|140812|8001198|20220521|183056|8007444|1|0|0|      |20220521|20220521|0603|2022-06-01 07:03:05
334913|0000000691834197              |20220521|213528|019|675|0|30300077|130010006|130759022|1|20220521|205331|8001040|20220521|214028|8001994|1|1250|0|      |20220521|20220521|0603|2022-06-01 07:03:05
334915|0000000782609009              |20220521|140121|008|675|0|30300081|130010011|130759514|1|20220521|131254|8002452|20220521|140806|8001057|1|1250|0|      |20220521|20220521|0603|2022-06-01 07:03:05
335349|0000000400210379              |20220521|122010|018|676|1|30300087|130010008|130752158|1|20220521|105842|8002119|20220521|122034|8002119|1|0|0|      |20220521|20220521|0603|2022-06-01 07:03:05
335351|0000000400196364              |20220521|121735|018|674|0|30300002|130010007|130759332|1|20220521|115103|8002131|20220521|125839|8001419|1|1250|0|      |20220521|20220521|0603|2022-06-01 07:03:05
335353|0000000788246449              |20220521|090257|025|674|1|30300002|130010007|130759318|1|20220521|075802|8002132|20220521|090736|8001631|1|0|0|      |20220521|20220521|0603|2022-06-01 07:03:05
335355|0000000186452067              |20220521|092621|012|676|2|30300087|130010015|130759614|1|20220521|091216|8002118|20220521|094544|8002279|1|0|0|      |20220521|20220521|0603|2022-06-01 07:03:05
335357|0000000788235313              |20220521|063955|028|674|0|30300002|130010007|130759318|1|20220521|062516|8001284|20220521|065303|8002133|1|1250|0|      |20220521|20220521|0603|2022-06-01 07:03:05
335359|0000000691006001              |20220521|090004|015|676|0|30300087|130010015|130759641|1|20220521|085050|8002847|20220521|100207|8002276|1|1250|0|      |20220521|20220521|0603|2022-06-01 07:03:05
335361|0000000792494168              |20220521|101352|016|676|0|30300087|130010008|130752123|1|20220521|084553|8003011|20220521|102454|8002076|1|1250|0|      |20220521|20220521|0603|2022-06-01 07:03:05
335363|0000000488138502              |20220521|080928|031|674|0|30300002|130010007|130759318|1|20220521|075802|8001963|20220521|081155|8001792|2|2500|0|      |20220521|20220521|0603|2022-06-01 07:03:05
335365|0000000400157644              |20220521|104653|026|674|0|30300002|130010007|130759315|1|20220521|100215|8001430|20220521|105309|8002609|1|1250|0|      |20220521|20220521|0603|2022-06-01 07:03:05
335367|0000000487738629              |20220521|114315|001|676|0|30300087|130010008|130752160|1|20220521|102824|8001560|20220521|114538|8002100|1|1250|0|      |20220521|20220521|0603|2022-06-01 07:03:05
335369|0000001110146853              |20220521|114518|016|676|0|30300087|130010015|130759636|1|20220521|105451|8002088|20220521|120305|8003012|1|1250|0|      |20220521|20220521|0603|2022-06-01 07:03:05
335371|0000000691881145              |20220521|145345|020|676|0|30300087|130010008|130752155|1|20220521|141157|8002075|20220521|152636|8001735|1|1250|0|      |20220521|20220521|0603|2022-06-01 07:03:05
335373|0000000400191340              |20220521|165041|011|674|0|30300002|130010007|130759311|1|20220521|163650|8002050|20220521|170028|8001632|1|1250|0|      |20220521|20220521|0603|2022-06-01 07:03:05
335375|0000000400189891              |20220521|161804|015|676|0|30300087|130010008|130752155|1|20220521|155503|8001731|20220521|164030|8001723|1|1250|0|      |20220521|20220521|0603|2022-06-01 07:03:05
339406|0000000771154078              |20220521|181551|002|674|0|30300100|130010002|130752359|1|20220521|175851|8001029|~       |      |~      |1|1250|0|      |20220521|~       |0603|2022-06-01 07:03:06
339408|0000000719874303              |20220521|222901|006|675|0|30300058|130010004|130752266|1|20220521|215153|8001935|~       |      |~      |1|1250|0|      |20220521|~       |0603|2022-06-01 07:03:06
339410|0000000774467726              |20220521|120039|002|676|0|30300037|130010006|130752027|1|20220521|115605|8002920|~       |      |~      |1|1250|0|      |20220521|~       |0603|2022-06-01 07:03:06
339412|0000000656104078              |20220521|122933|002|676|0|30300051|130010008|130752106|1|20220521|065647|8001935|~       |      |~      |1|1250|0|      |20220521|~       |0603|2022-06-01 07:03:06
339414|0000000760034502              |20220521|135359|002|676|0|30300093|130010004|130752225|1|20220521|123453|8001555|~       |      |~      |1|1250|0|      |20220521|~       |0603|2022-06-01 07:03:06
339416|0000000703557011              |20220521|115049|019|676|0|30300037|130010006|130759023|1|20220521|111546|8002920|~       |      |~      |1|1250|0|      |20220521|~       |0603|2022-06-01 07:03:06
339418|0000000668343975              |20220521|143913|002|676|0|30300051|130010008|130752124|1|20220521|140641|8001935|~       |      |~      |1|1250|0|      |20220521|~       |0603|2022-06-01 07:03:06
339420|0000000755655910              |20220521|063809|004|674|0|30300100|130010002|130752383|1|20220521|061347|8001081|~       |      |~      |1|1250|0|      |20220521|~       |0603|2022-06-01 07:03:06
339835|0000000610884971              |20220521|094053|002|676|0|30300040|130010007|130759365|1|20220521|091220|8002757|20220521|101633|8001097|1|1250|0|      |20220521|20220521|0603|2022-06-01 07:03:06
339837|0000000908142856              |20220521|184611|018|676|0|30300040|130010013|130759813|1|20220521|183927|8002941|20220521|185009|8002721|1|1250|0|      |20220521|20220521|0603|2022-06-01 07:03:06
339839|0000000911278523              |20220521|191619|001|676|0|30300090|130010005|130759225|1|20220521|184402|8006006|20220521|192159|8002760|1|1250|0|      |20220521|20220521|0603|2022-06-01 07:03:06
339841|0000000465629802              |20220521|200932|001|675|0|30300047|130010001|130759732|1|20220521|192636|8005990|20220521|201521|8002997|1|1250|0|      |20220521|20220521|0603|2022-06-01 07:03:06
339843|0000000715175417              |20220521|171151|003|675|0|30300053|130010002|130752394|1|20220521|170408|8006006|20220521|171732|8002425|1|1250|0|      |20220521|20220521|0603|2022-06-01 07:03:06
339845|0000000771532701              |20220521|182743|001|676|0|30300087|130010015|130759636|1|20220521|173806|8006006|20220521|183523|8001587|1|1250|0|      |20220521|20220521|0603|2022-06-01 07:03:06
339847|0000000741277282              |20220521|182522|001|675|0|30300047|130010001|130759723|1|20220521|173934|8005990|20220521|183046|8002997|1|1250|0|      |20220521|20220521|0603|2022-06-01 07:03:06
339849|0000000904440835              |20220521|223615|013|675|0|30300047|130010001|130759436|1|20220521|215549|8005990|20220521|224141|8002412|1|1250|0|      |20220521|20220521|0603|2022-06-01 07:03:06
339851|0000000600902332              |20220521|221116|004|676|0|30300041|130010012|130753310|1|20220521|215832|8005990|20220521|221734|8002997|1|1250|0|      |20220521|20220521|0603|2022-06-01 07:03:06
339853|0000000773178428              |20220521|133951|027|675|0|30300047|130010001|130759408|1|20220521|132538|8002941|20220521|134553|8002721|1|1250|0|      |20220521|20220521|0603|2022-06-01 07:03:06
339855|0000000912514688              |20220521|140206|001|676|0|30300090|130010005|130759206|1|20220521|135231|8005990|20220521|140605|8002412|1|1250|0|      |20220521|20220521|0603|2022-06-01 07:03:06
339857|0000000910440974              |20220521|140107|001|676|0|30300090|130010005|130759206|1|20220521|135231|8005990|20220521|143334|8002760|1|1250|0|      |20220521|20220521|0603|2022-06-01 07:03:06
339859|0000000705752340              |20220521|145038|008|675|0|30300059|130010004|130752218|1|20220521|144528|8006006|20220521|150005|8001587|1|1250|0|      |20220521|20220521|0603|2022-06-01 07:03:06
340266|0000000779218248              |20220521|162854|001|676|0|30300038|130010014|130753201|1|20220521|153833|8002330|20220521|170334|8001952|1|1250|0|      |20220521|20220521|0603|2022-06-01 07:03:06
340268|0000000656766373              |20220521|171139|013|675|0|30300058|130010004|130752295|1|20220521|170912|8001983|20220521|171638|8002608|1|1250|0|      |20220521|20220521|0603|2022-06-01 07:03:06
340270|0000000911464800              |20220521|172718|001|676|0|30300093|130010004|130752250|1|20220521|160635|8002207|20220521|173834|8001398|1|1250|0|      |20220521|20220521|0603|2022-06-01 07:03:06
340272|0000000725719001              |20220521|205450|002|676|0|30300051|130010008|130752121|1|20220521|201711|8002330|20220521|211619|8002545|1|1250|0|      |20220521|20220521|0603|2022-06-01 07:03:06
340274|0000000918343705              |20220521|210606|001|674|0|30300100|130010002|130752345|1|20220521|200325|8002330|20220521|212518|8002119|1|1250|0|      |20220521|20220521|0603|2022-06-01 07:03:06
340276|0000000741045810              |20220521|121653|006|676|0|30300038|130010014|130753203|1|20220521|121025|8001983|20220521|122358|8001612|1|1250|0|      |20220521|20220521|0603|2022-06-01 07:03:06
340278|0000000763513418              |20220521|122220|023|676|0|30300089|130010011|130759522|1|20220521|112424|8002207|20220521|124358|8001378|1|1250|0|      |20220521|20220521|0603|2022-06-01 07:03:06
340280|0000000774219478              |20220521|134723|001|676|0|30300093|130010004|130752214|1|20220521|131628|8002207|20220521|143406|8001419|1|1250|0|      |20220521|20220521|0603|2022-06-01 07:03:06
340282|0000000918440265              |20220521|103942|001|676|0|30300093|130010004|130752219|1|20220521|100839|8002207|20220521|111820|8001419|1|1250|0|      |20220521|20220521|0603|2022-06-01 07:03:06
340284|0000000769959608              |20220521|111616|003|676|0|30300089|130010011|130759576|1|20220521|092811|8002207|20220521|113512|8002468|1|1250|0|      |20220521|20220521|0603|2022-06-01 07:03:06
340286|0000000725176245              |20220521|135806|001|676|0|30300038|130010014|130753502|1|20220521|135128|8001983|20220521|142827|8002330|1|1250|0|      |20220521|20220521|0603|2022-06-01 07:03:06
340288|0000000772657967              |20220521|135955|001|675|0|30300058|130010004|130752222|1|20220521|123614|8001983|20220521|144415|8001935|1|1250|0|      |20220521|20220521|0603|2022-06-01 07:03:06
340290|0000000678708040              |20220521|160651|001|676|0|30300051|130010008|130752103|1|20220521|154345|8002330|20220521|163633|8001028|1|1250|0|      |20220521|20220521|0603|2022-06-01 07:03:06
340292|0000000720019113              |20220521|085753|001|675|0|30300080|130010009|130759108|1|20220521|080103|8001983|20220521|090727|8001096|1|1250|0|      |20220521|20220521|0603|2022-06-01 07:03:06
333703|0000000921705468              |20220521|085801|001|675|0|30300082|130010001|130759703|1|20220521|081951|8005646|20220521|090310|8001411|1|1250|0|      |20220521|20220521|0603|2022-06-01 07:03:06
333705|0000000903820145              |20220521|094704|001|675|0|30300108|130010007|130759305|1|20220521|094114|8002961|20220521|095139|8002492|1|1250|0|      |20220521|20220521|0603|2022-06-01 07:03:06
337661|0000000904270160              |20220521|130148|030|681|0|30300042|130010009|130759140|1|20220521|122851|8001949|20220521|130811|8001056|1|1250|0|      |20220521|20220521|0603|2022-06-01 07:03:06
337663|0000000903928428              |20220521|141742|015|675|0|30300047|130010001|130759433|1|20220521|140857|8001193|20220521|142334|8002411|1|1250|0|      |20220521|20220521|0603|2022-06-01 07:03:06
337665|0000000910148083              |20220521|151346|013|675|0|30300049|130010004|130752276|1|20220521|124708|8001205|20220521|153647|8002407|1|1250|0|      |20220521|20220521|0603|2022-06-01 07:03:06
337667|0000000754652334              |20220521|163128|013|675|0|30300049|130010004|130752240|1|20220521|153840|8001735|20220521|163427|8001276|1|1250|0|      |20220521|20220521|0603|2022-06-01 07:03:06
337669|0000000903750490              |20220521|073539|028|675|0|30300047|130010001|130759702|1|20220521|072604|8002411|20220521|075739|8001014|1|1250|0|      |20220521|20220521|0603|2022-06-01 07:03:06
338076|0000000650204923              |20220521|180245|022|674|0|30300100|130010002|130752348|1|20220521|174700|8007042|20220521|181018|8002432|1|1250|0|      |20220521|20220521|0603|2022-06-01 07:03:06
338078|0000000918313648              |20220521|212915|014|675|0|30300081|130010011|130759582|1|20220521|142117|8002969|20220521|213536|8002452|1|1250|0|      |20220521|20220521|0603|2022-06-01 07:03:06
338080|0000000751026925              |20220521|132313|003|675|0|30300062|130010008|130752162|1|20220521|123423|8001669|20220521|133002|8001856|1|1250|0|      |20220521|20220521|0603|2022-06-01 07:03:06
338082|0000000743344589              |20220521|113511|001|675|0|30300081|130010011|130759515|1|20220521|111238|8002168|20220521|114127|8002100|1|1250|0|      |20220521|20220521|0603|2022-06-01 07:03:06
338084|0000000734275469              |20220521|114938|006|675|0|30300081|130010011|130759582|1|20220521|104800|8001588|20220521|115246|8001784|1|1250|0|      |20220521|20220521|0603|2022-06-01 07:03:06
338086|0000000751745272              |20220521|142911|010|675|0|30300062|130010008|130752131|1|20220521|141847|8001922|20220521|145840|8002429|1|1250|0|      |20220521|20220521|0603|2022-06-01 07:03:06
338088|0000000748565415              |20220521|152757|021|675|0|30300062|130010008|130752162|1|20220521|143113|8002453|20220521|153639|8002202|1|1250|0|      |20220521|20220521|0603|2022-06-01 07:03:06
338090|0000000746093517              |20220521|094632|028|674|0|30300100|130010002|130752381|1|20220521|092024|8001492|20220521|095119|8001934|1|1250|0|      |20220521|20220521|0603|2022-06-01 07:03:06
338092|0000000601536846              |20220521|073359|018|675|0|30300081|130010011|130759571|1|20220521|054002|8006007|20220521|073637|8001986|1|1250|0|      |20220521|20220521|0603|2022-06-01 07:03:06
338094|0000000447747624              |20220521|194223|019|675|0|30300047|130010001|130759430|1|20220521|192532|8005993|20220521|194856|8003101|1|1250|0|      |20220521|20220521|0603|2022-06-01 07:03:06
338096|0000000650622346              |20220521|204636|001|675|0|30300079|130010009|130759120|1|20220521|140812|8002313|20220521|205751|8002454|1|1250|0|      |20220521|20220521|0603|2022-06-01 07:03:06
338098|0000000909222815              |20220521|181744|029|675|0|30300077|130010006|130752070|1|20220521|165735|8001935|20220521|184148|8002754|1|1250|0|      |20220521|20220521|0603|2022-06-01 07:03:06
338100|0000000918195106              |20220521|180539|021|675|0|30300079|130010009|130759134|1|20220521|165918|8001996|20220521|180916|8002311|1|1250|0|      |20220521|20220521|0603|2022-06-01 07:03:06
338102|0000000752978840              |20220521|220618|013|675|0|30300079|130010009|130759111|1|20220521|153319|8002316|20220521|221847|8002454|1|1250|0|      |20220521|20220521|0603|2022-06-01 07:03:06
338513|0000000772721900              |20220521|113903|001|676|0|30300043|130010015|130759630|1|20220521|103533|8001244|~       |      |~      |1|1250|0|      |20220521|~       |0603|2022-06-01 07:03:06
338515|0000000903143334              |20220521|152027|001|676|0|30300093|130010004|130752214|1|20220521|145927|8001647|~       |      |~      |1|1250|0|      |20220521|~       |0603|2022-06-01 07:03:06
338517|0000000921986619              |20220521|161656|001|676|0|30300043|130010015|130759608|1|20220521|155214|8005918|~       |      |~      |1|1250|0|      |20220521|~       |0603|2022-06-01 07:03:06
338519|0000000609007818              |20220521|161500|026|675|0|30300091|130010013|130759876|1|20220521|143654|8001647|~       |      |~      |1|1250|0|      |20220521|~       |0603|2022-06-01 07:03:06
338521|0000000906409910              |20220521|170148|001|675|0|30300091|130010013|130759877|1|20220521|160718|8007270|~       |      |~      |1|1250|0|      |20220521|~       |0603|2022-06-01 07:03:06
338523|0000000748765847              |20220521|084902|001|676|0|30300043|130010015|130759603|1|20220521|081613|8001252|~       |      |~      |1|1250|0|      |20220521|~       |0603|2022-06-01 07:03:06
338525|0000000906752017              |20220521|102250|001|676|0|30300043|130010015|130759604|1|20220521|093634|8002649|~       |      |~      |1|1250|0|      |20220521|~       |0603|2022-06-01 07:03:06
338527|0000000736761303              |20220521|105711|001|675|0|30300077|130010006|130752034|1|20220521|102449|8001929|~       |      |~      |1|1250|0|      |20220521|~       |0603|2022-06-01 07:03:06
338529|0000000761713879              |20220521|190934|001|675|0|30300081|130010011|130759506|1|20220521|150542|8001629|~       |      |~      |1|1250|0|      |20220521|~       |0603|2022-06-01 07:03:06
338531|0000000737187152              |20220521|200909|001|675|0|30300101|130010002|130752332|1|20220521|154527|8001028|~       |      |~      |1|1250|0|      |20220521|~       |0603|2022-06-01 07:03:06
338533|0000000442259847              |20220521|170507|030|675|0|30300081|130010011|130759533|1|20220521|165428|8001987|~       |      |~      |1|1250|0|      |20220521|~       |0603|2022-06-01 07:03:06
338535|0000000903965832              |20220521|175325|001|675|0|30300101|130010002|130752326|1|20220521|171037|8001115|~       |      |~      |1|1250|0|      |20220521|~       |0603|2022-06-01 07:03:06
338537|0000000757669843              |20220521|181737|005|675|0|30300064|130010015|130759642|1|20220521|053726|8001253|~       |      |~      |1|1250|0|      |20220521|~       |0603|2022-06-01 07:03:06
338539|0000000619697295              |20220521|222707|002|675|0|30300064|130010015|130759623|1|20220521|222413|8005527|~       |      |~      |1|1250|0|      |20220521|~       |0603|2022-06-01 07:03:06
338541|0000000918341009              |20220521|212429|001|675|0|30300079|130010009|130759171|1|20220521|143643|8002724|~       |      |~      |1|1250|0|      |20220521|~       |0603|2022-06-01 07:03:06
338997|0000000906059679              |20220521|201114|001|676|0|30300054|130010007|130759358|1|20220521|193533|8001567|~       |      |~      |2|1600|0|      |20220521|~       |0603|2022-06-01 07:03:06
338999|0000000908413471              |20220521|172854|001|680|0|30300018|130010004|130752239|1|20220521|165851|8001081|~       |      |~      |2|1600|0|      |20220521|~       |0603|2022-06-01 07:03:06
339001|0000000918440181              |20220521|174940|001|673|0|30300004|130510004|130751007|1|20220521|055405|8001590|~       |      |~      |1|1100|0|      |20220521|~       |0603|2022-06-01 07:03:06
335583|0000000706392065              |20220521|065108|024|675|0|30300084|130010001|130759752|1|20220521|061642|8001408|20220521|065313|8002631|1|1250|0|      |20220521|20220521|0603|2022-06-01 07:03:06
335585|0000000756692467              |20220521|104326|009|675|0|30300145|130010014|130753600|1|20220521|095609|8002412|20220521|104823|8001192|1|1250|0|      |20220521|20220521|0603|2022-06-01 07:03:06
335587|0000000903935068              |20220521|082027|028|675|0|30300065|130010004|130752234|1|20220521|074635|8002727|20220521|085014|8005877|1|1250|0|      |20220521|20220521|0603|2022-06-01 07:03:06
335589|0000000774150000              |20220521|090809|028|675|0|30300059|130010004|130752246|1|20220521|085103|8002601|20220521|093736|8002814|1|1250|0|      |20220521|20220521|0603|2022-06-01 07:03:06
335591|0000000768851768              |20220521|172130|026|675|0|30300092|130010013|130759825|1|20220521|154707|8001556|20220521|172714|8005511|1|1250|0|      |20220521|20220521|0603|2022-06-01 07:03:06
335998|0000000186108892              |20220521|120336|004|675|0|30300045|130010006|130752047|1|20220521|085501|8003072|20220521|122713|8002997|1|1250|0|      |20220521|20220521|0603|2022-06-01 07:03:06
336000|0000000787627826              |20220521|132652|011|675|1|30300050|130010007|130759350|1|20220521|124940|8001192|20220521|134859|8002208|1|0|0|      |20220521|20220521|0603|2022-06-01 07:03:06
336002|0000000791919265              |20220521|095845|012|832|0|30300128|130710001|130759915|1|20220521|063827|3014014|20220521|101354|8007055|1|1700|300|      |20220521|20220521|0603|2022-06-01 07:03:06
336004|0000000400090557              |20220521|103704|012|676|0|30300037|130010006|130752002|1|20220521|101618|8001590|20220521|105629|8002235|1|1250|0|      |20220521|20220521|0603|2022-06-01 07:03:06
336006|0000000186020096              |20220521|090404|002|675|0|30300057|130010001|130759757|1|20220521|083810|8002888|20220521|093148|8001281|1|1250|0|      |20220521|20220521|0603|2022-06-01 07:03:06
336008|0000000691845144              |20220521|111438|012|676|0|30300088|130010006|130752023|1|20220521|102813|8002955|20220521|112607|8002960|1|1250|0|      |20220521|20220521|0603|2022-06-01 07:03:06
336010|0000000798010836              |20220521|151701|003|676|1|30300040|130010013|130759873|1|20220521|142309|8007280|20220521|153413|8001097|1|0|0|      |20220521|20220521|0603|2022-06-01 07:03:06
336012|0000000481391047              |20220521|194539|003|676|0|30300051|130010008|130752125|1|20220521|193808|8001096|20220521|195437|8001420|1|1250|0|      |20220521|20220521|0603|2022-06-01 07:03:06
336014|0000000697812527              |20220521|173352|004|676|0|30300093|130010004|130752214|1|20220521|172153|8002909|20220521|175606|8007101|1|1250|0|      |20220521|20220521|0603|2022-06-01 07:03:06
336016|0000000791337891              |20220521|173806|002|832|0|30300128|130710001|130759921|1|20220521|055422|8005504|20220521|181623|8007293|2|3400|600|      |20220521|20220521|0603|2022-06-01 07:03:06
336018|0000000699035213              |20220521|220830|007|676|3|30300087|130010015|130759679|1|20220521|211422|8002276|20220521|221804|8001279|1|0|0|      |20220521|20220521|0603|2022-06-01 07:03:06
336020|0000000697913256              |20220521|122738|004|675|0|30300055|130010014|130753221|1|20220521|054955|8001403|20220521|124323|8001412|1|1250|0|      |20220521|20220521|0603|2022-06-01 07:03:06
336022|0000000698846211              |20220521|135544|016|675|0|30300053|130010002|130752386|4|20220521|135338|8001580|20220521|140256|8002351|1|750|0|      |20220521|20220521|0603|2022-06-01 07:03:06
336429|0000000789571735              |20220521|183455|009|675|0|30300058|130010004|130752291|4|20220521|175643|8002620|20220521|185807|8001086|1|750|0|      |20220521|20220521|0603|2022-06-01 07:03:06
336431|0000001110176409              |20220521|195920|025|676|0|30300090|130010005|130759218|4|20220521|192321|8002453|20220521|200311|8001988|1|750|0|      |20220521|20220521|0603|2022-06-01 07:03:06
336433|0000001110176409              |20220521|203557|025|676|1|30300054|130010007|130759363|4|20220521|195657|8001568|20220521|204136|8002452|1|0|0|      |20220521|20220521|0603|2022-06-01 07:03:06
336435|0000000480923054              |20220521|164521|008|676|1|30300037|130010006|130752005|1|20220521|160210|8002100|20220521|170232|8002378|1|0|0|      |20220521|20220521|0603|2022-06-01 07:03:06
336437|0000000792752464              |20220521|075455|001|676|0|30300071|130010009|130759102|1|20220521|072248|8001922|20220521|075744|8001568|1|1250|0|      |20220521|20220521|0603|2022-06-01 07:03:06
336439|0000000400191396              |20220521|103900|019|676|0|30300090|130010005|130759205|1|20220521|102437|8002412|20220521|105452|8002468|1|1250|0|      |20220521|20220521|0603|2022-06-01 07:03:06
336441|0000000400110523              |20220521|110555|026|676|0|30300090|130010005|130759206|1|20220521|104036|8001287|20220521|115143|8001532|1|1250|0|      |20220521|20220521|0603|2022-06-01 07:03:06
336443|0000000796472661              |20220521|145111|015|676|1|30300071|130010009|130759139|1|20220521|143909|8002572|20220521|145335|8001660|1|0|0|      |20220521|20220521|0603|2022-06-01 07:03:06
336445|0000000699801719              |20220521|145716|023|675|0|30300064|130010015|130759670|1|20220521|134430|8001625|20220521|151212|8002437|1|1250|0|      |20220521|20220521|0603|2022-06-01 07:03:06
336447|0000000797668002              |20220521|163704|022|676|0|30300043|130010015|130759630|1|20220521|152316|8001988|20220521|164855|8005921|1|1250|0|      |20220521|20220521|0603|2022-06-01 07:03:06
336449|0000000698007722              |20220521|201455|007|675|0|30300067|130010001|130759481|1|20220521|193252|8002630|20220521|205353|8001713|1|1250|0|      |20220521|20220521|0603|2022-06-01 07:03:06
336451|0000000699561506              |20220521|165844|023|675|0|30300077|130010006|130752034|1|20220521|163825|8001419|20220521|170633|8001875|1|1250|0|      |20220521|20220521|0603|2022-06-01 07:03:06
336453|0000000788875144              |20220521|215409|012|675|0|30300082|130010001|130759770|1|20220521|214529|8001395|20220521|223516|8001791|1|1250|0|      |20220521|20220521|0603|2022-06-01 07:03:06
336455|0000000796852898              |20220521|211738|016|675|0|30300077|130010006|130759018|1|20220521|155831|8002432|20220521|212409|8001709|1|1250|0|      |20220521|20220521|0603|2022-06-01 07:03:06
336862|0000000695416616              |20220521|201119|031|675|0|30300083|130010001|130759771|1|20220521|194435|8001790|20220521|203040|8001491|1|1250|0|      |20220521|20220521|0603|2022-06-01 07:03:06
336864|0000000780868353              |20220521|162853|002|676|0|30300043|130010015|130759602|1|20220521|101410|8002636|20220521|165948|8002378|1|1250|0|      |20220521|20220521|0603|2022-06-01 07:03:06
336866|0000000694721563              |20220521|172257|023|675|0|30300067|130010001|130759424|1|20220521|161232|8002442|20220521|173457|8005877|1|1250|0|      |20220521|20220521|0603|2022-06-01 07:03:06
336868|0000000789761929              |20220521|171556|031|676|0|30300071|130010009|130759146|1|20220521|162423|8001587|20220521|173800|8001464|1|1250|0|      |20220521|20220521|0603|2022-06-01 07:03:06
336870|0000000693087309              |20220521|170522|024|676|0|30300071|130010009|130759105|1|20220521|133154|8002572|20220521|174222|8001074|1|1250|0|      |20220521|20220521|0603|2022-06-01 07:03:06
302104|0000000670274711              |20220521|185424|023|676|1|30300130|130010008|130752148|1|20220521|181400|8001349|20220521|190036|8001236|1|0|0|      |20220521|20220521|0603|2022-06-01 07:02:43
302511|0000000760290414              |20220521|125430|027|674|1|30300100|130010002|130752397|1|20220521|123008|8001929|20220521|130059|8001715|1|0|0|      |20220521|20220521|0603|2022-06-01 07:02:43
302513|0000000753898453              |20220521|132333|020|676|2|30300070|130010004|130752226|1|20220521|122953|8001943|20220521|133339|8002729|1|0|0|      |20220521|20220521|0603|2022-06-01 07:02:43
302515|0000000711691726              |20220521|153106|010|676|1|30300087|130010008|130752155|1|20220521|141157|8001279|20220521|154222|8007445|1|0|0|      |20220521|20220521|0603|2022-06-01 07:02:43
302517|0000000658715163              |20220521|163802|029|675|1|30300108|130010007|130759303|1|20220521|154248|8002412|20220521|164122|8001192|1|0|0|      |20220521|20220521|0603|2022-06-01 07:02:43
302519|0000000741839421              |20220521|080745|020|676|1|30300037|130010006|130752027|1|20220521|074948|8002412|20220521|081134|8002984|1|0|0|      |20220521|20220521|0603|2022-06-01 07:02:43
302521|0000000776827441              |20220521|103715|020|676|1|30300051|130010008|130752121|1|20220521|102013|8001420|20220521|104146|8002330|1|0|0|      |20220521|20220521|0603|2022-06-01 07:02:43
302523|0000000727322227              |20220521|190039|019|676|1|30300051|130010008|130752106|1|20220521|183141|8002454|20220521|191127|8001929|1|0|0|      |20220521|20220521|0603|2022-06-01 07:02:43
302525|0000000910588340              |20220521|195213|007|676|1|30300037|130010006|130752045|1|20220521|171954|8002974|20220521|195817|8002921|1|0|0|      |20220521|20220521|0603|2022-06-01 07:02:43
302527|0000000611845735              |20220521|195213|003|676|1|30300086|130010013|130759879|1|20220521|181027|8001097|20220521|202559|8002892|1|500|0|      |20220521|20220521|0603|2022-06-01 07:02:43
302529|0000000904214466              |20220521|155156|017|675|0|30300084|130010001|130759441|2|20220521|145141|8001429|20220521|160533|8002457|1|350|0|      |20220521|20220521|0603|2022-06-01 07:02:43
302531|0000000655909754              |20220521|222812|018|676|1|30300131|130010008|130752716|1|20220521|221914|8001078|20220521|225600|8007282|1|0|0|      |20220521|20220521|0603|2022-06-01 07:02:43
302533|0000000751208248              |20220521|204908|029|675|2|30300067|130010001|130759735|1|20220521|195901|8001670|20220521|205911|8005875|1|0|0|      |20220521|20220521|0603|2022-06-01 07:02:43
302535|0000000921445171              |20220521|211931|005|675|1|30300056|130010012|130753322|4|20220521|201822|8001168|20220521|212746|8007556|1|0|0|      |20220521|20220521|0603|2022-06-01 07:02:43
302942|0000000778311677              |20220521|170100|005|676|0|30300054|130010007|130759379|1|20220521|161759|8001923|20220521|171901|8001555|1|1250|0|      |20220521|20220521|0603|2022-06-01 07:02:43
302944|0000000904757496              |20220521|183746|030|676|0|30300089|130010011|130759513|1|20220521|180137|8001923|20220521|184758|8002208|1|1250|0|      |20220521|20220521|0603|2022-06-01 07:02:43
302946|0000000778041795              |20220521|121334|003|676|0|30300072|130010001|130759434|1|20220521|113537|8002658|20220521|123638|8001078|1|1250|0|      |20220521|20220521|0603|2022-06-01 07:02:43
302948|0000000670624409              |20220521|132600|024|676|0|30300037|130010006|130759024|1|20220521|131736|8002658|20220521|133523|8002558|1|1250|0|      |20220521|20220521|0603|2022-06-01 07:02:43
302950|0000000768954386              |20220521|150114|017|676|0|30300093|130010004|130752225|1|20220521|144426|8001556|20220521|151438|8007030|1|1250|0|      |20220521|20220521|0603|2022-06-01 07:02:43
302952|0000000713643457              |20220521|081304|027|676|0|30300090|130010005|130759207|1|20220521|075857|8002658|20220521|082935|8002954|1|1250|0|      |20220521|20220521|0603|2022-06-01 07:02:43
302954|0000000772592423              |20220521|093838|003|676|0|30300093|130010004|130752214|1|20220521|092246|8001556|20220521|095145|8002532|1|1250|0|      |20220521|20220521|0603|2022-06-01 07:02:43
302956|0000000903074635              |20220521|105046|013|676|0|30300040|130010007|130759365|1|20220521|103545|8001400|20220521|105514|8001096|1|1250|0|      |20220521|20220521|0603|2022-06-01 07:02:43
302958|0000000713522147              |20220521|190713|006|676|0|30300041|130010012|130753370|1|20220521|182419|8001077|20220521|192624|8001773|1|1250|0|      |20220521|20220521|0603|2022-06-01 07:02:43
302960|0000000635583582              |20220521|192450|009|676|0|30300041|130010012|130753304|1|20220521|165459|8001077|20220521|194828|8005993|1|1250|0|      |20220521|20220521|0603|2022-06-01 07:02:43
302962|0000000712423506              |20220521|201635|009|676|0|30300054|130010007|130759358|1|20220521|193533|8001923|20220521|203609|8001555|1|1250|0|      |20220521|20220521|0603|2022-06-01 07:02:43
302964|0000000740150506              |20220521|164701|003|676|0|30300130|130010008|130752148|1|20220521|161824|8002305|20220521|170258|8002454|1|1250|0|      |20220521|20220521|0603|2022-06-01 07:02:43
302966|0000000741933302              |20220521|181419|017|676|0|30300041|130010012|130753326|1|20220521|172404|8001077|20220521|182247|8003008|1|1250|0|      |20220521|20220521|0603|2022-06-01 07:02:43
302968|0000000918295407              |20220521|183016|003|676|0|30300037|130010006|130752002|1|20220521|172207|8002984|20220521|183821|8002559|1|1250|0|      |20220521|20220521|0603|2022-06-01 07:02:43
303375|0000000739200790              |20220521|062514|007|676|0|30300040|130010007|130759389|1|20220521|053758|8001407|20220521|063031|8001097|1|1250|0|      |20220521|20220521|0603|2022-06-01 07:02:43
303377|0000000616871965              |20220521|084314|006|676|0|30300037|130010006|130752027|1|20220521|074948|8002313|20220521|084746|8001097|1|1250|0|      |20220521|20220521|0603|2022-06-01 07:02:43
303379|0000000609458317              |20220521|104822|012|676|0|30300051|130010008|130752161|1|20220521|095738|8001927|20220521|111330|8001097|1|1250|0|      |20220521|20220521|0603|2022-06-01 07:02:43
303381|0000000918440192              |20220521|190700|003|676|0|30300090|130010005|130759268|1|20220521|173927|8001296|20220521|190852|8002721|1|1250|0|      |20220521|20220521|0603|2022-06-01 07:02:43
303383|0000000905823304              |20220521|161842|003|676|0|30300037|130010006|130752005|1|20220521|160210|8001443|20220521|170850|8002721|1|1250|0|      |20220521|20220521|0603|2022-06-01 07:02:43
303385|0000000742390882              |20220521|172742|014|676|0|30300071|130010009|130759105|1|20220521|133154|8001991|20220521|174619|8002453|1|1250|0|      |20220521|20220521|0603|2022-06-01 07:02:43
303387|0000000776455607              |20220521|182419|004|676|0|30300041|130010012|130753326|1|20220521|172404|8002850|20220521|182943|8002721|1|1250|0|      |20220521|20220521|0603|2022-06-01 07:02:43
303389|0000000770359819              |20220521|115007|003|676|0|30300087|130010008|130752123|1|20220521|111833|8001277|20220521|120812|8002453|1|1250|0|      |20220521|20220521|0603|2022-06-01 07:02:43
303391|0000000742417572              |20220521|132026|004|676|0|30300071|130010009|130759176|1|20220521|123816|8001624|20220521|133343|8002453|1|1250|0|      |20220521|20220521|0603|2022-06-01 07:02:43
300453|0000000739717971              |20220521|171834|018|675|1|30300055|130010014|130753269|1|20220521|164119|8002093|20220521|172713|8001986|1|0|0|      |20220521|20220521|0603|2022-06-01 07:02:43
300455|0000000900195989              |20220521|174812|005|676|1|30300087|130010015|130759611|1|20220521|154617|8001491|20220521|175817|8001239|1|0|0|      |20220521|20220521|0603|2022-06-01 07:02:43
300457|0000000660962153              |20220521|220159|025|675|1|30300056|130010012|130753317|1|20220521|163847|8001491|20220521|222044|8001205|1|0|0|      |20220521|20220521|0603|2022-06-01 07:02:43
300864|0000000908402048              |20220521|112959|024|676|0|30300054|130010007|130759378|1|20220521|110259|8001922|20220521|114050|8001078|1|1250|0|      |20220521|20220521|0603|2022-06-01 07:02:43
300866|0000000606665808              |20220521|150858|009|676|0|30300037|130010006|130759011|1|20220521|142306|8002658|20220521|152130|8002558|1|1250|0|      |20220521|20220521|0603|2022-06-01 07:02:43
300868|0000000719383466              |20220521|154543|001|676|0|30300040|130010013|130759813|1|20220521|151512|8001054|20220521|155938|8002869|1|1250|0|      |20220521|20220521|0603|2022-06-01 07:02:43
300870|0000000701748205              |20220521|163622|005|676|0|30300037|130010006|130752014|1|20220521|161323|8002343|20220521|164334|8001534|1|1250|0|      |20220521|20220521|0603|2022-06-01 07:02:43
300872|0000000756127944              |20220521|074049|021|676|0|30300037|130010006|130752040|1|20220521|060938|8002343|20220521|080934|8002558|1|1250|0|      |20220521|20220521|0603|2022-06-01 07:02:43
300874|0000000756507064              |20220521|070856|026|676|0|30300037|130010006|130752014|1|20220521|064931|8002997|20220521|072921|8003006|1|1250|0|      |20220521|20220521|0603|2022-06-01 07:02:43
300876|0000000752993370              |20220521|070816|017|676|0|30300037|130010006|130759011|1|20220521|063809|8001096|20220521|073944|8002403|1|1250|0|      |20220521|20220521|0603|2022-06-01 07:02:43
300878|0000000643766824              |20220521|185040|008|676|0|30300038|130010014|130753500|1|20220521|181931|8001527|20220521|191747|8002913|1|1250|0|      |20220521|20220521|0603|2022-06-01 07:02:43
300880|0000000701925839              |20220521|192853|009|676|0|30300040|130010013|130759804|1|20220521|180116|8001891|20220521|202707|8002412|1|1250|0|      |20220521|20220521|0603|2022-06-01 07:02:43
300882|0000000753940076              |20220521|172927|030|676|0|30300072|130010001|130759734|1|20220521|163032|8002452|20220521|173710|8001059|1|1250|0|      |20220521|20220521|0603|2022-06-01 07:02:43
300884|0000000606660940              |20220521|172503|025|676|0|30300038|130010014|130753247|1|20220521|171128|8001400|20220521|172946|8003130|1|1250|0|      |20220521|20220521|0603|2022-06-01 07:02:43
300886|0000000755652635              |20220521|174134|006|676|0|30300072|130010001|130759483|1|20220521|164328|8001232|20220521|174944|8001078|1|1250|0|      |20220521|20220521|0603|2022-06-01 07:02:43
300888|0000000910100121              |20220521|173657|026|676|0|30300038|130010014|130753508|1|20220521|170550|8002917|20220521|180653|8001414|1|1250|0|      |20220521|20220521|0603|2022-06-01 07:02:43
301295|0000000725592608              |20220521|143623|006|676|0|30300051|130010008|130752101|1|20220521|132547|8002629|20220521|145209|8001097|1|1250|0|      |20220521|20220521|0603|2022-06-01 07:02:43
301297|0000000909455319              |20220521|151154|002|675|0|30300144|130010012|130753314|1|20220521|140042|8002629|20220521|152649|8001097|1|1250|0|      |20220521|20220521|0603|2022-06-01 07:02:43
301299|0000000704702878              |20220521|151158|002|675|0|30300144|130010012|130753314|1|20220521|140042|8002629|20220521|152644|8001097|1|1250|0|      |20220521|20220521|0603|2022-06-01 07:02:43
301301|0000000656424333              |20220521|155431|005|675|0|30300079|130010009|130759171|1|20220521|143643|8002541|20220521|160602|8001854|1|1250|0|      |20220521|20220521|0603|2022-06-01 07:02:43
301303|0000000743551656              |20220521|162335|006|674|0|30300104|130010002|130752355|1|20220521|155123|8005997|20220521|163953|8005583|1|1250|0|      |20220521|20220521|0603|2022-06-01 07:02:43
301305|0000000741754033              |20220521|094025|002|675|0|30300079|130010009|130759173|1|20220521|062100|8002541|20220521|101325|8002995|1|1250|0|      |20220521|20220521|0603|2022-06-01 07:02:43
301307|0000000908525248              |20220521|055137|023|675|0|30300057|130010001|130759755|1|20220521|053524|8002601|20220521|060943|8001414|1|1250|0|      |20220521|20220521|0603|2022-06-01 07:02:43
301309|0000000755825920              |20220521|201038|002|676|0|30300089|130010011|130759504|1|20220521|122205|8002087|20220521|202301|8002204|1|1250|0|      |20220521|20220521|0603|2022-06-01 07:02:43
301311|0000000739389701              |20220521|171721|024|676|0|30300087|130010015|130759622|1|20220521|162214|8002159|20220521|173741|8001240|1|1250|0|      |20220521|20220521|0603|2022-06-01 07:02:43
301313|0000000650921392              |20220521|204748|009|676|0|30300054|130010007|130759381|1|20220521|200935|8001567|20220521|211601|8001586|1|1250|0|      |20220521|20220521|0603|2022-06-01 07:02:43
301315|0000000741777786              |20220521|213051|025|674|0|30300002|130010007|130759313|1|20220521|205733|8002140|20220521|213703|8002093|1|1250|0|      |20220521|20220521|0603|2022-06-01 07:02:43
301317|0000000912506657              |20220521|122417|015|675|0|30300082|130010001|130759772|1|20220521|114108|8005561|20220521|123305|8002230|1|1250|0|      |20220521|20220521|0603|2022-06-01 07:02:43
301319|0000000741496815              |20220521|130019|002|675|0|30300066|130010015|130759675|1|20220521|124024|8005561|20220521|131802|8002252|1|1250|0|      |20220521|20220521|0603|2022-06-01 07:02:43
301321|0000000769574075              |20220521|113436|002|675|0|30300055|130010014|130753229|1|20220521|111148|8005561|20220521|113644|8001934|1|1250|0|      |20220521|20220521|0603|2022-06-01 07:02:43
301728|0000000778636438              |20220521|210033|002|675|0|30300050|130010007|130759342|1|20220521|203231|8005901|20220521|211210|8002872|1|1250|0|      |20220521|20220521|0603|2022-06-01 07:02:43
301730|0000000774774333              |20220521|210907|002|675|0|30300079|130010009|130759134|1|20220521|200755|8002312|20220521|211808|8001536|1|1250|0|      |20220521|20220521|0603|2022-06-01 07:02:43
301732|0000000678218250              |20220521|131115|024|675|0|30300055|130010014|130753227|1|20220521|124912|8001033|20220521|133237|8002631|1|1250|0|      |20220521|20220521|0603|2022-06-01 07:02:43
301734|0000000768084788              |20220521|140526|009|676|0|30300090|130010005|130759205|1|20220521|134231|8002538|20220521|141449|8001078|1|1250|0|      |20220521|20220521|0603|2022-06-01 07:02:43
301736|0000000634629882              |20220521|112437|011|676|0|30300089|130010011|130759576|1|20220521|092811|8005901|20220521|113947|8002088|1|1250|0|      |20220521|20220521|0603|2022-06-01 07:02:43
301738|0000000908761802              |20220521|135611|002|675|0|30300076|130010014|130753615|1|20220521|135347|8007074|20220521|143958|8001139|1|1250|0|      |20220521|20220521|0603|2022-06-01 07:02:43
301740|0000000767357340              |20220521|153144|002|674|0|30300002|130010007|130759331|1|20220521|152150|8002909|20220521|154700|8002133|1|1250|0|      |20220521|20220521|0603|2022-06-01 07:02:43
298775|0000000663036572              |20220521|163847|017|676|0|30300130|130010008|130752140|1|20220521|161431|8001934|20220521|170830|8002487|1|1250|0|      |20220521|20220521|0603|2022-06-01 07:02:43
298777|0000000903537455              |20220521|173804|028|676|0|30300131|130010008|130752116|1|20220521|101934|8001960|20220521|175050|8001289|1|1250|0|      |20220521|20220521|0603|2022-06-01 07:02:43
298779|0000000903832730              |20220521|224516|013|676|0|30300130|130010008|130752719|1|20220521|221841|8002437|20220521|225237|8002344|1|1250|0|      |20220521|20220521|0603|2022-06-01 07:02:43
298781|0000000752643693              |20220521|210052|011|676|0|30300131|130010008|130752701|1|20220521|204325|8001289|20220521|212243|8001089|1|1250|0|      |20220521|20220521|0603|2022-06-01 07:02:43
298783|0000000670834925              |20220521|120931|030|676|0|30300130|130010008|130752139|1|20220521|114915|8002305|20220521|121356|8002486|1|1250|0|      |20220521|20220521|0603|2022-06-01 07:02:43
299217|0000000903835149              |20220521|220628|029|676|0|30300039|130010005|130759214|1|20220521|214322|8001923|20220521|221506|8002735|1|1250|0|      |20220521|20220521|0603|2022-06-01 07:02:43
299219|0000000626895436              |20220521|123639|011|676|0|30300051|130010008|130752109|1|20220521|123123|8001096|20220521|125035|8002454|1|1250|0|      |20220521|20220521|0603|2022-06-01 07:02:43
299221|0000000918224260              |20220521|134246|012|676|0|30300073|130010009|130759178|1|20220521|133203|8002901|20220521|135805|8002555|1|1250|0|      |20220521|20220521|0603|2022-06-01 07:02:43
299223|0000000725710441              |20220521|094213|015|676|0|30300073|130010009|130759183|1|20220521|091418|8007271|20220521|101334|8001329|1|1250|0|      |20220521|20220521|0603|2022-06-01 07:02:43
299225|0000000733718891              |20220521|151359|009|676|0|30300093|130010004|130752250|1|20220521|143440|8001096|20220521|152248|8002658|1|1250|0|      |20220521|20220521|0603|2022-06-01 07:02:43
299227|0000000921766336              |20220521|150851|017|676|0|30300039|130010005|130759269|1|20220521|121930|8003003|20220521|154040|8001183|1|1250|0|      |20220521|20220521|0603|2022-06-01 07:02:43
299229|0000000663833407              |20220521|155510|015|676|0|30300041|130010012|130753305|1|20220521|140727|8001096|20220521|162243|8001077|1|1250|0|      |20220521|20220521|0603|2022-06-01 07:02:43
299231|0000000706697756              |20220521|154308|003|676|0|30300051|130010008|130752108|1|20220521|140457|8001096|20220521|163024|8001028|1|1250|0|      |20220521|20220521|0603|2022-06-01 07:02:43
299233|0000000630265260              |20220521|073940|011|676|0|30300086|130010013|130759823|1|20220521|055916|8003022|20220521|075021|8001532|1|1250|0|      |20220521|20220521|0603|2022-06-01 07:02:43
299235|0000000679150890              |20220521|091812|010|676|0|30300073|130010009|130759117|1|20220521|084901|8002555|20220521|092613|8002235|1|1250|0|      |20220521|20220521|0603|2022-06-01 07:02:43
299237|0000000765478467              |20220521|063138|026|676|0|30300039|130010005|130759271|1|20220521|060927|8001713|20220521|063314|8001923|1|1250|0|      |20220521|20220521|0603|2022-06-01 07:02:43
299239|0000000763756147              |20220521|103808|024|676|0|30300086|130010013|130759801|1|20220521|100416|8001477|20220521|105916|8002609|1|1250|0|      |20220521|20220521|0603|2022-06-01 07:02:43
299241|0000000678288640              |20220521|080812|007|676|0|30300089|130010011|130759521|1|20220521|070534|8001922|20220521|081128|8001568|1|1250|0|      |20220521|20220521|0603|2022-06-01 07:02:43
299648|0000000745988436              |20220521|162334|001|676|0|30300089|130010011|130759576|1|20220521|122249|8001568|20220521|162439|8002468|1|1250|0|      |20220521|20220521|0603|2022-06-01 07:02:43
299650|0000000770883123              |20220521|081343|003|676|0|30300131|130010008|130752116|1|20220521|075421|8001079|20220521|083507|8002453|1|1250|0|      |20220521|20220521|0603|2022-06-01 07:02:43
299652|0000000767477631              |20220521|071954|005|676|0|30300089|130010011|130759513|1|20220521|062527|8002207|20220521|073616|8002468|1|1250|0|      |20220521|20220521|0603|2022-06-01 07:02:43
299654|0000000743169136              |20220521|201933|024|676|0|30300087|130010015|130759611|1|20220521|195646|8002093|20220521|203541|8002075|1|1250|0|      |20220521|20220521|0603|2022-06-01 07:02:43
299656|0000000737246790              |20220521|171001|007|676|0|30300054|130010007|130759387|1|20220521|165336|8001585|20220521|174031|8001078|1|1250|0|      |20220521|20220521|0603|2022-06-01 07:02:43
299658|0000000709948030              |20220521|114708|027|676|0|30300037|130010006|130752040|1|20220521|095148|8002312|20220521|120213|8002558|1|1250|0|      |20220521|20220521|0603|2022-06-01 07:02:43
299660|0000000711085017              |20220521|134630|029|676|0|30300040|130010007|130759389|1|20220521|133242|8001612|20220521|135627|8001096|1|1250|0|      |20220521|20220521|0603|2022-06-01 07:02:43
299662|0000000678288640              |20220521|110554|008|676|0|30300037|130010006|130752045|1|20220521|092735|8001349|20220521|114528|8002558|1|1250|0|      |20220521|20220521|0603|2022-06-01 07:02:43
299664|0000000905104260              |20220521|160338|003|676|0|30300037|130010006|130752046|1|20220521|153847|8001534|20220521|162036|8002075|1|1250|0|      |20220521|20220521|0603|2022-06-01 07:02:43
299666|0000000773518447              |20220521|085652|023|676|0|30300054|130010007|130759382|1|20220521|085047|8001794|20220521|092356|8001102|1|1250|0|      |20220521|20220521|0603|2022-06-01 07:02:43
299668|0000000677509763              |20220521|111109|003|676|0|30300037|130010006|130752038|1|20220521|101944|8002075|20220521|111906|8002558|1|1250|0|      |20220521|20220521|0603|2022-06-01 07:02:43
299670|0000000614435341              |20220521|195008|029|676|0|30300054|130010007|130759340|1|20220521|185902|8001555|20220521|195509|8002943|1|1250|0|      |20220521|20220521|0603|2022-06-01 07:02:43
299672|0000000726033841              |20220521|175441|024|676|0|30300054|130010007|130759347|1|20220521|174512|8002050|20220521|180044|8001556|1|1250|0|      |20220521|20220521|0603|2022-06-01 07:02:43
299674|0000000771140053              |20220521|184649|020|676|0|30300054|130010007|130759360|1|20220521|183434|8002050|20220521|184723|8001200|1|1250|0|      |20220521|20220521|0603|2022-06-01 07:02:43
300081|0000000776975862              |20220521|211742|025|676|1|30300130|130010008|130752146|1|20220521|203942|8002340|20220521|212239|8001236|1|0|0|      |20220521|20220521|0603|2022-06-01 07:02:43
300083|0000000774428042              |20220521|111428|005|676|1|30300037|130010006|130752044|1|20220521|054036|8002608|20220521|112759|8005518|1|0|0|      |20220521|20220521|0603|2022-06-01 07:02:43
300085|0000000660566746              |20220521|142358|028|676|1|30300037|130010006|130752062|1|20220521|135024|8002608|20220521|150614|8002694|1|0|0|      |20220521|20220521|0603|2022-06-01 07:02:43
300087|0000000655567541              |20220521|075204|008|676|1|30300090|130010005|130759225|1|20220521|055350|8002608|20220521|081224|8005865|1|0|0|      |20220521|20220521|0603|2022-06-01 07:02:43
300089|0000000718197566              |20220521|090209|021|676|1|30300089|130010011|130759504|1|20220521|052327|8001922|20220521|090818|8001565|1|0|0|      |20220521|20220521|0603|2022-06-01 07:02:43
303791|0000000906078818              |20220521|150119|016|676|0|30300051|130010008|130752126|1|20220521|142237|8001935|20220521|151120|8002119|1|1250|0|      |20220521|20220521|0603|2022-06-01 07:02:43
303793|0000000746020471              |20220521|154229|018|676|0|30300087|130010015|130759641|1|20220521|144956|8002235|20220521|154727|8001458|1|1250|0|      |20220521|20220521|0603|2022-06-01 07:02:43
303795|0000000903867274              |20220521|154809|008|676|0|30300051|130010008|130752121|1|20220521|154332|8002351|20220521|155248|8001152|1|1250|0|      |20220521|20220521|0603|2022-06-01 07:02:43
303797|0000000772202159              |20220521|100719|009|676|0|30300072|130010001|130759432|1|20220521|083006|8001060|20220521|101541|8002453|1|1250|0|      |20220521|20220521|0603|2022-06-01 07:02:43
303799|0000000776761407              |20220521|091655|018|676|0|30300038|130010014|130753246|1|20220521|082111|8001051|20220521|092848|8001056|1|1250|0|      |20220521|20220521|0603|2022-06-01 07:02:43
303801|0000000741793660              |20220521|065350|001|676|0|30300051|130010008|130752130|1|20220521|062204|8002734|20220521|070725|8002545|1|1250|0|      |20220521|20220521|0603|2022-06-01 07:02:43
303803|0000000742966157              |20220521|083659|012|676|0|30300051|130010008|130752115|1|20220521|060546|8001373|20220521|085118|8002118|1|1250|0|      |20220521|20220521|0603|2022-06-01 07:02:43
303805|0000000906570386              |20220521|101321|004|676|0|30300087|130010015|130759641|1|20220521|085050|8001279|20220521|102507|8007444|1|1250|0|      |20220521|20220521|0603|2022-06-01 07:02:43
297543|0000000773817323              |20220521|160540|005|676|0|30300040|130010013|130759873|1|20220521|142309|8001400|20220521|161352|8001096|1|1250|0|      |20220521|20220521|0603|2022-06-01 07:02:43
297545|0000000615295415              |20220521|100853|005|676|0|30300040|130010013|130759813|1|20220521|084033|8001400|20220521|101519|8001096|1|1250|0|      |20220521|20220521|0603|2022-06-01 07:02:43
297547|0000000773113392              |20220521|163419|022|676|0|30300037|130010006|130752014|1|20220521|161323|8002340|20220521|170332|8002558|1|1250|0|      |20220521|20220521|0603|2022-06-01 07:02:43
297549|0000000774322438              |20220521|175246|004|676|0|30300037|130010006|130752062|1|20220521|173347|8002340|20220521|180411|8001096|1|1250|0|      |20220521|20220521|0603|2022-06-01 07:02:43
297551|0000000678381804              |20220521|134840|002|676|0|30300037|130010006|130752049|1|20220521|120623|8002340|20220521|135811|8001534|1|1250|0|      |20220521|20220521|0603|2022-06-01 07:02:43
297553|0000000903654533              |20220521|105304|011|676|0|30300130|130010008|130752149|1|20220521|103334|8002305|20220521|110956|8001527|1|1250|0|      |20220521|20220521|0603|2022-06-01 07:02:43
297555|0000000708255418              |20220521|114217|009|676|0|30300037|130010006|130752046|1|20220521|113003|8002340|20220521|115248|8001534|1|1250|0|      |20220521|20220521|0603|2022-06-01 07:02:43
297557|0000000725890937              |20220521|160331|004|676|0|30300041|130010012|130753303|1|20220521|151001|8001077|20220521|163108|8007556|1|1250|0|      |20220521|20220521|0603|2022-06-01 07:02:43
297559|0000000918229284              |20220521|091814|009|676|0|30300037|130010006|130759023|1|20220521|085921|8002340|20220521|092615|8001534|1|1250|0|      |20220521|20220521|0603|2022-06-01 07:02:43
297561|0000000772079363              |20220521|191416|002|676|0|30300051|130010008|130752114|1|20220521|182037|8002437|20220521|192656|8001097|1|1250|0|      |20220521|20220521|0603|2022-06-01 07:02:43
297563|0000000706359236              |20220521|192945|006|676|0|30300089|130010011|130759577|1|20220521|181155|8007549|20220521|194735|8001378|1|1250|0|      |20220521|20220521|0603|2022-06-01 07:02:43
297565|0000000774869711              |20220521|200751|002|676|0|30300051|130010008|130752134|1|20220521|191645|8002437|20220521|201802|8003022|1|1250|0|      |20220521|20220521|0603|2022-06-01 07:02:43
297567|0000000663683682              |20220521|201058|009|676|0|30300130|130010008|130752719|1|20220521|193823|8002437|20220521|202440|8001236|1|1250|0|      |20220521|20220521|0603|2022-06-01 07:02:43
297974|0000000723095606              |20220521|131830|018|676|0|30300036|130010012|130753372|1|20220521|053111|8001282|20220521|132952|8001680|1|1250|0|      |20220521|20220521|0603|2022-06-01 07:02:43
297976|0000000700781567              |20220521|143105|018|676|0|30300069|130010001|130759428|1|20220521|132555|8002971|20220521|145656|8001952|1|1250|0|      |20220521|20220521|0603|2022-06-01 07:02:43
297978|0000000700914207              |20220521|150835|017|676|0|30300093|130010004|130752250|1|20220521|143440|8001229|20220521|150920|8001036|1|1250|0|      |20220521|20220521|0603|2022-06-01 07:02:43
297980|0000000655549409              |20220521|160700|021|676|0|30300043|130010015|130759619|1|20220521|151241|8002717|20220521|162524|8002378|1|1250|0|      |20220521|20220521|0603|2022-06-01 07:02:43
297982|0000000629504316              |20220521|064738|007|676|0|30300068|130010006|130752030|1|20220521|062925|8003101|20220521|065543|8001784|1|1250|0|      |20220521|20220521|0603|2022-06-01 07:02:43
297984|0000000716886373              |20220521|093108|016|676|0|30300086|130010013|130759800|1|20220521|091942|8005543|20220521|093950|8001632|1|1250|0|      |20220521|20220521|0603|2022-06-01 07:02:43
297986|0000000602084477              |20220521|095615|021|676|0|30300093|130010004|130752273|1|20220521|075507|8001090|20220521|100817|8001096|1|1250|0|      |20220521|20220521|0603|2022-06-01 07:02:43
297988|0000000702691891              |20220521|195117|002|676|0|30300037|130010006|130752014|1|20220521|194019|8002343|20220521|195542|8002898|1|1250|0|      |20220521|20220521|0603|2022-06-01 07:02:43
297990|0000000605927389              |20220521|171913|022|676|0|30300037|130010006|130752024|1|20220521|163653|8002075|20220521|172600|8002558|1|1250|0|      |20220521|20220521|0603|2022-06-01 07:02:43
297992|0000000717557846              |20220521|182722|018|676|0|30300054|130010007|130759387|1|20220521|181851|8001846|20220521|184307|8001261|1|1250|0|      |20220521|20220521|0603|2022-06-01 07:02:43
297994|0000000762496977              |20220521|211603|018|676|0|30300054|130010007|130759382|1|20220521|203705|8001311|20220521|213055|8002911|1|1250|0|      |20220521|20220521|0603|2022-06-01 07:02:43
297996|0000000644435925              |20220521|114105|026|676|0|30300054|130010007|130759378|1|20220521|110259|8001078|20220521|115252|8001368|1|1250|0|      |20220521|20220521|0603|2022-06-01 07:02:43
297998|0000000704360193              |20220521|153928|013|676|0|30300054|130010007|130759360|1|20220521|150141|8001922|20220521|154235|8001989|1|1250|0|      |20220521|20220521|0603|2022-06-01 07:02:43
298000|0000000910548612              |20220521|055709|028|676|0|30300037|130010006|130759016|1|20220521|053731|8002311|20220521|061103|8002075|1|1250|0|      |20220521|20220521|0603|2022-06-01 07:02:43
298407|0000000911415399              |20220521|194512|023|676|0|30300041|130010012|130753324|1|20220521|191235|8001076|20220521|200936|8001034|1|1250|0|      |20220521|20220521|0603|2022-06-01 07:02:43
298409|0000000760339201              |20220521|192456|004|676|0|30300073|130010009|130759117|1|20220521|191819|8002110|20220521|195632|8002235|1|1250|0|      |20220521|20220521|0603|2022-06-01 07:02:43
302389|0000000740590922              |20220521|205216|019|676|1|30300054|130010007|130759361|1|20220521|190132|8002453|20220521|212310|8002943|1|0|0|      |20220521|20220521|0603|2022-06-01 07:02:43
302391|0000000760456442              |20220521|213539|017|676|1|30300088|130010002|130752317|1|20220521|163700|8002412|20220521|214301|8001195|1|0|0|      |20220521|20220521|0603|2022-06-01 07:02:43
302393|0000000921144385              |20220521|123134|010|676|1|30300037|130010006|130752005|1|20220521|115002|8002658|20220521|125654|8002721|1|0|0|      |20220521|20220521|0603|2022-06-01 07:02:43
302395|0000000777427635              |20220521|131447|011|676|1|30300090|130010005|130759266|1|20220521|054644|8001568|20220521|133351|8002759|1|0|0|      |20220521|20220521|0603|2022-06-01 07:02:43
302397|0000000758861326              |20220521|134411|031|676|1|30300131|130010008|130752116|1|20220521|101934|8002558|20220521|135214|8001055|1|0|0|      |20220521|20220521|0603|2022-06-01 07:02:43
302399|0000000611588879              |20220521|104244|016|676|1|30300038|130010014|130753501|1|20220521|100308|8002734|20220521|114058|9002077|1|0|0|      |20220521|20220521|0603|2022-06-01 07:02:43
302401|0000000909821992              |20220521|145650|013|676|1|30300090|130010005|130759219|1|20220521|135732|8002411|20220521|150615|9001641|1|0|0|      |20220521|20220521|0603|2022-06-01 07:02:43
302808|0000000906575038              |20220521|184957|003|676|0|30300037|130010006|130752038|1|20220521|165745|8001096|20220521|191934|8001296|1|1250|0|      |20220521|20220521|0603|2022-06-01 07:02:43
302810|0000000731828462              |20220521|185805|015|676|0|30300051|130010008|130752113|1|20220521|184935|8001096|20220521|191912|8002734|1|1250|0|      |20220521|20220521|0603|2022-06-01 07:02:43
302812|0000000905364013              |20220521|190625|018|676|0|30300037|130010006|130752045|1|20220521|171954|8001096|20220521|192946|8005518|1|1250|0|      |20220521|20220521|0603|2022-06-01 07:02:43
302814|0000000767998478              |20220521|190520|003|676|0|30300068|130010006|130752030|1|20220521|153216|8001096|20220521|193012|8001262|1|1250|0|      |20220521|20220521|0603|2022-06-01 07:02:43
302816|0000000776065395              |20220521|195351|005|676|0|30300051|130010008|130752114|1|20220521|194655|8001096|20220521|200310|8001415|1|1250|0|      |20220521|20220521|0603|2022-06-01 07:02:43
302818|0000000768895828              |20220521|173251|002|676|0|30300037|130010006|130759016|1|20220521|170719|8001096|20220521|180626|8001296|1|1250|0|      |20220521|20220521|0603|2022-06-01 07:02:43
302820|0000000918317791              |20220521|181431|003|676|0|30300051|130010008|130752153|1|20220521|180800|8001096|20220521|183406|8002605|1|1250|0|      |20220521|20220521|0603|2022-06-01 07:02:43
302822|0000000773473695              |20220521|182707|003|676|0|30300041|130010012|130753334|1|20220521|162935|8001096|20220521|185331|8001077|1|1250|0|      |20220521|20220521|0603|2022-06-01 07:02:43
302824|0000000614067997              |20220521|212100|012|676|0|30300040|130010007|130759343|1|20220521|210338|8001096|20220521|213222|8002075|1|1250|0|      |20220521|20220521|0603|2022-06-01 07:02:43
302826|0000000630264103              |20220521|211515|002|676|0|30300069|130010001|130759751|1|20220521|154343|8001096|20220521|214632|8001952|1|1250|0|      |20220521|20220521|0603|2022-06-01 07:02:43
302828|0000000774536692              |20220521|124444|003|676|0|30300037|130010006|130759021|1|20220521|103247|8001096|20220521|130514|8002558|1|1250|0|      |20220521|20220521|0603|2022-06-01 07:02:43
302830|0000000727911264              |20220521|133750|018|676|0|30300051|130010008|130752119|1|20220521|115855|8001096|20220521|135157|8002454|1|1250|0|      |20220521|20220521|0603|2022-06-01 07:02:43
302832|0000000742785391              |20220521|160929|026|676|0|30300068|130010006|130752028|1|20220521|155635|8001096|20220521|162118|8001543|1|1250|0|      |20220521|20220521|0603|2022-06-01 07:02:43
303239|0000000677676382              |20220521|124819|016|676|0|30300051|130010008|130752115|1|20220521|114026|8001418|20220521|125226|8001996|1|1250|0|      |20220521|20220521|0603|2022-06-01 07:02:43
303241|0000000749343167              |20220521|133521|019|676|0|30300069|130010001|130759409|1|20220521|131611|8002993|20220521|135455|8001498|1|1250|0|      |20220521|20220521|0603|2022-06-01 07:02:43
303243|0000000633232597              |20220521|134905|021|676|0|30300093|130010004|130752273|1|20220521|132532|8001418|20220521|143000|8002208|1|1250|0|      |20220521|20220521|0603|2022-06-01 07:02:43
303245|0000000750323264              |20220521|061335|025|676|0|30300041|130010012|130753324|1|20220521|055503|8002993|20220521|061642|8002636|1|1250|0|      |20220521|20220521|0603|2022-06-01 07:02:43
303247|0000000743760236              |20220521|100341|023|676|0|30300069|130010001|130759416|1|20220521|070219|8002993|20220521|101730|8001571|1|1250|0|      |20220521|20220521|0603|2022-06-01 07:02:43
303249|0000000747959975              |20220521|184733|003|676|0|30300072|130010001|130759434|1|20220521|184141|8001234|20220521|185354|8002488|1|1250|0|      |20220521|20220521|0603|2022-06-01 07:02:43
303251|0000000903699643              |20220521|184308|003|676|0|30300040|130010007|130759367|1|20220521|175748|8002954|20220521|190352|8005516|1|1250|0|      |20220521|20220521|0603|2022-06-01 07:02:43
303253|0000000742396745              |20220521|183829|019|676|0|30300040|130010007|130759388|1|20220521|183242|8001612|20220521|191029|8001109|1|1250|0|      |20220521|20220521|0603|2022-06-01 07:02:43
303255|0000000664329548              |20220521|161926|003|676|0|30300072|130010001|130759711|1|20220521|161257|8001234|20220521|171355|8002468|1|1250|0|      |20220521|20220521|0603|2022-06-01 07:02:43
303257|0000000660915993              |20220521|173525|006|676|0|30300051|130010008|130752106|1|20220521|164239|8001117|20220521|175815|8001934|1|1250|0|      |20220521|20220521|0603|2022-06-01 07:02:43
303259|0000000770485118              |20220521|213232|009|676|0|30300070|130010004|130752224|1|20220521|192222|8002454|20220521|222146|9001641|1|1250|0|      |20220521|20220521|0603|2022-06-01 07:02:43
303261|0000000769649904              |20220521|133627|024|676|0|30300040|130010013|130759804|1|20220521|112518|8002954|20220521|135036|8001426|1|1250|0|      |20220521|20220521|0603|2022-06-01 07:02:43
303263|0000000725149738              |20220521|120556|023|676|0|30300089|130010011|130759574|1|20220521|092437|8002556|20220521|121600|8003110|1|1250|0|      |20220521|20220521|0603|2022-06-01 07:02:43
303265|0000000726035179              |20220521|142100|012|676|0|30300051|130010008|130752102|1|20220521|135815|8001369|20220521|145911|8002603|1|1250|0|      |20220521|20220521|0603|2022-06-01 07:02:43
303672|0000000778895860              |20220521|081546|020|676|0|30300069|130010001|130759416|1|20220521|070219|8003044|20220521|083345|8002648|1|1250|0|      |20220521|20220521|0603|2022-06-01 07:02:43
303674|0000000740391156              |20220521|080942|013|676|0|30300073|130010009|130759185|1|20220521|074200|8001576|20220521|082908|8001420|1|1250|0|      |20220521|20220521|0603|2022-06-01 07:02:43
303676|0000000709325750              |20220521|194555|027|676|0|30300054|130010007|130759382|1|20220521|191518|8001922|20220521|195142|8001568|1|1250|0|      |20220521|20220521|0603|2022-06-01 07:02:43
308894|0000000737786410              |20220521|185131|014|674|0|30300104|130010002|130752333|1|20220521|182538|8070018|20220521|185511|8001028|1|1250|0|      |20220521|20220521|0603|2022-06-01 07:02:43
308896|0000000742078628              |20220521|224754|009|675|0|30300067|130010001|130759424|1|20220521|222448|8002446|20220521|225429|8002149|1|1250|0|      |20220521|20220521|0603|2022-06-01 07:02:43
308898|0000000778692426              |20220521|203456|010|675|0|30300047|130010001|130759702|1|20220521|200956|8001013|20220521|210315|8002412|1|1250|0|      |20220521|20220521|0603|2022-06-01 07:02:43
308900|0000000701861390              |20220521|215258|019|675|0|30300045|130010006|130752048|1|20220521|214548|8070046|20220521|215958|8002973|1|1250|0|      |20220521|20220521|0603|2022-06-01 07:02:43
308902|0000000665441466              |20220521|120304|008|675|0|30300046|130010002|130752305|1|20220521|060354|8001152|20220521|124740|8002412|1|1250|0|      |20220521|20220521|0603|2022-06-01 07:02:43
308904|0000000906548571              |20220521|122401|005|675|0|30300048|130010006|130752061|1|20220521|120544|8001078|20220521|124312|8002403|1|1250|0|      |20220521|20220521|0603|2022-06-01 07:02:43
308906|0000000714850145              |20220521|134826|012|676|0|30300088|130010002|130752370|1|20220521|124245|8002721|20220521|140150|8001168|1|1250|0|      |20220521|20220521|0603|2022-06-01 07:02:43
308908|0000000719953026              |20220521|110200|007|674|0|30300100|130010002|130752506|1|20220521|105022|8001081|20220521|112058|8002434|1|1250|0|      |20220521|20220521|0603|2022-06-01 07:02:43
308910|0000000778987910              |20220521|144823|007|674|0|30300100|130010002|130752382|1|20220521|134126|8007042|20220521|145445|8002433|1|1250|0|      |20220521|20220521|0603|2022-06-01 07:02:43
308912|0000000903849653              |20220521|150842|016|675|0|30300047|130010001|130759702|1|20220521|142947|8003102|20220521|151833|8070027|1|1250|0|      |20220521|20220521|0603|2022-06-01 07:02:43
308914|0000000749714780              |20220521|155931|003|676|0|30300054|130010007|130759381|1|20220521|145641|8001078|20220521|162043|8002707|1|1250|0|      |20220521|20220521|0603|2022-06-01 07:02:43
309997|0000000747137660              |20220521|071305|027|675|0|30300053|130010002|130752376|1|20220521|063532|8001731|20220521|072506|8002814|1|1250|0|      |20220521|20220521|0603|2022-06-01 07:02:43
309999|0000000751157923              |20220521|091632|008|674|0|30300002|130010007|130759308|1|20220521|083502|8002464|20220521|092838|8001096|1|1250|0|      |20220521|20220521|0603|2022-06-01 07:02:43
310001|0000000726457138              |20220521|064605|029|674|0|30300002|130010007|130759314|1|20220521|060037|8001430|20220521|070506|8005994|1|1250|0|      |20220521|20220521|0603|2022-06-01 07:02:43
310003|0000000725146172              |20220521|073937|015|675|0|30300053|130010002|130752378|1|20220521|072327|8001604|20220521|075031|8002545|1|1250|0|      |20220521|20220521|0603|2022-06-01 07:02:43
310005|0000000743320465              |20220521|082522|006|674|0|30300002|130010007|130759324|1|20220521|074157|8002464|20220521|082901|8001721|1|1250|0|      |20220521|20220521|0603|2022-06-01 07:02:43
310007|0000000903350430              |20220521|071144|027|675|0|30300058|130010004|130752200|1|20220521|055613|8001982|20220521|073957|8002734|1|1250|0|      |20220521|20220521|0603|2022-06-01 07:02:43
310009|0000000661517516              |20220521|080030|013|675|0|30300053|130010002|130752386|1|20220521|073756|8001152|20220521|081752|8001491|1|1250|0|      |20220521|20220521|0603|2022-06-01 07:02:43
310011|0000000775889652              |20220521|110806|030|674|0|30300002|130010007|130759322|1|20220521|105040|8002131|20220521|111506|8001241|1|1250|0|      |20220521|20220521|0603|2022-06-01 07:02:43
310013|0000000728304057              |20220521|185429|016|675|0|30300079|130010009|130759120|1|20220521|140812|8002541|20220521|190139|8002118|1|1250|0|      |20220521|20220521|0603|2022-06-01 07:02:43
310015|0000000643246599              |20220521|202529|029|674|0|30300104|130010002|130752504|1|20220521|194929|8070017|20220521|203902|8002681|1|1250|0|      |20220521|20220521|0603|2022-06-01 07:02:43
310017|0000000760712790              |20220521|204211|027|675|0|30300079|130010009|130759111|1|20220521|153319|8002627|20220521|205626|8002312|1|1250|0|      |20220521|20220521|0603|2022-06-01 07:02:43
310019|0000000776141997              |20220521|162944|023|675|0|30300049|130010004|130752232|1|20220521|160923|8002800|20220521|164534|8001715|1|1250|0|      |20220521|20220521|0603|2022-06-01 07:02:43
310021|0000000708500544              |20220521|170648|020|676|0|30300051|130010008|130752115|1|20220521|164119|8002605|20220521|172052|8001493|1|1250|0|      |20220521|20220521|0603|2022-06-01 07:02:43
310023|0000000766301824              |20220521|172330|013|675|0|30300049|130010004|130752264|1|20220521|161721|8001494|20220521|174826|8001245|1|1250|0|      |20220521|20220521|0603|2022-06-01 07:02:43
310430|0000000760410033              |20220521|154158|009|676|0|30300071|130010009|130759144|1|20220521|111831|8001543|20220521|160027|8002556|1|1250|0|      |20220521|20220521|0603|2022-06-01 07:02:43
310432|0000000661554463              |20220521|075404|014|675|0|30300053|130010002|130752384|1|20220521|072544|8001029|20220521|082421|8002453|1|1250|0|      |20220521|20220521|0603|2022-06-01 07:02:43
310434|0000000763390952              |20220521|090812|017|675|0|30300053|130010002|130752387|1|20220521|082546|8001731|20220521|092506|8002453|1|1250|0|      |20220521|20220521|0603|2022-06-01 07:02:43
310436|0000000752133643              |20220521|082537|001|676|0|30300069|130010001|130759416|1|20220521|070219|8001587|20220521|084602|8001097|1|1250|0|      |20220521|20220521|0603|2022-06-01 07:02:43
310438|0000000776812422              |20220521|103507|006|674|0|30300104|130010002|130752343|1|20220521|100912|8005997|20220521|104721|8002453|1|1250|0|      |20220521|20220521|0603|2022-06-01 07:02:43
310440|0000000703805467              |20220521|084009|007|676|0|30300069|130010001|130759411|1|20220521|080937|8001498|20220521|084427|8002279|1|1250|0|      |20220521|20220521|0603|2022-06-01 07:02:43
310442|0000000776644880              |20220521|062627|013|675|0|30300067|130010001|130759786|1|20220521|061144|8002379|20220521|062950|8001288|1|1250|0|      |20220521|20220521|0603|2022-06-01 07:02:43
310444|0000000743674511              |20220521|090257|024|676|0|30300131|130010008|130752722|1|20220521|062724|8007285|20220521|093631|8001924|1|1250|0|      |20220521|20220521|0603|2022-06-01 07:02:43
310446|0000000745374282              |20220521|104812|019|676|0|30300090|130010005|130759205|1|20220521|102437|8002538|20220521|105544|8001078|1|1250|0|      |20220521|20220521|0603|2022-06-01 07:02:43
310448|0000000664165713              |20220521|090049|011|675|0|30300095|130010011|130759530|1|20220521|051954|8001498|20220521|090348|8002276|1|1250|0|      |20220521|20220521|0603|2022-06-01 07:02:43
310450|0000000737851223              |20220521|092625|007|675|0|30300055|130010014|130753218|1|20220521|091656|8001848|20220521|095732|8002627|1|1250|0|      |20220521|20220521|0603|2022-06-01 07:02:43
310452|0000000668627305              |20220521|183851|011|675|0|30300058|130010004|130752251|1|20220521|164502|8002630|20220521|185118|8001929|1|1250|0|      |20220521|20220521|0603|2022-06-01 07:02:43
310521|0000000778589156              |20220521|165355|021|675|0|30300064|130010015|130759642|1|20220521|053726|8002437|20220521|170050|8003014|1|1250|0|      |20220521|20220521|0603|2022-06-01 07:02:43
310523|0000000726083071              |20220521|181520|015|675|0|30300053|130010002|130752386|1|20220521|181142|8001078|20220521|183803|8002965|1|1250|0|      |20220521|20220521|0603|2022-06-01 07:02:43
310525|0000000714164526              |20220521|182610|026|674|0|30300100|130010002|130752359|1|20220521|175851|8001714|20220521|184040|8002629|1|1250|0|      |20220521|20220521|0603|2022-06-01 07:02:43
310527|0000000732026184              |20220521|224819|025|675|0|30300049|130010004|130752232|1|20220521|212823|8001204|20220521|230643|8001714|1|1250|0|      |20220521|20220521|0603|2022-06-01 07:02:43
310529|0000000761116530              |20220521|211001|008|675|0|30300064|130010015|130759686|1|20220521|210043|8005527|20220521|213652|8001412|1|1250|0|      |20220521|20220521|0603|2022-06-01 07:02:43
310531|0000000903809464              |20220521|214539|008|675|0|30300053|130010002|130752319|1|20220521|213921|8001078|20220521|215354|8001587|1|1250|0|      |20220521|20220521|0603|2022-06-01 07:02:43
310533|0000000657720387              |20220521|134150|011|675|0|30300049|130010004|130752248|1|20220521|121303|8001245|20220521|134345|8001791|1|1250|0|      |20220521|20220521|0603|2022-06-01 07:02:43
310535|0000000778897756              |20220521|140339|012|674|0|30300100|130010002|130752362|1|20220521|123826|8002542|20220521|141632|8002352|1|1250|0|      |20220521|20220521|0603|2022-06-01 07:02:43
310942|0000001110161694              |20220521|132823|010|676|0|30300090|130010005|130759223|1|20220521|111739|8005990|20220521|134950|8001287|1|1250|0|      |20220521|20220521|0603|2022-06-01 07:02:43
310944|0000000695263194              |20220521|073527|007|675|0|30300091|130010013|130759819|1|20220521|072428|8001241|20220521|080948|8002905|1|1250|0|      |20220521|20220521|0603|2022-06-01 07:02:43
310946|0000000400170566              |20220521|102846|022|676|0|30300090|130010005|130759223|1|20220521|080326|8007325|20220521|103435|8001652|1|1250|0|      |20220521|20220521|0603|2022-06-01 07:02:43
310948|0000000692604121              |20220521|103459|006|675|0|30300082|130010001|130759770|1|20220521|092445|8001931|20220521|104133|8001949|1|1250|0|      |20220521|20220521|0603|2022-06-01 07:02:43
310950|0000000400093653              |20220521|113121|008|676|0|30300090|130010005|130759215|1|20220521|053720|8007325|20220521|115711|8001655|1|1250|0|      |20220521|20220521|0603|2022-06-01 07:02:43
310952|0000000694085988              |20220521|142315|015|675|0|30300091|130010013|130759821|1|20220521|141046|8002130|20220521|145140|8002612|1|1250|0|      |20220521|20220521|0603|2022-06-01 07:02:43
310954|0000000400093461              |20220521|151040|031|675|0|30300091|130010013|130759881|1|20220521|145708|8002128|20220521|151252|8001241|1|1250|0|      |20220521|20220521|0603|2022-06-01 07:02:43
310956|0000000698816769              |20220521|155902|005|675|0|30300082|130010001|130759743|1|20220521|142428|8005925|20220521|161332|8002559|1|1250|0|      |20220521|20220521|0603|2022-06-01 07:02:43
310958|0000000790909053              |20220521|160856|008|676|0|30300090|130010005|130759223|1|20220521|151659|8005921|20220521|161749|8005993|1|1250|0|      |20220521|20220521|0603|2022-06-01 07:02:43
310960|0000001118044761              |20220521|183104|004|676|1|30300071|130010009|130759102|1|20220521|163930|8001568|20220521|184358|8001587|1|0|0|      |20220521|20220521|0603|2022-06-01 07:02:43
310962|0000000699087291              |20220521|202656|020|675|0|30300060|130010014|130753240|1|20220521|191037|8001788|20220521|203723|8003012|1|1250|0|      |20220521|20220521|0603|2022-06-01 07:02:43
310964|0000000785348799              |20220521|163334|006|675|0|30300060|130010014|130753244|1|20220521|140854|8001378|20220521|165003|8002245|1|1250|0|      |20220521|20220521|0603|2022-06-01 07:02:43
310966|0000000695109385              |20220521|180753|018|676|0|30300090|130010005|130759260|1|20220521|165453|8007556|20220521|181541|8001641|1|1250|0|      |20220521|20220521|0603|2022-06-01 07:02:43
310968|0000000692737470              |20220521|182744|009|675|0|30300060|130010014|130753241|1|20220521|131403|8002756|20220521|185248|8001869|1|1250|0|      |20220521|20220521|0603|2022-06-01 07:02:43
311564|0000000400208468              |20220521|201930|008|676|0|30300054|130010007|130759383|1|20220521|193741|8001989|20220521|202302|8001078|1|1250|0|      |20220521|20220521|0603|2022-06-01 07:02:43
311566|0000000788499283              |20220521|174207|018|675|0|30300047|130010001|130759702|1|20220521|172152|8002542|20220521|174329|8003053|1|1250|0|      |20220521|20220521|0603|2022-06-01 07:02:43
311568|0000000699602437              |20220521|172334|021|675|0|30300045|130010006|130752012|1|20220521|151459|8001494|20220521|172453|8001489|1|1250|0|      |20220521|20220521|0603|2022-06-01 07:02:43
311570|0000000400135662              |20220521|225208|031|675|1|30300047|130010001|130759705|1|20220521|223310|8002542|20220521|225747|8070011|1|0|0|      |20220521|20220521|0603|2022-06-01 07:02:43
311572|0000000694204341              |20220521|205546|005|675|0|30300082|130010001|130759728|1|20220521|204515|8001989|20220521|211543|8002748|1|1250|0|      |20220521|20220521|0603|2022-06-01 07:02:43
311574|0000000797840513              |20220521|121824|024|676|1|30300087|130010008|130752158|1|20220521|105842|8001494|20220521|122403|8001198|1|0|0|      |20220521|20220521|0603|2022-06-01 07:02:43
311576|0000000789297436              |20220521|125408|020|676|0|30300051|130010008|130752112|1|20220521|122702|8001994|20220521|131614|8001935|1|1250|0|      |20220521|20220521|0603|2022-06-01 07:02:43
311578|0000000795221886              |20220521|135145|006|676|0|30300071|130010009|130759150|1|20220521|120635|8001989|20220521|140406|8002758|1|1250|0|      |20220521|20220521|0603|2022-06-01 07:02:43
311580|0000000694089810              |20220521|134444|026|675|1|30300047|130010001|130759415|1|20220521|131838|8002542|20220521|135237|8070012|1|0|0|      |20220521|20220521|0603|2022-06-01 07:02:43
311582|0000000400171099              |20220521|072720|026|675|1|30300047|130010001|130759732|1|20220521|065412|8002547|20220521|074124|8001436|1|0|0|      |20220521|20220521|0603|2022-06-01 07:02:43
311584|0000000780762789              |20220521|061142|011|675|0|30300084|130010001|130759785|1|20220521|053022|8001994|20220521|061511|8001442|1|1250|0|      |20220521|20220521|0603|2022-06-01 07:02:43
311586|0000000482341383              |20220521|074603|010|676|0|30300051|130010008|130752103|1|20220521|071933|8002547|20220521|080213|8002603|1|1250|0|      |20220521|20220521|0603|2022-06-01 07:02:43
311588|0000000186989050              |20220521|085846|005|676|0|30300088|130010002|130752370|1|20220521|083054|8001794|20220521|090610|8001556|1|1250|0|      |20220521|20220521|0603|2022-06-01 07:02:43
304286|0000000487968807              |20220521|080500|021|676|0|30300037|130010006|130752002|1|20220521|062618|8001036|20220521|082553|8002558|1|1250|0|      |20220521|20220521|0603|2022-06-01 07:02:43
304288|0000000487968807              |20220521|054539|019|676|0|30300037|130010006|130759024|1|20220521|053532|8002608|20220521|055413|8002558|1|1250|0|      |20220521|20220521|0603|2022-06-01 07:02:43
311461|0000000687689348              |20220521|083316|009|674|0|30300002|130010007|130759332|1|20220521|080914|8002131|20220521|090702|8001096|1|1250|0|      |20220521|20220521|0603|2022-06-01 07:02:43
311463|0000000487877247              |20220521|091514|013|676|0|30300089|130010011|130759536|1|20220521|090228|8002131|20220521|095641|8001556|1|1250|0|      |20220521|20220521|0603|2022-06-01 07:02:43
311465|0000000698577402              |20220521|145634|004|676|0|30300051|130010008|130752161|1|20220521|145223|8001534|20220521|150145|8001994|1|1250|0|      |20220521|20220521|0603|2022-06-01 07:02:43
311467|0000000694070398              |20220521|152850|029|676|0|30300037|130010006|130752045|1|20220521|133258|8001534|20220521|154335|8002075|1|1250|0|      |20220521|20220521|0603|2022-06-01 07:02:43
311469|0000000793818981              |20220521|161827|018|676|0|30300088|130010002|130752512|1|20220521|144807|8002131|20220521|162223|8001969|1|1250|0|      |20220521|20220521|0603|2022-06-01 07:02:43
311471|0000001118446949              |20220521|185311|005|676|1|30300087|130010008|130752150|1|20220521|175209|8002276|20220521|185454|8001240|1|0|0|      |20220521|20220521|0603|2022-06-01 07:02:43
311473|0000000400114992              |20220521|171428|011|674|0|30300104|130010002|130752505|1|20220521|171323|8002558|20220521|171740|8001078|1|1250|0|      |20220521|20220521|0603|2022-06-01 07:02:43
311475|0000000684536546              |20220521|175156|013|676|0|30300054|130010007|130759383|1|20220521|173101|8002831|20220521|180605|8001567|1|1250|0|      |20220521|20220521|0603|2022-06-01 07:02:43
311477|0000000487724324              |20220521|205612|009|676|0|30300051|130010008|130752101|1|20220521|201430|8001940|20220521|211916|8003022|1|1250|0|      |20220521|20220521|0603|2022-06-01 07:02:43
311479|0000000694138729              |20220521|213450|029|681|0|30300042|130010009|130759181|1|20220521|210556|8001596|20220521|215937|8002942|1|1250|0|      |20220521|20220521|0603|2022-06-01 07:02:43
311481|0000000691724858              |20220521|142052|028|676|0|30300130|130010008|130752139|1|20220521|135437|8001940|20220521|144114|8002629|1|1250|0|      |20220521|20220521|0603|2022-06-01 07:02:43
304368|0000000697995826              |20220521|213930|019|675|1|30300055|130010014|130753260|1|20220521|213501|8002093|20220521|214003|8002258|1|0|0|      |20220521|20220521|0603|2022-06-01 07:02:43
304370|0000000789141962              |20220521|130220|026|683|1|30300016|130010004|130752275|1|20220521|115404|8001851|20220521|134048|8005066|1|0|900|      |20220521|20220521|0603|2022-06-01 07:02:43
304372|0000000476409571              |20220521|140224|021|675|1|30300055|130010014|130753250|1|20220521|130422|8001412|20220521|140622|8002631|1|0|0|      |20220521|20220521|0603|2022-06-01 07:02:43
304374|0000000400120194              |20220521|062437|012|675|0|30300108|130010007|130759303|1|20220521|062201|8002941|20220521|063214|8002410|1|1250|0|      |20220521|20220521|0603|2022-06-01 07:02:43
304376|0000000789976510              |20220521|102048|021|675|0|30300046|130010002|130752305|1|20220521|060354|8002376|20220521|104328|8005996|1|1250|0|      |20220521|20220521|0603|2022-06-01 07:02:43
304378|0000000789976510              |20220521|074128|020|675|0|30300046|130010002|130752352|1|20220521|070552|8005997|20220521|080344|8001273|1|1250|0|      |20220521|20220521|0603|2022-06-01 07:02:43
304380|0000000789976510              |20220521|144358|022|674|0|30300104|130010002|130752505|1|20220521|141709|8005997|20220521|144823|8001425|1|1250|0|      |20220521|20220521|0603|2022-06-01 07:02:43
304382|0000000476409571              |20220521|141249|021|676|2|30300051|130010008|130752121|1|20220521|134631|8002330|20220521|143627|8002119|1|0|0|      |20220521|20220521|0603|2022-06-01 07:02:43
304384|0000000698278227              |20220521|193247|007|676|1|30300086|130010013|130759801|1|20220521|172324|8001478|20220521|193723|8002929|1|0|0|      |20220521|20220521|0603|2022-06-01 07:02:43
304386|0000000787171337              |20220521|202521|030|675|0|30300047|130010001|130759415|1|20220521|195950|8005992|20220521|203338|8070018|1|1250|0|      |20220521|20220521|0603|2022-06-01 07:02:43
304388|0000000793229309              |20220521|183048|031|675|1|30300067|130010001|130759402|1|20220521|171520|8002338|20220521|183818|8002467|1|0|0|      |20220521|20220521|0603|2022-06-01 07:02:43
304390|0000000698278227              |20220521|182838|007|675|0|30300080|130010009|130759108|1|20220521|174245|8001536|20220521|184243|8002361|1|1250|0|      |20220521|20220521|0603|2022-06-01 07:02:43
304392|0000000698278227              |20220521|211949|007|675|3|30300066|130010015|130759684|1|20220521|210845|8001253|20220521|212535|8002980|1|0|0|      |20220521|20220521|0603|2022-06-01 07:02:43
304799|0000000699900858              |20220521|164531|025|674|0|30300100|130010002|130752509|1|20220521|163431|8001029|20220521|171428|8002629|1|1250|0|      |20220521|20220521|0603|2022-06-01 07:02:43
304801|0000000792006507              |20220521|170543|001|674|0|30300002|130010007|130759311|1|20220521|163650|8002133|20220521|174730|8005994|1|1250|0|      |20220521|20220521|0603|2022-06-01 07:02:43
304803|0000000785638446              |20220521|222957|003|674|0|30300002|130010007|130759319|1|20220521|220819|8002133|20220521|230314|8002252|1|1250|0|      |20220521|20220521|0603|2022-06-01 07:02:43
304805|0000001110302525              |20220521|093611|001|674|1|30300100|130010002|130752381|1|20220521|092024|8001029|20220521|100240|8001413|1|0|0|      |20220521|20220521|0603|2022-06-01 07:02:43
304807|0000000689466319              |20220521|070917|012|674|0|30300100|130010002|130752382|1|20220521|065633|8001029|20220521|072329|8001927|1|1250|0|      |20220521|20220521|0603|2022-06-01 07:02:43
304809|0000000788657912              |20220521|084712|012|676|0|30300089|130010011|130759531|1|20220521|060832|8002133|20220521|094440|8001650|1|1250|0|      |20220521|20220521|0603|2022-06-01 07:02:43
304811|0000000694085458              |20220521|090636|008|674|0|30300002|130010007|130759334|1|20220521|084035|8002133|20220521|094520|8001419|1|1250|0|      |20220521|20220521|0603|2022-06-01 07:02:43
304813|0000000781275646              |20220521|102711|031|674|0|30300100|130010002|130752348|1|20220521|100813|8001029|20220521|105814|8001413|1|1250|0|      |20220521|20220521|0603|2022-06-01 07:02:43
304815|0000000789333514              |20220521|111511|001|674|1|30300100|130010002|130752383|1|20220521|105447|8001029|20220521|115223|8002114|1|0|0|      |20220521|20220521|0603|2022-06-01 07:02:43
304817|0000000400158344              |20220521|151748|012|674|1|30300100|130010002|130752367|1|20220521|150323|8001029|20220521|153154|8001934|1|0|0|      |20220521|20220521|0603|2022-06-01 07:02:43
304819|0000000788664877              |20220521|154711|001|674|0|30300002|130010007|130759331|1|20220521|152150|8002133|20220521|163009|8001419|1|1250|0|      |20220521|20220521|0603|2022-06-01 07:02:43
304821|0000000784433607              |20220521|162051|023|674|0|30300100|130010002|130752381|1|20220521|160558|8001029|20220521|164542|8002629|1|1250|0|      |20220521|20220521|0603|2022-06-01 07:02:43
304823|0000000781925655              |20220521|205054|010|676|0|30300051|130010008|130752100|1|20220521|202534|8001029|20220521|210123|8001948|1|1250|0|      |20220521|20220521|0603|2022-06-01 07:02:43
306558|0000000768022395              |20220521|181328|019|680|0|30300010|130010002|130752557|1|20220521|170458|8007544|20220521|182641|8001009|1|1250|0|      |20220521|20220521|0603|2022-06-01 07:02:43
306560|0000000751801845              |20220521|182005|002|674|0|30300100|130010002|130752358|1|20220521|180955|8001153|20220521|182237|8001081|1|1250|0|      |20220521|20220521|0603|2022-06-01 07:02:43
306562|0000000711874062              |20220521|180856|007|676|0|30300037|130010006|130759023|1|20220521|154454|8002378|20220521|181922|8002403|1|1250|0|      |20220521|20220521|0603|2022-06-01 07:02:43
306564|0000000744581632              |20220521|213446|002|675|0|30300108|130010007|130759303|1|20220521|211054|8001273|20220521|214219|8005619|1|1250|0|      |20220521|20220521|0603|2022-06-01 07:02:43
306981|0000000785402694              |20220521|133948|022|675|0|30300064|130010015|130759686|4|20220521|132239|8001095|~       |      |~      |1|750|0|      |20220521|~       |0603|2022-06-01 07:02:43
306983|0000000699227889              |20220521|142037|016|675|0|30300064|130010015|130759673|4|20220521|140926|8001358|~       |      |~      |1|750|0|      |20220521|~       |0603|2022-06-01 07:02:43
306985|0000000787068366              |20220521|102041|010|676|1|30300070|130010004|130752238|1|20220521|100106|8002816|~       |      |~      |1|0|0|      |20220521|~       |0603|2022-06-01 07:02:43
306987|0000000699219313              |20220521|073813|016|675|0|30300047|130010001|130759702|1|20220521|072604|8001773|~       |      |~      |1|1250|0|      |20220521|~       |0603|2022-06-01 07:02:43
306989|0000000683629120              |20220521|075224|002|675|0|30300064|130010015|130759683|1|20220521|062445|8002356|~       |      |~      |2|2500|0|      |20220521|~       |0603|2022-06-01 07:02:43
306991|0000000400194545              |20220521|100959|014|676|0|30300070|130010004|130752603|1|20220521|095556|8001260|~       |      |~      |1|1250|0|      |20220521|~       |0603|2022-06-01 07:02:43
306993|0000000788659662              |20220521|113628|020|675|0|30300064|130010015|130759686|1|20220521|060003|8002528|~       |      |~      |2|1600|0|      |20220521|~       |0603|2022-06-01 07:02:43
306995|0000000789761643              |20220521|152821|004|676|0|30300070|130010004|130752205|1|20220521|150659|8001135|~       |      |~      |1|1250|0|      |20220521|~       |0603|2022-06-01 07:02:43
306997|0000001110473826              |20220521|161220|028|676|0|30300070|130010004|130752224|1|20220521|152355|8002983|~       |      |~      |1|1250|0|      |20220521|~       |0603|2022-06-01 07:02:43
306999|0000000699345647              |20220521|164353|005|679|0|30300063|130010001|130759773|1|20220521|163100|8005122|~       |      |~      |1|1200|0|      |20220521|~       |0603|2022-06-01 07:02:43
307001|0000000785293818              |20220521|183649|003|679|0|30300063|130010001|130759406|1|20220521|170303|8007213|~       |      |~      |1|1200|0|      |20220521|~       |0603|2022-06-01 07:02:43
307003|0000000782595060              |20220521|220157|016|675|1|30300049|130010004|130752248|1|20220521|212241|8002754|~       |      |~      |1|0|0|      |20220521|~       |0603|2022-06-01 07:02:43
307005|0000001118170203              |20220521|122810|009|675|0|30300049|130010004|130752289|1|20220521|102147|8002966|~       |      |~      |1|1250|0|      |20220521|~       |0603|2022-06-01 07:02:43
307007|0000000783197032              |20220521|140336|029|675|0|30300056|130010012|130753317|1|20220521|131010|8001494|~       |      |~      |1|1250|0|      |20220521|~       |0603|2022-06-01 07:02:43
307009|0000000400145869              |20220521|133900|005|679|0|30300063|130010001|130759748|1|20220521|123046|8002695|~       |      |~      |1|1250|0|      |20220521|~       |0603|2022-06-01 07:02:43
307431|0000000649734679              |20220521|173754|029|675|0|30300076|130010014|130753511|1|20220521|170555|8001936|20220521|180434|8002356|1|1250|0|      |20220521|20220521|0603|2022-06-01 07:02:43
307433|0000000725822170              |20220521|175557|010|675|0|30300127|130010004|130752245|1|20220521|165156|8001289|20220521|180458|8001026|1|1250|0|      |20220521|20220521|0603|2022-06-01 07:02:43
307435|0000000646854688              |20220521|225748|031|675|0|30300046|130010002|130752351|1|20220521|220643|8002721|20220521|231218|8070018|1|1250|0|      |20220521|20220521|0603|2022-06-01 07:02:43
307437|0000000742405635              |20220521|211652|012|675|0|30300059|130010004|130752204|1|20220521|210544|8001587|20220521|213137|8002718|1|1250|0|      |20220521|20220521|0603|2022-06-01 07:02:43
307439|0000000774425628              |20220521|205222|017|675|0|30300046|130010002|130752351|1|20220521|203955|8001289|20220521|212725|8002997|1|1250|0|      |20220521|20220521|0603|2022-06-01 07:02:43
307441|0000000743327110              |20220521|213211|028|675|0|30300145|130010014|130753600|1|20220521|212737|8002103|20220521|214347|8002900|1|1250|0|      |20220521|20220521|0603|2022-06-01 07:02:43
307443|0000000758492577              |20220521|214134|011|675|0|30300101|130010002|130752326|1|20220521|212828|8001118|20220521|215208|8001648|1|1250|0|      |20220521|20220521|0603|2022-06-01 07:02:43
307445|0000000767171099              |20220521|214847|021|675|0|30300101|130010002|130752304|1|20220521|211503|8001646|20220521|220843|8001526|1|1250|0|      |20220521|20220521|0603|2022-06-01 07:02:43
307447|0000000771870118              |20220521|121514|030|680|0|30300017|130010004|130752221|1|20220521|113404|8001029|20220521|121835|8002547|1|1250|0|      |20220521|20220521|0603|2022-06-01 07:02:43
307449|0000000776702966              |20220521|121124|004|675|0|30300046|130010002|130752353|1|20220521|113206|8005997|20220521|123239|8001282|1|1250|0|      |20220521|20220521|0603|2022-06-01 07:02:43
307451|0000000661876376              |20220521|130234|024|676|0|30300088|130010002|130752356|1|20220521|120940|8002742|20220521|130809|8002721|1|1250|0|      |20220521|20220521|0603|2022-06-01 07:02:43
307453|0000000741582151              |20220521|132340|030|675|0|30300059|130010004|130752271|1|20220521|061243|8001988|20220521|140133|8002718|1|1250|0|      |20220521|20220521|0603|2022-06-01 07:02:43
307455|0000000743227738              |20220521|141603|005|675|0|30300065|130010004|130752268|1|20220521|134912|8005870|20220521|142627|8002156|1|1250|0|      |20220521|20220521|0603|2022-06-01 07:02:43
307457|0000000769002766              |20220521|114526|022|676|0|30300038|130010014|130753257|1|20220521|110757|8002914|20220521|115902|8002748|1|1250|0|      |20220521|20220521|0603|2022-06-01 07:02:43
307864|0000000741785095              |20220521|075314|010|675|0|30300065|130010004|130752267|1|20220521|055950|8002902|20220521|080126|8001454|1|1250|0|      |20220521|20220521|0603|2022-06-01 07:02:43
307866|0000000906371100              |20220521|090928|031|675|0|30300059|130010004|130752246|1|20220521|085103|8001665|20220521|093321|8001380|1|1250|0|      |20220521|20220521|0603|2022-06-01 07:02:43
307868|0000000771405496              |20220521|094030|025|676|0|30300093|130010004|130752207|1|20220521|083227|8001994|20220521|094856|8001464|1|1250|0|      |20220521|20220521|0603|2022-06-01 07:02:43
307870|0000000762353293              |20220521|095709|024|675|0|30300094|130010014|130753607|1|20220521|095531|8005950|20220521|101125|8001576|1|1250|0|      |20220521|20220521|0603|2022-06-01 07:02:43
308834|0000000773333458              |20220521|101440|005|676|0|30300038|130010014|130753214|1|20220521|060613|8002923|20220521|101708|8002973|1|1250|0|      |20220521|20220521|0603|2022-06-01 07:02:44
309930|0000000769028948              |20220521|085453|023|674|0|30300002|130010007|130759326|1|20220521|073303|8002833|20220521|085823|8002254|1|1250|0|      |20220521|20220521|0603|2022-06-01 07:02:44
309932|0000000761015105              |20220521|080422|005|674|0|30300002|130010007|130759323|1|20220521|072302|8002464|20220521|081349|8002880|1|1250|0|      |20220521|20220521|0603|2022-06-01 07:02:44
309934|0000000678164633              |20220521|084159|028|675|0|30300055|130010014|130753267|1|20220521|082147|8001667|20220521|085341|8002887|1|1250|0|      |20220521|20220521|0603|2022-06-01 07:02:44
309936|0000000765113874              |20220521|090642|017|675|0|30300055|130010014|130753210|1|20220521|085100|8001203|20220521|092754|8002345|1|1250|0|      |20220521|20220521|0603|2022-06-01 07:02:44
309938|0000000416167294              |20220521|094236|028|675|0|30300055|130010014|130753206|1|20220521|092052|8002686|20220521|100319|8001414|1|1250|0|      |20220521|20220521|0603|2022-06-01 07:02:44
309940|0000000771934344              |20220521|104128|027|675|0|30300055|130010014|130753260|1|20220521|102229|8001554|20220521|110017|8002339|1|1250|0|      |20220521|20220521|0603|2022-06-01 07:02:44
309942|0000000757298848              |20220521|181959|031|674|0|30300002|130010007|130759334|1|20220521|161226|8002437|20220521|190423|8002132|1|1250|0|      |20220521|20220521|0603|2022-06-01 07:02:44
310349|0000000903609594              |20220521|171409|013|676|0|30300041|130010012|130753318|1|20220521|145211|8001077|20220521|172729|8001296|1|1250|0|      |20220521|20220521|0603|2022-06-01 07:02:44
310351|0000000600701749              |20220521|223555|021|675|0|30300050|130010007|130759368|1|20220521|222832|8002535|20220521|225502|8002735|1|1250|0|      |20220521|20220521|0603|2022-06-01 07:02:44
310353|0000000655369939              |20220521|210634|031|676|0|30300071|130010009|130759133|1|20220521|185121|8002691|20220521|212725|8002280|1|1250|0|      |20220521|20220521|0603|2022-06-01 07:02:44
310355|0000000703062491              |20220521|123650|004|681|0|30300042|130010009|130759121|1|20220521|121338|8001590|20220521|124055|8001596|1|1250|0|      |20220521|20220521|0603|2022-06-01 07:02:44
310357|0000000677543773              |20220521|121215|026|676|0|30300071|130010009|130759102|1|20220521|105402|8003017|20220521|121659|8002823|1|1250|0|      |20220521|20220521|0603|2022-06-01 07:02:44
310359|0000000768656372              |20220521|130905|013|675|0|30300078|130010008|130752163|1|20220521|124325|8002733|20220521|131546|8002603|1|1250|0|      |20220521|20220521|0603|2022-06-01 07:02:44
310361|0000000905124695              |20220521|134523|006|676|0|30300041|130010012|130753320|1|20220521|130541|8002703|20220521|135146|8002087|1|1250|0|      |20220521|20220521|0603|2022-06-01 07:02:44
310363|0000000904826573              |20220521|140108|021|676|0|30300071|130010009|130759150|1|20220521|120635|8002757|20220521|143221|8001791|1|1250|0|      |20220521|20220521|0603|2022-06-01 07:02:44
310365|0000000903245075              |20220521|114153|025|676|0|30300131|130010008|130752722|1|20220521|062724|8070011|20220521|115959|8001089|1|1250|0|      |20220521|20220521|0603|2022-06-01 07:02:44
310367|0000000662651379              |20220521|134126|030|676|0|30300041|130010012|130753324|1|20220521|124827|8002159|20220521|135140|8002850|1|1250|0|      |20220521|20220521|0603|2022-06-01 07:02:44
310369|0000000774085404              |20220521|143235|016|676|0|30300036|130010012|130753372|1|20220521|053111|8002659|20220521|145948|8002757|1|1250|0|      |20220521|20220521|0603|2022-06-01 07:02:44
310371|0000000757117203              |20220521|150430|014|676|0|30300071|130010009|130759102|1|20220521|131259|8001568|20220521|151525|8002758|1|1250|0|      |20220521|20220521|0603|2022-06-01 07:02:44
310373|0000000908759174              |20220521|153545|013|681|0|30300042|130010009|130759127|1|20220521|150024|8001949|20220521|155557|8002403|1|1250|0|      |20220521|20220521|0603|2022-06-01 07:02:44
310780|0000000400117904              |20220521|150642|002|676|0|30300040|130010007|130759343|1|20220521|142612|8002935|20220521|152806|8001388|1|1250|0|      |20220521|20220521|0603|2022-06-01 07:02:44
310782|0000000400195515              |20220521|155843|014|676|0|30300040|130010007|130759359|1|20220521|154508|8002960|20220521|162205|8002869|1|1250|0|      |20220521|20220521|0603|2022-06-01 07:02:44
310784|0000000698656352              |20220521|201412|001|674|1|30300002|130010007|130759320|1|20220521|193730|8002611|20220521|204500|8001283|1|0|0|      |20220521|20220521|0603|2022-06-01 07:02:44
310786|0000000699979089              |20220521|175446|020|676|0|30300089|130010011|130759576|1|20220521|122249|8002556|20220521|180146|8002204|2|2500|0|      |20220521|20220521|0603|2022-06-01 07:02:44
310788|0000000400119402              |20220521|204841|007|674|0|30300002|130010007|130759308|1|20220521|200206|8002880|20220521|211613|8001964|1|1250|0|      |20220521|20220521|0603|2022-06-01 07:02:44
310790|0000000488791399              |20220521|121507|018|676|0|30300089|130010011|130759574|1|20220521|092437|8003047|20220521|122615|8002537|1|1250|0|      |20220521|20220521|0603|2022-06-01 07:02:44
310792|0000000785414990              |20220521|104400|027|674|2|30300002|130010007|130759306|1|20220521|091815|8002833|20220521|104730|8002254|1|0|0|      |20220521|20220521|0603|2022-06-01 07:02:44
310794|0000000789666220              |20220521|070127|009|676|0|30300089|130010011|130759574|1|20220521|065107|8001991|20220521|072903|8003110|1|1250|0|      |20220521|20220521|0603|2022-06-01 07:02:44
310796|0000000695660675              |20220521|101846|015|674|0|30300002|130010007|130759326|1|20220521|091238|8001631|20220521|102443|8002911|1|1250|0|      |20220521|20220521|0603|2022-06-01 07:02:44
310798|0000000687838700              |20220521|135731|017|676|0|30300089|130010011|130759513|1|20220521|131310|8002206|20220521|142742|8007189|1|1250|0|      |20220521|20220521|0603|2022-06-01 07:02:44
310800|0000000795712257              |20220521|160337|006|674|0|30300002|130010007|130759325|1|20220521|144504|8002252|20220521|160927|8001964|1|1250|0|      |20220521|20220521|0603|2022-06-01 07:02:44
310802|0000000698547450              |20220521|154901|019|674|0|30300002|130010007|130759318|1|20220521|152906|8002251|20220521|165825|8002910|1|1250|0|      |20220521|20220521|0603|2022-06-01 07:02:44
310804|0000000694517600              |20220521|183021|002|676|0|30300070|130010004|130752606|1|20220521|160928|8001641|20220521|191527|8002729|1|1250|0|      |20220521|20220521|0603|2022-06-01 07:02:44
310806|0000000790481065              |20220521|165045|018|676|0|30300089|130010011|130759575|1|20220521|094557|8002636|20220521|172614|8002206|1|1250|0|      |20220521|20220521|0603|2022-06-01 07:02:44
311213|0000000693212703              |20220521|153202|005|676|0|30300069|130010001|130759416|1|20220521|152002|8001096|20220521|154235|8007518|1|1250|0|      |20220521|20220521|0603|2022-06-01 07:02:44
311215|0000000693534550              |20220521|161356|007|676|0|30300040|130010013|130759873|1|20220521|142309|8001096|20220521|163932|8002870|1|1250|0|      |20220521|20220521|0603|2022-06-01 07:02:44
316932|0000000787950540              |20220521|123824|016|676|0|30300037|130010006|130752031|1|20220521|123624|8003003|20220521|124439|8002923|1|1250|0|      |20220521|20220521|0603|2022-06-01 07:03:04
317339|0000000742719737              |20220521|104305|008|676|0|30300040|130010007|130759359|1|20220521|102221|8001096|20220521|104819|8001085|1|1250|0|      |20220521|20220521|0603|2022-06-01 07:03:04
317341|0000000656725191              |20220521|105246|024|676|0|30300089|130010011|130759576|1|20220521|092811|8005509|20220521|105437|8007490|1|1250|0|      |20220521|20220521|0603|2022-06-01 07:03:04
317343|0000000634013584              |20220521|190036|007|675|0|30300062|130010008|130752703|1|20220521|155600|8001938|20220521|190910|8001074|1|1250|0|      |20220521|20220521|0603|2022-06-01 07:03:04
317345|0000000771615981              |20220521|180756|013|675|0|30300045|130010006|130752058|1|20220521|171204|8002914|20220521|181553|8001279|1|1250|0|      |20220521|20220521|0603|2022-06-01 07:03:04
317347|0000000903452777              |20220521|182424|022|675|0|30300077|130010006|130752070|1|20220521|165735|8001715|20220521|183237|8001709|1|1250|0|      |20220521|20220521|0603|2022-06-01 07:03:04
317349|0000000757790443              |20220521|224216|020|676|0|30300037|130010006|130759012|1|20220521|214746|8001097|20220521|225017|8002345|1|1250|0|      |20220521|20220521|0603|2022-06-01 07:03:04
317351|0000000630616092              |20220521|213644|012|676|0|30300130|130010008|130752718|1|20220521|152217|8001934|20220521|215308|8002487|1|1250|0|      |20220521|20220521|0603|2022-06-01 07:03:04
317353|0000000441855626              |20220521|124256|010|676|0|30300093|130010004|130752207|1|20220521|122917|8001585|20220521|124931|8005511|1|1250|0|      |20220521|20220521|0603|2022-06-01 07:03:04
317355|0000000703555693              |20220521|124932|031|675|0|30300062|130010008|130752129|1|20220521|122626|8001938|20220521|130739|8002814|1|1250|0|      |20220521|20220521|0603|2022-06-01 07:03:04
317357|0000000772306766              |20220521|130518|022|676|0|30300088|130010002|130752356|1|20220521|120940|8001196|20220521|131659|8001168|1|1250|0|      |20220521|20220521|0603|2022-06-01 07:03:04
317359|0000000770917000              |20220521|131814|007|676|0|30300069|130010001|130759704|1|20220521|124925|8001587|20220521|133758|8002970|1|1250|0|      |20220521|20220521|0603|2022-06-01 07:03:04
317361|0000000779489978              |20220521|131746|017|676|0|30300087|130010015|130759679|1|20220521|123404|8001724|20220521|133658|8001587|1|1250|0|      |20220521|20220521|0603|2022-06-01 07:03:04
317363|0000000714303782              |20220521|132223|018|675|0|30300053|130010002|130752373|1|20220521|115935|8006006|20220521|135954|8001786|1|1250|0|      |20220521|20220521|0603|2022-06-01 07:03:04
317774|0000000903699557              |20220521|171433|019|832|1|30300128|130710001|130759932|1|20220521|113942|8007080|20220521|180534|8001420|1|300|300|      |20220521|20220521|0603|2022-06-01 07:03:04
317776|0000000700272802              |20220521|171717|015|832|0|30300128|130710001|130759932|1|20220521|113942|3062004|20220521|180552|8001420|1|1700|300|      |20220521|20220521|0603|2022-06-01 07:03:04
317778|0000000725523801              |20220521|223957|031|832|0|30300128|130710001|130759932|1|20220521|113942|8005504|20220521|231721|8007293|1|1700|300|      |20220521|20220521|0603|2022-06-01 07:03:04
317780|0000000645936314              |20220521|224237|017|832|1|30300128|130710001|130759932|1|20220521|113942|8007412|20220521|231724|8007293|1|450|300|      |20220521|20220521|0603|2022-06-01 07:03:04
317782|0000000756643653              |20220521|224257|010|832|0|30300128|130710001|130759932|1|20220521|113942|8007412|20220521|231321|8007291|1|1700|300|      |20220521|20220521|0603|2022-06-01 07:03:04
317784|0000000644687537              |20220521|223954|002|832|0|30300128|130710001|130759932|1|20220521|113942|8005504|20220521|232608|3053005|1|1700|300|      |20220521|20220521|0603|2022-06-01 07:03:04
317786|0000000708929367              |20220521|224203|019|832|1|30300128|130710001|130759932|1|20220521|113942|8007412|20220521|232741|3054003|1|450|300|      |20220521|20220521|0603|2022-06-01 07:03:04
317788|0000000761748643              |20220521|224215|031|832|1|30300128|130710001|130759932|1|20220521|113942|8007412|20220521|232748|3054003|1|450|300|      |20220521|20220521|0603|2022-06-01 07:03:04
317790|0000000742904768              |20220521|224227|012|832|1|30300128|130710001|130759932|1|20220521|113942|8007412|20220521|232527|3053005|1|450|300|      |20220521|20220521|0603|2022-06-01 07:03:04
317792|0000000677926549              |20220521|224231|031|832|0|30300128|130710001|130759932|1|20220521|113942|8007412|20220521|232758|3054003|1|1700|300|      |20220521|20220521|0603|2022-06-01 07:03:04
317794|0000000734997098              |20220521|225455|015|832|0|30300128|130710001|130759932|1|20220521|113942|8007288|20220521|233111|8007053|1|1700|300|      |20220521|20220521|0603|2022-06-01 07:03:04
317796|0000000661298620              |20220521|202841|007|832|0|30300128|130710001|130759932|1|20220521|113942|9007055|20220521|210453|8007294|1|1700|300|      |20220521|20220521|0603|2022-06-01 07:03:04
317798|0000000708944519              |20220521|205435|027|832|0|30300128|130710001|130759932|1|20220521|113942|3053004|20220521|211922|8007290|1|1700|300|      |20220521|20220521|0603|2022-06-01 07:03:04
317800|0000000778111526              |20220521|210304|029|832|0|30300128|130710001|130759932|1|20220521|113942|8007296|20220521|211931|8007290|1|1700|300|      |20220521|20220521|0603|2022-06-01 07:03:04
318210|0000000600719775              |20220521|182933|011|832|0|30300128|130710001|130759919|1|20220521|053033|9007055|20220521|190953|8007294|1|1700|300|      |20220521|20220521|0603|2022-06-01 07:03:04
318212|0000000778326768              |20220521|170829|008|832|1|30300128|130710001|130759919|1|20220521|053033|8005504|20220521|174917|8007293|1|450|300|      |20220521|20220521|0603|2022-06-01 07:03:04
318214|0000000733457815              |20220521|171325|002|832|0|30300128|130710001|130759919|1|20220521|053033|8007412|20220521|174558|8007291|1|1700|300|      |20220521|20220521|0603|2022-06-01 07:03:04
318216|0000000769368473              |20220521|171346|024|832|0|30300128|130710001|130759919|1|20220521|053033|8007412|20220521|175059|8007295|1|1700|300|      |20220521|20220521|0603|2022-06-01 07:03:04
318218|0000000900891525              |20220521|171427|006|832|0|30300128|130710001|130759919|4|20220521|053033|8007412|20220521|175710|8007052|2|2200|600|      |20220521|20220521|0603|2022-06-01 07:03:04
318220|0000000742531280              |20220521|172620|002|832|0|30300128|130710001|130759919|1|20220521|053033|8007279|20220521|174914|8007293|1|1700|300|      |20220521|20220521|0603|2022-06-01 07:03:04
318222|0000000708944519              |20220521|173621|026|832|0|30300128|130710001|130759919|1|20220521|053033|8007289|20220521|175840|3053005|1|1700|300|      |20220521|20220521|0603|2022-06-01 07:03:04
318224|0000000729055920              |20220521|173628|012|832|1|30300128|130710001|130759919|1|20220521|053033|8007289|20220521|175052|8007295|1|450|300|      |20220521|20220521|0603|2022-06-01 07:03:04
318226|0000000725961992              |20220521|171341|014|832|1|30300128|130710001|130759919|1|20220521|053033|8007412|20220521|175848|3053005|1|450|300|      |20220521|20220521|0603|2022-06-01 07:03:04
316577|0000000400157459              |20220521|122631|025|678|0|30300074|130010014|130753226|1|20220521|121822|8005032|20220521|124936|8002829|1|1250|450|      |20220521|20220521|0603|2022-06-01 07:03:04
316579|0000000697804476              |20220521|102049|006|676|1|30300071|130010009|130759107|4|20220521|090050|8002453|20220521|103106|8001182|1|0|0|      |20220521|20220521|0603|2022-06-01 07:03:04
316581|0000000186373364              |20220521|072114|005|675|0|30300045|130010006|130759002|1|20220521|064015|8001064|20220521|073025|8002960|1|1250|0|      |20220521|20220521|0603|2022-06-01 07:03:04
316988|0000000684989970              |20220521|140701|022|674|0|30300002|130010007|130759318|1|20220521|140202|8001794|20220521|150336|8005994|1|1250|0|      |20220521|20220521|0603|2022-06-01 07:03:04
316990|0000000682768797              |20220521|154845|006|676|0|30300041|130010012|130753309|1|20220521|124145|8002636|20220521|162114|8002378|3|2850|0|      |20220521|20220521|0603|2022-06-01 07:03:04
316992|0000000692343042              |20220521|190033|007|676|0|30300070|130010004|130752254|2|20220521|182426|8002454|20220521|193705|8001134|1|350|0|      |20220521|20220521|0603|2022-06-01 07:03:04
316994|0000000782815668              |20220521|195248|002|676|1|30300037|130010006|130752046|1|20220521|190737|8002378|20220521|201243|8003002|1|0|0|      |20220521|20220521|0603|2022-06-01 07:03:04
316996|0000000692102427              |20220521|195958|008|675|0|30300083|130010001|130759780|1|20220521|195613|8001645|20220521|201727|8001538|1|1250|0|      |20220521|20220521|0603|2022-06-01 07:03:04
316998|0000000686611239              |20220521|174046|029|675|0|30300146|130010008|130752711|1|20220521|171356|8007500|20220521|174553|8002184|1|1250|0|      |20220521|20220521|0603|2022-06-01 07:03:04
317000|0000000682342604              |20220521|173407|030|675|1|30300055|130010014|130753229|1|20220521|165653|8002485|20220521|182411|8007031|1|0|0|      |20220521|20220521|0603|2022-06-01 07:03:04
317002|0000000781958526              |20220521|224450|017|676|0|30300051|130010008|130752115|1|20220521|215635|8002437|20220521|225918|8001039|3|2850|0|      |20220521|20220521|0603|2022-06-01 07:03:04
317004|0000000784289358              |20220521|114710|002|676|0|30300051|130010008|130752114|1|20220521|112544|8001372|20220521|120226|8002543|2|1600|0|      |20220521|20220521|0603|2022-06-01 07:03:04
317006|0000000691488599              |20220521|125625|017|676|0|30300087|130010008|130752151|1|20220521|103311|8001949|20220521|133546|8002209|1|1250|0|      |20220521|20220521|0603|2022-06-01 07:03:04
317008|0000001110427696              |20220521|135351|015|675|1|30300064|130010015|130759638|1|20220521|133126|8001414|20220521|140743|8001094|1|0|0|      |20220521|20220521|0603|2022-06-01 07:03:04
317010|0000000788182679              |20220521|091502|003|676|0|30300043|130010015|130759603|1|20220521|081613|8001244|20220521|092237|8001357|2|1600|0|      |20220521|20220521|0603|2022-06-01 07:03:04
317012|0000000686308524              |20220521|063107|025|675|0|30300077|130010006|130752013|1|20220521|062606|8001033|20220521|064506|8001419|1|1250|0|      |20220521|20220521|0603|2022-06-01 07:03:04
317419|0000000776233235              |20220521|111617|020|676|0|30300093|130010004|130752207|1|20220521|083227|8002208|20220521|113908|8002943|1|1250|0|      |20220521|20220521|0603|2022-06-01 07:03:04
317421|0000000739206833              |20220521|114917|011|675|0|30300075|130010005|130759226|1|20220521|105851|8005881|20220521|115402|8002287|1|1250|0|      |20220521|20220521|0603|2022-06-01 07:03:04
317423|0000000710715217              |20220521|142324|019|675|0|30300053|130010002|130752378|1|20220521|133102|8002106|20220521|143417|8002352|1|1250|0|      |20220521|20220521|0603|2022-06-01 07:03:04
317425|0000000739577509              |20220521|145254|030|675|0|30300055|130010014|130753263|1|20220521|134821|8001553|20220521|150109|8002465|1|1250|0|      |20220521|20220521|0603|2022-06-01 07:03:04
317427|0000000903820711              |20220521|151612|031|676|0|30300087|130010008|130752159|1|20220521|142616|8002969|20220521|152549|8002757|1|1250|0|      |20220521|20220521|0603|2022-06-01 07:03:04
317429|0000000635185438              |20220521|162611|019|675|0|30300075|130010005|130759221|1|20220521|160908|8002616|20220521|162952|8002618|1|1250|0|      |20220521|20220521|0603|2022-06-01 07:03:04
317431|0000000903683832              |20220521|081452|025|676|0|30300072|130010001|130759421|1|20220521|072307|8002558|20220521|082451|8002917|1|1250|0|      |20220521|20220521|0603|2022-06-01 07:03:04
317433|0000000918230174              |20220521|103758|014|676|0|30300040|130010007|130759359|1|20220521|102221|8001036|20220521|111028|8005865|1|1250|0|      |20220521|20220521|0603|2022-06-01 07:03:04
317435|0000000722647595              |20220521|194332|010|676|0|30300070|130010004|130752205|1|20220521|190702|8002748|20220521|200555|8001383|1|1250|0|      |20220521|20220521|0603|2022-06-01 07:03:04
317437|0000000741454018              |20220521|180318|027|676|0|30300068|130010006|130752032|1|20220521|174036|8005920|20220521|180931|8001541|1|1250|0|      |20220521|20220521|0603|2022-06-01 07:03:04
317439|0000000625489368              |20220521|180303|002|675|0|30300095|130010011|130759507|1|20220521|141121|8002119|20220521|181049|8001762|1|1250|0|      |20220521|20220521|0603|2022-06-01 07:03:04
317441|0000000735824416              |20220521|095002|007|676|0|30300072|130010001|130759483|1|20220521|093520|8002486|~       |      |~      |1|1250|0|      |20220521|~       |0603|2022-06-01 07:03:04
317443|0000000776625331              |20220521|104553|016|674|0|30300002|130010007|130759334|1|20220521|101626|8001996|~       |      |~      |1|1250|0|      |20220521|~       |0603|2022-06-01 07:03:04
317445|0000000725786558              |20220521|192707|008|673|1|30300004|130510004|130751016|1|20220521|061043|8002540|~       |      |~      |1|0|0|      |20220521|~       |0603|2022-06-01 07:03:04
317855|0000000741660024              |20220521|153055|014|832|0|30300128|130710001|130759932|1|20220521|113942|8007412|20220521|160246|8007293|1|1700|300|      |20220521|20220521|0603|2022-06-01 07:03:04
317857|0000000921409423              |20220521|154223|022|832|1|30300128|130710001|130759932|1|20220521|113942|8007279|20220521|160248|8007293|1|450|300|      |20220521|20220521|0603|2022-06-01 07:03:04
317859|0000000757928497              |20220521|155201|015|832|0|30300128|130710001|130759932|1|20220521|113942|8007289|20220521|160727|8007400|1|1700|300|      |20220521|20220521|0603|2022-06-01 07:03:04
317861|0000000774753752              |20220521|152627|022|832|1|30300128|130710001|130759932|1|20220521|113942|8005504|20220521|161708|3062006|1|450|300|      |20220521|20220521|0603|2022-06-01 07:03:04
317863|0000000769907357              |20220521|153047|014|832|1|30300128|130710001|130759932|1|20220521|113942|8007412|20220521|161310|3053005|1|450|300|      |20220521|20220521|0603|2022-06-01 07:03:04
317865|0000000906276749              |20220521|153056|010|832|0|30300128|130710001|130759932|1|20220521|113942|8007412|20220521|161714|3062006|1|1700|300|      |20220521|20220521|0603|2022-06-01 07:03:04
317867|0000000771571427              |20220521|153104|015|832|0|30300128|130710001|130759932|1|20220521|113942|8007412|20220521|161732|8007053|1|1700|300|      |20220521|20220521|0603|2022-06-01 07:03:04
316209|0000000793814648              |20220521|152350|031|675|0|30300062|130010008|130752162|1|20220521|143113|8001074|20220521|153916|8002202|1|1250|0|      |20220521|20220521|0603|2022-06-01 07:03:04
316211|0000000400080986              |20220521|161514|017|676|0|30300038|130010014|130753272|1|20220521|154440|8001054|20220521|162736|8002914|1|1250|0|      |20220521|20220521|0603|2022-06-01 07:03:04
316213|0000000789761611              |20220521|185023|029|675|0|30300108|130010007|130759303|1|20220521|182912|8002375|20220521|190718|8007324|1|1250|0|      |20220521|20220521|0603|2022-06-01 07:03:04
316215|0000000788673272              |20220521|163606|018|676|0|30300093|130010004|130752225|1|20220521|163033|8007006|20220521|164507|8002482|1|1250|0|      |20220521|20220521|0603|2022-06-01 07:03:04
316217|0000000785851256              |20220521|171230|029|832|0|30300128|130710001|130759932|4|20220521|113942|3056002|20220521|172044|8007057|1|1100|0|      |20220521|20220521|0603|2022-06-01 07:03:04
316219|0000000400167406              |20220521|125634|031|676|0|30300088|130010006|130752023|1|20220521|124852|8002352|20220521|131337|8001219|1|1250|0|      |20220521|20220521|0603|2022-06-01 07:03:04
316221|0000001110096972              |20220521|131039|003|676|0|30300071|130010009|130759146|1|20220521|125202|8002083|20220521|132254|8001989|1|1250|0|      |20220521|20220521|0603|2022-06-01 07:03:04
316223|0000000476565084              |20220521|072535|008|675|1|30300075|130010005|130759221|1|20220521|065022|8001876|20220521|073059|8001421|1|0|0|      |20220521|20220521|0603|2022-06-01 07:03:04
316225|0000000400123477              |20220521|105651|005|677|0|30300129|130010009|130759115|1|20220521|060317|8001677|20220521|110529|8007208|1|1250|0|      |20220521|20220521|0603|2022-06-01 07:03:04
316227|0000000476565084              |20220521|071411|008|675|0|30300058|130010004|130752295|1|20220521|061316|8001085|20220521|072411|8001876|1|1250|0|      |20220521|20220521|0603|2022-06-01 07:03:04
316229|0000000695643120              |20220521|074700|011|676|0|30300043|130010015|130759632|1|20220521|074025|8005587|20220521|075112|8007325|1|1250|0|      |20220521|20220521|0603|2022-06-01 07:03:04
316636|0000001110504333              |20220521|102204|004|674|0|30300002|130010007|130759312|1|20220521|095734|8002133|20220521|103639|8002464|1|1250|0|      |20220521|20220521|0603|2022-06-01 07:03:04
316638|0000000692747558              |20220521|092557|008|675|0|30300108|130010007|130759303|1|20220521|090704|8007320|20220521|094633|8001272|1|1250|0|      |20220521|20220521|0603|2022-06-01 07:03:04
316640|0000001110504333              |20220521|103935|004|675|1|30300055|130010014|130753251|1|20220521|063742|8002464|20220521|111024|8002345|1|0|0|      |20220521|20220521|0603|2022-06-01 07:03:04
316642|0000000699841212              |20220521|115758|017|675|0|30300059|130010004|130752274|1|20220521|113233|8001355|20220521|121021|8001853|1|1250|0|      |20220521|20220521|0603|2022-06-01 07:03:04
316644|0000000400126678              |20220521|151501|025|679|0|30300063|130010001|130759488|1|20220521|142450|8002254|20220521|152242|8003016|1|1250|0|      |20220521|20220521|0603|2022-06-01 07:03:04
316646|0000000695219503              |20220521|160517|003|676|0|30300041|130010012|130753310|1|20220521|155652|8001400|20220521|164551|8001077|2|2500|0|      |20220521|20220521|0603|2022-06-01 07:03:04
316648|0000000698873455              |20220521|192437|002|675|0|30300082|130010001|130759728|1|20220521|190829|8002440|20220521|193326|8001790|1|1250|0|      |20220521|20220521|0603|2022-06-01 07:03:04
316650|0000000797198131              |20220521|200110|002|676|0|30300043|130010015|130759632|1|20220521|191713|8002730|20220521|202051|8001575|1|1250|0|      |20220521|20220521|0603|2022-06-01 07:03:04
316652|0000000790074514              |20220521|172717|002|832|0|30300128|130710001|130759920|1|20220521|052743|8007412|20220521|181213|3053005|1|1700|300|      |20220521|20220521|0603|2022-06-01 07:03:04
316654|0000000692966650              |20220521|182125|002|676|0|30300089|130010011|130759512|1|20220521|145752|8001923|20220521|182419|8002206|1|1250|0|      |20220521|20220521|0603|2022-06-01 07:03:04
316656|0000000481771589              |20220521|222244|001|674|1|30300104|130010002|130752303|1|20220521|212631|8001078|20220521|222922|8001426|1|0|0|      |20220521|20220521|0603|2022-06-01 07:03:04
316658|0000000695832393              |20220521|122117|002|676|0|30300089|130010011|130759513|1|20220521|110720|8001922|20220521|125858|8001420|1|1250|0|      |20220521|20220521|0603|2022-06-01 07:03:04
316660|0000000694990933              |20220521|140828|001|832|0|30300128|130710001|130759915|1|20220521|063827|9007055|20220521|143517|3062004|1|1700|300|      |20220521|20220521|0603|2022-06-01 07:03:04
316662|0000000785598580              |20220521|070416|001|675|0|30300055|130010014|130753227|1|20220521|064508|8001667|20220521|070839|8001934|1|1250|0|      |20220521|20220521|0603|2022-06-01 07:03:04
317069|0000000681767401              |20220521|220404|012|832|1|30300128|130710001|130759926|1|20220521|070535|8007273|20220521|224743|3056003|1|450|300|      |20220521|20220521|0603|2022-06-01 07:03:04
317071|0000000761859634              |20220521|195320|002|675|0|30300075|130010005|130759222|1|20220521|193010|8005960|20220521|195907|8001920|1|1250|0|      |20220521|20220521|0603|2022-06-01 07:03:04
317073|0000000718500219              |20220521|171635|025|677|0|30300129|130010009|130759115|1|20220521|151622|8007340|20220521|171950|8007362|1|1250|0|      |20220521|20220521|0603|2022-06-01 07:03:04
317075|0000000627707704              |20220521|225328|021|675|0|30300075|130010005|130759222|1|20220521|222432|8002309|20220521|230905|8002299|1|1250|0|      |20220521|20220521|0603|2022-06-01 07:03:04
317077|0000000736073381              |20220521|125731|018|675|0|30300075|130010005|130759270|1|20220521|105346|8001879|20220521|130535|8001618|1|1250|0|      |20220521|20220521|0603|2022-06-01 07:03:04
317079|0000000763353255              |20220521|151058|006|675|0|30300046|130010002|130752321|1|20220521|121913|8001526|20220521|151831|8005647|1|1250|0|      |20220521|20220521|0603|2022-06-01 07:03:04
317081|0000000909966536              |20220521|151346|011|681|0|30300042|130010009|130759165|1|20220521|143811|8001063|20220521|151855|8002758|1|1250|0|      |20220521|20220521|0603|2022-06-01 07:03:04
317083|0000000761194730              |20220521|154808|024|676|0|30300088|130010002|130752338|1|20220521|142719|8001580|20220521|155652|8002351|1|1250|0|      |20220521|20220521|0603|2022-06-01 07:03:04
317085|0000000742101489              |20220521|152933|005|676|0|30300038|130010014|130753524|1|20220521|150149|8002358|20220521|160249|8001049|1|1250|0|      |20220521|20220521|0603|2022-06-01 07:03:04
317087|0000000760047232              |20220521|192315|015|676|0|30300040|130010013|130759873|1|20220521|174154|8001096|20220521|192818|8001085|1|1250|0|      |20220521|20220521|0603|2022-06-01 07:03:04
317089|0000000776751985              |20220521|181725|006|676|0|30300072|130010001|130759421|1|20220521|181056|8001234|20220521|182135|8002486|1|1250|0|      |20220521|20220521|0603|2022-06-01 07:03:04
317091|0000000668559294              |20220521|212819|028|675|0|30300083|130010001|130759775|1|20220521|212803|8001932|20220521|213934|8001279|1|1250|0|      |20220521|20220521|0603|2022-06-01 07:03:04
314558|0000000459856738              |20220521|105802|024|676|0|30300037|130010006|130752038|1|20220521|101944|8001096|20220521|111546|8001574|1|1250|0|      |20220521|20220521|0603|2022-06-01 07:03:04
314560|0000000752008630              |20220521|073839|002|676|0|30300072|130010001|130759421|1|20220521|072307|8001412|20220521|075103|8001036|1|1250|0|      |20220521|20220521|0603|2022-06-01 07:03:04
314562|0000000673330159              |20220521|084236|013|676|0|30300072|130010001|130759422|1|20220521|070714|8001589|20220521|085348|8002453|1|1250|0|      |20220521|20220521|0603|2022-06-01 07:03:04
314564|0000000746446627              |20220521|165937|008|676|0|30300087|130010015|130759679|1|20220521|165055|8002133|20220521|172946|8002075|1|1250|0|      |20220521|20220521|0603|2022-06-01 07:03:04
314566|0000000900817829              |20220521|181041|031|676|0|30300051|130010008|130752106|1|20220521|164239|8002437|20220521|182214|8001097|1|1250|0|      |20220521|20220521|0603|2022-06-01 07:03:04
314568|0000000769694640              |20220521|175103|024|675|0|30300091|130010013|130759877|1|20220521|160718|8001647|20220521|184110|8001969|1|1250|0|      |20220521|20220521|0603|2022-06-01 07:03:04
314570|0000000903484269              |20220521|184957|025|675|0|30300047|130010001|130759433|1|20220521|154042|8001483|20220521|190314|8070012|1|1250|0|      |20220521|20220521|0603|2022-06-01 07:03:04
314572|0000000639428976              |20220521|184426|020|675|0|30300091|130010013|130759880|1|20220521|163114|8002614|20220521|185411|8002465|1|1250|0|      |20220521|20220521|0603|2022-06-01 07:03:04
314574|0000000718469332              |20220521|120833|005|676|0|30300093|130010004|130752215|1|20220521|094512|8002658|20220521|122038|8001658|1|1250|0|      |20220521|20220521|0603|2022-06-01 07:03:04
314576|0000000718869286              |20220521|125631|011|675|0|30300058|130010004|130752200|1|20220521|122410|8001934|20220521|131612|8001418|1|1250|0|      |20220521|20220521|0603|2022-06-01 07:03:04
314578|0000000900078814              |20220521|124903|014|675|0|30300050|130010007|130759348|1|20220521|120842|8005516|20220521|132729|8002765|1|1250|0|      |20220521|20220521|0603|2022-06-01 07:03:04
314580|0000000644581628              |20220521|131222|012|676|0|30300087|130010008|130752158|1|20220521|124309|8001237|20220521|131826|8002279|1|1250|0|      |20220521|20220521|0603|2022-06-01 07:03:04
314582|0000000722582127              |20220521|132930|021|676|0|30300087|130010015|130759614|1|20220521|132346|8002541|20220521|133331|8002543|1|1250|0|      |20220521|20220521|0603|2022-06-01 07:03:04
314989|0000000627406108              |20220521|210945|007|674|0|30300104|130010002|130752341|1|20220521|210905|8002558|20220521|213750|8001028|1|1250|0|      |20220521|20220521|0603|2022-06-01 07:03:04
314991|0000000607661119              |20220521|220017|025|676|0|30300038|130010014|130753203|1|20220521|203606|8002974|20220521|220644|8002921|1|1250|0|      |20220521|20220521|0603|2022-06-01 07:03:04
314993|0000000751451976              |20220521|121428|017|675|0|30300058|130010004|130752293|1|20220521|114018|8001934|20220521|122347|8002603|1|1250|0|      |20220521|20220521|0603|2022-06-01 07:03:04
314995|0000000676417360              |20220521|132739|024|674|0|30300100|130010002|130752345|1|20220521|132308|8002351|20220521|135755|8002603|1|1250|0|      |20220521|20220521|0603|2022-06-01 07:03:04
314997|0000000759359990              |20220521|141939|001|675|0|30300067|130010001|130759735|1|20220521|140533|8001095|20220521|142221|8002832|1|1250|0|      |20220521|20220521|0603|2022-06-01 07:03:04
314999|0000000743299874              |20220521|112526|011|675|0|30300082|130010001|130759776|1|20220521|104313|8001410|20220521|113149|8001931|1|1250|0|      |20220521|20220521|0603|2022-06-01 07:03:04
315001|0000000921236565              |20220521|113039|018|674|0|30300100|130010002|130752359|1|20220521|111822|8001029|20220521|120546|8001413|1|1250|0|      |20220521|20220521|0603|2022-06-01 07:03:04
315003|0000000741586515              |20220521|112433|029|682|0|30300030|130010014|130753602|1|20220521|110618|8001420|20220521|120832|8005132|1|1250|0|      |20220521|20220521|0603|2022-06-01 07:03:04
315005|0000000921398096              |20220521|142406|007|675|0|30300062|130010008|130752137|1|20220521|140118|8001938|20220521|145605|8002202|1|1250|0|      |20220521|20220521|0603|2022-06-01 07:03:04
315007|0000000708719657              |20220521|152010|006|675|0|30300046|130010002|130752351|1|20220521|141728|8001773|20220521|155202|8001155|1|1250|0|      |20220521|20220521|0603|2022-06-01 07:03:04
315009|0000000918017241              |20220521|101836|005|675|0|30300094|130010014|130753616|1|20220521|090747|8002997|20220521|102801|8002737|1|1250|0|      |20220521|20220521|0603|2022-06-01 07:03:04
315011|0000000909014597              |20220521|100343|011|675|0|30300062|130010008|130752703|1|20220521|094542|8002794|20220521|103640|8002202|1|1250|0|      |20220521|20220521|0603|2022-06-01 07:03:04
315013|0000000900004047              |20220521|192701|006|677|0|30300129|130010009|130759143|1|20220521|125636|8007395|20220521|192858|8007339|1|1250|0|      |20220521|20220521|0603|2022-06-01 07:03:04
315015|0000000906694920              |20220521|202801|007|676|0|30300039|130010005|130759214|1|20220521|202706|8003003|20220521|203616|8002973|1|1250|0|      |20220521|20220521|0603|2022-06-01 07:03:04
315422|0000000694911467              |20220521|101948|010|675|0|30300081|130010011|130759570|1|20220521|085348|8001060|20220521|103030|8001378|1|1250|0|      |20220521|20220521|0603|2022-06-01 07:03:04
315424|0000000785829709              |20220521|111247|005|675|0|30300078|130010008|130752165|1|20220521|104030|8001417|20220521|112200|8007279|1|1250|0|      |20220521|20220521|0603|2022-06-01 07:03:04
315426|0000000695633130              |20220521|115100|020|673|0|30300001|130510004|130751006|1|20220521|055743|8002735|20220521|121002|8005782|1|1100|0|      |20220521|20220521|0603|2022-06-01 07:03:04
315428|0000001118097943              |20220521|155740|011|675|0|30300079|130010009|130759171|1|20220521|143643|8001199|20220521|160637|8001668|1|1250|0|      |20220521|20220521|0603|2022-06-01 07:03:04
315430|0000000788333124              |20220521|161927|001|676|0|30300088|130010006|130752006|1|20220521|145431|8001168|20220521|163548|8001580|1|1250|0|      |20220521|20220521|0603|2022-06-01 07:03:04
315432|0000001118097943              |20220521|160911|011|675|1|30300066|130010015|130759605|1|20220521|155243|8001668|20220521|162555|8002252|1|0|0|      |20220521|20220521|0603|2022-06-01 07:03:04
315434|0000000694565563              |20220521|190443|001|680|0|30300052|130010006|130752025|1|20220521|181807|8001118|20220521|191303|8002547|1|1250|0|      |20220521|20220521|0603|2022-06-01 07:03:04
315436|0000000689888828              |20220521|162929|006|675|0|30300094|130010014|130753607|1|20220521|161903|8007549|20220521|165937|8002087|1|1250|0|      |20220521|20220521|0603|2022-06-01 07:03:04
315438|0000000781480394              |20220521|161532|007|832|1|30300128|130710001|130759914|1|20220521|055729|8007412|20220521|170727|8007053|1|450|300|      |20220521|20220521|0603|2022-06-01 07:03:04
315440|0000000400136693              |20220521|174149|029|674|1|30300104|130010002|130752333|1|20220521|173150|8001153|20220521|182109|8002453|1|0|0|      |20220521|20220521|0603|2022-06-01 07:03:04
312941|0000000789322426              |20220521|122553|010|676|0|30300089|130010011|130759513|1|20220521|110720|8001568|20220521|123257|8002088|1|1250|0|      |20220521|20220521|0603|2022-06-01 07:03:04
312943|0000000697038099              |20220521|135603|011|676|0|30300089|130010011|130759527|1|20220521|130122|8002532|20220521|142140|8001565|1|1250|0|      |20220521|20220521|0603|2022-06-01 07:03:04
312945|0000000797454777              |20220521|073439|014|675|0|30300056|130010012|130753307|1|20220521|060823|8001260|20220521|080821|8001281|1|1250|0|      |20220521|20220521|0603|2022-06-01 07:03:04
312947|0000001110569037              |20220521|093536|006|676|0|30300089|130010011|130759522|1|20220521|063915|8001555|20220521|095917|8001479|1|1250|0|      |20220521|20220521|0603|2022-06-01 07:03:04
312949|0000000698570451              |20220521|103710|009|676|0|30300089|130010011|130759575|1|20220521|094557|8002207|20220521|110229|8002088|1|1250|0|      |20220521|20220521|0603|2022-06-01 07:03:04
312951|0000000488126181              |20220521|111119|017|675|0|30300058|130010004|130752251|1|20220521|110150|8005895|20220521|114537|8002734|1|1250|0|      |20220521|20220521|0603|2022-06-01 07:03:04
312953|0000000792501751              |20220521|144733|013|675|0|30300056|130010012|130753373|1|20220521|124729|8001589|20220521|150357|8002410|1|1250|0|      |20220521|20220521|0603|2022-06-01 07:03:04
312955|0000000695603681              |20220521|143823|021|675|0|30300056|130010012|130753317|1|20220521|131010|8001280|20220521|145503|8001491|1|1250|0|      |20220521|20220521|0603|2022-06-01 07:03:04
312957|0000000694299627              |20220521|184128|008|675|0|30300056|130010012|130753307|1|20220521|131623|8001494|20220521|185254|8002706|1|1250|0|      |20220521|20220521|0603|2022-06-01 07:03:04
312959|0000000400139108              |20220521|175429|006|675|0|30300056|130010012|130753317|1|20220521|163847|8002683|20220521|182119|8002915|1|1250|0|      |20220521|20220521|0603|2022-06-01 07:03:04
312961|0000000789230350              |20220521|180746|009|675|0|30300056|130010012|130753331|1|20220521|180408|8005991|20220521|182145|8001219|1|1250|0|      |20220521|20220521|0603|2022-06-01 07:03:04
312963|0000000687761401              |20220521|211826|006|675|0|30300083|130010001|130759710|1|20220521|201202|8001790|20220521|214637|8001731|1|1250|0|      |20220521|20220521|0603|2022-06-01 07:03:04
313343|0000000777363586              |20220521|143918|017|675|0|30300050|130010007|130759369|1|20220521|135137|8001192|20220521|145109|8002206|1|1250|0|      |20220521|20220521|0603|2022-06-01 07:03:04
313345|0000000605062387              |20220521|145850|020|674|0|30300100|130010002|130752344|1|20220521|142624|8001927|20220521|150825|8002629|1|1250|0|      |20220521|20220521|0603|2022-06-01 07:03:04
313347|0000000908722543              |20220521|154511|007|675|0|30300046|130010002|130752353|1|20220521|151958|8001013|20220521|160312|8002412|1|1250|0|      |20220521|20220521|0603|2022-06-01 07:03:04
313349|0000000734217889              |20220521|105336|019|676|0|30300040|130010007|130759389|1|20220521|101217|8002935|20220521|105841|8002870|1|1250|0|      |20220521|20220521|0603|2022-06-01 07:03:04
313351|0000000743582407              |20220521|075418|021|675|0|30300060|130010014|130753522|1|20220521|073549|8002361|20220521|075732|8001560|1|1250|0|      |20220521|20220521|0603|2022-06-01 07:03:04
313353|0000000664965683              |20220521|094406|018|680|0|30300052|130010006|130752003|1|20220521|093523|8005116|20220521|094943|8005049|1|1250|0|      |20220521|20220521|0603|2022-06-01 07:03:04
313355|0000000706837454              |20220521|185130|005|676|0|30300071|130010009|130759146|1|20220521|180014|8001792|20220521|192845|8002556|1|1250|0|      |20220521|20220521|0603|2022-06-01 07:03:04
313357|0000000908946145              |20220521|165634|002|675|0|30300055|130010014|130753265|1|20220521|163725|8001667|20220521|171002|8002602|1|1250|0|      |20220521|20220521|0603|2022-06-01 07:03:04
313359|0000000750329070              |20220521|181622|011|675|0|30300067|130010001|130759701|1|20220521|173419|8001414|20220521|182742|8001670|1|1250|0|      |20220521|20220521|0603|2022-06-01 07:03:04
313361|0000000904213413              |20220521|182730|027|675|0|30300047|130010001|130759408|1|20220521|175817|8070012|20220521|184743|8002412|1|1250|0|      |20220521|20220521|0603|2022-06-01 07:03:04
313363|0000000752376333              |20220521|210758|023|676|0|30300130|130010008|130752148|1|20220521|205941|8005951|20220521|212436|8002437|1|1250|0|      |20220521|20220521|0603|2022-06-01 07:03:04
313365|0000000704604804              |20220521|215623|002|676|0|30300037|130010006|130752073|1|20220521|212204|8002558|20220521|222052|8002921|1|1250|0|      |20220521|20220521|0603|2022-06-01 07:03:04
313367|0000000770298366              |20220521|115533|001|676|0|30300073|130010009|130759112|1|20220521|110305|8002235|20220521|120823|8001420|1|1250|0|      |20220521|20220521|0603|2022-06-01 07:03:04
313774|0000000731083076              |20220521|214400|017|675|0|30300108|130010007|130759339|1|20220521|212524|8007322|20220521|215248|8006002|1|1250|0|      |20220521|20220521|0603|2022-06-01 07:03:04
313776|0000000769464890              |20220521|220447|012|674|0|30300002|130010007|130759304|1|20220521|211023|8002134|20220521|220543|8002132|1|1250|0|      |20220521|20220521|0603|2022-06-01 07:03:04
313778|0000000908683701              |20220521|120840|027|676|0|30300073|130010009|130759117|1|20220521|120024|8002109|20220521|122036|8001922|1|1250|0|      |20220521|20220521|0603|2022-06-01 07:03:04
313780|0000000742274814              |20220521|122623|025|675|0|30300049|130010004|130752237|1|20220521|112200|8001263|20220521|124419|8001927|1|1250|0|      |20220521|20220521|0603|2022-06-01 07:03:04
313782|0000000749384798              |20220521|113708|010|676|0|30300037|130010006|130752005|1|20220521|102806|8002488|20220521|114017|8002358|1|1250|0|      |20220521|20220521|0603|2022-06-01 07:03:04
313784|0000000903174987              |20220521|114048|006|675|0|30300091|130010013|130759816|1|20220521|100057|8001871|20220521|114828|8002241|1|1250|0|      |20220521|20220521|0603|2022-06-01 07:03:04
313786|0000000768383537              |20220521|151328|012|680|0|30300009|130010002|130752349|1|20220521|141656|8002333|20220521|154450|8001489|1|1250|0|      |20220521|20220521|0603|2022-06-01 07:03:04
313788|0000000735443948              |20220521|153756|027|676|0|30300040|130010007|130759389|1|20220521|153407|8002941|20220521|154005|8001193|1|1250|0|      |20220521|20220521|0603|2022-06-01 07:03:04
313790|0000000752035103              |20220521|161339|006|675|0|30300067|130010001|130759424|1|20220521|161232|8001922|20220521|161824|8002379|1|1250|0|      |20220521|20220521|0603|2022-06-01 07:03:04
313792|0000000750960882              |20220521|163139|010|675|0|30300083|130010001|130759771|1|20220521|163020|8001879|20220521|164510|8002289|1|1250|0|      |20220521|20220521|0603|2022-06-01 07:03:04
313794|0000000743546411              |20220521|061327|018|679|0|30300063|130010001|130759748|1|20220521|053732|8001364|20220521|062920|8001412|1|1250|0|      |20220521|20220521|0603|2022-06-01 07:03:04
313796|0000000903839381              |20220521|101954|018|675|0|30300055|130010014|130753228|1|20220521|054415|8002734|20220521|103015|8001663|1|1250|0|      |20220521|20220521|0603|2022-06-01 07:03:04
318166|0000000910453652              |20220521|084201|013|832|0|30300128|130710001|130759922|1|20220521|061032|8007298|20220521|090941|8007280|1|1700|300|      |20220521|20220521|0603|2022-06-01 07:03:04
318168|0000000720427363              |20220521|084547|020|832|0|30300128|130710001|130759922|1|20220521|061032|8007294|20220521|085722|8007290|1|1700|300|      |20220521|20220521|0603|2022-06-01 07:03:04
318170|0000000741689735              |20220521|102933|002|832|1|30300128|130710001|130759922|1|20220521|061032|8007412|20220521|112211|3014014|1|450|300|      |20220521|20220521|0603|2022-06-01 07:03:04
318172|0000000723247214              |20220521|102953|010|832|0|30300128|130710001|130759922|1|20220521|061032|8007412|20220521|111200|8007052|1|1700|300|      |20220521|20220521|0603|2022-06-01 07:03:04
318174|0000000766329779              |20220521|104236|030|832|0|30300128|130710001|130759922|1|20220521|061032|8007288|20220521|111841|8007053|1|1700|300|      |20220521|20220521|0603|2022-06-01 07:03:04
318176|0000000742117323              |20220521|065641|003|832|1|30300128|130710001|130759922|1|20220521|061032|8007279|20220521|072050|8007291|1|450|300|      |20220521|20220521|0603|2022-06-01 07:03:04
318178|0000000752049230              |20220521|071013|019|832|1|30300128|130710001|130759922|1|20220521|061032|8007289|20220521|072505|8007293|1|450|300|      |20220521|20220521|0603|2022-06-01 07:03:04
318180|0000000904005186              |20220521|064812|021|832|1|30300128|130710001|130759922|1|20220521|061032|8007412|20220521|073652|3062006|1|450|300|      |20220521|20220521|0603|2022-06-01 07:03:04
320418|0000000714063217              |20220521|154058|006|674|0|30300002|130010007|130759331|1|20220521|152150|8002131|~       |      |~      |1|1250|0|      |20220521|~       |0603|2022-06-01 07:03:04
320420|0000000606440619              |20220521|160920|002|676|0|30300093|130010004|130752225|1|20220521|144426|8001419|~       |      |~      |1|1250|0|      |20220521|~       |0603|2022-06-01 07:03:04
320422|0000000711844987              |20220521|080427|012|675|0|30300057|130010001|130759489|1|20220521|074618|8002631|~       |      |~      |1|1250|0|      |20220521|~       |0603|2022-06-01 07:03:04
320424|0000000725345084              |20220521|191155|008|676|0|30300071|130010009|130759133|1|20220521|185121|8001989|~       |      |~      |1|1250|0|      |20220521|~       |0603|2022-06-01 07:03:04
320426|0000000755239180              |20220521|195500|012|675|0|30300053|130010002|130752368|1|20220521|194419|8002351|~       |      |~      |1|1250|0|      |20220521|~       |0603|2022-06-01 07:03:04
320428|0000000760024638              |20220521|201329|003|676|0|30300051|130010008|130752124|1|20220521|192440|8002733|~       |      |~      |1|1250|0|      |20220521|~       |0603|2022-06-01 07:03:04
320430|0000000918242059              |20220521|175541|002|676|0|30300054|130010007|130759341|1|20220521|164051|8001989|~       |      |~      |1|1250|0|      |20220521|~       |0603|2022-06-01 07:03:04
320432|0000000741643854              |20220521|230615|006|675|0|30300055|130010014|130753212|1|20220521|142131|8002631|~       |      |~      |1|1250|0|      |20220521|~       |0603|2022-06-01 07:03:04
320434|0000000778153585              |20220521|211046|002|676|0|30300054|130010007|130759387|1|20220521|203447|8001989|~       |      |~      |1|1250|0|      |20220521|~       |0603|2022-06-01 07:03:04
320436|0000000622516067              |20220521|123739|023|676|0|30300072|130010001|130759429|1|20220521|115022|8002658|~       |      |~      |1|1250|0|      |20220521|~       |0603|2022-06-01 07:03:04
320438|0000000725734573              |20220521|130223|029|675|1|30300082|130010001|130759739|1|20220521|111603|8001989|~       |      |~      |1|0|0|      |20220521|~       |0603|2022-06-01 07:03:04
320440|0000000903857723              |20220521|131804|002|676|0|30300054|130010007|130759383|1|20220521|123644|8001989|~       |      |~      |1|1250|0|      |20220521|~       |0603|2022-06-01 07:03:04
320442|0000000742994375              |20220521|131907|022|674|0|30300100|130010002|130752383|1|20220521|131423|8002351|~       |      |~      |1|1250|0|      |20220521|~       |0603|2022-06-01 07:03:04
320444|0000000741852930              |20220521|085653|022|676|0|30300037|130010006|130759012|1|20220521|071820|8002658|~       |      |~      |1|1250|0|      |20220521|~       |0603|2022-06-01 07:03:04
320446|0000000776085435              |20220521|105055|006|676|0|30300051|130010008|130752161|1|20220521|095738|8002733|~       |      |~      |1|1250|0|      |20220521|~       |0603|2022-06-01 07:03:04
320905|0000000904929305              |20220521|143449|002|675|0|30300082|130010001|130759471|1|20220521|132407|8002558|~       |      |~      |1|1250|0|      |20220521|~       |0603|2022-06-01 07:03:04
320907|0000000774171324              |20220521|161609|021|675|0|30300076|130010014|130753239|1|20220521|141747|8001936|~       |      |~      |1|1250|0|      |20220521|~       |0603|2022-06-01 07:03:04
320909|0000000909613031              |20220521|163031|004|675|0|30300055|130010014|130753225|1|20220521|155450|8002485|~       |      |~      |1|1250|0|      |20220521|~       |0603|2022-06-01 07:03:04
320911|0000000918312773              |20220521|072828|019|675|0|30300055|130010014|130753261|1|20220521|065228|8001444|~       |      |~      |1|1250|0|      |20220521|~       |0603|2022-06-01 07:03:04
320913|0000000730220709              |20220521|092556|026|676|0|30300036|130010012|130753311|1|20220521|083051|8001928|~       |      |~      |1|1250|0|      |20220521|~       |0603|2022-06-01 07:03:04
320915|0000000737486376              |20220521|184545|022|676|0|30300037|130010006|130752040|1|20220521|173917|8001097|~       |      |~      |1|1250|0|      |20220521|~       |0603|2022-06-01 07:03:04
320917|0000000728945759              |20220521|170317|030|676|0|30300054|130010007|130759360|1|20220521|163046|8002453|~       |      |~      |1|1250|0|      |20220521|~       |0603|2022-06-01 07:03:04
320919|0000000918316756              |20220521|172853|019|676|1|30300037|130010006|130759016|1|20220521|170719|8002898|~       |      |~      |1|0|0|      |20220521|~       |0603|2022-06-01 07:03:04
320921|0000000759695798              |20220521|175307|028|675|0|30300055|130010014|130753228|1|20220521|130505|8001663|~       |      |~      |1|1250|0|      |20220521|~       |0603|2022-06-01 07:03:04
320923|0000000769082598              |20220521|231400|030|676|0|30300037|130010006|130752027|1|20220521|222520|8001097|~       |      |~      |1|1250|0|      |20220521|~       |0603|2022-06-01 07:03:04
320925|0000000918257410              |20220521|205401|019|676|0|30300054|130010007|130759377|1|20220521|202112|8001922|~       |      |~      |1|1250|0|      |20220521|~       |0603|2022-06-01 07:03:04
320927|0000000760251900              |20220521|214326|010|676|0|30300037|130010006|130752040|1|20220521|173917|8001097|~       |      |~      |1|1250|0|      |20220521|~       |0603|2022-06-01 07:03:04
320929|0000000909338496              |20220521|212441|026|675|0|30300055|130010014|130753218|1|20220521|203916|8002343|~       |      |~      |1|1250|0|      |20220521|~       |0603|2022-06-01 07:03:04
320931|0000000464450024              |20220521|122003|006|675|0|30300055|130010014|130753251|1|20220521|063742|8001827|~       |      |~      |1|1250|0|      |20220521|~       |0603|2022-06-01 07:03:04
324645|0000000789556023              |20220521|211156|004|675|0|30300101|130010002|130752332|1|20220521|154527|8002351|20220521|213247|8001755|1|1250|0|      |20220521|20220521|0603|2022-06-01 07:03:04
325052|0000000698188418              |20220521|183839|010|676|0|30300051|130010008|130752100|1|20220521|183301|8001096|20220521|185027|8002454|1|1250|0|      |20220521|20220521|0603|2022-06-01 07:03:04
325054|0000000486670844              |20220521|122059|031|675|2|30300078|130010008|130752170|1|20220521|102512|8002235|20220521|123008|8002615|1|0|0|      |20220521|20220521|0603|2022-06-01 07:03:04
325056|0000000693878448              |20220521|131829|026|676|0|30300088|130010002|130752512|1|20220521|103656|8001196|20220521|132924|8001168|1|1250|0|      |20220521|20220521|0603|2022-06-01 07:03:04
325058|0000000789799443              |20220521|094349|004|832|0|30300128|130710001|130759932|1|20220521|075523|8007080|20220521|103550|8001420|1|1700|300|      |20220521|20220521|0603|2022-06-01 07:03:04
325060|0000000793774142              |20220521|083113|008|676|0|30300131|130010008|130752707|1|20220521|081200|8001079|20220521|085321|8002814|1|1250|0|      |20220521|20220521|0603|2022-06-01 07:03:04
325062|0000000788845305              |20220521|154504|010|676|0|30300036|130010012|130753311|1|20220521|152846|8002406|20220521|160208|8002960|1|1250|0|      |20220521|20220521|0603|2022-06-01 07:03:04
325064|0000000699908118              |20220521|171754|025|683|0|30300016|130010004|130752601|1|20220521|164749|8005182|20220521|174106|8001852|1|1200|350|      |20220521|20220521|0603|2022-06-01 07:03:04
325066|0000001110352104              |20220521|183013|001|832|0|30300128|130710001|130759919|1|20220521|053033|9007055|20220521|190240|8007057|1|1700|300|      |20220521|20220521|0603|2022-06-01 07:03:04
325068|0000000789149958              |20220521|205655|001|676|0|30300038|130010014|130753214|1|20220521|205156|8001983|20220521|211935|8005994|1|1250|0|      |20220521|20220521|0603|2022-06-01 07:03:04
325070|0000000788168270              |20220521|211853|015|678|0|30300074|130010014|130753226|1|20220521|203740|8002823|20220521|214045|8005037|1|1250|450|      |20220521|20220521|0603|2022-06-01 07:03:04
325072|0000000699272835              |20220521|214152|001|674|0|30300002|130010007|130759331|1|20220521|204324|8002134|20220521|215356|8001283|1|1250|0|      |20220521|20220521|0603|2022-06-01 07:03:04
325074|0000000488133364              |20220521|120734|001|676|0|30300051|130010008|130752128|1|20220521|113348|8002543|20220521|123147|8002629|1|1250|0|      |20220521|20220521|0603|2022-06-01 07:03:04
325076|0000000789515478              |20220521|132813|001|676|0|30300041|130010012|130753318|1|20220521|105610|8001296|20220521|133207|8002961|1|1250|0|      |20220521|20220521|0603|2022-06-01 07:03:04
318671|0000000400190633              |20220521|064502|019|675|0|30300045|130010006|130752048|1|20220521|062327|8002997|20220521|065721|8001133|1|1250|0|      |20220521|20220521|0603|2022-06-01 07:03:04
318673|0000000785684294              |20220521|081437|001|680|0|30300011|130010002|130752501|1|20220521|055732|8002119|20220521|082348|8001026|1|1250|0|      |20220521|20220521|0603|2022-06-01 07:03:04
318675|0000000789087436              |20220521|083057|027|676|0|30300038|130010014|130753202|1|20220521|072305|8001710|20220521|090249|9002077|1|1250|0|      |20220521|20220521|0603|2022-06-01 07:03:04
318677|0000000400164930              |20220521|110902|026|681|1|30300042|130010009|130759104|1|20220521|103800|8001074|20220521|112757|8002410|1|0|0|      |20220521|20220521|0603|2022-06-01 07:03:04
318679|0000000400116381              |20220521|111312|017|675|1|30300064|130010015|130759626|1|20220521|104008|8001412|20220521|112929|8002653|1|0|0|      |20220521|20220521|0603|2022-06-01 07:03:04
318681|0000000400189808              |20220521|113904|024|675|0|30300064|130010015|130759642|1|20220521|053726|8001980|20220521|115233|8001414|1|1250|0|      |20220521|20220521|0603|2022-06-01 07:03:04
318683|0000000400169038              |20220521|143946|019|675|0|30300060|130010014|130753223|1|20220521|141030|8001868|20220521|145606|8001949|1|1250|0|      |20220521|20220521|0603|2022-06-01 07:03:04
318685|0000000788541232              |20220521|153129|012|680|1|30300011|130010002|130752559|1|20220521|152749|8001493|20220521|155512|8003036|1|0|0|      |20220521|20220521|0603|2022-06-01 07:03:04
318687|0000000699622180              |20220521|191149|027|676|0|30300130|130010008|130752145|1|20220521|172708|8001527|20220521|193310|8002786|1|1250|0|      |20220521|20220521|0603|2022-06-01 07:03:04
318689|0000000785062202              |20220521|203852|018|676|0|30300086|130010013|130759800|1|20220521|201145|8001314|20220521|205706|8001430|1|1250|0|      |20220521|20220521|0603|2022-06-01 07:03:04
318691|0000000400155433              |20220521|180416|027|675|0|30300075|130010005|130759227|1|20220521|173314|8001920|20220521|181825|8001421|1|1250|0|      |20220521|20220521|0603|2022-06-01 07:03:04
318693|0000000693946726              |20220521|181955|012|675|0|30300075|130010005|130759227|1|20220521|173314|8001421|20220521|183332|8001617|1|1250|0|      |20220521|20220521|0603|2022-06-01 07:03:04
318695|0000000694512935              |20220521|220759|007|675|0|30300091|130010013|130759816|1|20220521|203336|8001418|20220521|225223|8001242|1|1250|0|      |20220521|20220521|0603|2022-06-01 07:03:04
318697|0000000698587858              |20220521|212015|004|676|0|30300089|130010011|130759512|1|20220521|145752|8002531|20220521|214222|8002468|1|1250|0|      |20220521|20220521|0603|2022-06-01 07:03:04
319104|0000000684404770              |20220521|182034|005|676|0|30300054|130010007|130759363|4|20220521|173958|8002453|20220521|184920|8001555|1|750|0|      |20220521|20220521|0603|2022-06-01 07:03:04
319106|0000000699650607              |20220521|121416|028|675|0|30300046|130010002|130752379|4|20220521|112302|8001773|20220521|123234|8001025|1|750|0|      |20220521|20220521|0603|2022-06-01 07:03:04
319108|0000000698638968              |20220521|125841|030|675|0|30300055|130010014|130753225|4|20220521|122618|8001444|20220521|130953|8002357|1|750|0|      |20220521|20220521|0603|2022-06-01 07:03:04
319110|0000000789500350              |20220521|132316|023|675|0|30300094|130010014|130753609|4|20220521|121100|8001288|20220521|133624|8005559|1|750|0|      |20220521|20220521|0603|2022-06-01 07:03:04
319112|0000000788053994              |20220521|061526|013|675|0|30300108|130010007|130759339|4|20220521|054239|8007324|20220521|062150|8002412|1|750|0|      |20220521|20220521|0603|2022-06-01 07:03:04
319114|0000000788045655              |20220521|145832|006|675|0|30300058|130010004|130752278|4|20220521|141210|8001647|20220521|150828|8002241|1|750|0|      |20220521|20220521|0603|2022-06-01 07:03:04
319116|0000000786517935              |20220521|150857|004|675|0|30300062|130010008|130752162|1|20220521|143113|8002794|20220521|151940|8002279|1|1250|0|      |20220521|20220521|0603|2022-06-01 07:03:04
319118|0000000785895127              |20220521|134447|027|676|0|30300068|130010006|130759026|4|20220521|123524|8003101|20220521|155405|8002793|1|750|0|      |20220521|20220521|0603|2022-06-01 07:03:04
319120|0000000797388012              |20220521|154529|018|675|2|30300055|130010014|130753265|1|20220521|145755|8002631|20220521|160313|8001929|1|0|0|      |20220521|20220521|0603|2022-06-01 07:03:04
325153|0000000476240485              |20220521|164014|023|676|1|30300040|130010007|130759367|1|20220521|163145|8002721|20220521|172502|8002158|1|0|0|      |20220521|20220521|0603|2022-06-01 07:03:04
325155|0000000697022398              |20220521|173058|030|675|0|30300050|130010007|130759342|1|20220521|170251|8007549|20220521|181146|8001273|1|1250|0|      |20220521|20220521|0603|2022-06-01 07:03:04
325157|0000000688516952              |20220521|182948|004|675|1|30300076|130010014|130753239|1|20220521|174745|8001929|20220521|183254|8001937|1|0|0|      |20220521|20220521|0603|2022-06-01 07:03:04
325483|0000000676002735              |20220521|093915|029|676|0|30300051|130010008|130752126|1|20220521|091929|8001373|20220521|101320|8002603|1|1250|0|      |20220521|20220521|0603|2022-06-01 07:03:04
325485|0000000772120484              |20220521|171011|007|676|0|30300038|130010014|130753508|1|20220521|170550|8002141|20220521|174642|8002779|1|1250|0|      |20220521|20220521|0603|2022-06-01 07:03:04
325487|0000000725569679              |20220521|224109|010|676|0|30300038|130010014|130753201|1|20220521|153833|8002779|20220521|224347|8001541|1|1250|0|      |20220521|20220521|0603|2022-06-01 07:03:04
325489|0000000622910920              |20220521|210855|015|676|0|30300038|130010014|130753214|1|20220521|205156|8003131|20220521|211112|8002114|1|1250|0|      |20220521|20220521|0603|2022-06-01 07:03:04
325491|0000000743346302              |20220521|131150|024|676|0|30300038|130010014|130753508|1|20220521|122943|8002790|20220521|131534|8001541|1|1250|0|      |20220521|20220521|0603|2022-06-01 07:03:04
325493|0000000904004742              |20220521|152407|015|676|0|30300038|130010014|130753508|1|20220521|145018|8005994|20220521|153100|8002605|1|1250|0|      |20220521|20220521|0603|2022-06-01 07:03:04
325495|0000000724212696              |20220521|162525|015|676|0|30300038|130010014|130753200|1|20220521|153130|8002793|20220521|163704|8002846|1|1250|0|      |20220521|20220521|0603|2022-06-01 07:03:04
325497|0000000906783683              |20220521|081509|007|676|0|30300038|130010014|130753502|1|20220521|074517|8001058|20220521|082324|8002914|1|1250|0|      |20220521|20220521|0603|2022-06-01 07:03:04
325499|0000000662764516              |20220521|203904|006|676|0|30300038|130010014|130753272|1|20220521|201139|8001054|20220521|204952|8002914|1|1250|0|      |20220521|20220521|0603|2022-06-01 07:03:04
325501|0000000748190582              |20220521|174514|009|676|0|30300038|130010014|130753247|1|20220521|171128|8002330|20220521|181019|8002913|1|1250|0|      |20220521|20220521|0603|2022-06-01 07:03:04
325503|0000000726176905              |20220521|225402|010|676|0|30300038|130010014|130753257|1|20220521|221249|8001132|20220521|230129|8001426|1|1250|0|      |20220521|20220521|0603|2022-06-01 07:03:04
325505|0000000725765737              |20220521|122111|009|676|0|30300043|130010015|130759618|1|20220521|112900|8001575|20220521|123013|8002850|1|1250|0|      |20220521|20220521|0603|2022-06-01 07:03:04
325507|0000000777098193              |20220521|140604|021|676|0|30300043|130010015|130759618|1|20220521|133306|8002871|20220521|142026|8002729|1|1250|0|      |20220521|20220521|0603|2022-06-01 07:03:04
325509|0000000725345737              |20220521|143025|026|676|0|30300038|130010014|130753213|1|20220521|134319|8002790|20220521|144806|8002603|1|1250|0|      |20220521|20220521|0603|2022-06-01 07:03:04
318753|0000000400183383              |20220521|120828|008|674|0|30300002|130010007|130759337|1|20220521|114318|8001241|20220521|124531|8001419|1|1250|0|      |20220521|20220521|0603|2022-06-01 07:03:04
318755|0000000400191600              |20220521|123831|015|675|1|30300055|130010014|130753259|1|20220521|114230|8001611|20220521|124738|8001987|1|0|0|      |20220521|20220521|0603|2022-06-01 07:03:04
318757|0000000487618268              |20220521|130901|004|675|0|30300055|130010014|130753212|1|20220521|071718|8002764|20220521|134533|8002340|1|1250|0|      |20220521|20220521|0603|2022-06-01 07:03:04
318759|0000000400164930              |20220521|133941|027|680|2|30300026|130010014|130753603|1|20220521|120743|8002824|20220521|135957|8001090|1|0|0|      |20220521|20220521|0603|2022-06-01 07:03:04
318761|0000000400186608              |20220521|070559|030|676|1|30300051|130010008|130752132|1|20220521|062628|8002454|20220521|073325|8001079|1|0|0|      |20220521|20220521|0603|2022-06-01 07:03:04
318763|0000000400195733              |20220521|083020|027|676|1|30300051|130010008|130752106|1|20220521|065647|8001096|20220521|091331|8001079|1|0|0|      |20220521|20220521|0603|2022-06-01 07:03:04
318765|0000000186383751              |20220521|070538|008|674|0|30300002|130010007|130759306|1|20220521|054221|8002254|20220521|073322|8001097|1|1250|0|      |20220521|20220521|0603|2022-06-01 07:03:04
318767|0000000785773147              |20220521|071903|016|676|0|30300054|130010007|130759377|1|20220521|062619|8002976|20220521|072828|8007031|1|1250|0|      |20220521|20220521|0603|2022-06-01 07:03:04
318769|0000000699616955              |20220521|100829|015|674|0|30300002|130010007|130759324|1|20220521|091456|8002259|20220521|101541|8002139|1|1250|0|      |20220521|20220521|0603|2022-06-01 07:03:04
318771|0000000780205061              |20220521|084046|024|675|0|30300055|130010014|130753259|1|20220521|074740|8001553|20220521|085138|8002259|1|1250|0|      |20220521|20220521|0603|2022-06-01 07:03:04
318773|0000000788225157              |20220521|083152|013|675|0|30300055|130010014|130753218|1|20220521|074125|8002888|20220521|083429|8002734|1|1250|0|      |20220521|20220521|0603|2022-06-01 07:03:04
318775|0000000796051403              |20220521|085755|023|676|0|30300051|130010008|130752102|1|20220521|083054|8002734|20220521|090622|8001493|1|1250|0|      |20220521|20220521|0603|2022-06-01 07:03:04
318777|0000000692764472              |20220521|110930|021|676|1|30300088|130010002|130752338|1|20220521|082806|8002410|20220521|112240|8001757|1|0|0|      |20220521|20220521|0603|2022-06-01 07:03:04
319184|0000000697618036              |20220521|062510|015|676|0|30300051|130010008|130752126|1|20220521|053633|8002547|20220521|065532|8001097|1|1250|0|      |20220521|20220521|0603|2022-06-01 07:03:04
319186|0000000782071819              |20220521|080355|015|676|0|30300087|130010008|130752159|1|20220521|074141|8001736|20220521|085812|8002134|1|1250|0|      |20220521|20220521|0603|2022-06-01 07:03:04
319188|0000000686480488              |20220521|064157|028|676|0|30300051|130010008|130752153|1|20220521|062155|8001373|20220521|065538|8002118|1|1250|0|      |20220521|20220521|0603|2022-06-01 07:03:04
319190|0000000783685678              |20220521|110256|025|676|0|30300087|130010008|130752159|1|20220521|101215|8001831|20220521|110504|8002969|1|1250|0|      |20220521|20220521|0603|2022-06-01 07:03:04
319192|0000000400192208              |20220521|083503|008|676|0|30300087|130010015|130759631|1|20220521|060321|8003011|20220521|084215|8001560|1|1250|0|      |20220521|20220521|0603|2022-06-01 07:03:04
319194|0000000785132320              |20220521|083353|030|675|0|30300049|130010004|130752240|1|20220521|080924|8002596|20220521|091612|8001934|1|1250|0|      |20220521|20220521|0603|2022-06-01 07:03:04
319196|0000000685000583              |20220521|081229|027|676|0|30300037|130010006|130752002|1|20220521|062618|8002312|20220521|083838|8002411|1|1250|0|      |20220521|20220521|0603|2022-06-01 07:03:04
325217|0000000785852486              |20220521|200659|004|674|0|30300002|130010007|130759320|1|20220521|193730|8001097|20220521|203127|8001474|1|1250|0|      |20220521|20220521|0603|2022-06-01 07:03:04
325219|0000000487336403              |20220521|170648|031|675|1|30300045|130010006|130759002|1|20220521|162943|8002378|20220521|170923|8001296|1|0|0|      |20220521|20220521|0603|2022-06-01 07:03:04
325221|0000000487285837              |20220521|182112|006|680|0|30300052|130010006|130752019|1|20220521|160946|8005112|20220521|183827|8001029|1|1250|50|      |20220521|20220521|0603|2022-06-01 07:03:04
325223|0000000797756420              |20220521|222554|008|675|0|30300053|130010002|130752387|1|20220521|205756|8001238|20220521|224307|8001526|1|1250|0|      |20220521|20220521|0603|2022-06-01 07:03:04
325225|0000000694966189              |20220521|121129|002|675|0|30300079|130010009|130759110|1|20220521|115830|8002609|20220521|121550|8002310|1|1250|0|      |20220521|20220521|0603|2022-06-01 07:03:04
325227|0000000743632385              |20220521|200304|030|676|0|30300038|130010014|130753257|1|20220521|195937|8002920|20220521|202115|8001596|1|1250|0|      |20220521|20220521|0603|2022-06-01 07:03:04
325229|0000000670304208              |20220521|171759|022|676|0|30300069|130010001|130759416|1|20220521|152002|8001097|20220521|172057|8001039|1|1250|0|      |20220521|20220521|0603|2022-06-01 07:03:04
325231|0000000725527517              |20220521|182825|024|676|0|30300072|130010001|130759483|1|20220521|180621|8002814|20220521|183239|8001575|1|1250|0|      |20220521|20220521|0603|2022-06-01 07:03:04
325233|0000000613467888              |20220521|215610|006|676|0|30300054|130010007|130759386|1|20220521|212730|8002814|20220521|222506|8002943|1|1250|0|      |20220521|20220521|0603|2022-06-01 07:03:04
325235|0000000906362774              |20220521|131121|012|676|0|30300089|130010011|130759578|1|20220521|103552|8002814|20220521|132448|8002206|1|1250|0|      |20220521|20220521|0603|2022-06-01 07:03:04
325237|0000000735058537              |20220521|132824|016|676|0|30300090|130010005|130759218|1|20220521|125023|8002814|20220521|134313|8001296|1|1250|0|      |20220521|20220521|0603|2022-06-01 07:03:04
325239|0000000657756923              |20220521|140151|029|676|0|30300089|130010011|130759522|1|20220521|131850|8002814|20220521|142052|8002208|1|1250|0|      |20220521|20220521|0603|2022-06-01 07:03:04
318834|0000000487880401              |20220521|083158|008|676|0|30300087|130010015|130759679|1|20220521|082354|8002133|20220521|094629|8002545|1|1250|0|      |20220521|20220521|0603|2022-06-01 07:03:04
318836|0000000797747255              |20220521|083038|017|674|0|30300100|130010002|130752367|1|20220521|081514|8001029|20220521|084724|8001934|1|1250|0|      |20220521|20220521|0603|2022-06-01 07:03:04
318838|0000000400181719              |20220521|110042|026|676|1|30300037|130010006|130752045|1|20220521|092735|8002635|20220521|110642|8002344|1|0|0|      |20220521|20220521|0603|2022-06-01 07:03:04
318840|0000001110053714              |20220521|114019|024|676|0|30300087|130010008|130752123|1|20220521|111833|8002544|20220521|114614|8001491|1|1250|0|      |20220521|20220521|0603|2022-06-01 07:03:04
318842|0000000693516165              |20220521|114139|023|676|0|30300072|130010001|130759706|1|20220521|111051|8002559|20220521|115646|8002906|1|1250|0|      |20220521|20220521|0603|2022-06-01 07:03:04
318844|0000000400104025              |20220521|144252|003|675|0|30300067|130010001|130759735|1|20220521|140533|8001412|20220521|150253|8002649|1|1250|0|      |20220521|20220521|0603|2022-06-01 07:03:04
318846|0000000400123542              |20220521|160329|025|675|0|30300083|130010001|130759710|1|20220521|135757|8001263|20220521|161118|8001494|1|1250|0|      |20220521|20220521|0603|2022-06-01 07:03:04
318848|0000000695179317              |20220521|155839|002|675|3|30300057|130010001|130759470|1|20220521|144056|8001280|20220521|161203|8002601|1|0|0|      |20220521|20220521|0603|2022-06-01 07:03:04
318850|0000000486945980              |20220521|185415|011|675|0|30300049|130010004|130752289|1|20220521|175412|8001714|20220521|190735|8002799|1|1250|0|      |20220521|20220521|0603|2022-06-01 07:03:04
318852|0000000688948959              |20220521|175444|003|675|0|30300079|130010009|130759123|1|20220521|130246|8002550|20220521|175644|8001199|1|1250|0|      |20220521|20220521|0603|2022-06-01 07:03:04
318854|0000000785684294              |20220521|210316|002|681|0|30300006|130010002|130752318|1|20220521|184448|8001009|20220521|210710|8002544|1|1250|0|      |20220521|20220521|0603|2022-06-01 07:03:04
318856|0000000789087436              |20220521|213841|028|676|0|30300038|130010014|130753525|1|20220521|173816|8002077|20220521|220348|8001058|1|1250|0|      |20220521|20220521|0603|2022-06-01 07:03:04
318858|0000000699818381              |20220521|124504|015|675|1|30300079|130010009|130759171|1|20220521|123304|8002544|20220521|125016|8001653|1|0|0|      |20220521|20220521|0603|2022-06-01 07:03:04
319265|0000000788210697              |20220521|195109|024|675|3|30300077|130010006|130759013|1|20220521|192942|8001934|20220521|200629|8001090|1|0|0|      |20220521|20220521|0603|2022-06-01 07:03:04
319267|0000000400164930              |20220521|165057|028|675|1|30300079|130010009|130759118|1|20220521|161059|8002888|20220521|170531|8001654|1|0|0|      |20220521|20220521|0603|2022-06-01 07:03:04
319269|0000000698047193              |20220521|165035|003|681|0|30300042|130010009|130759127|1|20220521|162010|8001425|20220521|165555|8002757|1|1250|0|      |20220521|20220521|0603|2022-06-01 07:03:04
319271|0000000698047193              |20220521|170225|003|675|1|30300060|130010014|130753215|1|20220521|161415|8002757|20220521|173829|8002706|1|0|0|      |20220521|20220521|0603|2022-06-01 07:03:04
319273|0000000698070540              |20220521|171959|028|675|0|30300064|130010015|130759644|1|20220521|061141|8002651|20220521|174623|8003014|1|1250|0|      |20220521|20220521|0603|2022-06-01 07:03:04
319275|0000000693338738              |20220521|204746|018|676|0|30300071|130010009|130759150|1|20220521|202834|8001922|20220521|210431|8001587|1|1250|0|      |20220521|20220521|0603|2022-06-01 07:03:04
319277|0000000400144843              |20220521|123834|008|675|0|30300076|130010014|130753615|1|20220521|122847|8002826|20220521|124912|8002482|1|1250|0|      |20220521|20220521|0603|2022-06-01 07:03:04
319279|0000000791896464              |20220521|125522|021|675|0|30300095|130010011|130759507|1|20220521|041311|8002276|20220521|130141|8001259|1|1250|0|      |20220521|20220521|0603|2022-06-01 07:03:04
319281|0000000400181719              |20220521|134600|027|676|1|30300043|130010015|130759609|1|20220521|061950|8001429|20220521|134819|8001748|1|0|0|      |20220521|20220521|0603|2022-06-01 07:03:04
319283|0000000400203218              |20220521|073607|021|676|1|30300089|130010011|130759575|1|20220521|054242|8001567|20220521|074714|8003047|1|0|0|      |20220521|20220521|0603|2022-06-01 07:03:04
319285|0000000400174493              |20220521|090741|013|675|1|30300081|130010011|130759582|1|20220521|073020|8002453|20220521|091037|8001378|1|0|0|      |20220521|20220521|0603|2022-06-01 07:03:04
319287|0000000785576174              |20220521|080240|016|676|0|30300089|130010011|130759573|1|20220521|074103|8001424|20220521|080559|8001631|1|1250|0|      |20220521|20220521|0603|2022-06-01 07:03:04
325316|0000000774218747              |20220521|120923|008|676|0|30300087|130010015|130759611|1|20220521|112639|8002969|20220521|121113|8002159|1|1250|0|      |20220521|20220521|0603|2022-06-01 07:03:04
325318|0000000743062115              |20220521|125405|014|676|0|30300051|130010008|130752125|1|20220521|124819|8001534|20220521|130944|8002330|1|1250|0|      |20220521|20220521|0603|2022-06-01 07:03:04
325320|0000000673517984              |20220521|135959|010|676|0|30300041|130010012|130753303|1|20220521|134001|8002997|20220521|141522|8001076|1|1250|0|      |20220521|20220521|0603|2022-06-01 07:03:04
318915|0000000400209370              |20220521|183202|017|675|1|30300064|130010015|130759625|1|20220521|175502|8001412|20220521|185254|8002644|1|0|0|      |20220521|20220521|0603|2022-06-01 07:03:04
318917|0000000484024984              |20220521|205157|018|675|0|30300056|130010012|130753319|1|20220521|203852|8007480|20220521|211424|8001260|1|1250|0|      |20220521|20220521|0603|2022-06-01 07:03:04
318919|0000000400199849              |20220521|220106|007|675|1|30300077|130010006|130759018|1|20220521|213921|9001059|20220521|220613|8001197|1|0|0|      |20220521|20220521|0603|2022-06-01 07:03:04
318921|0000000784948684              |20220521|113128|003|675|3|30300064|130010015|130759624|1|20220521|110854|8002635|20220521|115428|8001834|1|0|0|      |20220521|20220521|0603|2022-06-01 07:03:04
318923|0000000400128279              |20220521|123836|022|675|0|30300061|130010015|130759646|1|20220521|114154|8002878|20220521|124334|8002723|1|1250|0|      |20220521|20220521|0603|2022-06-01 07:03:04
318925|0000000400188151              |20220521|140442|012|676|0|30300068|130010006|130752009|1|20220521|124949|8007156|20220521|142910|8001541|2|2500|0|      |20220521|20220521|0603|2022-06-01 07:03:04
318927|0000000698047193              |20220521|075031|002|675|1|30300045|130010006|130752047|1|20220521|074550|8001491|20220521|081516|8005999|1|0|0|      |20220521|20220521|0603|2022-06-01 07:03:04
318929|0000000692077207              |20220521|073242|016|676|1|30300089|130010011|130759536|1|20220521|063937|8001555|20220521|074605|8002889|1|0|0|      |20220521|20220521|0603|2022-06-01 07:03:04
318931|0000000780205061              |20220521|101552|024|675|3|30300081|130010011|130759523|1|20220521|092619|8006007|20220521|102634|8007022|1|0|0|      |20220521|20220521|0603|2022-06-01 07:03:04
318933|0000000782011294              |20220521|065644|002|675|0|30300077|130010006|130752070|1|20220521|064550|8001495|20220521|065915|8002118|1|1250|0|      |20220521|20220521|0603|2022-06-01 07:03:04
318935|0000000483366391              |20220521|101341|007|676|0|30300071|130010009|130759147|1|20220521|061824|8002757|20220521|104921|8002823|1|1250|0|      |20220521|20220521|0603|2022-06-01 07:03:04
318937|0000000783685678              |20220521|085257|024|675|0|30300096|130010006|130752020|1|20220521|042228|8002025|20220521|091428|8001452|1|1250|0|      |20220521|20220521|0603|2022-06-01 07:03:04
318939|0000000400159579              |20220521|093236|025|675|0|30300048|130010006|130752067|1|20220521|085732|8001056|20220521|093330|8001426|1|1250|0|      |20220521|20220521|0603|2022-06-01 07:03:04
319346|0000000697719415              |20220521|162614|002|676|0|30300089|130010011|130759578|1|20220521|151155|8003048|20220521|164926|8002468|1|1250|0|      |20220521|20220521|0603|2022-06-01 07:03:04
319348|0000000795827756              |20220521|173536|001|676|0|30300089|130010011|130759578|1|20220521|151155|8001418|20220521|180941|8002814|1|1250|0|      |20220521|20220521|0603|2022-06-01 07:03:04
319350|0000000794310229              |20220521|181806|004|675|0|30300141|130010001|130759472|1|20220521|180934|8002843|20220521|183641|8007415|1|1250|0|      |20220521|20220521|0603|2022-06-01 07:03:04
319352|0000000692297148              |20220521|212553|002|675|1|30300145|130010014|130753529|1|20220521|192100|8002412|20220521|213610|8002939|1|0|0|      |20220521|20220521|0603|2022-06-01 07:03:04
319354|0000000687722954              |20220521|220851|021|675|1|30300108|130010007|130759356|1|20220521|215802|8002410|20220521|221719|8007321|1|0|0|      |20220521|20220521|0603|2022-06-01 07:03:04
319356|0000000789626257              |20220521|130434|002|674|0|30300104|130010002|130752341|1|20220521|123915|8005996|20220521|130551|8001644|1|1250|0|      |20220521|20220521|0603|2022-06-01 07:03:04
319358|0000000791006519              |20220521|105620|002|675|1|30300082|130010001|130759770|1|20220521|092445|8002558|20220521|110520|8005563|1|0|0|      |20220521|20220521|0603|2022-06-01 07:03:04
319360|0000000691737069              |20220521|084713|001|674|0|30300002|130010007|130759321|1|20220521|082434|8001418|20220521|085615|8001097|1|1250|0|      |20220521|20220521|0603|2022-06-01 07:03:04
319362|0000000792803590              |20220521|105901|002|675|0|30300108|130010007|130759305|1|20220521|094114|8001273|20220521|110401|8002849|1|1250|0|      |20220521|20220521|0603|2022-06-01 07:03:04
319364|0000001110017274              |20220521|112014|002|676|0|30300051|130010008|130752100|1|20220521|101127|8002437|20220521|113446|8001097|1|1250|0|      |20220521|20220521|0603|2022-06-01 07:03:04
319366|0000000792235761              |20220521|160639|002|676|0|30300088|130010006|130752006|1|20220521|145431|8002742|20220521|161514|8002410|1|1250|0|      |20220521|20220521|0603|2022-06-01 07:03:04
319368|0000000789383345              |20220521|153515|010|676|0|30300051|130010008|130752100|1|20220521|151317|8002330|20220521|162123|8001290|1|1250|0|      |20220521|20220521|0603|2022-06-01 07:03:04
319370|0000000793672908              |20220521|164452|003|675|1|30300094|130010014|130753616|1|20220521|154620|8002412|20220521|165116|8001192|1|0|0|      |20220521|20220521|0603|2022-06-01 07:03:04
319372|0000000688756607              |20220521|170957|023|677|1|30300129|130010009|130759164|1|20220521|134530|8007395|20220521|171229|8007339|1|0|0|      |20220521|20220521|0603|2022-06-01 07:03:04
319807|0000000779446803              |20220521|192102|004|675|0|30300049|130010004|130752285|1|20220521|182328|8001903|~       |      |~      |1|1250|0|      |20220521|~       |0603|2022-06-01 07:03:04
319809|0000000621189318              |20220521|192859|012|675|0|30300049|130010004|130752237|1|20220521|191559|8001206|~       |      |~      |1|1250|0|      |20220521|~       |0603|2022-06-01 07:03:04
319811|0000000674820280              |20220521|195853|009|675|0|30300049|130010004|130752216|1|20220521|181046|8001387|~       |      |~      |1|1250|0|      |20220521|~       |0603|2022-06-01 07:03:04
319813|0000000725759179              |20220521|173546|006|675|0|30300049|130010004|130752237|1|20220521|152028|8001731|~       |      |~      |1|1250|0|      |20220521|~       |0603|2022-06-01 07:03:04
319815|0000000741610492              |20220521|213936|010|675|0|30300091|130010013|130759880|1|20220521|200729|8001463|~       |      |~      |1|1250|0|      |20220521|~       |0603|2022-06-01 07:03:04
319817|0000000744888411              |20220521|214422|011|675|0|30300049|130010004|130752286|1|20220521|210943|8001053|~       |      |~      |2|2500|0|      |20220521|~       |0603|2022-06-01 07:03:04
319819|0000000760674507              |20220521|223832|002|675|2|30300049|130010004|130752276|1|20220521|181130|8001262|~       |      |~      |1|0|0|      |20220521|~       |0603|2022-06-01 07:03:04
324098|0000000400199974              |20220521|200444|030|678|0|30300074|130010014|130753226|1|20220521|191237|8007221|20220521|202138|8001801|1|1250|0|      |20220521|20220521|0603|2022-06-01 07:03:04
324100|0000000692082858              |20220521|171219|021|680|0|30300008|130010002|130752340|1|20220521|160134|8007385|20220521|173234|8001027|1|1250|0|      |20220521|20220521|0603|2022-06-01 07:03:04
324102|0000000690781892              |20220521|211143|007|675|0|30300061|130010015|130759646|1|20220521|202138|8002796|20220521|212113|8002642|1|1250|0|      |20220521|20220521|0603|2022-06-01 07:03:04
324104|0000000400146961              |20220521|210542|018|677|0|30300129|130010009|130759143|1|20220521|125636|8007356|20220521|211017|8007362|1|1250|0|      |20220521|20220521|0603|2022-06-01 07:03:04
324511|0000000400191043              |20220521|091807|011|675|0|30300058|130010004|130752200|1|20220521|085742|8001852|20220521|092953|8002733|1|1250|0|      |20220521|20220521|0603|2022-06-01 07:03:04
324513|0000000400161009              |20220521|114047|009|675|0|30300047|130010001|130759430|1|20220521|095439|8001025|20220521|115319|8001488|1|1250|0|      |20220521|20220521|0603|2022-06-01 07:03:04
324515|0000000793032343              |20220521|151604|006|673|0|30300001|130510004|130751006|1|20220521|055743|8005757|20220521|151842|8001318|1|1100|0|      |20220521|20220521|0603|2022-06-01 07:03:04
324517|0000000479278162              |20220521|155652|007|676|0|30300051|130010008|130752119|1|20220521|152719|8001029|20220521|162725|8002629|1|1250|0|      |20220521|20220521|0603|2022-06-01 07:03:04
324519|0000000694296458              |20220521|193345|009|674|1|30300100|130010002|130752360|1|20220521|140915|8001412|20220521|195109|8002432|1|0|0|      |20220521|20220521|0603|2022-06-01 07:03:04
324521|0000001110167127              |20220521|172000|005|675|0|30300081|130010011|130759514|2|20220521|163307|8002159|20220521|172833|8002917|1|350|0|      |20220521|20220521|0603|2022-06-01 07:03:04
324523|0000000693346600              |20220521|181812|019|832|0|30300128|130710001|130759921|1|20220521|055422|8007295|20220521|182657|3054003|1|1700|0|      |20220521|20220521|0603|2022-06-01 07:03:04
324525|0000000697526360              |20220521|211136|023|676|0|30300051|130010008|130752132|1|20220521|202731|8002545|20220521|211513|8001028|1|1250|0|      |20220521|20220521|0603|2022-06-01 07:03:04
324527|0000000681767401              |20220521|214026|012|675|0|30300058|130010004|130752263|1|20220521|201504|8002065|20220521|215311|8007274|1|1250|0|      |20220521|20220521|0603|2022-06-01 07:03:04
324529|0000000789782472              |20220521|124356|013|675|1|30300067|130010001|130759777|4|20220521|123339|8001835|20220521|125753|8005874|1|0|0|      |20220521|20220521|0603|2022-06-01 07:03:04
324531|0000000400211374              |20220521|131332|027|676|0|30300072|130010001|130759434|1|20220521|125922|8001710|20220521|131535|8001063|1|1250|0|      |20220521|20220521|0603|2022-06-01 07:03:04
324533|0000000400211374              |20220521|132924|027|681|1|30300042|130010009|130759125|1|20220521|112109|8001063|20220521|135657|8001413|1|0|0|      |20220521|20220521|0603|2022-06-01 07:03:04
324535|0000000691921664              |20220521|100638|012|675|1|30300092|130010013|130759810|1|20220521|082228|8001556|20220521|101648|8002769|1|0|0|      |20220521|20220521|0603|2022-06-01 07:03:04
324537|0000000485637175              |20220521|081634|007|832|0|30300128|130710001|130759921|1|20220521|055422|3062007|20220521|085908|8007274|1|1700|300|      |20220521|20220521|0603|2022-06-01 07:03:04
324944|0000000788226592              |20220521|153928|027|676|0|30300051|130010008|130752142|4|20220521|143342|8005647|20220521|155731|8002677|1|750|0|      |20220521|20220521|0603|2022-06-01 07:03:04
324946|0000000683645674              |20220521|161320|025|675|0|30300075|130010005|130759227|1|20220521|142848|8001417|20220521|163046|8002881|2|2000|0|      |20220521|20220521|0603|2022-06-01 07:03:04
324948|0000000693920199              |20220521|193528|027|675|1|30300049|130010004|130752285|1|20220521|182328|8002722|20220521|194703|8005902|1|0|0|      |20220521|20220521|0603|2022-06-01 07:03:04
324950|0000000695108037              |20220521|165302|028|675|1|30300057|130010001|130759758|1|20220521|163322|8002358|20220521|172936|8001853|1|0|0|      |20220521|20220521|0603|2022-06-01 07:03:04
324952|0000000788050713              |20220521|225951|003|832|0|30300128|130710001|130759922|1|20220521|061032|9007055|20220521|231943|3056002|1|1700|300|      |20220521|20220521|0603|2022-06-01 07:03:04
324954|0000000699307549              |20220521|100523|009|675|0|30300053|130010002|130752376|1|20220521|092516|8001277|20220521|102210|8002453|1|1250|0|      |20220521|20220521|0603|2022-06-01 07:03:04
324956|0000000787204394              |20220521|105922|003|676|0|30300071|130010009|130759174|1|20220521|053654|8002231|20220521|112726|8002828|1|1250|0|      |20220521|20220521|0603|2022-06-01 07:03:04
324958|0000000785322079              |20220521|162346|023|676|0|30300036|130010011|130759510|1|20220521|135528|8002997|20220521|164229|8001680|1|1250|0|      |20220521|20220521|0603|2022-06-01 07:03:04
324960|0000000785555246              |20220521|185522|002|674|0|30300002|130010007|130759306|1|20220521|182906|8002437|20220521|194823|8001793|1|1250|0|      |20220521|20220521|0603|2022-06-01 07:03:04
324962|0000000698505837              |20220521|165206|010|676|0|30300073|130010009|130759178|1|20220521|155417|8001923|20220521|171124|8002111|1|1250|0|      |20220521|20220521|0603|2022-06-01 07:03:04
324964|0000000687941458              |20220521|080508|010|832|1|30300128|130710001|130759920|1|20220521|052743|8007057|20220521|084937|8007272|1|300|300|      |20220521|20220521|0603|2022-06-01 07:03:04
324966|0000000699431066              |20220521|084147|003|678|0|30300074|130010014|130753226|1|20220521|083104|8005009|20220521|090411|8002829|1|1250|400|      |20220521|20220521|0603|2022-06-01 07:03:04
324968|0000000686732397              |20220521|114156|005|673|0|30300004|130510004|130751016|1|20220521|061043|8001192|20220521|114854|8002202|1|1100|0|      |20220521|20220521|0603|2022-06-01 07:03:04
325375|0000000903807235              |20220521|130807|007|676|0|30300040|130010007|130759365|1|20220521|123730|8002760|20220521|133913|8001097|1|1250|0|      |20220521|20220521|0603|2022-06-01 07:03:04
325377|0000000659908496              |20220521|104048|009|676|0|30300069|130010001|130759715|1|20220521|092215|8001058|20220521|112530|8001097|1|1250|0|      |20220521|20220521|0603|2022-06-01 07:03:04
325379|0000000742830572              |20220521|155606|014|676|0|30300040|130010013|130759813|1|20220521|151512|8002760|20220521|163030|8001097|1|1250|0|      |20220521|20220521|0603|2022-06-01 07:03:04
325381|0000000771834743              |20220521|082719|016|676|0|30300069|130010001|130759416|1|20220521|070219|8002277|20220521|084604|8001097|1|1250|0|      |20220521|20220521|0603|2022-06-01 07:03:04
325383|0000000673461180              |20220521|085936|010|676|0|30300071|130010009|130759150|1|20220521|051009|8001792|20220521|093147|8002453|1|1250|0|      |20220521|20220521|0603|2022-06-01 07:03:04
325385|0000000731868388              |20220521|101915|019|676|0|30300089|130010011|130759574|1|20220521|092437|8002531|20220521|104211|8002468|1|1250|0|      |20220521|20220521|0603|2022-06-01 07:03:04
329597|0000000920883692              |20220521|204729|004|676|0|30300089|130010011|130759504|1|20220521|122205|8005508|20220521|205653|8002889|1|1250|0|      |20220521|20220521|0603|2022-06-01 07:03:04
329599|0000000623722588              |20220521|171315|001|676|0|30300051|130010008|130752142|1|20220521|162935|8002434|20220521|172220|8002603|1|1250|0|      |20220521|20220521|0603|2022-06-01 07:03:04
329601|0000000917901323              |20220521|172255|006|676|0|30300089|130010011|130759521|1|20220521|163720|8007490|20220521|180247|8001568|1|1250|0|      |20220521|20220521|0603|2022-06-01 07:03:04
329603|0000000752843275              |20220521|180904|012|676|0|30300051|130010008|130752142|1|20220521|175558|8002309|20220521|185323|8002542|1|1250|0|      |20220521|20220521|0603|2022-06-01 07:03:04
329605|0000000763509695              |20220521|204659|012|676|0|30300087|130010008|130752155|1|20220521|201855|8001949|20220521|205044|8001380|1|1250|0|      |20220521|20220521|0603|2022-06-01 07:03:04
329607|0000000725161986              |20220521|220654|020|676|0|30300089|130010011|130759519|1|20220521|135402|8002556|20220521|222232|8002537|1|1250|0|      |20220521|20220521|0603|2022-06-01 07:03:04
329609|0000000622891016              |20220521|124618|030|676|0|30300087|130010008|130752159|1|20220521|115741|8002088|20220521|130917|8003012|1|1250|0|      |20220521|20220521|0603|2022-06-01 07:03:04
329611|0000000741072854              |20220521|132726|005|676|0|30300087|130010015|130759614|1|20220521|132346|8007446|20220521|133105|8001199|1|1250|0|      |20220521|20220521|0603|2022-06-01 07:03:04
330018|0000000918051267              |20220521|170053|027|676|0|30300093|130010004|130752225|1|20220521|163033|8001418|20220521|172209|8002312|1|1250|0|      |20220521|20220521|0603|2022-06-01 07:03:04
330020|0000000741507548              |20220521|174100|018|676|0|30300088|130010002|130752512|1|20220521|163812|8002960|20220521|180057|8001580|1|1250|0|      |20220521|20220521|0603|2022-06-01 07:03:04
330022|0000000904494340              |20220521|221645|009|676|0|30300090|130010005|130759219|1|20220521|202955|8006006|20220521|224513|8001532|1|1250|0|      |20220521|20220521|0603|2022-06-01 07:03:04
330024|0000000742161895              |20220521|211559|006|676|0|30300093|130010004|130752207|1|20220521|204033|8002531|20220521|213935|8002316|1|1250|0|      |20220521|20220521|0603|2022-06-01 07:03:04
330026|0000000765104300              |20220521|212936|025|676|0|30300093|130010004|130752272|1|20220521|125955|8001647|20220521|213827|8001995|1|1250|0|      |20220521|20220521|0603|2022-06-01 07:03:04
330028|0000000903864824              |20220521|112419|011|676|0|30300088|130010002|130752364|1|20220521|112008|8005859|20220521|120510|8002722|1|1250|0|      |20220521|20220521|0603|2022-06-01 07:03:04
330030|0000000741349034              |20220521|130248|024|676|0|30300090|130010005|130759205|1|20220521|121525|8002453|20220521|131104|8001919|1|1250|0|      |20220521|20220521|0603|2022-06-01 07:03:04
330032|0000000741394944              |20220521|130017|012|676|0|30300070|130010004|130752201|1|20220521|124806|8002825|20220521|132403|8002454|1|1250|0|      |20220521|20220521|0603|2022-06-01 07:03:04
330034|0000000653280693              |20220521|134607|029|676|0|30300088|130010006|130752001|1|20220521|122343|8002997|20220521|142000|8001555|1|1250|0|      |20220521|20220521|0603|2022-06-01 07:03:04
330036|0000000904024985              |20220521|131955|026|676|0|30300070|130010004|130752201|1|20220521|124806|8001412|20220521|143138|8003101|1|1250|0|      |20220521|20220521|0603|2022-06-01 07:03:04
330038|0000000900361889              |20220521|114510|022|676|0|30300070|130010004|130752603|1|20220521|112524|8002296|20220521|120213|8002454|1|1250|0|      |20220521|20220521|0603|2022-06-01 07:03:04
330040|0000000903464972              |20220521|144528|030|676|0|30300070|130010004|130752606|1|20220521|071119|8001255|20220521|145132|8001941|1|1250|0|      |20220521|20220521|0603|2022-06-01 07:03:04
330042|0000000741998341              |20220521|152117|025|676|0|30300088|130010002|130752338|1|20220521|142719|8001196|20220521|152240|8002721|1|1250|0|      |20220521|20220521|0603|2022-06-01 07:03:04
330567|0000000759388882              |20220521|144757|028|676|0|30300037|130010006|130752073|1|20220521|142211|8002340|~       |      |~      |1|1250|0|      |20220521|~       |0603|2022-06-01 07:03:04
330569|0000000721742743              |20220521|120700|016|676|1|30300037|130010006|130759024|1|20220521|105512|8001005|~       |      |~      |1|0|0|      |20220521|~       |0603|2022-06-01 07:03:04
330571|0000000742033281              |20220521|153546|004|676|1|30300037|130010006|130752045|1|20220521|133258|8002608|~       |      |~      |1|0|0|      |20220521|~       |0603|2022-06-01 07:03:04
330573|0000000909931190              |20220521|161617|027|676|0|30300054|130010007|130759347|1|20220521|154208|8002814|~       |      |~      |1|1250|0|      |20220521|~       |0603|2022-06-01 07:03:04
330575|0000000758129953              |20220521|083630|018|676|0|30300037|130010006|130759023|1|20220521|065249|8002310|~       |      |~      |2|1600|0|      |20220521|~       |0603|2022-06-01 07:03:04
330577|0000000905237131              |20220521|102015|021|676|0|30300037|130010006|130752073|1|20220521|100233|8002340|~       |      |~      |1|1250|0|      |20220521|~       |0603|2022-06-01 07:03:04
330579|0000000676805171              |20220521|190442|001|674|0|30300002|130010007|130759311|1|20220521|181634|8002611|~       |      |~      |1|1250|0|      |20220521|~       |0603|2022-06-01 07:03:04
330581|0000000903954354              |20220521|200039|009|674|0|30300002|130010007|130759333|1|20220521|195313|8002050|~       |      |~      |1|1250|0|      |20220521|~       |0603|2022-06-01 07:03:04
330583|0000000725981407              |20220521|171401|005|675|0|30300058|130010004|130752222|1|20220521|160746|8002946|~       |      |~      |1|1250|0|      |20220521|~       |0603|2022-06-01 07:03:04
330585|0000000906188231              |20220521|173804|004|675|0|30300058|130010004|130752252|1|20220521|134338|8001940|~       |      |~      |1|1250|0|      |20220521|~       |0603|2022-06-01 07:03:04
330587|0000000918354897              |20220521|182024|010|674|1|30300002|130010007|130759307|1|20220521|171207|8005994|~       |      |~      |1|0|0|      |20220521|~       |0603|2022-06-01 07:03:04
330589|0000000707311315              |20220521|224437|029|674|0|30300002|130010007|130759318|1|20220521|214951|8005994|~       |      |~      |1|1250|0|      |20220521|~       |0603|2022-06-01 07:03:04
330591|0000000903581051              |20220521|212553|030|674|0|30300002|130010007|130759334|1|20220521|195631|8002252|~       |      |~      |1|1250|0|      |20220521|~       |0603|2022-06-01 07:03:04
330593|0000000715021390              |20220521|214959|019|675|0|30300058|130010004|130752291|1|20220521|211308|8001647|~       |      |~      |1|1250|0|      |20220521|~       |0603|2022-06-01 07:03:04
330595|0000000726328675              |20220521|122916|029|674|0|30300002|130010007|130759304|1|20220521|120222|8002133|~       |      |~      |1|1250|0|      |20220521|~       |0603|2022-06-01 07:03:04
331048|0000000757956098              |20220521|175407|025|676|1|30300090|130010005|130759215|1|20220521|130831|8002412|~       |      |~      |1|0|0|      |20220521|~       |0603|2022-06-01 07:03:04
331161|0000000607112629              |20220521|125903|030|675|0|30300046|130010002|130752312|1|20220521|115140|8001028|~       |      |~      |1|1250|0|      |20220521|~       |0603|2022-06-01 07:03:04
331163|0000000905091919              |20220521|130807|030|676|0|30300069|130010001|130759416|1|20220521|123008|8001942|~       |      |~      |1|1250|0|      |20220521|~       |0603|2022-06-01 07:03:04
331165|0000000622470134              |20220521|141251|017|676|0|30300130|130010008|130752139|1|20220521|135437|8001717|~       |      |~      |1|1250|0|      |20220521|~       |0603|2022-06-01 07:03:04
331167|0000000906174748              |20220521|140946|026|675|0|30300082|130010001|130759728|1|20220521|120319|8001587|~       |      |~      |1|1250|0|      |20220521|~       |0603|2022-06-01 07:03:04
331592|0000000762413965              |20220521|142808|006|676|0|30300041|130010012|130753334|1|20220521|140912|8002993|20220521|144826|8002159|1|1250|0|      |20220521|20220521|0603|2022-06-01 07:03:04
331594|0000000759313119              |20220521|145807|001|675|0|30300082|130010001|130759471|1|20220521|145031|8005950|20220521|150543|8002559|1|1250|0|      |20220521|20220521|0603|2022-06-01 07:03:04
331596|0000000639729248              |20220521|153142|014|675|0|30300080|130010009|130759152|1|20220521|130020|8002039|20220521|154900|8001985|1|1250|0|      |20220521|20220521|0603|2022-06-01 07:03:04
331598|0000000702183360              |20220521|163414|001|675|0|30300079|130010009|130759171|1|20220521|143643|8002039|20220521|164022|8002312|1|1250|0|      |20220521|20220521|0603|2022-06-01 07:03:04
331600|0000000765960686              |20220521|162406|009|675|0|30300094|130010014|130753607|1|20220521|161903|8005950|20220521|164532|8001890|1|1250|0|      |20220521|20220521|0603|2022-06-01 07:03:04
332758|0000000758486656              |20220521|220355|015|676|0|30300093|130010004|130752225|1|20220521|203837|8001555|~       |      |~      |1|1250|0|      |20220521|~       |0603|2022-06-01 07:03:04
332760|0000000482333064              |20220521|134107|017|676|0|30300040|130010007|130759385|1|20220521|133909|8002941|20220521|135313|8001596|1|1250|0|      |20220521|20220521|0603|2022-06-01 07:03:04
332762|0000000788163009              |20220521|101147|017|675|1|30300058|130010004|130752251|1|20220521|095036|8001653|20220521|105538|8001553|1|0|0|      |20220521|20220521|0603|2022-06-01 07:03:04
332764|0000000795352834              |20220521|090903|013|675|0|30300058|130010004|130752295|1|20220521|061316|8001653|20220521|094437|8001515|1|1250|0|      |20220521|20220521|0603|2022-06-01 07:03:04
332766|0000000186398908              |20220521|094335|029|675|0|30300058|130010004|130752220|1|20220521|092551|8001085|20220521|100148|8002630|1|1250|0|      |20220521|20220521|0603|2022-06-01 07:03:04
332768|0000000788275414              |20220521|112008|025|675|0|30300058|130010004|130752263|1|20220521|095841|8001983|20220521|115740|8002605|1|1250|0|      |20220521|20220521|0603|2022-06-01 07:03:04
332770|0000000692432048              |20220521|113955|005|675|0|30300058|130010004|130752292|1|20220521|111113|8001668|20220521|120239|8001647|1|1250|0|      |20220521|20220521|0603|2022-06-01 07:03:04
332772|0000000692994258              |20220521|150556|021|675|1|30300058|130010004|130752202|1|20220521|140943|8001851|20220521|151242|8005913|1|0|0|      |20220521|20220521|0603|2022-06-01 07:03:04
332774|0000000788079291              |20220521|155332|002|676|0|30300040|130010013|130759872|1|20220521|145838|8002241|20220521|155555|8001086|1|1250|0|      |20220521|20220521|0603|2022-06-01 07:03:04
332776|0000000400199844              |20220521|163430|002|675|1|30300058|130010004|130752293|1|20220521|151858|8001553|20220521|164121|8001982|1|0|0|      |20220521|20220521|0603|2022-06-01 07:03:04
332778|0000000796631017              |20220521|184856|027|676|0|30300089|130010011|130759527|1|20220521|174458|8002207|20220521|190838|8001989|1|1250|0|      |20220521|20220521|0603|2022-06-01 07:03:04
332780|0000000699775064              |20220521|195145|018|675|0|30300049|130010004|130752287|1|20220521|173612|8002754|20220521|200521|8003032|1|1250|0|      |20220521|20220521|0603|2022-06-01 07:03:04
332782|0000000788269323              |20220521|164742|020|676|0|30300089|130010011|130759574|4|20220521|161233|8002969|20220521|170238|8002206|1|750|0|      |20220521|20220521|0603|2022-06-01 07:03:04
333378|0000000785356931              |20220521|141912|008|680|0|30300052|130010006|130752003|1|20220521|132449|8001492|20220521|142712|8001934|1|1250|0|      |20220521|20220521|0603|2022-06-01 07:03:04
333380|0000000488783374              |20220521|151132|029|676|1|30300054|130010007|130759387|1|20220521|145451|8001084|20220521|152956|8002814|1|0|0|      |20220521|20220521|0603|2022-06-01 07:03:04
333382|0000000664641950              |20220521|215511|001|675|0|30300065|130010004|130752229|1|20220521|211807|8001418|20220521|220527|8001458|1|1250|0|      |20220521|20220521|0603|2022-06-01 07:03:04
333384|0000000921654108              |20220521|124245|011|675|0|30300080|130010009|130759103|1|20220521|113526|8001535|20220521|124646|8001096|1|1250|0|      |20220521|20220521|0603|2022-06-01 07:03:04
333386|0000000910701781              |20220521|132222|011|675|0|30300096|130010006|130752057|1|20220521|123456|8001452|20220521|133005|8002969|1|1250|0|      |20220521|20220521|0603|2022-06-01 07:03:04
333388|0000000626024003              |20220521|154957|023|675|0|30300065|130010004|130752267|1|20220521|151527|8001344|20220521|160854|8005875|1|1250|0|      |20220521|20220521|0603|2022-06-01 07:03:04
333390|0000000723035358              |20220521|161050|012|675|0|30300065|130010004|130752242|1|20220521|061551|8005871|20220521|161735|8001348|1|1250|0|      |20220521|20220521|0603|2022-06-01 07:03:04
333392|0000000765750694              |20220521|192233|007|675|0|30300059|130010004|130752218|1|20220521|190225|8002723|20220521|193949|8002453|1|1250|0|      |20220521|20220521|0603|2022-06-01 07:03:04
333394|0000000651697776              |20220521|200232|001|675|0|30300079|130010009|130759148|1|20220521|193857|8002723|20220521|201409|8002995|1|1250|0|      |20220521|20220521|0603|2022-06-01 07:03:04
333396|0000000662605636              |20220521|180454|001|676|0|30300038|130010014|130753508|1|20220521|170550|8002627|20220521|182149|8001034|1|1250|0|      |20220521|20220521|0603|2022-06-01 07:03:04
333398|0000000676090974              |20220521|181320|001|676|0|30300040|130010007|130759366|1|20220521|160902|8002935|20220521|183432|8001388|1|1250|0|      |20220521|20220521|0603|2022-06-01 07:03:04
333400|0000000667785600              |20220521|222934|002|676|0|30300038|130010014|130753525|1|20220521|213851|8002627|20220521|225050|8001553|1|1250|0|      |20220521|20220521|0603|2022-06-01 07:03:04
333402|0000000746678155              |20220521|224422|022|675|0|30300055|130010014|130753210|1|20220521|220626|8002627|20220521|230919|8001987|1|1250|0|      |20220521|20220521|0603|2022-06-01 07:03:04
333404|0000000722633577              |20220521|194600|021|675|0|30300055|130010014|130753249|1|20220521|191140|8002627|20220521|201220|8002064|1|1250|0|      |20220521|20220521|0603|2022-06-01 07:03:04
326643|0000000698226176              |20220521|131710|031|680|0|30300013|130010015|130759639|1|20220521|123716|8001623|20220521|135904|8001412|1|1250|0|      |20220521|20220521|0603|2022-06-01 07:03:04
326731|0000000698770061              |20220521|083604|003|832|0|30300128|130710001|130759929|1|20220521|052135|8007053|20220521|085800|8007055|1|1700|300|      |20220521|20220521|0603|2022-06-01 07:03:04
326733|0000000488517884              |20220521|100015|006|832|0|30300128|130710001|130759920|1|20220521|052743|8007412|20220521|104428|8007052|1|1700|300|      |20220521|20220521|0603|2022-06-01 07:03:04
326735|0000000782538202              |20220521|144409|002|832|0|30300128|130710001|130759921|1|20220521|055422|3053005|20220521|151219|8007055|1|1700|300|      |20220521|20220521|0603|2022-06-01 07:03:04
326737|0000000790157354              |20220521|151520|018|832|0|30300128|130710001|130759929|1|20220521|052135|8007412|20220521|154813|8007293|1|1700|300|      |20220521|20220521|0603|2022-06-01 07:03:04
326739|0000001110290443              |20220521|203750|002|832|1|30300128|130710001|130759916|1|20220521|052716|8007289|20220521|210624|3056003|1|450|300|      |20220521|20220521|0603|2022-06-01 07:03:04
326741|0000000694572056              |20220521|210805|027|832|0|30300128|130710001|130759910|1|20220521|050838|3062007|20220521|214606|8007280|1|1700|300|      |20220521|20220521|0603|2022-06-01 07:03:04
326743|0000000795520731              |20220521|211004|002|832|0|30300128|130710001|130759921|1|20220521|055422|8005504|20220521|214648|8007293|1|1700|300|      |20220521|20220521|0603|2022-06-01 07:03:04
326745|0000000699923991              |20220521|125952|002|832|0|30300128|130710001|130759927|1|20220521|055139|8007080|20220521|132954|8007290|1|1700|300|      |20220521|20220521|0603|2022-06-01 07:03:04
326747|0000000488577426              |20220521|064918|002|832|0|30300128|130710001|130759914|1|20220521|055729|3053004|20220521|073305|8001420|1|1700|300|      |20220521|20220521|0603|2022-06-01 07:03:04
326749|0000000781633018              |20220521|144927|004|832|0|30300128|130710001|130759921|1|20220521|055422|8007053|20220521|151217|8007055|1|1700|300|      |20220521|20220521|0603|2022-06-01 07:03:04
327156|0000000486562642              |20220521|122852|001|676|0|30300131|130010008|130752708|1|20220521|120634|8001079|20220521|125011|8002453|1|1250|0|      |20220521|20220521|0603|2022-06-01 07:03:04
327158|0000000487902718              |20220521|133452|013|673|0|30300004|130510004|130751009|1|20220521|053748|8005828|20220521|134046|8001590|1|1100|0|      |20220521|20220521|0603|2022-06-01 07:03:04
327160|0000000400132814              |20220521|143022|030|675|1|30300145|130010014|130753529|1|20220521|135035|8002395|20220521|143718|8005516|1|0|0|      |20220521|20220521|0603|2022-06-01 07:03:04
327162|0000000186610623              |20220521|192213|023|675|0|30300065|130010004|130752269|1|20220521|191323|8001560|20220521|193905|8001421|1|1250|0|      |20220521|20220521|0603|2022-06-01 07:03:04
327164|0000000788562197              |20220521|165325|028|675|1|30300101|130010002|130752332|1|20220521|154527|8002558|20220521|170004|8002452|1|0|0|      |20220521|20220521|0603|2022-06-01 07:03:04
327166|0000000789019359              |20220521|163546|015|675|0|30300084|130010001|130759440|1|20220521|160259|8002620|20220521|170625|8002064|1|1250|0|      |20220521|20220521|0603|2022-06-01 07:03:04
327168|0000000400181547              |20220521|180822|025|676|2|30300093|130010004|130752282|1|20220521|175012|8001385|20220521|180933|8001463|1|0|0|      |20220521|20220521|0603|2022-06-01 07:03:04
327170|0000000788979385              |20220521|223512|007|680|0|30300052|130010002|130752323|1|20220521|215832|8001158|20220521|224613|8005111|2|2500|100|      |20220521|20220521|0603|2022-06-01 07:03:04
327172|0000001110323135              |20220521|214448|011|676|1|30300072|130010001|130759711|1|20220521|211827|8001890|20220521|220158|8001035|1|0|0|      |20220521|20220521|0603|2022-06-01 07:03:04
327174|0000000698578284              |20220521|133312|028|676|1|30300038|130010014|130753508|1|20220521|122943|8002627|20220521|135844|8001553|1|0|0|      |20220521|20220521|0603|2022-06-01 07:03:04
327176|0000000400210374              |20220521|082929|029|675|2|30300048|130010006|130752021|1|20220521|061701|8002849|20220521|083156|8007542|1|0|0|      |20220521|20220521|0603|2022-06-01 07:03:04
327178|0000000695484604              |20220521|074735|002|832|0|30300128|130710001|130759925|1|20220521|065627|3053005|20220521|081301|8007055|1|1700|300|      |20220521|20220521|0603|2022-06-01 07:03:04
327180|0000000785852028              |20220521|100551|006|676|0|30300072|130010001|130759734|1|20220521|092202|8002658|20220521|100900|8002100|1|1250|0|      |20220521|20220521|0603|2022-06-01 07:03:04
327587|0000000741878735              |20220521|141006|007|676|0|30300090|130010005|130759218|1|20220521|125023|8001641|20220521|142150|8002412|1|1250|0|      |20220521|20220521|0603|2022-06-01 07:03:04
327589|0000000775945763              |20220521|112349|010|676|0|30300039|130010005|130759267|1|20220521|105454|8001192|20220521|113024|8001922|1|1250|0|      |20220521|20220521|0603|2022-06-01 07:03:04
327591|0000000770131206              |20220521|120545|024|676|0|30300039|130010005|130759271|1|20220521|103057|8001431|20220521|121300|8002721|1|1250|0|      |20220521|20220521|0603|2022-06-01 07:03:04
327593|0000000776648995              |20220521|155232|014|676|0|30300073|130010009|130759177|1|20220521|153039|8001417|20220521|161317|8002075|1|1250|0|      |20220521|20220521|0603|2022-06-01 07:03:04
327595|0000000903951036              |20220521|064016|026|676|0|30300054|130010007|130759377|1|20220521|062619|8001304|20220521|070411|8001078|1|1250|0|      |20220521|20220521|0603|2022-06-01 07:03:04
327597|0000000918342685              |20220521|084913|006|676|0|30300088|130010002|130752315|1|20220521|081517|8001200|20220521|092523|8002721|1|1250|0|      |20220521|20220521|0603|2022-06-01 07:03:04
327599|0000000903800675              |20220521|185920|008|676|0|30300070|130010004|130752265|1|20220521|165105|8002307|20220521|190407|8001348|1|1250|0|      |20220521|20220521|0603|2022-06-01 07:03:04
327601|0000000747765628              |20220521|172158|010|676|0|30300089|130010011|130759574|1|20220521|161233|8002533|20220521|172938|8001555|1|1250|0|      |20220521|20220521|0603|2022-06-01 07:03:04
327603|0000000918228099              |20220521|112154|010|676|0|30300068|130010006|130752032|1|20220521|111637|8002950|20220521|112257|8001534|1|1250|0|      |20220521|20220521|0603|2022-06-01 07:03:04
327605|0000000918195113              |20220521|142135|017|676|0|30300054|130010007|130759340|1|20220521|140212|8001304|20220521|143743|8001568|1|1250|0|      |20220521|20220521|0603|2022-06-01 07:03:04
327607|0000000725279766              |20220521|144224|017|676|0|30300037|130010006|130752073|1|20220521|142211|8005881|20220521|145930|8001534|1|1250|0|      |20220521|20220521|0603|2022-06-01 07:03:04
327609|0000000918326234              |20220521|151440|006|676|0|30300088|130010002|130752361|1|20220521|141915|8001319|20220521|152633|8001555|1|1250|0|      |20220521|20220521|0603|2022-06-01 07:03:04
327611|0000000741035701              |20220521|104211|026|676|0|30300068|130010006|130752028|1|20220521|101130|8002950|20220521|104522|8001534|1|1250|0|      |20220521|20220521|0603|2022-06-01 07:03:04
327613|0000000675383405              |20220521|110739|013|676|0|30300038|130010014|130753524|1|20220521|102258|8003132|20220521|111106|8001348|1|1250|0|      |20220521|20220521|0603|2022-06-01 07:03:04
333423|0000000730656829              |20220521|140219|005|675|0|30300079|130010009|130759110|1|20220521|115830|8002627|20220521|140906|8002039|1|1250|0|      |20220521|20220521|0603|2022-06-01 07:03:04
333425|0000000918367491              |20220521|154407|001|674|0|30300002|130010007|130759332|1|20220521|153929|8001178|20220521|155937|8001632|1|1250|0|      |20220521|20220521|0603|2022-06-01 07:03:04
333427|0000000762057000              |20220521|155944|001|676|0|30300038|130010014|130753246|1|20220521|144831|8002627|20220521|161202|8001034|1|1250|0|      |20220521|20220521|0603|2022-06-01 07:03:04
333429|0000000739121367              |20220521|154333|022|676|0|30300054|130010007|130759382|1|20220521|153833|8001178|20220521|161600|8002468|1|1250|0|      |20220521|20220521|0603|2022-06-01 07:03:04
333431|0000000918360400              |20220521|084837|001|674|0|30300002|130010007|130759332|1|20220521|080914|8002093|20220521|090523|8001096|1|1250|0|      |20220521|20220521|0603|2022-06-01 07:03:04
326373|0000000400207845              |20220521|074336|031|676|1|30300068|130010006|130752032|1|20220521|070047|8001533|20220521|074541|8002951|1|0|0|      |20220521|20220521|0603|2022-06-01 07:03:04
326375|0000000486606063              |20220521|074910|019|676|1|30300073|130010009|130759117|1|20220521|072551|8001417|20220521|080204|8002100|1|0|0|      |20220521|20220521|0603|2022-06-01 07:03:04
326377|0000000400183498              |20220521|085848|023|675|1|30300091|130010013|130759812|1|20220521|085214|8002131|20220521|090430|8001906|1|0|0|      |20220521|20220521|0603|2022-06-01 07:03:04
326379|0000000400167240              |20220521|094443|015|675|1|30300096|130010006|130752020|1|20220521|042228|8002089|20220521|101602|8002026|1|0|0|      |20220521|20220521|0603|2022-06-01 07:03:04
326381|0000000400161357              |20220521|090043|004|676|0|30300040|130010013|130759834|1|20220521|072434|8001096|20220521|090417|8001085|1|1250|0|      |20220521|20220521|0603|2022-06-01 07:03:04
326383|0000000400167240              |20220521|085946|015|676|0|30300131|130010008|130752722|1|20220521|062724|8007283|20220521|093746|8002089|1|1250|0|      |20220521|20220521|0603|2022-06-01 07:03:04
326385|0000000693631712              |20220521|061735|017|675|0|30300077|130010006|130752034|1|20220521|060305|8001708|20220521|063323|8001872|1|1250|0|      |20220521|20220521|0603|2022-06-01 07:03:04
326387|0000000789768069              |20220521|082355|017|675|0|30300062|130010008|130752137|1|20220521|080629|8002428|20220521|084936|8002557|1|1250|0|      |20220521|20220521|0603|2022-06-01 07:03:04
326389|0000000791954611              |20220521|074042|017|676|0|30300087|130010008|130752123|1|20220521|064232|8002966|20220521|080112|8002088|1|1250|0|      |20220521|20220521|0603|2022-06-01 07:03:04
326391|0000000792861587              |20220521|060601|020|675|0|30300077|130010006|130759018|1|20220521|055354|8001228|20220521|061353|8001528|1|1250|0|      |20220521|20220521|0603|2022-06-01 07:03:04
326393|0000000788305243              |20220521|115229|028|676|0|30300087|130010008|130752155|1|20220521|114144|8002550|20220521|120131|8001491|1|1250|0|      |20220521|20220521|0603|2022-06-01 07:03:04
326395|0000000791896464              |20220521|143732|022|675|0|30300095|130010011|130759530|1|20220521|140954|8001784|20220521|145805|8002338|1|1250|0|      |20220521|20220521|0603|2022-06-01 07:03:04
326397|0000000400181719              |20220521|161255|028|676|2|30300130|130010008|130752718|1|20220521|152217|8001349|20220521|161331|8002344|1|0|0|      |20220521|20220521|0603|2022-06-01 07:03:04
326804|0000000797883374              |20220521|162036|021|674|0|30300002|130010007|130759319|2|20220521|155320|8002437|20220521|170556|8002134|1|350|0|      |20220521|20220521|0603|2022-06-01 07:03:04
326806|0000000688115620              |20220521|180528|016|675|0|30300083|130010001|130759771|1|20220521|175304|8002965|20220521|181554|8001653|1|1250|0|      |20220521|20220521|0603|2022-06-01 07:03:04
326808|0000000697839522              |20220521|121745|026|674|0|30300002|130010007|130759332|4|20220521|115103|8002131|20220521|124038|8001721|1|750|0|      |20220521|20220521|0603|2022-06-01 07:03:04
326810|0000000699482919              |20220521|130457|001|675|0|30300046|130010002|130752312|4|20220521|115140|8001371|20220521|131035|8001290|1|750|0|      |20220521|20220521|0603|2022-06-01 07:03:04
326812|0000000787901069              |20220521|104710|003|676|1|30300072|130010001|130759429|1|20220521|094047|8002340|20220521|105501|8002304|1|0|0|      |20220521|20220521|0603|2022-06-01 07:03:04
326814|0000000687426962              |20220521|091315|002|676|0|30300040|130010007|130759385|1|20220521|080615|8001056|20220521|091920|8003032|1|1250|0|      |20220521|20220521|0603|2022-06-01 07:03:04
326816|0000000400156677              |20220521|074735|015|675|0|30300049|130010004|130752286|1|20220521|073401|8005998|20220521|084619|8002407|1|1250|0|      |20220521|20220521|0603|2022-06-01 07:03:04
326818|0000000186943138              |20220521|105028|009|676|0|30300054|130010007|130759384|2|20220521|101539|8001922|20220521|112710|8007031|1|350|0|      |20220521|20220521|0603|2022-06-01 07:03:04
326820|0000000783102024              |20220521|110318|003|675|0|30300049|130010004|130752287|1|20220521|094834|8002965|20220521|112919|8001746|1|1250|0|      |20220521|20220521|0603|2022-06-01 07:03:04
326822|0000000788047175              |20220521|164440|003|676|0|30300054|130010007|130759383|4|20220521|155808|8002468|20220521|165033|8002161|1|750|0|      |20220521|20220521|0603|2022-06-01 07:03:04
326824|0000000698285103              |20220521|191507|021|676|0|30300086|130010013|130759874|4|20220521|174246|8002437|20220521|200415|8001313|1|750|0|      |20220521|20220521|0603|2022-06-01 07:03:04
326826|0000000789752898              |20220521|201107|009|676|0|30300130|130010008|130752719|4|20220521|193823|8002437|20220521|201917|8002340|1|750|0|      |20220521|20220521|0603|2022-06-01 07:03:04
326828|0000000792029452              |20220521|172631|006|676|0|30300041|130010012|130753377|1|20220521|132415|8005990|20220521|175831|8002088|2|2000|0|      |20220521|20220521|0603|2022-06-01 07:03:04
326830|0000000785536190              |20220521|182003|005|681|0|30300042|130010009|130759181|1|20220521|180711|8001071|20220521|183741|8002409|1|1250|0|      |20220521|20220521|0603|2022-06-01 07:03:04
327237|0000000788753204              |20220521|070654|024|676|0|30300087|130010008|130752158|1|20220521|064051|8003011|20220521|073815|8001587|1|1250|0|      |20220521|20220521|0603|2022-06-01 07:03:04
327239|0000000699803647              |20220521|055550|021|676|0|30300087|130010008|130752155|1|20220521|054256|8002840|20220521|061136|8003011|1|1250|0|      |20220521|20220521|0603|2022-06-01 07:03:04
327241|0000000797689924              |20220521|084804|014|676|0|30300089|130010011|130759578|1|20220521|075050|8005879|20220521|085944|8002667|1|1250|0|      |20220521|20220521|0603|2022-06-01 07:03:04
327243|0000000400180267              |20220521|151302|030|676|0|30300073|130010009|130759141|1|20220521|150638|8002824|20220521|152324|8002482|1|1250|0|      |20220521|20220521|0603|2022-06-01 07:03:04
327245|0000000785163333              |20220521|213152|001|675|0|30300056|130010012|130753325|1|20220521|205806|8001204|20220521|214541|8001707|1|1250|0|      |20220521|20220521|0603|2022-06-01 07:03:04
332562|0000000906193778              |20220521|145926|024|676|0|30300071|130010009|130759102|1|20220521|131259|8001922|~       |      |~      |1|1250|0|      |20220521|~       |0603|2022-06-01 07:03:04
332564|0000000909334641              |20220521|151721|030|675|0|30300055|130010014|130753265|1|20220521|145755|8001554|~       |      |~      |1|1250|0|      |20220521|~       |0603|2022-06-01 07:03:04
332566|0000000743082409              |20220521|165123|020|675|1|30300058|130010004|130752291|1|20220521|155601|8001929|~       |      |~      |1|0|0|      |20220521|~       |0603|2022-06-01 07:03:04
332568|0000000903143811              |20220521|111733|028|675|2|30300045|130010006|130759003|1|20220521|101953|8002974|~       |      |~      |1|0|0|      |20220521|~       |0603|2022-06-01 07:03:04
332570|0000000770311754              |20220521|095338|030|676|0|30300040|130010007|130759343|1|20220521|094016|8001596|~       |      |~      |1|1250|0|      |20220521|~       |0603|2022-06-01 07:03:04
332572|0000000607399345              |20220521|060815|006|674|1|30300100|130010002|130752344|1|20220521|051654|8001529|~       |      |~      |1|0|0|      |20220521|~       |0603|2022-06-01 07:03:04
333000|0000000792875566              |20220521|211844|013|676|0|30300093|130010004|130752272|1|20220521|125955|8007003|20220521|215439|8002658|1|1250|0|      |20220521|20220521|0603|2022-06-01 07:03:04
333002|0000000785155162              |20220521|114951|009|675|1|30300082|130010001|130759739|1|20220521|111603|8001790|20220521|122039|8002280|1|0|0|      |20220521|20220521|0603|2022-06-01 07:03:04
333004|0000000400151336              |20220521|124308|023|675|0|30300082|130010001|130759728|1|20220521|120319|8001370|20220521|130644|8002280|1|1250|0|      |20220521|20220521|0603|2022-06-01 07:03:04
333006|0000000789721068              |20220521|131540|013|679|0|30300063|130010001|130759488|1|20220521|130955|8001800|20220521|132012|8001534|1|1250|0|      |20220521|20220521|0603|2022-06-01 07:03:04
333008|0000000796811943              |20220521|135033|009|675|0|30300082|130010001|130759471|1|20220521|132407|8002697|20220521|140322|8002925|1|1250|0|      |20220521|20220521|0603|2022-06-01 07:03:04
333010|0000000488525777              |20220521|140607|015|675|0|30300082|130010001|130759728|1|20220521|120319|8001275|20220521|140940|8001587|1|1250|0|      |20220521|20220521|0603|2022-06-01 07:03:04
333012|0000000781881699              |20220521|055341|013|675|0|30300082|130010001|130759778|1|20220521|053011|8002824|20220521|060127|8002440|1|1250|0|      |20220521|20220521|0603|2022-06-01 07:03:04
333014|0000000400124631              |20220521|095457|013|676|0|30300093|130010004|130752282|1|20220521|095404|8007006|20220521|100833|8001647|1|1250|0|      |20220521|20220521|0603|2022-06-01 07:03:04
333016|0000000789025373              |20220521|094430|014|679|0|30300063|130010001|130759748|1|20220521|090301|8001835|20220521|103533|8001801|1|1250|0|      |20220521|20220521|0603|2022-06-01 07:03:04
333018|0000000691857409              |20220521|103935|016|675|0|30300082|130010001|130759770|1|20220521|092445|8002280|20220521|105841|8002556|1|1250|0|      |20220521|20220521|0603|2022-06-01 07:03:04
333020|0000000699863439              |20220521|150236|008|675|0|30300060|130010014|130753244|1|20220521|140854|8002276|20220521|150646|8001052|1|1250|0|      |20220521|20220521|0603|2022-06-01 07:03:04
333022|0000000788221844              |20220521|151130|022|679|0|30300063|130010001|130759488|1|20220521|142450|8001358|20220521|153657|8001090|1|1250|0|      |20220521|20220521|0603|2022-06-01 07:03:04
333024|0000000400199823              |20220521|161455|012|675|0|30300075|130010005|130759270|1|20220521|144828|8002825|20220521|163225|8002358|1|1250|0|      |20220521|20220521|0603|2022-06-01 07:03:04
333026|0000001110414032              |20220521|162646|016|676|1|30300093|130010004|130752219|1|20220521|154530|8002898|20220521|171033|8001555|1|0|0|      |20220521|20220521|0603|2022-06-01 07:03:04
326454|0000000697795601              |20220521|185231|002|675|0|30300077|130010006|130752042|1|20220521|181250|8001418|20220521|185749|8001229|2|2500|0|      |20220521|20220521|0603|2022-06-01 07:03:04
326456|0000000793607307              |20220521|131032|005|676|1|30300070|130010004|130752205|1|20220521|125655|8002816|20220521|131450|8002296|1|0|0|      |20220521|20220521|0603|2022-06-01 07:03:04
326458|0000000682213088              |20220521|134953|023|674|0|30300002|130010007|130759304|1|20220521|134824|8002980|20220521|140738|8001418|1|1250|0|      |20220521|20220521|0603|2022-06-01 07:03:04
326460|0000000788037197              |20220521|141931|028|675|1|30300082|130010001|130759770|4|20220521|130400|8001567|20220521|142756|8005563|1|0|0|      |20220521|20220521|0603|2022-06-01 07:03:04
326462|0000000789053277              |20220521|055330|004|676|0|30300088|130010006|130752001|1|20220521|052831|8002722|20220521|060349|8001319|1|1250|0|      |20220521|20220521|0603|2022-06-01 07:03:04
326464|0000000785119762              |20220521|114637|002|676|1|30300054|130010007|130759358|4|20220521|111531|8001102|20220521|115557|8001078|1|100|0|      |20220521|20220521|0603|2022-06-01 07:03:04
326466|0000000788565114              |20220521|142622|025|675|0|30300064|130010015|130759673|4|20220521|140926|8002832|20220521|144226|8002454|1|750|0|      |20220521|20220521|0603|2022-06-01 07:03:04
326468|0000000793024123              |20220521|153631|018|676|0|30300051|130010008|130752107|1|20220521|143158|8002437|20220521|155742|8005878|2|2000|0|      |20220521|20220521|0603|2022-06-01 07:03:04
326470|0000000785753252              |20220521|162455|002|676|0|30300051|130010008|130752126|4|20220521|161011|8001289|20220521|163026|8001369|1|750|0|      |20220521|20220521|0603|2022-06-01 07:03:04
326472|0000000685452999              |20220521|163659|013|675|0|30300058|130010004|130752295|1|20220521|153358|8001647|20220521|170743|8001553|1|1250|0|      |20220521|20220521|0603|2022-06-01 07:03:04
326474|0000000785100986              |20220521|184204|027|676|0|30300041|130010012|130753321|4|20220521|150830|8001077|20220521|191050|8070030|1|750|0|      |20220521|20220521|0603|2022-06-01 07:03:04
326476|0000000186886668              |20220521|163833|001|832|0|30300128|130710001|130759929|1|20220521|052135|9007055|20220521|170500|3053004|1|1700|300|      |20220521|20220521|0603|2022-06-01 07:03:04
326478|0000000698311461              |20220521|185622|017|676|0|30300089|130010011|130759513|4|20220521|180137|8005512|20220521|190015|8001555|1|750|0|      |20220521|20220521|0603|2022-06-01 07:03:04
326885|0000000400099382              |20220521|132913|015|675|0|30300053|130010002|130752373|1|20220521|115935|8001587|20220521|133931|8001735|1|1250|0|      |20220521|20220521|0603|2022-06-01 07:03:04
326887|0000000400181547              |20220521|135918|024|679|0|30300063|130010001|130759487|1|20220521|130815|8002950|20220521|141035|8001876|1|1250|0|      |20220521|20220521|0603|2022-06-01 07:03:04
326889|0000000400105092              |20220521|104710|029|675|1|30300057|130010001|130759759|1|20220521|104155|8001280|20220521|110150|8002032|1|0|0|      |20220521|20220521|0603|2022-06-01 07:03:04
326891|0000000785292705              |20220521|060810|022|676|0|30300070|130010004|130752265|1|20220521|054731|8001135|20220521|063529|8002437|1|1250|0|      |20220521|20220521|0603|2022-06-01 07:03:04
339166|0000000668721482              |20220521|190541|011|675|0|30300101|130010002|130752304|1|20220521|175038|8002452|~       |      |~      |1|1250|0|      |20220521|~       |0603|2022-06-01 07:03:04
339168|0000000903356382              |20220521|194104|004|674|0|30300002|130010007|130759315|1|20220521|191831|8001418|~       |      |~      |1|1250|0|      |20220521|~       |0603|2022-06-01 07:03:04
339170|0000000909443505              |20220521|203835|002|676|0|30300089|130010011|130759577|1|20220521|181155|8001418|~       |      |~      |1|1250|0|      |20220521|~       |0603|2022-06-01 07:03:04
339172|0000000719775194              |20220521|171305|002|676|0|30300131|130010008|130752722|1|20220521|165836|8002452|~       |      |~      |1|1250|0|      |20220521|~       |0603|2022-06-01 07:03:04
339174|0000000633843703              |20220521|172049|006|676|0|30300071|130010009|130759147|1|20220521|164301|8006006|~       |      |~      |1|1250|0|      |20220521|~       |0603|2022-06-01 07:03:04
339176|0000000909153733              |20220521|183121|002|674|1|30300104|130010002|130752333|1|20220521|182538|8002452|~       |      |~      |1|0|0|      |20220521|~       |0603|2022-06-01 07:03:04
339178|0000000644958226              |20220521|221956|002|676|0|30300054|130010007|130759378|1|20220521|214418|8002452|~       |      |~      |1|1250|0|      |20220521|~       |0603|2022-06-01 07:03:04
339619|0000000731301481              |20220521|194947|019|675|0|30300055|130010014|130753221|1|20220521|151405|8002345|20220521|195841|8002631|1|1250|0|      |20220521|20220521|0603|2022-06-01 07:03:04
339621|0000000767298166              |20220521|194841|001|676|0|30300130|130010008|130752148|1|20220521|192735|8002345|20220521|195613|8002454|1|1250|0|      |20220521|20220521|0603|2022-06-01 07:03:04
339623|0000000719968184              |20220521|194203|007|676|0|30300037|130010006|130752005|1|20220521|193152|8002340|20220521|195132|8001096|1|1250|0|      |20220521|20220521|0603|2022-06-01 07:03:04
339625|0000000774687150              |20220521|170643|001|676|0|30300130|130010008|130752140|1|20220521|161431|8002340|20220521|172853|8002448|1|1250|0|      |20220521|20220521|0603|2022-06-01 07:03:04
339627|0000000722936830              |20220521|172556|006|675|0|30300055|130010014|130753250|1|20220521|130422|8002345|20220521|174617|8002888|1|1250|0|      |20220521|20220521|0603|2022-06-01 07:03:04
339629|0000000762138815              |20220521|175307|012|676|0|30300037|130010006|130752062|1|20220521|173347|8002340|20220521|180438|8001096|1|1250|0|      |20220521|20220521|0603|2022-06-01 07:03:04
339631|0000000742686541              |20220521|175655|005|676|0|30300130|130010008|130752140|1|20220521|173122|8002345|20220521|180656|8002454|1|1250|0|      |20220521|20220521|0603|2022-06-01 07:03:04
339633|0000000751555736              |20220521|205117|004|675|0|30300055|130010014|130753268|1|20220521|200054|8002340|20220521|210920|8001987|1|1250|0|      |20220521|20220521|0603|2022-06-01 07:03:04
339635|0000000757596298              |20220521|124632|001|675|0|30300055|130010014|130753263|1|20220521|121003|8002345|20220521|125809|8002631|1|1250|0|      |20220521|20220521|0603|2022-06-01 07:03:04
339637|0000000752281822              |20220521|124415|001|676|0|30300037|130010006|130752024|1|20220521|123149|8002340|20220521|131837|8002558|1|1250|0|      |20220521|20220521|0603|2022-06-01 07:03:04
339639|0000000760569944              |20220521|132113|002|675|0|30300055|130010014|130753210|1|20220521|124002|8002345|20220521|133238|8002631|1|1250|0|      |20220521|20220521|0603|2022-06-01 07:03:04
339641|0000000723016391              |20220521|135608|002|675|0|30300055|130010014|130753250|1|20220521|130422|8002345|20220521|140733|8002631|1|1250|0|      |20220521|20220521|0603|2022-06-01 07:03:04
339643|0000000719668975              |20220521|115336|001|676|0|30300130|130010008|130752145|1|20220521|110353|8002340|20220521|115434|8002487|1|1250|0|      |20220521|20220521|0603|2022-06-01 07:03:04
340050|0000000903829368              |20220521|161415|001|675|0|30300077|130010006|130759018|1|20220521|155831|8001197|20220521|162958|8001927|1|1250|0|      |20220521|20220521|0603|2022-06-01 07:03:04
340052|0000000910580285              |20220521|101844|007|675|0|30300077|130010006|130759013|1|20220521|101001|8001197|20220521|103944|8001927|1|1250|0|      |20220521|20220521|0603|2022-06-01 07:03:04
340054|0000000759183663              |20220521|072644|016|676|0|30300088|130010006|130752001|1|20220521|064058|8002742|20220521|073810|8001168|1|1250|0|      |20220521|20220521|0603|2022-06-01 07:03:04
340056|0000000918277216              |20220521|081708|001|675|0|30300145|130010014|130753600|1|20220521|074301|8002742|20220521|082750|8002412|1|1250|0|      |20220521|20220521|0603|2022-06-01 07:03:04
340058|0000000719043184              |20220521|104420|001|676|0|30300088|130010002|130752317|1|20220521|081700|8002742|20220521|105324|8002410|1|1250|0|      |20220521|20220521|0603|2022-06-01 07:03:04
340060|0000000606353080              |20220521|195655|001|676|0|30300039|130010005|130759262|1|20220521|181715|8001923|20220521|200501|8002398|1|1250|0|      |20220521|20220521|0603|2022-06-01 07:03:04
340062|0000000749889310              |20220521|164541|005|676|0|30300051|130010008|130752114|1|20220521|162239|8002454|20220521|171327|8002545|1|1250|0|      |20220521|20220521|0603|2022-06-01 07:03:04
340064|0000000748997870              |20220521|170034|001|676|0|30300051|130010008|130752115|1|20220521|164119|8002454|20220521|171323|8001935|1|1250|0|      |20220521|20220521|0603|2022-06-01 07:03:04
340066|0000000918458698              |20220521|172703|001|675|0|30300064|130010015|130759673|1|20220521|165017|8002454|20220521|174004|8001626|1|1250|0|      |20220521|20220521|0603|2022-06-01 07:03:04
340068|0000000917980097              |20220521|175336|001|676|0|30300070|130010004|130752210|1|20220521|150556|8002454|20220521|180346|8002982|1|1250|0|      |20220521|20220521|0603|2022-06-01 07:03:04
340070|0000000903992244              |20220521|171502|001|676|0|30300051|130010008|130752130|1|20220521|151900|8002454|20220521|175528|8002365|1|1250|0|      |20220521|20220521|0603|2022-06-01 07:03:04
340072|0000000918435438              |20220521|182604|001|674|0|30300100|130010002|130752359|1|20220521|175851|8001714|20220521|183849|8002629|1|1250|0|      |20220521|20220521|0603|2022-06-01 07:03:04
340074|0000000910157747              |20220521|203837|031|674|0|30300100|130010002|130752359|1|20220521|201259|8001714|20220521|205537|8002114|1|1250|0|      |20220521|20220521|0603|2022-06-01 07:03:04
340076|0000000670243825              |20220521|210133|005|676|0|30300070|130010004|130752201|1|20220521|202842|8002454|20220521|211709|8002797|1|1250|0|      |20220521|20220521|0603|2022-06-01 07:03:04
333514|0000000770720212              |20220521|160932|001|675|0|30300055|130010014|130753263|1|20220521|153711|8001403|20220521|161220|8001444|1|1250|0|      |20220521|20220521|0603|2022-06-01 07:03:04
333516|0000000912513127              |20220521|161745|001|675|0|30300055|130010014|130753209|1|20220521|154451|8001403|20220521|163235|8001412|1|1250|0|      |20220521|20220521|0603|2022-06-01 07:03:04
333518|0000000753068189              |20220521|072451|003|676|0|30300071|130010009|130759133|1|20220521|070517|8002251|20220521|074022|8002279|1|1250|0|      |20220521|20220521|0603|2022-06-01 07:03:04
337020|0000000694861574              |20220521|135145|018|675|0|30300061|130010015|130759646|1|20220521|131211|8002789|20220521|140006|8002231|1|1250|0|      |20220521|20220521|0603|2022-06-01 07:03:05
337022|0000000695122428              |20220521|085604|028|675|1|30300082|130010001|130759739|1|20220521|075355|8002558|20220521|090343|8005563|1|0|0|      |20220521|20220521|0603|2022-06-01 07:03:05
337429|0000000694829174              |20220521|184113|029|675|1|30300075|130010005|130759270|1|20220521|175329|8002155|20220521|184741|8002287|1|0|0|      |20220521|20220521|0603|2022-06-01 07:03:05
337431|0000000699269217              |20220521|221255|031|680|1|30300034|130010005|130759220|1|20220521|215858|8002259|20220521|221910|8005939|1|0|0|      |20220521|20220521|0603|2022-06-01 07:03:05
337433|0000000400175084              |20220521|120722|013|675|0|30300056|130010012|130753322|1|20220521|113222|8001588|20220521|122617|8001484|1|1250|0|      |20220521|20220521|0603|2022-06-01 07:03:05
337435|0000000797664091              |20220521|130039|021|676|0|30300068|130010006|130759026|1|20220521|123524|8002228|20220521|132443|8007155|1|1250|0|      |20220521|20220521|0603|2022-06-01 07:03:05
337437|0000000784352410              |20220521|135148|015|675|0|30300056|130010012|130753317|1|20220521|131010|8001646|20220521|140118|8001279|1|1250|0|      |20220521|20220521|0603|2022-06-01 07:03:05
337439|0000000692594350              |20220521|140708|031|676|1|30300073|130010009|130759178|1|20220521|133203|8003006|20220521|141604|8007270|1|0|0|      |20220521|20220521|0603|2022-06-01 07:03:05
337441|0000000400173481              |20220521|095910|029|681|1|30300042|130010009|130759165|1|20220521|095343|8001415|20220521|100720|8001991|1|0|0|      |20220521|20220521|0603|2022-06-01 07:03:05
337443|0000000791800733              |20220521|101914|009|675|1|30300056|130010012|130753308|1|20220521|093413|8001426|20220521|102822|8002410|1|0|0|      |20220521|20220521|0603|2022-06-01 07:03:05
337445|0000000400118519              |20220521|070043|020|676|0|30300073|130010009|130759177|1|20220521|064604|8001325|20220521|072959|8001420|1|1250|0|      |20220521|20220521|0603|2022-06-01 07:03:05
337447|0000000788045274              |20220521|064654|007|675|0|30300091|130010013|130759816|1|20220521|063234|8002140|20220521|071603|8001085|1|1250|0|      |20220521|20220521|0603|2022-06-01 07:03:05
337449|0000000788422649              |20220521|084803|007|675|0|30300080|130010009|130759145|1|20220521|081317|8002038|20220521|085824|8002463|1|1250|0|      |20220521|20220521|0603|2022-06-01 07:03:05
337451|0000000783840630              |20220521|102848|006|676|0|30300086|130010013|130759823|1|20220521|094246|8001430|20220521|104042|8001534|1|1250|0|      |20220521|20220521|0603|2022-06-01 07:03:05
337453|0000000695220578              |20220521|071148|013|676|0|30300086|130010013|130759800|1|20220521|053629|8001996|20220521|072036|8002611|1|1250|0|      |20220521|20220521|0603|2022-06-01 07:03:05
337860|0000000721722566              |20220521|113734|029|675|0|30300077|130010006|130752017|1|20220521|112131|8001708|20220521|120857|8002995|1|1250|0|      |20220521|20220521|0603|2022-06-01 07:03:05
337862|0000000900629909              |20220521|123342|004|679|0|30300063|130010001|130759410|1|20220521|120713|8002634|20220521|124134|8001660|1|1250|0|      |20220521|20220521|0603|2022-06-01 07:03:05
337864|0000000777258676              |20220521|123524|013|674|0|30300100|130010002|130752382|1|20220521|121437|8001929|20220521|125542|8001083|1|1250|0|      |20220521|20220521|0603|2022-06-01 07:03:05
337866|0000000739040727              |20220521|113223|011|679|0|30300063|130010001|130759748|1|20220521|110523|8002634|20220521|114719|8002981|1|1250|0|      |20220521|20220521|0603|2022-06-01 07:03:05
337868|0000000722974581              |20220521|105622|003|679|0|30300063|130010001|130759410|1|20220521|100627|8001248|20220521|110400|8002357|1|1250|0|      |20220521|20220521|0603|2022-06-01 07:03:05
337870|0000000675989507              |20220521|190331|023|675|0|30300101|130010002|130752304|1|20220521|175038|8001078|20220521|191906|8007245|1|1250|0|      |20220521|20220521|0603|2022-06-01 07:03:05
337872|0000000776303243              |20220521|204235|013|675|0|30300101|130010002|130752327|1|20220521|203253|8001078|20220521|210109|8001763|1|1250|0|      |20220521|20220521|0603|2022-06-01 07:03:05
337874|0000000655724222              |20220521|165510|012|675|0|30300081|130010011|130759514|1|20220521|163307|8002168|20220521|172218|8002452|1|1250|0|      |20220521|20220521|0603|2022-06-01 07:03:05
337876|0000000777760337              |20220521|214211|012|675|0|30300062|130010008|130752129|1|20220521|210352|8002453|20220521|220113|8001318|1|1250|0|      |20220521|20220521|0603|2022-06-01 07:03:05
337878|0000000773043408              |20220521|220640|015|675|0|30300075|130010005|130759211|1|20220521|213157|8001421|20220521|221228|8002286|1|1250|0|      |20220521|20220521|0603|2022-06-01 07:03:05
337880|0000000643045360              |20220521|122959|015|675|0|30300075|130010005|130759226|1|20220521|105851|8001381|20220521|124048|8001417|1|1250|0|      |20220521|20220521|0603|2022-06-01 07:03:05
337882|0000000715983956              |20220521|132611|005|675|0|30300075|130010005|130759208|1|20220521|120243|8002825|20220521|133020|8002296|1|1250|0|      |20220521|20220521|0603|2022-06-01 07:03:05
337884|0000000751744509              |20220521|134013|012|675|0|30300075|130010005|130759208|1|20220521|120243|8001348|20220521|140854|8002615|1|1250|0|      |20220521|20220521|0603|2022-06-01 07:03:05
337886|0000000903834252              |20220521|112356|013|675|0|30300101|130010002|130752320|1|20220521|110204|8001029|20220521|114307|8002831|1|1250|0|      |20220521|20220521|0603|2022-06-01 07:03:05
338293|0000000903057531              |20220521|172227|001|676|0|30300041|130010012|130753313|1|20220521|163959|8002969|20220521|173513|8001651|1|1250|0|      |20220521|20220521|0603|2022-06-01 07:03:05
338295|0000000769560328              |20220521|172338|001|675|0|30300050|130010007|130759368|1|20220521|164909|8002402|20220521|174747|8002204|1|1250|0|      |20220521|20220521|0603|2022-06-01 07:03:05
338297|0000000703817670              |20220521|170011|017|675|0|30300058|130010004|130752293|1|20220521|151858|8002905|20220521|172003|8001875|1|1250|0|      |20220521|20220521|0603|2022-06-01 07:03:05
338299|0000000771511069              |20220521|174246|002|681|0|30300042|130010009|130759151|1|20220521|172124|8002402|20220521|175402|8001054|1|1250|0|      |20220521|20220521|0603|2022-06-01 07:03:05
338301|0000000757317532              |20220521|181224|001|675|0|30300091|130010013|130759811|1|20220521|172011|8002905|20220521|182120|8001419|1|1250|0|      |20220521|20220521|0603|2022-06-01 07:03:05
338303|0000000904789466              |20220521|222645|006|675|0|30300081|130010011|130759571|1|20220521|215041|8002969|20220521|223034|8002452|1|1250|0|      |20220521|20220521|0603|2022-06-01 07:03:05
338305|0000000727299594              |20220521|114438|001|675|0|30300058|130010004|130752252|1|20220521|112420|8002905|20220521|120059|8002605|1|1250|0|      |20220521|20220521|0603|2022-06-01 07:03:05
338307|0000000644861495              |20220521|122055|001|676|0|30300037|130010006|130752027|1|20220521|115605|8002402|20220521|122710|8002720|1|1250|0|      |20220521|20220521|0603|2022-06-01 07:03:05
335782|0000000785810377              |20220521|092712|001|676|2|30300038|130010014|130753214|1|20220521|060613|8002974|20220521|092936|8002922|1|0|0|      |20220521|20220521|0603|2022-06-01 07:03:05
335784|0000000698992079              |20220521|113006|003|676|1|30300038|130010014|130753524|1|20220521|102258|8002228|20220521|113152|8002778|1|0|0|      |20220521|20220521|0603|2022-06-01 07:03:05
335786|0000000789885097              |20220521|144018|001|676|1|30300088|130010002|130752372|1|20220521|140457|8002412|20220521|144728|8002741|1|0|0|      |20220521|20220521|0603|2022-06-01 07:03:05
335788|0000000789079213              |20220521|160557|001|675|1|30300046|130010002|130752379|1|20220521|152733|8002411|20220521|161908|8070017|1|0|0|      |20220521|20220521|0603|2022-06-01 07:03:05
335790|0000000788117612              |20220521|191030|010|676|1|30300040|130010013|130759804|1|20220521|180116|8001097|20220521|191655|8001401|1|0|0|      |20220521|20220521|0603|2022-06-01 07:03:05
335792|0000000683381260              |20220521|122725|007|832|0|30300128|130710001|130759932|1|20220521|113942|3053005|20220521|123423|3056003|1|1700|0|      |20220521|20220521|0603|2022-06-01 07:03:05
335794|0000000696390487              |20220521|124659|003|678|1|30300074|130010014|130753237|1|20220521|053130|8002823|20220521|131124|8005037|1|0|450|      |20220521|20220521|0603|2022-06-01 07:03:05
335796|0000000699645368              |20220521|161155|008|675|0|30300055|130010014|130753208|4|20220521|152907|8002345|20220521|165120|8005646|1|750|0|      |20220521|20220521|0603|2022-06-01 07:03:05
335798|0000000788117612              |20220521|183719|010|676|0|30300093|130010004|130752219|1|20220521|181459|8005511|20220521|190948|8001097|1|1250|0|      |20220521|20220521|0603|2022-06-01 07:03:05
335800|0000000186555045              |20220521|175631|003|676|0|30300071|130010009|130759174|1|20220521|170931|8001587|20220521|181120|8001464|1|1250|0|      |20220521|20220521|0603|2022-06-01 07:03:05
335802|0000001110467083              |20220521|120018|028|675|0|30300065|130010004|130752229|4|20220521|114912|8001835|20220521|121003|8005874|1|750|0|      |20220521|20220521|0603|2022-06-01 07:03:05
335804|0000000789125326              |20220521|123759|031|675|0|30300055|130010014|130753261|4|20220521|122709|8001846|20220521|131715|8002627|1|750|0|      |20220521|20220521|0603|2022-06-01 07:03:05
335806|0000000788912122              |20220521|140307|024|676|0|30300040|130010007|130759385|4|20220521|133909|8002757|20220521|140734|8002760|1|750|0|      |20220521|20220521|0603|2022-06-01 07:03:05
336213|0000000400116899              |20220521|104458|014|675|0|30300108|130010007|130759303|1|20220521|100741|8007324|20220521|105822|8002412|1|1250|0|      |20220521|20220521|0603|2022-06-01 07:03:05
336215|0000000486660943              |20220521|080923|004|675|0|30300047|130010001|130759433|1|20220521|074109|8070012|20220521|082419|8070027|1|1250|0|      |20220521|20220521|0603|2022-06-01 07:03:05
336217|0000000400116899              |20220521|113947|014|678|2|30300074|130010014|130753216|1|20220521|104806|8002695|20220521|120046|8001097|1|0|0|      |20220521|20220521|0603|2022-06-01 07:03:05
336219|0000000793992631              |20220521|191513|001|832|0|30300128|130710001|130759922|1|20220521|061032|9007055|20220521|193600|8007080|1|1700|300|      |20220521|20220521|0603|2022-06-01 07:03:05
336221|0000000782623695              |20220521|172154|003|832|0|30300128|130710001|130759913|1|20220521|055721|9007055|20220521|175610|8007296|1|1700|300|      |20220521|20220521|0603|2022-06-01 07:03:05
336224|0000000785845118              |20220521|211451|019|675|0|30300091|130010013|130759877|1|20220521|194317|8001463|20220521|212536|8007269|3|2850|0|      |20220521|20220521|0603|2022-06-01 07:03:05
336226|0000000694089779              |20220521|070319|002|676|0|30300089|130010011|130759577|1|20220521|062443|8002537|20220521|074240|8001242|1|1250|0|      |20220521|20220521|0603|2022-06-01 07:03:05
336228|0000000796532725              |20220521|095139|025|679|0|30300063|130010001|130759773|1|20220521|093924|8005122|20220521|110122|8001533|1|1200|150|      |20220521|20220521|0603|2022-06-01 07:03:05
336230|0000000486037672              |20220521|145537|025|676|0|30300068|130010006|130752028|1|20220521|101130|8002942|20220521|150245|8001097|2|1600|0|      |20220521|20220521|0603|2022-06-01 07:03:05
336232|0000000694466402              |20220521|181249|003|832|1|30300128|130710001|130759914|1|20220521|055729|8007294|20220521|184331|8001420|1|300|300|      |20220521|20220521|0603|2022-06-01 07:03:05
336234|0000000698165206              |20220521|200159|019|676|0|30300037|130010006|130752002|1|20220521|191527|8002075|20220521|201604|8005921|1|1250|0|      |20220521|20220521|0603|2022-06-01 07:03:05
336236|0000000685919040              |20220521|165912|018|832|1|30300128|130710001|130759929|1|20220521|052135|3056002|20220521|170457|3053004|1|300|0|      |20220521|20220521|0603|2022-06-01 07:03:05
336238|0000000483152365              |20220521|111957|002|679|0|30300063|130010001|130759748|1|20220521|110523|8001992|20220521|121910|8001006|1|1250|0|      |20220521|20220521|0603|2022-06-01 07:03:05
336645|0000000693323821              |20220521|092336|006|676|0|30300037|130010006|130752024|1|20220521|083422|8005518|20220521|093019|8002721|1|1250|0|      |20220521|20220521|0603|2022-06-01 07:03:05
336647|0000000693050581              |20220521|073644|008|676|0|30300037|130010006|130752024|1|20220521|070603|8005517|20220521|075520|8002315|1|1250|0|      |20220521|20220521|0603|2022-06-01 07:03:05
336649|0000000699936091              |20220521|091432|011|676|0|30300037|130010006|130759016|1|20220521|053731|8001036|20220521|092458|8002608|1|1250|0|      |20220521|20220521|0603|2022-06-01 07:03:05
336651|0000000400186885              |20220521|095930|029|674|0|30300002|130010007|130759306|1|20220521|091815|8001430|20220521|101112|8001096|1|1250|0|      |20220521|20220521|0603|2022-06-01 07:03:05
336653|0000000694998666              |20220521|113541|022|676|0|30300037|130010006|130752014|1|20220521|104010|8002906|20220521|114017|8002310|1|1250|0|      |20220521|20220521|0603|2022-06-01 07:03:05
336655|0000000794583622              |20220521|115529|019|674|0|30300002|130010007|130759307|1|20220521|111007|8002611|20220521|120557|8002259|1|1250|0|      |20220521|20220521|0603|2022-06-01 07:03:05
336657|0000000400119413              |20220521|152031|002|676|0|30300087|130010008|130752155|1|20220521|141157|8002276|20220521|153943|8002551|1|1250|0|      |20220521|20220521|0603|2022-06-01 07:03:05
336659|0000000698533398              |20220521|163621|026|674|0|30300002|130010007|130759319|1|20220521|155320|8001097|20220521|164624|8001744|1|1250|0|      |20220521|20220521|0603|2022-06-01 07:03:05
336661|0000000400168552              |20220521|164035|004|676|0|30300051|130010008|130752142|1|20220521|162935|8001291|20220521|170405|8002544|1|1250|0|      |20220521|20220521|0603|2022-06-01 07:03:05
336663|0000000400168552              |20220521|171343|004|676|1|30300087|130010008|130752158|1|20220521|165815|8002118|20220521|172337|8001736|1|0|0|      |20220521|20220521|0603|2022-06-01 07:03:05
336665|0000000689680037              |20220521|174113|012|676|0|30300051|130010008|130752124|1|20220521|172908|8001992|20220521|175101|8001415|1|1250|0|      |20220521|20220521|0603|2022-06-01 07:03:05
333707|0000000777783711              |20220521|105206|005|675|0|30300055|130010014|130753252|1|20220521|094457|8005646|20220521|105818|8002685|1|1250|0|      |20220521|20220521|0603|2022-06-01 07:03:06
333709|0000000910688585              |20220521|183741|001|676|0|30300088|130010002|130752374|1|20220521|181234|8001585|20220521|185005|8002875|1|1250|0|      |20220521|20220521|0603|2022-06-01 07:03:06
333711|0000000760462579              |20220521|185503|001|676|0|30300041|130010012|130753370|1|20220521|182419|8002703|20220521|190713|8001077|1|1250|0|      |20220521|20220521|0603|2022-06-01 07:03:06
333713|0000000755774473              |20220521|200610|001|675|0|30300127|130010004|130752245|1|20220521|190843|8001289|20220521|200810|8001081|1|1250|0|      |20220521|20220521|0603|2022-06-01 07:03:06
333715|0000000648891253              |20220521|203832|001|676|0|30300089|130010011|130759531|1|20220521|131553|8002703|20220521|204534|8002159|1|1250|0|      |20220521|20220521|0603|2022-06-01 07:03:06
333717|0000000702354479              |20220521|165953|008|675|0|30300050|130010007|130759350|1|20220521|161148|8002399|20220521|172612|8002026|1|1250|0|      |20220521|20220521|0603|2022-06-01 07:03:06
333719|0000000649640399              |20220521|173458|018|676|0|30300041|130010012|130753324|1|20220521|152213|8002703|20220521|174157|8002159|1|1250|0|      |20220521|20220521|0603|2022-06-01 07:03:06
333721|0000000730066067              |20220521|180652|025|676|0|30300089|130010011|130759512|1|20220521|145752|8002703|20220521|181020|8002969|1|1250|0|      |20220521|20220521|0603|2022-06-01 07:03:06
333723|0000000921242199              |20220521|184133|001|676|0|30300041|130010012|130753334|1|20220521|162935|8002703|20220521|185327|8001077|1|1250|0|      |20220521|20220521|0603|2022-06-01 07:03:06
333725|0000000904246003              |20220521|182002|001|676|0|30300051|130010008|130752112|1|20220521|180514|8001289|20220521|190109|8002437|1|1250|0|      |20220521|20220521|0603|2022-06-01 07:03:06
333727|0000000719711648              |20220521|205355|010|676|0|30300072|130010001|130759714|1|20220521|204548|8001234|20220521|212028|8001921|1|1250|0|      |20220521|20220521|0603|2022-06-01 07:03:06
334107|0000000906796860              |20220521|154946|001|676|0|30300072|130010001|130759434|1|20220521|150422|8002100|20220521|161040|8001058|1|1250|0|      |20220521|20220521|0603|2022-06-01 07:03:06
334109|0000000776583619              |20220521|071314|001|674|0|30300100|130010002|130752382|1|20220521|065633|8002547|20220521|072142|8001934|1|1250|0|      |20220521|20220521|0603|2022-06-01 07:03:06
334111|0000000675810626              |20220521|081913|005|675|0|30300081|130010011|130759515|1|20220521|075112|8002100|20220521|083708|8002452|1|1250|0|      |20220521|20220521|0603|2022-06-01 07:03:06
334113|0000000904756386              |20220521|100520|001|675|0|30300047|130010001|130759436|1|20220521|092451|8002547|20220521|102047|8001828|1|1250|0|      |20220521|20220521|0603|2022-06-01 07:03:06
334115|0000000746586934              |20220521|101838|001|676|0|30300089|130010011|130759527|1|20220521|081501|9005504|20220521|110115|8002206|1|1250|0|      |20220521|20220521|0603|2022-06-01 07:03:06
334117|0000000908775737              |20220521|185549|007|676|0|30300051|130010008|130752128|1|20220521|182736|8001525|20220521|191757|8002603|1|1250|0|      |20220521|20220521|0603|2022-06-01 07:03:06
334119|0000000768993361              |20220521|182943|002|675|0|30300058|130010004|130752247|1|20220521|130223|8002630|20220521|190654|8002706|1|1250|0|      |20220521|20220521|0603|2022-06-01 07:03:06
334121|0000000700667572              |20220521|184718|021|675|0|30300067|130010001|130759742|1|20220521|175423|8002630|20220521|191108|8002964|1|1250|0|      |20220521|20220521|0603|2022-06-01 07:03:06
334123|0000000703037300              |20220521|195352|001|675|0|30300067|130010001|130759473|1|20220521|190742|8002630|20220521|201511|8001925|1|1250|0|      |20220521|20220521|0603|2022-06-01 07:03:06
334125|0000000752593122              |20220521|195534|001|676|0|30300041|130010012|130753303|1|20220521|190906|8001077|20220521|201400|8002961|1|1250|0|      |20220521|20220521|0603|2022-06-01 07:03:06
334127|0000000725006643              |20220521|165642|021|676|0|30300041|130010012|130753312|1|20220521|144136|8001077|20220521|170541|8002850|1|1250|0|      |20220521|20220521|0603|2022-06-01 07:03:06
334129|0000000725152649              |20220521|163621|021|681|0|30300042|130010009|130759165|1|20220521|162638|8002630|20220521|170350|8001091|1|1250|0|      |20220521|20220521|0603|2022-06-01 07:03:06
334131|0000000777653059              |20220521|173117|002|676|0|30300072|130010001|130759714|1|20220521|171831|8002486|20220521|173612|8002488|1|1250|0|      |20220521|20220521|0603|2022-06-01 07:03:06
334133|0000000730692761              |20220521|172852|002|675|0|30300046|130010002|130752342|1|20220521|170426|8001525|20220521|180303|8002997|1|1250|0|      |20220521|20220521|0603|2022-06-01 07:03:06
334540|0000000400110611              |20220521|110455|008|675|0|30300061|130010015|130759643|1|20220521|103840|8001624|20220521|112928|8005646|1|1250|0|      |20220521|20220521|0603|2022-06-01 07:03:06
334542|0000000486735073              |20220521|153625|030|675|0|30300061|130010015|130759646|1|20220521|152344|8002115|20220521|155136|8001359|1|1250|0|      |20220521|20220521|0603|2022-06-01 07:03:06
334544|0000000400103649              |20220521|155929|021|680|0|30300018|130010004|130752236|1|20220521|145927|8002022|20220521|163448|8001489|1|1250|0|      |20220521|20220521|0603|2022-06-01 07:03:06
334546|0000000684286418              |20220521|182156|008|674|0|30300100|130010002|130752508|1|20220521|181153|8001412|20220521|185636|8001158|1|1250|0|      |20220521|20220521|0603|2022-06-01 07:03:06
334548|0000000696909018              |20220521|191438|007|677|1|30300129|130010009|130759143|1|20220521|125636|8002735|20220521|192905|8007339|1|0|0|      |20220521|20220521|0603|2022-06-01 07:03:06
334550|0000000699615170              |20220521|200042|015|675|0|30300080|130010009|130759154|1|20220521|194105|8001097|20220521|202513|8003011|1|1250|0|      |20220521|20220521|0603|2022-06-01 07:03:06
334552|0000000785672349              |20220521|203459|006|675|0|30300149|130810001|130753619|1|20220521|200401|8001182|20220521|204703|8002378|1|1250|0|      |20220521|20220521|0603|2022-06-01 07:03:06
334554|0000000400173762              |20220521|162638|029|675|1|30300076|130010014|130753615|1|20220521|160119|8001412|20220521|171553|8001259|1|0|0|      |20220521|20220521|0603|2022-06-01 07:03:06
334556|0000000400205689              |20220521|173405|008|674|1|30300100|130010002|130752344|1|20220521|173003|8001412|20220521|174639|8001929|1|0|0|      |20220521|20220521|0603|2022-06-01 07:03:06
334558|0000000400167658              |20220521|174650|001|675|0|30300067|130010001|130759707|1|20220521|170328|8001412|20220521|183644|8001073|1|1250|0|      |20220521|20220521|0603|2022-06-01 07:03:06
334560|0000000791267140              |20220521|214302|004|832|0|30300128|130710001|130759916|1|20220521|052716|8007055|20220521|220255|3056002|1|1700|300|      |20220521|20220521|0603|2022-06-01 07:03:06
334562|0000000695103092              |20220521|130725|018|680|1|30300118|130010011|130759524|1|20220521|125030|8001810|20220521|131950|8002656|1|0|0|      |20220521|20220521|0603|2022-06-01 07:03:06
339003|0000000726718148              |20220521|185912|015|673|0|30300003|130510004|130751015|1|20220521|062836|8005967|~       |      |~      |1|1100|0|      |20220521|~       |0603|2022-06-01 07:03:06
339005|0000000906510424              |20220521|212946|001|676|0|30300093|130010004|130752272|2|20220521|125955|8001647|~       |      |~      |1|350|0|      |20220521|~       |0603|2022-06-01 07:03:06
339007|0000000724606951              |20220521|121720|001|676|0|30300039|130010005|130759214|1|20220521|115236|8002494|~       |      |~      |3|1950|0|      |20220521|~       |0603|2022-06-01 07:03:06
339009|0000000906634017              |20220521|123736|001|673|0|30300004|130510004|130751104|1|20220521|083431|8002399|~       |      |~      |1|1100|0|      |20220521|~       |0603|2022-06-01 07:03:06
339011|0000000728300346              |20220521|130959|001|681|0|30300042|130010009|130759121|1|20220521|121338|8002942|~       |      |~      |3|1950|0|      |20220521|~       |0603|2022-06-01 07:03:06
339013|0000000772270870              |20220521|133049|001|673|0|30300001|130510004|130751013|1|20220521|065614|8002537|~       |      |~      |2|1400|0|      |20220521|~       |0603|2022-06-01 07:03:06
339015|0000000761168409              |20220521|133126|002|674|0|30300002|130010007|130759306|1|20220521|130522|8002133|~       |      |~      |1|1250|0|      |20220521|~       |0603|2022-06-01 07:03:06
339017|0000000900775035              |20220521|133919|001|675|0|30300047|130010001|130759436|1|20220521|133742|8001393|~       |      |~      |3|1950|0|      |20220521|~       |0603|2022-06-01 07:03:06
339019|0000000725272419              |20220521|141904|004|675|0|30300084|130010001|130759439|1|20220521|140558|8001835|~       |      |~      |1|1250|0|      |20220521|~       |0603|2022-06-01 07:03:06
339021|0000000903727814              |20220521|112421|005|679|0|30300063|130010001|130759406|1|20220521|095611|8005122|~       |      |~      |1|1200|0|      |20220521|~       |0603|2022-06-01 07:03:06
339023|0000000726478677              |20220521|115630|022|675|0|30300082|130010001|130759471|1|20220521|112626|8002278|~       |      |~      |3|3750|0|      |20220521|~       |0603|2022-06-01 07:03:06
339025|0000000908057384              |20220521|150739|001|832|0|30300128|130710001|130759920|4|20220521|052743|9007055|~       |      |~      |1|1100|0|      |20220521|~       |0603|2022-06-01 07:03:06
339481|0000000743217111              |20220521|083710|029|676|1|30300037|130010006|130752049|1|20220521|060530|8002559|~       |      |~      |1|0|0|      |20220521|~       |0603|2022-06-01 07:03:06
339483|0000000761145414              |20220521|100818|025|676|0|30300073|130010009|130759141|1|20220521|093320|8001005|~       |      |~      |1|1250|0|      |20220521|~       |0603|2022-06-01 07:03:06
339485|0000000903827367              |20220521|200031|002|676|0|30300089|130010011|130759574|1|20220521|185152|8007549|~       |      |~      |1|1250|0|      |20220521|~       |0603|2022-06-01 07:03:06
339487|0000000728711637              |20220521|205235|013|675|0|30300062|130010008|130752162|1|20220521|202323|8002279|~       |      |~      |1|1250|0|      |20220521|~       |0603|2022-06-01 07:03:06
339489|0000000776482886              |20220521|172949|002|676|0|30300089|130010011|130759518|1|20220521|152920|8007549|~       |      |~      |1|1250|0|      |20220521|~       |0603|2022-06-01 07:03:06
339491|0000000736397189              |20220521|175218|010|676|1|30300069|130010001|130759704|1|20220521|171117|8002279|~       |      |~      |1|0|0|      |20220521|~       |0603|2022-06-01 07:03:06
339493|0000000772701599              |20220521|180201|002|675|0|30300082|130010001|130759471|1|20220521|165705|8002279|~       |      |~      |1|1250|0|      |20220521|~       |0603|2022-06-01 07:03:06
339495|0000000618739436              |20220521|224019|002|676|0|30300089|130010011|130759521|1|20220521|214436|8007549|~       |      |~      |1|1250|0|      |20220521|~       |0603|2022-06-01 07:03:06
339497|0000000713588457              |20220521|203920|002|676|0|30300089|130010011|130759519|1|20220521|135402|8007549|~       |      |~      |1|1250|0|      |20220521|~       |0603|2022-06-01 07:03:06
339499|0000000755232752              |20220521|225648|003|675|0|30300050|130010007|130759368|1|20220521|222832|8001193|20220521|225847|8002960|1|1250|0|      |20220521|20220521|0603|2022-06-01 07:03:06
339501|0000000904282604              |20220521|203935|003|675|0|30300082|130010001|130759772|1|20220521|201803|8001587|20220521|205006|8005646|1|1250|0|      |20220521|20220521|0603|2022-06-01 07:03:06
339503|0000000715860811              |20220521|210905|003|675|0|30300082|130010001|130759770|1|20220521|201507|8001949|20220521|212553|8005563|1|1250|0|      |20220521|20220521|0603|2022-06-01 07:03:06
339505|0000000778966283              |20220521|202242|025|681|0|30300042|130010009|130759136|1|20220521|143559|8002757|20220521|203933|8001413|1|1250|0|      |20220521|20220521|0603|2022-06-01 07:03:06
339507|0000000642483751              |20220521|220458|002|675|0|30300062|130010008|130752721|1|20220521|214632|8002757|20220521|221518|8002388|1|1250|0|      |20220521|20220521|0603|2022-06-01 07:03:06
339509|0000000655959905              |20220521|145122|007|675|0|30300101|130010002|130752327|1|20220521|140404|8002814|20220521|145251|8002559|1|1250|0|      |20220521|20220521|0603|2022-06-01 07:03:06
339916|0000000757572808              |20220521|074845|001|676|0|30300070|130010004|130752205|1|20220521|074505|8003101|20220521|075502|8002753|1|1250|0|      |20220521|20220521|0603|2022-06-01 07:03:06
339918|0000000714172313              |20220521|095813|021|675|0|30300059|130010004|130752270|1|20220521|091357|8002453|20220521|100309|8001919|1|1250|0|      |20220521|20220521|0603|2022-06-01 07:03:06
339920|0000000905401065              |20220521|074039|001|675|0|30300096|130010006|130752063|1|20220521|070410|8001312|20220521|075244|8001452|1|1250|0|      |20220521|20220521|0603|2022-06-01 07:03:06
339922|0000000743291524              |20220521|103410|001|676|0|30300070|130010004|130752605|1|20220521|102750|8003101|20220521|104605|8007183|1|1250|0|      |20220521|20220521|0603|2022-06-01 07:03:06
339924|0000000661916160              |20220521|191137|008|676|0|30300071|130010009|130759106|1|20220521|134844|8001587|20220521|192840|8002252|1|1250|0|      |20220521|20220521|0603|2022-06-01 07:03:06
339926|0000000727370340              |20220521|201141|029|675|0|30300062|130010008|130752703|1|20220521|155600|8001587|20220521|201951|8001939|1|1250|0|      |20220521|20220521|0603|2022-06-01 07:03:06
339928|0000000716676840              |20220521|162210|007|676|0|30300036|130010012|130753311|1|20220521|152846|8001587|20220521|163522|8002603|1|1250|0|      |20220521|20220521|0603|2022-06-01 07:03:06
339930|0000000743587357              |20220521|165308|003|675|0|30300096|130010006|130752063|1|20220521|161914|8001312|20220521|165534|8002203|1|1250|0|      |20220521|20220521|0603|2022-06-01 07:03:06
339932|0000000723096852              |20220521|173203|004|675|0|30300058|130010004|130752293|1|20220521|151858|8001929|20220521|174811|8001754|1|1250|0|      |20220521|20220521|0603|2022-06-01 07:03:06
339934|0000000708832613              |20220521|172621|003|676|0|30300054|130010007|130759387|1|20220521|165336|8001312|20220521|174711|8002161|1|1250|0|      |20220521|20220521|0603|2022-06-01 07:03:06
336872|0000000693655096              |20220521|182121|026|676|0|30300088|130010002|130752364|1|20220521|171440|8002348|20220521|183546|8002410|1|1250|0|      |20220521|20220521|0603|2022-06-01 07:03:06
336874|0000000699870776              |20220521|222320|030|675|0|30300082|130010001|130759739|1|20220521|215023|8001934|20220521|223036|8002280|1|1250|0|      |20220521|20220521|0603|2022-06-01 07:03:06
336876|0000001110166968              |20220521|204733|023|675|0|30300082|130010001|130759728|1|20220521|204515|8005950|20220521|211851|8001929|1|1250|0|      |20220521|20220521|0603|2022-06-01 07:03:06
336878|0000000693031664              |20220521|212710|024|675|0|30300077|130010006|130752013|1|20220521|210846|8001528|20220521|214726|8002579|1|1250|0|      |20220521|20220521|0603|2022-06-01 07:03:06
336880|0000001110153037              |20220521|122603|013|676|0|30300088|130010002|130752372|1|20220521|113632|8002348|20220521|123551|8002410|1|1250|0|      |20220521|20220521|0603|2022-06-01 07:03:06
336882|0000000400205878              |20220521|131444|013|676|0|30300071|130010009|130759174|1|20220521|115455|8002814|20220521|133110|8002084|1|1250|0|      |20220521|20220521|0603|2022-06-01 07:03:06
336884|0000000487187148              |20220521|140318|031|675|3|30300082|130010001|130759703|1|20220521|134507|8001048|20220521|140719|8001397|1|0|0|      |20220521|20220521|0603|2022-06-01 07:03:06
336886|0000000689683881              |20220521|093417|015|676|1|30300069|130010001|130759715|1|20220521|092215|8001096|20220521|094444|8002636|1|0|0|      |20220521|20220521|0603|2022-06-01 07:03:06
337293|0000000692865335              |20220521|173629|028|675|2|30300064|130010015|130759637|1|20220521|170324|8001412|20220521|175041|8001626|1|0|0|      |20220521|20220521|0603|2022-06-01 07:03:06
337295|0000000789453660              |20220521|181206|006|676|0|30300071|130010009|130759176|1|20220521|173719|8001587|20220521|183557|8002743|1|1250|0|      |20220521|20220521|0603|2022-06-01 07:03:06
337297|0000000785786863              |20220521|185356|029|676|0|30300090|130010005|130759223|1|20220521|151659|8002075|20220521|190138|8002935|1|1250|0|      |20220521|20220521|0603|2022-06-01 07:03:06
337299|0000000689110454              |20220521|205658|003|676|0|30300090|130010005|130759218|1|20220521|192321|8002997|20220521|210742|8001652|1|1250|0|      |20220521|20220521|0603|2022-06-01 07:03:06
337301|0000000689630536              |20220521|214045|023|676|0|30300090|130010005|130759215|1|20220521|130831|8002759|20220521|215139|8002618|1|1250|0|      |20220521|20220521|0603|2022-06-01 07:03:06
337303|0000001110404738              |20220521|115841|006|676|0|30300090|130010005|130759216|1|20220521|100235|8001078|20220521|123245|8001744|1|1250|0|      |20220521|20220521|0603|2022-06-01 07:03:06
337305|0000000699196817              |20220521|122451|017|676|0|30300071|130010009|130759150|1|20220521|120635|8001792|20220521|124117|8001991|1|1250|0|      |20220521|20220521|0603|2022-06-01 07:03:06
337307|0000000692594350              |20220521|135602|031|676|0|30300090|130010005|130759201|1|20220521|114324|8002338|20220521|140123|8003006|1|1250|0|      |20220521|20220521|0603|2022-06-01 07:03:06
337309|0000000695181154              |20220521|074212|001|675|1|30300081|130010011|130759570|1|20220521|055501|8002235|20220521|074835|8002615|1|0|0|      |20220521|20220521|0603|2022-06-01 07:03:06
337311|0000000789198404              |20220521|073440|030|675|1|30300081|130010011|130759506|1|20220521|065408|8002452|20220521|074736|8001784|1|0|0|      |20220521|20220521|0603|2022-06-01 07:03:06
337313|0000000785160502              |20220521|055952|005|676|0|30300088|130010002|130752380|1|20220521|053935|8002963|20220521|060808|8002721|1|1250|0|      |20220521|20220521|0603|2022-06-01 07:03:06
337315|0000000789185147              |20220521|073008|025|675|0|30300064|130010015|130759624|1|20220521|072259|8001835|20220521|073303|8001358|2|2500|0|      |20220521|20220521|0603|2022-06-01 07:03:06
337317|0000000400158225              |20220521|095330|031|676|0|30300088|130010002|130752370|1|20220521|083054|8001167|20220521|101444|8070008|1|1250|0|      |20220521|20220521|0603|2022-06-01 07:03:06
337319|0000000791379748              |20220521|055029|030|675|0|30300049|130010004|130752233|1|20220521|053900|8002433|20220521|061925|8001388|1|1250|0|      |20220521|20220521|0603|2022-06-01 07:03:06
337726|0000000749508049              |20220521|132926|012|675|0|30300082|130010001|130759709|1|20220521|122357|8001572|20220521|133817|8001394|1|1250|0|      |20220521|20220521|0603|2022-06-01 07:03:06
337728|0000000647905678              |20220521|142819|014|674|0|30300104|130010002|130752300|1|20220521|133048|8001078|20220521|143211|8001056|1|1250|0|      |20220521|20220521|0603|2022-06-01 07:03:06
337730|0000000758783451              |20220521|080459|010|675|0|30300046|130010002|130752353|1|20220521|075454|8001289|20220521|081118|8001081|1|1250|0|      |20220521|20220521|0603|2022-06-01 07:03:06
337732|0000000763411115              |20220521|093803|027|675|0|30300046|130010002|130752366|1|20220521|073025|8005928|20220521|094137|8002411|1|1250|0|      |20220521|20220521|0603|2022-06-01 07:03:06
337734|0000000741239645              |20220521|074617|012|675|0|30300056|130010012|130753317|1|20220521|052552|8001491|20220521|080101|8001060|1|1250|0|      |20220521|20220521|0603|2022-06-01 07:03:06
337736|0000000903906493              |20220521|092112|013|675|0|30300056|130010012|130753317|1|20220521|090936|8070030|20220521|093959|8001169|1|1250|0|      |20220521|20220521|0603|2022-06-01 07:03:06
337738|0000000903843049              |20220521|194732|025|675|0|30300076|130010014|130753511|1|20220521|190911|8001929|20220521|195720|8001869|1|1250|0|      |20220521|20220521|0603|2022-06-01 07:03:06
337740|0000000903960458              |20220521|191205|023|675|0|30300050|130010007|130759368|1|20220521|185048|8007549|20220521|192614|8001193|1|1250|0|      |20220521|20220521|0603|2022-06-01 07:03:06
337742|0000000760971718              |20220521|163505|018|675|0|30300078|130010008|130752164|1|20220521|161227|8002620|20220521|165711|8007277|1|1250|0|      |20220521|20220521|0603|2022-06-01 07:03:06
337744|0000000904541531              |20220521|174415|016|675|0|30300096|130010006|130752063|1|20220521|172643|8001232|20220521|175239|8002202|1|1250|0|      |20220521|20220521|0603|2022-06-01 07:03:06
337746|0000000720992338              |20220521|223655|007|675|0|30300059|130010004|130752270|1|20220521|221148|8001540|20220521|224653|8001380|1|1250|0|      |20220521|20220521|0603|2022-06-01 07:03:06
337748|0000000725998916              |20220521|212855|026|675|0|30300083|130010001|130759722|1|20220521|193041|8002572|20220521|214412|8001539|1|1250|0|      |20220521|20220521|0603|2022-06-01 07:03:06
337750|0000000742639086              |20220521|133402|028|675|0|30300084|130010001|130759785|1|20220521|122241|8001247|20220521|134059|8001363|1|1250|0|      |20220521|20220521|0603|2022-06-01 07:03:06
338157|0000000777759254              |20220521|201754|010|675|0|30300064|130010015|130759638|1|20220521|200425|8001358|20220521|203756|8002454|1|1250|0|      |20220521|20220521|0603|2022-06-01 07:03:06
338159|0000000760603971              |20220521|173905|019|675|0|30300064|130010015|130759670|1|20220521|162344|8001625|20220521|175316|8001414|1|1250|0|      |20220521|20220521|0603|2022-06-01 07:03:06
303393|0000000773913519              |20220521|110342|011|676|0|30300090|130010005|130759260|1|20220521|054449|8001988|20220521|111515|8002721|1|1250|0|      |20220521|20220521|0603|2022-06-01 07:02:43
303395|0000000661302638              |20220521|110349|011|676|0|30300071|130010009|130759135|1|20220521|072026|8001660|20220521|113643|8002453|1|1250|0|      |20220521|20220521|0603|2022-06-01 07:02:43
303397|0000000770239687              |20220521|111705|011|676|0|30300090|130010005|130759207|1|20220521|110952|8001721|20220521|114428|8002453|1|1250|0|      |20220521|20220521|0603|2022-06-01 07:02:43
303399|0000000749246818              |20220521|151258|009|676|0|30300072|130010001|130759714|1|20220521|150739|8001589|20220521|152221|8002453|1|1250|0|      |20220521|20220521|0603|2022-06-01 07:02:43
303998|0000000661555004              |20220521|162917|008|676|1|30300040|130010013|130759834|1|20220521|140115|8002412|20220521|163617|8001192|1|0|0|      |20220521|20220521|0603|2022-06-01 07:02:43
304000|0000000745959180              |20220521|171311|019|675|1|30300045|130010006|130759003|1|20220521|165820|8001731|20220521|174551|8002410|1|0|0|      |20220521|20220521|0603|2022-06-01 07:02:43
304002|0000000713153284              |20220521|174202|013|678|2|30300074|130010014|130753236|1|20220521|161937|8001097|20220521|174522|8001039|1|0|0|      |20220521|20220521|0603|2022-06-01 07:02:43
304004|0000000757975634              |20220521|205007|026|676|1|30300088|130010002|130752380|1|20220521|201702|8002412|20220521|205528|8002741|1|0|0|      |20220521|20220521|0603|2022-06-01 07:02:43
304006|0000000778811553              |20220521|212005|019|676|2|30300041|130010012|130753334|1|20220521|202203|8001097|20220521|212921|8001032|1|0|0|      |20220521|20220521|0603|2022-06-01 07:02:43
304008|0000000768465125              |20220521|212229|031|675|1|30300058|130010004|130752202|1|20220521|205908|8001419|20220521|214500|8001851|1|0|0|      |20220521|20220521|0603|2022-06-01 07:02:43
304010|0000000644959093              |20220521|212656|001|675|1|30300046|130010002|130752351|1|20220521|203955|8002412|20220521|214659|8005576|1|0|0|      |20220521|20220521|0603|2022-06-01 07:02:43
304012|0000000725834866              |20220521|121543|026|675|1|30300101|130010002|130752311|1|20220521|120402|8002108|20220521|122048|8001029|1|0|0|      |20220521|20220521|0603|2022-06-01 07:02:43
304014|0000000906546235              |20220521|124643|005|676|2|30300036|130010012|130753311|1|20220521|120131|8002757|20220521|131548|8002603|1|0|0|      |20220521|20220521|0603|2022-06-01 07:02:43
304016|0000000722400003              |20220521|143248|008|679|3|30300063|130010001|130759487|1|20220521|130815|8001789|20220521|144000|8001363|1|0|0|      |20220521|20220521|0603|2022-06-01 07:02:43
304018|0000000921665027              |20220521|143915|005|676|1|30300093|130010004|130752250|1|20220521|143440|8007003|20220521|151340|8001096|1|0|0|      |20220521|20220521|0603|2022-06-01 07:02:43
304020|0000000770481935              |20220521|144040|005|676|1|30300043|130010015|130759632|1|20220521|142711|8007325|20220521|153447|8002981|1|0|0|      |20220521|20220521|0603|2022-06-01 07:02:43
304022|0000000908526298              |20220521|161420|011|675|0|30300091|130010013|130759877|2|20220521|160718|8002847|20220521|162017|8002128|1|350|0|      |20220521|20220521|0603|2022-06-01 07:02:43
304024|0000000908526298              |20220521|163817|011|676|1|30300088|130010002|130752512|2|20220521|163812|8001753|20220521|164954|8002848|1|0|0|      |20220521|20220521|0603|2022-06-01 07:02:43
297327|0000000726748289              |20220521|222913|008|675|0|30300047|130010001|130759430|1|20220521|221516|8001773|20220521|223127|8003099|1|1250|0|      |20220521|20220521|0603|2022-06-01 07:02:43
297329|0000000663981409              |20220521|225955|030|675|0|30300078|130010008|130752168|1|20220521|222850|8002605|20220521|230407|8001540|1|1250|0|      |20220521|20220521|0603|2022-06-01 07:02:43
297331|0000000764119792              |20220521|213209|026|680|0|30300052|130010006|130752025|1|20220521|195253|8001158|20220521|213510|8001914|1|1250|0|      |20220521|20220521|0603|2022-06-01 07:02:43
297333|0000000771370673              |20220521|220507|025|677|0|30300129|130010009|130759179|1|20220521|213144|8001677|20220521|222718|8002939|1|1250|0|      |20220521|20220521|0603|2022-06-01 07:02:43
297335|0000000752397995              |20220521|115531|008|675|0|30300050|130010007|130759350|1|20220521|112035|8002721|20220521|115922|8002410|1|1250|0|      |20220521|20220521|0603|2022-06-01 07:02:43
297337|0000000743513773              |20220521|121709|018|675|0|30300053|130010002|130752373|1|20220521|115935|8002351|20220521|125222|8001237|1|1250|0|      |20220521|20220521|0603|2022-06-01 07:02:43
297339|0000000751524002              |20220521|132655|023|675|0|30300050|130010007|130759350|1|20220521|124940|8001192|20220521|133907|8002206|1|1250|0|      |20220521|20220521|0603|2022-06-01 07:02:43
297341|0000000718513705              |20220521|113630|020|675|0|30300048|130010006|130752061|1|20220521|104505|8002402|20220521|115300|8002453|1|1250|0|      |20220521|20220521|0603|2022-06-01 07:02:43
297343|0000000725943657              |20220521|153856|002|675|0|30300057|130010001|130759757|1|20220521|152434|8001665|20220521|154808|8002803|1|1250|0|      |20220521|20220521|0603|2022-06-01 07:02:43
297345|0000000745627660              |20220521|151049|029|675|0|30300050|130010007|130759370|1|20220521|142617|8002399|20220521|153112|8002026|1|1250|0|      |20220521|20220521|0603|2022-06-01 07:02:43
297347|0000000646963669              |20220521|161230|003|676|0|30300072|130010001|130759421|1|20220521|143303|8002814|20220521|162412|8001005|1|1250|0|      |20220521|20220521|0603|2022-06-01 07:02:43
297349|0000000743876274              |20220521|155157|007|675|0|30300066|130010015|130759620|1|20220521|153526|8002254|20220521|163508|8002329|1|1250|0|      |20220521|20220521|0603|2022-06-01 07:02:43
297351|0000000903589860              |20220521|160221|009|676|0|30300089|130010011|130759512|1|20220521|145752|8007490|20220521|163558|8001650|1|1250|0|      |20220521|20220521|0603|2022-06-01 07:02:43
297758|0000000775854456              |20220521|212310|004|676|1|30300070|130010004|130752283|1|20220521|145918|8003101|20220521|212927|8001260|1|0|0|      |20220521|20220521|0603|2022-06-01 07:02:43
297760|0000000774115206              |20220521|114527|004|676|1|30300051|130010008|130752103|1|20220521|104527|8002603|20220521|114851|8002629|1|0|0|      |20220521|20220521|0603|2022-06-01 07:02:43
297762|0000000627622152              |20220521|114857|021|676|1|30300041|130010012|130753377|1|20220521|091811|8001651|20220521|121526|9001641|1|0|0|      |20220521|20220521|0603|2022-06-01 07:02:43
297764|0000000903632680              |20220521|133107|011|676|1|30300070|130010004|130752238|1|20220521|114032|8001344|20220521|133453|8001383|1|0|0|      |20220521|20220521|0603|2022-06-01 07:02:43
297766|0000000903892719              |20220521|142831|010|676|2|30300051|130010008|130752106|1|20220521|065647|8001489|20220521|144241|8002733|1|0|0|      |20220521|20220521|0603|2022-06-01 07:02:43
297768|0000000725442036              |20220521|111917|018|676|0|30300051|130010008|130752108|4|20220521|103524|8001492|20220521|114237|8002629|1|750|0|      |20220521|20220521|0603|2022-06-01 07:02:43
301742|0000000741876187              |20220521|161105|019|675|0|30300055|130010014|130753209|1|20220521|154451|8001033|20220521|161901|8002346|1|1250|0|      |20220521|20220521|0603|2022-06-01 07:02:43
301744|0000000905011881              |20220521|071357|024|674|0|30300002|130010007|130759322|1|20220521|070636|8002909|20220521|072736|8002133|1|1250|0|      |20220521|20220521|0603|2022-06-01 07:02:43
301746|0000000704579687              |20220521|084236|002|676|0|30300089|130010011|130759573|1|20220521|074103|8005901|20220521|085042|8002468|1|1250|0|      |20220521|20220521|0603|2022-06-01 07:02:43
301748|0000000725562432              |20220521|064601|023|674|0|30300002|130010007|130759320|1|20220521|063640|8002909|20220521|070042|8002133|1|1250|0|      |20220521|20220521|0603|2022-06-01 07:02:43
301750|0000000732739000              |20220521|095459|004|676|0|30300090|130010005|130759266|1|20220521|054644|8002538|20220521|095949|8001652|1|1250|0|      |20220521|20220521|0603|2022-06-01 07:02:43
301752|0000000741894345              |20220521|183949|005|675|0|30300058|130010004|130752220|1|20220521|182613|8002915|20220521|185851|8002603|1|1250|0|      |20220521|20220521|0603|2022-06-01 07:02:43
302159|0000000742091995              |20220521|134206|031|676|1|30300069|130010001|130759704|1|20220521|124925|8007369|20220521|135005|8001097|1|0|0|      |20220521|20220521|0603|2022-06-01 07:02:43
302161|0000000726690717              |20220521|141644|025|676|1|30300054|130010007|130759382|1|20220521|134255|8001567|20220521|142602|8002202|1|0|0|      |20220521|20220521|0603|2022-06-01 07:02:43
302163|0000000741134336              |20220521|103018|019|675|1|30300056|130010012|130753325|1|20220521|100517|8002402|20220521|111040|8001851|1|0|0|      |20220521|20220521|0603|2022-06-01 07:02:43
302165|0000000742538668              |20220521|141940|008|674|1|30300100|130010002|130752509|1|20220521|141843|8001946|20220521|150631|8001413|1|0|0|      |20220521|20220521|0603|2022-06-01 07:02:43
302167|0000000614715558              |20220521|154102|021|680|1|30300007|130010002|130752390|1|20220521|145217|8002547|20220521|154928|8001953|1|0|0|      |20220521|20220521|0603|2022-06-01 07:02:43
302169|0000000908527547              |20220521|160529|007|676|0|30300073|130010009|130759141|2|20220521|150638|8002202|20220521|161700|8002955|1|350|0|      |20220521|20220521|0603|2022-06-01 07:02:43
302171|0000000921534424              |20220521|084329|022|676|1|30300071|130010009|130759147|1|20220521|061824|8001792|20220521|090950|8002453|1|0|0|      |20220521|20220521|0603|2022-06-01 07:02:43
302173|0000000770572242              |20220521|100136|019|676|2|30300040|130010007|130759365|1|20220521|091220|8007276|20220521|102736|8001499|1|0|0|      |20220521|20220521|0603|2022-06-01 07:02:43
302175|0000000704345995              |20220521|090132|020|676|1|30300038|130010014|130753220|1|20220521|080803|8002793|20220521|090459|8001049|1|0|0|      |20220521|20220521|0603|2022-06-01 07:02:43
302177|0000000770371377              |20220521|194804|017|675|1|30300047|130010001|130759415|1|20220521|180503|8002412|20220521|195745|8002737|1|0|0|      |20220521|20220521|0603|2022-06-01 07:02:43
302179|0000000725516630              |20220521|173512|023|676|2|30300070|130010004|130752238|4|20220521|160406|8002823|20220521|173940|8001761|1|0|0|      |20220521|20220521|0603|2022-06-01 07:02:43
302181|0000000779610844              |20220521|173602|023|675|2|30300101|130010002|130752320|1|20220521|162843|8002558|20220521|174451|8001055|1|0|0|      |20220521|20220521|0603|2022-06-01 07:02:43
302183|0000000726192657              |20220521|175918|004|675|1|30300049|130010004|130752240|1|20220521|171326|8001262|20220521|180649|8001589|1|0|0|      |20220521|20220521|0603|2022-06-01 07:02:43
302185|0000000903825070              |20220521|180842|007|676|2|30300093|130010004|130752250|1|20220521|160635|8001419|20220521|181212|8005994|1|0|0|      |20220521|20220521|0603|2022-06-01 07:02:43
302592|0000000726771124              |20220521|093204|030|676|0|30300040|130010007|130759389|1|20220521|085349|8002338|20220521|094258|8001086|1|1250|0|      |20220521|20220521|0603|2022-06-01 07:02:43
302594|0000000619305269              |20220521|133826|002|676|0|30300043|130010015|130759616|1|20220521|130556|8001250|20220521|134826|8002729|1|1250|0|      |20220521|20220521|0603|2022-06-01 07:02:43
302596|0000000743002808              |20220521|154212|009|676|0|30300043|130010015|130759603|1|20220521|150554|8001252|20220521|155112|8002729|1|1250|0|      |20220521|20220521|0603|2022-06-01 07:02:43
302598|0000000742007895              |20220521|072653|006|676|0|30300043|130010015|130759618|1|20220521|065718|8001990|20220521|072936|8002888|1|1250|0|      |20220521|20220521|0603|2022-06-01 07:02:43
302600|0000000639126460              |20220521|083241|020|676|0|30300043|130010015|130759616|1|20220521|075207|8001404|20220521|090355|8005590|1|1250|0|      |20220521|20220521|0603|2022-06-01 07:02:43
302602|0000000677559520              |20220521|102220|015|676|0|30300043|130010015|130759601|1|20220521|095457|8001252|20220521|102608|8002650|1|1250|0|      |20220521|20220521|0603|2022-06-01 07:02:43
302604|0000000630380290              |20220521|183300|031|676|0|30300038|130010014|130753500|1|20220521|181931|8001033|20220521|191751|8002913|1|1250|0|      |20220521|20220521|0603|2022-06-01 07:02:43
302606|0000000618211386              |20220521|171432|010|676|0|30300038|130010014|130753246|1|20220521|165948|8001040|20220521|172644|8001527|1|1250|0|      |20220521|20220521|0603|2022-06-01 07:02:43
302608|0000000709120415              |20220521|172339|007|676|0|30300038|130010014|130753508|1|20220521|170550|8002392|20220521|183055|8001553|1|1250|0|      |20220521|20220521|0603|2022-06-01 07:02:43
302610|0000000903458198              |20220521|175619|012|676|0|30300038|130010014|130753524|1|20220521|150149|8001058|20220521|183339|8002635|1|1250|0|      |20220521|20220521|0603|2022-06-01 07:02:43
302612|0000000779882095              |20220521|214030|003|676|0|30300038|130010014|130753501|1|20220521|204902|8002628|20220521|220310|8001553|1|1250|0|      |20220521|20220521|0603|2022-06-01 07:02:43
302614|0000000766046222              |20220521|122712|003|676|0|30300038|130010014|130753500|1|20220521|114611|8001050|20220521|124646|8002603|1|1250|0|      |20220521|20220521|0603|2022-06-01 07:02:43
302616|0000000705604138              |20220521|132934|007|676|0|30300038|130010014|130753246|1|20220521|125049|8002330|20220521|134559|8002778|1|1250|0|      |20220521|20220521|0603|2022-06-01 07:02:43
303023|0000000903677755              |20220521|182947|027|676|0|30300086|130010013|130759823|1|20220521|165821|8002437|20220521|185311|8001744|1|1250|0|      |20220521|20220521|0603|2022-06-01 07:02:43
303025|0000000745465413              |20220521|223725|029|676|0|30300070|130010004|130752604|1|20220521|215425|8002437|20220521|225002|8002308|1|1250|0|      |20220521|20220521|0603|2022-06-01 07:02:43
303027|0000000777315874              |20220521|224214|031|676|0|30300089|130010011|130759521|1|20220521|214436|8007549|20220521|225302|8001565|1|1250|0|      |20220521|20220521|0603|2022-06-01 07:02:43
303029|0000000639746973              |20220521|205820|003|676|0|30300070|130010004|130752238|1|20220521|200040|8002437|20220521|211213|8002287|1|1250|0|      |20220521|20220521|0603|2022-06-01 07:02:43
300091|0000000773675996              |20220521|181637|004|676|1|30300037|130010006|130752062|1|20220521|173347|8002100|20220521|183504|8002721|1|0|0|      |20220521|20220521|0603|2022-06-01 07:02:43
300093|0000000903821258              |20220521|171348|019|676|1|30300071|130010009|130759147|1|20220521|164301|8001922|20220521|171732|8001568|1|0|0|      |20220521|20220521|0603|2022-06-01 07:02:43
300095|0000000753328448              |20220521|170707|016|676|1|30300037|130010006|130759021|1|20220521|162702|8002100|20220521|172846|8002721|1|0|0|      |20220521|20220521|0603|2022-06-01 07:02:43
300097|0000000758160842              |20220521|113443|001|676|1|30300073|130010009|130759112|1|20220521|110305|8001922|20220521|120823|8001420|1|150|0|      |20220521|20220521|0603|2022-06-01 07:02:43
300099|0000000737111399              |20220521|125356|001|676|1|30300072|130010001|130759432|1|20220521|120717|8002100|20220521|130543|8002558|1|0|0|      |20220521|20220521|0603|2022-06-01 07:02:43
300101|0000000758621206              |20220521|131509|003|675|2|30300096|130010006|130752057|1|20220521|123456|8001922|20220521|132307|8001576|1|0|0|      |20220521|20220521|0603|2022-06-01 07:02:43
300103|0000000677948376              |20220521|151217|006|676|1|30300037|130010006|130752073|1|20220521|142211|8002100|20220521|153257|8002721|1|0|0|      |20220521|20220521|0603|2022-06-01 07:02:43
300105|0000000673740661              |20220521|152203|021|676|1|30300089|130010011|130759574|1|20220521|140713|8001922|20220521|160411|8007268|1|0|0|      |20220521|20220521|0603|2022-06-01 07:02:43
300512|0000000718086186              |20220521|152709|004|680|1|30300052|130010002|130752329|1|20220521|150733|8002330|20220521|155301|8001028|1|0|0|      |20220521|20220521|0603|2022-06-01 07:02:43
300514|0000000774867282              |20220521|073053|001|676|2|30300090|130010005|130759223|1|20220521|064915|8001074|20220521|073829|8001655|1|0|0|      |20220521|20220521|0603|2022-06-01 07:02:43
300516|0000000767663798              |20220521|093631|015|675|1|30300082|130010001|130759728|1|20220521|083725|8001074|20220521|094659|8001394|1|0|0|      |20220521|20220521|0603|2022-06-01 07:02:43
300518|0000000644791415              |20220521|104830|013|676|1|30300051|130010008|130752161|1|20220521|095738|8001927|20220521|105425|8002603|1|0|0|      |20220521|20220521|0603|2022-06-01 07:02:43
300520|0000000743754908              |20220521|194526|001|676|1|30300040|130010007|130759365|1|20220521|191936|8001074|20220521|195410|8001655|1|0|0|      |20220521|20220521|0603|2022-06-01 07:02:43
300522|0000000770161708              |20220521|165801|004|676|1|30300040|130010007|130759367|1|20220521|163145|8001074|20220521|170659|8002759|1|0|0|      |20220521|20220521|0603|2022-06-01 07:02:43
300524|0000000711635200              |20220521|171241|014|676|1|30300090|130010005|130759223|1|20220521|151659|8006006|20220521|174321|8002906|1|0|0|      |20220521|20220521|0603|2022-06-01 07:02:43
300526|0000000774879187              |20220521|185353|001|676|1|30300036|130010011|130759501|1|20220521|180827|8001074|20220521|185506|8001091|1|0|0|      |20220521|20220521|0603|2022-06-01 07:02:43
300528|0000000612604207              |20220521|221759|001|675|1|30300079|130010009|130759111|1|20220521|153319|8001529|20220521|222505|8002724|1|0|0|      |20220521|20220521|0603|2022-06-01 07:02:43
300530|0000000773465517              |20220521|122334|011|675|1|30300059|130010004|130752246|1|20220521|111913|8006006|20220521|123856|8002227|1|0|0|      |20220521|20220521|0603|2022-06-01 07:02:43
300532|0000000672700605              |20220521|134025|005|675|1|30300079|130010009|130759123|1|20220521|130246|8001529|20220521|141738|8002551|1|0|0|      |20220521|20220521|0603|2022-06-01 07:02:43
300534|0000000645311463              |20220521|141029|028|675|1|30300082|130010001|130759770|1|20220521|130400|8001074|20220521|142934|8005563|1|0|0|      |20220521|20220521|0603|2022-06-01 07:02:43
300536|0000000615581113              |20220521|144528|015|675|1|30300067|130010001|130759735|1|20220521|140533|8001529|20220521|151032|8001655|1|0|0|      |20220521|20220521|0603|2022-06-01 07:02:43
300538|0000000742949709              |20220521|152938|001|675|1|30300079|130010009|130759148|1|20220521|150426|8001529|20220521|160638|8001198|1|0|0|      |20220521|20220521|0603|2022-06-01 07:02:43
300945|0000000703367836              |20220521|132940|005|676|0|30300070|130010004|130752238|1|20220521|114032|8002155|20220521|133525|8001383|1|1250|0|      |20220521|20220521|0603|2022-06-01 07:02:43
300947|0000000907978881              |20220521|145100|031|676|0|30300039|130010005|130759214|1|20220521|144710|8002920|20220521|150625|8002492|1|1250|0|      |20220521|20220521|0603|2022-06-01 07:02:43
300949|0000000910397510              |20220521|154419|017|676|0|30300069|130010001|130759428|1|20220521|151238|8001497|20220521|154810|8002648|1|1250|0|      |20220521|20220521|0603|2022-06-01 07:02:43
300951|0000000605389543              |20220521|162848|020|676|0|30300068|130010006|130752030|1|20220521|153216|8001096|20220521|164414|8002778|1|1250|0|      |20220521|20220521|0603|2022-06-01 07:02:43
300953|0000000718849194              |20220521|083412|026|676|0|30300071|130010009|130759106|1|20220521|064748|8002757|20220521|084610|8002726|1|1250|0|      |20220521|20220521|0603|2022-06-01 07:02:43
300955|0000000723722373              |20220521|081027|002|676|0|30300068|130010006|130752052|1|20220521|053516|8001263|20220521|081522|8002790|1|1250|0|      |20220521|20220521|0603|2022-06-01 07:02:43
300957|0000000911150912              |20220521|100612|017|676|0|30300069|130010001|130759428|1|20220521|093803|8002277|20220521|102804|8001039|1|1250|0|      |20220521|20220521|0603|2022-06-01 07:02:43
300959|0000000752993370              |20220521|193359|018|676|0|30300037|130010006|130752027|1|20220521|191952|8002402|20220521|200954|8001097|1|1250|0|      |20220521|20220521|0603|2022-06-01 07:02:43
300961|0000000646130903              |20220521|171928|021|676|0|30300054|130010007|130759379|1|20220521|161759|8001555|20220521|172732|8001782|1|1250|0|      |20220521|20220521|0603|2022-06-01 07:02:43
300963|0000000664918262              |20220521|172243|010|676|0|30300037|130010006|130759021|1|20220521|162702|8005999|20220521|175039|8002921|1|1250|0|      |20220521|20220521|0603|2022-06-01 07:02:43
300965|0000000666165057              |20220521|204523|014|676|0|30300054|130010007|130759382|1|20220521|203705|8001846|20220521|211003|8001923|1|1250|0|      |20220521|20220521|0603|2022-06-01 07:02:43
300967|0000000644916080              |20220521|220537|012|676|0|30300073|130010009|130759185|1|20220521|214000|8001576|20220521|220606|8001890|1|1250|0|      |20220521|20220521|0603|2022-06-01 07:02:43
300969|0000000759576119              |20220521|120930|018|676|0|30300037|130010006|130752005|1|20220521|115002|8002340|20220521|123620|8002075|1|1250|0|      |20220521|20220521|0603|2022-06-01 07:02:43
301376|0000000773404675              |20220521|181544|002|675|0|30300076|130010014|130753239|1|20220521|174745|8001464|20220521|185109|8001262|1|1250|0|      |20220521|20220521|0603|2022-06-01 07:02:43
301378|0000000756653155              |20220521|184237|013|675|0|30300076|130010014|130753270|1|20220521|144404|8001464|20220521|185820|8001937|1|1250|0|      |20220521|20220521|0603|2022-06-01 07:02:43
298411|0000000908648688              |20220521|171206|013|676|0|30300036|130010012|130753301|1|20220521|163732|8001949|20220521|172115|8001056|1|1250|0|      |20220521|20220521|0603|2022-06-01 07:02:43
298413|0000000759532746              |20220521|182514|020|676|0|30300037|130010006|130752062|1|20220521|173347|8002558|20220521|182941|8005999|1|1250|0|      |20220521|20220521|0603|2022-06-01 07:02:43
298415|0000000700277451              |20220521|222007|028|676|0|30300054|130010007|130759378|1|20220521|214418|8002452|20220521|223209|8001707|1|1250|0|      |20220521|20220521|0603|2022-06-01 07:02:43
298417|0000000909318508              |20220521|204126|023|676|0|30300041|130010012|130753312|1|20220521|183131|8002703|20220521|210320|8001296|1|1250|0|      |20220521|20220521|0603|2022-06-01 07:02:43
298419|0000000704306044              |20220521|213243|003|676|0|30300036|130010011|130759510|1|20220521|135528|8001596|20220521|214745|8001587|1|1250|0|      |20220521|20220521|0603|2022-06-01 07:02:43
298421|0000000722081925              |20220521|121239|029|676|0|30300037|130010006|130752005|1|20220521|115002|8001443|20220521|122542|8002312|1|1250|0|      |20220521|20220521|0603|2022-06-01 07:02:43
298423|0000000759408985              |20220521|134205|004|676|0|30300069|130010001|130759704|1|20220521|124925|8007369|20220521|135009|8001097|1|1250|0|      |20220521|20220521|0603|2022-06-01 07:02:43
298425|0000000700513038              |20220521|135206|025|676|0|30300054|130010007|130759361|1|20220521|133021|8002831|20220521|140253|8002453|1|1250|0|      |20220521|20220521|0603|2022-06-01 07:02:43
298427|0000000644915876              |20220521|144803|010|676|0|30300037|130010006|130759011|1|20220521|142306|8002340|20220521|145935|8001534|1|1250|0|      |20220521|20220521|0603|2022-06-01 07:02:43
298429|0000000703249116              |20220521|144942|014|676|0|30300054|130010007|130759386|1|20220521|143112|8002831|20220521|150739|8001567|1|1250|0|      |20220521|20220521|0603|2022-06-01 07:02:43
298431|0000000754235410              |20220521|151704|028|676|0|30300054|130010007|130759360|1|20220521|150141|8001556|20220521|155837|8001707|1|1250|0|      |20220521|20220521|0603|2022-06-01 07:02:43
298838|0000000469586941              |20220521|175019|025|676|0|30300054|130010007|130759341|1|20220521|164051|8001922|20220521|180242|8002452|1|1250|0|      |20220521|20220521|0603|2022-06-01 07:02:43
298840|0000000651290311              |20220521|174037|005|676|0|30300038|130010014|130753525|1|20220521|173816|8002920|20220521|180327|8001425|1|1250|0|      |20220521|20220521|0603|2022-06-01 07:02:43
298842|0000000900243210              |20220521|204953|017|676|0|30300090|130010005|130759260|1|20220521|201404|8002814|20220521|210200|8002378|1|1250|0|      |20220521|20220521|0603|2022-06-01 07:02:43
298844|0000000768679743              |20220521|205047|025|676|0|30300054|130010007|130759377|1|20220521|202112|8001922|20220521|205730|8001568|1|1250|0|      |20220521|20220521|0603|2022-06-01 07:02:43
298846|0000000747444010              |20220521|204819|008|676|0|30300071|130010009|130759150|1|20220521|202834|8001922|20220521|211232|8002231|1|1250|0|      |20220521|20220521|0603|2022-06-01 07:02:43
298848|0000000736270250              |20220521|141011|009|676|0|30300037|130010006|130752049|1|20220521|120623|8002658|20220521|141608|8002075|1|1250|0|      |20220521|20220521|0603|2022-06-01 07:02:43
298850|0000000675701825              |20220521|150236|003|676|0|30300131|130010008|130752716|1|20220521|145242|8001078|20220521|150943|8002754|1|1250|0|      |20220521|20220521|0603|2022-06-01 07:02:43
298852|0000000903206156              |20220521|155047|015|676|0|30300071|130010009|130759133|1|20220521|152511|8001922|20220521|161908|8002632|1|1250|0|      |20220521|20220521|0603|2022-06-01 07:02:43
298854|0000000904032540              |20220521|072335|013|676|0|30300054|130010007|130759384|1|20220521|065148|8001922|20220521|074509|8007245|1|1250|0|      |20220521|20220521|0603|2022-06-01 07:02:43
298856|0000000631954709              |20220521|063227|020|676|0|30300040|130010007|130759389|1|20220521|053758|8001097|20220521|064806|8001891|1|1250|0|      |20220521|20220521|0603|2022-06-01 07:02:43
298858|0000000740890947              |20220521|192636|020|676|0|30300087|130010015|130759641|1|20220521|192212|8002541|20220521|195353|8002453|1|1250|0|      |20220521|20220521|0603|2022-06-01 07:02:43
298860|0000000903102792              |20220521|172843|006|676|0|30300071|130010009|130759102|1|20220521|163930|8002279|20220521|173346|8002453|1|1250|0|      |20220521|20220521|0603|2022-06-01 07:02:43
298862|0000000746138619              |20220521|184253|009|676|0|30300040|130010013|130759830|1|20220521|175209|8002241|20220521|185131|8001097|1|1250|0|      |20220521|20220521|0603|2022-06-01 07:02:43
298864|0000000903693352              |20220521|221012|026|676|0|30300037|130010006|130759012|1|20220521|214746|8002720|20220521|222254|8001912|1|1250|0|      |20220521|20220521|0603|2022-06-01 07:02:43
299298|0000000741036418              |20220521|185834|003|676|0|30300040|130010007|130759385|1|20220521|181827|8002954|20220521|191559|8002412|1|1250|0|      |20220521|20220521|0603|2022-06-01 07:02:43
299300|0000000775872178              |20220521|220341|009|676|0|30300039|130010005|130759214|1|20220521|214322|8001713|20220521|221910|8002721|1|1250|0|      |20220521|20220521|0603|2022-06-01 07:02:43
299302|0000000903177944              |20220521|130416|014|676|0|30300040|130010013|130759830|1|20220521|110946|8001085|20220521|131224|8002075|1|1250|0|      |20220521|20220521|0603|2022-06-01 07:02:43
299304|0000000900461854              |20220521|113620|016|676|0|30300072|130010001|130759422|1|20220521|104722|8002236|20220521|114634|8002558|1|1250|0|      |20220521|20220521|0603|2022-06-01 07:02:43
299306|0000000776414006              |20220521|154451|027|676|0|30300071|130010009|130759133|1|20220521|152511|8001160|20220521|155623|8002468|1|1250|0|      |20220521|20220521|0603|2022-06-01 07:02:43
299308|0000000768646296              |20220521|085944|010|676|0|30300037|130010006|130759012|1|20220521|071820|8002100|20220521|092043|8002721|1|1250|0|      |20220521|20220521|0603|2022-06-01 07:02:43
299310|0000000918242150              |20220521|080453|013|676|0|30300040|130010007|130759343|1|20220521|074428|8001406|20220521|081353|8002075|1|1250|0|      |20220521|20220521|0603|2022-06-01 07:02:43
299312|0000000769836639              |20220521|080855|020|676|0|30300088|130010002|130752371|1|20220521|071750|8002740|20220521|081405|8002721|1|1250|0|      |20220521|20220521|0603|2022-06-01 07:02:43
299314|0000000903890392              |20220521|195048|005|676|0|30300041|130010012|130753305|1|20220521|140727|8001400|20220521|195734|8001096|1|1250|0|      |20220521|20220521|0603|2022-06-01 07:02:43
299316|0000000735831622              |20220521|181829|024|676|0|30300041|130010012|130753334|1|20220521|162935|8002893|20220521|182653|8001096|1|1250|0|      |20220521|20220521|0603|2022-06-01 07:02:43
299318|0000000741046983              |20220521|183351|031|676|0|30300037|130010006|130752040|1|20220521|173917|8003006|20220521|183639|8002906|1|1250|0|      |20220521|20220521|0603|2022-06-01 07:02:43
299320|0000000903829316              |20220521|132104|011|676|0|30300072|130010001|130759483|1|20220521|130944|8002486|20220521|132539|8001348|1|1250|0|      |20220521|20220521|0603|2022-06-01 07:02:43
303678|0000000778246687              |20220521|171339|016|676|0|30300037|130010006|130759011|1|20220521|164812|8002412|20220521|171550|8002720|1|1250|0|      |20220521|20220521|0603|2022-06-01 07:02:43
303680|0000000771186602              |20220521|173731|016|676|0|30300037|130010006|130752027|1|20220521|172145|8001443|20220521|175137|8002312|1|1250|0|      |20220521|20220521|0603|2022-06-01 07:02:43
303682|0000000762897898              |20220521|174205|027|676|0|30300037|130010006|130752049|1|20220521|173201|8002340|20220521|175253|8001534|1|1250|0|      |20220521|20220521|0603|2022-06-01 07:02:43
303684|0000000735657722              |20220521|181401|020|676|0|30300037|130010006|130752002|1|20220521|172207|8001162|20220521|184345|8001005|1|1250|0|      |20220521|20220521|0603|2022-06-01 07:02:43
303686|0000000771830228              |20220521|223432|006|676|0|30300054|130010007|130759340|1|20220521|222657|8001827|20220521|225144|8007011|1|1250|0|      |20220521|20220521|0603|2022-06-01 07:02:43
303688|0000000711533943              |20220521|210903|019|676|0|30300037|130010006|130752038|1|20220521|165745|8001097|20220521|211739|8001348|1|1250|0|      |20220521|20220521|0603|2022-06-01 07:02:43
303690|0000000672999294              |20220521|205235|026|676|0|30300037|130010006|130759023|1|20220521|154454|8001096|20220521|211458|8002378|1|1250|0|      |20220521|20220521|0603|2022-06-01 07:02:43
303692|0000000766760657              |20220521|213558|025|676|0|30300037|130010006|130752039|1|20220521|203953|8001097|20220521|214202|8001037|1|1250|0|      |20220521|20220521|0603|2022-06-01 07:02:43
303694|0000000743583050              |20220521|121422|015|676|0|30300037|130010006|130752040|1|20220521|095148|8002411|20220521|123821|9002077|1|1250|0|      |20220521|20220521|0603|2022-06-01 07:02:43
303696|0000000743458819              |20220521|121748|004|676|0|30300054|130010007|130759361|1|20220521|120111|8001585|20220521|124259|8002468|1|1250|0|      |20220521|20220521|0603|2022-06-01 07:02:43
297191|0000000769464758              |20220521|073111|009|675|0|30300049|130010004|130752289|1|20220521|064321|8001735|20220521|074713|8001927|1|1250|0|      |20220521|20220521|0603|2022-06-01 07:02:43
297193|0000000717591479              |20220521|054942|004|676|0|30300131|130010008|130752116|1|20220521|053953|8007283|20220521|060004|8070011|1|1250|0|      |20220521|20220521|0603|2022-06-01 07:02:43
297195|0000000903651014              |20220521|102418|021|677|0|30300129|130010009|130759101|1|20220521|093913|8007356|20220521|104528|8007357|1|1250|0|      |20220521|20220521|0603|2022-06-01 07:02:43
297197|0000000910068675              |20220521|081044|001|675|0|30300046|130010002|130752379|1|20220521|073516|8002376|20220521|082008|8002411|1|1250|0|      |20220521|20220521|0603|2022-06-01 07:02:43
297199|0000000601263214              |20220521|081133|024|682|0|30300030|130010014|130753602|1|20220521|074537|8002571|20220521|083522|8001673|1|1250|0|      |20220521|20220521|0603|2022-06-01 07:02:43
297201|0000000767567255              |20220521|090443|028|676|0|30300051|130010008|130752109|1|20220521|085525|8002309|20220521|091349|8002454|1|1250|0|      |20220521|20220521|0603|2022-06-01 07:02:43
297203|0000000464428165              |20220521|095041|004|676|0|30300040|130010013|130759804|1|20220521|080528|8001406|20220521|100018|8002075|1|1250|0|      |20220521|20220521|0603|2022-06-01 07:02:43
297205|0000000754329469              |20220521|101515|025|676|0|30300040|130010013|130759813|1|20220521|084033|8001096|20220521|110436|8002939|1|1250|0|      |20220521|20220521|0603|2022-06-01 07:02:43
297207|0000000644916111              |20220521|092827|021|675|0|30300079|130010009|130759113|1|20220521|051836|8002609|20220521|101357|8007444|1|1250|0|      |20220521|20220521|0603|2022-06-01 07:02:43
297209|0000000740559701              |20220521|194903|017|675|0|30300064|130010015|130759686|1|20220521|194228|8002527|20220521|195416|8002437|1|1250|0|      |20220521|20220521|0603|2022-06-01 07:02:43
297211|0000000725441818              |20220521|165525|011|676|0|30300040|130010013|130759830|1|20220521|143320|8001380|20220521|170611|8001388|1|1250|0|      |20220521|20220521|0603|2022-06-01 07:02:43
297213|0000000716824484              |20220521|182447|011|675|0|30300058|130010004|130752292|1|20220521|180952|8002705|20220521|184617|8002733|1|1250|0|      |20220521|20220521|0603|2022-06-01 07:02:43
297215|0000000742264280              |20220521|211235|014|676|0|30300070|130010004|130752226|1|20220521|154943|8002437|20220521|212520|8001383|1|1250|0|      |20220521|20220521|0603|2022-06-01 07:02:43
297217|0000000917901900              |20220521|213119|021|674|0|30300100|130010002|130752381|1|20220521|211916|8002330|20220521|220015|8001584|1|1250|0|      |20220521|20220521|0603|2022-06-01 07:02:43
297624|0000000674739669              |20220521|122624|006|676|0|30300089|130010011|130759575|1|20220521|094557|8001923|20220521|124552|8002537|1|1250|0|      |20220521|20220521|0603|2022-06-01 07:02:43
297626|0000000740878984              |20220521|140745|002|676|0|30300039|130010005|130759271|1|20220521|132138|8001076|20220521|141048|8001378|1|1250|0|      |20220521|20220521|0603|2022-06-01 07:02:43
297628|0000000918032055              |20220521|113355|004|676|0|30300041|130010012|130753318|1|20220521|105610|8001076|20220521|115614|8002970|1|1250|0|      |20220521|20220521|0603|2022-06-01 07:02:43
297630|0000000769007927              |20220521|135918|002|676|0|30300041|130010012|130753377|1|20220521|132415|8001076|20220521|143250|8001097|1|1250|0|      |20220521|20220521|0603|2022-06-01 07:02:43
297632|0000000627391605              |20220521|151448|011|676|0|30300051|130010008|130752108|1|20220521|140457|8002437|20220521|153049|8001097|1|1250|0|      |20220521|20220521|0603|2022-06-01 07:02:43
297634|0000000766841517              |20220521|085051|002|676|0|30300041|130010012|130753332|1|20220521|082109|8001076|20220521|091307|8001097|1|1250|0|      |20220521|20220521|0603|2022-06-01 07:02:43
297636|0000000903791668              |20220521|191031|014|676|0|30300087|130010008|130752155|1|20220521|182110|8002969|20220521|193521|8001279|1|1250|0|      |20220521|20220521|0603|2022-06-01 07:02:43
297638|0000000609091028              |20220521|172107|002|676|0|30300087|130010015|130759631|1|20220521|153409|8002969|20220521|172306|8002159|1|1250|0|      |20220521|20220521|0603|2022-06-01 07:02:43
297640|0000000918271156              |20220521|181404|002|676|0|30300054|130010007|130759378|1|20220521|175916|8001556|20220521|183837|8001568|1|1250|0|      |20220521|20220521|0603|2022-06-01 07:02:43
297642|0000000626077609              |20220521|224627|015|676|0|30300089|130010011|130759512|1|20220521|145752|8002969|20220521|225632|8001923|1|1250|0|      |20220521|20220521|0603|2022-06-01 07:02:43
297644|0000000740178079              |20220521|225828|006|676|0|30300041|130010012|130753318|1|20220521|222939|8001076|20220521|232228|8001097|1|1250|0|      |20220521|20220521|0603|2022-06-01 07:02:43
297646|0000000776922716              |20220521|211214|002|676|0|30300041|130010012|130753370|1|20220521|203507|8001076|20220521|214950|8001499|1|1250|0|      |20220521|20220521|0603|2022-06-01 07:02:43
297648|0000000771337544              |20220521|123430|004|676|0|30300089|130010011|130759519|1|20220521|100300|8002969|20220521|130225|8002537|1|1250|0|      |20220521|20220521|0603|2022-06-01 07:02:43
310454|0000000769265084              |20220521|192303|020|675|0|30300058|130010004|130752220|1|20220521|182613|8001086|20220521|193339|8001553|1|1250|0|      |20220521|20220521|0603|2022-06-01 07:02:43
310861|0000000695141336              |20220521|132610|003|675|0|30300064|130010015|130759626|1|20220521|131214|8001358|20220521|135045|8001874|1|1250|0|      |20220521|20220521|0603|2022-06-01 07:02:43
310863|0000000186426732              |20220521|074439|017|675|0|30300056|130010012|130753331|1|20220521|071134|8001204|20220521|074811|8001588|1|1250|0|      |20220521|20220521|0603|2022-06-01 07:02:43
310865|0000000698019191              |20220521|104238|006|675|0|30300064|130010015|130759637|1|20220521|102739|8001625|20220521|105756|8002481|1|1250|0|      |20220521|20220521|0603|2022-06-01 07:02:43
310867|0000000695831062              |20220521|112655|018|675|0|30300064|130010015|130759624|1|20220521|110854|8002628|20220521|113645|8003014|1|1250|0|      |20220521|20220521|0603|2022-06-01 07:02:43
310869|0000000400122251              |20220521|142356|022|675|1|30300064|130010015|130759644|1|20220521|061141|8001979|20220521|143504|8007563|1|0|0|      |20220521|20220521|0603|2022-06-01 07:02:43
310871|0000000785325988              |20220521|160916|011|675|0|30300056|130010012|130753308|1|20220521|153722|8001425|20220521|163406|8001279|1|1250|0|      |20220521|20220521|0603|2022-06-01 07:02:43
310873|0000000694473760              |20220521|190241|006|676|0|30300093|130010004|130752207|1|20220521|180654|8002311|20220521|192008|8002208|1|1250|0|      |20220521|20220521|0603|2022-06-01 07:02:43
310875|0000000695131375              |20220521|170657|021|676|0|30300072|130010001|130759734|1|20220521|163032|8002658|20220521|173433|8002917|1|1250|0|      |20220521|20220521|0603|2022-06-01 07:02:43
310877|0000000680728817              |20220521|182547|022|676|0|30300093|130010004|130752219|1|20220521|181459|8002909|20220521|182924|8001585|2|2500|0|      |20220521|20220521|0603|2022-06-01 07:02:43
310879|0000000787884820              |20220521|131644|005|676|0|30300093|130010004|130752207|1|20220521|122917|8002315|20220521|140341|8007004|1|1250|0|      |20220521|20220521|0603|2022-06-01 07:02:43
310881|0000000789333439              |20220521|080857|004|676|0|30300093|130010004|130752215|1|20220521|053738|8002658|20220521|083622|8002639|1|1250|0|      |20220521|20220521|0603|2022-06-01 07:02:43
310883|0000000781350491              |20220521|093832|031|676|0|30300072|130010001|130759435|1|20220521|084744|8001232|20220521|094730|8002452|1|1250|0|      |20220521|20220521|0603|2022-06-01 07:02:43
310885|0000000788531122              |20220521|112243|019|676|0|30300093|130010004|130752250|1|20220521|103620|8002608|20220521|114051|8002208|2|2500|0|      |20220521|20220521|0603|2022-06-01 07:02:43
310887|0000000400177654              |20220521|144745|020|676|0|30300093|130010004|130752214|1|20220521|131628|8002356|20220521|145150|8007002|1|1250|0|      |20220521|20220521|0603|2022-06-01 07:02:43
311294|0000000788973935              |20220521|125339|002|676|0|30300036|130010012|130753311|1|20220521|120131|8001587|20220521|131141|8002603|1|1250|0|      |20220521|20220521|0603|2022-06-01 07:02:43
311296|0000000400138957              |20220521|100436|009|676|1|30300071|130010009|130759176|1|20220521|091315|8002453|20220521|101201|8001923|1|0|0|      |20220521|20220521|0603|2022-06-01 07:02:43
311298|0000000697125514              |20220521|091340|005|675|0|30300050|130010007|130759348|1|20220521|083920|8002412|20220521|092238|8001432|1|1250|0|      |20220521|20220521|0603|2022-06-01 07:02:43
311300|0000000485698309              |20220521|110855|014|676|0|30300090|130010005|130759218|1|20220521|093810|8002412|20220521|112912|8006006|1|1250|0|      |20220521|20220521|0603|2022-06-01 07:02:43
311302|0000000400213736              |20220521|144350|005|676|0|30300054|130010007|130759340|1|20220521|140212|8001078|20220521|150227|8002585|1|1250|0|      |20220521|20220521|0603|2022-06-01 07:02:43
311304|0000000684021007              |20220521|145525|026|676|0|30300088|130010002|130752361|1|20220521|141915|8002412|20220521|154724|8002131|1|1250|0|      |20220521|20220521|0603|2022-06-01 07:02:43
311306|0000000186057115              |20220521|152447|019|674|0|30300104|130010002|130752343|1|20220521|143043|8001078|20220521|155135|8001014|1|1250|0|      |20220521|20220521|0603|2022-06-01 07:02:43
311308|0000000475596013              |20220521|152059|010|675|0|30300053|130010002|130752386|1|20220521|150435|8001587|20220521|154857|8001154|1|1250|0|      |20220521|20220521|0603|2022-06-01 07:02:43
311310|0000000400096881              |20220521|185644|012|675|2|30300075|130010005|130759208|1|20220521|150757|8001421|20220521|191119|8002826|1|0|0|      |20220521|20220521|0603|2022-06-01 07:02:43
311312|0000000783709764              |20220521|193946|005|675|0|30300061|130010015|130759643|1|20220521|193731|8001421|20220521|195724|8005526|1|1250|0|      |20220521|20220521|0603|2022-06-01 07:02:43
311314|0000000476643162              |20220521|172323|027|675|1|30300065|130010004|130752229|1|20220521|165154|8001421|20220521|174459|8007070|1|0|0|      |20220521|20220521|0603|2022-06-01 07:02:43
311316|0000000792938606              |20220521|204451|026|676|0|30300051|130010008|130752142|1|20220521|194948|8002437|20220521|205718|8001097|1|1250|0|      |20220521|20220521|0603|2022-06-01 07:02:43
311318|0000000482131396              |20220521|215347|020|676|0|30300072|130010001|130759435|1|20220521|204752|8001421|20220521|220129|8002487|1|1250|0|      |20220521|20220521|0603|2022-06-01 07:02:43
304201|0000000786208506              |20220521|114208|005|675|0|30300080|130010009|130759182|1|20220521|071932|8001983|~       |      |~      |1|1250|0|      |20220521|~       |0603|2022-06-01 07:02:43
304203|0000000694403193              |20220521|144006|017|676|0|30300086|130010013|130759801|1|20220521|134445|8001992|~       |      |~      |1|1250|0|      |20220521|~       |0603|2022-06-01 07:02:43
304205|0000000794928311              |20220521|163032|005|675|0|30300145|130010014|130753528|1|20220521|150814|8002395|~       |      |~      |1|1250|0|      |20220521|~       |0603|2022-06-01 07:02:43
304207|0000000785701440              |20220521|194951|012|675|0|30300127|130010004|130752602|4|20220521|192125|8002352|~       |      |~      |1|750|0|      |20220521|~       |0603|2022-06-01 07:02:43
304209|0000000400187811              |20220521|171840|026|675|0|30300048|130010006|130752068|1|20220521|163638|8002492|~       |      |~      |1|1250|0|      |20220521|~       |0603|2022-06-01 07:02:43
304211|0000001110342845              |20220521|211602|029|680|1|30300009|130010002|130752349|1|20220521|185749|8002542|~       |      |~      |1|0|0|      |20220521|~       |0603|2022-06-01 07:02:43
304213|0000000788531059              |20220521|121451|028|675|0|30300127|130010004|130752602|1|20220521|120949|8001136|~       |      |~      |2|2500|0|      |20220521|~       |0603|2022-06-01 07:02:43
304215|0000000785546885              |20220521|133056|019|683|0|30300015|130010004|130752607|1|20220521|125942|8002194|~       |      |~      |1|1250|0|      |20220521|~       |0603|2022-06-01 07:02:43
304217|0000000400140972              |20220521|134342|026|675|0|30300058|130010004|130752202|8|20220521|124910|8007269|20220521|134804|8002241|1|0|0|      |20220521|20220521|0603|2022-06-01 07:02:43
304290|0000000487968807              |20220521|061826|020|676|0|30300037|130010006|130752045|1|20220521|054924|8002559|20220521|063809|8002899|1|1250|0|      |20220521|20220521|0603|2022-06-01 07:02:43
304292|0000000400210845              |20220521|151933|029|675|1|30300083|130010001|130759722|1|20220521|145418|8001660|20220521|152449|8001246|1|0|0|      |20220521|20220521|0603|2022-06-01 07:02:43
304294|0000000400202704              |20220521|191442|027|678|0|30300074|130010014|130753222|8|20220521|183040|8001412|20220521|191949|8002934|1|0|0|      |20220521|20220521|0603|2022-06-01 07:02:43
304296|0000000794858443              |20220521|200008|022|675|1|30300127|130010004|130752244|1|20220521|195135|8001028|20220521|200809|8007284|1|0|0|      |20220521|20220521|0603|2022-06-01 07:02:43
304298|0000000400202704              |20220521|172655|025|675|0|30300064|130010015|130759686|8|20220521|170648|8002481|20220521|173453|8002690|1|0|0|      |20220521|20220521|0603|2022-06-01 07:02:43
304300|0000000698902249              |20220521|213521|002|676|1|30300070|130010004|130752224|1|20220521|192222|8002730|20220521|220836|8001645|1|0|0|      |20220521|20220521|0603|2022-06-01 07:02:43
304302|0000000400093871              |20220521|132457|013|675|0|30300065|130010004|130752269|8|20220521|124421|8002572|20220521|133420|8002690|1|0|0|      |20220521|20220521|0603|2022-06-01 07:02:43
304304|0000000400093871              |20220521|134858|014|675|0|30300064|130010015|130759637|8|20220521|130949|8002690|20220521|135136|8001046|1|0|0|      |20220521|20220521|0603|2022-06-01 07:02:43
304306|0000000400195854              |20220521|075417|015|675|0|30300078|130010008|130752170|8|20220521|073017|8007272|20220521|075914|8001419|1|0|0|      |20220521|20220521|0603|2022-06-01 07:02:43
304308|0000000400195854              |20220521|101430|017|676|0|30300093|130010004|130752207|8|20220521|083227|8007006|20220521|103323|8001647|1|0|0|      |20220521|20220521|0603|2022-06-01 07:02:43
304310|0000000400093871              |20220521|110733|011|675|0|30300064|130010015|130759623|8|20220521|104607|8002635|20220521|111545|8003014|1|0|0|      |20220521|20220521|0603|2022-06-01 07:02:43
304312|0000000400093871              |20220521|141913|015|675|0|30300064|130010015|130759683|8|20220521|135429|8001740|20220521|142641|8003016|1|0|0|      |20220521|20220521|0603|2022-06-01 07:02:43
304719|0000000699648015              |20220521|104311|003|674|0|30300002|130010007|130759308|1|20220521|100434|8001097|20220521|105145|8001744|1|1250|0|      |20220521|20220521|0603|2022-06-01 07:02:43
304721|0000000695922830              |20220521|154944|001|676|0|30300037|130010006|130752014|1|20220521|144628|8001097|20220521|160013|8002339|1|1250|0|      |20220521|20220521|0603|2022-06-01 07:02:43
304723|0000000791334590              |20220521|155859|026|675|0|30300075|130010005|130759226|1|20220521|135349|8001097|20220521|161525|8002615|1|1250|0|      |20220521|20220521|0603|2022-06-01 07:02:43
304725|0000001110521019              |20220521|153116|001|674|1|30300002|130010007|130759313|1|20220521|145720|8001097|20220521|160012|8002134|1|0|0|      |20220521|20220521|0603|2022-06-01 07:02:43
304727|0000000791220156              |20220521|160855|005|674|0|30300002|130010007|130759318|1|20220521|152906|8001097|20220521|165834|8001793|1|1250|0|      |20220521|20220521|0603|2022-06-01 07:02:43
304729|0000000400214751              |20220521|164315|002|676|0|30300037|130010006|130759016|1|20220521|153611|8001097|20220521|165555|8002488|1|1250|0|      |20220521|20220521|0603|2022-06-01 07:02:43
304731|0000000788811047              |20220521|192546|005|675|1|30300055|130010014|130753204|1|20220521|182647|8001929|20220521|193641|8002926|1|0|0|      |20220521|20220521|0603|2022-06-01 07:02:43
304733|0000000186492399              |20220521|164254|002|675|0|30300067|130010001|130759473|1|20220521|163953|8001922|20220521|172327|8002437|1|1250|0|      |20220521|20220521|0603|2022-06-01 07:02:43
304735|0000000400138992              |20220521|173155|028|675|0|30300062|130010008|130752131|1|20220521|172119|8001922|20220521|180215|8001939|1|1250|0|      |20220521|20220521|0603|2022-06-01 07:02:43
304737|0000000400209742              |20220521|183238|002|675|0|30300077|130010006|130759018|1|20220521|155831|8001929|20220521|184138|8001490|1|1250|0|      |20220521|20220521|0603|2022-06-01 07:02:43
304739|0000000794424875              |20220521|120939|026|676|1|30300054|130010007|130759360|1|20220521|113804|8001922|20220521|122733|8001646|1|0|0|      |20220521|20220521|0603|2022-06-01 07:02:43
304741|0000000784595568              |20220521|123502|030|676|0|30300089|130010011|130759522|1|20220521|112424|8001922|20220521|130849|8001420|1|1250|0|      |20220521|20220521|0603|2022-06-01 07:02:43
304743|0000000693172955              |20220521|071238|015|675|1|30300066|130010015|130759684|1|20220521|051401|8001929|20220521|071949|8001669|1|0|0|      |20220521|20220521|0603|2022-06-01 07:02:43
305918|0000000627597901              |20220521|062714|014|676|0|30300040|130010013|130759830|1|20220521|060347|8002240|20220521|063454|8002075|1|1250|0|      |20220521|20220521|0603|2022-06-01 07:02:43
305920|0000000904508607              |20220521|095955|015|675|0|30300056|130010012|130753317|1|20220521|090936|8001588|20220521|100759|8001368|1|1250|0|      |20220521|20220521|0603|2022-06-01 07:02:43
305922|0000000706731641              |20220521|181830|023|676|0|30300037|130010006|130752040|1|20220521|173917|8006001|20220521|184639|8001533|1|1250|0|      |20220521|20220521|0603|2022-06-01 07:02:43
305924|0000000644666961              |20220521|195833|005|676|0|30300088|130010002|130752370|1|20220521|194518|8001579|20220521|201400|8001169|1|1250|0|      |20220521|20220521|0603|2022-06-01 07:02:43
305926|0000000761907969              |20220521|202244|029|676|0|30300037|130010006|130752014|1|20220521|194019|8002558|20220521|202951|8005921|1|1250|0|      |20220521|20220521|0603|2022-06-01 07:02:43
305928|0000000776072285              |20220521|172316|007|675|0|30300045|130010006|130759003|1|20220521|165820|8001952|20220521|174355|8002960|1|1250|0|      |20220521|20220521|0603|2022-06-01 07:02:43
305930|0000000909388635              |20220521|183054|005|676|0|30300038|130010014|130753525|1|20220521|173816|8001928|20220521|183119|8001928|1|1250|0|      |20220521|20220521|0603|2022-06-01 07:02:43
305932|0000000728043263              |20220521|175141|022|676|0|30300036|130010012|130753302|1|20220521|152615|8001540|20220521|181855|8002997|1|1250|0|      |20220521|20220521|0603|2022-06-01 07:02:43
305934|0000000725496668              |20220521|223004|005|676|0|30300043|130010015|130759613|1|20220521|222525|8005589|20220521|223432|8007325|1|1250|0|      |20220521|20220521|0603|2022-06-01 07:02:43
305936|0000000765301867              |20220521|211251|006|676|0|30300040|130010007|130759389|1|20220521|201211|8002382|20220521|211838|8002997|1|1250|0|      |20220521|20220521|0603|2022-06-01 07:02:43
305938|0000000654599434              |20220521|215157|019|674|0|30300002|130010007|130759306|1|20220521|205142|8001419|20220521|220057|8002252|1|1250|0|      |20220521|20220521|0603|2022-06-01 07:02:43
305940|0000000756694627              |20220521|122103|010|676|0|30300088|130010002|130752372|1|20220521|113632|8002900|20220521|123132|8002721|1|1250|0|      |20220521|20220521|0603|2022-06-01 07:02:43
304825|0000000797365308              |20220521|122441|002|674|0|30300100|130010002|130752344|1|20220521|120940|8001029|20220521|124831|8002603|1|1250|0|      |20220521|20220521|0603|2022-06-01 07:02:43
306000|0000000903537291              |20220521|211945|014|675|0|30300091|130010013|130759877|1|20220521|194317|8001418|20220521|214837|8002209|1|1250|0|      |20220521|20220521|0603|2022-06-01 07:02:43
306002|0000000904244042              |20220521|140824|001|675|0|30300055|130010014|130753249|1|20220521|135345|8001986|20220521|141715|8001033|1|1250|0|      |20220521|20220521|0603|2022-06-01 07:02:43
306004|0000000725523025              |20220521|111443|017|675|0|30300055|130010014|130753225|1|20220521|101022|8001553|20220521|112055|8001536|1|1250|0|      |20220521|20220521|0603|2022-06-01 07:02:43
306006|0000000726090296              |20220521|150441|007|676|0|30300039|130010005|130759271|1|20220521|142445|8002398|20220521|151009|8002721|1|1250|0|      |20220521|20220521|0603|2022-06-01 07:02:43
306008|0000000741494259              |20220521|154428|005|676|0|30300036|130010011|130759503|1|20220521|150019|8001091|20220521|161158|8001269|1|1250|0|      |20220521|20220521|0603|2022-06-01 07:02:43
306010|0000000675196978              |20220521|163701|023|675|0|30300149|130810001|130753619|1|20220521|160049|8007549|20220521|165521|8001296|1|1250|0|      |20220521|20220521|0603|2022-06-01 07:02:43
306012|0000000768023573              |20220521|082535|013|675|0|30300095|130010011|130759525|1|20220521|054042|8001263|20220521|083201|8002508|1|1250|0|      |20220521|20220521|0603|2022-06-01 07:02:43
306014|0000000665347879              |20220521|094500|025|675|0|30300079|130010009|130759120|1|20220521|090111|8001365|20220521|095118|8002317|1|1250|0|      |20220521|20220521|0603|2022-06-01 07:02:43
306016|0000000764458925              |20220521|102725|022|676|0|30300039|130010005|130759212|1|20220521|084808|8002398|20220521|103129|8002721|1|1250|0|      |20220521|20220521|0603|2022-06-01 07:02:43
306018|0000000903394363              |20220521|184426|009|679|0|30300063|130010001|130759748|1|20220521|175948|8002457|20220521|190610|8001863|1|1250|0|      |20220521|20220521|0603|2022-06-01 07:02:43
306020|0000000742389993              |20220521|201042|006|675|0|30300046|130010002|130752312|1|20220521|194318|8002376|20220521|204325|8001025|1|1250|0|      |20220521|20220521|0603|2022-06-01 07:02:43
306022|0000000776720303              |20220521|170048|003|675|0|30300049|130010004|130752248|1|20220521|155647|8001494|20220521|172333|8002696|1|1250|0|      |20220521|20220521|0603|2022-06-01 07:02:43
306024|0000000742172365              |20220521|181705|013|674|0|30300002|130010007|130759304|1|20220521|172720|8001744|20220521|182542|8002259|1|1250|0|      |20220521|20220521|0603|2022-06-01 07:02:43
306458|0000000607436834              |20220521|161108|014|675|0|30300049|130010004|130752232|1|20220521|160923|9003016|20220521|163606|8001929|1|1250|0|      |20220521|20220521|0603|2022-06-01 07:02:43
306460|0000000909836392              |20220521|091400|031|676|0|30300087|130010015|130759631|1|20220521|060321|8001951|20220521|092327|8001494|1|1250|0|      |20220521|20220521|0603|2022-06-01 07:02:43
306462|0000000776971277              |20220521|094103|020|676|0|30300068|130010006|130752030|1|20220521|090511|8002790|20220521|095448|8002994|1|1250|0|      |20220521|20220521|0603|2022-06-01 07:02:43
306464|0000000740282591              |20220521|111110|029|676|0|30300073|130010009|130759122|1|20220521|054556|8002822|20220521|112159|8003054|1|1250|0|      |20220521|20220521|0603|2022-06-01 07:02:43
306466|0000000724487523              |20220521|184718|008|676|0|30300041|130010012|130753318|1|20220521|184503|8005991|20220521|190705|8007325|1|1250|0|      |20220521|20220521|0603|2022-06-01 07:02:43
306468|0000000760493667              |20220521|193320|008|675|0|30300094|130010014|130753616|1|20220521|185823|8002954|20220521|200056|8005516|1|1250|0|      |20220521|20220521|0603|2022-06-01 07:02:43
306470|0000000668943909              |20220521|200454|019|676|0|30300071|130010009|130759144|1|20220521|111831|8006006|20220521|203423|8001791|1|1250|0|      |20220521|20220521|0603|2022-06-01 07:02:43
306472|0000000661455617              |20220521|203059|005|676|0|30300130|130010008|130752149|1|20220521|200637|8007360|20220521|205622|8001929|1|1250|0|      |20220521|20220521|0603|2022-06-01 07:02:43
306474|0000000910409931              |20220521|165528|008|675|0|30300108|130010007|130759339|1|20220521|164754|8070046|20220521|170647|8001273|1|1250|0|      |20220521|20220521|0603|2022-06-01 07:02:43
306476|0000000656761578              |20220521|170806|020|676|0|30300038|130010014|130753508|1|20220521|170550|8002920|20220521|171349|8002973|1|1250|0|      |20220521|20220521|0603|2022-06-01 07:02:43
306478|0000000718082451              |20220521|172833|022|674|0|30300002|130010007|130759310|1|20220521|162623|8001994|20220521|173611|8005994|1|1250|0|      |20220521|20220521|0603|2022-06-01 07:02:43
306480|0000000741371227              |20220521|221925|026|675|0|30300047|130010001|130759430|1|20220521|221516|8001193|20220521|222157|8002721|1|1250|0|      |20220521|20220521|0603|2022-06-01 07:02:43
306482|0000000669037517              |20220521|223430|029|675|0|30300108|130010007|130759371|1|20220521|222946|8002721|20220521|225621|8002053|1|1250|0|      |20220521|20220521|0603|2022-06-01 07:02:43
306484|0000000908182250              |20220521|210658|018|675|0|30300079|130010009|130759120|1|20220521|140812|8002802|20220521|211107|8002724|1|1250|0|      |20220521|20220521|0603|2022-06-01 07:02:43
306892|0000000691998127              |20220521|135612|001|674|0|30300100|130010002|130752381|1|20220521|135010|8001915|~       |      |~      |1|1250|0|      |20220521|~       |0603|2022-06-01 07:02:43
306894|0000000186497068              |20220521|095406|012|676|1|30300089|130010011|130759574|1|20220521|092437|8001631|~       |      |~      |1|0|0|      |20220521|~       |0603|2022-06-01 07:02:43
306896|0000000400114752              |20220521|093231|004|674|1|30300100|130010002|130752359|1|20220521|090215|8001934|~       |      |~      |1|0|0|      |20220521|~       |0603|2022-06-01 07:02:43
306898|0000000400155261              |20220521|064431|003|676|0|30300071|130010009|130759102|1|20220521|061740|8001409|~       |      |~      |1|1250|0|      |20220521|~       |0603|2022-06-01 07:02:43
306900|0000000793407690              |20220521|080630|024|676|0|30300089|130010011|130759573|1|20220521|074103|8001631|~       |      |~      |1|1250|0|      |20220521|~       |0603|2022-06-01 07:02:43
306902|0000000789623369              |20220521|074414|001|676|0|30300089|130010011|130759518|1|20220521|065328|8002532|~       |      |~      |1|1250|0|      |20220521|~       |0603|2022-06-01 07:02:43
306904|0000000699655562              |20220521|100034|006|674|0|30300100|130010002|130752344|1|20220521|095316|8001915|~       |      |~      |1|1250|0|      |20220521|~       |0603|2022-06-01 07:02:43
306906|0000000785352623              |20220521|144918|014|674|0|30300100|130010002|130752348|1|20220521|144453|8002351|~       |      |~      |1|1250|0|      |20220521|~       |0603|2022-06-01 07:02:43
306908|0000000789518900              |20220521|141630|004|676|0|30300089|130010011|130759578|4|20220521|103552|8001477|~       |      |~      |1|750|0|      |20220521|~       |0603|2022-06-01 07:02:43
307872|0000000742734923              |20220521|190744|026|675|0|30300080|130010009|130759130|1|20220521|142705|8001560|20220521|191718|8001420|1|1250|0|      |20220521|20220521|0603|2022-06-01 07:02:43
307874|0000000673891108              |20220521|194505|025|676|0|30300041|130010012|130753304|1|20220521|165459|8002411|20220521|195853|8070030|1|1250|0|      |20220521|20220521|0603|2022-06-01 07:02:43
307876|0000000903161548              |20220521|201642|019|680|0|30300007|130010002|130752316|1|20220521|200821|8002542|20220521|201746|8001011|1|1250|0|      |20220521|20220521|0603|2022-06-01 07:02:43
307878|0000000732466426              |20220521|170351|002|675|0|30300080|130010009|130759154|1|20220521|160607|8001460|20220521|172358|8007268|1|1250|0|      |20220521|20220521|0603|2022-06-01 07:02:43
307880|0000000750321155              |20220521|170157|004|675|0|30300056|130010012|130753317|1|20220521|163847|8001596|20220521|173044|8001494|1|1250|0|      |20220521|20220521|0603|2022-06-01 07:02:43
307882|0000000908223570              |20220521|175636|007|680|0|30300052|130010006|130752025|1|20220521|160947|8007254|20220521|180946|8005158|1|1250|0|      |20220521|20220521|0603|2022-06-01 07:02:43
307884|0000000745820243              |20220521|180502|011|675|0|30300061|130010015|130759647|1|20220521|172429|8002796|20220521|182902|8001366|1|1250|0|      |20220521|20220521|0603|2022-06-01 07:02:43
307886|0000000743638449              |20220521|184346|031|675|0|30300080|130010009|130759108|1|20220521|174245|8001560|20220521|185358|8001420|1|1250|0|      |20220521|20220521|0603|2022-06-01 07:02:43
307888|0000000724709709              |20220521|221751|023|675|0|30300045|130010006|130752012|1|20220521|181700|8003070|20220521|224544|8001058|1|1250|0|      |20220521|20220521|0603|2022-06-01 07:02:43
308295|0000000653358841              |20220521|145306|023|676|0|30300086|130010013|130759874|1|20220521|140830|8001721|20220521|150322|8001534|1|1250|0|      |20220521|20220521|0603|2022-06-01 07:02:43
308297|0000000909158603              |20220521|143541|023|675|0|30300144|130010012|130753379|1|20220521|140616|8002101|20220521|145850|8005994|1|1250|0|      |20220521|20220521|0603|2022-06-01 07:02:43
308299|0000000748224920              |20220521|153022|008|676|0|30300040|130010013|130759834|1|20220521|140115|8002843|20220521|153708|8001036|1|1250|0|      |20220521|20220521|0603|2022-06-01 07:02:43
308301|0000000714524918              |20220521|161501|009|674|0|30300104|130010002|130752303|1|20220521|151052|8001426|20220521|162245|8005996|1|1250|0|      |20220521|20220521|0603|2022-06-01 07:02:43
308303|0000000725905131              |20220521|093358|010|674|0|30300100|130010002|130752383|1|20220521|092906|8001348|20220521|095141|8001715|1|1250|0|      |20220521|20220521|0603|2022-06-01 07:02:43
308305|0000000900602437              |20220521|073015|030|675|0|30300127|130010004|130752245|1|20220521|063510|8007283|20220521|073621|8001081|1|1250|0|      |20220521|20220521|0603|2022-06-01 07:02:43
308307|0000000742933750              |20220521|071338|019|676|0|30300041|130010012|130753310|1|20220521|064815|8001061|20220521|073152|8002650|1|1250|0|      |20220521|20220521|0603|2022-06-01 07:02:43
308309|0000000719070705              |20220521|092749|010|676|0|30300041|130010012|130753370|1|20220521|090005|8001287|20220521|093828|8002851|1|1250|0|      |20220521|20220521|0603|2022-06-01 07:02:43
308311|0000000751305177              |20220521|195659|005|675|0|30300058|130010004|130752202|1|20220521|194008|8002915|20220521|202809|8001418|1|1250|0|      |20220521|20220521|0603|2022-06-01 07:02:43
308313|0000000716640203              |20220521|171530|006|676|0|30300051|130010008|130752126|1|20220521|161011|8002629|20220521|173501|8001097|1|1250|0|      |20220521|20220521|0603|2022-06-01 07:02:43
308315|0000000732534282              |20220521|175832|006|675|0|30300055|130010014|130753208|1|20220521|171503|8002635|20220521|181450|8001032|1|1250|0|      |20220521|20220521|0603|2022-06-01 07:02:43
308317|0000000743601435              |20220521|172350|005|675|0|30300055|130010014|130753208|1|20220521|171503|8002764|20220521|174745|8002602|1|1250|0|      |20220521|20220521|0603|2022-06-01 07:02:43
308319|0000000722046904              |20220521|220839|017|675|0|30300053|130010002|130752385|1|20220521|204452|8002276|20220521|223331|8001786|1|1250|0|      |20220521|20220521|0603|2022-06-01 07:02:43
308321|0000000908412205              |20220521|211846|022|675|0|30300055|130010014|130753221|1|20220521|151405|8002686|20220521|212414|8001934|1|1250|0|      |20220521|20220521|0603|2022-06-01 07:02:43
308728|0000000723569973              |20220521|211220|009|675|0|30300062|130010008|130752705|1|20220521|210241|8001922|20220521|212733|8001587|1|1250|0|      |20220521|20220521|0603|2022-06-01 07:02:43
308730|0000000724584014              |20220521|120416|007|676|0|30300038|130010014|130753502|1|20220521|113329|8001058|20220521|121040|8002914|1|1250|0|      |20220521|20220521|0603|2022-06-01 07:02:43
308732|0000000741074446              |20220521|122136|030|675|0|30300060|130010014|130753245|1|20220521|055100|8005585|20220521|123940|8001868|1|1250|0|      |20220521|20220521|0603|2022-06-01 07:02:43
308734|0000000743392936              |20220521|122605|004|675|0|30300080|130010009|130759103|1|20220521|113526|8001745|20220521|130244|8002357|1|1250|0|      |20220521|20220521|0603|2022-06-01 07:02:43
308736|0000000725345255              |20220521|124129|005|676|0|30300087|130010015|130759679|1|20220521|123404|8002133|20220521|132108|8002969|1|1250|0|      |20220521|20220521|0603|2022-06-01 07:02:43
308738|0000000769582755              |20220521|131354|030|675|0|30300064|130010015|130759642|1|20220521|053726|8001358|20220521|133253|8001527|1|1250|0|      |20220521|20220521|0603|2022-06-01 07:02:43
308740|0000000741791226              |20220521|140633|024|676|0|30300087|130010015|130759614|1|20220521|132346|8002088|20220521|141451|8001576|1|1250|0|      |20220521|20220521|0603|2022-06-01 07:02:43
308742|0000000764569984              |20220521|142303|004|676|0|30300071|130010009|130759176|1|20220521|140552|8001183|20220521|143104|8002468|1|1250|0|      |20220521|20220521|0603|2022-06-01 07:02:43
308744|0000000676348842              |20220521|143826|018|675|0|30300061|130010015|130759617|1|20220521|134148|8002878|20220521|145552|8001647|1|1250|0|      |20220521|20220521|0603|2022-06-01 07:02:43
308746|0000000743314330              |20220521|144521|002|675|0|30300079|130010009|130759113|1|20220521|051836|8001744|20220521|144704|8001536|1|1250|0|      |20220521|20220521|0603|2022-06-01 07:02:43
308748|0000000909135038              |20220521|064642|013|675|0|30300062|130010008|130752721|1|20220521|062454|8002794|20220521|070224|8002453|1|1250|0|      |20220521|20220521|0603|2022-06-01 07:02:43
308750|0000000769699055              |20220521|101722|004|676|0|30300071|130010009|130759107|1|20220521|090050|8001074|20220521|101911|8002453|1|1250|0|      |20220521|20220521|0603|2022-06-01 07:02:43
308752|0000000743521569              |20220521|063703|005|676|0|30300131|130010008|130752722|1|20220521|062724|8007396|20220521|070731|8002814|1|1250|0|      |20220521|20220521|0603|2022-06-01 07:02:43
309159|0000000769638705              |20220521|222405|027|675|0|30300149|130810001|130753619|1|20220521|215811|8007549|20220521|224646|8002961|1|1250|0|      |20220521|20220521|0603|2022-06-01 07:02:43
311217|0000001110206027              |20220521|193247|008|676|0|30300072|130010001|130759432|1|20220521|191607|8001412|20220521|194548|8001036|1|1250|0|      |20220521|20220521|0603|2022-06-01 07:02:44
311219|0000000791081031              |20220521|180946|017|675|0|30300058|130010004|130752266|1|20220521|162806|8001418|20220521|182535|8002946|1|1250|0|      |20220521|20220521|0603|2022-06-01 07:02:44
311221|0000000792809228              |20220521|222753|005|674|0|30300100|130010002|130752362|1|20220521|214305|8001412|20220521|224326|8001715|1|1250|0|      |20220521|20220521|0603|2022-06-01 07:02:44
311223|0000000488680268              |20220521|203552|018|674|1|30300100|130010002|130752508|1|20220521|202619|8001412|20220521|210134|8002542|1|0|0|      |20220521|20220521|0603|2022-06-01 07:02:44
311225|0000000692184291              |20220521|123305|006|679|1|30300063|130010001|130759406|1|20220521|095611|8001412|20220521|123741|8001090|1|0|0|      |20220521|20220521|0603|2022-06-01 07:02:44
311227|0000000698374588              |20220521|130959|030|679|0|30300063|130010001|130759474|1|20220521|115150|8001412|20220521|131847|8003022|1|1250|0|      |20220521|20220521|0603|2022-06-01 07:02:44
311229|0000000789435275              |20220521|132918|009|676|0|30300072|130010001|130759483|1|20220521|130944|8001412|20220521|142224|8001059|1|1250|0|      |20220521|20220521|0603|2022-06-01 07:02:44
311231|0000000486028322              |20220521|133031|009|674|1|30300002|130010007|130759324|1|20220521|130235|8001418|20220521|142133|8002910|1|0|0|      |20220521|20220521|0603|2022-06-01 07:02:44
311233|0000000694298746              |20220521|093251|006|674|1|30300002|130010007|130759326|1|20220521|091238|8001418|20220521|095304|8001536|1|0|0|      |20220521|20220521|0603|2022-06-01 07:02:44
311235|0000000400211441              |20220521|065505|005|678|0|30300074|130110001|130745012|1|20220519|142459|8001412|20220521|070314|8007220|1|1250|0|      |20220521|20220521|0603|2022-06-01 07:02:44
311237|0000000695490316              |20220521|110135|003|675|0|30300055|130010014|130753249|1|20220521|101337|8001412|20220521|111155|8002888|1|1250|0|      |20220521|20220521|0603|2022-06-01 07:02:44
304111|0000000699975648              |20220521|113109|006|676|0|30300131|130010008|130752722|1|20220521|062724|8001289|~       |      |~      |1|1250|0|      |20220521|~       |0603|2022-06-01 07:02:44
304113|0000000788247302              |20220521|114301|017|676|1|30300073|130010009|130759122|1|20220521|054556|8002076|~       |      |~      |1|0|0|      |20220521|~       |0603|2022-06-01 07:02:44
304115|0000000692497005              |20220521|165843|010|675|0|30300075|130010005|130759211|1|20220521|152952|8002296|~       |      |~      |1|1250|0|      |20220521|~       |0603|2022-06-01 07:02:44
304117|0000000796488633              |20220521|191119|005|676|0|30300036|130010012|130753311|1|20220521|152846|8001206|~       |      |~      |1|1250|0|      |20220521|~       |0603|2022-06-01 07:02:44
304119|0000000788482224              |20220521|202727|013|675|0|30300066|130010015|130759687|1|20220521|202120|8001280|~       |      |~      |2|2500|0|      |20220521|~       |0603|2022-06-01 07:02:44
304121|0000000786709299              |20220521|182045|023|676|0|30300036|130010011|130759520|1|20220521|141524|8001949|~       |      |~      |1|1250|0|      |20220521|~       |0603|2022-06-01 07:02:44
304123|0000000788979972              |20220521|122103|006|675|0|30300078|130010008|130752170|1|20220521|102512|8002235|~       |      |~      |1|1250|0|      |20220521|~       |0603|2022-06-01 07:02:44
304125|0000000699835253              |20220521|123009|012|675|0|30300078|130010008|130752164|1|20220521|120735|8007274|~       |      |~      |1|1250|0|      |20220521|~       |0603|2022-06-01 07:02:44
304127|0000000695725191              |20220521|130957|031|678|0|30300074|130010014|130753226|1|20220521|121822|8001796|~       |      |~      |1|1250|0|      |20220521|~       |0603|2022-06-01 07:02:44
304129|0000000792866428              |20220521|084625|001|676|1|30300036|130010011|130759510|1|20220521|065603|8002279|~       |      |~      |1|0|0|      |20220521|~       |0603|2022-06-01 07:02:44
304131|0000000788571768              |20220521|065349|026|675|1|30300078|130010008|130752168|1|20220521|064237|8002733|~       |      |~      |1|0|0|      |20220521|~       |0603|2022-06-01 07:02:44
304133|0000001110113300              |20220521|083732|005|678|0|30300074|130010014|130753222|1|20220521|063219|8002695|~       |      |~      |1|1250|0|      |20220521|~       |0603|2022-06-01 07:02:44
304135|0000000400150652              |20220521|090020|024|678|0|30300074|130010014|130753226|1|20220521|083104|8001879|~       |      |~      |1|1250|0|      |20220521|~       |0603|2022-06-01 07:02:44
304137|0000000788491414              |20220521|081358|007|675|0|30300060|130010014|130753244|1|20220521|052720|8001949|~       |      |~      |1|1250|0|      |20220521|~       |0603|2022-06-01 07:02:44
304139|0000000400199121              |20220521|103252|007|675|0|30300083|130010001|130759722|1|20220521|095936|8001666|~       |      |~      |1|1250|0|      |20220521|~       |0603|2022-06-01 07:02:44
304556|0000000400157998              |20220521|215109|010|676|3|30300070|130010004|130752254|1|20220521|204100|8002286|20220521|215503|8001379|1|0|0|      |20220521|20220521|0603|2022-06-01 07:02:44
304558|0000000694524111              |20220521|070627|001|676|1|30300036|130010012|130753301|1|20220521|061709|8001273|20220521|071154|8001680|1|0|0|      |20220521|20220521|0603|2022-06-01 07:02:44
304560|0000000400199355              |20220521|080340|003|675|0|30300059|130010004|130752217|1|20220521|075228|8001849|20220521|082305|8002279|1|1250|0|      |20220521|20220521|0603|2022-06-01 07:02:44
304562|0000000695751242              |20220521|100556|009|675|0|30300053|130010002|130752376|1|20220521|092516|8002966|20220521|101528|8002279|1|1250|0|      |20220521|20220521|0603|2022-06-01 07:02:44
304564|0000000694524111              |20220521|115346|002|677|1|30300129|130010009|130759163|1|20220521|113332|8007342|20220521|120310|8001677|1|0|300|      |20220521|20220521|0603|2022-06-01 07:02:44
304566|0000000789428705              |20220521|144003|020|676|0|30300051|130010008|130752108|1|20220521|140457|8002547|20220521|145501|8001934|1|1250|0|      |20220521|20220521|0603|2022-06-01 07:02:44
304568|0000000400199355              |20220521|215155|004|675|1|30300059|130010004|130752217|1|20220521|205133|8002468|20220521|221713|8001850|1|0|0|      |20220521|20220521|0603|2022-06-01 07:02:44
304570|0000000695670163              |20220521|122942|011|677|1|30300129|130010009|130759164|1|20220521|115722|8001677|20220521|123434|8007161|1|0|0|      |20220521|20220521|0603|2022-06-01 07:02:44
304572|0000000400098835              |20220521|133924|003|675|0|30300064|130010015|130759626|1|20220521|131214|8002484|20220521|134209|8002482|1|1250|0|      |20220521|20220521|0603|2022-06-01 07:02:44
304574|0000000400098835              |20220521|134510|003|679|1|30300063|130010001|130759774|1|20220521|124219|8002482|20220521|135353|8001872|1|0|0|      |20220521|20220521|0603|2022-06-01 07:02:44
304576|0000000400098835              |20220521|093004|002|675|2|30300067|130010001|130759473|1|20220521|084539|8002635|20220521|093435|8002480|1|0|0|      |20220521|20220521|0603|2022-06-01 07:02:44
318228|0000000726044922              |20220521|171432|006|832|0|30300128|130710001|130759919|1|20220521|053033|8007412|20220521|180259|8007053|1|1700|300|      |20220521|20220521|0603|2022-06-01 07:03:04
318230|0000000904721322              |20220521|171336|002|832|0|30300128|130710001|130759919|2|20220521|053033|8007412|20220521|180453|3056003|1|700|300|      |20220521|20220521|0603|2022-06-01 07:03:04
318232|0000000725334448              |20220521|172210|029|832|0|30300128|130710001|130759919|1|20220521|053033|8007275|20220521|180445|3056003|1|1700|300|      |20220521|20220521|0603|2022-06-01 07:03:04
318234|0000000751726209              |20220521|175856|005|832|1|30300128|130710001|130759919|1|20220521|053033|3053005|20220521|182304|8007055|1|300|300|      |20220521|20220521|0603|2022-06-01 07:03:04
312235|0000000774160805              |20220521|181103|028|675|0|30300055|130010014|130753211|1|20220521|155933|8001667|20220521|181757|8001927|1|1250|0|      |20220521|20220521|0603|2022-06-01 07:03:04
312237|0000000904970523              |20220521|180020|026|675|0|30300055|130010014|130753249|1|20220521|173340|8002893|20220521|185836|8001847|1|1250|0|      |20220521|20220521|0603|2022-06-01 07:03:04
312239|0000000742169960              |20220521|204612|014|676|0|30300131|130010008|130752707|1|20220521|202440|8001079|20220521|210713|8002453|1|1250|0|      |20220521|20220521|0603|2022-06-01 07:03:04
312241|0000000700383928              |20220521|213348|030|675|0|30300059|130010004|130752274|1|20220521|210630|8001931|20220521|214727|8002453|1|1250|0|      |20220521|20220521|0603|2022-06-01 07:03:04
312243|0000000900887539              |20220521|222318|024|675|0|30300055|130010014|130753263|1|20220521|212619|8001987|20220521|223441|8002259|1|1250|0|      |20220521|20220521|0603|2022-06-01 07:03:04
312245|0000000903257261              |20220521|222444|007|675|0|30300082|130010001|130759471|1|20220521|220806|8001275|20220521|223635|8001929|1|1250|0|      |20220521|20220521|0603|2022-06-01 07:03:04
312247|0000000641049216              |20220521|120358|018|674|0|30300002|130010007|130759306|1|20220521|091815|8002132|20220521|122046|8001782|1|1250|0|      |20220521|20220521|0603|2022-06-01 07:03:04
312249|0000000766676398              |20220521|123508|012|676|0|30300087|130010008|130752159|1|20220521|115741|8001949|20220521|123952|8002453|1|1250|0|      |20220521|20220521|0603|2022-06-01 07:03:04
312251|0000000903012473              |20220521|122755|011|674|0|30300002|130010007|130759333|1|20220521|121331|8003020|20220521|130924|8001096|1|1250|0|      |20220521|20220521|0603|2022-06-01 07:03:04
312253|0000000761040998              |20220521|131140|006|674|0|30300002|130010007|130759326|1|20220521|130143|8002251|20220521|131631|8002437|1|1250|0|      |20220521|20220521|0603|2022-06-01 07:03:04
312255|0000000726244789              |20220521|131243|003|674|0|30300002|130010007|130759306|1|20220521|130522|8001794|20220521|140332|8001096|1|1250|0|      |20220521|20220521|0603|2022-06-01 07:03:04
312257|0000000904470114              |20220521|131610|024|675|0|30300055|130010014|130753267|1|20220521|121936|8002894|20220521|132927|8002038|1|1250|0|      |20220521|20220521|0603|2022-06-01 07:03:04
312259|0000000746680584              |20220521|111405|010|675|0|30300055|130010014|130753261|1|20220521|105004|8002063|20220521|114257|8002631|1|1250|0|      |20220521|20220521|0603|2022-06-01 07:03:04
312261|0000000903342237              |20220521|111453|005|675|0|30300053|130010002|130752386|1|20220521|102616|8002543|20220521|114248|8002453|1|1250|0|      |20220521|20220521|0603|2022-06-01 07:03:04
312641|0000001110440928              |20220521|161936|007|675|0|30300058|130010004|130752222|4|20220521|160746|8002705|20220521|163932|8001927|1|750|0|      |20220521|20220521|0603|2022-06-01 07:03:04
312643|0000000400208755              |20220521|183537|015|676|1|30300051|130010008|130752107|1|20220521|175731|8001489|20220521|185821|8001418|1|0|0|      |20220521|20220521|0603|2022-06-01 07:03:04
312645|0000000400175868              |20220521|201153|004|676|0|30300051|130010008|130752126|1|20220521|193217|8002434|20220521|201823|8002733|1|1250|0|      |20220521|20220521|0603|2022-06-01 07:03:04
312647|0000000482123729              |20220521|180807|010|676|1|30300089|130010011|130759578|1|20220521|151155|8002159|20220521|180921|8002814|1|0|0|      |20220521|20220521|0603|2022-06-01 07:03:04
312649|0000000693274193              |20220521|114808|006|676|0|30300041|130010012|130753303|1|20220521|092506|8002703|20220521|121455|8002721|1|1250|0|      |20220521|20220521|0603|2022-06-01 07:03:04
312651|0000000791409139              |20220521|120859|010|675|0|30300053|130010002|130752398|1|20220521|114825|8001785|20220521|125121|8002814|1|1250|0|      |20220521|20220521|0603|2022-06-01 07:03:04
312653|0000000476363812              |20220521|133209|028|675|0|30300048|130010006|130759010|1|20220521|122535|8001063|20220521|133633|8002814|1|1250|0|      |20220521|20220521|0603|2022-06-01 07:03:04
312655|0000000400207573              |20220521|080915|009|676|0|30300038|130010014|130753272|1|20220521|073242|8001133|20220521|082352|8002733|1|1250|0|      |20220521|20220521|0603|2022-06-01 07:03:04
312657|0000000698893176              |20220521|084043|007|676|0|30300038|130010014|130753506|1|20220521|082335|8002392|20220521|091159|8002733|1|1250|0|      |20220521|20220521|0603|2022-06-01 07:03:04
312659|0000000400106226              |20220521|184809|021|676|0|30300038|130010014|130753201|1|20220521|153833|8002914|20220521|191308|8001414|1|1250|0|      |20220521|20220521|0603|2022-06-01 07:03:04
312661|0000000792223301              |20220521|173156|005|676|0|30300087|130010008|130752159|1|20220521|160709|8002139|20220521|173802|8002134|2|2500|0|      |20220521|20220521|0603|2022-06-01 07:03:04
312663|0000000400096795              |20220521|115455|030|676|0|30300038|130010014|130753257|1|20220521|110757|8002779|20220521|121614|8001414|1|1250|0|      |20220521|20220521|0603|2022-06-01 07:03:04
312665|0000000785682981              |20220521|121659|005|675|0|30300055|130010014|130753251|1|20220521|063742|8001895|20220521|125116|8001414|1|1250|0|      |20220521|20220521|0603|2022-06-01 07:03:04
313045|0000001110376489              |20220521|132237|006|675|0|30300081|130010011|130759570|1|20220521|085348|8001058|20220521|133511|8001959|1|1250|0|      |20220521|20220521|0603|2022-06-01 07:03:04
313047|0000000400157369              |20220521|141700|012|676|1|30300071|130010009|130759147|1|20220521|131109|8001659|20220521|142321|8001670|1|0|0|      |20220521|20220521|0603|2022-06-01 07:03:04
313049|0000000788718434              |20220521|094342|023|676|1|30300071|130010009|130759176|1|20220521|091315|8001991|20220521|094640|8001624|1|0|0|      |20220521|20220521|0603|2022-06-01 07:03:04
313051|0000000783337329              |20220521|084608|023|676|0|30300071|130010009|130759146|1|20220521|080618|8001359|20220521|091040|8001182|1|1250|0|      |20220521|20220521|0603|2022-06-01 07:03:04
313053|0000000698975941              |20220521|110032|031|675|0|30300047|130010001|130759723|1|20220521|103427|8070018|20220521|110534|8002547|1|1250|0|      |20220521|20220521|0603|2022-06-01 07:03:04
313055|0000000694964944              |20220521|111444|024|676|0|30300090|130010005|130759205|1|20220521|102437|8001655|20220521|112707|8003006|1|1250|0|      |20220521|20220521|0603|2022-06-01 07:03:04
317869|0000000764637777              |20220521|153910|001|832|1|30300128|130710001|130759932|1|20220521|113942|8007275|20220521|162101|3056003|1|450|300|      |20220521|20220521|0603|2022-06-01 07:03:04
317871|0000000747601487              |20220521|160300|002|832|1|30300128|130710001|130759932|1|20220521|113942|8007293|20220521|163848|8007055|1|300|300|      |20220521|20220521|0603|2022-06-01 07:03:04
317873|0000000666403387              |20220521|161714|019|832|0|30300128|130710001|130759932|1|20220521|113942|3062006|20220521|163842|8007055|1|1700|300|      |20220521|20220521|0603|2022-06-01 07:03:04
317875|0000000776738921              |20220521|161925|002|832|1|30300128|130710001|130759932|1|20220521|113942|8007053|20220521|163844|8007055|1|300|300|      |20220521|20220521|0603|2022-06-01 07:03:04
317877|0000000767592579              |20220521|153115|007|832|1|30300128|130710001|130759932|1|20220521|113942|8007412|20220521|162308|3014014|1|450|300|      |20220521|20220521|0603|2022-06-01 07:03:04
317879|0000000744912150              |20220521|194120|002|677|1|30300129|130010009|130759143|1|20220521|125636|8005906|20220521|195637|8007349|1|0|300|      |20220521|20220521|0603|2022-06-01 07:03:04
317881|0000000740884998              |20220521|205113|028|677|2|30300129|130010009|130759179|1|20220521|201941|8005906|20220521|210154|8007343|1|0|300|      |20220521|20220521|0603|2022-06-01 07:03:04
318399|0000000764497560              |20220521|165955|023|832|1|30300128|130710001|130759918|1|20220521|052020|8007412|20220521|174440|3054003|1|450|300|      |20220521|20220521|0603|2022-06-01 07:03:04
318401|0000000743115616              |20220521|170547|001|832|1|30300128|130710001|130759918|1|20220521|052020|8007273|20220521|174024|8007052|1|450|300|      |20220521|20220521|0603|2022-06-01 07:03:04
318403|0000000751479849              |20220521|171145|003|832|1|30300128|130710001|130759918|1|20220521|052020|8007288|20220521|174247|3053005|1|450|300|      |20220521|20220521|0603|2022-06-01 07:03:04
318405|0000000724082937              |20220521|172139|010|832|0|30300128|130710001|130759918|1|20220521|052020|8007289|20220521|173507|8007295|1|1700|300|      |20220521|20220521|0603|2022-06-01 07:03:04
318407|0000000717626077              |20220521|172143|014|832|1|30300128|130710001|130759918|1|20220521|052020|8007289|20220521|174253|3053005|1|450|300|      |20220521|20220521|0603|2022-06-01 07:03:04
318409|0000000755717024              |20220521|173339|031|832|0|30300128|130710001|130759918|1|20220521|052020|8007293|20220521|180915|8007055|1|1700|300|      |20220521|20220521|0603|2022-06-01 07:03:04
318411|0000000908479257              |20220521|173519|002|832|0|30300128|130710001|130759918|1|20220521|052020|8007295|20220521|180919|8007055|1|1700|300|      |20220521|20220521|0603|2022-06-01 07:03:04
318413|0000000678935918              |20220521|174809|010|832|0|30300128|130710001|130759918|1|20220521|052020|8007053|20220521|180922|8007055|1|1700|300|      |20220521|20220521|0603|2022-06-01 07:03:04
318415|0000000755856319              |20220521|181859|009|832|0|30300128|130710001|130759918|1|20220521|052020|9007055|20220521|183708|8007493|1|1700|300|      |20220521|20220521|0603|2022-06-01 07:03:04
318417|0000000678935918              |20220521|181909|011|832|0|30300128|130710001|130759918|1|20220521|052020|9007055|20220521|184108|3062007|1|1700|300|      |20220521|20220521|0603|2022-06-01 07:03:04
318419|0000000757542008              |20220521|111607|005|832|1|30300128|130710001|130759918|1|20220521|052020|3056002|20220521|120036|8007280|1|300|300|      |20220521|20220521|0603|2022-06-01 07:03:04
318421|0000000661415558              |20220521|111745|030|832|1|30300128|130710001|130759918|1|20220521|052020|8007080|20220521|121428|8001420|1|300|300|      |20220521|20220521|0603|2022-06-01 07:03:04
318423|0000000903010647              |20220521|111520|017|832|1|30300128|130710001|130759918|1|20220521|052020|3056002|20220521|121448|8001420|1|300|300|      |20220521|20220521|0603|2022-06-01 07:03:04
312316|0000000400204072              |20220521|083626|013|675|0|30300053|130010002|130752385|1|20220521|081026|8001029|20220521|090023|8002279|1|1250|0|      |20220521|20220521|0603|2022-06-01 07:03:04
312318|0000000695632098              |20220521|090457|016|675|0|30300055|130010014|130753208|1|20220521|080805|8002734|20220521|091657|8002926|1|1250|0|      |20220521|20220521|0603|2022-06-01 07:03:04
312320|0000000699975720              |20220521|094913|021|675|0|30300053|130010002|130752378|1|20220521|091117|8001491|20220521|101459|8002554|1|1250|0|      |20220521|20220521|0603|2022-06-01 07:03:04
312322|0000000698188529              |20220521|113305|022|675|0|30300053|130010002|130752319|1|20220521|110008|8001029|20220521|115349|8001736|1|1250|0|      |20220521|20220521|0603|2022-06-01 07:03:04
312324|0000000488126181              |20220521|114628|017|676|1|30300051|130010008|130752153|1|20220521|111529|8002734|20220521|121203|8001079|1|0|0|      |20220521|20220521|0603|2022-06-01 07:03:04
312326|0000000400094516              |20220521|163307|007|676|0|30300090|130010005|130759205|1|20220521|151921|8002411|20220521|164236|8007554|1|1250|0|      |20220521|20220521|0603|2022-06-01 07:03:04
312328|0000000400214014              |20220521|190744|006|676|1|30300087|130010008|130752150|1|20220521|175209|8002119|20220521|191425|8002551|1|0|0|      |20220521|20220521|0603|2022-06-01 07:03:04
312330|0000000785373531              |20220521|164422|029|675|0|30300047|130010001|130759430|1|20220521|163306|8002411|20220521|172227|8001851|1|1250|0|      |20220521|20220521|0603|2022-06-01 07:03:04
312332|0000000482123729              |20220521|181551|010|676|2|30300087|130010015|130759641|1|20220521|172300|8006006|20220521|182105|8002758|1|0|0|      |20220521|20220521|0603|2022-06-01 07:03:04
312334|0000000791408938              |20220521|213804|006|676|0|30300087|130010015|130759631|1|20220521|195239|8006006|20220521|215259|8002965|1|1250|0|      |20220521|20220521|0603|2022-06-01 07:03:04
312336|0000000783414642              |20220521|122155|013|675|0|30300060|130010014|130753522|1|20220521|113749|8006006|20220521|122751|8002758|1|1250|0|      |20220521|20220521|0603|2022-06-01 07:03:04
312338|0000000694604299              |20220521|124747|012|675|1|30300059|130010004|130752270|1|20220521|114608|8006006|20220521|131233|8001355|1|0|0|      |20220521|20220521|0603|2022-06-01 07:03:04
312340|0000001118469009              |20220521|131956|006|675|0|30300067|130010001|130759777|1|20220521|123339|8001529|20220521|133903|8001251|1|1250|0|      |20220521|20220521|0603|2022-06-01 07:03:04
312342|0000000186833575              |20220521|085054|006|675|1|30300079|130010009|130759171|1|20220521|080102|8002119|20220521|085538|8002551|1|0|0|      |20220521|20220521|0603|2022-06-01 07:03:04
312722|0000000400116536              |20220521|075950|019|678|1|30300074|130110001|130745026|1|20220521|055840|8001876|20220521|081921|8001447|1|0|0|      |20220521|20220521|0603|2022-06-01 07:03:04
312724|0000001110278297              |20220521|081546|017|676|0|30300089|130010011|130759518|1|20220521|065328|8002702|20220521|083038|8001876|1|1250|0|      |20220521|20220521|0603|2022-06-01 07:03:04
312726|0000000400197772              |20220521|100102|009|675|0|30300078|130010008|130752165|1|20220521|093426|8007270|20220521|100155|8001876|1|1250|0|      |20220521|20220521|0603|2022-06-01 07:03:04
317093|0000000608253873              |20220521|123351|007|676|0|30300086|130010013|130759806|1|20220521|120737|8001479|20220521|124331|8002093|1|1250|0|      |20220521|20220521|0603|2022-06-01 07:03:04
317504|0000000748426808              |20220521|055620|013|832|1|30300128|130710001|130759918|1|20220521|052020|8007275|20220521|063219|3053005|1|450|300|      |20220521|20220521|0603|2022-06-01 07:03:04
317506|0000000777149609              |20220521|060027|008|832|1|30300128|130710001|130759918|1|20220521|052020|8007288|20220521|063921|3056003|1|450|300|      |20220521|20220521|0603|2022-06-01 07:03:04
317508|0000000607645305              |20220521|072851|017|832|1|30300128|130710001|130759918|1|20220521|052020|3056002|20220521|081056|8007280|1|300|300|      |20220521|20220521|0603|2022-06-01 07:03:04
317510|0000000716428954              |20220521|072845|017|832|0|30300128|130710001|130759918|1|20220521|052020|3056002|20220521|075942|8007290|1|1700|300|      |20220521|20220521|0603|2022-06-01 07:03:04
317512|0000000769214655              |20220521|073139|017|832|0|30300128|130710001|130759918|1|20220521|052020|3062007|20220521|081603|8007274|1|1700|300|      |20220521|20220521|0603|2022-06-01 07:03:04
317514|0000000770913268              |20220521|074437|013|832|0|30300128|130710001|130759918|1|20220521|052020|8007294|20220521|081104|8007280|1|1700|300|      |20220521|20220521|0603|2022-06-01 07:03:04
317516|0000000900458752              |20220521|074445|009|832|0|30300128|130710001|130759918|1|20220521|052020|8007294|20220521|081003|8007280|1|1700|300|      |20220521|20220521|0603|2022-06-01 07:03:04
317518|0000000903422210              |20220521|074539|015|832|1|30300128|130710001|130759918|1|20220521|052020|8007294|20220521|081058|8007280|1|300|300|      |20220521|20220521|0603|2022-06-01 07:03:04
317520|0000000720069215              |20220521|093005|016|832|1|30300128|130710001|130759918|1|20220521|052020|8007412|20220521|101641|3062006|1|450|300|      |20220521|20220521|0603|2022-06-01 07:03:04
317522|0000000727421554              |20220521|093011|016|832|0|30300128|130710001|130759918|1|20220521|052020|8007412|20220521|101234|8007052|1|1700|300|      |20220521|20220521|0603|2022-06-01 07:03:04
317524|0000000909298099              |20220521|055028|011|832|0|30300128|130710001|130759918|1|20220521|052020|8007269|20220521|062351|8007293|1|1700|300|      |20220521|20220521|0603|2022-06-01 07:03:04
317526|0000000612543569              |20220521|054623|002|832|0|30300128|130710001|130759918|1|20220521|052020|8007412|20220521|063518|3062006|1|1700|300|      |20220521|20220521|0603|2022-06-01 07:03:04
317528|0000000906751283              |20220521|073308|012|832|0|30300128|130710001|130759918|1|20220521|052020|3062004|20220521|075906|8007290|1|1700|300|      |20220521|20220521|0603|2022-06-01 07:03:04
317530|0000000779934888              |20220521|092949|006|832|1|30300128|130710001|130759918|1|20220521|052020|8007412|20220521|100530|8007293|1|450|300|      |20220521|20220521|0603|2022-06-01 07:03:04
317937|0000000757677152              |20220521|111835|018|681|0|30300042|130010009|130759165|1|20220521|111753|8005104|20220521|114403|8001596|1|1250|250|      |20220521|20220521|0603|2022-06-01 07:03:04
317939|0000000774262141              |20220521|140758|003|680|0|30300052|130010006|130752019|1|20220521|134701|8005116|20220521|144018|8001118|1|1250|250|      |20220521|20220521|0603|2022-06-01 07:03:04
317941|0000000904251973              |20220521|075605|017|681|0|30300042|130010009|130759181|1|20220521|071228|8002403|20220521|081711|9005104|1|1250|250|      |20220521|20220521|0603|2022-06-01 07:03:04
317943|0000000762115804              |20220521|065613|017|681|1|30300042|130010009|130759140|1|20220521|061700|8002403|20220521|071900|8005104|1|0|250|      |20220521|20220521|0603|2022-06-01 07:03:04
317945|0000000669319456              |20220521|134023|002|681|0|30300042|130010009|130759151|1|20220521|125435|8003032|20220521|141157|9005104|1|1250|250|      |20220521|20220521|0603|2022-06-01 07:03:04
317947|0000000671859080              |20220521|135737|012|678|0|30300074|130010014|130753217|1|20220521|135400|8005032|20220521|143222|8002357|1|1250|450|      |20220521|20220521|0603|2022-06-01 07:03:04
317949|0000000704193214              |20220521|160250|004|680|1|30300052|130010002|130752329|1|20220521|150733|8001914|20220521|162659|8005085|1|0|250|      |20220521|20220521|0603|2022-06-01 07:03:04
317951|0000000715035491              |20220521|053653|003|680|0|30300052|130010002|130752329|1|20220521|053644|9005188|20220521|061727|8001081|1|1250|250|      |20220521|20220521|0603|2022-06-01 07:03:04
317953|0000000672702380              |20220521|083702|016|678|0|30300074|130010014|130753226|1|20220521|083104|8005032|20220521|091702|8001412|1|1250|450|      |20220521|20220521|0603|2022-06-01 07:03:04
317955|0000000703879392              |20220521|083834|003|680|0|30300052|130010002|130752322|1|20220521|065158|8005123|20220521|091622|8001081|1|1250|250|      |20220521|20220521|0603|2022-06-01 07:03:04
317957|0000000703418856              |20220521|091650|001|681|1|30300042|130010009|130759136|1|20220521|084815|8002279|20220521|101530|8005104|1|0|250|      |20220521|20220521|0603|2022-06-01 07:03:04
317959|0000000728442346              |20220521|100134|006|681|1|30300042|130010009|130759165|1|20220521|095343|8002630|20220521|111737|9005104|1|0|250|      |20220521|20220521|0603|2022-06-01 07:03:04
317961|0000000750008560              |20220521|084854|021|681|0|30300042|130010009|130759125|1|20220521|080807|8002382|20220521|093216|9005104|1|1250|250|      |20220521|20220521|0603|2022-06-01 07:03:04
318317|0000000755280772              |20220521|151348|018|832|0|30300128|130710001|130759919|1|20220521|053033|3056002|20220521|160149|8007272|1|1700|300|      |20220521|20220521|0603|2022-06-01 07:03:04
318319|0000000716023821              |20220521|153131|031|832|0|30300128|130710001|130759919|1|20220521|053033|8007294|20220521|155722|8007280|1|1700|300|      |20220521|20220521|0603|2022-06-01 07:03:04
318321|0000000701041373              |20220521|151327|003|832|0|30300128|130710001|130759919|1|20220521|053033|3056002|20220521|160714|8001420|1|1700|300|      |20220521|20220521|0603|2022-06-01 07:03:04
318323|0000000733912398              |20220521|151333|017|832|0|30300128|130710001|130759919|1|20220521|053033|3056002|20220521|160752|8001420|1|1700|300|      |20220521|20220521|0603|2022-06-01 07:03:04
318325|0000000743515346              |20220521|152745|011|832|0|30300128|130710001|130759919|1|20220521|053033|8007298|20220521|160758|8001420|1|1700|300|      |20220521|20220521|0603|2022-06-01 07:03:04
318327|0000000756164421              |20220521|152923|016|832|0|30300128|130710001|130759919|1|20220521|053033|8007296|20220521|160811|8001420|1|1700|300|      |20220521|20220521|0603|2022-06-01 07:03:04
318329|0000000653035850              |20220521|152930|008|832|0|30300128|130710001|130759919|1|20220521|053033|8007296|20220521|160815|8001420|1|1700|300|      |20220521|20220521|0603|2022-06-01 07:03:04
318331|0000000707353147              |20220521|153123|025|832|0|30300128|130710001|130759919|1|20220521|053033|8007294|20220521|160804|8001420|1|1700|300|      |20220521|20220521|0603|2022-06-01 07:03:04
318333|0000000722202805              |20220521|064404|030|832|0|30300128|130710001|130759919|1|20220521|053033|8007400|20220521|071438|8007055|1|1700|300|      |20220521|20220521|0603|2022-06-01 07:03:04
315442|0000000695445920              |20220521|210309|002|676|0|30300039|130010005|130759267|1|20220521|202751|8001182|20220521|211325|8002721|1|1250|0|      |20220521|20220521|0603|2022-06-01 07:03:04
315444|0000000698019198              |20220521|123255|001|675|0|30300064|130010015|130759670|1|20220521|061601|8001625|20220521|124829|8002635|1|1250|0|      |20220521|20220521|0603|2022-06-01 07:03:04
315446|0000000699684819              |20220521|122954|015|676|1|30300036|130010012|130753302|1|20220521|122407|8001681|20220521|130036|8001425|1|0|0|      |20220521|20220521|0603|2022-06-01 07:03:04
315853|0000000795901260              |20220521|092229|030|675|3|30300049|130010004|130752232|1|20220521|070215|8001277|20220521|094810|8003032|1|0|0|      |20220521|20220521|0603|2022-06-01 07:03:04
315855|0000000695540751              |20220521|064841|001|675|0|30300055|130010014|130753211|1|20220521|062824|8001667|20220521|065506|8001934|1|1250|0|      |20220521|20220521|0603|2022-06-01 07:03:04
315857|0000000795901260              |20220521|075047|030|676|0|30300036|130010012|130753372|1|20220521|053111|8001596|20220521|080842|8001587|1|1250|0|      |20220521|20220521|0603|2022-06-01 07:03:04
315859|0000000695696907              |20220521|113405|028|675|2|30300148|130010001|130759419|1|20220521|111346|8001929|20220521|114102|8001539|1|0|0|      |20220521|20220521|0603|2022-06-01 07:03:04
315861|0000000681331975              |20220521|133709|018|832|1|30300128|130710001|130759932|1|20220521|113942|8007057|20220521|142656|8001420|1|300|300|      |20220521|20220521|0603|2022-06-01 07:03:04
315863|0000000796036621              |20220521|192845|012|677|0|30300129|130010009|130759109|1|20220521|145937|8007350|20220521|195416|8007208|1|1250|300|      |20220521|20220521|0603|2022-06-01 07:03:04
315865|0000000695304285              |20220521|170512|014|675|0|30300060|130010014|130753245|1|20220521|161541|8002338|20220521|172544|8002462|1|1250|0|      |20220521|20220521|0603|2022-06-01 07:03:04
315868|0000000698746818              |20220521|203852|002|674|0|30300104|130010002|130752333|1|20220521|202057|8001056|20220521|210141|8001028|1|1250|0|      |20220521|20220521|0603|2022-06-01 07:03:04
315870|0000000400121395              |20220521|223347|030|681|0|30300042|130010009|130759136|1|20220521|143559|8005272|20220521|223544|8005104|1|1250|250|      |20220521|20220521|0603|2022-06-01 07:03:04
315872|0000000791576634              |20220521|135625|025|675|0|30300056|130010012|130753317|1|20220521|131010|8001707|20220521|140531|8001482|1|1250|0|      |20220521|20220521|0603|2022-06-01 07:03:04
315874|0000000692148534              |20220521|063826|023|678|1|30300074|130010014|130753216|1|20220521|062330|8001876|20220521|072139|8005033|1|0|450|      |20220521|20220521|0603|2022-06-01 07:03:04
315876|0000000783465752              |20220521|072623|027|678|1|30300074|130010014|130753248|1|20220521|064932|8002634|20220521|075734|8005037|1|0|450|      |20220521|20220521|0603|2022-06-01 07:03:04
315878|0000000400164860              |20220521|094148|005|676|1|30300090|130010005|130759206|1|20220521|092230|8002100|20220521|102333|8002411|1|0|0|      |20220521|20220521|0603|2022-06-01 07:03:04
316285|0000000691051984              |20220521|163026|005|676|0|30300068|130010006|130752052|1|20220521|090737|8002231|20220521|164132|8001097|1|1250|0|      |20220521|20220521|0603|2022-06-01 07:03:04
316287|0000000699336457              |20220521|213209|007|674|0|30300002|130010007|130759334|1|20220521|195631|8001964|20220521|213716|8002833|1|1250|0|      |20220521|20220521|0603|2022-06-01 07:03:04
316289|0000000784907633              |20220521|122002|002|676|2|30300037|130010006|130759023|1|20220521|111546|8002984|20220521|122142|8002377|1|0|0|      |20220521|20220521|0603|2022-06-01 07:03:04
316291|0000000400152902              |20220521|141612|010|675|0|30300108|130010007|130759371|1|20220521|140129|8002401|20220521|142444|8007321|1|1250|0|      |20220521|20220521|0603|2022-06-01 07:03:04
316293|0000001110165863              |20220521|111320|026|675|1|30300067|130010001|130759777|1|20220521|084523|8002356|20220521|111446|8002480|1|0|0|      |20220521|20220521|0603|2022-06-01 07:03:04
316295|0000000685222627              |20220521|094705|012|675|1|30300058|130010004|130752292|1|20220521|091617|8001419|20220521|095708|8001929|1|0|0|      |20220521|20220521|0603|2022-06-01 07:03:04
316297|0000000693631825              |20220521|062138|001|681|0|30300042|130010009|130759125|1|20220521|053702|9005104|20220521|064733|8001590|1|1250|250|      |20220521|20220521|0603|2022-06-01 07:03:04
316299|0000000697790576              |20220521|071438|031|675|0|30300055|130010014|130753211|1|20220521|062824|8001445|20220521|073919|8002259|1|1250|0|      |20220521|20220521|0603|2022-06-01 07:03:04
316301|0000000685222627              |20220521|093119|012|674|0|30300002|130010007|130759334|1|20220521|084035|8002609|20220521|094609|8001419|1|1250|0|      |20220521|20220521|0603|2022-06-01 07:03:04
316303|0000001110165863              |20220521|110011|026|675|0|30300064|130010015|130759623|1|20220521|104607|8002729|20220521|110808|8002356|1|1250|0|      |20220521|20220521|0603|2022-06-01 07:03:04
316305|0000000691688262              |20220521|075705|027|675|0|30300094|130010014|130753609|1|20220521|074117|8005950|20220521|075921|8007549|1|1250|0|      |20220521|20220521|0603|2022-06-01 07:03:04
316307|0000000486299801              |20220521|090051|020|675|0|30300095|130010011|130759530|1|20220521|051954|8001498|20220521|090343|8002276|1|1250|0|      |20220521|20220521|0603|2022-06-01 07:03:04
316309|0000000684544265              |20220521|101504|014|676|0|30300088|130010002|130752361|1|20220521|100736|8005859|20220521|111915|8001586|1|1250|0|      |20220521|20220521|0603|2022-06-01 07:03:04
316311|0000000486414769              |20220521|111346|022|682|2|30300029|130010012|130753375|1|20220521|105655|8002823|20220521|113343|8001174|1|0|0|      |20220521|20220521|0603|2022-06-01 07:03:04
316718|0000000783355502              |20220521|112231|016|680|2|30300052|130010002|130752322|1|20220521|103447|8001083|20220521|114358|8005109|1|0|0|      |20220521|20220521|0603|2022-06-01 07:03:04
316720|0000000699388371              |20220521|143604|008|675|0|30300066|130010015|130759606|1|20220521|134601|8001539|20220521|144110|8001484|1|1250|0|      |20220521|20220521|0603|2022-06-01 07:03:04
316722|0000000793133525              |20220521|183737|003|676|0|30300071|130010009|130759105|1|20220521|133154|8001922|20220521|191236|8001464|1|1250|0|      |20220521|20220521|0603|2022-06-01 07:03:04
316724|0000000487181708              |20220521|191548|029|675|0|30300061|130010015|130759612|1|20220521|182658|8002942|20220521|192423|8001993|1|1250|0|      |20220521|20220521|0603|2022-06-01 07:03:04
316726|0000000699742562              |20220521|194756|005|677|1|30300129|130010009|130759109|1|20220521|145937|8001677|20220521|195026|8007161|1|0|0|      |20220521|20220521|0603|2022-06-01 07:03:04
316728|0000000400209737              |20220521|175502|005|674|0|30300100|130010002|130752348|1|20220521|174700|8001529|20220521|182509|8001028|1|1250|0|      |20220521|20220521|0603|2022-06-01 07:03:04
316730|0000000790323056              |20220521|181922|001|675|0|30300047|130010001|130759408|1|20220521|175817|8002542|20220521|185031|8002997|1|1250|0|      |20220521|20220521|0603|2022-06-01 07:03:04
313798|0000000773372836              |20220521|082035|025|676|0|30300036|130010011|130759501|1|20220521|060712|8002722|20220521|082620|8001273|1|1250|0|      |20220521|20220521|0603|2022-06-01 07:03:04
313800|0000000777129359              |20220521|191149|015|676|0|30300041|130010012|130753312|1|20220521|183131|8001076|20220521|193859|8001097|1|1250|0|      |20220521|20220521|0603|2022-06-01 07:03:04
314207|0000000724726243              |20220521|225056|031|675|0|30300057|130010001|130759755|1|20220521|222832|8001414|20220521|225931|8001670|1|1250|0|      |20220521|20220521|0603|2022-06-01 07:03:04
314209|0000000755027568              |20220521|213528|012|674|0|30300002|130010007|130759310|1|20220521|202419|8002252|20220521|214115|8002981|1|1250|0|      |20220521|20220521|0603|2022-06-01 07:03:04
314211|0000000726684309              |20220521|120945|004|675|0|30300046|130010002|130752366|1|20220521|110734|8001273|20220521|122734|8001676|1|1250|0|      |20220521|20220521|0603|2022-06-01 07:03:04
314213|0000000773784146              |20220521|122604|006|675|0|30300096|130010006|130752026|1|20220521|120408|8002535|20220521|125113|8002935|1|1250|0|      |20220521|20220521|0603|2022-06-01 07:03:04
314215|0000000777923646              |20220521|131727|016|675|0|30300055|130010014|130753265|1|20220521|130525|8001848|20220521|133604|8002733|1|1250|0|      |20220521|20220521|0603|2022-06-01 07:03:04
314217|0000000744358507              |20220521|111049|024|678|0|30300074|130010014|130753217|1|20220521|103300|8002149|20220521|114526|8002951|1|1250|0|      |20220521|20220521|0603|2022-06-01 07:03:04
314219|0000000743487292              |20220521|150216|006|674|0|30300002|130010007|130759322|1|20220521|142621|8002131|20220521|152420|8002464|1|1250|0|      |20220521|20220521|0603|2022-06-01 07:03:04
314221|0000000742880375              |20220521|160516|016|676|0|30300043|130010015|130759632|1|20220521|155332|8002350|20220521|161450|8001790|1|1250|0|      |20220521|20220521|0603|2022-06-01 07:03:04
314223|0000000748825665              |20220521|084141|006|675|0|30300059|130010004|130752274|1|20220521|081419|8001931|20220521|085502|8002453|1|1250|0|      |20220521|20220521|0603|2022-06-01 07:03:04
314225|0000000709730362              |20220521|085621|017|674|0|30300002|130010007|130759308|1|20220521|083502|8002131|20220521|091226|8002093|1|1250|0|      |20220521|20220521|0603|2022-06-01 07:03:04
314227|0000000773288930              |20220521|084005|008|674|0|30300100|130010002|130752506|1|20220521|083435|8001915|20220521|085052|8001029|1|1250|0|      |20220521|20220521|0603|2022-06-01 07:03:04
314229|0000000671297956              |20220521|091845|006|674|0|30300002|130010007|130759311|1|20220521|065330|8002050|20220521|093719|8002133|1|1250|0|      |20220521|20220521|0603|2022-06-01 07:03:04
314231|0000000742069424              |20220521|090533|003|676|0|30300051|130010008|130752103|1|20220521|084633|8002330|20220521|091242|8001929|1|1250|0|      |20220521|20220521|0603|2022-06-01 07:03:04
314638|0000000776233652              |20220521|142950|016|676|0|30300040|130010007|130759366|1|20220521|141805|8001096|20220521|145915|8001091|1|1250|0|      |20220521|20220521|0603|2022-06-01 07:03:04
314640|0000000745884602              |20220521|152936|007|675|0|30300056|130010012|130753325|1|20220521|142126|8001812|20220521|160430|8002831|1|1250|0|      |20220521|20220521|0603|2022-06-01 07:03:04
314642|0000000718859290              |20220521|160056|026|674|0|30300100|130010002|130752383|1|20220521|152545|8001927|20220521|160949|8002629|1|1250|0|      |20220521|20220521|0603|2022-06-01 07:03:04
314644|0000000911205444              |20220521|161443|025|675|0|30300049|130010004|130752240|1|20220521|153840|8001425|20220521|162221|8001057|1|1250|0|      |20220521|20220521|0603|2022-06-01 07:03:04
314646|0000000776301037              |20220521|160621|017|678|0|30300074|130110001|130745026|1|20220521|144030|8001096|20220521|161951|8002972|1|1250|0|      |20220521|20220521|0603|2022-06-01 07:03:04
314648|0000000721542844              |20220521|164815|009|675|0|30300047|130010001|130759408|1|20220521|161329|8002547|20220521|165616|8001851|1|1250|0|      |20220521|20220521|0603|2022-06-01 07:03:04
314650|0000000674578143              |20220521|073530|028|674|0|30300002|130010007|130759313|1|20220521|054203|8001418|20220521|074215|8001097|1|1250|0|      |20220521|20220521|0603|2022-06-01 07:03:04
314652|0000000602830190              |20220521|094921|015|675|0|30300064|130010015|130759644|1|20220521|061141|8001625|20220521|095446|8002437|1|1250|0|      |20220521|20220521|0603|2022-06-01 07:03:04
314654|0000000631032608              |20220521|095908|031|675|0|30300046|130010002|130752366|1|20220521|073025|8001028|20220521|100956|8001290|1|1250|0|      |20220521|20220521|0603|2022-06-01 07:03:04
314656|0000000903339691              |20220521|083115|027|675|0|30300045|130010006|130752048|1|20220521|080813|8001710|20220521|084516|8002960|1|1250|0|      |20220521|20220521|0603|2022-06-01 07:03:04
314658|0000000741579166              |20220521|195150|025|676|0|30300130|130010008|130752140|1|20220521|191716|8002437|20220521|200155|8002487|1|1250|0|      |20220521|20220521|0603|2022-06-01 07:03:04
314660|0000000773847407              |20220521|193912|008|676|0|30300071|130010009|130759135|1|20220521|142004|8001587|20220521|195807|8002252|1|1250|0|      |20220521|20220521|0603|2022-06-01 07:03:04
314662|0000000777084889              |20220521|201320|014|676|0|30300051|130010008|130752128|1|20220521|194511|8002454|20220521|202553|8002432|1|1250|0|      |20220521|20220521|0603|2022-06-01 07:03:04
314664|0000000703708240              |20220521|164920|010|675|0|30300075|130010005|130759222|1|20220521|162256|8002616|20220521|165605|8002607|1|1250|0|      |20220521|20220521|0603|2022-06-01 07:03:04
315071|0000000788442807              |20220521|145832|002|676|1|30300087|130010015|130759679|1|20220521|141920|8001074|20220521|154014|8001839|1|0|0|      |20220521|20220521|0603|2022-06-01 07:03:04
315073|0000001118111179              |20220521|151828|006|832|0|30300128|130710001|130759925|1|20220521|142528|3062006|20220521|154212|8007055|1|1700|300|      |20220521|20220521|0603|2022-06-01 07:03:04
315075|0000001110434464              |20220521|160322|027|675|0|30300080|130010009|130759145|1|20220521|153836|8001097|20220521|161538|8001985|1|1250|0|      |20220521|20220521|0603|2022-06-01 07:03:04
315077|0000000698025203              |20220521|170321|027|675|0|30300046|130010002|130752305|1|20220521|153822|8005857|20220521|171334|8007208|1|1250|0|      |20220521|20220521|0603|2022-06-01 07:03:04
315079|0000000780087164              |20220521|175120|029|676|1|30300071|130010009|130759176|1|20220521|173719|8001183|20220521|180116|8001078|1|0|0|      |20220521|20220521|0603|2022-06-01 07:03:04
315081|0000000686427447              |20220521|205804|001|675|0|30300077|130010006|130759018|1|20220521|155831|8001528|20220521|213409|8002754|1|1250|0|      |20220521|20220521|0603|2022-06-01 07:03:04
315083|0000000795072378              |20220521|213650|007|675|0|30300058|130010004|130752251|1|20220521|200441|8001085|20220521|214455|8001528|1|1250|0|      |20220521|20220521|0603|2022-06-01 07:03:04
315085|0000000789400579              |20220521|121810|001|676|0|30300054|130010007|130759384|1|20220521|113906|8001567|20220521|123003|8002202|1|1250|0|      |20220521|20220521|0603|2022-06-01 07:03:04
320933|0000000756609428              |20220521|131954|022|676|1|30300054|130010007|130759358|1|20220521|124410|8002453|~       |      |~      |1|0|0|      |20220521|~       |0603|2022-06-01 07:03:04
321387|0000000909951257              |20220521|061357|009|675|0|30300062|130010008|130752162|1|20220521|055934|8001668|~       |      |~      |1|1250|0|      |20220521|~       |0603|2022-06-01 07:03:04
321389|0000000741114680              |20220521|070100|004|676|0|30300131|130010008|130752116|1|20220521|063038|8007282|~       |      |~      |1|1250|0|      |20220521|~       |0603|2022-06-01 07:03:04
321391|0000000743472198              |20220521|071630|013|675|0|30300141|130010001|130759472|1|20220521|055253|8007413|~       |      |~      |1|1250|0|      |20220521|~       |0603|2022-06-01 07:03:04
321393|0000000909955004              |20220521|080753|031|675|1|30300084|130010001|130759756|1|20220521|054755|8002888|~       |      |~      |1|0|0|      |20220521|~       |0603|2022-06-01 07:03:04
321395|0000000735813783              |20220521|053917|027|674|0|30300104|130010002|130752341|1|20220521|052542|8001081|~       |      |~      |1|1250|0|      |20220521|~       |0603|2022-06-01 07:03:04
321397|0000000756844574              |20220521|084323|002|675|1|30300082|130010001|130759471|1|20220521|080137|8002803|~       |      |~      |1|0|0|      |20220521|~       |0603|2022-06-01 07:03:04
321399|0000000631666427              |20220521|094349|016|674|0|30300104|130010002|130752341|1|20220521|093538|8001960|~       |      |~      |1|1250|0|      |20220521|~       |0603|2022-06-01 07:03:04
321401|0000000755287743              |20220521|185247|030|676|0|30300131|130010008|130752707|1|20220521|185015|8002087|~       |      |~      |1|1250|0|      |20220521|~       |0603|2022-06-01 07:03:04
321403|0000000918251978              |20220521|203144|020|680|0|30300052|130010006|130752019|1|20220521|200446|8007042|~       |      |~      |1|1250|0|      |20220521|~       |0603|2022-06-01 07:03:04
321405|0000000658951238              |20220521|171741|024|675|0|30300079|130010009|130759148|1|20220521|162303|8001996|~       |      |~      |1|1250|0|      |20220521|~       |0603|2022-06-01 07:03:04
321407|0000000609640542              |20220521|175921|010|675|0|30300049|130010004|130752248|1|20220521|173659|8001935|~       |      |~      |1|1250|0|      |20220521|~       |0603|2022-06-01 07:03:04
321409|0000000903124236              |20220521|183020|019|675|0|30300080|130010009|130759103|1|20220521|172104|8001560|~       |      |~      |1|1250|0|      |20220521|~       |0603|2022-06-01 07:03:04
321411|0000000749872191              |20220521|205009|030|676|1|30300131|130010008|130752724|1|20220521|204449|8002468|~       |      |~      |1|0|0|      |20220521|~       |0603|2022-06-01 07:03:04
321413|0000000743485783              |20220521|132941|005|681|0|30300042|130010009|130759125|1|20220521|112109|8001063|~       |      |~      |1|1250|0|      |20220521|~       |0603|2022-06-01 07:03:04
321415|0000000709953431              |20220521|133340|014|675|0|30300080|130010009|130759182|1|20220521|121311|8001097|~       |      |~      |1|1250|0|      |20220521|~       |0603|2022-06-01 07:03:04
321866|0000000742523138              |20220521|142236|002|675|0|30300080|130010009|130759145|1|20220521|132533|8001983|20220521|143324|8001096|1|1250|0|      |20220521|20220521|0603|2022-06-01 07:03:04
321868|0000000771440774              |20220521|145722|016|676|0|30300070|130010004|130752254|1|20220521|143927|8002296|20220521|151324|8001412|1|1250|0|      |20220521|20220521|0603|2022-06-01 07:03:04
321870|0000000654647850              |20220521|151713|031|675|0|30300064|130010015|130759638|1|20220521|144851|8003016|20220521|152532|8001412|1|1250|0|      |20220521|20220521|0603|2022-06-01 07:03:04
321872|0000000677826801              |20220521|154957|014|674|0|30300002|130010007|130759326|1|20220521|150308|8002609|20220521|160842|8001419|1|1250|0|      |20220521|20220521|0603|2022-06-01 07:03:04
321874|0000000760680420              |20220521|074018|007|675|0|30300058|130010004|130752222|1|20220521|060409|8002905|20220521|074921|8001419|1|1250|0|      |20220521|20220521|0603|2022-06-01 07:03:04
321876|0000000669223328              |20220521|082951|017|675|0|30300055|130010014|130753251|1|20220521|063742|8002719|20220521|083549|8001927|1|1250|0|      |20220521|20220521|0603|2022-06-01 07:03:04
321878|0000000755314386              |20220521|090838|015|675|0|30300091|130010013|130759828|1|20220521|082805|8002612|20220521|092519|8001419|1|1250|0|      |20220521|20220521|0603|2022-06-01 07:03:04
321880|0000000774492846              |20220521|110106|030|675|0|30300055|130010014|130753234|1|20220521|090829|8002927|20220521|111055|8001934|1|1250|0|      |20220521|20220521|0603|2022-06-01 07:03:04
321882|0000000711132374              |20220521|063905|008|676|0|30300041|130010012|130753332|1|20220521|063100|8001400|20220521|064337|8001096|1|1250|0|      |20220521|20220521|0603|2022-06-01 07:03:04
321884|0000000471097760              |20220521|072717|009|675|0|30300080|130010009|130759154|1|20220521|063710|8001983|20220521|073352|8001096|1|1250|0|      |20220521|20220521|0603|2022-06-01 07:03:04
321886|0000000917953918              |20220521|082735|022|675|0|30300047|130010001|130759430|1|20220521|071805|8002941|20220521|083036|8002721|1|1250|0|      |20220521|20220521|0603|2022-06-01 07:03:04
321888|0000000741685468              |20220521|183808|013|676|0|30300087|130010015|130759622|1|20220521|181758|8001277|20220521|184850|8002279|1|1250|0|      |20220521|20220521|0603|2022-06-01 07:03:04
321890|0000000745702264              |20220521|165448|005|675|0|30300059|130010004|130752246|1|20220521|141258|8001827|20220521|172913|8002814|1|1250|0|      |20220521|20220521|0603|2022-06-01 07:03:04
321892|0000000903874856              |20220521|170945|023|675|0|30300058|130010004|130752295|1|20220521|170912|8001982|20220521|174944|8001929|1|1250|0|      |20220521|20220521|0603|2022-06-01 07:03:04
322299|0000000742199113              |20220521|084822|003|675|0|30300081|130010011|130759571|1|20220521|082728|8001722|20220521|092202|8001057|1|1250|0|      |20220521|20220521|0603|2022-06-01 07:03:04
322301|0000000625614886              |20220521|091817|005|675|0|30300081|130010011|130759570|1|20220521|085348|8002217|20220521|092034|8002100|1|1250|0|      |20220521|20220521|0603|2022-06-01 07:03:04
322303|0000000731937538              |20220521|094923|007|675|0|30300064|130010015|130759644|1|20220521|061141|8001625|20220521|101719|8001834|1|1250|0|      |20220521|20220521|0603|2022-06-01 07:03:04
322305|0000000742789764              |20220521|191953|026|675|0|30300053|130010002|130752394|1|20220521|191304|8002674|20220521|195107|8001736|1|1250|0|      |20220521|20220521|0603|2022-06-01 07:03:04
322307|0000000676228237              |20220521|175955|001|675|0|30300079|130010009|130759118|1|20220521|161059|8002723|20220521|182923|8002317|1|1250|0|      |20220521|20220521|0603|2022-06-01 07:03:04
322309|0000000618378939              |20220521|204924|017|675|0|30300081|130010011|130759570|1|20220521|170657|8001952|20220521|212844|8006007|1|1250|0|      |20220521|20220521|0603|2022-06-01 07:03:04
322311|0000000736147149              |20220521|212911|027|675|0|30300081|130010011|130759582|1|20220521|142117|8002969|20220521|214046|8002917|1|1250|0|      |20220521|20220521|0603|2022-06-01 07:03:04
319122|0000000695088132              |20220521|191451|005|674|0|30300002|130010007|130759324|1|20220521|190543|8002050|20220521|195828|8001096|1|1250|0|      |20220521|20220521|0603|2022-06-01 07:03:04
319124|0000000697839522              |20220521|170649|027|676|1|30300089|130010011|130759521|4|20220521|163720|8001424|20220521|172537|8001556|1|0|0|      |20220521|20220521|0603|2022-06-01 07:03:04
319126|0000000400190633              |20220521|170225|022|676|0|30300038|130010014|130753203|1|20220521|161905|8002734|20220521|172351|8001132|1|1250|0|      |20220521|20220521|0603|2022-06-01 07:03:04
319128|0000000787706770              |20220521|182442|005|676|0|30300041|130010012|130753309|1|20220521|173710|8001076|20220521|190607|8001801|1|1250|0|      |20220521|20220521|0603|2022-06-01 07:03:04
319536|0000000742513404              |20220521|134302|020|676|0|30300040|130010007|130759367|1|20220521|131138|8001074|~       |      |~      |1|1250|0|      |20220521|~       |0603|2022-06-01 07:03:04
319538|0000000730482655              |20220521|145954|015|676|0|30300089|130010011|130759521|1|20220521|140419|8002208|~       |      |~      |1|1250|0|      |20220521|~       |0603|2022-06-01 07:03:04
319540|0000000779675827              |20220521|145357|002|676|0|30300089|130010011|130759527|1|20220521|130122|8001420|~       |      |~      |1|1250|0|      |20220521|~       |0603|2022-06-01 07:03:04
319542|0000000721205510              |20220521|152449|022|676|0|30300089|130010011|130759527|1|20220521|130122|8002649|~       |      |~      |1|1250|0|      |20220521|~       |0603|2022-06-01 07:03:04
319544|0000000777816189              |20220521|163516|002|676|0|30300089|130010011|130759512|1|20220521|145752|8001650|~       |      |~      |1|1250|0|      |20220521|~       |0603|2022-06-01 07:03:04
319546|0000000743358433              |20220521|094029|012|676|0|30300089|130010011|130759577|1|20220521|062443|8005511|~       |      |~      |1|1250|0|      |20220521|~       |0603|2022-06-01 07:03:04
319548|0000000717715867              |20220521|103617|011|676|0|30300040|130010007|130759389|1|20220521|101217|8002157|~       |      |~      |1|1250|0|      |20220521|~       |0603|2022-06-01 07:03:04
319550|0000000747619116              |20220521|191515|002|676|0|30300037|130010006|130752073|1|20220521|164005|8002974|~       |      |~      |1|1250|0|      |20220521|~       |0603|2022-06-01 07:03:04
319552|0000000611337108              |20220521|194028|002|676|0|30300089|130010011|130759574|1|20220521|185152|8005511|~       |      |~      |1|1250|0|      |20220521|~       |0603|2022-06-01 07:03:04
319554|0000000710735586              |20220521|171632|002|676|0|30300089|130010011|130759518|1|20220521|152920|8002207|~       |      |~      |1|1250|0|      |20220521|~       |0603|2022-06-01 07:03:04
319556|0000000670206842              |20220521|173109|011|676|0|30300089|130010011|130759502|1|20220521|170945|8001478|~       |      |~      |1|1250|0|      |20220521|~       |0603|2022-06-01 07:03:04
319558|0000000756276041              |20220521|184013|026|676|0|30300037|130010006|130752073|1|20220521|164005|8002608|~       |      |~      |1|1250|0|      |20220521|~       |0603|2022-06-01 07:03:04
319560|0000000675566961              |20220521|211319|002|676|0|30300089|130010011|130759578|1|20220521|201353|8003048|~       |      |~      |1|1250|0|      |20220521|~       |0603|2022-06-01 07:03:04
319562|0000000903706217              |20220521|215138|002|676|0|30300089|130010011|130759536|1|20220521|203755|8005508|~       |      |~      |1|1250|0|      |20220521|~       |0603|2022-06-01 07:03:04
319564|0000000778674763              |20220521|121208|002|676|0|30300089|130010011|130759575|1|20220521|094557|8002756|~       |      |~      |1|1250|0|      |20220521|~       |0603|2022-06-01 07:03:04
320019|0000000903347832              |20220521|091412|008|675|1|30300062|130010008|130752721|1|20220521|090217|8001852|~       |      |~      |1|0|0|      |20220521|~       |0603|2022-06-01 07:03:04
320021|0000000630676782              |20220521|095734|008|676|0|30300068|130010006|130759026|1|20220521|095421|8002101|~       |      |~      |1|1250|0|      |20220521|~       |0603|2022-06-01 07:03:04
320023|0000000774454323              |20220521|185147|002|675|0|30300050|130010007|130759350|1|20220521|181409|8002735|~       |      |~      |1|1250|0|      |20220521|~       |0603|2022-06-01 07:03:04
320025|0000000725854284              |20220521|192942|029|675|0|30300083|130010001|130759478|1|20220521|185846|8002697|~       |      |~      |1|1250|0|      |20220521|~       |0603|2022-06-01 07:03:04
320027|0000000743062452              |20220521|174918|020|675|0|30300050|130010007|130759348|1|20220521|173702|8001331|~       |      |~      |1|1250|0|      |20220521|~       |0603|2022-06-01 07:03:04
320029|0000000768819483              |20220521|181146|003|675|0|30300050|130010007|130759342|1|20220521|170251|8001273|~       |      |~      |1|1250|0|      |20220521|~       |0603|2022-06-01 07:03:04
320031|0000000736188067              |20220521|224934|023|676|0|30300069|130010001|130759409|1|20220521|223929|8002917|~       |      |~      |1|1250|0|      |20220521|~       |0603|2022-06-01 07:03:04
320033|0000000724273600              |20220521|220611|022|675|0|30300083|130010001|130759478|1|20220521|215208|8002307|~       |      |~      |1|1250|0|      |20220521|~       |0603|2022-06-01 07:03:04
320035|0000000677597605              |20220521|133210|002|675|0|30300083|130010001|130759722|1|20220521|130512|8001488|~       |      |~      |1|1250|0|      |20220521|~       |0603|2022-06-01 07:03:04
320037|0000000607281605              |20220521|135630|004|675|0|30300050|130010007|130759342|1|20220521|133556|8002047|~       |      |~      |1|1250|0|      |20220521|~       |0603|2022-06-01 07:03:04
320039|0000000759655374              |20220521|111005|002|675|1|30300050|130010007|130759370|1|20220521|110521|8002955|~       |      |~      |1|0|0|      |20220521|~       |0603|2022-06-01 07:03:04
320041|0000000662312348              |20220521|141554|004|676|0|30300069|130010001|130759411|1|20220521|134208|8002761|~       |      |~      |1|1250|0|      |20220521|~       |0603|2022-06-01 07:03:04
320043|0000000766100503              |20220521|163511|002|675|0|30300050|130010007|130759348|1|20220521|153723|8002206|~       |      |~      |1|1250|0|      |20220521|~       |0603|2022-06-01 07:03:04
320045|0000000742807934              |20220521|065807|005|676|0|30300068|130010006|130752059|1|20220521|054510|8001543|~       |      |~      |1|1250|0|      |20220521|~       |0603|2022-06-01 07:03:04
320047|0000000660885605              |20220521|084444|007|675|0|30300083|130010001|130759710|1|20220521|083107|8002307|~       |      |~      |1|1250|0|      |20220521|~       |0603|2022-06-01 07:03:04
320508|0000000765912990              |20220521|182645|015|676|0|30300087|130010015|130759636|1|20220521|173806|8002159|~       |      |~      |1|1250|0|      |20220521|~       |0603|2022-06-01 07:03:04
320510|0000000664651911              |20220521|184444|026|675|0|30300060|130010014|130753223|1|20220521|181550|8001954|~       |      |~      |1|1250|0|      |20220521|~       |0603|2022-06-01 07:03:04
320512|0000000771589578              |20220521|184613|001|675|1|30300094|130010014|130753607|1|20220521|180450|8002953|~       |      |~      |2|1250|0|      |20220521|~       |0603|2022-06-01 07:03:04
